order_mode,seed,experiment_name,output_dir,model,optimizer,epochs,batch_size,max_train_examples,learning_rate,momentum,weight_decay,device,deterministic,save_embeddings,epoch,batch_index,global_step,cosine_similarity
fixed_random,2,results_logistic_comparison,results_logistic_comparison,logistic_regression,sgd,10,128,20000,0.05,0.9,0.0005,cuda,False,False,1,1,1,
fixed_random,2,results_logistic_comparison,results_logistic_comparison,logistic_regression,sgd,10,128,20000,0.05,0.9,0.0005,cuda,False,False,1,2,2,0.32326820492744446
fixed_random,2,results_logistic_comparison,results_logistic_comparison,logistic_regression,sgd,10,128,20000,0.05,0.9,0.0005,cuda,False,False,1,3,3,0.1602715253829956
fixed_random,2,results_logistic_comparison,results_logistic_comparison,logistic_regression,sgd,10,128,20000,0.05,0.9,0.0005,cuda,False,False,1,4,4,-0.7050257921218872
fixed_random,2,results_logistic_comparison,results_logistic_comparison,logistic_regression,sgd,10,128,20000,0.05,0.9,0.0005,cuda,False,False,1,5,5,0.897602915763855
fixed_random,2,results_logistic_comparison,results_logistic_comparison,logistic_regression,sgd,10,128,20000,0.05,0.9,0.0005,cuda,False,False,1,6,6,0.06457836180925369
fixed_random,2,results_logistic_comparison,results_logistic_comparison,logistic_regression,sgd,10,128,20000,0.05,0.9,0.0005,cuda,False,False,1,7,7,-0.4495505094528198
fixed_random,2,results_logistic_comparison,results_logistic_comparison,logistic_regression,sgd,10,128,20000,0.05,0.9,0.0005,cuda,False,False,1,8,8,0.8103521466255188
fixed_random,2,results_logistic_comparison,results_logistic_comparison,logistic_regression,sgd,10,128,20000,0.05,0.9,0.0005,cuda,False,False,1,9,9,0.796798050403595
fixed_random,2,results_logistic_comparison,results_logistic_comparison,logistic_regression,sgd,10,128,20000,0.05,0.9,0.0005,cuda,False,False,1,10,10,-0.6825657486915588
fixed_random,2,results_logistic_comparison,results_logistic_comparison,logistic_regression,sgd,10,128,20000,0.05,0.9,0.0005,cuda,False,False,1,11,11,0.7301260828971863
fixed_random,2,results_logistic_comparison,results_logistic_comparison,logistic_regression,sgd,10,128,20000,0.05,0.9,0.0005,cuda,False,False,1,12,12,0.6927222013473511
fixed_random,2,results_logistic_comparison,results_logistic_comparison,logistic_regression,sgd,10,128,20000,0.05,0.9,0.0005,cuda,False,False,1,13,13,-0.4004727303981781
fixed_random,2,results_logistic_comparison,results_logistic_comparison,logistic_regression,sgd,10,128,20000,0.05,0.9,0.0005,cuda,False,False,1,14,14,0.011103857308626175
fixed_random,2,results_logistic_comparison,results_logistic_comparison,logistic_regression,sgd,10,128,20000,0.05,0.9,0.0005,cuda,False,False,1,15,15,0.6529310941696167
fixed_random,2,results_logistic_comparison,results_logistic_comparison,logistic_regression,sgd,10,128,20000,0.05,0.9,0.0005,cuda,False,False,1,16,16,-0.14772355556488037
fixed_random,2,results_logistic_comparison,results_logistic_comparison,logistic_regression,sgd,10,128,20000,0.05,0.9,0.0005,cuda,False,False,1,17,17,0.4788302481174469
fixed_random,2,results_logistic_comparison,results_logistic_comparison,logistic_regression,sgd,10,128,20000,0.05,0.9,0.0005,cuda,False,False,1,18,18,0.27743688225746155
fixed_random,2,results_logistic_comparison,results_logistic_comparison,logistic_regression,sgd,10,128,20000,0.05,0.9,0.0005,cuda,False,False,1,19,19,0.09243836998939514
fixed_random,2,results_logistic_comparison,results_logistic_comparison,logistic_regression,sgd,10,128,20000,0.05,0.9,0.0005,cuda,False,False,1,20,20,-0.2761503756046295
fixed_random,2,results_logistic_comparison,results_logistic_comparison,logistic_regression,sgd,10,128,20000,0.05,0.9,0.0005,cuda,False,False,1,21,21,-0.4816166162490845
fixed_random,2,results_logistic_comparison,results_logistic_comparison,logistic_regression,sgd,10,128,20000,0.05,0.9,0.0005,cuda,False,False,1,22,22,0.7344793677330017
fixed_random,2,results_logistic_comparison,results_logistic_comparison,logistic_regression,sgd,10,128,20000,0.05,0.9,0.0005,cuda,False,False,1,23,23,-0.6346564292907715
fixed_random,2,results_logistic_comparison,results_logistic_comparison,logistic_regression,sgd,10,128,20000,0.05,0.9,0.0005,cuda,False,False,1,24,24,0.7724777460098267
fixed_random,2,results_logistic_comparison,results_logistic_comparison,logistic_regression,sgd,10,128,20000,0.05,0.9,0.0005,cuda,False,False,1,25,25,0.431906521320343
fixed_random,2,results_logistic_comparison,results_logistic_comparison,logistic_regression,sgd,10,128,20000,0.05,0.9,0.0005,cuda,False,False,1,26,26,-0.4635668396949768
fixed_random,2,results_logistic_comparison,results_logistic_comparison,logistic_regression,sgd,10,128,20000,0.05,0.9,0.0005,cuda,False,False,1,27,27,0.3897119462490082
fixed_random,2,results_logistic_comparison,results_logistic_comparison,logistic_regression,sgd,10,128,20000,0.05,0.9,0.0005,cuda,False,False,1,28,28,-0.24724319577217102
fixed_random,2,results_logistic_comparison,results_logistic_comparison,logistic_regression,sgd,10,128,20000,0.05,0.9,0.0005,cuda,False,False,1,29,29,0.08757251501083374
fixed_random,2,results_logistic_comparison,results_logistic_comparison,logistic_regression,sgd,10,128,20000,0.05,0.9,0.0005,cuda,False,False,1,30,30,0.22500351071357727
fixed_random,2,results_logistic_comparison,results_logistic_comparison,logistic_regression,sgd,10,128,20000,0.05,0.9,0.0005,cuda,False,False,1,31,31,0.41760876774787903
fixed_random,2,results_logistic_comparison,results_logistic_comparison,logistic_regression,sgd,10,128,20000,0.05,0.9,0.0005,cuda,False,False,1,32,32,-0.29987263679504395
fixed_random,2,results_logistic_comparison,results_logistic_comparison,logistic_regression,sgd,10,128,20000,0.05,0.9,0.0005,cuda,False,False,1,33,33,0.4917371869087219
fixed_random,2,results_logistic_comparison,results_logistic_comparison,logistic_regression,sgd,10,128,20000,0.05,0.9,0.0005,cuda,False,False,1,34,34,0.5717310309410095
fixed_random,2,results_logistic_comparison,results_logistic_comparison,logistic_regression,sgd,10,128,20000,0.05,0.9,0.0005,cuda,False,False,1,35,35,-0.21670132875442505
fixed_random,2,results_logistic_comparison,results_logistic_comparison,logistic_regression,sgd,10,128,20000,0.05,0.9,0.0005,cuda,False,False,1,36,36,0.7291037440299988
fixed_random,2,results_logistic_comparison,results_logistic_comparison,logistic_regression,sgd,10,128,20000,0.05,0.9,0.0005,cuda,False,False,1,37,37,0.11687026172876358
fixed_random,2,results_logistic_comparison,results_logistic_comparison,logistic_regression,sgd,10,128,20000,0.05,0.9,0.0005,cuda,False,False,1,38,38,-0.13001783192157745
fixed_random,2,results_logistic_comparison,results_logistic_comparison,logistic_regression,sgd,10,128,20000,0.05,0.9,0.0005,cuda,False,False,1,39,39,0.14465710520744324
fixed_random,2,results_logistic_comparison,results_logistic_comparison,logistic_regression,sgd,10,128,20000,0.05,0.9,0.0005,cuda,False,False,1,40,40,-0.24744267761707306
fixed_random,2,results_logistic_comparison,results_logistic_comparison,logistic_regression,sgd,10,128,20000,0.05,0.9,0.0005,cuda,False,False,1,41,41,0.44370460510253906
fixed_random,2,results_logistic_comparison,results_logistic_comparison,logistic_regression,sgd,10,128,20000,0.05,0.9,0.0005,cuda,False,False,1,42,42,-0.23666852712631226
fixed_random,2,results_logistic_comparison,results_logistic_comparison,logistic_regression,sgd,10,128,20000,0.05,0.9,0.0005,cuda,False,False,1,43,43,0.5065015554428101
fixed_random,2,results_logistic_comparison,results_logistic_comparison,logistic_regression,sgd,10,128,20000,0.05,0.9,0.0005,cuda,False,False,1,44,44,0.1963726282119751
fixed_random,2,results_logistic_comparison,results_logistic_comparison,logistic_regression,sgd,10,128,20000,0.05,0.9,0.0005,cuda,False,False,1,45,45,0.5746568441390991
fixed_random,2,results_logistic_comparison,results_logistic_comparison,logistic_regression,sgd,10,128,20000,0.05,0.9,0.0005,cuda,False,False,1,46,46,0.45050904154777527
fixed_random,2,results_logistic_comparison,results_logistic_comparison,logistic_regression,sgd,10,128,20000,0.05,0.9,0.0005,cuda,False,False,1,47,47,0.4508022964000702
fixed_random,2,results_logistic_comparison,results_logistic_comparison,logistic_regression,sgd,10,128,20000,0.05,0.9,0.0005,cuda,False,False,1,48,48,0.07643622159957886
fixed_random,2,results_logistic_comparison,results_logistic_comparison,logistic_regression,sgd,10,128,20000,0.05,0.9,0.0005,cuda,False,False,1,49,49,0.6978943943977356
fixed_random,2,results_logistic_comparison,results_logistic_comparison,logistic_regression,sgd,10,128,20000,0.05,0.9,0.0005,cuda,False,False,1,50,50,0.18898899853229523
fixed_random,2,results_logistic_comparison,results_logistic_comparison,logistic_regression,sgd,10,128,20000,0.05,0.9,0.0005,cuda,False,False,1,51,51,0.6246514320373535
fixed_random,2,results_logistic_comparison,results_logistic_comparison,logistic_regression,sgd,10,128,20000,0.05,0.9,0.0005,cuda,False,False,1,52,52,0.12461572885513306
fixed_random,2,results_logistic_comparison,results_logistic_comparison,logistic_regression,sgd,10,128,20000,0.05,0.9,0.0005,cuda,False,False,1,53,53,0.3031318485736847
fixed_random,2,results_logistic_comparison,results_logistic_comparison,logistic_regression,sgd,10,128,20000,0.05,0.9,0.0005,cuda,False,False,1,54,54,0.4844547510147095
fixed_random,2,results_logistic_comparison,results_logistic_comparison,logistic_regression,sgd,10,128,20000,0.05,0.9,0.0005,cuda,False,False,1,55,55,0.8568113446235657
fixed_random,2,results_logistic_comparison,results_logistic_comparison,logistic_regression,sgd,10,128,20000,0.05,0.9,0.0005,cuda,False,False,1,56,56,-0.509170413017273
fixed_random,2,results_logistic_comparison,results_logistic_comparison,logistic_regression,sgd,10,128,20000,0.05,0.9,0.0005,cuda,False,False,1,57,57,0.5970200300216675
fixed_random,2,results_logistic_comparison,results_logistic_comparison,logistic_regression,sgd,10,128,20000,0.05,0.9,0.0005,cuda,False,False,1,58,58,0.5264002084732056
fixed_random,2,results_logistic_comparison,results_logistic_comparison,logistic_regression,sgd,10,128,20000,0.05,0.9,0.0005,cuda,False,False,1,59,59,-0.1672762632369995
fixed_random,2,results_logistic_comparison,results_logistic_comparison,logistic_regression,sgd,10,128,20000,0.05,0.9,0.0005,cuda,False,False,1,60,60,0.6807286739349365
fixed_random,2,results_logistic_comparison,results_logistic_comparison,logistic_regression,sgd,10,128,20000,0.05,0.9,0.0005,cuda,False,False,1,61,61,-0.35496485233306885
fixed_random,2,results_logistic_comparison,results_logistic_comparison,logistic_regression,sgd,10,128,20000,0.05,0.9,0.0005,cuda,False,False,1,62,62,0.4826900362968445
fixed_random,2,results_logistic_comparison,results_logistic_comparison,logistic_regression,sgd,10,128,20000,0.05,0.9,0.0005,cuda,False,False,1,63,63,-0.04462069272994995
fixed_random,2,results_logistic_comparison,results_logistic_comparison,logistic_regression,sgd,10,128,20000,0.05,0.9,0.0005,cuda,False,False,1,64,64,0.3893964886665344
fixed_random,2,results_logistic_comparison,results_logistic_comparison,logistic_regression,sgd,10,128,20000,0.05,0.9,0.0005,cuda,False,False,1,65,65,-0.3513069450855255
fixed_random,2,results_logistic_comparison,results_logistic_comparison,logistic_regression,sgd,10,128,20000,0.05,0.9,0.0005,cuda,False,False,1,66,66,0.14597156643867493
fixed_random,2,results_logistic_comparison,results_logistic_comparison,logistic_regression,sgd,10,128,20000,0.05,0.9,0.0005,cuda,False,False,1,67,67,0.28442442417144775
fixed_random,2,results_logistic_comparison,results_logistic_comparison,logistic_regression,sgd,10,128,20000,0.05,0.9,0.0005,cuda,False,False,1,68,68,0.7402889132499695
fixed_random,2,results_logistic_comparison,results_logistic_comparison,logistic_regression,sgd,10,128,20000,0.05,0.9,0.0005,cuda,False,False,1,69,69,-0.5735903978347778
fixed_random,2,results_logistic_comparison,results_logistic_comparison,logistic_regression,sgd,10,128,20000,0.05,0.9,0.0005,cuda,False,False,1,70,70,0.6544809341430664
fixed_random,2,results_logistic_comparison,results_logistic_comparison,logistic_regression,sgd,10,128,20000,0.05,0.9,0.0005,cuda,False,False,1,71,71,0.10151699185371399
fixed_random,2,results_logistic_comparison,results_logistic_comparison,logistic_regression,sgd,10,128,20000,0.05,0.9,0.0005,cuda,False,False,1,72,72,0.07760219275951385
fixed_random,2,results_logistic_comparison,results_logistic_comparison,logistic_regression,sgd,10,128,20000,0.05,0.9,0.0005,cuda,False,False,1,73,73,0.7371166348457336
fixed_random,2,results_logistic_comparison,results_logistic_comparison,logistic_regression,sgd,10,128,20000,0.05,0.9,0.0005,cuda,False,False,1,74,74,0.48244595527648926
fixed_random,2,results_logistic_comparison,results_logistic_comparison,logistic_regression,sgd,10,128,20000,0.05,0.9,0.0005,cuda,False,False,1,75,75,-0.23343834280967712
fixed_random,2,results_logistic_comparison,results_logistic_comparison,logistic_regression,sgd,10,128,20000,0.05,0.9,0.0005,cuda,False,False,1,76,76,0.3455880284309387
fixed_random,2,results_logistic_comparison,results_logistic_comparison,logistic_regression,sgd,10,128,20000,0.05,0.9,0.0005,cuda,False,False,1,77,77,-0.061070166528224945
fixed_random,2,results_logistic_comparison,results_logistic_comparison,logistic_regression,sgd,10,128,20000,0.05,0.9,0.0005,cuda,False,False,1,78,78,0.648108720779419
fixed_random,2,results_logistic_comparison,results_logistic_comparison,logistic_regression,sgd,10,128,20000,0.05,0.9,0.0005,cuda,False,False,1,79,79,0.4624323844909668
fixed_random,2,results_logistic_comparison,results_logistic_comparison,logistic_regression,sgd,10,128,20000,0.05,0.9,0.0005,cuda,False,False,1,80,80,-0.004869481548666954
fixed_random,2,results_logistic_comparison,results_logistic_comparison,logistic_regression,sgd,10,128,20000,0.05,0.9,0.0005,cuda,False,False,1,81,81,0.1766034960746765
fixed_random,2,results_logistic_comparison,results_logistic_comparison,logistic_regression,sgd,10,128,20000,0.05,0.9,0.0005,cuda,False,False,1,82,82,0.360289990901947
fixed_random,2,results_logistic_comparison,results_logistic_comparison,logistic_regression,sgd,10,128,20000,0.05,0.9,0.0005,cuda,False,False,1,83,83,-0.26208075881004333
fixed_random,2,results_logistic_comparison,results_logistic_comparison,logistic_regression,sgd,10,128,20000,0.05,0.9,0.0005,cuda,False,False,1,84,84,0.6037044525146484
fixed_random,2,results_logistic_comparison,results_logistic_comparison,logistic_regression,sgd,10,128,20000,0.05,0.9,0.0005,cuda,False,False,1,85,85,0.5989915728569031
fixed_random,2,results_logistic_comparison,results_logistic_comparison,logistic_regression,sgd,10,128,20000,0.05,0.9,0.0005,cuda,False,False,1,86,86,0.05518212541937828
fixed_random,2,results_logistic_comparison,results_logistic_comparison,logistic_regression,sgd,10,128,20000,0.05,0.9,0.0005,cuda,False,False,1,87,87,0.14496338367462158
fixed_random,2,results_logistic_comparison,results_logistic_comparison,logistic_regression,sgd,10,128,20000,0.05,0.9,0.0005,cuda,False,False,1,88,88,0.47468531131744385
fixed_random,2,results_logistic_comparison,results_logistic_comparison,logistic_regression,sgd,10,128,20000,0.05,0.9,0.0005,cuda,False,False,1,89,89,0.4830307066440582
fixed_random,2,results_logistic_comparison,results_logistic_comparison,logistic_regression,sgd,10,128,20000,0.05,0.9,0.0005,cuda,False,False,1,90,90,0.15106387436389923
fixed_random,2,results_logistic_comparison,results_logistic_comparison,logistic_regression,sgd,10,128,20000,0.05,0.9,0.0005,cuda,False,False,1,91,91,0.6375343799591064
fixed_random,2,results_logistic_comparison,results_logistic_comparison,logistic_regression,sgd,10,128,20000,0.05,0.9,0.0005,cuda,False,False,1,92,92,0.2635783553123474
fixed_random,2,results_logistic_comparison,results_logistic_comparison,logistic_regression,sgd,10,128,20000,0.05,0.9,0.0005,cuda,False,False,1,93,93,0.6705836057662964
fixed_random,2,results_logistic_comparison,results_logistic_comparison,logistic_regression,sgd,10,128,20000,0.05,0.9,0.0005,cuda,False,False,1,94,94,-0.16998782753944397
fixed_random,2,results_logistic_comparison,results_logistic_comparison,logistic_regression,sgd,10,128,20000,0.05,0.9,0.0005,cuda,False,False,1,95,95,0.37288156151771545
fixed_random,2,results_logistic_comparison,results_logistic_comparison,logistic_regression,sgd,10,128,20000,0.05,0.9,0.0005,cuda,False,False,1,96,96,0.06571347266435623
fixed_random,2,results_logistic_comparison,results_logistic_comparison,logistic_regression,sgd,10,128,20000,0.05,0.9,0.0005,cuda,False,False,1,97,97,0.6835591197013855
fixed_random,2,results_logistic_comparison,results_logistic_comparison,logistic_regression,sgd,10,128,20000,0.05,0.9,0.0005,cuda,False,False,1,98,98,0.32800859212875366
fixed_random,2,results_logistic_comparison,results_logistic_comparison,logistic_regression,sgd,10,128,20000,0.05,0.9,0.0005,cuda,False,False,1,99,99,0.5948029160499573
fixed_random,2,results_logistic_comparison,results_logistic_comparison,logistic_regression,sgd,10,128,20000,0.05,0.9,0.0005,cuda,False,False,1,100,100,-0.10419675707817078
fixed_random,2,results_logistic_comparison,results_logistic_comparison,logistic_regression,sgd,10,128,20000,0.05,0.9,0.0005,cuda,False,False,1,101,101,0.20223356783390045
fixed_random,2,results_logistic_comparison,results_logistic_comparison,logistic_regression,sgd,10,128,20000,0.05,0.9,0.0005,cuda,False,False,1,102,102,0.6393752098083496
fixed_random,2,results_logistic_comparison,results_logistic_comparison,logistic_regression,sgd,10,128,20000,0.05,0.9,0.0005,cuda,False,False,1,103,103,0.3974571228027344
fixed_random,2,results_logistic_comparison,results_logistic_comparison,logistic_regression,sgd,10,128,20000,0.05,0.9,0.0005,cuda,False,False,1,104,104,0.10283629596233368
fixed_random,2,results_logistic_comparison,results_logistic_comparison,logistic_regression,sgd,10,128,20000,0.05,0.9,0.0005,cuda,False,False,1,105,105,0.1764623075723648
fixed_random,2,results_logistic_comparison,results_logistic_comparison,logistic_regression,sgd,10,128,20000,0.05,0.9,0.0005,cuda,False,False,1,106,106,0.5056829452514648
fixed_random,2,results_logistic_comparison,results_logistic_comparison,logistic_regression,sgd,10,128,20000,0.05,0.9,0.0005,cuda,False,False,1,107,107,-0.3164125978946686
fixed_random,2,results_logistic_comparison,results_logistic_comparison,logistic_regression,sgd,10,128,20000,0.05,0.9,0.0005,cuda,False,False,1,108,108,0.6795260906219482
fixed_random,2,results_logistic_comparison,results_logistic_comparison,logistic_regression,sgd,10,128,20000,0.05,0.9,0.0005,cuda,False,False,1,109,109,0.3452043831348419
fixed_random,2,results_logistic_comparison,results_logistic_comparison,logistic_regression,sgd,10,128,20000,0.05,0.9,0.0005,cuda,False,False,1,110,110,0.05934148654341698
fixed_random,2,results_logistic_comparison,results_logistic_comparison,logistic_regression,sgd,10,128,20000,0.05,0.9,0.0005,cuda,False,False,1,111,111,-0.16289839148521423
fixed_random,2,results_logistic_comparison,results_logistic_comparison,logistic_regression,sgd,10,128,20000,0.05,0.9,0.0005,cuda,False,False,1,112,112,0.7995970249176025
fixed_random,2,results_logistic_comparison,results_logistic_comparison,logistic_regression,sgd,10,128,20000,0.05,0.9,0.0005,cuda,False,False,1,113,113,-0.07757507264614105
fixed_random,2,results_logistic_comparison,results_logistic_comparison,logistic_regression,sgd,10,128,20000,0.05,0.9,0.0005,cuda,False,False,1,114,114,0.47681570053100586
fixed_random,2,results_logistic_comparison,results_logistic_comparison,logistic_regression,sgd,10,128,20000,0.05,0.9,0.0005,cuda,False,False,1,115,115,0.15189088881015778
fixed_random,2,results_logistic_comparison,results_logistic_comparison,logistic_regression,sgd,10,128,20000,0.05,0.9,0.0005,cuda,False,False,1,116,116,0.3965943455696106
fixed_random,2,results_logistic_comparison,results_logistic_comparison,logistic_regression,sgd,10,128,20000,0.05,0.9,0.0005,cuda,False,False,1,117,117,0.24351853132247925
fixed_random,2,results_logistic_comparison,results_logistic_comparison,logistic_regression,sgd,10,128,20000,0.05,0.9,0.0005,cuda,False,False,1,118,118,0.33181262016296387
fixed_random,2,results_logistic_comparison,results_logistic_comparison,logistic_regression,sgd,10,128,20000,0.05,0.9,0.0005,cuda,False,False,1,119,119,-0.09191424399614334
fixed_random,2,results_logistic_comparison,results_logistic_comparison,logistic_regression,sgd,10,128,20000,0.05,0.9,0.0005,cuda,False,False,1,120,120,0.2570653557777405
fixed_random,2,results_logistic_comparison,results_logistic_comparison,logistic_regression,sgd,10,128,20000,0.05,0.9,0.0005,cuda,False,False,1,121,121,-0.31677010655403137
fixed_random,2,results_logistic_comparison,results_logistic_comparison,logistic_regression,sgd,10,128,20000,0.05,0.9,0.0005,cuda,False,False,1,122,122,0.36462557315826416
fixed_random,2,results_logistic_comparison,results_logistic_comparison,logistic_regression,sgd,10,128,20000,0.05,0.9,0.0005,cuda,False,False,1,123,123,0.48811525106430054
fixed_random,2,results_logistic_comparison,results_logistic_comparison,logistic_regression,sgd,10,128,20000,0.05,0.9,0.0005,cuda,False,False,1,124,124,0.054786138236522675
fixed_random,2,results_logistic_comparison,results_logistic_comparison,logistic_regression,sgd,10,128,20000,0.05,0.9,0.0005,cuda,False,False,1,125,125,0.13047483563423157
fixed_random,2,results_logistic_comparison,results_logistic_comparison,logistic_regression,sgd,10,128,20000,0.05,0.9,0.0005,cuda,False,False,1,126,126,0.7441656589508057
fixed_random,2,results_logistic_comparison,results_logistic_comparison,logistic_regression,sgd,10,128,20000,0.05,0.9,0.0005,cuda,False,False,1,127,127,0.1767740249633789
fixed_random,2,results_logistic_comparison,results_logistic_comparison,logistic_regression,sgd,10,128,20000,0.05,0.9,0.0005,cuda,False,False,1,128,128,-0.5165255069732666
fixed_random,2,results_logistic_comparison,results_logistic_comparison,logistic_regression,sgd,10,128,20000,0.05,0.9,0.0005,cuda,False,False,1,129,129,0.7859847545623779
fixed_random,2,results_logistic_comparison,results_logistic_comparison,logistic_regression,sgd,10,128,20000,0.05,0.9,0.0005,cuda,False,False,1,130,130,-0.19057713449001312
fixed_random,2,results_logistic_comparison,results_logistic_comparison,logistic_regression,sgd,10,128,20000,0.05,0.9,0.0005,cuda,False,False,1,131,131,0.38551756739616394
fixed_random,2,results_logistic_comparison,results_logistic_comparison,logistic_regression,sgd,10,128,20000,0.05,0.9,0.0005,cuda,False,False,1,132,132,0.7888443470001221
fixed_random,2,results_logistic_comparison,results_logistic_comparison,logistic_regression,sgd,10,128,20000,0.05,0.9,0.0005,cuda,False,False,1,133,133,-0.09566792100667953
fixed_random,2,results_logistic_comparison,results_logistic_comparison,logistic_regression,sgd,10,128,20000,0.05,0.9,0.0005,cuda,False,False,1,134,134,0.027014903724193573
fixed_random,2,results_logistic_comparison,results_logistic_comparison,logistic_regression,sgd,10,128,20000,0.05,0.9,0.0005,cuda,False,False,1,135,135,0.591577410697937
fixed_random,2,results_logistic_comparison,results_logistic_comparison,logistic_regression,sgd,10,128,20000,0.05,0.9,0.0005,cuda,False,False,1,136,136,0.03922559320926666
fixed_random,2,results_logistic_comparison,results_logistic_comparison,logistic_regression,sgd,10,128,20000,0.05,0.9,0.0005,cuda,False,False,1,137,137,-0.40806445479393005
fixed_random,2,results_logistic_comparison,results_logistic_comparison,logistic_regression,sgd,10,128,20000,0.05,0.9,0.0005,cuda,False,False,1,138,138,0.8353574275970459
fixed_random,2,results_logistic_comparison,results_logistic_comparison,logistic_regression,sgd,10,128,20000,0.05,0.9,0.0005,cuda,False,False,1,139,139,0.5834192037582397
fixed_random,2,results_logistic_comparison,results_logistic_comparison,logistic_regression,sgd,10,128,20000,0.05,0.9,0.0005,cuda,False,False,1,140,140,-0.29928284883499146
fixed_random,2,results_logistic_comparison,results_logistic_comparison,logistic_regression,sgd,10,128,20000,0.05,0.9,0.0005,cuda,False,False,1,141,141,0.58314049243927
fixed_random,2,results_logistic_comparison,results_logistic_comparison,logistic_regression,sgd,10,128,20000,0.05,0.9,0.0005,cuda,False,False,1,142,142,0.30512481927871704
fixed_random,2,results_logistic_comparison,results_logistic_comparison,logistic_regression,sgd,10,128,20000,0.05,0.9,0.0005,cuda,False,False,1,143,143,-0.3294021487236023
fixed_random,2,results_logistic_comparison,results_logistic_comparison,logistic_regression,sgd,10,128,20000,0.05,0.9,0.0005,cuda,False,False,1,144,144,0.41062068939208984
fixed_random,2,results_logistic_comparison,results_logistic_comparison,logistic_regression,sgd,10,128,20000,0.05,0.9,0.0005,cuda,False,False,1,145,145,0.289368212223053
fixed_random,2,results_logistic_comparison,results_logistic_comparison,logistic_regression,sgd,10,128,20000,0.05,0.9,0.0005,cuda,False,False,1,146,146,0.43678340315818787
fixed_random,2,results_logistic_comparison,results_logistic_comparison,logistic_regression,sgd,10,128,20000,0.05,0.9,0.0005,cuda,False,False,1,147,147,0.4358813166618347
fixed_random,2,results_logistic_comparison,results_logistic_comparison,logistic_regression,sgd,10,128,20000,0.05,0.9,0.0005,cuda,False,False,1,148,148,0.3581160306930542
fixed_random,2,results_logistic_comparison,results_logistic_comparison,logistic_regression,sgd,10,128,20000,0.05,0.9,0.0005,cuda,False,False,1,149,149,0.29121747612953186
fixed_random,2,results_logistic_comparison,results_logistic_comparison,logistic_regression,sgd,10,128,20000,0.05,0.9,0.0005,cuda,False,False,1,150,150,0.3863282799720764
fixed_random,2,results_logistic_comparison,results_logistic_comparison,logistic_regression,sgd,10,128,20000,0.05,0.9,0.0005,cuda,False,False,1,151,151,0.4585060775279999
fixed_random,2,results_logistic_comparison,results_logistic_comparison,logistic_regression,sgd,10,128,20000,0.05,0.9,0.0005,cuda,False,False,1,152,152,-0.0845123678445816
fixed_random,2,results_logistic_comparison,results_logistic_comparison,logistic_regression,sgd,10,128,20000,0.05,0.9,0.0005,cuda,False,False,1,153,153,0.48760437965393066
fixed_random,2,results_logistic_comparison,results_logistic_comparison,logistic_regression,sgd,10,128,20000,0.05,0.9,0.0005,cuda,False,False,1,154,154,-0.48511242866516113
fixed_random,2,results_logistic_comparison,results_logistic_comparison,logistic_regression,sgd,10,128,20000,0.05,0.9,0.0005,cuda,False,False,1,155,155,0.317169725894928
fixed_random,2,results_logistic_comparison,results_logistic_comparison,logistic_regression,sgd,10,128,20000,0.05,0.9,0.0005,cuda,False,False,1,156,156,0.43999019265174866
fixed_random,2,results_logistic_comparison,results_logistic_comparison,logistic_regression,sgd,10,128,20000,0.05,0.9,0.0005,cuda,False,False,1,157,157,-0.06800249218940735
fixed_random,2,results_logistic_comparison,results_logistic_comparison,logistic_regression,sgd,10,128,20000,0.05,0.9,0.0005,cuda,False,False,2,1,158,0.5234259366989136
fixed_random,2,results_logistic_comparison,results_logistic_comparison,logistic_regression,sgd,10,128,20000,0.05,0.9,0.0005,cuda,False,False,2,2,159,-0.12598839402198792
fixed_random,2,results_logistic_comparison,results_logistic_comparison,logistic_regression,sgd,10,128,20000,0.05,0.9,0.0005,cuda,False,False,2,3,160,-0.06557950377464294
fixed_random,2,results_logistic_comparison,results_logistic_comparison,logistic_regression,sgd,10,128,20000,0.05,0.9,0.0005,cuda,False,False,2,4,161,0.5392192006111145
fixed_random,2,results_logistic_comparison,results_logistic_comparison,logistic_regression,sgd,10,128,20000,0.05,0.9,0.0005,cuda,False,False,2,5,162,-0.20164614915847778
fixed_random,2,results_logistic_comparison,results_logistic_comparison,logistic_regression,sgd,10,128,20000,0.05,0.9,0.0005,cuda,False,False,2,6,163,0.7220827341079712
fixed_random,2,results_logistic_comparison,results_logistic_comparison,logistic_regression,sgd,10,128,20000,0.05,0.9,0.0005,cuda,False,False,2,7,164,0.6820807456970215
fixed_random,2,results_logistic_comparison,results_logistic_comparison,logistic_regression,sgd,10,128,20000,0.05,0.9,0.0005,cuda,False,False,2,8,165,0.2757965326309204
fixed_random,2,results_logistic_comparison,results_logistic_comparison,logistic_regression,sgd,10,128,20000,0.05,0.9,0.0005,cuda,False,False,2,9,166,0.03723030164837837
fixed_random,2,results_logistic_comparison,results_logistic_comparison,logistic_regression,sgd,10,128,20000,0.05,0.9,0.0005,cuda,False,False,2,10,167,0.6377094388008118
fixed_random,2,results_logistic_comparison,results_logistic_comparison,logistic_regression,sgd,10,128,20000,0.05,0.9,0.0005,cuda,False,False,2,11,168,0.6431300640106201
fixed_random,2,results_logistic_comparison,results_logistic_comparison,logistic_regression,sgd,10,128,20000,0.05,0.9,0.0005,cuda,False,False,2,12,169,-0.23580634593963623
fixed_random,2,results_logistic_comparison,results_logistic_comparison,logistic_regression,sgd,10,128,20000,0.05,0.9,0.0005,cuda,False,False,2,13,170,0.6569709777832031
fixed_random,2,results_logistic_comparison,results_logistic_comparison,logistic_regression,sgd,10,128,20000,0.05,0.9,0.0005,cuda,False,False,2,14,171,0.7203354835510254
fixed_random,2,results_logistic_comparison,results_logistic_comparison,logistic_regression,sgd,10,128,20000,0.05,0.9,0.0005,cuda,False,False,2,15,172,-0.2646932303905487
fixed_random,2,results_logistic_comparison,results_logistic_comparison,logistic_regression,sgd,10,128,20000,0.05,0.9,0.0005,cuda,False,False,2,16,173,0.5983797907829285
fixed_random,2,results_logistic_comparison,results_logistic_comparison,logistic_regression,sgd,10,128,20000,0.05,0.9,0.0005,cuda,False,False,2,17,174,0.9173181653022766
fixed_random,2,results_logistic_comparison,results_logistic_comparison,logistic_regression,sgd,10,128,20000,0.05,0.9,0.0005,cuda,False,False,2,18,175,0.1564384251832962
fixed_random,2,results_logistic_comparison,results_logistic_comparison,logistic_regression,sgd,10,128,20000,0.05,0.9,0.0005,cuda,False,False,2,19,176,0.1706668585538864
fixed_random,2,results_logistic_comparison,results_logistic_comparison,logistic_regression,sgd,10,128,20000,0.05,0.9,0.0005,cuda,False,False,2,20,177,0.4300481081008911
fixed_random,2,results_logistic_comparison,results_logistic_comparison,logistic_regression,sgd,10,128,20000,0.05,0.9,0.0005,cuda,False,False,2,21,178,0.8837318420410156
fixed_random,2,results_logistic_comparison,results_logistic_comparison,logistic_regression,sgd,10,128,20000,0.05,0.9,0.0005,cuda,False,False,2,22,179,-0.5168073177337646
fixed_random,2,results_logistic_comparison,results_logistic_comparison,logistic_regression,sgd,10,128,20000,0.05,0.9,0.0005,cuda,False,False,2,23,180,0.8385786414146423
fixed_random,2,results_logistic_comparison,results_logistic_comparison,logistic_regression,sgd,10,128,20000,0.05,0.9,0.0005,cuda,False,False,2,24,181,0.8413491249084473
fixed_random,2,results_logistic_comparison,results_logistic_comparison,logistic_regression,sgd,10,128,20000,0.05,0.9,0.0005,cuda,False,False,2,25,182,0.01823783479630947
fixed_random,2,results_logistic_comparison,results_logistic_comparison,logistic_regression,sgd,10,128,20000,0.05,0.9,0.0005,cuda,False,False,2,26,183,0.44281071424484253
fixed_random,2,results_logistic_comparison,results_logistic_comparison,logistic_regression,sgd,10,128,20000,0.05,0.9,0.0005,cuda,False,False,2,27,184,0.5384144186973572
fixed_random,2,results_logistic_comparison,results_logistic_comparison,logistic_regression,sgd,10,128,20000,0.05,0.9,0.0005,cuda,False,False,2,28,185,0.7768734097480774
fixed_random,2,results_logistic_comparison,results_logistic_comparison,logistic_regression,sgd,10,128,20000,0.05,0.9,0.0005,cuda,False,False,2,29,186,0.5564770102500916
fixed_random,2,results_logistic_comparison,results_logistic_comparison,logistic_regression,sgd,10,128,20000,0.05,0.9,0.0005,cuda,False,False,2,30,187,0.06584858149290085
fixed_random,2,results_logistic_comparison,results_logistic_comparison,logistic_regression,sgd,10,128,20000,0.05,0.9,0.0005,cuda,False,False,2,31,188,0.7628004550933838
fixed_random,2,results_logistic_comparison,results_logistic_comparison,logistic_regression,sgd,10,128,20000,0.05,0.9,0.0005,cuda,False,False,2,32,189,-0.037508781999349594
fixed_random,2,results_logistic_comparison,results_logistic_comparison,logistic_regression,sgd,10,128,20000,0.05,0.9,0.0005,cuda,False,False,2,33,190,0.68312668800354
fixed_random,2,results_logistic_comparison,results_logistic_comparison,logistic_regression,sgd,10,128,20000,0.05,0.9,0.0005,cuda,False,False,2,34,191,-0.24057447910308838
fixed_random,2,results_logistic_comparison,results_logistic_comparison,logistic_regression,sgd,10,128,20000,0.05,0.9,0.0005,cuda,False,False,2,35,192,0.7275806069374084
fixed_random,2,results_logistic_comparison,results_logistic_comparison,logistic_regression,sgd,10,128,20000,0.05,0.9,0.0005,cuda,False,False,2,36,193,0.7960476875305176
fixed_random,2,results_logistic_comparison,results_logistic_comparison,logistic_regression,sgd,10,128,20000,0.05,0.9,0.0005,cuda,False,False,2,37,194,-0.05336260423064232
fixed_random,2,results_logistic_comparison,results_logistic_comparison,logistic_regression,sgd,10,128,20000,0.05,0.9,0.0005,cuda,False,False,2,38,195,0.6913471221923828
fixed_random,2,results_logistic_comparison,results_logistic_comparison,logistic_regression,sgd,10,128,20000,0.05,0.9,0.0005,cuda,False,False,2,39,196,0.1688617616891861
fixed_random,2,results_logistic_comparison,results_logistic_comparison,logistic_regression,sgd,10,128,20000,0.05,0.9,0.0005,cuda,False,False,2,40,197,0.35668569803237915
fixed_random,2,results_logistic_comparison,results_logistic_comparison,logistic_regression,sgd,10,128,20000,0.05,0.9,0.0005,cuda,False,False,2,41,198,0.12236690521240234
fixed_random,2,results_logistic_comparison,results_logistic_comparison,logistic_regression,sgd,10,128,20000,0.05,0.9,0.0005,cuda,False,False,2,42,199,0.1993897557258606
fixed_random,2,results_logistic_comparison,results_logistic_comparison,logistic_regression,sgd,10,128,20000,0.05,0.9,0.0005,cuda,False,False,2,43,200,0.29915136098861694
fixed_random,2,results_logistic_comparison,results_logistic_comparison,logistic_regression,sgd,10,128,20000,0.05,0.9,0.0005,cuda,False,False,2,44,201,0.3906005024909973
fixed_random,2,results_logistic_comparison,results_logistic_comparison,logistic_regression,sgd,10,128,20000,0.05,0.9,0.0005,cuda,False,False,2,45,202,0.6227417588233948
fixed_random,2,results_logistic_comparison,results_logistic_comparison,logistic_regression,sgd,10,128,20000,0.05,0.9,0.0005,cuda,False,False,2,46,203,0.4446425139904022
fixed_random,2,results_logistic_comparison,results_logistic_comparison,logistic_regression,sgd,10,128,20000,0.05,0.9,0.0005,cuda,False,False,2,47,204,0.061369702219963074
fixed_random,2,results_logistic_comparison,results_logistic_comparison,logistic_regression,sgd,10,128,20000,0.05,0.9,0.0005,cuda,False,False,2,48,205,0.18937042355537415
fixed_random,2,results_logistic_comparison,results_logistic_comparison,logistic_regression,sgd,10,128,20000,0.05,0.9,0.0005,cuda,False,False,2,49,206,0.6185987591743469
fixed_random,2,results_logistic_comparison,results_logistic_comparison,logistic_regression,sgd,10,128,20000,0.05,0.9,0.0005,cuda,False,False,2,50,207,0.3016940951347351
fixed_random,2,results_logistic_comparison,results_logistic_comparison,logistic_regression,sgd,10,128,20000,0.05,0.9,0.0005,cuda,False,False,2,51,208,0.11499099433422089
fixed_random,2,results_logistic_comparison,results_logistic_comparison,logistic_regression,sgd,10,128,20000,0.05,0.9,0.0005,cuda,False,False,2,52,209,0.19127915799617767
fixed_random,2,results_logistic_comparison,results_logistic_comparison,logistic_regression,sgd,10,128,20000,0.05,0.9,0.0005,cuda,False,False,2,53,210,0.17490464448928833
fixed_random,2,results_logistic_comparison,results_logistic_comparison,logistic_regression,sgd,10,128,20000,0.05,0.9,0.0005,cuda,False,False,2,54,211,-0.1726950705051422
fixed_random,2,results_logistic_comparison,results_logistic_comparison,logistic_regression,sgd,10,128,20000,0.05,0.9,0.0005,cuda,False,False,2,55,212,0.35348597168922424
fixed_random,2,results_logistic_comparison,results_logistic_comparison,logistic_regression,sgd,10,128,20000,0.05,0.9,0.0005,cuda,False,False,2,56,213,0.7465738654136658
fixed_random,2,results_logistic_comparison,results_logistic_comparison,logistic_regression,sgd,10,128,20000,0.05,0.9,0.0005,cuda,False,False,2,57,214,0.2579142451286316
fixed_random,2,results_logistic_comparison,results_logistic_comparison,logistic_regression,sgd,10,128,20000,0.05,0.9,0.0005,cuda,False,False,2,58,215,0.026510555297136307
fixed_random,2,results_logistic_comparison,results_logistic_comparison,logistic_regression,sgd,10,128,20000,0.05,0.9,0.0005,cuda,False,False,2,59,216,0.11075418442487717
fixed_random,2,results_logistic_comparison,results_logistic_comparison,logistic_regression,sgd,10,128,20000,0.05,0.9,0.0005,cuda,False,False,2,60,217,0.7782717943191528
fixed_random,2,results_logistic_comparison,results_logistic_comparison,logistic_regression,sgd,10,128,20000,0.05,0.9,0.0005,cuda,False,False,2,61,218,-0.09722238034009933
fixed_random,2,results_logistic_comparison,results_logistic_comparison,logistic_regression,sgd,10,128,20000,0.05,0.9,0.0005,cuda,False,False,2,62,219,0.2657644748687744
fixed_random,2,results_logistic_comparison,results_logistic_comparison,logistic_regression,sgd,10,128,20000,0.05,0.9,0.0005,cuda,False,False,2,63,220,0.39742109179496765
fixed_random,2,results_logistic_comparison,results_logistic_comparison,logistic_regression,sgd,10,128,20000,0.05,0.9,0.0005,cuda,False,False,2,64,221,-0.06656251847743988
fixed_random,2,results_logistic_comparison,results_logistic_comparison,logistic_regression,sgd,10,128,20000,0.05,0.9,0.0005,cuda,False,False,2,65,222,0.3819860517978668
fixed_random,2,results_logistic_comparison,results_logistic_comparison,logistic_regression,sgd,10,128,20000,0.05,0.9,0.0005,cuda,False,False,2,66,223,-0.4712062478065491
fixed_random,2,results_logistic_comparison,results_logistic_comparison,logistic_regression,sgd,10,128,20000,0.05,0.9,0.0005,cuda,False,False,2,67,224,-0.2435224950313568
fixed_random,2,results_logistic_comparison,results_logistic_comparison,logistic_regression,sgd,10,128,20000,0.05,0.9,0.0005,cuda,False,False,2,68,225,0.5634932518005371
fixed_random,2,results_logistic_comparison,results_logistic_comparison,logistic_regression,sgd,10,128,20000,0.05,0.9,0.0005,cuda,False,False,2,69,226,0.018163125962018967
fixed_random,2,results_logistic_comparison,results_logistic_comparison,logistic_regression,sgd,10,128,20000,0.05,0.9,0.0005,cuda,False,False,2,70,227,-0.3421882390975952
fixed_random,2,results_logistic_comparison,results_logistic_comparison,logistic_regression,sgd,10,128,20000,0.05,0.9,0.0005,cuda,False,False,2,71,228,0.653114914894104
fixed_random,2,results_logistic_comparison,results_logistic_comparison,logistic_regression,sgd,10,128,20000,0.05,0.9,0.0005,cuda,False,False,2,72,229,-0.16790659725666046
fixed_random,2,results_logistic_comparison,results_logistic_comparison,logistic_regression,sgd,10,128,20000,0.05,0.9,0.0005,cuda,False,False,2,73,230,0.5526388883590698
fixed_random,2,results_logistic_comparison,results_logistic_comparison,logistic_regression,sgd,10,128,20000,0.05,0.9,0.0005,cuda,False,False,2,74,231,0.5066583752632141
fixed_random,2,results_logistic_comparison,results_logistic_comparison,logistic_regression,sgd,10,128,20000,0.05,0.9,0.0005,cuda,False,False,2,75,232,0.39248740673065186
fixed_random,2,results_logistic_comparison,results_logistic_comparison,logistic_regression,sgd,10,128,20000,0.05,0.9,0.0005,cuda,False,False,2,76,233,0.17634549736976624
fixed_random,2,results_logistic_comparison,results_logistic_comparison,logistic_regression,sgd,10,128,20000,0.05,0.9,0.0005,cuda,False,False,2,77,234,0.02741266041994095
fixed_random,2,results_logistic_comparison,results_logistic_comparison,logistic_regression,sgd,10,128,20000,0.05,0.9,0.0005,cuda,False,False,2,78,235,0.7898244857788086
fixed_random,2,results_logistic_comparison,results_logistic_comparison,logistic_regression,sgd,10,128,20000,0.05,0.9,0.0005,cuda,False,False,2,79,236,0.2703343629837036
fixed_random,2,results_logistic_comparison,results_logistic_comparison,logistic_regression,sgd,10,128,20000,0.05,0.9,0.0005,cuda,False,False,2,80,237,0.1318262815475464
fixed_random,2,results_logistic_comparison,results_logistic_comparison,logistic_regression,sgd,10,128,20000,0.05,0.9,0.0005,cuda,False,False,2,81,238,0.5196726322174072
fixed_random,2,results_logistic_comparison,results_logistic_comparison,logistic_regression,sgd,10,128,20000,0.05,0.9,0.0005,cuda,False,False,2,82,239,-0.13070042431354523
fixed_random,2,results_logistic_comparison,results_logistic_comparison,logistic_regression,sgd,10,128,20000,0.05,0.9,0.0005,cuda,False,False,2,83,240,0.24848562479019165
fixed_random,2,results_logistic_comparison,results_logistic_comparison,logistic_regression,sgd,10,128,20000,0.05,0.9,0.0005,cuda,False,False,2,84,241,0.47277697920799255
fixed_random,2,results_logistic_comparison,results_logistic_comparison,logistic_regression,sgd,10,128,20000,0.05,0.9,0.0005,cuda,False,False,2,85,242,0.4315222203731537
fixed_random,2,results_logistic_comparison,results_logistic_comparison,logistic_regression,sgd,10,128,20000,0.05,0.9,0.0005,cuda,False,False,2,86,243,0.12063907086849213
fixed_random,2,results_logistic_comparison,results_logistic_comparison,logistic_regression,sgd,10,128,20000,0.05,0.9,0.0005,cuda,False,False,2,87,244,0.3846861720085144
fixed_random,2,results_logistic_comparison,results_logistic_comparison,logistic_regression,sgd,10,128,20000,0.05,0.9,0.0005,cuda,False,False,2,88,245,0.3251678943634033
fixed_random,2,results_logistic_comparison,results_logistic_comparison,logistic_regression,sgd,10,128,20000,0.05,0.9,0.0005,cuda,False,False,2,89,246,0.23339594900608063
fixed_random,2,results_logistic_comparison,results_logistic_comparison,logistic_regression,sgd,10,128,20000,0.05,0.9,0.0005,cuda,False,False,2,90,247,0.6240278482437134
fixed_random,2,results_logistic_comparison,results_logistic_comparison,logistic_regression,sgd,10,128,20000,0.05,0.9,0.0005,cuda,False,False,2,91,248,0.6825168132781982
fixed_random,2,results_logistic_comparison,results_logistic_comparison,logistic_regression,sgd,10,128,20000,0.05,0.9,0.0005,cuda,False,False,2,92,249,0.14764147996902466
fixed_random,2,results_logistic_comparison,results_logistic_comparison,logistic_regression,sgd,10,128,20000,0.05,0.9,0.0005,cuda,False,False,2,93,250,0.516607403755188
fixed_random,2,results_logistic_comparison,results_logistic_comparison,logistic_regression,sgd,10,128,20000,0.05,0.9,0.0005,cuda,False,False,2,94,251,0.5666900277137756
fixed_random,2,results_logistic_comparison,results_logistic_comparison,logistic_regression,sgd,10,128,20000,0.05,0.9,0.0005,cuda,False,False,2,95,252,-0.3645755350589752
fixed_random,2,results_logistic_comparison,results_logistic_comparison,logistic_regression,sgd,10,128,20000,0.05,0.9,0.0005,cuda,False,False,2,96,253,0.18818341195583344
fixed_random,2,results_logistic_comparison,results_logistic_comparison,logistic_regression,sgd,10,128,20000,0.05,0.9,0.0005,cuda,False,False,2,97,254,0.6576464176177979
fixed_random,2,results_logistic_comparison,results_logistic_comparison,logistic_regression,sgd,10,128,20000,0.05,0.9,0.0005,cuda,False,False,2,98,255,0.631364107131958
fixed_random,2,results_logistic_comparison,results_logistic_comparison,logistic_regression,sgd,10,128,20000,0.05,0.9,0.0005,cuda,False,False,2,99,256,0.1504993587732315
fixed_random,2,results_logistic_comparison,results_logistic_comparison,logistic_regression,sgd,10,128,20000,0.05,0.9,0.0005,cuda,False,False,2,100,257,0.6392374038696289
fixed_random,2,results_logistic_comparison,results_logistic_comparison,logistic_regression,sgd,10,128,20000,0.05,0.9,0.0005,cuda,False,False,2,101,258,0.5144107341766357
fixed_random,2,results_logistic_comparison,results_logistic_comparison,logistic_regression,sgd,10,128,20000,0.05,0.9,0.0005,cuda,False,False,2,102,259,-0.20096611976623535
fixed_random,2,results_logistic_comparison,results_logistic_comparison,logistic_regression,sgd,10,128,20000,0.05,0.9,0.0005,cuda,False,False,2,103,260,0.7437065839767456
fixed_random,2,results_logistic_comparison,results_logistic_comparison,logistic_regression,sgd,10,128,20000,0.05,0.9,0.0005,cuda,False,False,2,104,261,0.2531777024269104
fixed_random,2,results_logistic_comparison,results_logistic_comparison,logistic_regression,sgd,10,128,20000,0.05,0.9,0.0005,cuda,False,False,2,105,262,-0.5764428973197937
fixed_random,2,results_logistic_comparison,results_logistic_comparison,logistic_regression,sgd,10,128,20000,0.05,0.9,0.0005,cuda,False,False,2,106,263,0.40880921483039856
fixed_random,2,results_logistic_comparison,results_logistic_comparison,logistic_regression,sgd,10,128,20000,0.05,0.9,0.0005,cuda,False,False,2,107,264,-0.192202627658844
fixed_random,2,results_logistic_comparison,results_logistic_comparison,logistic_regression,sgd,10,128,20000,0.05,0.9,0.0005,cuda,False,False,2,108,265,0.5911639928817749
fixed_random,2,results_logistic_comparison,results_logistic_comparison,logistic_regression,sgd,10,128,20000,0.05,0.9,0.0005,cuda,False,False,2,109,266,0.5448362231254578
fixed_random,2,results_logistic_comparison,results_logistic_comparison,logistic_regression,sgd,10,128,20000,0.05,0.9,0.0005,cuda,False,False,2,110,267,0.03193129599094391
fixed_random,2,results_logistic_comparison,results_logistic_comparison,logistic_regression,sgd,10,128,20000,0.05,0.9,0.0005,cuda,False,False,2,111,268,0.29000329971313477
fixed_random,2,results_logistic_comparison,results_logistic_comparison,logistic_regression,sgd,10,128,20000,0.05,0.9,0.0005,cuda,False,False,2,112,269,0.22834806144237518
fixed_random,2,results_logistic_comparison,results_logistic_comparison,logistic_regression,sgd,10,128,20000,0.05,0.9,0.0005,cuda,False,False,2,113,270,0.5552464723587036
fixed_random,2,results_logistic_comparison,results_logistic_comparison,logistic_regression,sgd,10,128,20000,0.05,0.9,0.0005,cuda,False,False,2,114,271,0.2849399447441101
fixed_random,2,results_logistic_comparison,results_logistic_comparison,logistic_regression,sgd,10,128,20000,0.05,0.9,0.0005,cuda,False,False,2,115,272,-0.07385507971048355
fixed_random,2,results_logistic_comparison,results_logistic_comparison,logistic_regression,sgd,10,128,20000,0.05,0.9,0.0005,cuda,False,False,2,116,273,0.5057774186134338
fixed_random,2,results_logistic_comparison,results_logistic_comparison,logistic_regression,sgd,10,128,20000,0.05,0.9,0.0005,cuda,False,False,2,117,274,0.48415035009384155
fixed_random,2,results_logistic_comparison,results_logistic_comparison,logistic_regression,sgd,10,128,20000,0.05,0.9,0.0005,cuda,False,False,2,118,275,-0.40623021125793457
fixed_random,2,results_logistic_comparison,results_logistic_comparison,logistic_regression,sgd,10,128,20000,0.05,0.9,0.0005,cuda,False,False,2,119,276,0.4311760663986206
fixed_random,2,results_logistic_comparison,results_logistic_comparison,logistic_regression,sgd,10,128,20000,0.05,0.9,0.0005,cuda,False,False,2,120,277,0.186862051486969
fixed_random,2,results_logistic_comparison,results_logistic_comparison,logistic_regression,sgd,10,128,20000,0.05,0.9,0.0005,cuda,False,False,2,121,278,-0.4986562132835388
fixed_random,2,results_logistic_comparison,results_logistic_comparison,logistic_regression,sgd,10,128,20000,0.05,0.9,0.0005,cuda,False,False,2,122,279,0.3179805874824524
fixed_random,2,results_logistic_comparison,results_logistic_comparison,logistic_regression,sgd,10,128,20000,0.05,0.9,0.0005,cuda,False,False,2,123,280,0.5554962754249573
fixed_random,2,results_logistic_comparison,results_logistic_comparison,logistic_regression,sgd,10,128,20000,0.05,0.9,0.0005,cuda,False,False,2,124,281,0.2923135757446289
fixed_random,2,results_logistic_comparison,results_logistic_comparison,logistic_regression,sgd,10,128,20000,0.05,0.9,0.0005,cuda,False,False,2,125,282,0.18218965828418732
fixed_random,2,results_logistic_comparison,results_logistic_comparison,logistic_regression,sgd,10,128,20000,0.05,0.9,0.0005,cuda,False,False,2,126,283,0.6747609376907349
fixed_random,2,results_logistic_comparison,results_logistic_comparison,logistic_regression,sgd,10,128,20000,0.05,0.9,0.0005,cuda,False,False,2,127,284,0.3292505145072937
fixed_random,2,results_logistic_comparison,results_logistic_comparison,logistic_regression,sgd,10,128,20000,0.05,0.9,0.0005,cuda,False,False,2,128,285,-0.6462108492851257
fixed_random,2,results_logistic_comparison,results_logistic_comparison,logistic_regression,sgd,10,128,20000,0.05,0.9,0.0005,cuda,False,False,2,129,286,0.7786593437194824
fixed_random,2,results_logistic_comparison,results_logistic_comparison,logistic_regression,sgd,10,128,20000,0.05,0.9,0.0005,cuda,False,False,2,130,287,-0.20423251390457153
fixed_random,2,results_logistic_comparison,results_logistic_comparison,logistic_regression,sgd,10,128,20000,0.05,0.9,0.0005,cuda,False,False,2,131,288,0.39334478974342346
fixed_random,2,results_logistic_comparison,results_logistic_comparison,logistic_regression,sgd,10,128,20000,0.05,0.9,0.0005,cuda,False,False,2,132,289,0.8575667142868042
fixed_random,2,results_logistic_comparison,results_logistic_comparison,logistic_regression,sgd,10,128,20000,0.05,0.9,0.0005,cuda,False,False,2,133,290,-0.20316541194915771
fixed_random,2,results_logistic_comparison,results_logistic_comparison,logistic_regression,sgd,10,128,20000,0.05,0.9,0.0005,cuda,False,False,2,134,291,0.15119905769824982
fixed_random,2,results_logistic_comparison,results_logistic_comparison,logistic_regression,sgd,10,128,20000,0.05,0.9,0.0005,cuda,False,False,2,135,292,0.7149493098258972
fixed_random,2,results_logistic_comparison,results_logistic_comparison,logistic_regression,sgd,10,128,20000,0.05,0.9,0.0005,cuda,False,False,2,136,293,0.04952153563499451
fixed_random,2,results_logistic_comparison,results_logistic_comparison,logistic_regression,sgd,10,128,20000,0.05,0.9,0.0005,cuda,False,False,2,137,294,-0.46969085931777954
fixed_random,2,results_logistic_comparison,results_logistic_comparison,logistic_regression,sgd,10,128,20000,0.05,0.9,0.0005,cuda,False,False,2,138,295,0.8717548251152039
fixed_random,2,results_logistic_comparison,results_logistic_comparison,logistic_regression,sgd,10,128,20000,0.05,0.9,0.0005,cuda,False,False,2,139,296,0.6150186061859131
fixed_random,2,results_logistic_comparison,results_logistic_comparison,logistic_regression,sgd,10,128,20000,0.05,0.9,0.0005,cuda,False,False,2,140,297,-0.3033018112182617
fixed_random,2,results_logistic_comparison,results_logistic_comparison,logistic_regression,sgd,10,128,20000,0.05,0.9,0.0005,cuda,False,False,2,141,298,0.43665891885757446
fixed_random,2,results_logistic_comparison,results_logistic_comparison,logistic_regression,sgd,10,128,20000,0.05,0.9,0.0005,cuda,False,False,2,142,299,0.4502312242984772
fixed_random,2,results_logistic_comparison,results_logistic_comparison,logistic_regression,sgd,10,128,20000,0.05,0.9,0.0005,cuda,False,False,2,143,300,-0.053738005459308624
fixed_random,2,results_logistic_comparison,results_logistic_comparison,logistic_regression,sgd,10,128,20000,0.05,0.9,0.0005,cuda,False,False,2,144,301,0.13787701725959778
fixed_random,2,results_logistic_comparison,results_logistic_comparison,logistic_regression,sgd,10,128,20000,0.05,0.9,0.0005,cuda,False,False,2,145,302,0.40647315979003906
fixed_random,2,results_logistic_comparison,results_logistic_comparison,logistic_regression,sgd,10,128,20000,0.05,0.9,0.0005,cuda,False,False,2,146,303,0.5418442487716675
fixed_random,2,results_logistic_comparison,results_logistic_comparison,logistic_regression,sgd,10,128,20000,0.05,0.9,0.0005,cuda,False,False,2,147,304,0.6163218021392822
fixed_random,2,results_logistic_comparison,results_logistic_comparison,logistic_regression,sgd,10,128,20000,0.05,0.9,0.0005,cuda,False,False,2,148,305,0.11807779222726822
fixed_random,2,results_logistic_comparison,results_logistic_comparison,logistic_regression,sgd,10,128,20000,0.05,0.9,0.0005,cuda,False,False,2,149,306,0.5453685522079468
fixed_random,2,results_logistic_comparison,results_logistic_comparison,logistic_regression,sgd,10,128,20000,0.05,0.9,0.0005,cuda,False,False,2,150,307,0.33912691473960876
fixed_random,2,results_logistic_comparison,results_logistic_comparison,logistic_regression,sgd,10,128,20000,0.05,0.9,0.0005,cuda,False,False,2,151,308,0.6730513572692871
fixed_random,2,results_logistic_comparison,results_logistic_comparison,logistic_regression,sgd,10,128,20000,0.05,0.9,0.0005,cuda,False,False,2,152,309,-0.01924760639667511
fixed_random,2,results_logistic_comparison,results_logistic_comparison,logistic_regression,sgd,10,128,20000,0.05,0.9,0.0005,cuda,False,False,2,153,310,0.47082626819610596
fixed_random,2,results_logistic_comparison,results_logistic_comparison,logistic_regression,sgd,10,128,20000,0.05,0.9,0.0005,cuda,False,False,2,154,311,-0.23960913717746735
fixed_random,2,results_logistic_comparison,results_logistic_comparison,logistic_regression,sgd,10,128,20000,0.05,0.9,0.0005,cuda,False,False,2,155,312,0.1328137218952179
fixed_random,2,results_logistic_comparison,results_logistic_comparison,logistic_regression,sgd,10,128,20000,0.05,0.9,0.0005,cuda,False,False,2,156,313,-0.06096638739109039
fixed_random,2,results_logistic_comparison,results_logistic_comparison,logistic_regression,sgd,10,128,20000,0.05,0.9,0.0005,cuda,False,False,2,157,314,-0.008017361164093018
fixed_random,2,results_logistic_comparison,results_logistic_comparison,logistic_regression,sgd,10,128,20000,0.05,0.9,0.0005,cuda,False,False,3,1,315,0.1665719896554947
fixed_random,2,results_logistic_comparison,results_logistic_comparison,logistic_regression,sgd,10,128,20000,0.05,0.9,0.0005,cuda,False,False,3,2,316,0.1468489021062851
fixed_random,2,results_logistic_comparison,results_logistic_comparison,logistic_regression,sgd,10,128,20000,0.05,0.9,0.0005,cuda,False,False,3,3,317,0.0656781792640686
fixed_random,2,results_logistic_comparison,results_logistic_comparison,logistic_regression,sgd,10,128,20000,0.05,0.9,0.0005,cuda,False,False,3,4,318,0.6206324100494385
fixed_random,2,results_logistic_comparison,results_logistic_comparison,logistic_regression,sgd,10,128,20000,0.05,0.9,0.0005,cuda,False,False,3,5,319,-0.22281867265701294
fixed_random,2,results_logistic_comparison,results_logistic_comparison,logistic_regression,sgd,10,128,20000,0.05,0.9,0.0005,cuda,False,False,3,6,320,0.7827373147010803
fixed_random,2,results_logistic_comparison,results_logistic_comparison,logistic_regression,sgd,10,128,20000,0.05,0.9,0.0005,cuda,False,False,3,7,321,0.6465091705322266
fixed_random,2,results_logistic_comparison,results_logistic_comparison,logistic_regression,sgd,10,128,20000,0.05,0.9,0.0005,cuda,False,False,3,8,322,0.30126795172691345
fixed_random,2,results_logistic_comparison,results_logistic_comparison,logistic_regression,sgd,10,128,20000,0.05,0.9,0.0005,cuda,False,False,3,9,323,0.3696819543838501
fixed_random,2,results_logistic_comparison,results_logistic_comparison,logistic_regression,sgd,10,128,20000,0.05,0.9,0.0005,cuda,False,False,3,10,324,0.45449990034103394
fixed_random,2,results_logistic_comparison,results_logistic_comparison,logistic_regression,sgd,10,128,20000,0.05,0.9,0.0005,cuda,False,False,3,11,325,0.7198002338409424
fixed_random,2,results_logistic_comparison,results_logistic_comparison,logistic_regression,sgd,10,128,20000,0.05,0.9,0.0005,cuda,False,False,3,12,326,0.03152037784457207
fixed_random,2,results_logistic_comparison,results_logistic_comparison,logistic_regression,sgd,10,128,20000,0.05,0.9,0.0005,cuda,False,False,3,13,327,0.6209861636161804
fixed_random,2,results_logistic_comparison,results_logistic_comparison,logistic_regression,sgd,10,128,20000,0.05,0.9,0.0005,cuda,False,False,3,14,328,0.6860713958740234
fixed_random,2,results_logistic_comparison,results_logistic_comparison,logistic_regression,sgd,10,128,20000,0.05,0.9,0.0005,cuda,False,False,3,15,329,-0.45346397161483765
fixed_random,2,results_logistic_comparison,results_logistic_comparison,logistic_regression,sgd,10,128,20000,0.05,0.9,0.0005,cuda,False,False,3,16,330,0.8207411766052246
fixed_random,2,results_logistic_comparison,results_logistic_comparison,logistic_regression,sgd,10,128,20000,0.05,0.9,0.0005,cuda,False,False,3,17,331,0.9071230888366699
fixed_random,2,results_logistic_comparison,results_logistic_comparison,logistic_regression,sgd,10,128,20000,0.05,0.9,0.0005,cuda,False,False,3,18,332,0.10068728774785995
fixed_random,2,results_logistic_comparison,results_logistic_comparison,logistic_regression,sgd,10,128,20000,0.05,0.9,0.0005,cuda,False,False,3,19,333,0.4740293323993683
fixed_random,2,results_logistic_comparison,results_logistic_comparison,logistic_regression,sgd,10,128,20000,0.05,0.9,0.0005,cuda,False,False,3,20,334,0.41138124465942383
fixed_random,2,results_logistic_comparison,results_logistic_comparison,logistic_regression,sgd,10,128,20000,0.05,0.9,0.0005,cuda,False,False,3,21,335,0.8551257848739624
fixed_random,2,results_logistic_comparison,results_logistic_comparison,logistic_regression,sgd,10,128,20000,0.05,0.9,0.0005,cuda,False,False,3,22,336,-0.4492846727371216
fixed_random,2,results_logistic_comparison,results_logistic_comparison,logistic_regression,sgd,10,128,20000,0.05,0.9,0.0005,cuda,False,False,3,23,337,0.8180081844329834
fixed_random,2,results_logistic_comparison,results_logistic_comparison,logistic_regression,sgd,10,128,20000,0.05,0.9,0.0005,cuda,False,False,3,24,338,0.8006256222724915
fixed_random,2,results_logistic_comparison,results_logistic_comparison,logistic_regression,sgd,10,128,20000,0.05,0.9,0.0005,cuda,False,False,3,25,339,0.16593797504901886
fixed_random,2,results_logistic_comparison,results_logistic_comparison,logistic_regression,sgd,10,128,20000,0.05,0.9,0.0005,cuda,False,False,3,26,340,0.4521491527557373
fixed_random,2,results_logistic_comparison,results_logistic_comparison,logistic_regression,sgd,10,128,20000,0.05,0.9,0.0005,cuda,False,False,3,27,341,0.5158200263977051
fixed_random,2,results_logistic_comparison,results_logistic_comparison,logistic_regression,sgd,10,128,20000,0.05,0.9,0.0005,cuda,False,False,3,28,342,0.6795427203178406
fixed_random,2,results_logistic_comparison,results_logistic_comparison,logistic_regression,sgd,10,128,20000,0.05,0.9,0.0005,cuda,False,False,3,29,343,0.6946702003479004
fixed_random,2,results_logistic_comparison,results_logistic_comparison,logistic_regression,sgd,10,128,20000,0.05,0.9,0.0005,cuda,False,False,3,30,344,-0.14159727096557617
fixed_random,2,results_logistic_comparison,results_logistic_comparison,logistic_regression,sgd,10,128,20000,0.05,0.9,0.0005,cuda,False,False,3,31,345,0.7088546752929688
fixed_random,2,results_logistic_comparison,results_logistic_comparison,logistic_regression,sgd,10,128,20000,0.05,0.9,0.0005,cuda,False,False,3,32,346,0.13639912009239197
fixed_random,2,results_logistic_comparison,results_logistic_comparison,logistic_regression,sgd,10,128,20000,0.05,0.9,0.0005,cuda,False,False,3,33,347,0.6979358196258545
fixed_random,2,results_logistic_comparison,results_logistic_comparison,logistic_regression,sgd,10,128,20000,0.05,0.9,0.0005,cuda,False,False,3,34,348,-0.2522454261779785
fixed_random,2,results_logistic_comparison,results_logistic_comparison,logistic_regression,sgd,10,128,20000,0.05,0.9,0.0005,cuda,False,False,3,35,349,0.7036751508712769
fixed_random,2,results_logistic_comparison,results_logistic_comparison,logistic_regression,sgd,10,128,20000,0.05,0.9,0.0005,cuda,False,False,3,36,350,0.8327724933624268
fixed_random,2,results_logistic_comparison,results_logistic_comparison,logistic_regression,sgd,10,128,20000,0.05,0.9,0.0005,cuda,False,False,3,37,351,-0.31856071949005127
fixed_random,2,results_logistic_comparison,results_logistic_comparison,logistic_regression,sgd,10,128,20000,0.05,0.9,0.0005,cuda,False,False,3,38,352,0.47843611240386963
fixed_random,2,results_logistic_comparison,results_logistic_comparison,logistic_regression,sgd,10,128,20000,0.05,0.9,0.0005,cuda,False,False,3,39,353,0.4445643723011017
fixed_random,2,results_logistic_comparison,results_logistic_comparison,logistic_regression,sgd,10,128,20000,0.05,0.9,0.0005,cuda,False,False,3,40,354,0.1119631975889206
fixed_random,2,results_logistic_comparison,results_logistic_comparison,logistic_regression,sgd,10,128,20000,0.05,0.9,0.0005,cuda,False,False,3,41,355,0.14088788628578186
fixed_random,2,results_logistic_comparison,results_logistic_comparison,logistic_regression,sgd,10,128,20000,0.05,0.9,0.0005,cuda,False,False,3,42,356,0.41834527254104614
fixed_random,2,results_logistic_comparison,results_logistic_comparison,logistic_regression,sgd,10,128,20000,0.05,0.9,0.0005,cuda,False,False,3,43,357,0.19294682145118713
fixed_random,2,results_logistic_comparison,results_logistic_comparison,logistic_regression,sgd,10,128,20000,0.05,0.9,0.0005,cuda,False,False,3,44,358,0.30740785598754883
fixed_random,2,results_logistic_comparison,results_logistic_comparison,logistic_regression,sgd,10,128,20000,0.05,0.9,0.0005,cuda,False,False,3,45,359,0.6783033609390259
fixed_random,2,results_logistic_comparison,results_logistic_comparison,logistic_regression,sgd,10,128,20000,0.05,0.9,0.0005,cuda,False,False,3,46,360,0.45491811633110046
fixed_random,2,results_logistic_comparison,results_logistic_comparison,logistic_regression,sgd,10,128,20000,0.05,0.9,0.0005,cuda,False,False,3,47,361,0.14208585023880005
fixed_random,2,results_logistic_comparison,results_logistic_comparison,logistic_regression,sgd,10,128,20000,0.05,0.9,0.0005,cuda,False,False,3,48,362,0.2076144516468048
fixed_random,2,results_logistic_comparison,results_logistic_comparison,logistic_regression,sgd,10,128,20000,0.05,0.9,0.0005,cuda,False,False,3,49,363,0.622469425201416
fixed_random,2,results_logistic_comparison,results_logistic_comparison,logistic_regression,sgd,10,128,20000,0.05,0.9,0.0005,cuda,False,False,3,50,364,0.6547436714172363
fixed_random,2,results_logistic_comparison,results_logistic_comparison,logistic_regression,sgd,10,128,20000,0.05,0.9,0.0005,cuda,False,False,3,51,365,-0.10744650661945343
fixed_random,2,results_logistic_comparison,results_logistic_comparison,logistic_regression,sgd,10,128,20000,0.05,0.9,0.0005,cuda,False,False,3,52,366,0.428312212228775
fixed_random,2,results_logistic_comparison,results_logistic_comparison,logistic_regression,sgd,10,128,20000,0.05,0.9,0.0005,cuda,False,False,3,53,367,0.1544989049434662
fixed_random,2,results_logistic_comparison,results_logistic_comparison,logistic_regression,sgd,10,128,20000,0.05,0.9,0.0005,cuda,False,False,3,54,368,0.08736695349216461
fixed_random,2,results_logistic_comparison,results_logistic_comparison,logistic_regression,sgd,10,128,20000,0.05,0.9,0.0005,cuda,False,False,3,55,369,0.24536308646202087
fixed_random,2,results_logistic_comparison,results_logistic_comparison,logistic_regression,sgd,10,128,20000,0.05,0.9,0.0005,cuda,False,False,3,56,370,0.8267414569854736
fixed_random,2,results_logistic_comparison,results_logistic_comparison,logistic_regression,sgd,10,128,20000,0.05,0.9,0.0005,cuda,False,False,3,57,371,0.5782259702682495
fixed_random,2,results_logistic_comparison,results_logistic_comparison,logistic_regression,sgd,10,128,20000,0.05,0.9,0.0005,cuda,False,False,3,58,372,0.17964939773082733
fixed_random,2,results_logistic_comparison,results_logistic_comparison,logistic_regression,sgd,10,128,20000,0.05,0.9,0.0005,cuda,False,False,3,59,373,-0.026599382981657982
fixed_random,2,results_logistic_comparison,results_logistic_comparison,logistic_regression,sgd,10,128,20000,0.05,0.9,0.0005,cuda,False,False,3,60,374,0.6899838447570801
fixed_random,2,results_logistic_comparison,results_logistic_comparison,logistic_regression,sgd,10,128,20000,0.05,0.9,0.0005,cuda,False,False,3,61,375,0.5451186895370483
fixed_random,2,results_logistic_comparison,results_logistic_comparison,logistic_regression,sgd,10,128,20000,0.05,0.9,0.0005,cuda,False,False,3,62,376,-0.2496143877506256
fixed_random,2,results_logistic_comparison,results_logistic_comparison,logistic_regression,sgd,10,128,20000,0.05,0.9,0.0005,cuda,False,False,3,63,377,0.7080844640731812
fixed_random,2,results_logistic_comparison,results_logistic_comparison,logistic_regression,sgd,10,128,20000,0.05,0.9,0.0005,cuda,False,False,3,64,378,0.3596019744873047
fixed_random,2,results_logistic_comparison,results_logistic_comparison,logistic_regression,sgd,10,128,20000,0.05,0.9,0.0005,cuda,False,False,3,65,379,0.28747716546058655
fixed_random,2,results_logistic_comparison,results_logistic_comparison,logistic_regression,sgd,10,128,20000,0.05,0.9,0.0005,cuda,False,False,3,66,380,-0.5436838865280151
fixed_random,2,results_logistic_comparison,results_logistic_comparison,logistic_regression,sgd,10,128,20000,0.05,0.9,0.0005,cuda,False,False,3,67,381,-0.03304708003997803
fixed_random,2,results_logistic_comparison,results_logistic_comparison,logistic_regression,sgd,10,128,20000,0.05,0.9,0.0005,cuda,False,False,3,68,382,0.4845346212387085
fixed_random,2,results_logistic_comparison,results_logistic_comparison,logistic_regression,sgd,10,128,20000,0.05,0.9,0.0005,cuda,False,False,3,69,383,0.14349579811096191
fixed_random,2,results_logistic_comparison,results_logistic_comparison,logistic_regression,sgd,10,128,20000,0.05,0.9,0.0005,cuda,False,False,3,70,384,-0.13626672327518463
fixed_random,2,results_logistic_comparison,results_logistic_comparison,logistic_regression,sgd,10,128,20000,0.05,0.9,0.0005,cuda,False,False,3,71,385,0.7034985423088074
fixed_random,2,results_logistic_comparison,results_logistic_comparison,logistic_regression,sgd,10,128,20000,0.05,0.9,0.0005,cuda,False,False,3,72,386,-0.01767764240503311
fixed_random,2,results_logistic_comparison,results_logistic_comparison,logistic_regression,sgd,10,128,20000,0.05,0.9,0.0005,cuda,False,False,3,73,387,0.589240550994873
fixed_random,2,results_logistic_comparison,results_logistic_comparison,logistic_regression,sgd,10,128,20000,0.05,0.9,0.0005,cuda,False,False,3,74,388,0.45010730624198914
fixed_random,2,results_logistic_comparison,results_logistic_comparison,logistic_regression,sgd,10,128,20000,0.05,0.9,0.0005,cuda,False,False,3,75,389,0.4629221260547638
fixed_random,2,results_logistic_comparison,results_logistic_comparison,logistic_regression,sgd,10,128,20000,0.05,0.9,0.0005,cuda,False,False,3,76,390,0.2862195372581482
fixed_random,2,results_logistic_comparison,results_logistic_comparison,logistic_regression,sgd,10,128,20000,0.05,0.9,0.0005,cuda,False,False,3,77,391,-0.10598251223564148
fixed_random,2,results_logistic_comparison,results_logistic_comparison,logistic_regression,sgd,10,128,20000,0.05,0.9,0.0005,cuda,False,False,3,78,392,0.7801814079284668
fixed_random,2,results_logistic_comparison,results_logistic_comparison,logistic_regression,sgd,10,128,20000,0.05,0.9,0.0005,cuda,False,False,3,79,393,0.5620447397232056
fixed_random,2,results_logistic_comparison,results_logistic_comparison,logistic_regression,sgd,10,128,20000,0.05,0.9,0.0005,cuda,False,False,3,80,394,0.17502965033054352
fixed_random,2,results_logistic_comparison,results_logistic_comparison,logistic_regression,sgd,10,128,20000,0.05,0.9,0.0005,cuda,False,False,3,81,395,0.1559150069952011
fixed_random,2,results_logistic_comparison,results_logistic_comparison,logistic_regression,sgd,10,128,20000,0.05,0.9,0.0005,cuda,False,False,3,82,396,0.20723670721054077
fixed_random,2,results_logistic_comparison,results_logistic_comparison,logistic_regression,sgd,10,128,20000,0.05,0.9,0.0005,cuda,False,False,3,83,397,0.03709563612937927
fixed_random,2,results_logistic_comparison,results_logistic_comparison,logistic_regression,sgd,10,128,20000,0.05,0.9,0.0005,cuda,False,False,3,84,398,0.5099877715110779
fixed_random,2,results_logistic_comparison,results_logistic_comparison,logistic_regression,sgd,10,128,20000,0.05,0.9,0.0005,cuda,False,False,3,85,399,0.4824616312980652
fixed_random,2,results_logistic_comparison,results_logistic_comparison,logistic_regression,sgd,10,128,20000,0.05,0.9,0.0005,cuda,False,False,3,86,400,0.2978236675262451
fixed_random,2,results_logistic_comparison,results_logistic_comparison,logistic_regression,sgd,10,128,20000,0.05,0.9,0.0005,cuda,False,False,3,87,401,-0.0401177778840065
fixed_random,2,results_logistic_comparison,results_logistic_comparison,logistic_regression,sgd,10,128,20000,0.05,0.9,0.0005,cuda,False,False,3,88,402,0.5995962619781494
fixed_random,2,results_logistic_comparison,results_logistic_comparison,logistic_regression,sgd,10,128,20000,0.05,0.9,0.0005,cuda,False,False,3,89,403,0.14107397198677063
fixed_random,2,results_logistic_comparison,results_logistic_comparison,logistic_regression,sgd,10,128,20000,0.05,0.9,0.0005,cuda,False,False,3,90,404,0.5250715613365173
fixed_random,2,results_logistic_comparison,results_logistic_comparison,logistic_regression,sgd,10,128,20000,0.05,0.9,0.0005,cuda,False,False,3,91,405,0.7241137027740479
fixed_random,2,results_logistic_comparison,results_logistic_comparison,logistic_regression,sgd,10,128,20000,0.05,0.9,0.0005,cuda,False,False,3,92,406,0.4167077839374542
fixed_random,2,results_logistic_comparison,results_logistic_comparison,logistic_regression,sgd,10,128,20000,0.05,0.9,0.0005,cuda,False,False,3,93,407,0.1911107897758484
fixed_random,2,results_logistic_comparison,results_logistic_comparison,logistic_regression,sgd,10,128,20000,0.05,0.9,0.0005,cuda,False,False,3,94,408,0.514517605304718
fixed_random,2,results_logistic_comparison,results_logistic_comparison,logistic_regression,sgd,10,128,20000,0.05,0.9,0.0005,cuda,False,False,3,95,409,-0.00763438967987895
fixed_random,2,results_logistic_comparison,results_logistic_comparison,logistic_regression,sgd,10,128,20000,0.05,0.9,0.0005,cuda,False,False,3,96,410,0.09941866993904114
fixed_random,2,results_logistic_comparison,results_logistic_comparison,logistic_regression,sgd,10,128,20000,0.05,0.9,0.0005,cuda,False,False,3,97,411,0.6657272577285767
fixed_random,2,results_logistic_comparison,results_logistic_comparison,logistic_regression,sgd,10,128,20000,0.05,0.9,0.0005,cuda,False,False,3,98,412,0.7191045880317688
fixed_random,2,results_logistic_comparison,results_logistic_comparison,logistic_regression,sgd,10,128,20000,0.05,0.9,0.0005,cuda,False,False,3,99,413,-0.07471860945224762
fixed_random,2,results_logistic_comparison,results_logistic_comparison,logistic_regression,sgd,10,128,20000,0.05,0.9,0.0005,cuda,False,False,3,100,414,0.6965429782867432
fixed_random,2,results_logistic_comparison,results_logistic_comparison,logistic_regression,sgd,10,128,20000,0.05,0.9,0.0005,cuda,False,False,3,101,415,0.628173291683197
fixed_random,2,results_logistic_comparison,results_logistic_comparison,logistic_regression,sgd,10,128,20000,0.05,0.9,0.0005,cuda,False,False,3,102,416,-0.4601927399635315
fixed_random,2,results_logistic_comparison,results_logistic_comparison,logistic_regression,sgd,10,128,20000,0.05,0.9,0.0005,cuda,False,False,3,103,417,0.760983943939209
fixed_random,2,results_logistic_comparison,results_logistic_comparison,logistic_regression,sgd,10,128,20000,0.05,0.9,0.0005,cuda,False,False,3,104,418,0.40902143716812134
fixed_random,2,results_logistic_comparison,results_logistic_comparison,logistic_regression,sgd,10,128,20000,0.05,0.9,0.0005,cuda,False,False,3,105,419,-0.7109854817390442
fixed_random,2,results_logistic_comparison,results_logistic_comparison,logistic_regression,sgd,10,128,20000,0.05,0.9,0.0005,cuda,False,False,3,106,420,0.3560754060745239
fixed_random,2,results_logistic_comparison,results_logistic_comparison,logistic_regression,sgd,10,128,20000,0.05,0.9,0.0005,cuda,False,False,3,107,421,0.5300443172454834
fixed_random,2,results_logistic_comparison,results_logistic_comparison,logistic_regression,sgd,10,128,20000,0.05,0.9,0.0005,cuda,False,False,3,108,422,0.6556487083435059
fixed_random,2,results_logistic_comparison,results_logistic_comparison,logistic_regression,sgd,10,128,20000,0.05,0.9,0.0005,cuda,False,False,3,109,423,0.1726466715335846
fixed_random,2,results_logistic_comparison,results_logistic_comparison,logistic_regression,sgd,10,128,20000,0.05,0.9,0.0005,cuda,False,False,3,110,424,0.2476889193058014
fixed_random,2,results_logistic_comparison,results_logistic_comparison,logistic_regression,sgd,10,128,20000,0.05,0.9,0.0005,cuda,False,False,3,111,425,0.8289952278137207
fixed_random,2,results_logistic_comparison,results_logistic_comparison,logistic_regression,sgd,10,128,20000,0.05,0.9,0.0005,cuda,False,False,3,112,426,0.16662898659706116
fixed_random,2,results_logistic_comparison,results_logistic_comparison,logistic_regression,sgd,10,128,20000,0.05,0.9,0.0005,cuda,False,False,3,113,427,0.18268953263759613
fixed_random,2,results_logistic_comparison,results_logistic_comparison,logistic_regression,sgd,10,128,20000,0.05,0.9,0.0005,cuda,False,False,3,114,428,0.7497754096984863
fixed_random,2,results_logistic_comparison,results_logistic_comparison,logistic_regression,sgd,10,128,20000,0.05,0.9,0.0005,cuda,False,False,3,115,429,0.4491310715675354
fixed_random,2,results_logistic_comparison,results_logistic_comparison,logistic_regression,sgd,10,128,20000,0.05,0.9,0.0005,cuda,False,False,3,116,430,-0.017161203548312187
fixed_random,2,results_logistic_comparison,results_logistic_comparison,logistic_regression,sgd,10,128,20000,0.05,0.9,0.0005,cuda,False,False,3,117,431,0.7306879162788391
fixed_random,2,results_logistic_comparison,results_logistic_comparison,logistic_regression,sgd,10,128,20000,0.05,0.9,0.0005,cuda,False,False,3,118,432,0.37420743703842163
fixed_random,2,results_logistic_comparison,results_logistic_comparison,logistic_regression,sgd,10,128,20000,0.05,0.9,0.0005,cuda,False,False,3,119,433,0.43739521503448486
fixed_random,2,results_logistic_comparison,results_logistic_comparison,logistic_regression,sgd,10,128,20000,0.05,0.9,0.0005,cuda,False,False,3,120,434,0.025531992316246033
fixed_random,2,results_logistic_comparison,results_logistic_comparison,logistic_regression,sgd,10,128,20000,0.05,0.9,0.0005,cuda,False,False,3,121,435,0.5095072388648987
fixed_random,2,results_logistic_comparison,results_logistic_comparison,logistic_regression,sgd,10,128,20000,0.05,0.9,0.0005,cuda,False,False,3,122,436,0.21274173259735107
fixed_random,2,results_logistic_comparison,results_logistic_comparison,logistic_regression,sgd,10,128,20000,0.05,0.9,0.0005,cuda,False,False,3,123,437,0.3084666430950165
fixed_random,2,results_logistic_comparison,results_logistic_comparison,logistic_regression,sgd,10,128,20000,0.05,0.9,0.0005,cuda,False,False,3,124,438,0.5964025259017944
fixed_random,2,results_logistic_comparison,results_logistic_comparison,logistic_regression,sgd,10,128,20000,0.05,0.9,0.0005,cuda,False,False,3,125,439,0.30241525173187256
fixed_random,2,results_logistic_comparison,results_logistic_comparison,logistic_regression,sgd,10,128,20000,0.05,0.9,0.0005,cuda,False,False,3,126,440,0.40797698497772217
fixed_random,2,results_logistic_comparison,results_logistic_comparison,logistic_regression,sgd,10,128,20000,0.05,0.9,0.0005,cuda,False,False,3,127,441,0.8365302085876465
fixed_random,2,results_logistic_comparison,results_logistic_comparison,logistic_regression,sgd,10,128,20000,0.05,0.9,0.0005,cuda,False,False,3,128,442,0.09899213910102844
fixed_random,2,results_logistic_comparison,results_logistic_comparison,logistic_regression,sgd,10,128,20000,0.05,0.9,0.0005,cuda,False,False,3,129,443,0.6693047285079956
fixed_random,2,results_logistic_comparison,results_logistic_comparison,logistic_regression,sgd,10,128,20000,0.05,0.9,0.0005,cuda,False,False,3,130,444,-0.14399579167366028
fixed_random,2,results_logistic_comparison,results_logistic_comparison,logistic_regression,sgd,10,128,20000,0.05,0.9,0.0005,cuda,False,False,3,131,445,0.3923853039741516
fixed_random,2,results_logistic_comparison,results_logistic_comparison,logistic_regression,sgd,10,128,20000,0.05,0.9,0.0005,cuda,False,False,3,132,446,0.9043735265731812
fixed_random,2,results_logistic_comparison,results_logistic_comparison,logistic_regression,sgd,10,128,20000,0.05,0.9,0.0005,cuda,False,False,3,133,447,0.420627236366272
fixed_random,2,results_logistic_comparison,results_logistic_comparison,logistic_regression,sgd,10,128,20000,0.05,0.9,0.0005,cuda,False,False,3,134,448,-0.26353734731674194
fixed_random,2,results_logistic_comparison,results_logistic_comparison,logistic_regression,sgd,10,128,20000,0.05,0.9,0.0005,cuda,False,False,3,135,449,0.6743292212486267
fixed_random,2,results_logistic_comparison,results_logistic_comparison,logistic_regression,sgd,10,128,20000,0.05,0.9,0.0005,cuda,False,False,3,136,450,-0.10466724634170532
fixed_random,2,results_logistic_comparison,results_logistic_comparison,logistic_regression,sgd,10,128,20000,0.05,0.9,0.0005,cuda,False,False,3,137,451,0.3182196617126465
fixed_random,2,results_logistic_comparison,results_logistic_comparison,logistic_regression,sgd,10,128,20000,0.05,0.9,0.0005,cuda,False,False,3,138,452,0.3152751922607422
fixed_random,2,results_logistic_comparison,results_logistic_comparison,logistic_regression,sgd,10,128,20000,0.05,0.9,0.0005,cuda,False,False,3,139,453,0.7637935876846313
fixed_random,2,results_logistic_comparison,results_logistic_comparison,logistic_regression,sgd,10,128,20000,0.05,0.9,0.0005,cuda,False,False,3,140,454,0.8934316039085388
fixed_random,2,results_logistic_comparison,results_logistic_comparison,logistic_regression,sgd,10,128,20000,0.05,0.9,0.0005,cuda,False,False,3,141,455,-0.5575389862060547
fixed_random,2,results_logistic_comparison,results_logistic_comparison,logistic_regression,sgd,10,128,20000,0.05,0.9,0.0005,cuda,False,False,3,142,456,0.3614581227302551
fixed_random,2,results_logistic_comparison,results_logistic_comparison,logistic_regression,sgd,10,128,20000,0.05,0.9,0.0005,cuda,False,False,3,143,457,0.5883064270019531
fixed_random,2,results_logistic_comparison,results_logistic_comparison,logistic_regression,sgd,10,128,20000,0.05,0.9,0.0005,cuda,False,False,3,144,458,0.5552062392234802
fixed_random,2,results_logistic_comparison,results_logistic_comparison,logistic_regression,sgd,10,128,20000,0.05,0.9,0.0005,cuda,False,False,3,145,459,0.6601116061210632
fixed_random,2,results_logistic_comparison,results_logistic_comparison,logistic_regression,sgd,10,128,20000,0.05,0.9,0.0005,cuda,False,False,3,146,460,0.6417977809906006
fixed_random,2,results_logistic_comparison,results_logistic_comparison,logistic_regression,sgd,10,128,20000,0.05,0.9,0.0005,cuda,False,False,3,147,461,-0.34793341159820557
fixed_random,2,results_logistic_comparison,results_logistic_comparison,logistic_regression,sgd,10,128,20000,0.05,0.9,0.0005,cuda,False,False,3,148,462,0.8118694424629211
fixed_random,2,results_logistic_comparison,results_logistic_comparison,logistic_regression,sgd,10,128,20000,0.05,0.9,0.0005,cuda,False,False,3,149,463,0.8377940654754639
fixed_random,2,results_logistic_comparison,results_logistic_comparison,logistic_regression,sgd,10,128,20000,0.05,0.9,0.0005,cuda,False,False,3,150,464,-0.013516541570425034
fixed_random,2,results_logistic_comparison,results_logistic_comparison,logistic_regression,sgd,10,128,20000,0.05,0.9,0.0005,cuda,False,False,3,151,465,0.7222356796264648
fixed_random,2,results_logistic_comparison,results_logistic_comparison,logistic_regression,sgd,10,128,20000,0.05,0.9,0.0005,cuda,False,False,3,152,466,0.5926601886749268
fixed_random,2,results_logistic_comparison,results_logistic_comparison,logistic_regression,sgd,10,128,20000,0.05,0.9,0.0005,cuda,False,False,3,153,467,0.23118361830711365
fixed_random,2,results_logistic_comparison,results_logistic_comparison,logistic_regression,sgd,10,128,20000,0.05,0.9,0.0005,cuda,False,False,3,154,468,-0.016412384808063507
fixed_random,2,results_logistic_comparison,results_logistic_comparison,logistic_regression,sgd,10,128,20000,0.05,0.9,0.0005,cuda,False,False,3,155,469,-0.05438237637281418
fixed_random,2,results_logistic_comparison,results_logistic_comparison,logistic_regression,sgd,10,128,20000,0.05,0.9,0.0005,cuda,False,False,3,156,470,0.5078496336936951
fixed_random,2,results_logistic_comparison,results_logistic_comparison,logistic_regression,sgd,10,128,20000,0.05,0.9,0.0005,cuda,False,False,3,157,471,0.6537598371505737
fixed_random,2,results_logistic_comparison,results_logistic_comparison,logistic_regression,sgd,10,128,20000,0.05,0.9,0.0005,cuda,False,False,4,1,472,0.025575503706932068
fixed_random,2,results_logistic_comparison,results_logistic_comparison,logistic_regression,sgd,10,128,20000,0.05,0.9,0.0005,cuda,False,False,4,2,473,0.49989670515060425
fixed_random,2,results_logistic_comparison,results_logistic_comparison,logistic_regression,sgd,10,128,20000,0.05,0.9,0.0005,cuda,False,False,4,3,474,0.2322564721107483
fixed_random,2,results_logistic_comparison,results_logistic_comparison,logistic_regression,sgd,10,128,20000,0.05,0.9,0.0005,cuda,False,False,4,4,475,0.8252028226852417
fixed_random,2,results_logistic_comparison,results_logistic_comparison,logistic_regression,sgd,10,128,20000,0.05,0.9,0.0005,cuda,False,False,4,5,476,-0.35296136140823364
fixed_random,2,results_logistic_comparison,results_logistic_comparison,logistic_regression,sgd,10,128,20000,0.05,0.9,0.0005,cuda,False,False,4,6,477,0.6115061044692993
fixed_random,2,results_logistic_comparison,results_logistic_comparison,logistic_regression,sgd,10,128,20000,0.05,0.9,0.0005,cuda,False,False,4,7,478,0.8147983551025391
fixed_random,2,results_logistic_comparison,results_logistic_comparison,logistic_regression,sgd,10,128,20000,0.05,0.9,0.0005,cuda,False,False,4,8,479,0.5132361054420471
fixed_random,2,results_logistic_comparison,results_logistic_comparison,logistic_regression,sgd,10,128,20000,0.05,0.9,0.0005,cuda,False,False,4,9,480,0.24033597111701965
fixed_random,2,results_logistic_comparison,results_logistic_comparison,logistic_regression,sgd,10,128,20000,0.05,0.9,0.0005,cuda,False,False,4,10,481,0.3760479688644409
fixed_random,2,results_logistic_comparison,results_logistic_comparison,logistic_regression,sgd,10,128,20000,0.05,0.9,0.0005,cuda,False,False,4,11,482,0.6383218765258789
fixed_random,2,results_logistic_comparison,results_logistic_comparison,logistic_regression,sgd,10,128,20000,0.05,0.9,0.0005,cuda,False,False,4,12,483,0.8614387512207031
fixed_random,2,results_logistic_comparison,results_logistic_comparison,logistic_regression,sgd,10,128,20000,0.05,0.9,0.0005,cuda,False,False,4,13,484,-0.5735824108123779
fixed_random,2,results_logistic_comparison,results_logistic_comparison,logistic_regression,sgd,10,128,20000,0.05,0.9,0.0005,cuda,False,False,4,14,485,0.8844593167304993
fixed_random,2,results_logistic_comparison,results_logistic_comparison,logistic_regression,sgd,10,128,20000,0.05,0.9,0.0005,cuda,False,False,4,15,486,-0.03395051881670952
fixed_random,2,results_logistic_comparison,results_logistic_comparison,logistic_regression,sgd,10,128,20000,0.05,0.9,0.0005,cuda,False,False,4,16,487,0.6095802783966064
fixed_random,2,results_logistic_comparison,results_logistic_comparison,logistic_regression,sgd,10,128,20000,0.05,0.9,0.0005,cuda,False,False,4,17,488,-0.16239780187606812
fixed_random,2,results_logistic_comparison,results_logistic_comparison,logistic_regression,sgd,10,128,20000,0.05,0.9,0.0005,cuda,False,False,4,18,489,0.87394779920578
fixed_random,2,results_logistic_comparison,results_logistic_comparison,logistic_regression,sgd,10,128,20000,0.05,0.9,0.0005,cuda,False,False,4,19,490,0.290118008852005
fixed_random,2,results_logistic_comparison,results_logistic_comparison,logistic_regression,sgd,10,128,20000,0.05,0.9,0.0005,cuda,False,False,4,20,491,0.12722370028495789
fixed_random,2,results_logistic_comparison,results_logistic_comparison,logistic_regression,sgd,10,128,20000,0.05,0.9,0.0005,cuda,False,False,4,21,492,0.7926018834114075
fixed_random,2,results_logistic_comparison,results_logistic_comparison,logistic_regression,sgd,10,128,20000,0.05,0.9,0.0005,cuda,False,False,4,22,493,0.2029303014278412
fixed_random,2,results_logistic_comparison,results_logistic_comparison,logistic_regression,sgd,10,128,20000,0.05,0.9,0.0005,cuda,False,False,4,23,494,0.7213866114616394
fixed_random,2,results_logistic_comparison,results_logistic_comparison,logistic_regression,sgd,10,128,20000,0.05,0.9,0.0005,cuda,False,False,4,24,495,0.4599373936653137
fixed_random,2,results_logistic_comparison,results_logistic_comparison,logistic_regression,sgd,10,128,20000,0.05,0.9,0.0005,cuda,False,False,4,25,496,0.7098187208175659
fixed_random,2,results_logistic_comparison,results_logistic_comparison,logistic_regression,sgd,10,128,20000,0.05,0.9,0.0005,cuda,False,False,4,26,497,0.6797988414764404
fixed_random,2,results_logistic_comparison,results_logistic_comparison,logistic_regression,sgd,10,128,20000,0.05,0.9,0.0005,cuda,False,False,4,27,498,0.3294636607170105
fixed_random,2,results_logistic_comparison,results_logistic_comparison,logistic_regression,sgd,10,128,20000,0.05,0.9,0.0005,cuda,False,False,4,28,499,0.2500876784324646
fixed_random,2,results_logistic_comparison,results_logistic_comparison,logistic_regression,sgd,10,128,20000,0.05,0.9,0.0005,cuda,False,False,4,29,500,0.7133924961090088
fixed_random,2,results_logistic_comparison,results_logistic_comparison,logistic_regression,sgd,10,128,20000,0.05,0.9,0.0005,cuda,False,False,4,30,501,0.5046700835227966
fixed_random,2,results_logistic_comparison,results_logistic_comparison,logistic_regression,sgd,10,128,20000,0.05,0.9,0.0005,cuda,False,False,4,31,502,-0.23838326334953308
fixed_random,2,results_logistic_comparison,results_logistic_comparison,logistic_regression,sgd,10,128,20000,0.05,0.9,0.0005,cuda,False,False,4,32,503,0.6297186017036438
fixed_random,2,results_logistic_comparison,results_logistic_comparison,logistic_regression,sgd,10,128,20000,0.05,0.9,0.0005,cuda,False,False,4,33,504,0.28446757793426514
fixed_random,2,results_logistic_comparison,results_logistic_comparison,logistic_regression,sgd,10,128,20000,0.05,0.9,0.0005,cuda,False,False,4,34,505,-0.01207011565566063
fixed_random,2,results_logistic_comparison,results_logistic_comparison,logistic_regression,sgd,10,128,20000,0.05,0.9,0.0005,cuda,False,False,4,35,506,0.15263433754444122
fixed_random,2,results_logistic_comparison,results_logistic_comparison,logistic_regression,sgd,10,128,20000,0.05,0.9,0.0005,cuda,False,False,4,36,507,-0.2023833692073822
fixed_random,2,results_logistic_comparison,results_logistic_comparison,logistic_regression,sgd,10,128,20000,0.05,0.9,0.0005,cuda,False,False,4,37,508,0.45603489875793457
fixed_random,2,results_logistic_comparison,results_logistic_comparison,logistic_regression,sgd,10,128,20000,0.05,0.9,0.0005,cuda,False,False,4,38,509,0.35845139622688293
fixed_random,2,results_logistic_comparison,results_logistic_comparison,logistic_regression,sgd,10,128,20000,0.05,0.9,0.0005,cuda,False,False,4,39,510,-0.4278092086315155
fixed_random,2,results_logistic_comparison,results_logistic_comparison,logistic_regression,sgd,10,128,20000,0.05,0.9,0.0005,cuda,False,False,4,40,511,0.5688837170600891
fixed_random,2,results_logistic_comparison,results_logistic_comparison,logistic_regression,sgd,10,128,20000,0.05,0.9,0.0005,cuda,False,False,4,41,512,0.28832903504371643
fixed_random,2,results_logistic_comparison,results_logistic_comparison,logistic_regression,sgd,10,128,20000,0.05,0.9,0.0005,cuda,False,False,4,42,513,0.346077024936676
fixed_random,2,results_logistic_comparison,results_logistic_comparison,logistic_regression,sgd,10,128,20000,0.05,0.9,0.0005,cuda,False,False,4,43,514,-0.18217094242572784
fixed_random,2,results_logistic_comparison,results_logistic_comparison,logistic_regression,sgd,10,128,20000,0.05,0.9,0.0005,cuda,False,False,4,44,515,0.4737352430820465
fixed_random,2,results_logistic_comparison,results_logistic_comparison,logistic_regression,sgd,10,128,20000,0.05,0.9,0.0005,cuda,False,False,4,45,516,-0.11996495723724365
fixed_random,2,results_logistic_comparison,results_logistic_comparison,logistic_regression,sgd,10,128,20000,0.05,0.9,0.0005,cuda,False,False,4,46,517,0.6047207117080688
fixed_random,2,results_logistic_comparison,results_logistic_comparison,logistic_regression,sgd,10,128,20000,0.05,0.9,0.0005,cuda,False,False,4,47,518,-0.1148838996887207
fixed_random,2,results_logistic_comparison,results_logistic_comparison,logistic_regression,sgd,10,128,20000,0.05,0.9,0.0005,cuda,False,False,4,48,519,0.29154980182647705
fixed_random,2,results_logistic_comparison,results_logistic_comparison,logistic_regression,sgd,10,128,20000,0.05,0.9,0.0005,cuda,False,False,4,49,520,0.47782063484191895
fixed_random,2,results_logistic_comparison,results_logistic_comparison,logistic_regression,sgd,10,128,20000,0.05,0.9,0.0005,cuda,False,False,4,50,521,0.0022278032265603542
fixed_random,2,results_logistic_comparison,results_logistic_comparison,logistic_regression,sgd,10,128,20000,0.05,0.9,0.0005,cuda,False,False,4,51,522,0.49150174856185913
fixed_random,2,results_logistic_comparison,results_logistic_comparison,logistic_regression,sgd,10,128,20000,0.05,0.9,0.0005,cuda,False,False,4,52,523,0.418731689453125
fixed_random,2,results_logistic_comparison,results_logistic_comparison,logistic_regression,sgd,10,128,20000,0.05,0.9,0.0005,cuda,False,False,4,53,524,0.09424230456352234
fixed_random,2,results_logistic_comparison,results_logistic_comparison,logistic_regression,sgd,10,128,20000,0.05,0.9,0.0005,cuda,False,False,4,54,525,0.20498859882354736
fixed_random,2,results_logistic_comparison,results_logistic_comparison,logistic_regression,sgd,10,128,20000,0.05,0.9,0.0005,cuda,False,False,4,55,526,0.6510681509971619
fixed_random,2,results_logistic_comparison,results_logistic_comparison,logistic_regression,sgd,10,128,20000,0.05,0.9,0.0005,cuda,False,False,4,56,527,0.11728174984455109
fixed_random,2,results_logistic_comparison,results_logistic_comparison,logistic_regression,sgd,10,128,20000,0.05,0.9,0.0005,cuda,False,False,4,57,528,0.5294179320335388
fixed_random,2,results_logistic_comparison,results_logistic_comparison,logistic_regression,sgd,10,128,20000,0.05,0.9,0.0005,cuda,False,False,4,58,529,0.19223691523075104
fixed_random,2,results_logistic_comparison,results_logistic_comparison,logistic_regression,sgd,10,128,20000,0.05,0.9,0.0005,cuda,False,False,4,59,530,-0.12873628735542297
fixed_random,2,results_logistic_comparison,results_logistic_comparison,logistic_regression,sgd,10,128,20000,0.05,0.9,0.0005,cuda,False,False,4,60,531,0.48070067167282104
fixed_random,2,results_logistic_comparison,results_logistic_comparison,logistic_regression,sgd,10,128,20000,0.05,0.9,0.0005,cuda,False,False,4,61,532,0.25750142335891724
fixed_random,2,results_logistic_comparison,results_logistic_comparison,logistic_regression,sgd,10,128,20000,0.05,0.9,0.0005,cuda,False,False,4,62,533,-0.10071331262588501
fixed_random,2,results_logistic_comparison,results_logistic_comparison,logistic_regression,sgd,10,128,20000,0.05,0.9,0.0005,cuda,False,False,4,63,534,0.7405241131782532
fixed_random,2,results_logistic_comparison,results_logistic_comparison,logistic_regression,sgd,10,128,20000,0.05,0.9,0.0005,cuda,False,False,4,64,535,0.04219934344291687
fixed_random,2,results_logistic_comparison,results_logistic_comparison,logistic_regression,sgd,10,128,20000,0.05,0.9,0.0005,cuda,False,False,4,65,536,-0.1313524842262268
fixed_random,2,results_logistic_comparison,results_logistic_comparison,logistic_regression,sgd,10,128,20000,0.05,0.9,0.0005,cuda,False,False,4,66,537,-0.1398056149482727
fixed_random,2,results_logistic_comparison,results_logistic_comparison,logistic_regression,sgd,10,128,20000,0.05,0.9,0.0005,cuda,False,False,4,67,538,-0.0646151676774025
fixed_random,2,results_logistic_comparison,results_logistic_comparison,logistic_regression,sgd,10,128,20000,0.05,0.9,0.0005,cuda,False,False,4,68,539,0.2831483483314514
fixed_random,2,results_logistic_comparison,results_logistic_comparison,logistic_regression,sgd,10,128,20000,0.05,0.9,0.0005,cuda,False,False,4,69,540,0.26006394624710083
fixed_random,2,results_logistic_comparison,results_logistic_comparison,logistic_regression,sgd,10,128,20000,0.05,0.9,0.0005,cuda,False,False,4,70,541,-0.14502577483654022
fixed_random,2,results_logistic_comparison,results_logistic_comparison,logistic_regression,sgd,10,128,20000,0.05,0.9,0.0005,cuda,False,False,4,71,542,0.5145443677902222
fixed_random,2,results_logistic_comparison,results_logistic_comparison,logistic_regression,sgd,10,128,20000,0.05,0.9,0.0005,cuda,False,False,4,72,543,-0.044813331216573715
fixed_random,2,results_logistic_comparison,results_logistic_comparison,logistic_regression,sgd,10,128,20000,0.05,0.9,0.0005,cuda,False,False,4,73,544,0.5143605470657349
fixed_random,2,results_logistic_comparison,results_logistic_comparison,logistic_regression,sgd,10,128,20000,0.05,0.9,0.0005,cuda,False,False,4,74,545,0.4964030683040619
fixed_random,2,results_logistic_comparison,results_logistic_comparison,logistic_regression,sgd,10,128,20000,0.05,0.9,0.0005,cuda,False,False,4,75,546,-0.20244565606117249
fixed_random,2,results_logistic_comparison,results_logistic_comparison,logistic_regression,sgd,10,128,20000,0.05,0.9,0.0005,cuda,False,False,4,76,547,0.8043491840362549
fixed_random,2,results_logistic_comparison,results_logistic_comparison,logistic_regression,sgd,10,128,20000,0.05,0.9,0.0005,cuda,False,False,4,77,548,-0.3638092875480652
fixed_random,2,results_logistic_comparison,results_logistic_comparison,logistic_regression,sgd,10,128,20000,0.05,0.9,0.0005,cuda,False,False,4,78,549,0.7307257652282715
fixed_random,2,results_logistic_comparison,results_logistic_comparison,logistic_regression,sgd,10,128,20000,0.05,0.9,0.0005,cuda,False,False,4,79,550,0.47023627161979675
fixed_random,2,results_logistic_comparison,results_logistic_comparison,logistic_regression,sgd,10,128,20000,0.05,0.9,0.0005,cuda,False,False,4,80,551,0.2962619662284851
fixed_random,2,results_logistic_comparison,results_logistic_comparison,logistic_regression,sgd,10,128,20000,0.05,0.9,0.0005,cuda,False,False,4,81,552,-0.09930214285850525
fixed_random,2,results_logistic_comparison,results_logistic_comparison,logistic_regression,sgd,10,128,20000,0.05,0.9,0.0005,cuda,False,False,4,82,553,0.799994707107544
fixed_random,2,results_logistic_comparison,results_logistic_comparison,logistic_regression,sgd,10,128,20000,0.05,0.9,0.0005,cuda,False,False,4,83,554,-0.4581502676010132
fixed_random,2,results_logistic_comparison,results_logistic_comparison,logistic_regression,sgd,10,128,20000,0.05,0.9,0.0005,cuda,False,False,4,84,555,0.3184478282928467
fixed_random,2,results_logistic_comparison,results_logistic_comparison,logistic_regression,sgd,10,128,20000,0.05,0.9,0.0005,cuda,False,False,4,85,556,0.7224141359329224
fixed_random,2,results_logistic_comparison,results_logistic_comparison,logistic_regression,sgd,10,128,20000,0.05,0.9,0.0005,cuda,False,False,4,86,557,0.6725940704345703
fixed_random,2,results_logistic_comparison,results_logistic_comparison,logistic_regression,sgd,10,128,20000,0.05,0.9,0.0005,cuda,False,False,4,87,558,-0.4619538486003876
fixed_random,2,results_logistic_comparison,results_logistic_comparison,logistic_regression,sgd,10,128,20000,0.05,0.9,0.0005,cuda,False,False,4,88,559,0.7387434244155884
fixed_random,2,results_logistic_comparison,results_logistic_comparison,logistic_regression,sgd,10,128,20000,0.05,0.9,0.0005,cuda,False,False,4,89,560,0.6982722282409668
fixed_random,2,results_logistic_comparison,results_logistic_comparison,logistic_regression,sgd,10,128,20000,0.05,0.9,0.0005,cuda,False,False,4,90,561,-0.3307957053184509
fixed_random,2,results_logistic_comparison,results_logistic_comparison,logistic_regression,sgd,10,128,20000,0.05,0.9,0.0005,cuda,False,False,4,91,562,0.7580657005310059
fixed_random,2,results_logistic_comparison,results_logistic_comparison,logistic_regression,sgd,10,128,20000,0.05,0.9,0.0005,cuda,False,False,4,92,563,0.5334311723709106
fixed_random,2,results_logistic_comparison,results_logistic_comparison,logistic_regression,sgd,10,128,20000,0.05,0.9,0.0005,cuda,False,False,4,93,564,0.33262330293655396
fixed_random,2,results_logistic_comparison,results_logistic_comparison,logistic_regression,sgd,10,128,20000,0.05,0.9,0.0005,cuda,False,False,4,94,565,0.032190632075071335
fixed_random,2,results_logistic_comparison,results_logistic_comparison,logistic_regression,sgd,10,128,20000,0.05,0.9,0.0005,cuda,False,False,4,95,566,0.380046010017395
fixed_random,2,results_logistic_comparison,results_logistic_comparison,logistic_regression,sgd,10,128,20000,0.05,0.9,0.0005,cuda,False,False,4,96,567,0.48762521147727966
fixed_random,2,results_logistic_comparison,results_logistic_comparison,logistic_regression,sgd,10,128,20000,0.05,0.9,0.0005,cuda,False,False,4,97,568,0.4564761221408844
fixed_random,2,results_logistic_comparison,results_logistic_comparison,logistic_regression,sgd,10,128,20000,0.05,0.9,0.0005,cuda,False,False,4,98,569,0.4412843883037567
fixed_random,2,results_logistic_comparison,results_logistic_comparison,logistic_regression,sgd,10,128,20000,0.05,0.9,0.0005,cuda,False,False,4,99,570,0.5209440588951111
fixed_random,2,results_logistic_comparison,results_logistic_comparison,logistic_regression,sgd,10,128,20000,0.05,0.9,0.0005,cuda,False,False,4,100,571,0.2973018288612366
fixed_random,2,results_logistic_comparison,results_logistic_comparison,logistic_regression,sgd,10,128,20000,0.05,0.9,0.0005,cuda,False,False,4,101,572,0.7405077219009399
fixed_random,2,results_logistic_comparison,results_logistic_comparison,logistic_regression,sgd,10,128,20000,0.05,0.9,0.0005,cuda,False,False,4,102,573,-0.36844199895858765
fixed_random,2,results_logistic_comparison,results_logistic_comparison,logistic_regression,sgd,10,128,20000,0.05,0.9,0.0005,cuda,False,False,4,103,574,0.7385767698287964
fixed_random,2,results_logistic_comparison,results_logistic_comparison,logistic_regression,sgd,10,128,20000,0.05,0.9,0.0005,cuda,False,False,4,104,575,0.18113760650157928
fixed_random,2,results_logistic_comparison,results_logistic_comparison,logistic_regression,sgd,10,128,20000,0.05,0.9,0.0005,cuda,False,False,4,105,576,0.09672749042510986
fixed_random,2,results_logistic_comparison,results_logistic_comparison,logistic_regression,sgd,10,128,20000,0.05,0.9,0.0005,cuda,False,False,4,106,577,0.37623804807662964
fixed_random,2,results_logistic_comparison,results_logistic_comparison,logistic_regression,sgd,10,128,20000,0.05,0.9,0.0005,cuda,False,False,4,107,578,0.3430165648460388
fixed_random,2,results_logistic_comparison,results_logistic_comparison,logistic_regression,sgd,10,128,20000,0.05,0.9,0.0005,cuda,False,False,4,108,579,0.6517211198806763
fixed_random,2,results_logistic_comparison,results_logistic_comparison,logistic_regression,sgd,10,128,20000,0.05,0.9,0.0005,cuda,False,False,4,109,580,0.5489606857299805
fixed_random,2,results_logistic_comparison,results_logistic_comparison,logistic_regression,sgd,10,128,20000,0.05,0.9,0.0005,cuda,False,False,4,110,581,-0.04407573863863945
fixed_random,2,results_logistic_comparison,results_logistic_comparison,logistic_regression,sgd,10,128,20000,0.05,0.9,0.0005,cuda,False,False,4,111,582,0.8673825860023499
fixed_random,2,results_logistic_comparison,results_logistic_comparison,logistic_regression,sgd,10,128,20000,0.05,0.9,0.0005,cuda,False,False,4,112,583,0.6943175196647644
fixed_random,2,results_logistic_comparison,results_logistic_comparison,logistic_regression,sgd,10,128,20000,0.05,0.9,0.0005,cuda,False,False,4,113,584,-0.19399258494377136
fixed_random,2,results_logistic_comparison,results_logistic_comparison,logistic_regression,sgd,10,128,20000,0.05,0.9,0.0005,cuda,False,False,4,114,585,0.770668089389801
fixed_random,2,results_logistic_comparison,results_logistic_comparison,logistic_regression,sgd,10,128,20000,0.05,0.9,0.0005,cuda,False,False,4,115,586,0.6584660410881042
fixed_random,2,results_logistic_comparison,results_logistic_comparison,logistic_regression,sgd,10,128,20000,0.05,0.9,0.0005,cuda,False,False,4,116,587,0.016328519210219383
fixed_random,2,results_logistic_comparison,results_logistic_comparison,logistic_regression,sgd,10,128,20000,0.05,0.9,0.0005,cuda,False,False,4,117,588,0.4533690810203552
fixed_random,2,results_logistic_comparison,results_logistic_comparison,logistic_regression,sgd,10,128,20000,0.05,0.9,0.0005,cuda,False,False,4,118,589,0.8140172958374023
fixed_random,2,results_logistic_comparison,results_logistic_comparison,logistic_regression,sgd,10,128,20000,0.05,0.9,0.0005,cuda,False,False,4,119,590,0.5443636178970337
fixed_random,2,results_logistic_comparison,results_logistic_comparison,logistic_regression,sgd,10,128,20000,0.05,0.9,0.0005,cuda,False,False,4,120,591,-0.4941291809082031
fixed_random,2,results_logistic_comparison,results_logistic_comparison,logistic_regression,sgd,10,128,20000,0.05,0.9,0.0005,cuda,False,False,4,121,592,0.7417831420898438
fixed_random,2,results_logistic_comparison,results_logistic_comparison,logistic_regression,sgd,10,128,20000,0.05,0.9,0.0005,cuda,False,False,4,122,593,-0.005325012840330601
fixed_random,2,results_logistic_comparison,results_logistic_comparison,logistic_regression,sgd,10,128,20000,0.05,0.9,0.0005,cuda,False,False,4,123,594,-0.012888285331428051
fixed_random,2,results_logistic_comparison,results_logistic_comparison,logistic_regression,sgd,10,128,20000,0.05,0.9,0.0005,cuda,False,False,4,124,595,0.8046051859855652
fixed_random,2,results_logistic_comparison,results_logistic_comparison,logistic_regression,sgd,10,128,20000,0.05,0.9,0.0005,cuda,False,False,4,125,596,0.4705018997192383
fixed_random,2,results_logistic_comparison,results_logistic_comparison,logistic_regression,sgd,10,128,20000,0.05,0.9,0.0005,cuda,False,False,4,126,597,-0.22874370217323303
fixed_random,2,results_logistic_comparison,results_logistic_comparison,logistic_regression,sgd,10,128,20000,0.05,0.9,0.0005,cuda,False,False,4,127,598,0.7180935740470886
fixed_random,2,results_logistic_comparison,results_logistic_comparison,logistic_regression,sgd,10,128,20000,0.05,0.9,0.0005,cuda,False,False,4,128,599,0.2889120578765869
fixed_random,2,results_logistic_comparison,results_logistic_comparison,logistic_regression,sgd,10,128,20000,0.05,0.9,0.0005,cuda,False,False,4,129,600,0.6178073287010193
fixed_random,2,results_logistic_comparison,results_logistic_comparison,logistic_regression,sgd,10,128,20000,0.05,0.9,0.0005,cuda,False,False,4,130,601,-0.1996835172176361
fixed_random,2,results_logistic_comparison,results_logistic_comparison,logistic_regression,sgd,10,128,20000,0.05,0.9,0.0005,cuda,False,False,4,131,602,0.713327944278717
fixed_random,2,results_logistic_comparison,results_logistic_comparison,logistic_regression,sgd,10,128,20000,0.05,0.9,0.0005,cuda,False,False,4,132,603,0.5694907903671265
fixed_random,2,results_logistic_comparison,results_logistic_comparison,logistic_regression,sgd,10,128,20000,0.05,0.9,0.0005,cuda,False,False,4,133,604,0.7114942669868469
fixed_random,2,results_logistic_comparison,results_logistic_comparison,logistic_regression,sgd,10,128,20000,0.05,0.9,0.0005,cuda,False,False,4,134,605,-0.441527783870697
fixed_random,2,results_logistic_comparison,results_logistic_comparison,logistic_regression,sgd,10,128,20000,0.05,0.9,0.0005,cuda,False,False,4,135,606,0.8915101885795593
fixed_random,2,results_logistic_comparison,results_logistic_comparison,logistic_regression,sgd,10,128,20000,0.05,0.9,0.0005,cuda,False,False,4,136,607,-0.2986050546169281
fixed_random,2,results_logistic_comparison,results_logistic_comparison,logistic_regression,sgd,10,128,20000,0.05,0.9,0.0005,cuda,False,False,4,137,608,0.5648195743560791
fixed_random,2,results_logistic_comparison,results_logistic_comparison,logistic_regression,sgd,10,128,20000,0.05,0.9,0.0005,cuda,False,False,4,138,609,0.5916730761528015
fixed_random,2,results_logistic_comparison,results_logistic_comparison,logistic_regression,sgd,10,128,20000,0.05,0.9,0.0005,cuda,False,False,4,139,610,0.3796367347240448
fixed_random,2,results_logistic_comparison,results_logistic_comparison,logistic_regression,sgd,10,128,20000,0.05,0.9,0.0005,cuda,False,False,4,140,611,0.8705950975418091
fixed_random,2,results_logistic_comparison,results_logistic_comparison,logistic_regression,sgd,10,128,20000,0.05,0.9,0.0005,cuda,False,False,4,141,612,-0.09378199279308319
fixed_random,2,results_logistic_comparison,results_logistic_comparison,logistic_regression,sgd,10,128,20000,0.05,0.9,0.0005,cuda,False,False,4,142,613,0.36771440505981445
fixed_random,2,results_logistic_comparison,results_logistic_comparison,logistic_regression,sgd,10,128,20000,0.05,0.9,0.0005,cuda,False,False,4,143,614,0.5925896167755127
fixed_random,2,results_logistic_comparison,results_logistic_comparison,logistic_regression,sgd,10,128,20000,0.05,0.9,0.0005,cuda,False,False,4,144,615,0.5926856994628906
fixed_random,2,results_logistic_comparison,results_logistic_comparison,logistic_regression,sgd,10,128,20000,0.05,0.9,0.0005,cuda,False,False,4,145,616,0.43931126594543457
fixed_random,2,results_logistic_comparison,results_logistic_comparison,logistic_regression,sgd,10,128,20000,0.05,0.9,0.0005,cuda,False,False,4,146,617,0.8058757781982422
fixed_random,2,results_logistic_comparison,results_logistic_comparison,logistic_regression,sgd,10,128,20000,0.05,0.9,0.0005,cuda,False,False,4,147,618,-0.015068380162119865
fixed_random,2,results_logistic_comparison,results_logistic_comparison,logistic_regression,sgd,10,128,20000,0.05,0.9,0.0005,cuda,False,False,4,148,619,0.7159148454666138
fixed_random,2,results_logistic_comparison,results_logistic_comparison,logistic_regression,sgd,10,128,20000,0.05,0.9,0.0005,cuda,False,False,4,149,620,0.6586402654647827
fixed_random,2,results_logistic_comparison,results_logistic_comparison,logistic_regression,sgd,10,128,20000,0.05,0.9,0.0005,cuda,False,False,4,150,621,0.2274845540523529
fixed_random,2,results_logistic_comparison,results_logistic_comparison,logistic_regression,sgd,10,128,20000,0.05,0.9,0.0005,cuda,False,False,4,151,622,0.7061788439750671
fixed_random,2,results_logistic_comparison,results_logistic_comparison,logistic_regression,sgd,10,128,20000,0.05,0.9,0.0005,cuda,False,False,4,152,623,0.46877583861351013
fixed_random,2,results_logistic_comparison,results_logistic_comparison,logistic_regression,sgd,10,128,20000,0.05,0.9,0.0005,cuda,False,False,4,153,624,0.2015278935432434
fixed_random,2,results_logistic_comparison,results_logistic_comparison,logistic_regression,sgd,10,128,20000,0.05,0.9,0.0005,cuda,False,False,4,154,625,0.09123894572257996
fixed_random,2,results_logistic_comparison,results_logistic_comparison,logistic_regression,sgd,10,128,20000,0.05,0.9,0.0005,cuda,False,False,4,155,626,0.29399996995925903
fixed_random,2,results_logistic_comparison,results_logistic_comparison,logistic_regression,sgd,10,128,20000,0.05,0.9,0.0005,cuda,False,False,4,156,627,0.4130871891975403
fixed_random,2,results_logistic_comparison,results_logistic_comparison,logistic_regression,sgd,10,128,20000,0.05,0.9,0.0005,cuda,False,False,4,157,628,0.1745414137840271
fixed_random,2,results_logistic_comparison,results_logistic_comparison,logistic_regression,sgd,10,128,20000,0.05,0.9,0.0005,cuda,False,False,5,1,629,0.007758526597172022
fixed_random,2,results_logistic_comparison,results_logistic_comparison,logistic_regression,sgd,10,128,20000,0.05,0.9,0.0005,cuda,False,False,5,2,630,0.44384464621543884
fixed_random,2,results_logistic_comparison,results_logistic_comparison,logistic_regression,sgd,10,128,20000,0.05,0.9,0.0005,cuda,False,False,5,3,631,-0.2267463505268097
fixed_random,2,results_logistic_comparison,results_logistic_comparison,logistic_regression,sgd,10,128,20000,0.05,0.9,0.0005,cuda,False,False,5,4,632,0.8020949363708496
fixed_random,2,results_logistic_comparison,results_logistic_comparison,logistic_regression,sgd,10,128,20000,0.05,0.9,0.0005,cuda,False,False,5,5,633,-0.0025515062734484673
fixed_random,2,results_logistic_comparison,results_logistic_comparison,logistic_regression,sgd,10,128,20000,0.05,0.9,0.0005,cuda,False,False,5,6,634,0.3953726291656494
fixed_random,2,results_logistic_comparison,results_logistic_comparison,logistic_regression,sgd,10,128,20000,0.05,0.9,0.0005,cuda,False,False,5,7,635,0.6260424852371216
fixed_random,2,results_logistic_comparison,results_logistic_comparison,logistic_regression,sgd,10,128,20000,0.05,0.9,0.0005,cuda,False,False,5,8,636,0.4037560820579529
fixed_random,2,results_logistic_comparison,results_logistic_comparison,logistic_regression,sgd,10,128,20000,0.05,0.9,0.0005,cuda,False,False,5,9,637,0.35235679149627686
fixed_random,2,results_logistic_comparison,results_logistic_comparison,logistic_regression,sgd,10,128,20000,0.05,0.9,0.0005,cuda,False,False,5,10,638,-0.4377571940422058
fixed_random,2,results_logistic_comparison,results_logistic_comparison,logistic_regression,sgd,10,128,20000,0.05,0.9,0.0005,cuda,False,False,5,11,639,0.7245317697525024
fixed_random,2,results_logistic_comparison,results_logistic_comparison,logistic_regression,sgd,10,128,20000,0.05,0.9,0.0005,cuda,False,False,5,12,640,0.7944530248641968
fixed_random,2,results_logistic_comparison,results_logistic_comparison,logistic_regression,sgd,10,128,20000,0.05,0.9,0.0005,cuda,False,False,5,13,641,-0.6145911812782288
fixed_random,2,results_logistic_comparison,results_logistic_comparison,logistic_regression,sgd,10,128,20000,0.05,0.9,0.0005,cuda,False,False,5,14,642,0.765156626701355
fixed_random,2,results_logistic_comparison,results_logistic_comparison,logistic_regression,sgd,10,128,20000,0.05,0.9,0.0005,cuda,False,False,5,15,643,0.06261402368545532
fixed_random,2,results_logistic_comparison,results_logistic_comparison,logistic_regression,sgd,10,128,20000,0.05,0.9,0.0005,cuda,False,False,5,16,644,0.20594024658203125
fixed_random,2,results_logistic_comparison,results_logistic_comparison,logistic_regression,sgd,10,128,20000,0.05,0.9,0.0005,cuda,False,False,5,17,645,0.5713527202606201
fixed_random,2,results_logistic_comparison,results_logistic_comparison,logistic_regression,sgd,10,128,20000,0.05,0.9,0.0005,cuda,False,False,5,18,646,0.7340707778930664
fixed_random,2,results_logistic_comparison,results_logistic_comparison,logistic_regression,sgd,10,128,20000,0.05,0.9,0.0005,cuda,False,False,5,19,647,0.3193122148513794
fixed_random,2,results_logistic_comparison,results_logistic_comparison,logistic_regression,sgd,10,128,20000,0.05,0.9,0.0005,cuda,False,False,5,20,648,0.19076025485992432
fixed_random,2,results_logistic_comparison,results_logistic_comparison,logistic_regression,sgd,10,128,20000,0.05,0.9,0.0005,cuda,False,False,5,21,649,0.8825425505638123
fixed_random,2,results_logistic_comparison,results_logistic_comparison,logistic_regression,sgd,10,128,20000,0.05,0.9,0.0005,cuda,False,False,5,22,650,-0.1858336329460144
fixed_random,2,results_logistic_comparison,results_logistic_comparison,logistic_regression,sgd,10,128,20000,0.05,0.9,0.0005,cuda,False,False,5,23,651,0.71068274974823
fixed_random,2,results_logistic_comparison,results_logistic_comparison,logistic_regression,sgd,10,128,20000,0.05,0.9,0.0005,cuda,False,False,5,24,652,0.8295742273330688
fixed_random,2,results_logistic_comparison,results_logistic_comparison,logistic_regression,sgd,10,128,20000,0.05,0.9,0.0005,cuda,False,False,5,25,653,0.7174450755119324
fixed_random,2,results_logistic_comparison,results_logistic_comparison,logistic_regression,sgd,10,128,20000,0.05,0.9,0.0005,cuda,False,False,5,26,654,0.2892075777053833
fixed_random,2,results_logistic_comparison,results_logistic_comparison,logistic_regression,sgd,10,128,20000,0.05,0.9,0.0005,cuda,False,False,5,27,655,0.037908509373664856
fixed_random,2,results_logistic_comparison,results_logistic_comparison,logistic_regression,sgd,10,128,20000,0.05,0.9,0.0005,cuda,False,False,5,28,656,0.8095237612724304
fixed_random,2,results_logistic_comparison,results_logistic_comparison,logistic_regression,sgd,10,128,20000,0.05,0.9,0.0005,cuda,False,False,5,29,657,0.7994889616966248
fixed_random,2,results_logistic_comparison,results_logistic_comparison,logistic_regression,sgd,10,128,20000,0.05,0.9,0.0005,cuda,False,False,5,30,658,0.027176212519407272
fixed_random,2,results_logistic_comparison,results_logistic_comparison,logistic_regression,sgd,10,128,20000,0.05,0.9,0.0005,cuda,False,False,5,31,659,0.2224307358264923
fixed_random,2,results_logistic_comparison,results_logistic_comparison,logistic_regression,sgd,10,128,20000,0.05,0.9,0.0005,cuda,False,False,5,32,660,0.4053574502468109
fixed_random,2,results_logistic_comparison,results_logistic_comparison,logistic_regression,sgd,10,128,20000,0.05,0.9,0.0005,cuda,False,False,5,33,661,0.7114592790603638
fixed_random,2,results_logistic_comparison,results_logistic_comparison,logistic_regression,sgd,10,128,20000,0.05,0.9,0.0005,cuda,False,False,5,34,662,-0.20724394917488098
fixed_random,2,results_logistic_comparison,results_logistic_comparison,logistic_regression,sgd,10,128,20000,0.05,0.9,0.0005,cuda,False,False,5,35,663,0.29836419224739075
fixed_random,2,results_logistic_comparison,results_logistic_comparison,logistic_regression,sgd,10,128,20000,0.05,0.9,0.0005,cuda,False,False,5,36,664,0.2525792419910431
fixed_random,2,results_logistic_comparison,results_logistic_comparison,logistic_regression,sgd,10,128,20000,0.05,0.9,0.0005,cuda,False,False,5,37,665,0.7354542016983032
fixed_random,2,results_logistic_comparison,results_logistic_comparison,logistic_regression,sgd,10,128,20000,0.05,0.9,0.0005,cuda,False,False,5,38,666,0.47308415174484253
fixed_random,2,results_logistic_comparison,results_logistic_comparison,logistic_regression,sgd,10,128,20000,0.05,0.9,0.0005,cuda,False,False,5,39,667,-0.2021225094795227
fixed_random,2,results_logistic_comparison,results_logistic_comparison,logistic_regression,sgd,10,128,20000,0.05,0.9,0.0005,cuda,False,False,5,40,668,0.37276017665863037
fixed_random,2,results_logistic_comparison,results_logistic_comparison,logistic_regression,sgd,10,128,20000,0.05,0.9,0.0005,cuda,False,False,5,41,669,0.12754248082637787
fixed_random,2,results_logistic_comparison,results_logistic_comparison,logistic_regression,sgd,10,128,20000,0.05,0.9,0.0005,cuda,False,False,5,42,670,-0.06831972301006317
fixed_random,2,results_logistic_comparison,results_logistic_comparison,logistic_regression,sgd,10,128,20000,0.05,0.9,0.0005,cuda,False,False,5,43,671,0.13935622572898865
fixed_random,2,results_logistic_comparison,results_logistic_comparison,logistic_regression,sgd,10,128,20000,0.05,0.9,0.0005,cuda,False,False,5,44,672,0.5188178420066833
fixed_random,2,results_logistic_comparison,results_logistic_comparison,logistic_regression,sgd,10,128,20000,0.05,0.9,0.0005,cuda,False,False,5,45,673,-0.295602023601532
fixed_random,2,results_logistic_comparison,results_logistic_comparison,logistic_regression,sgd,10,128,20000,0.05,0.9,0.0005,cuda,False,False,5,46,674,0.451427161693573
fixed_random,2,results_logistic_comparison,results_logistic_comparison,logistic_regression,sgd,10,128,20000,0.05,0.9,0.0005,cuda,False,False,5,47,675,0.32668954133987427
fixed_random,2,results_logistic_comparison,results_logistic_comparison,logistic_regression,sgd,10,128,20000,0.05,0.9,0.0005,cuda,False,False,5,48,676,-0.35350823402404785
fixed_random,2,results_logistic_comparison,results_logistic_comparison,logistic_regression,sgd,10,128,20000,0.05,0.9,0.0005,cuda,False,False,5,49,677,0.5741747617721558
fixed_random,2,results_logistic_comparison,results_logistic_comparison,logistic_regression,sgd,10,128,20000,0.05,0.9,0.0005,cuda,False,False,5,50,678,0.2169363647699356
fixed_random,2,results_logistic_comparison,results_logistic_comparison,logistic_regression,sgd,10,128,20000,0.05,0.9,0.0005,cuda,False,False,5,51,679,0.1724088191986084
fixed_random,2,results_logistic_comparison,results_logistic_comparison,logistic_regression,sgd,10,128,20000,0.05,0.9,0.0005,cuda,False,False,5,52,680,0.3728143572807312
fixed_random,2,results_logistic_comparison,results_logistic_comparison,logistic_regression,sgd,10,128,20000,0.05,0.9,0.0005,cuda,False,False,5,53,681,0.1934167444705963
fixed_random,2,results_logistic_comparison,results_logistic_comparison,logistic_regression,sgd,10,128,20000,0.05,0.9,0.0005,cuda,False,False,5,54,682,0.21510833501815796
fixed_random,2,results_logistic_comparison,results_logistic_comparison,logistic_regression,sgd,10,128,20000,0.05,0.9,0.0005,cuda,False,False,5,55,683,0.37812644243240356
fixed_random,2,results_logistic_comparison,results_logistic_comparison,logistic_regression,sgd,10,128,20000,0.05,0.9,0.0005,cuda,False,False,5,56,684,0.09133689105510712
fixed_random,2,results_logistic_comparison,results_logistic_comparison,logistic_regression,sgd,10,128,20000,0.05,0.9,0.0005,cuda,False,False,5,57,685,0.5896947979927063
fixed_random,2,results_logistic_comparison,results_logistic_comparison,logistic_regression,sgd,10,128,20000,0.05,0.9,0.0005,cuda,False,False,5,58,686,0.45221734046936035
fixed_random,2,results_logistic_comparison,results_logistic_comparison,logistic_regression,sgd,10,128,20000,0.05,0.9,0.0005,cuda,False,False,5,59,687,0.24418684840202332
fixed_random,2,results_logistic_comparison,results_logistic_comparison,logistic_regression,sgd,10,128,20000,0.05,0.9,0.0005,cuda,False,False,5,60,688,0.1969909965991974
fixed_random,2,results_logistic_comparison,results_logistic_comparison,logistic_regression,sgd,10,128,20000,0.05,0.9,0.0005,cuda,False,False,5,61,689,0.3746899962425232
fixed_random,2,results_logistic_comparison,results_logistic_comparison,logistic_regression,sgd,10,128,20000,0.05,0.9,0.0005,cuda,False,False,5,62,690,0.13683508336544037
fixed_random,2,results_logistic_comparison,results_logistic_comparison,logistic_regression,sgd,10,128,20000,0.05,0.9,0.0005,cuda,False,False,5,63,691,0.6323505640029907
fixed_random,2,results_logistic_comparison,results_logistic_comparison,logistic_regression,sgd,10,128,20000,0.05,0.9,0.0005,cuda,False,False,5,64,692,0.6205956935882568
fixed_random,2,results_logistic_comparison,results_logistic_comparison,logistic_regression,sgd,10,128,20000,0.05,0.9,0.0005,cuda,False,False,5,65,693,0.19018781185150146
fixed_random,2,results_logistic_comparison,results_logistic_comparison,logistic_regression,sgd,10,128,20000,0.05,0.9,0.0005,cuda,False,False,5,66,694,0.13896948099136353
fixed_random,2,results_logistic_comparison,results_logistic_comparison,logistic_regression,sgd,10,128,20000,0.05,0.9,0.0005,cuda,False,False,5,67,695,0.07983827590942383
fixed_random,2,results_logistic_comparison,results_logistic_comparison,logistic_regression,sgd,10,128,20000,0.05,0.9,0.0005,cuda,False,False,5,68,696,0.28057199716567993
fixed_random,2,results_logistic_comparison,results_logistic_comparison,logistic_regression,sgd,10,128,20000,0.05,0.9,0.0005,cuda,False,False,5,69,697,0.4962834119796753
fixed_random,2,results_logistic_comparison,results_logistic_comparison,logistic_regression,sgd,10,128,20000,0.05,0.9,0.0005,cuda,False,False,5,70,698,-0.17796343564987183
fixed_random,2,results_logistic_comparison,results_logistic_comparison,logistic_regression,sgd,10,128,20000,0.05,0.9,0.0005,cuda,False,False,5,71,699,0.5986437797546387
fixed_random,2,results_logistic_comparison,results_logistic_comparison,logistic_regression,sgd,10,128,20000,0.05,0.9,0.0005,cuda,False,False,5,72,700,0.026342496275901794
fixed_random,2,results_logistic_comparison,results_logistic_comparison,logistic_regression,sgd,10,128,20000,0.05,0.9,0.0005,cuda,False,False,5,73,701,0.6739614009857178
fixed_random,2,results_logistic_comparison,results_logistic_comparison,logistic_regression,sgd,10,128,20000,0.05,0.9,0.0005,cuda,False,False,5,74,702,0.5303791761398315
fixed_random,2,results_logistic_comparison,results_logistic_comparison,logistic_regression,sgd,10,128,20000,0.05,0.9,0.0005,cuda,False,False,5,75,703,0.017120361328125
fixed_random,2,results_logistic_comparison,results_logistic_comparison,logistic_regression,sgd,10,128,20000,0.05,0.9,0.0005,cuda,False,False,5,76,704,0.786565363407135
fixed_random,2,results_logistic_comparison,results_logistic_comparison,logistic_regression,sgd,10,128,20000,0.05,0.9,0.0005,cuda,False,False,5,77,705,-0.27656090259552
fixed_random,2,results_logistic_comparison,results_logistic_comparison,logistic_regression,sgd,10,128,20000,0.05,0.9,0.0005,cuda,False,False,5,78,706,0.7052289247512817
fixed_random,2,results_logistic_comparison,results_logistic_comparison,logistic_regression,sgd,10,128,20000,0.05,0.9,0.0005,cuda,False,False,5,79,707,0.672998309135437
fixed_random,2,results_logistic_comparison,results_logistic_comparison,logistic_regression,sgd,10,128,20000,0.05,0.9,0.0005,cuda,False,False,5,80,708,0.22456125915050507
fixed_random,2,results_logistic_comparison,results_logistic_comparison,logistic_regression,sgd,10,128,20000,0.05,0.9,0.0005,cuda,False,False,5,81,709,-0.0007943077944219112
fixed_random,2,results_logistic_comparison,results_logistic_comparison,logistic_regression,sgd,10,128,20000,0.05,0.9,0.0005,cuda,False,False,5,82,710,0.8138914108276367
fixed_random,2,results_logistic_comparison,results_logistic_comparison,logistic_regression,sgd,10,128,20000,0.05,0.9,0.0005,cuda,False,False,5,83,711,-0.31901752948760986
fixed_random,2,results_logistic_comparison,results_logistic_comparison,logistic_regression,sgd,10,128,20000,0.05,0.9,0.0005,cuda,False,False,5,84,712,0.4760688245296478
fixed_random,2,results_logistic_comparison,results_logistic_comparison,logistic_regression,sgd,10,128,20000,0.05,0.9,0.0005,cuda,False,False,5,85,713,0.5983298420906067
fixed_random,2,results_logistic_comparison,results_logistic_comparison,logistic_regression,sgd,10,128,20000,0.05,0.9,0.0005,cuda,False,False,5,86,714,0.6996833086013794
fixed_random,2,results_logistic_comparison,results_logistic_comparison,logistic_regression,sgd,10,128,20000,0.05,0.9,0.0005,cuda,False,False,5,87,715,-0.3332757353782654
fixed_random,2,results_logistic_comparison,results_logistic_comparison,logistic_regression,sgd,10,128,20000,0.05,0.9,0.0005,cuda,False,False,5,88,716,0.5976848006248474
fixed_random,2,results_logistic_comparison,results_logistic_comparison,logistic_regression,sgd,10,128,20000,0.05,0.9,0.0005,cuda,False,False,5,89,717,0.8172711133956909
fixed_random,2,results_logistic_comparison,results_logistic_comparison,logistic_regression,sgd,10,128,20000,0.05,0.9,0.0005,cuda,False,False,5,90,718,-0.07851795107126236
fixed_random,2,results_logistic_comparison,results_logistic_comparison,logistic_regression,sgd,10,128,20000,0.05,0.9,0.0005,cuda,False,False,5,91,719,0.6557809114456177
fixed_random,2,results_logistic_comparison,results_logistic_comparison,logistic_regression,sgd,10,128,20000,0.05,0.9,0.0005,cuda,False,False,5,92,720,0.4837706685066223
fixed_random,2,results_logistic_comparison,results_logistic_comparison,logistic_regression,sgd,10,128,20000,0.05,0.9,0.0005,cuda,False,False,5,93,721,0.6469283699989319
fixed_random,2,results_logistic_comparison,results_logistic_comparison,logistic_regression,sgd,10,128,20000,0.05,0.9,0.0005,cuda,False,False,5,94,722,-0.2049456387758255
fixed_random,2,results_logistic_comparison,results_logistic_comparison,logistic_regression,sgd,10,128,20000,0.05,0.9,0.0005,cuda,False,False,5,95,723,0.35612133145332336
fixed_random,2,results_logistic_comparison,results_logistic_comparison,logistic_regression,sgd,10,128,20000,0.05,0.9,0.0005,cuda,False,False,5,96,724,0.7863466739654541
fixed_random,2,results_logistic_comparison,results_logistic_comparison,logistic_regression,sgd,10,128,20000,0.05,0.9,0.0005,cuda,False,False,5,97,725,0.4753982424736023
fixed_random,2,results_logistic_comparison,results_logistic_comparison,logistic_regression,sgd,10,128,20000,0.05,0.9,0.0005,cuda,False,False,5,98,726,-0.09701606631278992
fixed_random,2,results_logistic_comparison,results_logistic_comparison,logistic_regression,sgd,10,128,20000,0.05,0.9,0.0005,cuda,False,False,5,99,727,0.5753980875015259
fixed_random,2,results_logistic_comparison,results_logistic_comparison,logistic_regression,sgd,10,128,20000,0.05,0.9,0.0005,cuda,False,False,5,100,728,0.4313540756702423
fixed_random,2,results_logistic_comparison,results_logistic_comparison,logistic_regression,sgd,10,128,20000,0.05,0.9,0.0005,cuda,False,False,5,101,729,0.680596649646759
fixed_random,2,results_logistic_comparison,results_logistic_comparison,logistic_regression,sgd,10,128,20000,0.05,0.9,0.0005,cuda,False,False,5,102,730,-0.613724946975708
fixed_random,2,results_logistic_comparison,results_logistic_comparison,logistic_regression,sgd,10,128,20000,0.05,0.9,0.0005,cuda,False,False,5,103,731,0.8852459788322449
fixed_random,2,results_logistic_comparison,results_logistic_comparison,logistic_regression,sgd,10,128,20000,0.05,0.9,0.0005,cuda,False,False,5,104,732,-0.4327361583709717
fixed_random,2,results_logistic_comparison,results_logistic_comparison,logistic_regression,sgd,10,128,20000,0.05,0.9,0.0005,cuda,False,False,5,105,733,0.3544412851333618
fixed_random,2,results_logistic_comparison,results_logistic_comparison,logistic_regression,sgd,10,128,20000,0.05,0.9,0.0005,cuda,False,False,5,106,734,0.531707227230072
fixed_random,2,results_logistic_comparison,results_logistic_comparison,logistic_regression,sgd,10,128,20000,0.05,0.9,0.0005,cuda,False,False,5,107,735,0.17754553258419037
fixed_random,2,results_logistic_comparison,results_logistic_comparison,logistic_regression,sgd,10,128,20000,0.05,0.9,0.0005,cuda,False,False,5,108,736,0.6594302654266357
fixed_random,2,results_logistic_comparison,results_logistic_comparison,logistic_regression,sgd,10,128,20000,0.05,0.9,0.0005,cuda,False,False,5,109,737,0.5456606149673462
fixed_random,2,results_logistic_comparison,results_logistic_comparison,logistic_regression,sgd,10,128,20000,0.05,0.9,0.0005,cuda,False,False,5,110,738,0.2860126495361328
fixed_random,2,results_logistic_comparison,results_logistic_comparison,logistic_regression,sgd,10,128,20000,0.05,0.9,0.0005,cuda,False,False,5,111,739,0.6338133811950684
fixed_random,2,results_logistic_comparison,results_logistic_comparison,logistic_regression,sgd,10,128,20000,0.05,0.9,0.0005,cuda,False,False,5,112,740,0.1859709620475769
fixed_random,2,results_logistic_comparison,results_logistic_comparison,logistic_regression,sgd,10,128,20000,0.05,0.9,0.0005,cuda,False,False,5,113,741,0.46550193428993225
fixed_random,2,results_logistic_comparison,results_logistic_comparison,logistic_regression,sgd,10,128,20000,0.05,0.9,0.0005,cuda,False,False,5,114,742,0.4961400628089905
fixed_random,2,results_logistic_comparison,results_logistic_comparison,logistic_regression,sgd,10,128,20000,0.05,0.9,0.0005,cuda,False,False,5,115,743,0.4287309944629669
fixed_random,2,results_logistic_comparison,results_logistic_comparison,logistic_regression,sgd,10,128,20000,0.05,0.9,0.0005,cuda,False,False,5,116,744,0.2625146508216858
fixed_random,2,results_logistic_comparison,results_logistic_comparison,logistic_regression,sgd,10,128,20000,0.05,0.9,0.0005,cuda,False,False,5,117,745,0.3199193775653839
fixed_random,2,results_logistic_comparison,results_logistic_comparison,logistic_regression,sgd,10,128,20000,0.05,0.9,0.0005,cuda,False,False,5,118,746,0.5427100658416748
fixed_random,2,results_logistic_comparison,results_logistic_comparison,logistic_regression,sgd,10,128,20000,0.05,0.9,0.0005,cuda,False,False,5,119,747,0.39564478397369385
fixed_random,2,results_logistic_comparison,results_logistic_comparison,logistic_regression,sgd,10,128,20000,0.05,0.9,0.0005,cuda,False,False,5,120,748,-0.49543383717536926
fixed_random,2,results_logistic_comparison,results_logistic_comparison,logistic_regression,sgd,10,128,20000,0.05,0.9,0.0005,cuda,False,False,5,121,749,0.2677883505821228
fixed_random,2,results_logistic_comparison,results_logistic_comparison,logistic_regression,sgd,10,128,20000,0.05,0.9,0.0005,cuda,False,False,5,122,750,0.010875639505684376
fixed_random,2,results_logistic_comparison,results_logistic_comparison,logistic_regression,sgd,10,128,20000,0.05,0.9,0.0005,cuda,False,False,5,123,751,-0.02472064644098282
fixed_random,2,results_logistic_comparison,results_logistic_comparison,logistic_regression,sgd,10,128,20000,0.05,0.9,0.0005,cuda,False,False,5,124,752,0.639886736869812
fixed_random,2,results_logistic_comparison,results_logistic_comparison,logistic_regression,sgd,10,128,20000,0.05,0.9,0.0005,cuda,False,False,5,125,753,0.41447320580482483
fixed_random,2,results_logistic_comparison,results_logistic_comparison,logistic_regression,sgd,10,128,20000,0.05,0.9,0.0005,cuda,False,False,5,126,754,-0.45797786116600037
fixed_random,2,results_logistic_comparison,results_logistic_comparison,logistic_regression,sgd,10,128,20000,0.05,0.9,0.0005,cuda,False,False,5,127,755,0.3193260431289673
fixed_random,2,results_logistic_comparison,results_logistic_comparison,logistic_regression,sgd,10,128,20000,0.05,0.9,0.0005,cuda,False,False,5,128,756,-0.027281716465950012
fixed_random,2,results_logistic_comparison,results_logistic_comparison,logistic_regression,sgd,10,128,20000,0.05,0.9,0.0005,cuda,False,False,5,129,757,0.7213954925537109
fixed_random,2,results_logistic_comparison,results_logistic_comparison,logistic_regression,sgd,10,128,20000,0.05,0.9,0.0005,cuda,False,False,5,130,758,-0.28646406531333923
fixed_random,2,results_logistic_comparison,results_logistic_comparison,logistic_regression,sgd,10,128,20000,0.05,0.9,0.0005,cuda,False,False,5,131,759,0.6180003881454468
fixed_random,2,results_logistic_comparison,results_logistic_comparison,logistic_regression,sgd,10,128,20000,0.05,0.9,0.0005,cuda,False,False,5,132,760,0.5252528190612793
fixed_random,2,results_logistic_comparison,results_logistic_comparison,logistic_regression,sgd,10,128,20000,0.05,0.9,0.0005,cuda,False,False,5,133,761,0.2686505913734436
fixed_random,2,results_logistic_comparison,results_logistic_comparison,logistic_regression,sgd,10,128,20000,0.05,0.9,0.0005,cuda,False,False,5,134,762,-0.07268764078617096
fixed_random,2,results_logistic_comparison,results_logistic_comparison,logistic_regression,sgd,10,128,20000,0.05,0.9,0.0005,cuda,False,False,5,135,763,0.8435588479042053
fixed_random,2,results_logistic_comparison,results_logistic_comparison,logistic_regression,sgd,10,128,20000,0.05,0.9,0.0005,cuda,False,False,5,136,764,-0.4327881932258606
fixed_random,2,results_logistic_comparison,results_logistic_comparison,logistic_regression,sgd,10,128,20000,0.05,0.9,0.0005,cuda,False,False,5,137,765,0.30941343307495117
fixed_random,2,results_logistic_comparison,results_logistic_comparison,logistic_regression,sgd,10,128,20000,0.05,0.9,0.0005,cuda,False,False,5,138,766,0.6478928327560425
fixed_random,2,results_logistic_comparison,results_logistic_comparison,logistic_regression,sgd,10,128,20000,0.05,0.9,0.0005,cuda,False,False,5,139,767,0.5441849231719971
fixed_random,2,results_logistic_comparison,results_logistic_comparison,logistic_regression,sgd,10,128,20000,0.05,0.9,0.0005,cuda,False,False,5,140,768,0.13524703681468964
fixed_random,2,results_logistic_comparison,results_logistic_comparison,logistic_regression,sgd,10,128,20000,0.05,0.9,0.0005,cuda,False,False,5,141,769,0.10146244615316391
fixed_random,2,results_logistic_comparison,results_logistic_comparison,logistic_regression,sgd,10,128,20000,0.05,0.9,0.0005,cuda,False,False,5,142,770,0.7428880929946899
fixed_random,2,results_logistic_comparison,results_logistic_comparison,logistic_regression,sgd,10,128,20000,0.05,0.9,0.0005,cuda,False,False,5,143,771,0.1698848158121109
fixed_random,2,results_logistic_comparison,results_logistic_comparison,logistic_regression,sgd,10,128,20000,0.05,0.9,0.0005,cuda,False,False,5,144,772,0.45246416330337524
fixed_random,2,results_logistic_comparison,results_logistic_comparison,logistic_regression,sgd,10,128,20000,0.05,0.9,0.0005,cuda,False,False,5,145,773,0.32512199878692627
fixed_random,2,results_logistic_comparison,results_logistic_comparison,logistic_regression,sgd,10,128,20000,0.05,0.9,0.0005,cuda,False,False,5,146,774,0.7208865284919739
fixed_random,2,results_logistic_comparison,results_logistic_comparison,logistic_regression,sgd,10,128,20000,0.05,0.9,0.0005,cuda,False,False,5,147,775,0.44243013858795166
fixed_random,2,results_logistic_comparison,results_logistic_comparison,logistic_regression,sgd,10,128,20000,0.05,0.9,0.0005,cuda,False,False,5,148,776,0.34330928325653076
fixed_random,2,results_logistic_comparison,results_logistic_comparison,logistic_regression,sgd,10,128,20000,0.05,0.9,0.0005,cuda,False,False,5,149,777,0.5478083491325378
fixed_random,2,results_logistic_comparison,results_logistic_comparison,logistic_regression,sgd,10,128,20000,0.05,0.9,0.0005,cuda,False,False,5,150,778,0.4980197548866272
fixed_random,2,results_logistic_comparison,results_logistic_comparison,logistic_regression,sgd,10,128,20000,0.05,0.9,0.0005,cuda,False,False,5,151,779,0.7277367115020752
fixed_random,2,results_logistic_comparison,results_logistic_comparison,logistic_regression,sgd,10,128,20000,0.05,0.9,0.0005,cuda,False,False,5,152,780,-0.06851652264595032
fixed_random,2,results_logistic_comparison,results_logistic_comparison,logistic_regression,sgd,10,128,20000,0.05,0.9,0.0005,cuda,False,False,5,153,781,0.4020233750343323
fixed_random,2,results_logistic_comparison,results_logistic_comparison,logistic_regression,sgd,10,128,20000,0.05,0.9,0.0005,cuda,False,False,5,154,782,-0.034253351390361786
fixed_random,2,results_logistic_comparison,results_logistic_comparison,logistic_regression,sgd,10,128,20000,0.05,0.9,0.0005,cuda,False,False,5,155,783,0.34569844603538513
fixed_random,2,results_logistic_comparison,results_logistic_comparison,logistic_regression,sgd,10,128,20000,0.05,0.9,0.0005,cuda,False,False,5,156,784,0.40183717012405396
fixed_random,2,results_logistic_comparison,results_logistic_comparison,logistic_regression,sgd,10,128,20000,0.05,0.9,0.0005,cuda,False,False,5,157,785,0.13396267592906952
fixed_random,2,results_logistic_comparison,results_logistic_comparison,logistic_regression,sgd,10,128,20000,0.05,0.9,0.0005,cuda,False,False,6,1,786,0.09051688015460968
fixed_random,2,results_logistic_comparison,results_logistic_comparison,logistic_regression,sgd,10,128,20000,0.05,0.9,0.0005,cuda,False,False,6,2,787,0.202223002910614
fixed_random,2,results_logistic_comparison,results_logistic_comparison,logistic_regression,sgd,10,128,20000,0.05,0.9,0.0005,cuda,False,False,6,3,788,-0.3781086206436157
fixed_random,2,results_logistic_comparison,results_logistic_comparison,logistic_regression,sgd,10,128,20000,0.05,0.9,0.0005,cuda,False,False,6,4,789,0.5784419775009155
fixed_random,2,results_logistic_comparison,results_logistic_comparison,logistic_regression,sgd,10,128,20000,0.05,0.9,0.0005,cuda,False,False,6,5,790,0.4339095950126648
fixed_random,2,results_logistic_comparison,results_logistic_comparison,logistic_regression,sgd,10,128,20000,0.05,0.9,0.0005,cuda,False,False,6,6,791,0.25802183151245117
fixed_random,2,results_logistic_comparison,results_logistic_comparison,logistic_regression,sgd,10,128,20000,0.05,0.9,0.0005,cuda,False,False,6,7,792,0.5223159790039062
fixed_random,2,results_logistic_comparison,results_logistic_comparison,logistic_regression,sgd,10,128,20000,0.05,0.9,0.0005,cuda,False,False,6,8,793,0.1195310652256012
fixed_random,2,results_logistic_comparison,results_logistic_comparison,logistic_regression,sgd,10,128,20000,0.05,0.9,0.0005,cuda,False,False,6,9,794,0.4819667637348175
fixed_random,2,results_logistic_comparison,results_logistic_comparison,logistic_regression,sgd,10,128,20000,0.05,0.9,0.0005,cuda,False,False,6,10,795,-0.5278277397155762
fixed_random,2,results_logistic_comparison,results_logistic_comparison,logistic_regression,sgd,10,128,20000,0.05,0.9,0.0005,cuda,False,False,6,11,796,0.5432420372962952
fixed_random,2,results_logistic_comparison,results_logistic_comparison,logistic_regression,sgd,10,128,20000,0.05,0.9,0.0005,cuda,False,False,6,12,797,0.6785308122634888
fixed_random,2,results_logistic_comparison,results_logistic_comparison,logistic_regression,sgd,10,128,20000,0.05,0.9,0.0005,cuda,False,False,6,13,798,-0.46992215514183044
fixed_random,2,results_logistic_comparison,results_logistic_comparison,logistic_regression,sgd,10,128,20000,0.05,0.9,0.0005,cuda,False,False,6,14,799,0.7268831729888916
fixed_random,2,results_logistic_comparison,results_logistic_comparison,logistic_regression,sgd,10,128,20000,0.05,0.9,0.0005,cuda,False,False,6,15,800,-0.44409674406051636
fixed_random,2,results_logistic_comparison,results_logistic_comparison,logistic_regression,sgd,10,128,20000,0.05,0.9,0.0005,cuda,False,False,6,16,801,0.7055509686470032
fixed_random,2,results_logistic_comparison,results_logistic_comparison,logistic_regression,sgd,10,128,20000,0.05,0.9,0.0005,cuda,False,False,6,17,802,0.7542660236358643
fixed_random,2,results_logistic_comparison,results_logistic_comparison,logistic_regression,sgd,10,128,20000,0.05,0.9,0.0005,cuda,False,False,6,18,803,0.3220800757408142
fixed_random,2,results_logistic_comparison,results_logistic_comparison,logistic_regression,sgd,10,128,20000,0.05,0.9,0.0005,cuda,False,False,6,19,804,0.12104620039463043
fixed_random,2,results_logistic_comparison,results_logistic_comparison,logistic_regression,sgd,10,128,20000,0.05,0.9,0.0005,cuda,False,False,6,20,805,0.6196820735931396
fixed_random,2,results_logistic_comparison,results_logistic_comparison,logistic_regression,sgd,10,128,20000,0.05,0.9,0.0005,cuda,False,False,6,21,806,0.6554948687553406
fixed_random,2,results_logistic_comparison,results_logistic_comparison,logistic_regression,sgd,10,128,20000,0.05,0.9,0.0005,cuda,False,False,6,22,807,-0.6334323883056641
fixed_random,2,results_logistic_comparison,results_logistic_comparison,logistic_regression,sgd,10,128,20000,0.05,0.9,0.0005,cuda,False,False,6,23,808,0.9244378209114075
fixed_random,2,results_logistic_comparison,results_logistic_comparison,logistic_regression,sgd,10,128,20000,0.05,0.9,0.0005,cuda,False,False,6,24,809,0.7470701932907104
fixed_random,2,results_logistic_comparison,results_logistic_comparison,logistic_regression,sgd,10,128,20000,0.05,0.9,0.0005,cuda,False,False,6,25,810,-0.3503859043121338
fixed_random,2,results_logistic_comparison,results_logistic_comparison,logistic_regression,sgd,10,128,20000,0.05,0.9,0.0005,cuda,False,False,6,26,811,0.7706997990608215
fixed_random,2,results_logistic_comparison,results_logistic_comparison,logistic_regression,sgd,10,128,20000,0.05,0.9,0.0005,cuda,False,False,6,27,812,0.5991648435592651
fixed_random,2,results_logistic_comparison,results_logistic_comparison,logistic_regression,sgd,10,128,20000,0.05,0.9,0.0005,cuda,False,False,6,28,813,0.580405056476593
fixed_random,2,results_logistic_comparison,results_logistic_comparison,logistic_regression,sgd,10,128,20000,0.05,0.9,0.0005,cuda,False,False,6,29,814,0.5926721096038818
fixed_random,2,results_logistic_comparison,results_logistic_comparison,logistic_regression,sgd,10,128,20000,0.05,0.9,0.0005,cuda,False,False,6,30,815,-0.5731291770935059
fixed_random,2,results_logistic_comparison,results_logistic_comparison,logistic_regression,sgd,10,128,20000,0.05,0.9,0.0005,cuda,False,False,6,31,816,0.7945999503135681
fixed_random,2,results_logistic_comparison,results_logistic_comparison,logistic_regression,sgd,10,128,20000,0.05,0.9,0.0005,cuda,False,False,6,32,817,0.5171441435813904
fixed_random,2,results_logistic_comparison,results_logistic_comparison,logistic_regression,sgd,10,128,20000,0.05,0.9,0.0005,cuda,False,False,6,33,818,0.09234058856964111
fixed_random,2,results_logistic_comparison,results_logistic_comparison,logistic_regression,sgd,10,128,20000,0.05,0.9,0.0005,cuda,False,False,6,34,819,0.5607787370681763
fixed_random,2,results_logistic_comparison,results_logistic_comparison,logistic_regression,sgd,10,128,20000,0.05,0.9,0.0005,cuda,False,False,6,35,820,0.3618251085281372
fixed_random,2,results_logistic_comparison,results_logistic_comparison,logistic_regression,sgd,10,128,20000,0.05,0.9,0.0005,cuda,False,False,6,36,821,0.5440093278884888
fixed_random,2,results_logistic_comparison,results_logistic_comparison,logistic_regression,sgd,10,128,20000,0.05,0.9,0.0005,cuda,False,False,6,37,822,-0.331985741853714
fixed_random,2,results_logistic_comparison,results_logistic_comparison,logistic_regression,sgd,10,128,20000,0.05,0.9,0.0005,cuda,False,False,6,38,823,0.33587396144866943
fixed_random,2,results_logistic_comparison,results_logistic_comparison,logistic_regression,sgd,10,128,20000,0.05,0.9,0.0005,cuda,False,False,6,39,824,0.6959255933761597
fixed_random,2,results_logistic_comparison,results_logistic_comparison,logistic_regression,sgd,10,128,20000,0.05,0.9,0.0005,cuda,False,False,6,40,825,-0.04849419742822647
fixed_random,2,results_logistic_comparison,results_logistic_comparison,logistic_regression,sgd,10,128,20000,0.05,0.9,0.0005,cuda,False,False,6,41,826,0.18133151531219482
fixed_random,2,results_logistic_comparison,results_logistic_comparison,logistic_regression,sgd,10,128,20000,0.05,0.9,0.0005,cuda,False,False,6,42,827,0.161221444606781
fixed_random,2,results_logistic_comparison,results_logistic_comparison,logistic_regression,sgd,10,128,20000,0.05,0.9,0.0005,cuda,False,False,6,43,828,0.5299886465072632
fixed_random,2,results_logistic_comparison,results_logistic_comparison,logistic_regression,sgd,10,128,20000,0.05,0.9,0.0005,cuda,False,False,6,44,829,-0.14949965476989746
fixed_random,2,results_logistic_comparison,results_logistic_comparison,logistic_regression,sgd,10,128,20000,0.05,0.9,0.0005,cuda,False,False,6,45,830,0.6919083595275879
fixed_random,2,results_logistic_comparison,results_logistic_comparison,logistic_regression,sgd,10,128,20000,0.05,0.9,0.0005,cuda,False,False,6,46,831,0.663098931312561
fixed_random,2,results_logistic_comparison,results_logistic_comparison,logistic_regression,sgd,10,128,20000,0.05,0.9,0.0005,cuda,False,False,6,47,832,0.17024625837802887
fixed_random,2,results_logistic_comparison,results_logistic_comparison,logistic_regression,sgd,10,128,20000,0.05,0.9,0.0005,cuda,False,False,6,48,833,0.3983277380466461
fixed_random,2,results_logistic_comparison,results_logistic_comparison,logistic_regression,sgd,10,128,20000,0.05,0.9,0.0005,cuda,False,False,6,49,834,0.726134181022644
fixed_random,2,results_logistic_comparison,results_logistic_comparison,logistic_regression,sgd,10,128,20000,0.05,0.9,0.0005,cuda,False,False,6,50,835,0.6940982937812805
fixed_random,2,results_logistic_comparison,results_logistic_comparison,logistic_regression,sgd,10,128,20000,0.05,0.9,0.0005,cuda,False,False,6,51,836,-0.12478722631931305
fixed_random,2,results_logistic_comparison,results_logistic_comparison,logistic_regression,sgd,10,128,20000,0.05,0.9,0.0005,cuda,False,False,6,52,837,0.6905832886695862
fixed_random,2,results_logistic_comparison,results_logistic_comparison,logistic_regression,sgd,10,128,20000,0.05,0.9,0.0005,cuda,False,False,6,53,838,0.8626042008399963
fixed_random,2,results_logistic_comparison,results_logistic_comparison,logistic_regression,sgd,10,128,20000,0.05,0.9,0.0005,cuda,False,False,6,54,839,-0.4449172616004944
fixed_random,2,results_logistic_comparison,results_logistic_comparison,logistic_regression,sgd,10,128,20000,0.05,0.9,0.0005,cuda,False,False,6,55,840,0.7098003625869751
fixed_random,2,results_logistic_comparison,results_logistic_comparison,logistic_regression,sgd,10,128,20000,0.05,0.9,0.0005,cuda,False,False,6,56,841,0.770263671875
fixed_random,2,results_logistic_comparison,results_logistic_comparison,logistic_regression,sgd,10,128,20000,0.05,0.9,0.0005,cuda,False,False,6,57,842,0.6468570232391357
fixed_random,2,results_logistic_comparison,results_logistic_comparison,logistic_regression,sgd,10,128,20000,0.05,0.9,0.0005,cuda,False,False,6,58,843,0.30851665139198303
fixed_random,2,results_logistic_comparison,results_logistic_comparison,logistic_regression,sgd,10,128,20000,0.05,0.9,0.0005,cuda,False,False,6,59,844,0.08466219902038574
fixed_random,2,results_logistic_comparison,results_logistic_comparison,logistic_regression,sgd,10,128,20000,0.05,0.9,0.0005,cuda,False,False,6,60,845,0.5823160409927368
fixed_random,2,results_logistic_comparison,results_logistic_comparison,logistic_regression,sgd,10,128,20000,0.05,0.9,0.0005,cuda,False,False,6,61,846,0.4547681212425232
fixed_random,2,results_logistic_comparison,results_logistic_comparison,logistic_regression,sgd,10,128,20000,0.05,0.9,0.0005,cuda,False,False,6,62,847,-0.18039946258068085
fixed_random,2,results_logistic_comparison,results_logistic_comparison,logistic_regression,sgd,10,128,20000,0.05,0.9,0.0005,cuda,False,False,6,63,848,0.7862818837165833
fixed_random,2,results_logistic_comparison,results_logistic_comparison,logistic_regression,sgd,10,128,20000,0.05,0.9,0.0005,cuda,False,False,6,64,849,0.3846442699432373
fixed_random,2,results_logistic_comparison,results_logistic_comparison,logistic_regression,sgd,10,128,20000,0.05,0.9,0.0005,cuda,False,False,6,65,850,0.24452641606330872
fixed_random,2,results_logistic_comparison,results_logistic_comparison,logistic_regression,sgd,10,128,20000,0.05,0.9,0.0005,cuda,False,False,6,66,851,-0.636066734790802
fixed_random,2,results_logistic_comparison,results_logistic_comparison,logistic_regression,sgd,10,128,20000,0.05,0.9,0.0005,cuda,False,False,6,67,852,-0.1900341510772705
fixed_random,2,results_logistic_comparison,results_logistic_comparison,logistic_regression,sgd,10,128,20000,0.05,0.9,0.0005,cuda,False,False,6,68,853,0.5793536901473999
fixed_random,2,results_logistic_comparison,results_logistic_comparison,logistic_regression,sgd,10,128,20000,0.05,0.9,0.0005,cuda,False,False,6,69,854,0.06302793323993683
fixed_random,2,results_logistic_comparison,results_logistic_comparison,logistic_regression,sgd,10,128,20000,0.05,0.9,0.0005,cuda,False,False,6,70,855,0.12547169625759125
fixed_random,2,results_logistic_comparison,results_logistic_comparison,logistic_regression,sgd,10,128,20000,0.05,0.9,0.0005,cuda,False,False,6,71,856,0.7149316668510437
fixed_random,2,results_logistic_comparison,results_logistic_comparison,logistic_regression,sgd,10,128,20000,0.05,0.9,0.0005,cuda,False,False,6,72,857,-0.22652330994606018
fixed_random,2,results_logistic_comparison,results_logistic_comparison,logistic_regression,sgd,10,128,20000,0.05,0.9,0.0005,cuda,False,False,6,73,858,0.6680051684379578
fixed_random,2,results_logistic_comparison,results_logistic_comparison,logistic_regression,sgd,10,128,20000,0.05,0.9,0.0005,cuda,False,False,6,74,859,0.4688768982887268
fixed_random,2,results_logistic_comparison,results_logistic_comparison,logistic_regression,sgd,10,128,20000,0.05,0.9,0.0005,cuda,False,False,6,75,860,0.5057649612426758
fixed_random,2,results_logistic_comparison,results_logistic_comparison,logistic_regression,sgd,10,128,20000,0.05,0.9,0.0005,cuda,False,False,6,76,861,0.5223273038864136
fixed_random,2,results_logistic_comparison,results_logistic_comparison,logistic_regression,sgd,10,128,20000,0.05,0.9,0.0005,cuda,False,False,6,77,862,-0.3570592999458313
fixed_random,2,results_logistic_comparison,results_logistic_comparison,logistic_regression,sgd,10,128,20000,0.05,0.9,0.0005,cuda,False,False,6,78,863,0.7787164449691772
fixed_random,2,results_logistic_comparison,results_logistic_comparison,logistic_regression,sgd,10,128,20000,0.05,0.9,0.0005,cuda,False,False,6,79,864,0.6696535348892212
fixed_random,2,results_logistic_comparison,results_logistic_comparison,logistic_regression,sgd,10,128,20000,0.05,0.9,0.0005,cuda,False,False,6,80,865,0.2991721034049988
fixed_random,2,results_logistic_comparison,results_logistic_comparison,logistic_regression,sgd,10,128,20000,0.05,0.9,0.0005,cuda,False,False,6,81,866,0.3555889427661896
fixed_random,2,results_logistic_comparison,results_logistic_comparison,logistic_regression,sgd,10,128,20000,0.05,0.9,0.0005,cuda,False,False,6,82,867,-0.07606789469718933
fixed_random,2,results_logistic_comparison,results_logistic_comparison,logistic_regression,sgd,10,128,20000,0.05,0.9,0.0005,cuda,False,False,6,83,868,-0.3976643681526184
fixed_random,2,results_logistic_comparison,results_logistic_comparison,logistic_regression,sgd,10,128,20000,0.05,0.9,0.0005,cuda,False,False,6,84,869,0.4582229256629944
fixed_random,2,results_logistic_comparison,results_logistic_comparison,logistic_regression,sgd,10,128,20000,0.05,0.9,0.0005,cuda,False,False,6,85,870,0.4820680618286133
fixed_random,2,results_logistic_comparison,results_logistic_comparison,logistic_regression,sgd,10,128,20000,0.05,0.9,0.0005,cuda,False,False,6,86,871,0.4248279929161072
fixed_random,2,results_logistic_comparison,results_logistic_comparison,logistic_regression,sgd,10,128,20000,0.05,0.9,0.0005,cuda,False,False,6,87,872,-0.2905382513999939
fixed_random,2,results_logistic_comparison,results_logistic_comparison,logistic_regression,sgd,10,128,20000,0.05,0.9,0.0005,cuda,False,False,6,88,873,0.46363651752471924
fixed_random,2,results_logistic_comparison,results_logistic_comparison,logistic_regression,sgd,10,128,20000,0.05,0.9,0.0005,cuda,False,False,6,89,874,0.6673179864883423
fixed_random,2,results_logistic_comparison,results_logistic_comparison,logistic_regression,sgd,10,128,20000,0.05,0.9,0.0005,cuda,False,False,6,90,875,0.1015014797449112
fixed_random,2,results_logistic_comparison,results_logistic_comparison,logistic_regression,sgd,10,128,20000,0.05,0.9,0.0005,cuda,False,False,6,91,876,0.7304983735084534
fixed_random,2,results_logistic_comparison,results_logistic_comparison,logistic_regression,sgd,10,128,20000,0.05,0.9,0.0005,cuda,False,False,6,92,877,0.0038524994160979986
fixed_random,2,results_logistic_comparison,results_logistic_comparison,logistic_regression,sgd,10,128,20000,0.05,0.9,0.0005,cuda,False,False,6,93,878,0.546625018119812
fixed_random,2,results_logistic_comparison,results_logistic_comparison,logistic_regression,sgd,10,128,20000,0.05,0.9,0.0005,cuda,False,False,6,94,879,-0.024968987330794334
fixed_random,2,results_logistic_comparison,results_logistic_comparison,logistic_regression,sgd,10,128,20000,0.05,0.9,0.0005,cuda,False,False,6,95,880,0.400942862033844
fixed_random,2,results_logistic_comparison,results_logistic_comparison,logistic_regression,sgd,10,128,20000,0.05,0.9,0.0005,cuda,False,False,6,96,881,0.28089138865470886
fixed_random,2,results_logistic_comparison,results_logistic_comparison,logistic_regression,sgd,10,128,20000,0.05,0.9,0.0005,cuda,False,False,6,97,882,0.12184782326221466
fixed_random,2,results_logistic_comparison,results_logistic_comparison,logistic_regression,sgd,10,128,20000,0.05,0.9,0.0005,cuda,False,False,6,98,883,0.2658538818359375
fixed_random,2,results_logistic_comparison,results_logistic_comparison,logistic_regression,sgd,10,128,20000,0.05,0.9,0.0005,cuda,False,False,6,99,884,0.22640448808670044
fixed_random,2,results_logistic_comparison,results_logistic_comparison,logistic_regression,sgd,10,128,20000,0.05,0.9,0.0005,cuda,False,False,6,100,885,0.5803362131118774
fixed_random,2,results_logistic_comparison,results_logistic_comparison,logistic_regression,sgd,10,128,20000,0.05,0.9,0.0005,cuda,False,False,6,101,886,0.38815557956695557
fixed_random,2,results_logistic_comparison,results_logistic_comparison,logistic_regression,sgd,10,128,20000,0.05,0.9,0.0005,cuda,False,False,6,102,887,0.01746518164873123
fixed_random,2,results_logistic_comparison,results_logistic_comparison,logistic_regression,sgd,10,128,20000,0.05,0.9,0.0005,cuda,False,False,6,103,888,0.4411870837211609
fixed_random,2,results_logistic_comparison,results_logistic_comparison,logistic_regression,sgd,10,128,20000,0.05,0.9,0.0005,cuda,False,False,6,104,889,0.21395474672317505
fixed_random,2,results_logistic_comparison,results_logistic_comparison,logistic_regression,sgd,10,128,20000,0.05,0.9,0.0005,cuda,False,False,6,105,890,-0.33144837617874146
fixed_random,2,results_logistic_comparison,results_logistic_comparison,logistic_regression,sgd,10,128,20000,0.05,0.9,0.0005,cuda,False,False,6,106,891,0.3930927813053131
fixed_random,2,results_logistic_comparison,results_logistic_comparison,logistic_regression,sgd,10,128,20000,0.05,0.9,0.0005,cuda,False,False,6,107,892,-0.4143233597278595
fixed_random,2,results_logistic_comparison,results_logistic_comparison,logistic_regression,sgd,10,128,20000,0.05,0.9,0.0005,cuda,False,False,6,108,893,0.7569411993026733
fixed_random,2,results_logistic_comparison,results_logistic_comparison,logistic_regression,sgd,10,128,20000,0.05,0.9,0.0005,cuda,False,False,6,109,894,0.5734397172927856
fixed_random,2,results_logistic_comparison,results_logistic_comparison,logistic_regression,sgd,10,128,20000,0.05,0.9,0.0005,cuda,False,False,6,110,895,-0.20985347032546997
fixed_random,2,results_logistic_comparison,results_logistic_comparison,logistic_regression,sgd,10,128,20000,0.05,0.9,0.0005,cuda,False,False,6,111,896,0.103885717689991
fixed_random,2,results_logistic_comparison,results_logistic_comparison,logistic_regression,sgd,10,128,20000,0.05,0.9,0.0005,cuda,False,False,6,112,897,0.6864303350448608
fixed_random,2,results_logistic_comparison,results_logistic_comparison,logistic_regression,sgd,10,128,20000,0.05,0.9,0.0005,cuda,False,False,6,113,898,0.12042076140642166
fixed_random,2,results_logistic_comparison,results_logistic_comparison,logistic_regression,sgd,10,128,20000,0.05,0.9,0.0005,cuda,False,False,6,114,899,0.42121511697769165
fixed_random,2,results_logistic_comparison,results_logistic_comparison,logistic_regression,sgd,10,128,20000,0.05,0.9,0.0005,cuda,False,False,6,115,900,0.20846515893936157
fixed_random,2,results_logistic_comparison,results_logistic_comparison,logistic_regression,sgd,10,128,20000,0.05,0.9,0.0005,cuda,False,False,6,116,901,0.04678947851061821
fixed_random,2,results_logistic_comparison,results_logistic_comparison,logistic_regression,sgd,10,128,20000,0.05,0.9,0.0005,cuda,False,False,6,117,902,0.2735515832901001
fixed_random,2,results_logistic_comparison,results_logistic_comparison,logistic_regression,sgd,10,128,20000,0.05,0.9,0.0005,cuda,False,False,6,118,903,0.19073987007141113
fixed_random,2,results_logistic_comparison,results_logistic_comparison,logistic_regression,sgd,10,128,20000,0.05,0.9,0.0005,cuda,False,False,6,119,904,0.23964375257492065
fixed_random,2,results_logistic_comparison,results_logistic_comparison,logistic_regression,sgd,10,128,20000,0.05,0.9,0.0005,cuda,False,False,6,120,905,0.1834508180618286
fixed_random,2,results_logistic_comparison,results_logistic_comparison,logistic_regression,sgd,10,128,20000,0.05,0.9,0.0005,cuda,False,False,6,121,906,-0.5937528014183044
fixed_random,2,results_logistic_comparison,results_logistic_comparison,logistic_regression,sgd,10,128,20000,0.05,0.9,0.0005,cuda,False,False,6,122,907,0.1894492357969284
fixed_random,2,results_logistic_comparison,results_logistic_comparison,logistic_regression,sgd,10,128,20000,0.05,0.9,0.0005,cuda,False,False,6,123,908,0.27312934398651123
fixed_random,2,results_logistic_comparison,results_logistic_comparison,logistic_regression,sgd,10,128,20000,0.05,0.9,0.0005,cuda,False,False,6,124,909,0.47134923934936523
fixed_random,2,results_logistic_comparison,results_logistic_comparison,logistic_regression,sgd,10,128,20000,0.05,0.9,0.0005,cuda,False,False,6,125,910,0.15599268674850464
fixed_random,2,results_logistic_comparison,results_logistic_comparison,logistic_regression,sgd,10,128,20000,0.05,0.9,0.0005,cuda,False,False,6,126,911,0.4428187608718872
fixed_random,2,results_logistic_comparison,results_logistic_comparison,logistic_regression,sgd,10,128,20000,0.05,0.9,0.0005,cuda,False,False,6,127,912,0.5278123021125793
fixed_random,2,results_logistic_comparison,results_logistic_comparison,logistic_regression,sgd,10,128,20000,0.05,0.9,0.0005,cuda,False,False,6,128,913,-0.5886877775192261
fixed_random,2,results_logistic_comparison,results_logistic_comparison,logistic_regression,sgd,10,128,20000,0.05,0.9,0.0005,cuda,False,False,6,129,914,0.7826147079467773
fixed_random,2,results_logistic_comparison,results_logistic_comparison,logistic_regression,sgd,10,128,20000,0.05,0.9,0.0005,cuda,False,False,6,130,915,-0.20017492771148682
fixed_random,2,results_logistic_comparison,results_logistic_comparison,logistic_regression,sgd,10,128,20000,0.05,0.9,0.0005,cuda,False,False,6,131,916,0.5323801636695862
fixed_random,2,results_logistic_comparison,results_logistic_comparison,logistic_regression,sgd,10,128,20000,0.05,0.9,0.0005,cuda,False,False,6,132,917,0.604735255241394
fixed_random,2,results_logistic_comparison,results_logistic_comparison,logistic_regression,sgd,10,128,20000,0.05,0.9,0.0005,cuda,False,False,6,133,918,0.3466707766056061
fixed_random,2,results_logistic_comparison,results_logistic_comparison,logistic_regression,sgd,10,128,20000,0.05,0.9,0.0005,cuda,False,False,6,134,919,-0.3788311183452606
fixed_random,2,results_logistic_comparison,results_logistic_comparison,logistic_regression,sgd,10,128,20000,0.05,0.9,0.0005,cuda,False,False,6,135,920,0.48361605405807495
fixed_random,2,results_logistic_comparison,results_logistic_comparison,logistic_regression,sgd,10,128,20000,0.05,0.9,0.0005,cuda,False,False,6,136,921,-0.16138556599617004
fixed_random,2,results_logistic_comparison,results_logistic_comparison,logistic_regression,sgd,10,128,20000,0.05,0.9,0.0005,cuda,False,False,6,137,922,-0.4656462073326111
fixed_random,2,results_logistic_comparison,results_logistic_comparison,logistic_regression,sgd,10,128,20000,0.05,0.9,0.0005,cuda,False,False,6,138,923,0.8272832632064819
fixed_random,2,results_logistic_comparison,results_logistic_comparison,logistic_regression,sgd,10,128,20000,0.05,0.9,0.0005,cuda,False,False,6,139,924,0.7060685753822327
fixed_random,2,results_logistic_comparison,results_logistic_comparison,logistic_regression,sgd,10,128,20000,0.05,0.9,0.0005,cuda,False,False,6,140,925,0.027717527002096176
fixed_random,2,results_logistic_comparison,results_logistic_comparison,logistic_regression,sgd,10,128,20000,0.05,0.9,0.0005,cuda,False,False,6,141,926,0.18171565234661102
fixed_random,2,results_logistic_comparison,results_logistic_comparison,logistic_regression,sgd,10,128,20000,0.05,0.9,0.0005,cuda,False,False,6,142,927,0.29508671164512634
fixed_random,2,results_logistic_comparison,results_logistic_comparison,logistic_regression,sgd,10,128,20000,0.05,0.9,0.0005,cuda,False,False,6,143,928,0.5221778154373169
fixed_random,2,results_logistic_comparison,results_logistic_comparison,logistic_regression,sgd,10,128,20000,0.05,0.9,0.0005,cuda,False,False,6,144,929,-0.014399491250514984
fixed_random,2,results_logistic_comparison,results_logistic_comparison,logistic_regression,sgd,10,128,20000,0.05,0.9,0.0005,cuda,False,False,6,145,930,0.41137486696243286
fixed_random,2,results_logistic_comparison,results_logistic_comparison,logistic_regression,sgd,10,128,20000,0.05,0.9,0.0005,cuda,False,False,6,146,931,0.7333581447601318
fixed_random,2,results_logistic_comparison,results_logistic_comparison,logistic_regression,sgd,10,128,20000,0.05,0.9,0.0005,cuda,False,False,6,147,932,0.10119152069091797
fixed_random,2,results_logistic_comparison,results_logistic_comparison,logistic_regression,sgd,10,128,20000,0.05,0.9,0.0005,cuda,False,False,6,148,933,0.4889804720878601
fixed_random,2,results_logistic_comparison,results_logistic_comparison,logistic_regression,sgd,10,128,20000,0.05,0.9,0.0005,cuda,False,False,6,149,934,0.5461936593055725
fixed_random,2,results_logistic_comparison,results_logistic_comparison,logistic_regression,sgd,10,128,20000,0.05,0.9,0.0005,cuda,False,False,6,150,935,0.507319986820221
fixed_random,2,results_logistic_comparison,results_logistic_comparison,logistic_regression,sgd,10,128,20000,0.05,0.9,0.0005,cuda,False,False,6,151,936,0.651020348072052
fixed_random,2,results_logistic_comparison,results_logistic_comparison,logistic_regression,sgd,10,128,20000,0.05,0.9,0.0005,cuda,False,False,6,152,937,-0.032620254904031754
fixed_random,2,results_logistic_comparison,results_logistic_comparison,logistic_regression,sgd,10,128,20000,0.05,0.9,0.0005,cuda,False,False,6,153,938,0.31720349192619324
fixed_random,2,results_logistic_comparison,results_logistic_comparison,logistic_regression,sgd,10,128,20000,0.05,0.9,0.0005,cuda,False,False,6,154,939,-0.1522141695022583
fixed_random,2,results_logistic_comparison,results_logistic_comparison,logistic_regression,sgd,10,128,20000,0.05,0.9,0.0005,cuda,False,False,6,155,940,0.4701542854309082
fixed_random,2,results_logistic_comparison,results_logistic_comparison,logistic_regression,sgd,10,128,20000,0.05,0.9,0.0005,cuda,False,False,6,156,941,0.4108312129974365
fixed_random,2,results_logistic_comparison,results_logistic_comparison,logistic_regression,sgd,10,128,20000,0.05,0.9,0.0005,cuda,False,False,6,157,942,-0.25842827558517456
fixed_random,2,results_logistic_comparison,results_logistic_comparison,logistic_regression,sgd,10,128,20000,0.05,0.9,0.0005,cuda,False,False,7,1,943,0.0443103052675724
fixed_random,2,results_logistic_comparison,results_logistic_comparison,logistic_regression,sgd,10,128,20000,0.05,0.9,0.0005,cuda,False,False,7,2,944,0.5272703170776367
fixed_random,2,results_logistic_comparison,results_logistic_comparison,logistic_regression,sgd,10,128,20000,0.05,0.9,0.0005,cuda,False,False,7,3,945,-0.5294418334960938
fixed_random,2,results_logistic_comparison,results_logistic_comparison,logistic_regression,sgd,10,128,20000,0.05,0.9,0.0005,cuda,False,False,7,4,946,0.7234551310539246
fixed_random,2,results_logistic_comparison,results_logistic_comparison,logistic_regression,sgd,10,128,20000,0.05,0.9,0.0005,cuda,False,False,7,5,947,0.0333675779402256
fixed_random,2,results_logistic_comparison,results_logistic_comparison,logistic_regression,sgd,10,128,20000,0.05,0.9,0.0005,cuda,False,False,7,6,948,0.5495354533195496
fixed_random,2,results_logistic_comparison,results_logistic_comparison,logistic_regression,sgd,10,128,20000,0.05,0.9,0.0005,cuda,False,False,7,7,949,0.4756275713443756
fixed_random,2,results_logistic_comparison,results_logistic_comparison,logistic_regression,sgd,10,128,20000,0.05,0.9,0.0005,cuda,False,False,7,8,950,0.13625505566596985
fixed_random,2,results_logistic_comparison,results_logistic_comparison,logistic_regression,sgd,10,128,20000,0.05,0.9,0.0005,cuda,False,False,7,9,951,0.4476534128189087
fixed_random,2,results_logistic_comparison,results_logistic_comparison,logistic_regression,sgd,10,128,20000,0.05,0.9,0.0005,cuda,False,False,7,10,952,-0.2785075306892395
fixed_random,2,results_logistic_comparison,results_logistic_comparison,logistic_regression,sgd,10,128,20000,0.05,0.9,0.0005,cuda,False,False,7,11,953,0.7381935119628906
fixed_random,2,results_logistic_comparison,results_logistic_comparison,logistic_regression,sgd,10,128,20000,0.05,0.9,0.0005,cuda,False,False,7,12,954,0.4207562208175659
fixed_random,2,results_logistic_comparison,results_logistic_comparison,logistic_regression,sgd,10,128,20000,0.05,0.9,0.0005,cuda,False,False,7,13,955,0.0975421890616417
fixed_random,2,results_logistic_comparison,results_logistic_comparison,logistic_regression,sgd,10,128,20000,0.05,0.9,0.0005,cuda,False,False,7,14,956,0.6018180847167969
fixed_random,2,results_logistic_comparison,results_logistic_comparison,logistic_regression,sgd,10,128,20000,0.05,0.9,0.0005,cuda,False,False,7,15,957,-0.43122225999832153
fixed_random,2,results_logistic_comparison,results_logistic_comparison,logistic_regression,sgd,10,128,20000,0.05,0.9,0.0005,cuda,False,False,7,16,958,0.803929328918457
fixed_random,2,results_logistic_comparison,results_logistic_comparison,logistic_regression,sgd,10,128,20000,0.05,0.9,0.0005,cuda,False,False,7,17,959,0.8045832514762878
fixed_random,2,results_logistic_comparison,results_logistic_comparison,logistic_regression,sgd,10,128,20000,0.05,0.9,0.0005,cuda,False,False,7,18,960,0.11322813481092453
fixed_random,2,results_logistic_comparison,results_logistic_comparison,logistic_regression,sgd,10,128,20000,0.05,0.9,0.0005,cuda,False,False,7,19,961,0.23734691739082336
fixed_random,2,results_logistic_comparison,results_logistic_comparison,logistic_regression,sgd,10,128,20000,0.05,0.9,0.0005,cuda,False,False,7,20,962,0.6236974000930786
fixed_random,2,results_logistic_comparison,results_logistic_comparison,logistic_regression,sgd,10,128,20000,0.05,0.9,0.0005,cuda,False,False,7,21,963,0.7085909843444824
fixed_random,2,results_logistic_comparison,results_logistic_comparison,logistic_regression,sgd,10,128,20000,0.05,0.9,0.0005,cuda,False,False,7,22,964,-0.600607693195343
fixed_random,2,results_logistic_comparison,results_logistic_comparison,logistic_regression,sgd,10,128,20000,0.05,0.9,0.0005,cuda,False,False,7,23,965,0.9141120910644531
fixed_random,2,results_logistic_comparison,results_logistic_comparison,logistic_regression,sgd,10,128,20000,0.05,0.9,0.0005,cuda,False,False,7,24,966,0.7594391703605652
fixed_random,2,results_logistic_comparison,results_logistic_comparison,logistic_regression,sgd,10,128,20000,0.05,0.9,0.0005,cuda,False,False,7,25,967,-0.2511143982410431
fixed_random,2,results_logistic_comparison,results_logistic_comparison,logistic_regression,sgd,10,128,20000,0.05,0.9,0.0005,cuda,False,False,7,26,968,0.7554970383644104
fixed_random,2,results_logistic_comparison,results_logistic_comparison,logistic_regression,sgd,10,128,20000,0.05,0.9,0.0005,cuda,False,False,7,27,969,0.5221782922744751
fixed_random,2,results_logistic_comparison,results_logistic_comparison,logistic_regression,sgd,10,128,20000,0.05,0.9,0.0005,cuda,False,False,7,28,970,0.687000572681427
fixed_random,2,results_logistic_comparison,results_logistic_comparison,logistic_regression,sgd,10,128,20000,0.05,0.9,0.0005,cuda,False,False,7,29,971,0.6915197372436523
fixed_random,2,results_logistic_comparison,results_logistic_comparison,logistic_regression,sgd,10,128,20000,0.05,0.9,0.0005,cuda,False,False,7,30,972,-0.5293076634407043
fixed_random,2,results_logistic_comparison,results_logistic_comparison,logistic_regression,sgd,10,128,20000,0.05,0.9,0.0005,cuda,False,False,7,31,973,0.739578902721405
fixed_random,2,results_logistic_comparison,results_logistic_comparison,logistic_regression,sgd,10,128,20000,0.05,0.9,0.0005,cuda,False,False,7,32,974,0.5888338088989258
fixed_random,2,results_logistic_comparison,results_logistic_comparison,logistic_regression,sgd,10,128,20000,0.05,0.9,0.0005,cuda,False,False,7,33,975,0.2908354103565216
fixed_random,2,results_logistic_comparison,results_logistic_comparison,logistic_regression,sgd,10,128,20000,0.05,0.9,0.0005,cuda,False,False,7,34,976,-0.051451846957206726
fixed_random,2,results_logistic_comparison,results_logistic_comparison,logistic_regression,sgd,10,128,20000,0.05,0.9,0.0005,cuda,False,False,7,35,977,0.7340552806854248
fixed_random,2,results_logistic_comparison,results_logistic_comparison,logistic_regression,sgd,10,128,20000,0.05,0.9,0.0005,cuda,False,False,7,36,978,0.6941907405853271
fixed_random,2,results_logistic_comparison,results_logistic_comparison,logistic_regression,sgd,10,128,20000,0.05,0.9,0.0005,cuda,False,False,7,37,979,-0.43411386013031006
fixed_random,2,results_logistic_comparison,results_logistic_comparison,logistic_regression,sgd,10,128,20000,0.05,0.9,0.0005,cuda,False,False,7,38,980,0.4817592203617096
fixed_random,2,results_logistic_comparison,results_logistic_comparison,logistic_regression,sgd,10,128,20000,0.05,0.9,0.0005,cuda,False,False,7,39,981,0.7326499223709106
fixed_random,2,results_logistic_comparison,results_logistic_comparison,logistic_regression,sgd,10,128,20000,0.05,0.9,0.0005,cuda,False,False,7,40,982,-0.06379561126232147
fixed_random,2,results_logistic_comparison,results_logistic_comparison,logistic_regression,sgd,10,128,20000,0.05,0.9,0.0005,cuda,False,False,7,41,983,0.1812482625246048
fixed_random,2,results_logistic_comparison,results_logistic_comparison,logistic_regression,sgd,10,128,20000,0.05,0.9,0.0005,cuda,False,False,7,42,984,0.25688496232032776
fixed_random,2,results_logistic_comparison,results_logistic_comparison,logistic_regression,sgd,10,128,20000,0.05,0.9,0.0005,cuda,False,False,7,43,985,0.5073103904724121
fixed_random,2,results_logistic_comparison,results_logistic_comparison,logistic_regression,sgd,10,128,20000,0.05,0.9,0.0005,cuda,False,False,7,44,986,0.1272483915090561
fixed_random,2,results_logistic_comparison,results_logistic_comparison,logistic_regression,sgd,10,128,20000,0.05,0.9,0.0005,cuda,False,False,7,45,987,0.516745924949646
fixed_random,2,results_logistic_comparison,results_logistic_comparison,logistic_regression,sgd,10,128,20000,0.05,0.9,0.0005,cuda,False,False,7,46,988,0.7677541971206665
fixed_random,2,results_logistic_comparison,results_logistic_comparison,logistic_regression,sgd,10,128,20000,0.05,0.9,0.0005,cuda,False,False,7,47,989,0.0778035819530487
fixed_random,2,results_logistic_comparison,results_logistic_comparison,logistic_regression,sgd,10,128,20000,0.05,0.9,0.0005,cuda,False,False,7,48,990,0.3755359649658203
fixed_random,2,results_logistic_comparison,results_logistic_comparison,logistic_regression,sgd,10,128,20000,0.05,0.9,0.0005,cuda,False,False,7,49,991,0.7286028265953064
fixed_random,2,results_logistic_comparison,results_logistic_comparison,logistic_regression,sgd,10,128,20000,0.05,0.9,0.0005,cuda,False,False,7,50,992,0.680255651473999
fixed_random,2,results_logistic_comparison,results_logistic_comparison,logistic_regression,sgd,10,128,20000,0.05,0.9,0.0005,cuda,False,False,7,51,993,0.01619342528283596
fixed_random,2,results_logistic_comparison,results_logistic_comparison,logistic_regression,sgd,10,128,20000,0.05,0.9,0.0005,cuda,False,False,7,52,994,0.579682469367981
fixed_random,2,results_logistic_comparison,results_logistic_comparison,logistic_regression,sgd,10,128,20000,0.05,0.9,0.0005,cuda,False,False,7,53,995,0.7225370407104492
fixed_random,2,results_logistic_comparison,results_logistic_comparison,logistic_regression,sgd,10,128,20000,0.05,0.9,0.0005,cuda,False,False,7,54,996,-0.2929290533065796
fixed_random,2,results_logistic_comparison,results_logistic_comparison,logistic_regression,sgd,10,128,20000,0.05,0.9,0.0005,cuda,False,False,7,55,997,0.47489261627197266
fixed_random,2,results_logistic_comparison,results_logistic_comparison,logistic_regression,sgd,10,128,20000,0.05,0.9,0.0005,cuda,False,False,7,56,998,0.7504866123199463
fixed_random,2,results_logistic_comparison,results_logistic_comparison,logistic_regression,sgd,10,128,20000,0.05,0.9,0.0005,cuda,False,False,7,57,999,0.5598121881484985
fixed_random,2,results_logistic_comparison,results_logistic_comparison,logistic_regression,sgd,10,128,20000,0.05,0.9,0.0005,cuda,False,False,7,58,1000,0.5216364860534668
fixed_random,2,results_logistic_comparison,results_logistic_comparison,logistic_regression,sgd,10,128,20000,0.05,0.9,0.0005,cuda,False,False,7,59,1001,0.03081175684928894
fixed_random,2,results_logistic_comparison,results_logistic_comparison,logistic_regression,sgd,10,128,20000,0.05,0.9,0.0005,cuda,False,False,7,60,1002,0.5579941272735596
fixed_random,2,results_logistic_comparison,results_logistic_comparison,logistic_regression,sgd,10,128,20000,0.05,0.9,0.0005,cuda,False,False,7,61,1003,0.43107160925865173
fixed_random,2,results_logistic_comparison,results_logistic_comparison,logistic_regression,sgd,10,128,20000,0.05,0.9,0.0005,cuda,False,False,7,62,1004,0.014780929312109947
fixed_random,2,results_logistic_comparison,results_logistic_comparison,logistic_regression,sgd,10,128,20000,0.05,0.9,0.0005,cuda,False,False,7,63,1005,0.6578778028488159
fixed_random,2,results_logistic_comparison,results_logistic_comparison,logistic_regression,sgd,10,128,20000,0.05,0.9,0.0005,cuda,False,False,7,64,1006,0.6374475955963135
fixed_random,2,results_logistic_comparison,results_logistic_comparison,logistic_regression,sgd,10,128,20000,0.05,0.9,0.0005,cuda,False,False,7,65,1007,0.3108465075492859
fixed_random,2,results_logistic_comparison,results_logistic_comparison,logistic_regression,sgd,10,128,20000,0.05,0.9,0.0005,cuda,False,False,7,66,1008,-0.48849424719810486
fixed_random,2,results_logistic_comparison,results_logistic_comparison,logistic_regression,sgd,10,128,20000,0.05,0.9,0.0005,cuda,False,False,7,67,1009,-0.3528464436531067
fixed_random,2,results_logistic_comparison,results_logistic_comparison,logistic_regression,sgd,10,128,20000,0.05,0.9,0.0005,cuda,False,False,7,68,1010,0.6604958772659302
fixed_random,2,results_logistic_comparison,results_logistic_comparison,logistic_regression,sgd,10,128,20000,0.05,0.9,0.0005,cuda,False,False,7,69,1011,0.37857162952423096
fixed_random,2,results_logistic_comparison,results_logistic_comparison,logistic_regression,sgd,10,128,20000,0.05,0.9,0.0005,cuda,False,False,7,70,1012,-0.10900713503360748
fixed_random,2,results_logistic_comparison,results_logistic_comparison,logistic_regression,sgd,10,128,20000,0.05,0.9,0.0005,cuda,False,False,7,71,1013,0.719763994216919
fixed_random,2,results_logistic_comparison,results_logistic_comparison,logistic_regression,sgd,10,128,20000,0.05,0.9,0.0005,cuda,False,False,7,72,1014,-0.2035829722881317
fixed_random,2,results_logistic_comparison,results_logistic_comparison,logistic_regression,sgd,10,128,20000,0.05,0.9,0.0005,cuda,False,False,7,73,1015,0.6013088226318359
fixed_random,2,results_logistic_comparison,results_logistic_comparison,logistic_regression,sgd,10,128,20000,0.05,0.9,0.0005,cuda,False,False,7,74,1016,0.43995201587677
fixed_random,2,results_logistic_comparison,results_logistic_comparison,logistic_regression,sgd,10,128,20000,0.05,0.9,0.0005,cuda,False,False,7,75,1017,0.46851399540901184
fixed_random,2,results_logistic_comparison,results_logistic_comparison,logistic_regression,sgd,10,128,20000,0.05,0.9,0.0005,cuda,False,False,7,76,1018,0.6316596865653992
fixed_random,2,results_logistic_comparison,results_logistic_comparison,logistic_regression,sgd,10,128,20000,0.05,0.9,0.0005,cuda,False,False,7,77,1019,-0.4106123447418213
fixed_random,2,results_logistic_comparison,results_logistic_comparison,logistic_regression,sgd,10,128,20000,0.05,0.9,0.0005,cuda,False,False,7,78,1020,0.7599798440933228
fixed_random,2,results_logistic_comparison,results_logistic_comparison,logistic_regression,sgd,10,128,20000,0.05,0.9,0.0005,cuda,False,False,7,79,1021,0.6520473957061768
fixed_random,2,results_logistic_comparison,results_logistic_comparison,logistic_regression,sgd,10,128,20000,0.05,0.9,0.0005,cuda,False,False,7,80,1022,0.4266427159309387
fixed_random,2,results_logistic_comparison,results_logistic_comparison,logistic_regression,sgd,10,128,20000,0.05,0.9,0.0005,cuda,False,False,7,81,1023,0.141113743185997
fixed_random,2,results_logistic_comparison,results_logistic_comparison,logistic_regression,sgd,10,128,20000,0.05,0.9,0.0005,cuda,False,False,7,82,1024,0.20957158505916595
fixed_random,2,results_logistic_comparison,results_logistic_comparison,logistic_regression,sgd,10,128,20000,0.05,0.9,0.0005,cuda,False,False,7,83,1025,-0.6340122818946838
fixed_random,2,results_logistic_comparison,results_logistic_comparison,logistic_regression,sgd,10,128,20000,0.05,0.9,0.0005,cuda,False,False,7,84,1026,0.407044380903244
fixed_random,2,results_logistic_comparison,results_logistic_comparison,logistic_regression,sgd,10,128,20000,0.05,0.9,0.0005,cuda,False,False,7,85,1027,0.49669328331947327
fixed_random,2,results_logistic_comparison,results_logistic_comparison,logistic_regression,sgd,10,128,20000,0.05,0.9,0.0005,cuda,False,False,7,86,1028,0.4302811026573181
fixed_random,2,results_logistic_comparison,results_logistic_comparison,logistic_regression,sgd,10,128,20000,0.05,0.9,0.0005,cuda,False,False,7,87,1029,-0.13216547667980194
fixed_random,2,results_logistic_comparison,results_logistic_comparison,logistic_regression,sgd,10,128,20000,0.05,0.9,0.0005,cuda,False,False,7,88,1030,0.559285581111908
fixed_random,2,results_logistic_comparison,results_logistic_comparison,logistic_regression,sgd,10,128,20000,0.05,0.9,0.0005,cuda,False,False,7,89,1031,0.4851232171058655
fixed_random,2,results_logistic_comparison,results_logistic_comparison,logistic_regression,sgd,10,128,20000,0.05,0.9,0.0005,cuda,False,False,7,90,1032,0.07058678567409515
fixed_random,2,results_logistic_comparison,results_logistic_comparison,logistic_regression,sgd,10,128,20000,0.05,0.9,0.0005,cuda,False,False,7,91,1033,0.8013627529144287
fixed_random,2,results_logistic_comparison,results_logistic_comparison,logistic_regression,sgd,10,128,20000,0.05,0.9,0.0005,cuda,False,False,7,92,1034,0.018201719969511032
fixed_random,2,results_logistic_comparison,results_logistic_comparison,logistic_regression,sgd,10,128,20000,0.05,0.9,0.0005,cuda,False,False,7,93,1035,0.5854838490486145
fixed_random,2,results_logistic_comparison,results_logistic_comparison,logistic_regression,sgd,10,128,20000,0.05,0.9,0.0005,cuda,False,False,7,94,1036,-0.12286355346441269
fixed_random,2,results_logistic_comparison,results_logistic_comparison,logistic_regression,sgd,10,128,20000,0.05,0.9,0.0005,cuda,False,False,7,95,1037,0.47722017765045166
fixed_random,2,results_logistic_comparison,results_logistic_comparison,logistic_regression,sgd,10,128,20000,0.05,0.9,0.0005,cuda,False,False,7,96,1038,0.42148250341415405
fixed_random,2,results_logistic_comparison,results_logistic_comparison,logistic_regression,sgd,10,128,20000,0.05,0.9,0.0005,cuda,False,False,7,97,1039,0.17425836622714996
fixed_random,2,results_logistic_comparison,results_logistic_comparison,logistic_regression,sgd,10,128,20000,0.05,0.9,0.0005,cuda,False,False,7,98,1040,0.20304767787456512
fixed_random,2,results_logistic_comparison,results_logistic_comparison,logistic_regression,sgd,10,128,20000,0.05,0.9,0.0005,cuda,False,False,7,99,1041,0.3215484917163849
fixed_random,2,results_logistic_comparison,results_logistic_comparison,logistic_regression,sgd,10,128,20000,0.05,0.9,0.0005,cuda,False,False,7,100,1042,0.43872496485710144
fixed_random,2,results_logistic_comparison,results_logistic_comparison,logistic_regression,sgd,10,128,20000,0.05,0.9,0.0005,cuda,False,False,7,101,1043,0.5657161474227905
fixed_random,2,results_logistic_comparison,results_logistic_comparison,logistic_regression,sgd,10,128,20000,0.05,0.9,0.0005,cuda,False,False,7,102,1044,-0.1402478814125061
fixed_random,2,results_logistic_comparison,results_logistic_comparison,logistic_regression,sgd,10,128,20000,0.05,0.9,0.0005,cuda,False,False,7,103,1045,0.5710260272026062
fixed_random,2,results_logistic_comparison,results_logistic_comparison,logistic_regression,sgd,10,128,20000,0.05,0.9,0.0005,cuda,False,False,7,104,1046,0.11826370656490326
fixed_random,2,results_logistic_comparison,results_logistic_comparison,logistic_regression,sgd,10,128,20000,0.05,0.9,0.0005,cuda,False,False,7,105,1047,-0.16806817054748535
fixed_random,2,results_logistic_comparison,results_logistic_comparison,logistic_regression,sgd,10,128,20000,0.05,0.9,0.0005,cuda,False,False,7,106,1048,0.3699868321418762
fixed_random,2,results_logistic_comparison,results_logistic_comparison,logistic_regression,sgd,10,128,20000,0.05,0.9,0.0005,cuda,False,False,7,107,1049,-0.05907021462917328
fixed_random,2,results_logistic_comparison,results_logistic_comparison,logistic_regression,sgd,10,128,20000,0.05,0.9,0.0005,cuda,False,False,7,108,1050,0.7868211269378662
fixed_random,2,results_logistic_comparison,results_logistic_comparison,logistic_regression,sgd,10,128,20000,0.05,0.9,0.0005,cuda,False,False,7,109,1051,0.6004423499107361
fixed_random,2,results_logistic_comparison,results_logistic_comparison,logistic_regression,sgd,10,128,20000,0.05,0.9,0.0005,cuda,False,False,7,110,1052,-0.14233261346817017
fixed_random,2,results_logistic_comparison,results_logistic_comparison,logistic_regression,sgd,10,128,20000,0.05,0.9,0.0005,cuda,False,False,7,111,1053,0.740330159664154
fixed_random,2,results_logistic_comparison,results_logistic_comparison,logistic_regression,sgd,10,128,20000,0.05,0.9,0.0005,cuda,False,False,7,112,1054,0.13095971941947937
fixed_random,2,results_logistic_comparison,results_logistic_comparison,logistic_regression,sgd,10,128,20000,0.05,0.9,0.0005,cuda,False,False,7,113,1055,0.4674725830554962
fixed_random,2,results_logistic_comparison,results_logistic_comparison,logistic_regression,sgd,10,128,20000,0.05,0.9,0.0005,cuda,False,False,7,114,1056,0.5911886692047119
fixed_random,2,results_logistic_comparison,results_logistic_comparison,logistic_regression,sgd,10,128,20000,0.05,0.9,0.0005,cuda,False,False,7,115,1057,0.3553614616394043
fixed_random,2,results_logistic_comparison,results_logistic_comparison,logistic_regression,sgd,10,128,20000,0.05,0.9,0.0005,cuda,False,False,7,116,1058,0.1258401721715927
fixed_random,2,results_logistic_comparison,results_logistic_comparison,logistic_regression,sgd,10,128,20000,0.05,0.9,0.0005,cuda,False,False,7,117,1059,0.5291213989257812
fixed_random,2,results_logistic_comparison,results_logistic_comparison,logistic_regression,sgd,10,128,20000,0.05,0.9,0.0005,cuda,False,False,7,118,1060,0.4398873448371887
fixed_random,2,results_logistic_comparison,results_logistic_comparison,logistic_regression,sgd,10,128,20000,0.05,0.9,0.0005,cuda,False,False,7,119,1061,0.21248099207878113
fixed_random,2,results_logistic_comparison,results_logistic_comparison,logistic_regression,sgd,10,128,20000,0.05,0.9,0.0005,cuda,False,False,7,120,1062,0.07238464802503586
fixed_random,2,results_logistic_comparison,results_logistic_comparison,logistic_regression,sgd,10,128,20000,0.05,0.9,0.0005,cuda,False,False,7,121,1063,0.18164807558059692
fixed_random,2,results_logistic_comparison,results_logistic_comparison,logistic_regression,sgd,10,128,20000,0.05,0.9,0.0005,cuda,False,False,7,122,1064,-0.36865198612213135
fixed_random,2,results_logistic_comparison,results_logistic_comparison,logistic_regression,sgd,10,128,20000,0.05,0.9,0.0005,cuda,False,False,7,123,1065,0.33562004566192627
fixed_random,2,results_logistic_comparison,results_logistic_comparison,logistic_regression,sgd,10,128,20000,0.05,0.9,0.0005,cuda,False,False,7,124,1066,0.6688788533210754
fixed_random,2,results_logistic_comparison,results_logistic_comparison,logistic_regression,sgd,10,128,20000,0.05,0.9,0.0005,cuda,False,False,7,125,1067,0.0929248034954071
fixed_random,2,results_logistic_comparison,results_logistic_comparison,logistic_regression,sgd,10,128,20000,0.05,0.9,0.0005,cuda,False,False,7,126,1068,0.11553990840911865
fixed_random,2,results_logistic_comparison,results_logistic_comparison,logistic_regression,sgd,10,128,20000,0.05,0.9,0.0005,cuda,False,False,7,127,1069,0.4189610779285431
fixed_random,2,results_logistic_comparison,results_logistic_comparison,logistic_regression,sgd,10,128,20000,0.05,0.9,0.0005,cuda,False,False,7,128,1070,-0.4554388225078583
fixed_random,2,results_logistic_comparison,results_logistic_comparison,logistic_regression,sgd,10,128,20000,0.05,0.9,0.0005,cuda,False,False,7,129,1071,0.680849015712738
fixed_random,2,results_logistic_comparison,results_logistic_comparison,logistic_regression,sgd,10,128,20000,0.05,0.9,0.0005,cuda,False,False,7,130,1072,0.08647036552429199
fixed_random,2,results_logistic_comparison,results_logistic_comparison,logistic_regression,sgd,10,128,20000,0.05,0.9,0.0005,cuda,False,False,7,131,1073,0.6077447533607483
fixed_random,2,results_logistic_comparison,results_logistic_comparison,logistic_regression,sgd,10,128,20000,0.05,0.9,0.0005,cuda,False,False,7,132,1074,0.030005674809217453
fixed_random,2,results_logistic_comparison,results_logistic_comparison,logistic_regression,sgd,10,128,20000,0.05,0.9,0.0005,cuda,False,False,7,133,1075,0.5546960830688477
fixed_random,2,results_logistic_comparison,results_logistic_comparison,logistic_regression,sgd,10,128,20000,0.05,0.9,0.0005,cuda,False,False,7,134,1076,-0.4162963032722473
fixed_random,2,results_logistic_comparison,results_logistic_comparison,logistic_regression,sgd,10,128,20000,0.05,0.9,0.0005,cuda,False,False,7,135,1077,0.535179853439331
fixed_random,2,results_logistic_comparison,results_logistic_comparison,logistic_regression,sgd,10,128,20000,0.05,0.9,0.0005,cuda,False,False,7,136,1078,-0.11800345033407211
fixed_random,2,results_logistic_comparison,results_logistic_comparison,logistic_regression,sgd,10,128,20000,0.05,0.9,0.0005,cuda,False,False,7,137,1079,-0.2961115837097168
fixed_random,2,results_logistic_comparison,results_logistic_comparison,logistic_regression,sgd,10,128,20000,0.05,0.9,0.0005,cuda,False,False,7,138,1080,0.7291425466537476
fixed_random,2,results_logistic_comparison,results_logistic_comparison,logistic_regression,sgd,10,128,20000,0.05,0.9,0.0005,cuda,False,False,7,139,1081,0.6536250114440918
fixed_random,2,results_logistic_comparison,results_logistic_comparison,logistic_regression,sgd,10,128,20000,0.05,0.9,0.0005,cuda,False,False,7,140,1082,0.006153086666017771
fixed_random,2,results_logistic_comparison,results_logistic_comparison,logistic_regression,sgd,10,128,20000,0.05,0.9,0.0005,cuda,False,False,7,141,1083,0.203758105635643
fixed_random,2,results_logistic_comparison,results_logistic_comparison,logistic_regression,sgd,10,128,20000,0.05,0.9,0.0005,cuda,False,False,7,142,1084,0.3326352834701538
fixed_random,2,results_logistic_comparison,results_logistic_comparison,logistic_regression,sgd,10,128,20000,0.05,0.9,0.0005,cuda,False,False,7,143,1085,0.13065502047538757
fixed_random,2,results_logistic_comparison,results_logistic_comparison,logistic_regression,sgd,10,128,20000,0.05,0.9,0.0005,cuda,False,False,7,144,1086,0.4178088903427124
fixed_random,2,results_logistic_comparison,results_logistic_comparison,logistic_regression,sgd,10,128,20000,0.05,0.9,0.0005,cuda,False,False,7,145,1087,0.3773362338542938
fixed_random,2,results_logistic_comparison,results_logistic_comparison,logistic_regression,sgd,10,128,20000,0.05,0.9,0.0005,cuda,False,False,7,146,1088,0.6692317724227905
fixed_random,2,results_logistic_comparison,results_logistic_comparison,logistic_regression,sgd,10,128,20000,0.05,0.9,0.0005,cuda,False,False,7,147,1089,0.23573623597621918
fixed_random,2,results_logistic_comparison,results_logistic_comparison,logistic_regression,sgd,10,128,20000,0.05,0.9,0.0005,cuda,False,False,7,148,1090,0.44503384828567505
fixed_random,2,results_logistic_comparison,results_logistic_comparison,logistic_regression,sgd,10,128,20000,0.05,0.9,0.0005,cuda,False,False,7,149,1091,0.49306827783584595
fixed_random,2,results_logistic_comparison,results_logistic_comparison,logistic_regression,sgd,10,128,20000,0.05,0.9,0.0005,cuda,False,False,7,150,1092,0.4132843017578125
fixed_random,2,results_logistic_comparison,results_logistic_comparison,logistic_regression,sgd,10,128,20000,0.05,0.9,0.0005,cuda,False,False,7,151,1093,0.6620188355445862
fixed_random,2,results_logistic_comparison,results_logistic_comparison,logistic_regression,sgd,10,128,20000,0.05,0.9,0.0005,cuda,False,False,7,152,1094,-0.07782383263111115
fixed_random,2,results_logistic_comparison,results_logistic_comparison,logistic_regression,sgd,10,128,20000,0.05,0.9,0.0005,cuda,False,False,7,153,1095,0.11360785365104675
fixed_random,2,results_logistic_comparison,results_logistic_comparison,logistic_regression,sgd,10,128,20000,0.05,0.9,0.0005,cuda,False,False,7,154,1096,-0.11421787738800049
fixed_random,2,results_logistic_comparison,results_logistic_comparison,logistic_regression,sgd,10,128,20000,0.05,0.9,0.0005,cuda,False,False,7,155,1097,0.3647305965423584
fixed_random,2,results_logistic_comparison,results_logistic_comparison,logistic_regression,sgd,10,128,20000,0.05,0.9,0.0005,cuda,False,False,7,156,1098,0.16984432935714722
fixed_random,2,results_logistic_comparison,results_logistic_comparison,logistic_regression,sgd,10,128,20000,0.05,0.9,0.0005,cuda,False,False,7,157,1099,-0.50409996509552
fixed_random,2,results_logistic_comparison,results_logistic_comparison,logistic_regression,sgd,10,128,20000,0.05,0.9,0.0005,cuda,False,False,8,1,1100,0.24315787851810455
fixed_random,2,results_logistic_comparison,results_logistic_comparison,logistic_regression,sgd,10,128,20000,0.05,0.9,0.0005,cuda,False,False,8,2,1101,0.2591817378997803
fixed_random,2,results_logistic_comparison,results_logistic_comparison,logistic_regression,sgd,10,128,20000,0.05,0.9,0.0005,cuda,False,False,8,3,1102,-0.43774741888046265
fixed_random,2,results_logistic_comparison,results_logistic_comparison,logistic_regression,sgd,10,128,20000,0.05,0.9,0.0005,cuda,False,False,8,4,1103,0.6803241968154907
fixed_random,2,results_logistic_comparison,results_logistic_comparison,logistic_regression,sgd,10,128,20000,0.05,0.9,0.0005,cuda,False,False,8,5,1104,-0.17070089280605316
fixed_random,2,results_logistic_comparison,results_logistic_comparison,logistic_regression,sgd,10,128,20000,0.05,0.9,0.0005,cuda,False,False,8,6,1105,0.5478773713111877
fixed_random,2,results_logistic_comparison,results_logistic_comparison,logistic_regression,sgd,10,128,20000,0.05,0.9,0.0005,cuda,False,False,8,7,1106,0.5508245825767517
fixed_random,2,results_logistic_comparison,results_logistic_comparison,logistic_regression,sgd,10,128,20000,0.05,0.9,0.0005,cuda,False,False,8,8,1107,0.08919163048267365
fixed_random,2,results_logistic_comparison,results_logistic_comparison,logistic_regression,sgd,10,128,20000,0.05,0.9,0.0005,cuda,False,False,8,9,1108,0.31269171833992004
fixed_random,2,results_logistic_comparison,results_logistic_comparison,logistic_regression,sgd,10,128,20000,0.05,0.9,0.0005,cuda,False,False,8,10,1109,-0.1799844205379486
fixed_random,2,results_logistic_comparison,results_logistic_comparison,logistic_regression,sgd,10,128,20000,0.05,0.9,0.0005,cuda,False,False,8,11,1110,0.7237902879714966
fixed_random,2,results_logistic_comparison,results_logistic_comparison,logistic_regression,sgd,10,128,20000,0.05,0.9,0.0005,cuda,False,False,8,12,1111,0.14019066095352173
fixed_random,2,results_logistic_comparison,results_logistic_comparison,logistic_regression,sgd,10,128,20000,0.05,0.9,0.0005,cuda,False,False,8,13,1112,0.2573015093803406
fixed_random,2,results_logistic_comparison,results_logistic_comparison,logistic_regression,sgd,10,128,20000,0.05,0.9,0.0005,cuda,False,False,8,14,1113,0.6155950427055359
fixed_random,2,results_logistic_comparison,results_logistic_comparison,logistic_regression,sgd,10,128,20000,0.05,0.9,0.0005,cuda,False,False,8,15,1114,-0.41352564096450806
fixed_random,2,results_logistic_comparison,results_logistic_comparison,logistic_regression,sgd,10,128,20000,0.05,0.9,0.0005,cuda,False,False,8,16,1115,0.7943893074989319
fixed_random,2,results_logistic_comparison,results_logistic_comparison,logistic_regression,sgd,10,128,20000,0.05,0.9,0.0005,cuda,False,False,8,17,1116,0.8322067260742188
fixed_random,2,results_logistic_comparison,results_logistic_comparison,logistic_regression,sgd,10,128,20000,0.05,0.9,0.0005,cuda,False,False,8,18,1117,0.20952938497066498
fixed_random,2,results_logistic_comparison,results_logistic_comparison,logistic_regression,sgd,10,128,20000,0.05,0.9,0.0005,cuda,False,False,8,19,1118,0.14495792984962463
fixed_random,2,results_logistic_comparison,results_logistic_comparison,logistic_regression,sgd,10,128,20000,0.05,0.9,0.0005,cuda,False,False,8,20,1119,0.6747077703475952
fixed_random,2,results_logistic_comparison,results_logistic_comparison,logistic_regression,sgd,10,128,20000,0.05,0.9,0.0005,cuda,False,False,8,21,1120,0.7376967668533325
fixed_random,2,results_logistic_comparison,results_logistic_comparison,logistic_regression,sgd,10,128,20000,0.05,0.9,0.0005,cuda,False,False,8,22,1121,-0.6119850277900696
fixed_random,2,results_logistic_comparison,results_logistic_comparison,logistic_regression,sgd,10,128,20000,0.05,0.9,0.0005,cuda,False,False,8,23,1122,0.8973726034164429
fixed_random,2,results_logistic_comparison,results_logistic_comparison,logistic_regression,sgd,10,128,20000,0.05,0.9,0.0005,cuda,False,False,8,24,1123,0.7964046001434326
fixed_random,2,results_logistic_comparison,results_logistic_comparison,logistic_regression,sgd,10,128,20000,0.05,0.9,0.0005,cuda,False,False,8,25,1124,-0.2484930455684662
fixed_random,2,results_logistic_comparison,results_logistic_comparison,logistic_regression,sgd,10,128,20000,0.05,0.9,0.0005,cuda,False,False,8,26,1125,0.7222189903259277
fixed_random,2,results_logistic_comparison,results_logistic_comparison,logistic_regression,sgd,10,128,20000,0.05,0.9,0.0005,cuda,False,False,8,27,1126,0.5616955757141113
fixed_random,2,results_logistic_comparison,results_logistic_comparison,logistic_regression,sgd,10,128,20000,0.05,0.9,0.0005,cuda,False,False,8,28,1127,0.725976824760437
fixed_random,2,results_logistic_comparison,results_logistic_comparison,logistic_regression,sgd,10,128,20000,0.05,0.9,0.0005,cuda,False,False,8,29,1128,0.7240938544273376
fixed_random,2,results_logistic_comparison,results_logistic_comparison,logistic_regression,sgd,10,128,20000,0.05,0.9,0.0005,cuda,False,False,8,30,1129,-0.4144626259803772
fixed_random,2,results_logistic_comparison,results_logistic_comparison,logistic_regression,sgd,10,128,20000,0.05,0.9,0.0005,cuda,False,False,8,31,1130,0.599350094795227
fixed_random,2,results_logistic_comparison,results_logistic_comparison,logistic_regression,sgd,10,128,20000,0.05,0.9,0.0005,cuda,False,False,8,32,1131,0.7082030773162842
fixed_random,2,results_logistic_comparison,results_logistic_comparison,logistic_regression,sgd,10,128,20000,0.05,0.9,0.0005,cuda,False,False,8,33,1132,0.35207825899124146
fixed_random,2,results_logistic_comparison,results_logistic_comparison,logistic_regression,sgd,10,128,20000,0.05,0.9,0.0005,cuda,False,False,8,34,1133,-0.3503592312335968
fixed_random,2,results_logistic_comparison,results_logistic_comparison,logistic_regression,sgd,10,128,20000,0.05,0.9,0.0005,cuda,False,False,8,35,1134,0.8227584958076477
fixed_random,2,results_logistic_comparison,results_logistic_comparison,logistic_regression,sgd,10,128,20000,0.05,0.9,0.0005,cuda,False,False,8,36,1135,0.7744749188423157
fixed_random,2,results_logistic_comparison,results_logistic_comparison,logistic_regression,sgd,10,128,20000,0.05,0.9,0.0005,cuda,False,False,8,37,1136,-0.4552203416824341
fixed_random,2,results_logistic_comparison,results_logistic_comparison,logistic_regression,sgd,10,128,20000,0.05,0.9,0.0005,cuda,False,False,8,38,1137,0.48479753732681274
fixed_random,2,results_logistic_comparison,results_logistic_comparison,logistic_regression,sgd,10,128,20000,0.05,0.9,0.0005,cuda,False,False,8,39,1138,0.6493320465087891
fixed_random,2,results_logistic_comparison,results_logistic_comparison,logistic_regression,sgd,10,128,20000,0.05,0.9,0.0005,cuda,False,False,8,40,1139,0.12422287464141846
fixed_random,2,results_logistic_comparison,results_logistic_comparison,logistic_regression,sgd,10,128,20000,0.05,0.9,0.0005,cuda,False,False,8,41,1140,0.07961152493953705
fixed_random,2,results_logistic_comparison,results_logistic_comparison,logistic_regression,sgd,10,128,20000,0.05,0.9,0.0005,cuda,False,False,8,42,1141,0.24146975576877594
fixed_random,2,results_logistic_comparison,results_logistic_comparison,logistic_regression,sgd,10,128,20000,0.05,0.9,0.0005,cuda,False,False,8,43,1142,0.5001409649848938
fixed_random,2,results_logistic_comparison,results_logistic_comparison,logistic_regression,sgd,10,128,20000,0.05,0.9,0.0005,cuda,False,False,8,44,1143,0.15959972143173218
fixed_random,2,results_logistic_comparison,results_logistic_comparison,logistic_regression,sgd,10,128,20000,0.05,0.9,0.0005,cuda,False,False,8,45,1144,0.49990522861480713
fixed_random,2,results_logistic_comparison,results_logistic_comparison,logistic_regression,sgd,10,128,20000,0.05,0.9,0.0005,cuda,False,False,8,46,1145,0.6999391317367554
fixed_random,2,results_logistic_comparison,results_logistic_comparison,logistic_regression,sgd,10,128,20000,0.05,0.9,0.0005,cuda,False,False,8,47,1146,0.22699210047721863
fixed_random,2,results_logistic_comparison,results_logistic_comparison,logistic_regression,sgd,10,128,20000,0.05,0.9,0.0005,cuda,False,False,8,48,1147,0.10600987821817398
fixed_random,2,results_logistic_comparison,results_logistic_comparison,logistic_regression,sgd,10,128,20000,0.05,0.9,0.0005,cuda,False,False,8,49,1148,0.684050440788269
fixed_random,2,results_logistic_comparison,results_logistic_comparison,logistic_regression,sgd,10,128,20000,0.05,0.9,0.0005,cuda,False,False,8,50,1149,0.6766027212142944
fixed_random,2,results_logistic_comparison,results_logistic_comparison,logistic_regression,sgd,10,128,20000,0.05,0.9,0.0005,cuda,False,False,8,51,1150,0.07827947288751602
fixed_random,2,results_logistic_comparison,results_logistic_comparison,logistic_regression,sgd,10,128,20000,0.05,0.9,0.0005,cuda,False,False,8,52,1151,0.5722341537475586
fixed_random,2,results_logistic_comparison,results_logistic_comparison,logistic_regression,sgd,10,128,20000,0.05,0.9,0.0005,cuda,False,False,8,53,1152,0.5205785036087036
fixed_random,2,results_logistic_comparison,results_logistic_comparison,logistic_regression,sgd,10,128,20000,0.05,0.9,0.0005,cuda,False,False,8,54,1153,-0.01637977920472622
fixed_random,2,results_logistic_comparison,results_logistic_comparison,logistic_regression,sgd,10,128,20000,0.05,0.9,0.0005,cuda,False,False,8,55,1154,0.31736835837364197
fixed_random,2,results_logistic_comparison,results_logistic_comparison,logistic_regression,sgd,10,128,20000,0.05,0.9,0.0005,cuda,False,False,8,56,1155,0.6089863181114197
fixed_random,2,results_logistic_comparison,results_logistic_comparison,logistic_regression,sgd,10,128,20000,0.05,0.9,0.0005,cuda,False,False,8,57,1156,0.5960386395454407
fixed_random,2,results_logistic_comparison,results_logistic_comparison,logistic_regression,sgd,10,128,20000,0.05,0.9,0.0005,cuda,False,False,8,58,1157,0.5284034013748169
fixed_random,2,results_logistic_comparison,results_logistic_comparison,logistic_regression,sgd,10,128,20000,0.05,0.9,0.0005,cuda,False,False,8,59,1158,0.17184403538703918
fixed_random,2,results_logistic_comparison,results_logistic_comparison,logistic_regression,sgd,10,128,20000,0.05,0.9,0.0005,cuda,False,False,8,60,1159,0.3016803562641144
fixed_random,2,results_logistic_comparison,results_logistic_comparison,logistic_regression,sgd,10,128,20000,0.05,0.9,0.0005,cuda,False,False,8,61,1160,0.5426315069198608
fixed_random,2,results_logistic_comparison,results_logistic_comparison,logistic_regression,sgd,10,128,20000,0.05,0.9,0.0005,cuda,False,False,8,62,1161,-0.12244732677936554
fixed_random,2,results_logistic_comparison,results_logistic_comparison,logistic_regression,sgd,10,128,20000,0.05,0.9,0.0005,cuda,False,False,8,63,1162,0.6545030474662781
fixed_random,2,results_logistic_comparison,results_logistic_comparison,logistic_regression,sgd,10,128,20000,0.05,0.9,0.0005,cuda,False,False,8,64,1163,0.6775916218757629
fixed_random,2,results_logistic_comparison,results_logistic_comparison,logistic_regression,sgd,10,128,20000,0.05,0.9,0.0005,cuda,False,False,8,65,1164,0.2053612619638443
fixed_random,2,results_logistic_comparison,results_logistic_comparison,logistic_regression,sgd,10,128,20000,0.05,0.9,0.0005,cuda,False,False,8,66,1165,-0.11775948107242584
fixed_random,2,results_logistic_comparison,results_logistic_comparison,logistic_regression,sgd,10,128,20000,0.05,0.9,0.0005,cuda,False,False,8,67,1166,-0.0713309645652771
fixed_random,2,results_logistic_comparison,results_logistic_comparison,logistic_regression,sgd,10,128,20000,0.05,0.9,0.0005,cuda,False,False,8,68,1167,0.47783714532852173
fixed_random,2,results_logistic_comparison,results_logistic_comparison,logistic_regression,sgd,10,128,20000,0.05,0.9,0.0005,cuda,False,False,8,69,1168,0.4196436405181885
fixed_random,2,results_logistic_comparison,results_logistic_comparison,logistic_regression,sgd,10,128,20000,0.05,0.9,0.0005,cuda,False,False,8,70,1169,-0.00180623191408813
fixed_random,2,results_logistic_comparison,results_logistic_comparison,logistic_regression,sgd,10,128,20000,0.05,0.9,0.0005,cuda,False,False,8,71,1170,0.6569725871086121
fixed_random,2,results_logistic_comparison,results_logistic_comparison,logistic_regression,sgd,10,128,20000,0.05,0.9,0.0005,cuda,False,False,8,72,1171,-0.0637613981962204
fixed_random,2,results_logistic_comparison,results_logistic_comparison,logistic_regression,sgd,10,128,20000,0.05,0.9,0.0005,cuda,False,False,8,73,1172,0.7018308639526367
fixed_random,2,results_logistic_comparison,results_logistic_comparison,logistic_regression,sgd,10,128,20000,0.05,0.9,0.0005,cuda,False,False,8,74,1173,0.47324156761169434
fixed_random,2,results_logistic_comparison,results_logistic_comparison,logistic_regression,sgd,10,128,20000,0.05,0.9,0.0005,cuda,False,False,8,75,1174,0.3374589681625366
fixed_random,2,results_logistic_comparison,results_logistic_comparison,logistic_regression,sgd,10,128,20000,0.05,0.9,0.0005,cuda,False,False,8,76,1175,0.7663369178771973
fixed_random,2,results_logistic_comparison,results_logistic_comparison,logistic_regression,sgd,10,128,20000,0.05,0.9,0.0005,cuda,False,False,8,77,1176,-0.5055761337280273
fixed_random,2,results_logistic_comparison,results_logistic_comparison,logistic_regression,sgd,10,128,20000,0.05,0.9,0.0005,cuda,False,False,8,78,1177,0.7774378061294556
fixed_random,2,results_logistic_comparison,results_logistic_comparison,logistic_regression,sgd,10,128,20000,0.05,0.9,0.0005,cuda,False,False,8,79,1178,0.7558783888816833
fixed_random,2,results_logistic_comparison,results_logistic_comparison,logistic_regression,sgd,10,128,20000,0.05,0.9,0.0005,cuda,False,False,8,80,1179,0.2594211995601654
fixed_random,2,results_logistic_comparison,results_logistic_comparison,logistic_regression,sgd,10,128,20000,0.05,0.9,0.0005,cuda,False,False,8,81,1180,0.18123048543930054
fixed_random,2,results_logistic_comparison,results_logistic_comparison,logistic_regression,sgd,10,128,20000,0.05,0.9,0.0005,cuda,False,False,8,82,1181,0.19417265057563782
fixed_random,2,results_logistic_comparison,results_logistic_comparison,logistic_regression,sgd,10,128,20000,0.05,0.9,0.0005,cuda,False,False,8,83,1182,-0.5157425403594971
fixed_random,2,results_logistic_comparison,results_logistic_comparison,logistic_regression,sgd,10,128,20000,0.05,0.9,0.0005,cuda,False,False,8,84,1183,0.38492903113365173
fixed_random,2,results_logistic_comparison,results_logistic_comparison,logistic_regression,sgd,10,128,20000,0.05,0.9,0.0005,cuda,False,False,8,85,1184,0.49230796098709106
fixed_random,2,results_logistic_comparison,results_logistic_comparison,logistic_regression,sgd,10,128,20000,0.05,0.9,0.0005,cuda,False,False,8,86,1185,0.5655733942985535
fixed_random,2,results_logistic_comparison,results_logistic_comparison,logistic_regression,sgd,10,128,20000,0.05,0.9,0.0005,cuda,False,False,8,87,1186,-0.2455475926399231
fixed_random,2,results_logistic_comparison,results_logistic_comparison,logistic_regression,sgd,10,128,20000,0.05,0.9,0.0005,cuda,False,False,8,88,1187,0.5507655739784241
fixed_random,2,results_logistic_comparison,results_logistic_comparison,logistic_regression,sgd,10,128,20000,0.05,0.9,0.0005,cuda,False,False,8,89,1188,0.7400780916213989
fixed_random,2,results_logistic_comparison,results_logistic_comparison,logistic_regression,sgd,10,128,20000,0.05,0.9,0.0005,cuda,False,False,8,90,1189,-0.034420475363731384
fixed_random,2,results_logistic_comparison,results_logistic_comparison,logistic_regression,sgd,10,128,20000,0.05,0.9,0.0005,cuda,False,False,8,91,1190,0.8107296228408813
fixed_random,2,results_logistic_comparison,results_logistic_comparison,logistic_regression,sgd,10,128,20000,0.05,0.9,0.0005,cuda,False,False,8,92,1191,0.21431191265583038
fixed_random,2,results_logistic_comparison,results_logistic_comparison,logistic_regression,sgd,10,128,20000,0.05,0.9,0.0005,cuda,False,False,8,93,1192,0.590180516242981
fixed_random,2,results_logistic_comparison,results_logistic_comparison,logistic_regression,sgd,10,128,20000,0.05,0.9,0.0005,cuda,False,False,8,94,1193,0.005305845756083727
fixed_random,2,results_logistic_comparison,results_logistic_comparison,logistic_regression,sgd,10,128,20000,0.05,0.9,0.0005,cuda,False,False,8,95,1194,0.38103246688842773
fixed_random,2,results_logistic_comparison,results_logistic_comparison,logistic_regression,sgd,10,128,20000,0.05,0.9,0.0005,cuda,False,False,8,96,1195,0.6455754041671753
fixed_random,2,results_logistic_comparison,results_logistic_comparison,logistic_regression,sgd,10,128,20000,0.05,0.9,0.0005,cuda,False,False,8,97,1196,0.3971147835254669
fixed_random,2,results_logistic_comparison,results_logistic_comparison,logistic_regression,sgd,10,128,20000,0.05,0.9,0.0005,cuda,False,False,8,98,1197,0.16538602113723755
fixed_random,2,results_logistic_comparison,results_logistic_comparison,logistic_regression,sgd,10,128,20000,0.05,0.9,0.0005,cuda,False,False,8,99,1198,0.4264471232891083
fixed_random,2,results_logistic_comparison,results_logistic_comparison,logistic_regression,sgd,10,128,20000,0.05,0.9,0.0005,cuda,False,False,8,100,1199,0.4281935691833496
fixed_random,2,results_logistic_comparison,results_logistic_comparison,logistic_regression,sgd,10,128,20000,0.05,0.9,0.0005,cuda,False,False,8,101,1200,0.6876732110977173
fixed_random,2,results_logistic_comparison,results_logistic_comparison,logistic_regression,sgd,10,128,20000,0.05,0.9,0.0005,cuda,False,False,8,102,1201,-0.34469789266586304
fixed_random,2,results_logistic_comparison,results_logistic_comparison,logistic_regression,sgd,10,128,20000,0.05,0.9,0.0005,cuda,False,False,8,103,1202,0.7432770729064941
fixed_random,2,results_logistic_comparison,results_logistic_comparison,logistic_regression,sgd,10,128,20000,0.05,0.9,0.0005,cuda,False,False,8,104,1203,-0.04300735145807266
fixed_random,2,results_logistic_comparison,results_logistic_comparison,logistic_regression,sgd,10,128,20000,0.05,0.9,0.0005,cuda,False,False,8,105,1204,0.00044831912964582443
fixed_random,2,results_logistic_comparison,results_logistic_comparison,logistic_regression,sgd,10,128,20000,0.05,0.9,0.0005,cuda,False,False,8,106,1205,0.3631928563117981
fixed_random,2,results_logistic_comparison,results_logistic_comparison,logistic_regression,sgd,10,128,20000,0.05,0.9,0.0005,cuda,False,False,8,107,1206,0.23349496722221375
fixed_random,2,results_logistic_comparison,results_logistic_comparison,logistic_regression,sgd,10,128,20000,0.05,0.9,0.0005,cuda,False,False,8,108,1207,0.647243857383728
fixed_random,2,results_logistic_comparison,results_logistic_comparison,logistic_regression,sgd,10,128,20000,0.05,0.9,0.0005,cuda,False,False,8,109,1208,0.63323974609375
fixed_random,2,results_logistic_comparison,results_logistic_comparison,logistic_regression,sgd,10,128,20000,0.05,0.9,0.0005,cuda,False,False,8,110,1209,-0.023914586752653122
fixed_random,2,results_logistic_comparison,results_logistic_comparison,logistic_regression,sgd,10,128,20000,0.05,0.9,0.0005,cuda,False,False,8,111,1210,0.8392685651779175
fixed_random,2,results_logistic_comparison,results_logistic_comparison,logistic_regression,sgd,10,128,20000,0.05,0.9,0.0005,cuda,False,False,8,112,1211,0.32679545879364014
fixed_random,2,results_logistic_comparison,results_logistic_comparison,logistic_regression,sgd,10,128,20000,0.05,0.9,0.0005,cuda,False,False,8,113,1212,0.24099279940128326
fixed_random,2,results_logistic_comparison,results_logistic_comparison,logistic_regression,sgd,10,128,20000,0.05,0.9,0.0005,cuda,False,False,8,114,1213,0.7604877948760986
fixed_random,2,results_logistic_comparison,results_logistic_comparison,logistic_regression,sgd,10,128,20000,0.05,0.9,0.0005,cuda,False,False,8,115,1214,0.37836790084838867
fixed_random,2,results_logistic_comparison,results_logistic_comparison,logistic_regression,sgd,10,128,20000,0.05,0.9,0.0005,cuda,False,False,8,116,1215,0.2743074595928192
fixed_random,2,results_logistic_comparison,results_logistic_comparison,logistic_regression,sgd,10,128,20000,0.05,0.9,0.0005,cuda,False,False,8,117,1216,0.5394109487533569
fixed_random,2,results_logistic_comparison,results_logistic_comparison,logistic_regression,sgd,10,128,20000,0.05,0.9,0.0005,cuda,False,False,8,118,1217,0.752686619758606
fixed_random,2,results_logistic_comparison,results_logistic_comparison,logistic_regression,sgd,10,128,20000,0.05,0.9,0.0005,cuda,False,False,8,119,1218,0.41445034742355347
fixed_random,2,results_logistic_comparison,results_logistic_comparison,logistic_regression,sgd,10,128,20000,0.05,0.9,0.0005,cuda,False,False,8,120,1219,-0.2497742623090744
fixed_random,2,results_logistic_comparison,results_logistic_comparison,logistic_regression,sgd,10,128,20000,0.05,0.9,0.0005,cuda,False,False,8,121,1220,0.688761830329895
fixed_random,2,results_logistic_comparison,results_logistic_comparison,logistic_regression,sgd,10,128,20000,0.05,0.9,0.0005,cuda,False,False,8,122,1221,-0.29117387533187866
fixed_random,2,results_logistic_comparison,results_logistic_comparison,logistic_regression,sgd,10,128,20000,0.05,0.9,0.0005,cuda,False,False,8,123,1222,0.10924835503101349
fixed_random,2,results_logistic_comparison,results_logistic_comparison,logistic_regression,sgd,10,128,20000,0.05,0.9,0.0005,cuda,False,False,8,124,1223,0.7936794757843018
fixed_random,2,results_logistic_comparison,results_logistic_comparison,logistic_regression,sgd,10,128,20000,0.05,0.9,0.0005,cuda,False,False,8,125,1224,0.4069090187549591
fixed_random,2,results_logistic_comparison,results_logistic_comparison,logistic_regression,sgd,10,128,20000,0.05,0.9,0.0005,cuda,False,False,8,126,1225,-0.26846468448638916
fixed_random,2,results_logistic_comparison,results_logistic_comparison,logistic_regression,sgd,10,128,20000,0.05,0.9,0.0005,cuda,False,False,8,127,1226,0.7094161510467529
fixed_random,2,results_logistic_comparison,results_logistic_comparison,logistic_regression,sgd,10,128,20000,0.05,0.9,0.0005,cuda,False,False,8,128,1227,0.16305342316627502
fixed_random,2,results_logistic_comparison,results_logistic_comparison,logistic_regression,sgd,10,128,20000,0.05,0.9,0.0005,cuda,False,False,8,129,1228,0.6634865999221802
fixed_random,2,results_logistic_comparison,results_logistic_comparison,logistic_regression,sgd,10,128,20000,0.05,0.9,0.0005,cuda,False,False,8,130,1229,-0.15272986888885498
fixed_random,2,results_logistic_comparison,results_logistic_comparison,logistic_regression,sgd,10,128,20000,0.05,0.9,0.0005,cuda,False,False,8,131,1230,0.7387044429779053
fixed_random,2,results_logistic_comparison,results_logistic_comparison,logistic_regression,sgd,10,128,20000,0.05,0.9,0.0005,cuda,False,False,8,132,1231,0.5304653644561768
fixed_random,2,results_logistic_comparison,results_logistic_comparison,logistic_regression,sgd,10,128,20000,0.05,0.9,0.0005,cuda,False,False,8,133,1232,0.5961740612983704
fixed_random,2,results_logistic_comparison,results_logistic_comparison,logistic_regression,sgd,10,128,20000,0.05,0.9,0.0005,cuda,False,False,8,134,1233,-0.2722860276699066
fixed_random,2,results_logistic_comparison,results_logistic_comparison,logistic_regression,sgd,10,128,20000,0.05,0.9,0.0005,cuda,False,False,8,135,1234,0.8874744176864624
fixed_random,2,results_logistic_comparison,results_logistic_comparison,logistic_regression,sgd,10,128,20000,0.05,0.9,0.0005,cuda,False,False,8,136,1235,-0.33344030380249023
fixed_random,2,results_logistic_comparison,results_logistic_comparison,logistic_regression,sgd,10,128,20000,0.05,0.9,0.0005,cuda,False,False,8,137,1236,0.5341572165489197
fixed_random,2,results_logistic_comparison,results_logistic_comparison,logistic_regression,sgd,10,128,20000,0.05,0.9,0.0005,cuda,False,False,8,138,1237,0.6078354120254517
fixed_random,2,results_logistic_comparison,results_logistic_comparison,logistic_regression,sgd,10,128,20000,0.05,0.9,0.0005,cuda,False,False,8,139,1238,0.6057469248771667
fixed_random,2,results_logistic_comparison,results_logistic_comparison,logistic_regression,sgd,10,128,20000,0.05,0.9,0.0005,cuda,False,False,8,140,1239,0.8283432126045227
fixed_random,2,results_logistic_comparison,results_logistic_comparison,logistic_regression,sgd,10,128,20000,0.05,0.9,0.0005,cuda,False,False,8,141,1240,-0.312053382396698
fixed_random,2,results_logistic_comparison,results_logistic_comparison,logistic_regression,sgd,10,128,20000,0.05,0.9,0.0005,cuda,False,False,8,142,1241,0.2414587140083313
fixed_random,2,results_logistic_comparison,results_logistic_comparison,logistic_regression,sgd,10,128,20000,0.05,0.9,0.0005,cuda,False,False,8,143,1242,0.5519559979438782
fixed_random,2,results_logistic_comparison,results_logistic_comparison,logistic_regression,sgd,10,128,20000,0.05,0.9,0.0005,cuda,False,False,8,144,1243,0.4959578216075897
fixed_random,2,results_logistic_comparison,results_logistic_comparison,logistic_regression,sgd,10,128,20000,0.05,0.9,0.0005,cuda,False,False,8,145,1244,0.39592355489730835
fixed_random,2,results_logistic_comparison,results_logistic_comparison,logistic_regression,sgd,10,128,20000,0.05,0.9,0.0005,cuda,False,False,8,146,1245,0.799599289894104
fixed_random,2,results_logistic_comparison,results_logistic_comparison,logistic_regression,sgd,10,128,20000,0.05,0.9,0.0005,cuda,False,False,8,147,1246,-0.07238760590553284
fixed_random,2,results_logistic_comparison,results_logistic_comparison,logistic_regression,sgd,10,128,20000,0.05,0.9,0.0005,cuda,False,False,8,148,1247,0.7557888627052307
fixed_random,2,results_logistic_comparison,results_logistic_comparison,logistic_regression,sgd,10,128,20000,0.05,0.9,0.0005,cuda,False,False,8,149,1248,0.535524308681488
fixed_random,2,results_logistic_comparison,results_logistic_comparison,logistic_regression,sgd,10,128,20000,0.05,0.9,0.0005,cuda,False,False,8,150,1249,0.29669585824012756
fixed_random,2,results_logistic_comparison,results_logistic_comparison,logistic_regression,sgd,10,128,20000,0.05,0.9,0.0005,cuda,False,False,8,151,1250,0.6782240867614746
fixed_random,2,results_logistic_comparison,results_logistic_comparison,logistic_regression,sgd,10,128,20000,0.05,0.9,0.0005,cuda,False,False,8,152,1251,0.6269906163215637
fixed_random,2,results_logistic_comparison,results_logistic_comparison,logistic_regression,sgd,10,128,20000,0.05,0.9,0.0005,cuda,False,False,8,153,1252,-0.11958754062652588
fixed_random,2,results_logistic_comparison,results_logistic_comparison,logistic_regression,sgd,10,128,20000,0.05,0.9,0.0005,cuda,False,False,8,154,1253,0.13149860501289368
fixed_random,2,results_logistic_comparison,results_logistic_comparison,logistic_regression,sgd,10,128,20000,0.05,0.9,0.0005,cuda,False,False,8,155,1254,0.4121980369091034
fixed_random,2,results_logistic_comparison,results_logistic_comparison,logistic_regression,sgd,10,128,20000,0.05,0.9,0.0005,cuda,False,False,8,156,1255,0.42557966709136963
fixed_random,2,results_logistic_comparison,results_logistic_comparison,logistic_regression,sgd,10,128,20000,0.05,0.9,0.0005,cuda,False,False,8,157,1256,-0.11930394917726517
fixed_random,2,results_logistic_comparison,results_logistic_comparison,logistic_regression,sgd,10,128,20000,0.05,0.9,0.0005,cuda,False,False,9,1,1257,-0.07257098704576492
fixed_random,2,results_logistic_comparison,results_logistic_comparison,logistic_regression,sgd,10,128,20000,0.05,0.9,0.0005,cuda,False,False,9,2,1258,0.4178127646446228
fixed_random,2,results_logistic_comparison,results_logistic_comparison,logistic_regression,sgd,10,128,20000,0.05,0.9,0.0005,cuda,False,False,9,3,1259,-0.07083920389413834
fixed_random,2,results_logistic_comparison,results_logistic_comparison,logistic_regression,sgd,10,128,20000,0.05,0.9,0.0005,cuda,False,False,9,4,1260,0.776181697845459
fixed_random,2,results_logistic_comparison,results_logistic_comparison,logistic_regression,sgd,10,128,20000,0.05,0.9,0.0005,cuda,False,False,9,5,1261,-0.29294705390930176
fixed_random,2,results_logistic_comparison,results_logistic_comparison,logistic_regression,sgd,10,128,20000,0.05,0.9,0.0005,cuda,False,False,9,6,1262,0.7152436971664429
fixed_random,2,results_logistic_comparison,results_logistic_comparison,logistic_regression,sgd,10,128,20000,0.05,0.9,0.0005,cuda,False,False,9,7,1263,0.5160466432571411
fixed_random,2,results_logistic_comparison,results_logistic_comparison,logistic_regression,sgd,10,128,20000,0.05,0.9,0.0005,cuda,False,False,9,8,1264,0.3681578040122986
fixed_random,2,results_logistic_comparison,results_logistic_comparison,logistic_regression,sgd,10,128,20000,0.05,0.9,0.0005,cuda,False,False,9,9,1265,0.4414212703704834
fixed_random,2,results_logistic_comparison,results_logistic_comparison,logistic_regression,sgd,10,128,20000,0.05,0.9,0.0005,cuda,False,False,9,10,1266,-0.04265384376049042
fixed_random,2,results_logistic_comparison,results_logistic_comparison,logistic_regression,sgd,10,128,20000,0.05,0.9,0.0005,cuda,False,False,9,11,1267,0.8594943881034851
fixed_random,2,results_logistic_comparison,results_logistic_comparison,logistic_regression,sgd,10,128,20000,0.05,0.9,0.0005,cuda,False,False,9,12,1268,0.27258822321891785
fixed_random,2,results_logistic_comparison,results_logistic_comparison,logistic_regression,sgd,10,128,20000,0.05,0.9,0.0005,cuda,False,False,9,13,1269,0.22201617062091827
fixed_random,2,results_logistic_comparison,results_logistic_comparison,logistic_regression,sgd,10,128,20000,0.05,0.9,0.0005,cuda,False,False,9,14,1270,0.7399938702583313
fixed_random,2,results_logistic_comparison,results_logistic_comparison,logistic_regression,sgd,10,128,20000,0.05,0.9,0.0005,cuda,False,False,9,15,1271,-0.1287907361984253
fixed_random,2,results_logistic_comparison,results_logistic_comparison,logistic_regression,sgd,10,128,20000,0.05,0.9,0.0005,cuda,False,False,9,16,1272,0.44618523120880127
fixed_random,2,results_logistic_comparison,results_logistic_comparison,logistic_regression,sgd,10,128,20000,0.05,0.9,0.0005,cuda,False,False,9,17,1273,0.762175977230072
fixed_random,2,results_logistic_comparison,results_logistic_comparison,logistic_regression,sgd,10,128,20000,0.05,0.9,0.0005,cuda,False,False,9,18,1274,0.5502053499221802
fixed_random,2,results_logistic_comparison,results_logistic_comparison,logistic_regression,sgd,10,128,20000,0.05,0.9,0.0005,cuda,False,False,9,19,1275,0.2869020402431488
fixed_random,2,results_logistic_comparison,results_logistic_comparison,logistic_regression,sgd,10,128,20000,0.05,0.9,0.0005,cuda,False,False,9,20,1276,0.3367513120174408
fixed_random,2,results_logistic_comparison,results_logistic_comparison,logistic_regression,sgd,10,128,20000,0.05,0.9,0.0005,cuda,False,False,9,21,1277,0.9013610482215881
fixed_random,2,results_logistic_comparison,results_logistic_comparison,logistic_regression,sgd,10,128,20000,0.05,0.9,0.0005,cuda,False,False,9,22,1278,0.12335024029016495
fixed_random,2,results_logistic_comparison,results_logistic_comparison,logistic_regression,sgd,10,128,20000,0.05,0.9,0.0005,cuda,False,False,9,23,1279,0.39795517921447754
fixed_random,2,results_logistic_comparison,results_logistic_comparison,logistic_regression,sgd,10,128,20000,0.05,0.9,0.0005,cuda,False,False,9,24,1280,0.8747037649154663
fixed_random,2,results_logistic_comparison,results_logistic_comparison,logistic_regression,sgd,10,128,20000,0.05,0.9,0.0005,cuda,False,False,9,25,1281,0.8597801923751831
fixed_random,2,results_logistic_comparison,results_logistic_comparison,logistic_regression,sgd,10,128,20000,0.05,0.9,0.0005,cuda,False,False,9,26,1282,0.12495928257703781
fixed_random,2,results_logistic_comparison,results_logistic_comparison,logistic_regression,sgd,10,128,20000,0.05,0.9,0.0005,cuda,False,False,9,27,1283,0.008394570089876652
fixed_random,2,results_logistic_comparison,results_logistic_comparison,logistic_regression,sgd,10,128,20000,0.05,0.9,0.0005,cuda,False,False,9,28,1284,0.861469030380249
fixed_random,2,results_logistic_comparison,results_logistic_comparison,logistic_regression,sgd,10,128,20000,0.05,0.9,0.0005,cuda,False,False,9,29,1285,0.812831699848175
fixed_random,2,results_logistic_comparison,results_logistic_comparison,logistic_regression,sgd,10,128,20000,0.05,0.9,0.0005,cuda,False,False,9,30,1286,0.259126752614975
fixed_random,2,results_logistic_comparison,results_logistic_comparison,logistic_regression,sgd,10,128,20000,0.05,0.9,0.0005,cuda,False,False,9,31,1287,0.44823092222213745
fixed_random,2,results_logistic_comparison,results_logistic_comparison,logistic_regression,sgd,10,128,20000,0.05,0.9,0.0005,cuda,False,False,9,32,1288,-0.009314504452049732
fixed_random,2,results_logistic_comparison,results_logistic_comparison,logistic_regression,sgd,10,128,20000,0.05,0.9,0.0005,cuda,False,False,9,33,1289,0.7994135618209839
fixed_random,2,results_logistic_comparison,results_logistic_comparison,logistic_regression,sgd,10,128,20000,0.05,0.9,0.0005,cuda,False,False,9,34,1290,0.6670793294906616
fixed_random,2,results_logistic_comparison,results_logistic_comparison,logistic_regression,sgd,10,128,20000,0.05,0.9,0.0005,cuda,False,False,9,35,1291,-0.27008068561553955
fixed_random,2,results_logistic_comparison,results_logistic_comparison,logistic_regression,sgd,10,128,20000,0.05,0.9,0.0005,cuda,False,False,9,36,1292,0.19110935926437378
fixed_random,2,results_logistic_comparison,results_logistic_comparison,logistic_regression,sgd,10,128,20000,0.05,0.9,0.0005,cuda,False,False,9,37,1293,0.8329287767410278
fixed_random,2,results_logistic_comparison,results_logistic_comparison,logistic_regression,sgd,10,128,20000,0.05,0.9,0.0005,cuda,False,False,9,38,1294,0.6209917068481445
fixed_random,2,results_logistic_comparison,results_logistic_comparison,logistic_regression,sgd,10,128,20000,0.05,0.9,0.0005,cuda,False,False,9,39,1295,-0.06915205717086792
fixed_random,2,results_logistic_comparison,results_logistic_comparison,logistic_regression,sgd,10,128,20000,0.05,0.9,0.0005,cuda,False,False,9,40,1296,0.6672614216804504
fixed_random,2,results_logistic_comparison,results_logistic_comparison,logistic_regression,sgd,10,128,20000,0.05,0.9,0.0005,cuda,False,False,9,41,1297,0.14810064435005188
fixed_random,2,results_logistic_comparison,results_logistic_comparison,logistic_regression,sgd,10,128,20000,0.05,0.9,0.0005,cuda,False,False,9,42,1298,0.6325119733810425
fixed_random,2,results_logistic_comparison,results_logistic_comparison,logistic_regression,sgd,10,128,20000,0.05,0.9,0.0005,cuda,False,False,9,43,1299,-0.5879877209663391
fixed_random,2,results_logistic_comparison,results_logistic_comparison,logistic_regression,sgd,10,128,20000,0.05,0.9,0.0005,cuda,False,False,9,44,1300,0.5213517546653748
fixed_random,2,results_logistic_comparison,results_logistic_comparison,logistic_regression,sgd,10,128,20000,0.05,0.9,0.0005,cuda,False,False,9,45,1301,0.10963986068964005
fixed_random,2,results_logistic_comparison,results_logistic_comparison,logistic_regression,sgd,10,128,20000,0.05,0.9,0.0005,cuda,False,False,9,46,1302,-0.04117757827043533
fixed_random,2,results_logistic_comparison,results_logistic_comparison,logistic_regression,sgd,10,128,20000,0.05,0.9,0.0005,cuda,False,False,9,47,1303,0.5021959543228149
fixed_random,2,results_logistic_comparison,results_logistic_comparison,logistic_regression,sgd,10,128,20000,0.05,0.9,0.0005,cuda,False,False,9,48,1304,-0.46880510449409485
fixed_random,2,results_logistic_comparison,results_logistic_comparison,logistic_regression,sgd,10,128,20000,0.05,0.9,0.0005,cuda,False,False,9,49,1305,0.3518940210342407
fixed_random,2,results_logistic_comparison,results_logistic_comparison,logistic_regression,sgd,10,128,20000,0.05,0.9,0.0005,cuda,False,False,9,50,1306,-0.056895662099123
fixed_random,2,results_logistic_comparison,results_logistic_comparison,logistic_regression,sgd,10,128,20000,0.05,0.9,0.0005,cuda,False,False,9,51,1307,0.5220963954925537
fixed_random,2,results_logistic_comparison,results_logistic_comparison,logistic_regression,sgd,10,128,20000,0.05,0.9,0.0005,cuda,False,False,9,52,1308,-0.263020396232605
fixed_random,2,results_logistic_comparison,results_logistic_comparison,logistic_regression,sgd,10,128,20000,0.05,0.9,0.0005,cuda,False,False,9,53,1309,0.3743950426578522
fixed_random,2,results_logistic_comparison,results_logistic_comparison,logistic_regression,sgd,10,128,20000,0.05,0.9,0.0005,cuda,False,False,9,54,1310,0.04554399475455284
fixed_random,2,results_logistic_comparison,results_logistic_comparison,logistic_regression,sgd,10,128,20000,0.05,0.9,0.0005,cuda,False,False,9,55,1311,-0.10351409763097763
fixed_random,2,results_logistic_comparison,results_logistic_comparison,logistic_regression,sgd,10,128,20000,0.05,0.9,0.0005,cuda,False,False,9,56,1312,0.7644201517105103
fixed_random,2,results_logistic_comparison,results_logistic_comparison,logistic_regression,sgd,10,128,20000,0.05,0.9,0.0005,cuda,False,False,9,57,1313,-0.2513963282108307
fixed_random,2,results_logistic_comparison,results_logistic_comparison,logistic_regression,sgd,10,128,20000,0.05,0.9,0.0005,cuda,False,False,9,58,1314,0.4232107102870941
fixed_random,2,results_logistic_comparison,results_logistic_comparison,logistic_regression,sgd,10,128,20000,0.05,0.9,0.0005,cuda,False,False,9,59,1315,0.7486481070518494
fixed_random,2,results_logistic_comparison,results_logistic_comparison,logistic_regression,sgd,10,128,20000,0.05,0.9,0.0005,cuda,False,False,9,60,1316,0.16013161838054657
fixed_random,2,results_logistic_comparison,results_logistic_comparison,logistic_regression,sgd,10,128,20000,0.05,0.9,0.0005,cuda,False,False,9,61,1317,-0.15978968143463135
fixed_random,2,results_logistic_comparison,results_logistic_comparison,logistic_regression,sgd,10,128,20000,0.05,0.9,0.0005,cuda,False,False,9,62,1318,0.8200526833534241
fixed_random,2,results_logistic_comparison,results_logistic_comparison,logistic_regression,sgd,10,128,20000,0.05,0.9,0.0005,cuda,False,False,9,63,1319,-0.43553948402404785
fixed_random,2,results_logistic_comparison,results_logistic_comparison,logistic_regression,sgd,10,128,20000,0.05,0.9,0.0005,cuda,False,False,9,64,1320,0.5103427171707153
fixed_random,2,results_logistic_comparison,results_logistic_comparison,logistic_regression,sgd,10,128,20000,0.05,0.9,0.0005,cuda,False,False,9,65,1321,0.33644819259643555
fixed_random,2,results_logistic_comparison,results_logistic_comparison,logistic_regression,sgd,10,128,20000,0.05,0.9,0.0005,cuda,False,False,9,66,1322,0.490301251411438
fixed_random,2,results_logistic_comparison,results_logistic_comparison,logistic_regression,sgd,10,128,20000,0.05,0.9,0.0005,cuda,False,False,9,67,1323,0.29287418723106384
fixed_random,2,results_logistic_comparison,results_logistic_comparison,logistic_regression,sgd,10,128,20000,0.05,0.9,0.0005,cuda,False,False,9,68,1324,0.27113255858421326
fixed_random,2,results_logistic_comparison,results_logistic_comparison,logistic_regression,sgd,10,128,20000,0.05,0.9,0.0005,cuda,False,False,9,69,1325,0.09960182011127472
fixed_random,2,results_logistic_comparison,results_logistic_comparison,logistic_regression,sgd,10,128,20000,0.05,0.9,0.0005,cuda,False,False,9,70,1326,0.1678829789161682
fixed_random,2,results_logistic_comparison,results_logistic_comparison,logistic_regression,sgd,10,128,20000,0.05,0.9,0.0005,cuda,False,False,9,71,1327,-0.04686429351568222
fixed_random,2,results_logistic_comparison,results_logistic_comparison,logistic_regression,sgd,10,128,20000,0.05,0.9,0.0005,cuda,False,False,9,72,1328,-0.22610533237457275
fixed_random,2,results_logistic_comparison,results_logistic_comparison,logistic_regression,sgd,10,128,20000,0.05,0.9,0.0005,cuda,False,False,9,73,1329,0.2339816689491272
fixed_random,2,results_logistic_comparison,results_logistic_comparison,logistic_regression,sgd,10,128,20000,0.05,0.9,0.0005,cuda,False,False,9,74,1330,0.4665190875530243
fixed_random,2,results_logistic_comparison,results_logistic_comparison,logistic_regression,sgd,10,128,20000,0.05,0.9,0.0005,cuda,False,False,9,75,1331,0.41354799270629883
fixed_random,2,results_logistic_comparison,results_logistic_comparison,logistic_regression,sgd,10,128,20000,0.05,0.9,0.0005,cuda,False,False,9,76,1332,0.42876511812210083
fixed_random,2,results_logistic_comparison,results_logistic_comparison,logistic_regression,sgd,10,128,20000,0.05,0.9,0.0005,cuda,False,False,9,77,1333,0.18576447665691376
fixed_random,2,results_logistic_comparison,results_logistic_comparison,logistic_regression,sgd,10,128,20000,0.05,0.9,0.0005,cuda,False,False,9,78,1334,0.5134127140045166
fixed_random,2,results_logistic_comparison,results_logistic_comparison,logistic_regression,sgd,10,128,20000,0.05,0.9,0.0005,cuda,False,False,9,79,1335,0.6528142094612122
fixed_random,2,results_logistic_comparison,results_logistic_comparison,logistic_regression,sgd,10,128,20000,0.05,0.9,0.0005,cuda,False,False,9,80,1336,0.2985156178474426
fixed_random,2,results_logistic_comparison,results_logistic_comparison,logistic_regression,sgd,10,128,20000,0.05,0.9,0.0005,cuda,False,False,9,81,1337,0.24093958735466003
fixed_random,2,results_logistic_comparison,results_logistic_comparison,logistic_regression,sgd,10,128,20000,0.05,0.9,0.0005,cuda,False,False,9,82,1338,0.6717602014541626
fixed_random,2,results_logistic_comparison,results_logistic_comparison,logistic_regression,sgd,10,128,20000,0.05,0.9,0.0005,cuda,False,False,9,83,1339,-0.4710841774940491
fixed_random,2,results_logistic_comparison,results_logistic_comparison,logistic_regression,sgd,10,128,20000,0.05,0.9,0.0005,cuda,False,False,9,84,1340,0.5535593628883362
fixed_random,2,results_logistic_comparison,results_logistic_comparison,logistic_regression,sgd,10,128,20000,0.05,0.9,0.0005,cuda,False,False,9,85,1341,0.44398200511932373
fixed_random,2,results_logistic_comparison,results_logistic_comparison,logistic_regression,sgd,10,128,20000,0.05,0.9,0.0005,cuda,False,False,9,86,1342,0.5831783413887024
fixed_random,2,results_logistic_comparison,results_logistic_comparison,logistic_regression,sgd,10,128,20000,0.05,0.9,0.0005,cuda,False,False,9,87,1343,-0.1353101134300232
fixed_random,2,results_logistic_comparison,results_logistic_comparison,logistic_regression,sgd,10,128,20000,0.05,0.9,0.0005,cuda,False,False,9,88,1344,0.6724602580070496
fixed_random,2,results_logistic_comparison,results_logistic_comparison,logistic_regression,sgd,10,128,20000,0.05,0.9,0.0005,cuda,False,False,9,89,1345,0.5483995676040649
fixed_random,2,results_logistic_comparison,results_logistic_comparison,logistic_regression,sgd,10,128,20000,0.05,0.9,0.0005,cuda,False,False,9,90,1346,0.20170779526233673
fixed_random,2,results_logistic_comparison,results_logistic_comparison,logistic_regression,sgd,10,128,20000,0.05,0.9,0.0005,cuda,False,False,9,91,1347,0.4450896382331848
fixed_random,2,results_logistic_comparison,results_logistic_comparison,logistic_regression,sgd,10,128,20000,0.05,0.9,0.0005,cuda,False,False,9,92,1348,0.4752492606639862
fixed_random,2,results_logistic_comparison,results_logistic_comparison,logistic_regression,sgd,10,128,20000,0.05,0.9,0.0005,cuda,False,False,9,93,1349,0.8419885635375977
fixed_random,2,results_logistic_comparison,results_logistic_comparison,logistic_regression,sgd,10,128,20000,0.05,0.9,0.0005,cuda,False,False,9,94,1350,-0.30092358589172363
fixed_random,2,results_logistic_comparison,results_logistic_comparison,logistic_regression,sgd,10,128,20000,0.05,0.9,0.0005,cuda,False,False,9,95,1351,0.3139318823814392
fixed_random,2,results_logistic_comparison,results_logistic_comparison,logistic_regression,sgd,10,128,20000,0.05,0.9,0.0005,cuda,False,False,9,96,1352,0.6477046012878418
fixed_random,2,results_logistic_comparison,results_logistic_comparison,logistic_regression,sgd,10,128,20000,0.05,0.9,0.0005,cuda,False,False,9,97,1353,0.5933611392974854
fixed_random,2,results_logistic_comparison,results_logistic_comparison,logistic_regression,sgd,10,128,20000,0.05,0.9,0.0005,cuda,False,False,9,98,1354,-0.29238399863243103
fixed_random,2,results_logistic_comparison,results_logistic_comparison,logistic_regression,sgd,10,128,20000,0.05,0.9,0.0005,cuda,False,False,9,99,1355,0.4735107719898224
fixed_random,2,results_logistic_comparison,results_logistic_comparison,logistic_regression,sgd,10,128,20000,0.05,0.9,0.0005,cuda,False,False,9,100,1356,0.6790574193000793
fixed_random,2,results_logistic_comparison,results_logistic_comparison,logistic_regression,sgd,10,128,20000,0.05,0.9,0.0005,cuda,False,False,9,101,1357,0.23614399135112762
fixed_random,2,results_logistic_comparison,results_logistic_comparison,logistic_regression,sgd,10,128,20000,0.05,0.9,0.0005,cuda,False,False,9,102,1358,-0.34346291422843933
fixed_random,2,results_logistic_comparison,results_logistic_comparison,logistic_regression,sgd,10,128,20000,0.05,0.9,0.0005,cuda,False,False,9,103,1359,0.8443911075592041
fixed_random,2,results_logistic_comparison,results_logistic_comparison,logistic_regression,sgd,10,128,20000,0.05,0.9,0.0005,cuda,False,False,9,104,1360,-0.6279033422470093
fixed_random,2,results_logistic_comparison,results_logistic_comparison,logistic_regression,sgd,10,128,20000,0.05,0.9,0.0005,cuda,False,False,9,105,1361,0.44561338424682617
fixed_random,2,results_logistic_comparison,results_logistic_comparison,logistic_regression,sgd,10,128,20000,0.05,0.9,0.0005,cuda,False,False,9,106,1362,0.319976270198822
fixed_random,2,results_logistic_comparison,results_logistic_comparison,logistic_regression,sgd,10,128,20000,0.05,0.9,0.0005,cuda,False,False,9,107,1363,0.10875595360994339
fixed_random,2,results_logistic_comparison,results_logistic_comparison,logistic_regression,sgd,10,128,20000,0.05,0.9,0.0005,cuda,False,False,9,108,1364,0.6658593416213989
fixed_random,2,results_logistic_comparison,results_logistic_comparison,logistic_regression,sgd,10,128,20000,0.05,0.9,0.0005,cuda,False,False,9,109,1365,0.4882444143295288
fixed_random,2,results_logistic_comparison,results_logistic_comparison,logistic_regression,sgd,10,128,20000,0.05,0.9,0.0005,cuda,False,False,9,110,1366,0.17035159468650818
fixed_random,2,results_logistic_comparison,results_logistic_comparison,logistic_regression,sgd,10,128,20000,0.05,0.9,0.0005,cuda,False,False,9,111,1367,0.46204671263694763
fixed_random,2,results_logistic_comparison,results_logistic_comparison,logistic_regression,sgd,10,128,20000,0.05,0.9,0.0005,cuda,False,False,9,112,1368,0.05131824314594269
fixed_random,2,results_logistic_comparison,results_logistic_comparison,logistic_regression,sgd,10,128,20000,0.05,0.9,0.0005,cuda,False,False,9,113,1369,0.5574755668640137
fixed_random,2,results_logistic_comparison,results_logistic_comparison,logistic_regression,sgd,10,128,20000,0.05,0.9,0.0005,cuda,False,False,9,114,1370,0.3788427710533142
fixed_random,2,results_logistic_comparison,results_logistic_comparison,logistic_regression,sgd,10,128,20000,0.05,0.9,0.0005,cuda,False,False,9,115,1371,0.09489047527313232
fixed_random,2,results_logistic_comparison,results_logistic_comparison,logistic_regression,sgd,10,128,20000,0.05,0.9,0.0005,cuda,False,False,9,116,1372,0.5390230417251587
fixed_random,2,results_logistic_comparison,results_logistic_comparison,logistic_regression,sgd,10,128,20000,0.05,0.9,0.0005,cuda,False,False,9,117,1373,0.2749084234237671
fixed_random,2,results_logistic_comparison,results_logistic_comparison,logistic_regression,sgd,10,128,20000,0.05,0.9,0.0005,cuda,False,False,9,118,1374,0.6061867475509644
fixed_random,2,results_logistic_comparison,results_logistic_comparison,logistic_regression,sgd,10,128,20000,0.05,0.9,0.0005,cuda,False,False,9,119,1375,0.31323957443237305
fixed_random,2,results_logistic_comparison,results_logistic_comparison,logistic_regression,sgd,10,128,20000,0.05,0.9,0.0005,cuda,False,False,9,120,1376,-0.38250815868377686
fixed_random,2,results_logistic_comparison,results_logistic_comparison,logistic_regression,sgd,10,128,20000,0.05,0.9,0.0005,cuda,False,False,9,121,1377,0.5213955640792847
fixed_random,2,results_logistic_comparison,results_logistic_comparison,logistic_regression,sgd,10,128,20000,0.05,0.9,0.0005,cuda,False,False,9,122,1378,-0.12438444793224335
fixed_random,2,results_logistic_comparison,results_logistic_comparison,logistic_regression,sgd,10,128,20000,0.05,0.9,0.0005,cuda,False,False,9,123,1379,-0.10313820838928223
fixed_random,2,results_logistic_comparison,results_logistic_comparison,logistic_regression,sgd,10,128,20000,0.05,0.9,0.0005,cuda,False,False,9,124,1380,0.6350846290588379
fixed_random,2,results_logistic_comparison,results_logistic_comparison,logistic_regression,sgd,10,128,20000,0.05,0.9,0.0005,cuda,False,False,9,125,1381,0.5666993856430054
fixed_random,2,results_logistic_comparison,results_logistic_comparison,logistic_regression,sgd,10,128,20000,0.05,0.9,0.0005,cuda,False,False,9,126,1382,-0.38208502531051636
fixed_random,2,results_logistic_comparison,results_logistic_comparison,logistic_regression,sgd,10,128,20000,0.05,0.9,0.0005,cuda,False,False,9,127,1383,-0.1255870759487152
fixed_random,2,results_logistic_comparison,results_logistic_comparison,logistic_regression,sgd,10,128,20000,0.05,0.9,0.0005,cuda,False,False,9,128,1384,0.07194547355175018
fixed_random,2,results_logistic_comparison,results_logistic_comparison,logistic_regression,sgd,10,128,20000,0.05,0.9,0.0005,cuda,False,False,9,129,1385,0.6197481155395508
fixed_random,2,results_logistic_comparison,results_logistic_comparison,logistic_regression,sgd,10,128,20000,0.05,0.9,0.0005,cuda,False,False,9,130,1386,-0.22857630252838135
fixed_random,2,results_logistic_comparison,results_logistic_comparison,logistic_regression,sgd,10,128,20000,0.05,0.9,0.0005,cuda,False,False,9,131,1387,0.6301475763320923
fixed_random,2,results_logistic_comparison,results_logistic_comparison,logistic_regression,sgd,10,128,20000,0.05,0.9,0.0005,cuda,False,False,9,132,1388,0.6386592984199524
fixed_random,2,results_logistic_comparison,results_logistic_comparison,logistic_regression,sgd,10,128,20000,0.05,0.9,0.0005,cuda,False,False,9,133,1389,-0.0678597241640091
fixed_random,2,results_logistic_comparison,results_logistic_comparison,logistic_regression,sgd,10,128,20000,0.05,0.9,0.0005,cuda,False,False,9,134,1390,0.18413633108139038
fixed_random,2,results_logistic_comparison,results_logistic_comparison,logistic_regression,sgd,10,128,20000,0.05,0.9,0.0005,cuda,False,False,9,135,1391,0.7829523682594299
fixed_random,2,results_logistic_comparison,results_logistic_comparison,logistic_regression,sgd,10,128,20000,0.05,0.9,0.0005,cuda,False,False,9,136,1392,-0.4222492575645447
fixed_random,2,results_logistic_comparison,results_logistic_comparison,logistic_regression,sgd,10,128,20000,0.05,0.9,0.0005,cuda,False,False,9,137,1393,0.3829424977302551
fixed_random,2,results_logistic_comparison,results_logistic_comparison,logistic_regression,sgd,10,128,20000,0.05,0.9,0.0005,cuda,False,False,9,138,1394,0.582008957862854
fixed_random,2,results_logistic_comparison,results_logistic_comparison,logistic_regression,sgd,10,128,20000,0.05,0.9,0.0005,cuda,False,False,9,139,1395,0.3856332302093506
fixed_random,2,results_logistic_comparison,results_logistic_comparison,logistic_regression,sgd,10,128,20000,0.05,0.9,0.0005,cuda,False,False,9,140,1396,0.24325649440288544
fixed_random,2,results_logistic_comparison,results_logistic_comparison,logistic_regression,sgd,10,128,20000,0.05,0.9,0.0005,cuda,False,False,9,141,1397,0.18319013714790344
fixed_random,2,results_logistic_comparison,results_logistic_comparison,logistic_regression,sgd,10,128,20000,0.05,0.9,0.0005,cuda,False,False,9,142,1398,0.7363268136978149
fixed_random,2,results_logistic_comparison,results_logistic_comparison,logistic_regression,sgd,10,128,20000,0.05,0.9,0.0005,cuda,False,False,9,143,1399,0.1674819141626358
fixed_random,2,results_logistic_comparison,results_logistic_comparison,logistic_regression,sgd,10,128,20000,0.05,0.9,0.0005,cuda,False,False,9,144,1400,0.4965727627277374
fixed_random,2,results_logistic_comparison,results_logistic_comparison,logistic_regression,sgd,10,128,20000,0.05,0.9,0.0005,cuda,False,False,9,145,1401,0.2826857566833496
fixed_random,2,results_logistic_comparison,results_logistic_comparison,logistic_regression,sgd,10,128,20000,0.05,0.9,0.0005,cuda,False,False,9,146,1402,0.7242149114608765
fixed_random,2,results_logistic_comparison,results_logistic_comparison,logistic_regression,sgd,10,128,20000,0.05,0.9,0.0005,cuda,False,False,9,147,1403,0.3080850839614868
fixed_random,2,results_logistic_comparison,results_logistic_comparison,logistic_regression,sgd,10,128,20000,0.05,0.9,0.0005,cuda,False,False,9,148,1404,0.4734552800655365
fixed_random,2,results_logistic_comparison,results_logistic_comparison,logistic_regression,sgd,10,128,20000,0.05,0.9,0.0005,cuda,False,False,9,149,1405,0.5456196665763855
fixed_random,2,results_logistic_comparison,results_logistic_comparison,logistic_regression,sgd,10,128,20000,0.05,0.9,0.0005,cuda,False,False,9,150,1406,0.42012494802474976
fixed_random,2,results_logistic_comparison,results_logistic_comparison,logistic_regression,sgd,10,128,20000,0.05,0.9,0.0005,cuda,False,False,9,151,1407,0.7703560590744019
fixed_random,2,results_logistic_comparison,results_logistic_comparison,logistic_regression,sgd,10,128,20000,0.05,0.9,0.0005,cuda,False,False,9,152,1408,0.07328464835882187
fixed_random,2,results_logistic_comparison,results_logistic_comparison,logistic_regression,sgd,10,128,20000,0.05,0.9,0.0005,cuda,False,False,9,153,1409,0.253423810005188
fixed_random,2,results_logistic_comparison,results_logistic_comparison,logistic_regression,sgd,10,128,20000,0.05,0.9,0.0005,cuda,False,False,9,154,1410,-0.13397479057312012
fixed_random,2,results_logistic_comparison,results_logistic_comparison,logistic_regression,sgd,10,128,20000,0.05,0.9,0.0005,cuda,False,False,9,155,1411,0.4784770607948303
fixed_random,2,results_logistic_comparison,results_logistic_comparison,logistic_regression,sgd,10,128,20000,0.05,0.9,0.0005,cuda,False,False,9,156,1412,0.2974969446659088
fixed_random,2,results_logistic_comparison,results_logistic_comparison,logistic_regression,sgd,10,128,20000,0.05,0.9,0.0005,cuda,False,False,9,157,1413,-0.24281726777553558
fixed_random,2,results_logistic_comparison,results_logistic_comparison,logistic_regression,sgd,10,128,20000,0.05,0.9,0.0005,cuda,False,False,10,1,1414,0.2085048109292984
fixed_random,2,results_logistic_comparison,results_logistic_comparison,logistic_regression,sgd,10,128,20000,0.05,0.9,0.0005,cuda,False,False,10,2,1415,0.2800653576850891
fixed_random,2,results_logistic_comparison,results_logistic_comparison,logistic_regression,sgd,10,128,20000,0.05,0.9,0.0005,cuda,False,False,10,3,1416,-0.4013543725013733
fixed_random,2,results_logistic_comparison,results_logistic_comparison,logistic_regression,sgd,10,128,20000,0.05,0.9,0.0005,cuda,False,False,10,4,1417,0.5862969160079956
fixed_random,2,results_logistic_comparison,results_logistic_comparison,logistic_regression,sgd,10,128,20000,0.05,0.9,0.0005,cuda,False,False,10,5,1418,0.1867428719997406
fixed_random,2,results_logistic_comparison,results_logistic_comparison,logistic_regression,sgd,10,128,20000,0.05,0.9,0.0005,cuda,False,False,10,6,1419,0.37128400802612305
fixed_random,2,results_logistic_comparison,results_logistic_comparison,logistic_regression,sgd,10,128,20000,0.05,0.9,0.0005,cuda,False,False,10,7,1420,0.5809701085090637
fixed_random,2,results_logistic_comparison,results_logistic_comparison,logistic_regression,sgd,10,128,20000,0.05,0.9,0.0005,cuda,False,False,10,8,1421,0.2219720184803009
fixed_random,2,results_logistic_comparison,results_logistic_comparison,logistic_regression,sgd,10,128,20000,0.05,0.9,0.0005,cuda,False,False,10,9,1422,0.4339856505393982
fixed_random,2,results_logistic_comparison,results_logistic_comparison,logistic_regression,sgd,10,128,20000,0.05,0.9,0.0005,cuda,False,False,10,10,1423,-0.3348802328109741
fixed_random,2,results_logistic_comparison,results_logistic_comparison,logistic_regression,sgd,10,128,20000,0.05,0.9,0.0005,cuda,False,False,10,11,1424,0.715627133846283
fixed_random,2,results_logistic_comparison,results_logistic_comparison,logistic_regression,sgd,10,128,20000,0.05,0.9,0.0005,cuda,False,False,10,12,1425,0.45108166337013245
fixed_random,2,results_logistic_comparison,results_logistic_comparison,logistic_regression,sgd,10,128,20000,0.05,0.9,0.0005,cuda,False,False,10,13,1426,-0.09023972600698471
fixed_random,2,results_logistic_comparison,results_logistic_comparison,logistic_regression,sgd,10,128,20000,0.05,0.9,0.0005,cuda,False,False,10,14,1427,0.5392346382141113
fixed_random,2,results_logistic_comparison,results_logistic_comparison,logistic_regression,sgd,10,128,20000,0.05,0.9,0.0005,cuda,False,False,10,15,1428,-0.17871667444705963
fixed_random,2,results_logistic_comparison,results_logistic_comparison,logistic_regression,sgd,10,128,20000,0.05,0.9,0.0005,cuda,False,False,10,16,1429,0.7712072730064392
fixed_random,2,results_logistic_comparison,results_logistic_comparison,logistic_regression,sgd,10,128,20000,0.05,0.9,0.0005,cuda,False,False,10,17,1430,0.7552667260169983
fixed_random,2,results_logistic_comparison,results_logistic_comparison,logistic_regression,sgd,10,128,20000,0.05,0.9,0.0005,cuda,False,False,10,18,1431,0.18778018653392792
fixed_random,2,results_logistic_comparison,results_logistic_comparison,logistic_regression,sgd,10,128,20000,0.05,0.9,0.0005,cuda,False,False,10,19,1432,0.2017974704504013
fixed_random,2,results_logistic_comparison,results_logistic_comparison,logistic_regression,sgd,10,128,20000,0.05,0.9,0.0005,cuda,False,False,10,20,1433,0.6177350282669067
fixed_random,2,results_logistic_comparison,results_logistic_comparison,logistic_regression,sgd,10,128,20000,0.05,0.9,0.0005,cuda,False,False,10,21,1434,0.7109454870223999
fixed_random,2,results_logistic_comparison,results_logistic_comparison,logistic_regression,sgd,10,128,20000,0.05,0.9,0.0005,cuda,False,False,10,22,1435,-0.5943983793258667
fixed_random,2,results_logistic_comparison,results_logistic_comparison,logistic_regression,sgd,10,128,20000,0.05,0.9,0.0005,cuda,False,False,10,23,1436,0.875146210193634
fixed_random,2,results_logistic_comparison,results_logistic_comparison,logistic_regression,sgd,10,128,20000,0.05,0.9,0.0005,cuda,False,False,10,24,1437,0.8222935199737549
fixed_random,2,results_logistic_comparison,results_logistic_comparison,logistic_regression,sgd,10,128,20000,0.05,0.9,0.0005,cuda,False,False,10,25,1438,-0.2520027160644531
fixed_random,2,results_logistic_comparison,results_logistic_comparison,logistic_regression,sgd,10,128,20000,0.05,0.9,0.0005,cuda,False,False,10,26,1439,0.715208888053894
fixed_random,2,results_logistic_comparison,results_logistic_comparison,logistic_regression,sgd,10,128,20000,0.05,0.9,0.0005,cuda,False,False,10,27,1440,0.578863263130188
fixed_random,2,results_logistic_comparison,results_logistic_comparison,logistic_regression,sgd,10,128,20000,0.05,0.9,0.0005,cuda,False,False,10,28,1441,0.7138804197311401
fixed_random,2,results_logistic_comparison,results_logistic_comparison,logistic_regression,sgd,10,128,20000,0.05,0.9,0.0005,cuda,False,False,10,29,1442,0.6976417899131775
fixed_random,2,results_logistic_comparison,results_logistic_comparison,logistic_regression,sgd,10,128,20000,0.05,0.9,0.0005,cuda,False,False,10,30,1443,-0.448595255613327
fixed_random,2,results_logistic_comparison,results_logistic_comparison,logistic_regression,sgd,10,128,20000,0.05,0.9,0.0005,cuda,False,False,10,31,1444,0.5798200368881226
fixed_random,2,results_logistic_comparison,results_logistic_comparison,logistic_regression,sgd,10,128,20000,0.05,0.9,0.0005,cuda,False,False,10,32,1445,0.68733149766922
fixed_random,2,results_logistic_comparison,results_logistic_comparison,logistic_regression,sgd,10,128,20000,0.05,0.9,0.0005,cuda,False,False,10,33,1446,0.40595412254333496
fixed_random,2,results_logistic_comparison,results_logistic_comparison,logistic_regression,sgd,10,128,20000,0.05,0.9,0.0005,cuda,False,False,10,34,1447,-0.11799880117177963
fixed_random,2,results_logistic_comparison,results_logistic_comparison,logistic_regression,sgd,10,128,20000,0.05,0.9,0.0005,cuda,False,False,10,35,1448,0.7065486907958984
fixed_random,2,results_logistic_comparison,results_logistic_comparison,logistic_regression,sgd,10,128,20000,0.05,0.9,0.0005,cuda,False,False,10,36,1449,0.6791433691978455
fixed_random,2,results_logistic_comparison,results_logistic_comparison,logistic_regression,sgd,10,128,20000,0.05,0.9,0.0005,cuda,False,False,10,37,1450,-0.43276354670524597
fixed_random,2,results_logistic_comparison,results_logistic_comparison,logistic_regression,sgd,10,128,20000,0.05,0.9,0.0005,cuda,False,False,10,38,1451,0.32821881771087646
fixed_random,2,results_logistic_comparison,results_logistic_comparison,logistic_regression,sgd,10,128,20000,0.05,0.9,0.0005,cuda,False,False,10,39,1452,0.6826640963554382
fixed_random,2,results_logistic_comparison,results_logistic_comparison,logistic_regression,sgd,10,128,20000,0.05,0.9,0.0005,cuda,False,False,10,40,1453,0.04868239164352417
fixed_random,2,results_logistic_comparison,results_logistic_comparison,logistic_regression,sgd,10,128,20000,0.05,0.9,0.0005,cuda,False,False,10,41,1454,0.13319306075572968
fixed_random,2,results_logistic_comparison,results_logistic_comparison,logistic_regression,sgd,10,128,20000,0.05,0.9,0.0005,cuda,False,False,10,42,1455,0.07793895900249481
fixed_random,2,results_logistic_comparison,results_logistic_comparison,logistic_regression,sgd,10,128,20000,0.05,0.9,0.0005,cuda,False,False,10,43,1456,0.534919023513794
fixed_random,2,results_logistic_comparison,results_logistic_comparison,logistic_regression,sgd,10,128,20000,0.05,0.9,0.0005,cuda,False,False,10,44,1457,-0.03758155182003975
fixed_random,2,results_logistic_comparison,results_logistic_comparison,logistic_regression,sgd,10,128,20000,0.05,0.9,0.0005,cuda,False,False,10,45,1458,0.5279567241668701
fixed_random,2,results_logistic_comparison,results_logistic_comparison,logistic_regression,sgd,10,128,20000,0.05,0.9,0.0005,cuda,False,False,10,46,1459,0.754219114780426
fixed_random,2,results_logistic_comparison,results_logistic_comparison,logistic_regression,sgd,10,128,20000,0.05,0.9,0.0005,cuda,False,False,10,47,1460,0.03691518306732178
fixed_random,2,results_logistic_comparison,results_logistic_comparison,logistic_regression,sgd,10,128,20000,0.05,0.9,0.0005,cuda,False,False,10,48,1461,0.30707937479019165
fixed_random,2,results_logistic_comparison,results_logistic_comparison,logistic_regression,sgd,10,128,20000,0.05,0.9,0.0005,cuda,False,False,10,49,1462,0.639178991317749
fixed_random,2,results_logistic_comparison,results_logistic_comparison,logistic_regression,sgd,10,128,20000,0.05,0.9,0.0005,cuda,False,False,10,50,1463,0.6523456573486328
fixed_random,2,results_logistic_comparison,results_logistic_comparison,logistic_regression,sgd,10,128,20000,0.05,0.9,0.0005,cuda,False,False,10,51,1464,0.02122509479522705
fixed_random,2,results_logistic_comparison,results_logistic_comparison,logistic_regression,sgd,10,128,20000,0.05,0.9,0.0005,cuda,False,False,10,52,1465,0.5753934979438782
fixed_random,2,results_logistic_comparison,results_logistic_comparison,logistic_regression,sgd,10,128,20000,0.05,0.9,0.0005,cuda,False,False,10,53,1466,0.6504977941513062
fixed_random,2,results_logistic_comparison,results_logistic_comparison,logistic_regression,sgd,10,128,20000,0.05,0.9,0.0005,cuda,False,False,10,54,1467,-0.15551364421844482
fixed_random,2,results_logistic_comparison,results_logistic_comparison,logistic_regression,sgd,10,128,20000,0.05,0.9,0.0005,cuda,False,False,10,55,1468,0.3324497640132904
fixed_random,2,results_logistic_comparison,results_logistic_comparison,logistic_regression,sgd,10,128,20000,0.05,0.9,0.0005,cuda,False,False,10,56,1469,0.6399250030517578
fixed_random,2,results_logistic_comparison,results_logistic_comparison,logistic_regression,sgd,10,128,20000,0.05,0.9,0.0005,cuda,False,False,10,57,1470,0.5272161364555359
fixed_random,2,results_logistic_comparison,results_logistic_comparison,logistic_regression,sgd,10,128,20000,0.05,0.9,0.0005,cuda,False,False,10,58,1471,0.4610767364501953
fixed_random,2,results_logistic_comparison,results_logistic_comparison,logistic_regression,sgd,10,128,20000,0.05,0.9,0.0005,cuda,False,False,10,59,1472,0.256644070148468
fixed_random,2,results_logistic_comparison,results_logistic_comparison,logistic_regression,sgd,10,128,20000,0.05,0.9,0.0005,cuda,False,False,10,60,1473,0.3868732452392578
fixed_random,2,results_logistic_comparison,results_logistic_comparison,logistic_regression,sgd,10,128,20000,0.05,0.9,0.0005,cuda,False,False,10,61,1474,0.16315343976020813
fixed_random,2,results_logistic_comparison,results_logistic_comparison,logistic_regression,sgd,10,128,20000,0.05,0.9,0.0005,cuda,False,False,10,62,1475,0.24496491253376007
fixed_random,2,results_logistic_comparison,results_logistic_comparison,logistic_regression,sgd,10,128,20000,0.05,0.9,0.0005,cuda,False,False,10,63,1476,0.48144736886024475
fixed_random,2,results_logistic_comparison,results_logistic_comparison,logistic_regression,sgd,10,128,20000,0.05,0.9,0.0005,cuda,False,False,10,64,1477,0.5454525947570801
fixed_random,2,results_logistic_comparison,results_logistic_comparison,logistic_regression,sgd,10,128,20000,0.05,0.9,0.0005,cuda,False,False,10,65,1478,0.15615393221378326
fixed_random,2,results_logistic_comparison,results_logistic_comparison,logistic_regression,sgd,10,128,20000,0.05,0.9,0.0005,cuda,False,False,10,66,1479,-0.01796012371778488
fixed_random,2,results_logistic_comparison,results_logistic_comparison,logistic_regression,sgd,10,128,20000,0.05,0.9,0.0005,cuda,False,False,10,67,1480,0.05779692158102989
fixed_random,2,results_logistic_comparison,results_logistic_comparison,logistic_regression,sgd,10,128,20000,0.05,0.9,0.0005,cuda,False,False,10,68,1481,0.29967835545539856
fixed_random,2,results_logistic_comparison,results_logistic_comparison,logistic_regression,sgd,10,128,20000,0.05,0.9,0.0005,cuda,False,False,10,69,1482,0.44975441694259644
fixed_random,2,results_logistic_comparison,results_logistic_comparison,logistic_regression,sgd,10,128,20000,0.05,0.9,0.0005,cuda,False,False,10,70,1483,-0.07767046988010406
fixed_random,2,results_logistic_comparison,results_logistic_comparison,logistic_regression,sgd,10,128,20000,0.05,0.9,0.0005,cuda,False,False,10,71,1484,0.5155820250511169
fixed_random,2,results_logistic_comparison,results_logistic_comparison,logistic_regression,sgd,10,128,20000,0.05,0.9,0.0005,cuda,False,False,10,72,1485,-0.08116882294416428
fixed_random,2,results_logistic_comparison,results_logistic_comparison,logistic_regression,sgd,10,128,20000,0.05,0.9,0.0005,cuda,False,False,10,73,1486,0.5662487745285034
fixed_random,2,results_logistic_comparison,results_logistic_comparison,logistic_regression,sgd,10,128,20000,0.05,0.9,0.0005,cuda,False,False,10,74,1487,0.290801465511322
fixed_random,2,results_logistic_comparison,results_logistic_comparison,logistic_regression,sgd,10,128,20000,0.05,0.9,0.0005,cuda,False,False,10,75,1488,0.3171420097351074
fixed_random,2,results_logistic_comparison,results_logistic_comparison,logistic_regression,sgd,10,128,20000,0.05,0.9,0.0005,cuda,False,False,10,76,1489,0.7892946004867554
fixed_random,2,results_logistic_comparison,results_logistic_comparison,logistic_regression,sgd,10,128,20000,0.05,0.9,0.0005,cuda,False,False,10,77,1490,-0.5714045763015747
fixed_random,2,results_logistic_comparison,results_logistic_comparison,logistic_regression,sgd,10,128,20000,0.05,0.9,0.0005,cuda,False,False,10,78,1491,0.7922091484069824
fixed_random,2,results_logistic_comparison,results_logistic_comparison,logistic_regression,sgd,10,128,20000,0.05,0.9,0.0005,cuda,False,False,10,79,1492,0.6656140685081482
fixed_random,2,results_logistic_comparison,results_logistic_comparison,logistic_regression,sgd,10,128,20000,0.05,0.9,0.0005,cuda,False,False,10,80,1493,0.04463718831539154
fixed_random,2,results_logistic_comparison,results_logistic_comparison,logistic_regression,sgd,10,128,20000,0.05,0.9,0.0005,cuda,False,False,10,81,1494,0.34394875168800354
fixed_random,2,results_logistic_comparison,results_logistic_comparison,logistic_regression,sgd,10,128,20000,0.05,0.9,0.0005,cuda,False,False,10,82,1495,0.6037864685058594
fixed_random,2,results_logistic_comparison,results_logistic_comparison,logistic_regression,sgd,10,128,20000,0.05,0.9,0.0005,cuda,False,False,10,83,1496,-0.7142870426177979
fixed_random,2,results_logistic_comparison,results_logistic_comparison,logistic_regression,sgd,10,128,20000,0.05,0.9,0.0005,cuda,False,False,10,84,1497,0.44027847051620483
fixed_random,2,results_logistic_comparison,results_logistic_comparison,logistic_regression,sgd,10,128,20000,0.05,0.9,0.0005,cuda,False,False,10,85,1498,0.6083396673202515
fixed_random,2,results_logistic_comparison,results_logistic_comparison,logistic_regression,sgd,10,128,20000,0.05,0.9,0.0005,cuda,False,False,10,86,1499,0.5665181875228882
fixed_random,2,results_logistic_comparison,results_logistic_comparison,logistic_regression,sgd,10,128,20000,0.05,0.9,0.0005,cuda,False,False,10,87,1500,-0.28703391551971436
fixed_random,2,results_logistic_comparison,results_logistic_comparison,logistic_regression,sgd,10,128,20000,0.05,0.9,0.0005,cuda,False,False,10,88,1501,0.6990017890930176
fixed_random,2,results_logistic_comparison,results_logistic_comparison,logistic_regression,sgd,10,128,20000,0.05,0.9,0.0005,cuda,False,False,10,89,1502,0.693683385848999
fixed_random,2,results_logistic_comparison,results_logistic_comparison,logistic_regression,sgd,10,128,20000,0.05,0.9,0.0005,cuda,False,False,10,90,1503,-0.13629817962646484
fixed_random,2,results_logistic_comparison,results_logistic_comparison,logistic_regression,sgd,10,128,20000,0.05,0.9,0.0005,cuda,False,False,10,91,1504,0.7992252111434937
fixed_random,2,results_logistic_comparison,results_logistic_comparison,logistic_regression,sgd,10,128,20000,0.05,0.9,0.0005,cuda,False,False,10,92,1505,0.12153614312410355
fixed_random,2,results_logistic_comparison,results_logistic_comparison,logistic_regression,sgd,10,128,20000,0.05,0.9,0.0005,cuda,False,False,10,93,1506,0.6473424434661865
fixed_random,2,results_logistic_comparison,results_logistic_comparison,logistic_regression,sgd,10,128,20000,0.05,0.9,0.0005,cuda,False,False,10,94,1507,-0.18656745553016663
fixed_random,2,results_logistic_comparison,results_logistic_comparison,logistic_regression,sgd,10,128,20000,0.05,0.9,0.0005,cuda,False,False,10,95,1508,0.3391302824020386
fixed_random,2,results_logistic_comparison,results_logistic_comparison,logistic_regression,sgd,10,128,20000,0.05,0.9,0.0005,cuda,False,False,10,96,1509,0.6602798700332642
fixed_random,2,results_logistic_comparison,results_logistic_comparison,logistic_regression,sgd,10,128,20000,0.05,0.9,0.0005,cuda,False,False,10,97,1510,0.29602187871932983
fixed_random,2,results_logistic_comparison,results_logistic_comparison,logistic_regression,sgd,10,128,20000,0.05,0.9,0.0005,cuda,False,False,10,98,1511,0.02001396380364895
fixed_random,2,results_logistic_comparison,results_logistic_comparison,logistic_regression,sgd,10,128,20000,0.05,0.9,0.0005,cuda,False,False,10,99,1512,0.3683052062988281
fixed_random,2,results_logistic_comparison,results_logistic_comparison,logistic_regression,sgd,10,128,20000,0.05,0.9,0.0005,cuda,False,False,10,100,1513,0.5599677562713623
fixed_random,2,results_logistic_comparison,results_logistic_comparison,logistic_regression,sgd,10,128,20000,0.05,0.9,0.0005,cuda,False,False,10,101,1514,0.5973824262619019
fixed_random,2,results_logistic_comparison,results_logistic_comparison,logistic_regression,sgd,10,128,20000,0.05,0.9,0.0005,cuda,False,False,10,102,1515,-0.4301556944847107
fixed_random,2,results_logistic_comparison,results_logistic_comparison,logistic_regression,sgd,10,128,20000,0.05,0.9,0.0005,cuda,False,False,10,103,1516,0.8243839740753174
fixed_random,2,results_logistic_comparison,results_logistic_comparison,logistic_regression,sgd,10,128,20000,0.05,0.9,0.0005,cuda,False,False,10,104,1517,-0.31217852234840393
fixed_random,2,results_logistic_comparison,results_logistic_comparison,logistic_regression,sgd,10,128,20000,0.05,0.9,0.0005,cuda,False,False,10,105,1518,-0.1367507427930832
fixed_random,2,results_logistic_comparison,results_logistic_comparison,logistic_regression,sgd,10,128,20000,0.05,0.9,0.0005,cuda,False,False,10,106,1519,0.43774521350860596
fixed_random,2,results_logistic_comparison,results_logistic_comparison,logistic_regression,sgd,10,128,20000,0.05,0.9,0.0005,cuda,False,False,10,107,1520,-0.06319490075111389
fixed_random,2,results_logistic_comparison,results_logistic_comparison,logistic_regression,sgd,10,128,20000,0.05,0.9,0.0005,cuda,False,False,10,108,1521,0.7093775868415833
fixed_random,2,results_logistic_comparison,results_logistic_comparison,logistic_regression,sgd,10,128,20000,0.05,0.9,0.0005,cuda,False,False,10,109,1522,0.5612199306488037
fixed_random,2,results_logistic_comparison,results_logistic_comparison,logistic_regression,sgd,10,128,20000,0.05,0.9,0.0005,cuda,False,False,10,110,1523,0.05177445709705353
fixed_random,2,results_logistic_comparison,results_logistic_comparison,logistic_regression,sgd,10,128,20000,0.05,0.9,0.0005,cuda,False,False,10,111,1524,0.640463650226593
fixed_random,2,results_logistic_comparison,results_logistic_comparison,logistic_regression,sgd,10,128,20000,0.05,0.9,0.0005,cuda,False,False,10,112,1525,0.2577657103538513
fixed_random,2,results_logistic_comparison,results_logistic_comparison,logistic_regression,sgd,10,128,20000,0.05,0.9,0.0005,cuda,False,False,10,113,1526,0.5257422924041748
fixed_random,2,results_logistic_comparison,results_logistic_comparison,logistic_regression,sgd,10,128,20000,0.05,0.9,0.0005,cuda,False,False,10,114,1527,0.5810105800628662
fixed_random,2,results_logistic_comparison,results_logistic_comparison,logistic_regression,sgd,10,128,20000,0.05,0.9,0.0005,cuda,False,False,10,115,1528,0.19964097440242767
fixed_random,2,results_logistic_comparison,results_logistic_comparison,logistic_regression,sgd,10,128,20000,0.05,0.9,0.0005,cuda,False,False,10,116,1529,0.5178788900375366
fixed_random,2,results_logistic_comparison,results_logistic_comparison,logistic_regression,sgd,10,128,20000,0.05,0.9,0.0005,cuda,False,False,10,117,1530,0.4440328776836395
fixed_random,2,results_logistic_comparison,results_logistic_comparison,logistic_regression,sgd,10,128,20000,0.05,0.9,0.0005,cuda,False,False,10,118,1531,0.5092692375183105
fixed_random,2,results_logistic_comparison,results_logistic_comparison,logistic_regression,sgd,10,128,20000,0.05,0.9,0.0005,cuda,False,False,10,119,1532,0.3128972053527832
fixed_random,2,results_logistic_comparison,results_logistic_comparison,logistic_regression,sgd,10,128,20000,0.05,0.9,0.0005,cuda,False,False,10,120,1533,-0.1928459107875824
fixed_random,2,results_logistic_comparison,results_logistic_comparison,logistic_regression,sgd,10,128,20000,0.05,0.9,0.0005,cuda,False,False,10,121,1534,0.5375243425369263
fixed_random,2,results_logistic_comparison,results_logistic_comparison,logistic_regression,sgd,10,128,20000,0.05,0.9,0.0005,cuda,False,False,10,122,1535,-0.39775627851486206
fixed_random,2,results_logistic_comparison,results_logistic_comparison,logistic_regression,sgd,10,128,20000,0.05,0.9,0.0005,cuda,False,False,10,123,1536,0.14511887729167938
fixed_random,2,results_logistic_comparison,results_logistic_comparison,logistic_regression,sgd,10,128,20000,0.05,0.9,0.0005,cuda,False,False,10,124,1537,0.7180332541465759
fixed_random,2,results_logistic_comparison,results_logistic_comparison,logistic_regression,sgd,10,128,20000,0.05,0.9,0.0005,cuda,False,False,10,125,1538,0.34664082527160645
fixed_random,2,results_logistic_comparison,results_logistic_comparison,logistic_regression,sgd,10,128,20000,0.05,0.9,0.0005,cuda,False,False,10,126,1539,-0.3003147840499878
fixed_random,2,results_logistic_comparison,results_logistic_comparison,logistic_regression,sgd,10,128,20000,0.05,0.9,0.0005,cuda,False,False,10,127,1540,0.06109294295310974
fixed_random,2,results_logistic_comparison,results_logistic_comparison,logistic_regression,sgd,10,128,20000,0.05,0.9,0.0005,cuda,False,False,10,128,1541,-0.11550673097372055
fixed_random,2,results_logistic_comparison,results_logistic_comparison,logistic_regression,sgd,10,128,20000,0.05,0.9,0.0005,cuda,False,False,10,129,1542,0.48079073429107666
fixed_random,2,results_logistic_comparison,results_logistic_comparison,logistic_regression,sgd,10,128,20000,0.05,0.9,0.0005,cuda,False,False,10,130,1543,0.06943808495998383
fixed_random,2,results_logistic_comparison,results_logistic_comparison,logistic_regression,sgd,10,128,20000,0.05,0.9,0.0005,cuda,False,False,10,131,1544,0.653628945350647
fixed_random,2,results_logistic_comparison,results_logistic_comparison,logistic_regression,sgd,10,128,20000,0.05,0.9,0.0005,cuda,False,False,10,132,1545,-0.11290239542722702
fixed_random,2,results_logistic_comparison,results_logistic_comparison,logistic_regression,sgd,10,128,20000,0.05,0.9,0.0005,cuda,False,False,10,133,1546,0.4470253586769104
fixed_random,2,results_logistic_comparison,results_logistic_comparison,logistic_regression,sgd,10,128,20000,0.05,0.9,0.0005,cuda,False,False,10,134,1547,0.05386682599782944
fixed_random,2,results_logistic_comparison,results_logistic_comparison,logistic_regression,sgd,10,128,20000,0.05,0.9,0.0005,cuda,False,False,10,135,1548,0.602116584777832
fixed_random,2,results_logistic_comparison,results_logistic_comparison,logistic_regression,sgd,10,128,20000,0.05,0.9,0.0005,cuda,False,False,10,136,1549,-0.35396018624305725
fixed_random,2,results_logistic_comparison,results_logistic_comparison,logistic_regression,sgd,10,128,20000,0.05,0.9,0.0005,cuda,False,False,10,137,1550,0.08377575874328613
fixed_random,2,results_logistic_comparison,results_logistic_comparison,logistic_regression,sgd,10,128,20000,0.05,0.9,0.0005,cuda,False,False,10,138,1551,0.5570719242095947
fixed_random,2,results_logistic_comparison,results_logistic_comparison,logistic_regression,sgd,10,128,20000,0.05,0.9,0.0005,cuda,False,False,10,139,1552,0.4913763701915741
fixed_random,2,results_logistic_comparison,results_logistic_comparison,logistic_regression,sgd,10,128,20000,0.05,0.9,0.0005,cuda,False,False,10,140,1553,-0.06491439044475555
fixed_random,2,results_logistic_comparison,results_logistic_comparison,logistic_regression,sgd,10,128,20000,0.05,0.9,0.0005,cuda,False,False,10,141,1554,0.3073914051055908
fixed_random,2,results_logistic_comparison,results_logistic_comparison,logistic_regression,sgd,10,128,20000,0.05,0.9,0.0005,cuda,False,False,10,142,1555,0.37002843618392944
fixed_random,2,results_logistic_comparison,results_logistic_comparison,logistic_regression,sgd,10,128,20000,0.05,0.9,0.0005,cuda,False,False,10,143,1556,-0.25325167179107666
fixed_random,2,results_logistic_comparison,results_logistic_comparison,logistic_regression,sgd,10,128,20000,0.05,0.9,0.0005,cuda,False,False,10,144,1557,0.629338264465332
fixed_random,2,results_logistic_comparison,results_logistic_comparison,logistic_regression,sgd,10,128,20000,0.05,0.9,0.0005,cuda,False,False,10,145,1558,0.3525611162185669
fixed_random,2,results_logistic_comparison,results_logistic_comparison,logistic_regression,sgd,10,128,20000,0.05,0.9,0.0005,cuda,False,False,10,146,1559,0.5740467309951782
fixed_random,2,results_logistic_comparison,results_logistic_comparison,logistic_regression,sgd,10,128,20000,0.05,0.9,0.0005,cuda,False,False,10,147,1560,-0.015624161809682846
fixed_random,2,results_logistic_comparison,results_logistic_comparison,logistic_regression,sgd,10,128,20000,0.05,0.9,0.0005,cuda,False,False,10,148,1561,0.4935867488384247
fixed_random,2,results_logistic_comparison,results_logistic_comparison,logistic_regression,sgd,10,128,20000,0.05,0.9,0.0005,cuda,False,False,10,149,1562,0.57851243019104
fixed_random,2,results_logistic_comparison,results_logistic_comparison,logistic_regression,sgd,10,128,20000,0.05,0.9,0.0005,cuda,False,False,10,150,1563,0.44051849842071533
fixed_random,2,results_logistic_comparison,results_logistic_comparison,logistic_regression,sgd,10,128,20000,0.05,0.9,0.0005,cuda,False,False,10,151,1564,0.6250932812690735
fixed_random,2,results_logistic_comparison,results_logistic_comparison,logistic_regression,sgd,10,128,20000,0.05,0.9,0.0005,cuda,False,False,10,152,1565,-0.0655396431684494
fixed_random,2,results_logistic_comparison,results_logistic_comparison,logistic_regression,sgd,10,128,20000,0.05,0.9,0.0005,cuda,False,False,10,153,1566,-0.04144270718097687
fixed_random,2,results_logistic_comparison,results_logistic_comparison,logistic_regression,sgd,10,128,20000,0.05,0.9,0.0005,cuda,False,False,10,154,1567,-0.10034680366516113
fixed_random,2,results_logistic_comparison,results_logistic_comparison,logistic_regression,sgd,10,128,20000,0.05,0.9,0.0005,cuda,False,False,10,155,1568,0.24235203862190247
fixed_random,2,results_logistic_comparison,results_logistic_comparison,logistic_regression,sgd,10,128,20000,0.05,0.9,0.0005,cuda,False,False,10,156,1569,0.10579004883766174
fixed_random,2,results_logistic_comparison,results_logistic_comparison,logistic_regression,sgd,10,128,20000,0.05,0.9,0.0005,cuda,False,False,10,157,1570,-0.4948015809059143
