order_mode,seed,experiment_name,output_dir,model,optimizer,epochs,batch_size,max_train_examples,learning_rate,momentum,weight_decay,device,deterministic,save_embeddings,epoch,batch_index,global_step,cosine_similarity
label_block_random,2,results_v3_lr0p01,results_v3_lr0p01,small_cnn,sgd,10,128,20000,0.01,0.9,0.0005,cuda,False,False,1,1,1,
label_block_random,2,results_v3_lr0p01,results_v3_lr0p01,small_cnn,sgd,10,128,20000,0.01,0.9,0.0005,cuda,False,False,1,2,2,0.8973374962806702
label_block_random,2,results_v3_lr0p01,results_v3_lr0p01,small_cnn,sgd,10,128,20000,0.01,0.9,0.0005,cuda,False,False,1,3,3,0.8886126279830933
label_block_random,2,results_v3_lr0p01,results_v3_lr0p01,small_cnn,sgd,10,128,20000,0.01,0.9,0.0005,cuda,False,False,1,4,4,0.9582765698432922
label_block_random,2,results_v3_lr0p01,results_v3_lr0p01,small_cnn,sgd,10,128,20000,0.01,0.9,0.0005,cuda,False,False,1,5,5,0.9787419438362122
label_block_random,2,results_v3_lr0p01,results_v3_lr0p01,small_cnn,sgd,10,128,20000,0.01,0.9,0.0005,cuda,False,False,1,6,6,0.9881930947303772
label_block_random,2,results_v3_lr0p01,results_v3_lr0p01,small_cnn,sgd,10,128,20000,0.01,0.9,0.0005,cuda,False,False,1,7,7,0.992251992225647
label_block_random,2,results_v3_lr0p01,results_v3_lr0p01,small_cnn,sgd,10,128,20000,0.01,0.9,0.0005,cuda,False,False,1,8,8,0.9929578304290771
label_block_random,2,results_v3_lr0p01,results_v3_lr0p01,small_cnn,sgd,10,128,20000,0.01,0.9,0.0005,cuda,False,False,1,9,9,0.9986351728439331
label_block_random,2,results_v3_lr0p01,results_v3_lr0p01,small_cnn,sgd,10,128,20000,0.01,0.9,0.0005,cuda,False,False,1,10,10,0.9975541830062866
label_block_random,2,results_v3_lr0p01,results_v3_lr0p01,small_cnn,sgd,10,128,20000,0.01,0.9,0.0005,cuda,False,False,1,11,11,0.9849614500999451
label_block_random,2,results_v3_lr0p01,results_v3_lr0p01,small_cnn,sgd,10,128,20000,0.01,0.9,0.0005,cuda,False,False,1,12,12,0.48781609535217285
label_block_random,2,results_v3_lr0p01,results_v3_lr0p01,small_cnn,sgd,10,128,20000,0.01,0.9,0.0005,cuda,False,False,1,13,13,0.0197487473487854
label_block_random,2,results_v3_lr0p01,results_v3_lr0p01,small_cnn,sgd,10,128,20000,0.01,0.9,0.0005,cuda,False,False,1,14,14,8.723342034500092e-06
label_block_random,2,results_v3_lr0p01,results_v3_lr0p01,small_cnn,sgd,10,128,20000,0.01,0.9,0.0005,cuda,False,False,1,15,15,3.8590601825205795e-09
label_block_random,2,results_v3_lr0p01,results_v3_lr0p01,small_cnn,sgd,10,128,20000,0.01,0.9,0.0005,cuda,False,False,1,16,16,-1.1447117458374123e-06
label_block_random,2,results_v3_lr0p01,results_v3_lr0p01,small_cnn,sgd,10,128,20000,0.01,0.9,0.0005,cuda,False,False,1,17,17,0.9864757061004639
label_block_random,2,results_v3_lr0p01,results_v3_lr0p01,small_cnn,sgd,10,128,20000,0.01,0.9,0.0005,cuda,False,False,1,18,18,-0.004744638688862324
label_block_random,2,results_v3_lr0p01,results_v3_lr0p01,small_cnn,sgd,10,128,20000,0.01,0.9,0.0005,cuda,False,False,1,19,19,0.5860969424247742
label_block_random,2,results_v3_lr0p01,results_v3_lr0p01,small_cnn,sgd,10,128,20000,0.01,0.9,0.0005,cuda,False,False,1,20,20,0.7077013254165649
label_block_random,2,results_v3_lr0p01,results_v3_lr0p01,small_cnn,sgd,10,128,20000,0.01,0.9,0.0005,cuda,False,False,1,21,21,0.9257470369338989
label_block_random,2,results_v3_lr0p01,results_v3_lr0p01,small_cnn,sgd,10,128,20000,0.01,0.9,0.0005,cuda,False,False,1,22,22,0.9573725461959839
label_block_random,2,results_v3_lr0p01,results_v3_lr0p01,small_cnn,sgd,10,128,20000,0.01,0.9,0.0005,cuda,False,False,1,23,23,0.9647485017776489
label_block_random,2,results_v3_lr0p01,results_v3_lr0p01,small_cnn,sgd,10,128,20000,0.01,0.9,0.0005,cuda,False,False,1,24,24,0.973089337348938
label_block_random,2,results_v3_lr0p01,results_v3_lr0p01,small_cnn,sgd,10,128,20000,0.01,0.9,0.0005,cuda,False,False,1,25,25,0.985140860080719
label_block_random,2,results_v3_lr0p01,results_v3_lr0p01,small_cnn,sgd,10,128,20000,0.01,0.9,0.0005,cuda,False,False,1,26,26,0.9929694533348083
label_block_random,2,results_v3_lr0p01,results_v3_lr0p01,small_cnn,sgd,10,128,20000,0.01,0.9,0.0005,cuda,False,False,1,27,27,0.9657896757125854
label_block_random,2,results_v3_lr0p01,results_v3_lr0p01,small_cnn,sgd,10,128,20000,0.01,0.9,0.0005,cuda,False,False,1,28,28,0.9528847932815552
label_block_random,2,results_v3_lr0p01,results_v3_lr0p01,small_cnn,sgd,10,128,20000,0.01,0.9,0.0005,cuda,False,False,1,29,29,0.20495280623435974
label_block_random,2,results_v3_lr0p01,results_v3_lr0p01,small_cnn,sgd,10,128,20000,0.01,0.9,0.0005,cuda,False,False,1,30,30,0.0019701486453413963
label_block_random,2,results_v3_lr0p01,results_v3_lr0p01,small_cnn,sgd,10,128,20000,0.01,0.9,0.0005,cuda,False,False,1,31,31,4.7162160626612604e-05
label_block_random,2,results_v3_lr0p01,results_v3_lr0p01,small_cnn,sgd,10,128,20000,0.01,0.9,0.0005,cuda,False,False,1,32,32,-0.002960295183584094
label_block_random,2,results_v3_lr0p01,results_v3_lr0p01,small_cnn,sgd,10,128,20000,0.01,0.9,0.0005,cuda,False,False,1,33,33,0.5427747964859009
label_block_random,2,results_v3_lr0p01,results_v3_lr0p01,small_cnn,sgd,10,128,20000,0.01,0.9,0.0005,cuda,False,False,1,34,34,0.3871994614601135
label_block_random,2,results_v3_lr0p01,results_v3_lr0p01,small_cnn,sgd,10,128,20000,0.01,0.9,0.0005,cuda,False,False,1,35,35,0.8788416981697083
label_block_random,2,results_v3_lr0p01,results_v3_lr0p01,small_cnn,sgd,10,128,20000,0.01,0.9,0.0005,cuda,False,False,1,36,36,0.9545961618423462
label_block_random,2,results_v3_lr0p01,results_v3_lr0p01,small_cnn,sgd,10,128,20000,0.01,0.9,0.0005,cuda,False,False,1,37,37,0.9846799373626709
label_block_random,2,results_v3_lr0p01,results_v3_lr0p01,small_cnn,sgd,10,128,20000,0.01,0.9,0.0005,cuda,False,False,1,38,38,0.9761316776275635
label_block_random,2,results_v3_lr0p01,results_v3_lr0p01,small_cnn,sgd,10,128,20000,0.01,0.9,0.0005,cuda,False,False,1,39,39,0.9819602370262146
label_block_random,2,results_v3_lr0p01,results_v3_lr0p01,small_cnn,sgd,10,128,20000,0.01,0.9,0.0005,cuda,False,False,1,40,40,0.9796466827392578
label_block_random,2,results_v3_lr0p01,results_v3_lr0p01,small_cnn,sgd,10,128,20000,0.01,0.9,0.0005,cuda,False,False,1,41,41,0.9796504974365234
label_block_random,2,results_v3_lr0p01,results_v3_lr0p01,small_cnn,sgd,10,128,20000,0.01,0.9,0.0005,cuda,False,False,1,42,42,0.9792509078979492
label_block_random,2,results_v3_lr0p01,results_v3_lr0p01,small_cnn,sgd,10,128,20000,0.01,0.9,0.0005,cuda,False,False,1,43,43,0.9879649877548218
label_block_random,2,results_v3_lr0p01,results_v3_lr0p01,small_cnn,sgd,10,128,20000,0.01,0.9,0.0005,cuda,False,False,1,44,44,0.9903695583343506
label_block_random,2,results_v3_lr0p01,results_v3_lr0p01,small_cnn,sgd,10,128,20000,0.01,0.9,0.0005,cuda,False,False,1,45,45,0.9898202419281006
label_block_random,2,results_v3_lr0p01,results_v3_lr0p01,small_cnn,sgd,10,128,20000,0.01,0.9,0.0005,cuda,False,False,1,46,46,0.991235613822937
label_block_random,2,results_v3_lr0p01,results_v3_lr0p01,small_cnn,sgd,10,128,20000,0.01,0.9,0.0005,cuda,False,False,1,47,47,-0.7343558073043823
label_block_random,2,results_v3_lr0p01,results_v3_lr0p01,small_cnn,sgd,10,128,20000,0.01,0.9,0.0005,cuda,False,False,1,48,48,0.998516321182251
label_block_random,2,results_v3_lr0p01,results_v3_lr0p01,small_cnn,sgd,10,128,20000,0.01,0.9,0.0005,cuda,False,False,1,49,49,0.8982692956924438
label_block_random,2,results_v3_lr0p01,results_v3_lr0p01,small_cnn,sgd,10,128,20000,0.01,0.9,0.0005,cuda,False,False,1,50,50,0.12154268473386765
label_block_random,2,results_v3_lr0p01,results_v3_lr0p01,small_cnn,sgd,10,128,20000,0.01,0.9,0.0005,cuda,False,False,1,51,51,0.8982491493225098
label_block_random,2,results_v3_lr0p01,results_v3_lr0p01,small_cnn,sgd,10,128,20000,0.01,0.9,0.0005,cuda,False,False,1,52,52,0.9836074113845825
label_block_random,2,results_v3_lr0p01,results_v3_lr0p01,small_cnn,sgd,10,128,20000,0.01,0.9,0.0005,cuda,False,False,1,53,53,0.9762508273124695
label_block_random,2,results_v3_lr0p01,results_v3_lr0p01,small_cnn,sgd,10,128,20000,0.01,0.9,0.0005,cuda,False,False,1,54,54,0.8992077112197876
label_block_random,2,results_v3_lr0p01,results_v3_lr0p01,small_cnn,sgd,10,128,20000,0.01,0.9,0.0005,cuda,False,False,1,55,55,0.9675670862197876
label_block_random,2,results_v3_lr0p01,results_v3_lr0p01,small_cnn,sgd,10,128,20000,0.01,0.9,0.0005,cuda,False,False,1,56,56,0.9619884490966797
label_block_random,2,results_v3_lr0p01,results_v3_lr0p01,small_cnn,sgd,10,128,20000,0.01,0.9,0.0005,cuda,False,False,1,57,57,0.9524615406990051
label_block_random,2,results_v3_lr0p01,results_v3_lr0p01,small_cnn,sgd,10,128,20000,0.01,0.9,0.0005,cuda,False,False,1,58,58,0.8414087295532227
label_block_random,2,results_v3_lr0p01,results_v3_lr0p01,small_cnn,sgd,10,128,20000,0.01,0.9,0.0005,cuda,False,False,1,59,59,0.8999550342559814
label_block_random,2,results_v3_lr0p01,results_v3_lr0p01,small_cnn,sgd,10,128,20000,0.01,0.9,0.0005,cuda,False,False,1,60,60,0.7407060265541077
label_block_random,2,results_v3_lr0p01,results_v3_lr0p01,small_cnn,sgd,10,128,20000,0.01,0.9,0.0005,cuda,False,False,1,61,61,0.4669020175933838
label_block_random,2,results_v3_lr0p01,results_v3_lr0p01,small_cnn,sgd,10,128,20000,0.01,0.9,0.0005,cuda,False,False,1,62,62,0.020767085254192352
label_block_random,2,results_v3_lr0p01,results_v3_lr0p01,small_cnn,sgd,10,128,20000,0.01,0.9,0.0005,cuda,False,False,1,63,63,-0.014926020056009293
label_block_random,2,results_v3_lr0p01,results_v3_lr0p01,small_cnn,sgd,10,128,20000,0.01,0.9,0.0005,cuda,False,False,1,64,64,0.7691770792007446
label_block_random,2,results_v3_lr0p01,results_v3_lr0p01,small_cnn,sgd,10,128,20000,0.01,0.9,0.0005,cuda,False,False,1,65,65,-0.08739319443702698
label_block_random,2,results_v3_lr0p01,results_v3_lr0p01,small_cnn,sgd,10,128,20000,0.01,0.9,0.0005,cuda,False,False,1,66,66,0.7236309051513672
label_block_random,2,results_v3_lr0p01,results_v3_lr0p01,small_cnn,sgd,10,128,20000,0.01,0.9,0.0005,cuda,False,False,1,67,67,0.6845638155937195
label_block_random,2,results_v3_lr0p01,results_v3_lr0p01,small_cnn,sgd,10,128,20000,0.01,0.9,0.0005,cuda,False,False,1,68,68,0.7216757535934448
label_block_random,2,results_v3_lr0p01,results_v3_lr0p01,small_cnn,sgd,10,128,20000,0.01,0.9,0.0005,cuda,False,False,1,69,69,0.784329354763031
label_block_random,2,results_v3_lr0p01,results_v3_lr0p01,small_cnn,sgd,10,128,20000,0.01,0.9,0.0005,cuda,False,False,1,70,70,0.9710776209831238
label_block_random,2,results_v3_lr0p01,results_v3_lr0p01,small_cnn,sgd,10,128,20000,0.01,0.9,0.0005,cuda,False,False,1,71,71,0.9871352910995483
label_block_random,2,results_v3_lr0p01,results_v3_lr0p01,small_cnn,sgd,10,128,20000,0.01,0.9,0.0005,cuda,False,False,1,72,72,0.9929633140563965
label_block_random,2,results_v3_lr0p01,results_v3_lr0p01,small_cnn,sgd,10,128,20000,0.01,0.9,0.0005,cuda,False,False,1,73,73,0.9897447824478149
label_block_random,2,results_v3_lr0p01,results_v3_lr0p01,small_cnn,sgd,10,128,20000,0.01,0.9,0.0005,cuda,False,False,1,74,74,0.984769880771637
label_block_random,2,results_v3_lr0p01,results_v3_lr0p01,small_cnn,sgd,10,128,20000,0.01,0.9,0.0005,cuda,False,False,1,75,75,0.9851019382476807
label_block_random,2,results_v3_lr0p01,results_v3_lr0p01,small_cnn,sgd,10,128,20000,0.01,0.9,0.0005,cuda,False,False,1,76,76,0.9877203106880188
label_block_random,2,results_v3_lr0p01,results_v3_lr0p01,small_cnn,sgd,10,128,20000,0.01,0.9,0.0005,cuda,False,False,1,77,77,0.9835109114646912
label_block_random,2,results_v3_lr0p01,results_v3_lr0p01,small_cnn,sgd,10,128,20000,0.01,0.9,0.0005,cuda,False,False,1,78,78,0.9867967367172241
label_block_random,2,results_v3_lr0p01,results_v3_lr0p01,small_cnn,sgd,10,128,20000,0.01,0.9,0.0005,cuda,False,False,1,79,79,-0.6785181760787964
label_block_random,2,results_v3_lr0p01,results_v3_lr0p01,small_cnn,sgd,10,128,20000,0.01,0.9,0.0005,cuda,False,False,1,80,80,0.9046676754951477
label_block_random,2,results_v3_lr0p01,results_v3_lr0p01,small_cnn,sgd,10,128,20000,0.01,0.9,0.0005,cuda,False,False,1,81,81,0.061149999499320984
label_block_random,2,results_v3_lr0p01,results_v3_lr0p01,small_cnn,sgd,10,128,20000,0.01,0.9,0.0005,cuda,False,False,1,82,82,0.9689002633094788
label_block_random,2,results_v3_lr0p01,results_v3_lr0p01,small_cnn,sgd,10,128,20000,0.01,0.9,0.0005,cuda,False,False,1,83,83,0.9830234050750732
label_block_random,2,results_v3_lr0p01,results_v3_lr0p01,small_cnn,sgd,10,128,20000,0.01,0.9,0.0005,cuda,False,False,1,84,84,0.9569435715675354
label_block_random,2,results_v3_lr0p01,results_v3_lr0p01,small_cnn,sgd,10,128,20000,0.01,0.9,0.0005,cuda,False,False,1,85,85,0.9725226759910583
label_block_random,2,results_v3_lr0p01,results_v3_lr0p01,small_cnn,sgd,10,128,20000,0.01,0.9,0.0005,cuda,False,False,1,86,86,0.9530555009841919
label_block_random,2,results_v3_lr0p01,results_v3_lr0p01,small_cnn,sgd,10,128,20000,0.01,0.9,0.0005,cuda,False,False,1,87,87,0.9811045527458191
label_block_random,2,results_v3_lr0p01,results_v3_lr0p01,small_cnn,sgd,10,128,20000,0.01,0.9,0.0005,cuda,False,False,1,88,88,0.9882833361625671
label_block_random,2,results_v3_lr0p01,results_v3_lr0p01,small_cnn,sgd,10,128,20000,0.01,0.9,0.0005,cuda,False,False,1,89,89,0.9496252536773682
label_block_random,2,results_v3_lr0p01,results_v3_lr0p01,small_cnn,sgd,10,128,20000,0.01,0.9,0.0005,cuda,False,False,1,90,90,0.9846029877662659
label_block_random,2,results_v3_lr0p01,results_v3_lr0p01,small_cnn,sgd,10,128,20000,0.01,0.9,0.0005,cuda,False,False,1,91,91,0.9813854098320007
label_block_random,2,results_v3_lr0p01,results_v3_lr0p01,small_cnn,sgd,10,128,20000,0.01,0.9,0.0005,cuda,False,False,1,92,92,0.9825400114059448
label_block_random,2,results_v3_lr0p01,results_v3_lr0p01,small_cnn,sgd,10,128,20000,0.01,0.9,0.0005,cuda,False,False,1,93,93,0.9417283535003662
label_block_random,2,results_v3_lr0p01,results_v3_lr0p01,small_cnn,sgd,10,128,20000,0.01,0.9,0.0005,cuda,False,False,1,94,94,-0.5353188514709473
label_block_random,2,results_v3_lr0p01,results_v3_lr0p01,small_cnn,sgd,10,128,20000,0.01,0.9,0.0005,cuda,False,False,1,95,95,0.9546018242835999
label_block_random,2,results_v3_lr0p01,results_v3_lr0p01,small_cnn,sgd,10,128,20000,0.01,0.9,0.0005,cuda,False,False,1,96,96,-0.006601201836019754
label_block_random,2,results_v3_lr0p01,results_v3_lr0p01,small_cnn,sgd,10,128,20000,0.01,0.9,0.0005,cuda,False,False,1,97,97,0.9013659358024597
label_block_random,2,results_v3_lr0p01,results_v3_lr0p01,small_cnn,sgd,10,128,20000,0.01,0.9,0.0005,cuda,False,False,1,98,98,0.9101158380508423
label_block_random,2,results_v3_lr0p01,results_v3_lr0p01,small_cnn,sgd,10,128,20000,0.01,0.9,0.0005,cuda,False,False,1,99,99,0.9680271148681641
label_block_random,2,results_v3_lr0p01,results_v3_lr0p01,small_cnn,sgd,10,128,20000,0.01,0.9,0.0005,cuda,False,False,1,100,100,0.979039192199707
label_block_random,2,results_v3_lr0p01,results_v3_lr0p01,small_cnn,sgd,10,128,20000,0.01,0.9,0.0005,cuda,False,False,1,101,101,0.9753665924072266
label_block_random,2,results_v3_lr0p01,results_v3_lr0p01,small_cnn,sgd,10,128,20000,0.01,0.9,0.0005,cuda,False,False,1,102,102,0.9468715786933899
label_block_random,2,results_v3_lr0p01,results_v3_lr0p01,small_cnn,sgd,10,128,20000,0.01,0.9,0.0005,cuda,False,False,1,103,103,0.9319413900375366
label_block_random,2,results_v3_lr0p01,results_v3_lr0p01,small_cnn,sgd,10,128,20000,0.01,0.9,0.0005,cuda,False,False,1,104,104,0.9571862816810608
label_block_random,2,results_v3_lr0p01,results_v3_lr0p01,small_cnn,sgd,10,128,20000,0.01,0.9,0.0005,cuda,False,False,1,105,105,0.9797238707542419
label_block_random,2,results_v3_lr0p01,results_v3_lr0p01,small_cnn,sgd,10,128,20000,0.01,0.9,0.0005,cuda,False,False,1,106,106,0.9714647531509399
label_block_random,2,results_v3_lr0p01,results_v3_lr0p01,small_cnn,sgd,10,128,20000,0.01,0.9,0.0005,cuda,False,False,1,107,107,0.840962827205658
label_block_random,2,results_v3_lr0p01,results_v3_lr0p01,small_cnn,sgd,10,128,20000,0.01,0.9,0.0005,cuda,False,False,1,108,108,0.9090350866317749
label_block_random,2,results_v3_lr0p01,results_v3_lr0p01,small_cnn,sgd,10,128,20000,0.01,0.9,0.0005,cuda,False,False,1,109,109,0.9204559326171875
label_block_random,2,results_v3_lr0p01,results_v3_lr0p01,small_cnn,sgd,10,128,20000,0.01,0.9,0.0005,cuda,False,False,1,110,110,-0.5854719281196594
label_block_random,2,results_v3_lr0p01,results_v3_lr0p01,small_cnn,sgd,10,128,20000,0.01,0.9,0.0005,cuda,False,False,1,111,111,0.0707947313785553
label_block_random,2,results_v3_lr0p01,results_v3_lr0p01,small_cnn,sgd,10,128,20000,0.01,0.9,0.0005,cuda,False,False,1,112,112,0.11487188935279846
label_block_random,2,results_v3_lr0p01,results_v3_lr0p01,small_cnn,sgd,10,128,20000,0.01,0.9,0.0005,cuda,False,False,1,113,113,0.8981376886367798
label_block_random,2,results_v3_lr0p01,results_v3_lr0p01,small_cnn,sgd,10,128,20000,0.01,0.9,0.0005,cuda,False,False,1,114,114,0.9577600955963135
label_block_random,2,results_v3_lr0p01,results_v3_lr0p01,small_cnn,sgd,10,128,20000,0.01,0.9,0.0005,cuda,False,False,1,115,115,0.9767264723777771
label_block_random,2,results_v3_lr0p01,results_v3_lr0p01,small_cnn,sgd,10,128,20000,0.01,0.9,0.0005,cuda,False,False,1,116,116,0.9912291765213013
label_block_random,2,results_v3_lr0p01,results_v3_lr0p01,small_cnn,sgd,10,128,20000,0.01,0.9,0.0005,cuda,False,False,1,117,117,0.9285452365875244
label_block_random,2,results_v3_lr0p01,results_v3_lr0p01,small_cnn,sgd,10,128,20000,0.01,0.9,0.0005,cuda,False,False,1,118,118,0.9355379343032837
label_block_random,2,results_v3_lr0p01,results_v3_lr0p01,small_cnn,sgd,10,128,20000,0.01,0.9,0.0005,cuda,False,False,1,119,119,0.9437207579612732
label_block_random,2,results_v3_lr0p01,results_v3_lr0p01,small_cnn,sgd,10,128,20000,0.01,0.9,0.0005,cuda,False,False,1,120,120,0.8545751571655273
label_block_random,2,results_v3_lr0p01,results_v3_lr0p01,small_cnn,sgd,10,128,20000,0.01,0.9,0.0005,cuda,False,False,1,121,121,0.8327637910842896
label_block_random,2,results_v3_lr0p01,results_v3_lr0p01,small_cnn,sgd,10,128,20000,0.01,0.9,0.0005,cuda,False,False,1,122,122,0.7749229073524475
label_block_random,2,results_v3_lr0p01,results_v3_lr0p01,small_cnn,sgd,10,128,20000,0.01,0.9,0.0005,cuda,False,False,1,123,123,0.8385012745857239
label_block_random,2,results_v3_lr0p01,results_v3_lr0p01,small_cnn,sgd,10,128,20000,0.01,0.9,0.0005,cuda,False,False,1,124,124,0.7966753244400024
label_block_random,2,results_v3_lr0p01,results_v3_lr0p01,small_cnn,sgd,10,128,20000,0.01,0.9,0.0005,cuda,False,False,1,125,125,0.8956104516983032
label_block_random,2,results_v3_lr0p01,results_v3_lr0p01,small_cnn,sgd,10,128,20000,0.01,0.9,0.0005,cuda,False,False,1,126,126,-0.34523239731788635
label_block_random,2,results_v3_lr0p01,results_v3_lr0p01,small_cnn,sgd,10,128,20000,0.01,0.9,0.0005,cuda,False,False,1,127,127,-0.02356894314289093
label_block_random,2,results_v3_lr0p01,results_v3_lr0p01,small_cnn,sgd,10,128,20000,0.01,0.9,0.0005,cuda,False,False,1,128,128,0.975640058517456
label_block_random,2,results_v3_lr0p01,results_v3_lr0p01,small_cnn,sgd,10,128,20000,0.01,0.9,0.0005,cuda,False,False,1,129,129,0.9448729157447815
label_block_random,2,results_v3_lr0p01,results_v3_lr0p01,small_cnn,sgd,10,128,20000,0.01,0.9,0.0005,cuda,False,False,1,130,130,0.7957755327224731
label_block_random,2,results_v3_lr0p01,results_v3_lr0p01,small_cnn,sgd,10,128,20000,0.01,0.9,0.0005,cuda,False,False,1,131,131,0.9233152866363525
label_block_random,2,results_v3_lr0p01,results_v3_lr0p01,small_cnn,sgd,10,128,20000,0.01,0.9,0.0005,cuda,False,False,1,132,132,0.9722929000854492
label_block_random,2,results_v3_lr0p01,results_v3_lr0p01,small_cnn,sgd,10,128,20000,0.01,0.9,0.0005,cuda,False,False,1,133,133,2.02845021703979e-05
label_block_random,2,results_v3_lr0p01,results_v3_lr0p01,small_cnn,sgd,10,128,20000,0.01,0.9,0.0005,cuda,False,False,1,134,134,
label_block_random,2,results_v3_lr0p01,results_v3_lr0p01,small_cnn,sgd,10,128,20000,0.01,0.9,0.0005,cuda,False,False,1,135,135,
label_block_random,2,results_v3_lr0p01,results_v3_lr0p01,small_cnn,sgd,10,128,20000,0.01,0.9,0.0005,cuda,False,False,1,136,136,
label_block_random,2,results_v3_lr0p01,results_v3_lr0p01,small_cnn,sgd,10,128,20000,0.01,0.9,0.0005,cuda,False,False,1,137,137,
label_block_random,2,results_v3_lr0p01,results_v3_lr0p01,small_cnn,sgd,10,128,20000,0.01,0.9,0.0005,cuda,False,False,1,138,138,
label_block_random,2,results_v3_lr0p01,results_v3_lr0p01,small_cnn,sgd,10,128,20000,0.01,0.9,0.0005,cuda,False,False,1,139,139,
label_block_random,2,results_v3_lr0p01,results_v3_lr0p01,small_cnn,sgd,10,128,20000,0.01,0.9,0.0005,cuda,False,False,1,140,140,
label_block_random,2,results_v3_lr0p01,results_v3_lr0p01,small_cnn,sgd,10,128,20000,0.01,0.9,0.0005,cuda,False,False,1,141,141,
label_block_random,2,results_v3_lr0p01,results_v3_lr0p01,small_cnn,sgd,10,128,20000,0.01,0.9,0.0005,cuda,False,False,1,142,142,-0.012273727916181087
label_block_random,2,results_v3_lr0p01,results_v3_lr0p01,small_cnn,sgd,10,128,20000,0.01,0.9,0.0005,cuda,False,False,1,143,143,0.5334288477897644
label_block_random,2,results_v3_lr0p01,results_v3_lr0p01,small_cnn,sgd,10,128,20000,0.01,0.9,0.0005,cuda,False,False,1,144,144,0.5562964677810669
label_block_random,2,results_v3_lr0p01,results_v3_lr0p01,small_cnn,sgd,10,128,20000,0.01,0.9,0.0005,cuda,False,False,1,145,145,0.8167275190353394
label_block_random,2,results_v3_lr0p01,results_v3_lr0p01,small_cnn,sgd,10,128,20000,0.01,0.9,0.0005,cuda,False,False,1,146,146,0.9248110055923462
label_block_random,2,results_v3_lr0p01,results_v3_lr0p01,small_cnn,sgd,10,128,20000,0.01,0.9,0.0005,cuda,False,False,1,147,147,0.9254389405250549
label_block_random,2,results_v3_lr0p01,results_v3_lr0p01,small_cnn,sgd,10,128,20000,0.01,0.9,0.0005,cuda,False,False,1,148,148,0.9564845561981201
label_block_random,2,results_v3_lr0p01,results_v3_lr0p01,small_cnn,sgd,10,128,20000,0.01,0.9,0.0005,cuda,False,False,1,149,149,0.9717496037483215
label_block_random,2,results_v3_lr0p01,results_v3_lr0p01,small_cnn,sgd,10,128,20000,0.01,0.9,0.0005,cuda,False,False,1,150,150,0.9597092866897583
label_block_random,2,results_v3_lr0p01,results_v3_lr0p01,small_cnn,sgd,10,128,20000,0.01,0.9,0.0005,cuda,False,False,1,151,151,0.9676004648208618
label_block_random,2,results_v3_lr0p01,results_v3_lr0p01,small_cnn,sgd,10,128,20000,0.01,0.9,0.0005,cuda,False,False,1,152,152,0.9665569067001343
label_block_random,2,results_v3_lr0p01,results_v3_lr0p01,small_cnn,sgd,10,128,20000,0.01,0.9,0.0005,cuda,False,False,1,153,153,0.9771139025688171
label_block_random,2,results_v3_lr0p01,results_v3_lr0p01,small_cnn,sgd,10,128,20000,0.01,0.9,0.0005,cuda,False,False,1,154,154,0.9642989635467529
label_block_random,2,results_v3_lr0p01,results_v3_lr0p01,small_cnn,sgd,10,128,20000,0.01,0.9,0.0005,cuda,False,False,1,155,155,0.9820675849914551
label_block_random,2,results_v3_lr0p01,results_v3_lr0p01,small_cnn,sgd,10,128,20000,0.01,0.9,0.0005,cuda,False,False,1,156,156,0.8977492451667786
label_block_random,2,results_v3_lr0p01,results_v3_lr0p01,small_cnn,sgd,10,128,20000,0.01,0.9,0.0005,cuda,False,False,1,157,157,0.9765713810920715
label_block_random,2,results_v3_lr0p01,results_v3_lr0p01,small_cnn,sgd,10,128,20000,0.01,0.9,0.0005,cuda,False,False,2,1,158,-0.3642038404941559
label_block_random,2,results_v3_lr0p01,results_v3_lr0p01,small_cnn,sgd,10,128,20000,0.01,0.9,0.0005,cuda,False,False,2,2,159,0.3736799955368042
label_block_random,2,results_v3_lr0p01,results_v3_lr0p01,small_cnn,sgd,10,128,20000,0.01,0.9,0.0005,cuda,False,False,2,3,160,0.7389446496963501
label_block_random,2,results_v3_lr0p01,results_v3_lr0p01,small_cnn,sgd,10,128,20000,0.01,0.9,0.0005,cuda,False,False,2,4,161,0.832021176815033
label_block_random,2,results_v3_lr0p01,results_v3_lr0p01,small_cnn,sgd,10,128,20000,0.01,0.9,0.0005,cuda,False,False,2,5,162,0.8799723982810974
label_block_random,2,results_v3_lr0p01,results_v3_lr0p01,small_cnn,sgd,10,128,20000,0.01,0.9,0.0005,cuda,False,False,2,6,163,0.9941545128822327
label_block_random,2,results_v3_lr0p01,results_v3_lr0p01,small_cnn,sgd,10,128,20000,0.01,0.9,0.0005,cuda,False,False,2,7,164,0.9498291611671448
label_block_random,2,results_v3_lr0p01,results_v3_lr0p01,small_cnn,sgd,10,128,20000,0.01,0.9,0.0005,cuda,False,False,2,8,165,0.8757421970367432
label_block_random,2,results_v3_lr0p01,results_v3_lr0p01,small_cnn,sgd,10,128,20000,0.01,0.9,0.0005,cuda,False,False,2,9,166,0.9525055885314941
label_block_random,2,results_v3_lr0p01,results_v3_lr0p01,small_cnn,sgd,10,128,20000,0.01,0.9,0.0005,cuda,False,False,2,10,167,0.9590603709220886
label_block_random,2,results_v3_lr0p01,results_v3_lr0p01,small_cnn,sgd,10,128,20000,0.01,0.9,0.0005,cuda,False,False,2,11,168,0.9868935346603394
label_block_random,2,results_v3_lr0p01,results_v3_lr0p01,small_cnn,sgd,10,128,20000,0.01,0.9,0.0005,cuda,False,False,2,12,169,0.9824007153511047
label_block_random,2,results_v3_lr0p01,results_v3_lr0p01,small_cnn,sgd,10,128,20000,0.01,0.9,0.0005,cuda,False,False,2,13,170,0.9749540090560913
label_block_random,2,results_v3_lr0p01,results_v3_lr0p01,small_cnn,sgd,10,128,20000,0.01,0.9,0.0005,cuda,False,False,2,14,171,0.9874368906021118
label_block_random,2,results_v3_lr0p01,results_v3_lr0p01,small_cnn,sgd,10,128,20000,0.01,0.9,0.0005,cuda,False,False,2,15,172,0.9846460223197937
label_block_random,2,results_v3_lr0p01,results_v3_lr0p01,small_cnn,sgd,10,128,20000,0.01,0.9,0.0005,cuda,False,False,2,16,173,-0.7171669006347656
label_block_random,2,results_v3_lr0p01,results_v3_lr0p01,small_cnn,sgd,10,128,20000,0.01,0.9,0.0005,cuda,False,False,2,17,174,0.9154839515686035
label_block_random,2,results_v3_lr0p01,results_v3_lr0p01,small_cnn,sgd,10,128,20000,0.01,0.9,0.0005,cuda,False,False,2,18,175,0.7131204605102539
label_block_random,2,results_v3_lr0p01,results_v3_lr0p01,small_cnn,sgd,10,128,20000,0.01,0.9,0.0005,cuda,False,False,2,19,176,0.07169729471206665
label_block_random,2,results_v3_lr0p01,results_v3_lr0p01,small_cnn,sgd,10,128,20000,0.01,0.9,0.0005,cuda,False,False,2,20,177,0.7922645807266235
label_block_random,2,results_v3_lr0p01,results_v3_lr0p01,small_cnn,sgd,10,128,20000,0.01,0.9,0.0005,cuda,False,False,2,21,178,0.9106533527374268
label_block_random,2,results_v3_lr0p01,results_v3_lr0p01,small_cnn,sgd,10,128,20000,0.01,0.9,0.0005,cuda,False,False,2,22,179,0.9137800931930542
label_block_random,2,results_v3_lr0p01,results_v3_lr0p01,small_cnn,sgd,10,128,20000,0.01,0.9,0.0005,cuda,False,False,2,23,180,0.8739724159240723
label_block_random,2,results_v3_lr0p01,results_v3_lr0p01,small_cnn,sgd,10,128,20000,0.01,0.9,0.0005,cuda,False,False,2,24,181,0.728011965751648
label_block_random,2,results_v3_lr0p01,results_v3_lr0p01,small_cnn,sgd,10,128,20000,0.01,0.9,0.0005,cuda,False,False,2,25,182,0.024177543818950653
label_block_random,2,results_v3_lr0p01,results_v3_lr0p01,small_cnn,sgd,10,128,20000,0.01,0.9,0.0005,cuda,False,False,2,26,183,0.03556625917553902
label_block_random,2,results_v3_lr0p01,results_v3_lr0p01,small_cnn,sgd,10,128,20000,0.01,0.9,0.0005,cuda,False,False,2,27,184,0.00043798238039016724
label_block_random,2,results_v3_lr0p01,results_v3_lr0p01,small_cnn,sgd,10,128,20000,0.01,0.9,0.0005,cuda,False,False,2,28,185,0.00034865952329710126
label_block_random,2,results_v3_lr0p01,results_v3_lr0p01,small_cnn,sgd,10,128,20000,0.01,0.9,0.0005,cuda,False,False,2,29,186,0.6509999632835388
label_block_random,2,results_v3_lr0p01,results_v3_lr0p01,small_cnn,sgd,10,128,20000,0.01,0.9,0.0005,cuda,False,False,2,30,187,0.00036758717033080757
label_block_random,2,results_v3_lr0p01,results_v3_lr0p01,small_cnn,sgd,10,128,20000,0.01,0.9,0.0005,cuda,False,False,2,31,188,1.925227772342497e-12
label_block_random,2,results_v3_lr0p01,results_v3_lr0p01,small_cnn,sgd,10,128,20000,0.01,0.9,0.0005,cuda,False,False,2,32,189,-2.12419346001802e-10
label_block_random,2,results_v3_lr0p01,results_v3_lr0p01,small_cnn,sgd,10,128,20000,0.01,0.9,0.0005,cuda,False,False,2,33,190,0.03536886349320412
label_block_random,2,results_v3_lr0p01,results_v3_lr0p01,small_cnn,sgd,10,128,20000,0.01,0.9,0.0005,cuda,False,False,2,34,191,0.8512722253799438
label_block_random,2,results_v3_lr0p01,results_v3_lr0p01,small_cnn,sgd,10,128,20000,0.01,0.9,0.0005,cuda,False,False,2,35,192,0.9578757882118225
label_block_random,2,results_v3_lr0p01,results_v3_lr0p01,small_cnn,sgd,10,128,20000,0.01,0.9,0.0005,cuda,False,False,2,36,193,0.9559745192527771
label_block_random,2,results_v3_lr0p01,results_v3_lr0p01,small_cnn,sgd,10,128,20000,0.01,0.9,0.0005,cuda,False,False,2,37,194,0.965070366859436
label_block_random,2,results_v3_lr0p01,results_v3_lr0p01,small_cnn,sgd,10,128,20000,0.01,0.9,0.0005,cuda,False,False,2,38,195,0.9939275979995728
label_block_random,2,results_v3_lr0p01,results_v3_lr0p01,small_cnn,sgd,10,128,20000,0.01,0.9,0.0005,cuda,False,False,2,39,196,0.9944601655006409
label_block_random,2,results_v3_lr0p01,results_v3_lr0p01,small_cnn,sgd,10,128,20000,0.01,0.9,0.0005,cuda,False,False,2,40,197,0.982940137386322
label_block_random,2,results_v3_lr0p01,results_v3_lr0p01,small_cnn,sgd,10,128,20000,0.01,0.9,0.0005,cuda,False,False,2,41,198,0.9815812110900879
label_block_random,2,results_v3_lr0p01,results_v3_lr0p01,small_cnn,sgd,10,128,20000,0.01,0.9,0.0005,cuda,False,False,2,42,199,0.9545876979827881
label_block_random,2,results_v3_lr0p01,results_v3_lr0p01,small_cnn,sgd,10,128,20000,0.01,0.9,0.0005,cuda,False,False,2,43,200,0.9363874793052673
label_block_random,2,results_v3_lr0p01,results_v3_lr0p01,small_cnn,sgd,10,128,20000,0.01,0.9,0.0005,cuda,False,False,2,44,201,0.9423357844352722
label_block_random,2,results_v3_lr0p01,results_v3_lr0p01,small_cnn,sgd,10,128,20000,0.01,0.9,0.0005,cuda,False,False,2,45,202,0.9281641840934753
label_block_random,2,results_v3_lr0p01,results_v3_lr0p01,small_cnn,sgd,10,128,20000,0.01,0.9,0.0005,cuda,False,False,2,46,203,0.9879796504974365
label_block_random,2,results_v3_lr0p01,results_v3_lr0p01,small_cnn,sgd,10,128,20000,0.01,0.9,0.0005,cuda,False,False,2,47,204,-0.7988073825836182
label_block_random,2,results_v3_lr0p01,results_v3_lr0p01,small_cnn,sgd,10,128,20000,0.01,0.9,0.0005,cuda,False,False,2,48,205,0.8701984286308289
label_block_random,2,results_v3_lr0p01,results_v3_lr0p01,small_cnn,sgd,10,128,20000,0.01,0.9,0.0005,cuda,False,False,2,49,206,0.11395569890737534
label_block_random,2,results_v3_lr0p01,results_v3_lr0p01,small_cnn,sgd,10,128,20000,0.01,0.9,0.0005,cuda,False,False,2,50,207,0.977204442024231
label_block_random,2,results_v3_lr0p01,results_v3_lr0p01,small_cnn,sgd,10,128,20000,0.01,0.9,0.0005,cuda,False,False,2,51,208,0.9873076677322388
label_block_random,2,results_v3_lr0p01,results_v3_lr0p01,small_cnn,sgd,10,128,20000,0.01,0.9,0.0005,cuda,False,False,2,52,209,0.9761095643043518
label_block_random,2,results_v3_lr0p01,results_v3_lr0p01,small_cnn,sgd,10,128,20000,0.01,0.9,0.0005,cuda,False,False,2,53,210,0.928200364112854
label_block_random,2,results_v3_lr0p01,results_v3_lr0p01,small_cnn,sgd,10,128,20000,0.01,0.9,0.0005,cuda,False,False,2,54,211,0.8975952863693237
label_block_random,2,results_v3_lr0p01,results_v3_lr0p01,small_cnn,sgd,10,128,20000,0.01,0.9,0.0005,cuda,False,False,2,55,212,0.5084805488586426
label_block_random,2,results_v3_lr0p01,results_v3_lr0p01,small_cnn,sgd,10,128,20000,0.01,0.9,0.0005,cuda,False,False,2,56,213,0.553493082523346
label_block_random,2,results_v3_lr0p01,results_v3_lr0p01,small_cnn,sgd,10,128,20000,0.01,0.9,0.0005,cuda,False,False,2,57,214,0.9437929391860962
label_block_random,2,results_v3_lr0p01,results_v3_lr0p01,small_cnn,sgd,10,128,20000,0.01,0.9,0.0005,cuda,False,False,2,58,215,0.8221786022186279
label_block_random,2,results_v3_lr0p01,results_v3_lr0p01,small_cnn,sgd,10,128,20000,0.01,0.9,0.0005,cuda,False,False,2,59,216,0.7558574676513672
label_block_random,2,results_v3_lr0p01,results_v3_lr0p01,small_cnn,sgd,10,128,20000,0.01,0.9,0.0005,cuda,False,False,2,60,217,0.9385444521903992
label_block_random,2,results_v3_lr0p01,results_v3_lr0p01,small_cnn,sgd,10,128,20000,0.01,0.9,0.0005,cuda,False,False,2,61,218,0.9525447487831116
label_block_random,2,results_v3_lr0p01,results_v3_lr0p01,small_cnn,sgd,10,128,20000,0.01,0.9,0.0005,cuda,False,False,2,62,219,0.963821291923523
label_block_random,2,results_v3_lr0p01,results_v3_lr0p01,small_cnn,sgd,10,128,20000,0.01,0.9,0.0005,cuda,False,False,2,63,220,-0.37098318338394165
label_block_random,2,results_v3_lr0p01,results_v3_lr0p01,small_cnn,sgd,10,128,20000,0.01,0.9,0.0005,cuda,False,False,2,64,221,0.8142308592796326
label_block_random,2,results_v3_lr0p01,results_v3_lr0p01,small_cnn,sgd,10,128,20000,0.01,0.9,0.0005,cuda,False,False,2,65,222,0.5265718698501587
label_block_random,2,results_v3_lr0p01,results_v3_lr0p01,small_cnn,sgd,10,128,20000,0.01,0.9,0.0005,cuda,False,False,2,66,223,0.9460419416427612
label_block_random,2,results_v3_lr0p01,results_v3_lr0p01,small_cnn,sgd,10,128,20000,0.01,0.9,0.0005,cuda,False,False,2,67,224,0.9281417727470398
label_block_random,2,results_v3_lr0p01,results_v3_lr0p01,small_cnn,sgd,10,128,20000,0.01,0.9,0.0005,cuda,False,False,2,68,225,0.9324783682823181
label_block_random,2,results_v3_lr0p01,results_v3_lr0p01,small_cnn,sgd,10,128,20000,0.01,0.9,0.0005,cuda,False,False,2,69,226,0.9632227420806885
label_block_random,2,results_v3_lr0p01,results_v3_lr0p01,small_cnn,sgd,10,128,20000,0.01,0.9,0.0005,cuda,False,False,2,70,227,0.8977414965629578
label_block_random,2,results_v3_lr0p01,results_v3_lr0p01,small_cnn,sgd,10,128,20000,0.01,0.9,0.0005,cuda,False,False,2,71,228,0.8937525749206543
label_block_random,2,results_v3_lr0p01,results_v3_lr0p01,small_cnn,sgd,10,128,20000,0.01,0.9,0.0005,cuda,False,False,2,72,229,0.8254215121269226
label_block_random,2,results_v3_lr0p01,results_v3_lr0p01,small_cnn,sgd,10,128,20000,0.01,0.9,0.0005,cuda,False,False,2,73,230,0.9187110066413879
label_block_random,2,results_v3_lr0p01,results_v3_lr0p01,small_cnn,sgd,10,128,20000,0.01,0.9,0.0005,cuda,False,False,2,74,231,0.905508816242218
label_block_random,2,results_v3_lr0p01,results_v3_lr0p01,small_cnn,sgd,10,128,20000,0.01,0.9,0.0005,cuda,False,False,2,75,232,0.8233138918876648
label_block_random,2,results_v3_lr0p01,results_v3_lr0p01,small_cnn,sgd,10,128,20000,0.01,0.9,0.0005,cuda,False,False,2,76,233,0.8493838906288147
label_block_random,2,results_v3_lr0p01,results_v3_lr0p01,small_cnn,sgd,10,128,20000,0.01,0.9,0.0005,cuda,False,False,2,77,234,0.8838285803794861
label_block_random,2,results_v3_lr0p01,results_v3_lr0p01,small_cnn,sgd,10,128,20000,0.01,0.9,0.0005,cuda,False,False,2,78,235,0.9207862019538879
label_block_random,2,results_v3_lr0p01,results_v3_lr0p01,small_cnn,sgd,10,128,20000,0.01,0.9,0.0005,cuda,False,False,2,79,236,-0.8693773150444031
label_block_random,2,results_v3_lr0p01,results_v3_lr0p01,small_cnn,sgd,10,128,20000,0.01,0.9,0.0005,cuda,False,False,2,80,237,0.722468376159668
label_block_random,2,results_v3_lr0p01,results_v3_lr0p01,small_cnn,sgd,10,128,20000,0.01,0.9,0.0005,cuda,False,False,2,81,238,-0.07937788963317871
label_block_random,2,results_v3_lr0p01,results_v3_lr0p01,small_cnn,sgd,10,128,20000,0.01,0.9,0.0005,cuda,False,False,2,82,239,0.9296307563781738
label_block_random,2,results_v3_lr0p01,results_v3_lr0p01,small_cnn,sgd,10,128,20000,0.01,0.9,0.0005,cuda,False,False,2,83,240,0.958276629447937
label_block_random,2,results_v3_lr0p01,results_v3_lr0p01,small_cnn,sgd,10,128,20000,0.01,0.9,0.0005,cuda,False,False,2,84,241,0.8943414092063904
label_block_random,2,results_v3_lr0p01,results_v3_lr0p01,small_cnn,sgd,10,128,20000,0.01,0.9,0.0005,cuda,False,False,2,85,242,0.9445110559463501
label_block_random,2,results_v3_lr0p01,results_v3_lr0p01,small_cnn,sgd,10,128,20000,0.01,0.9,0.0005,cuda,False,False,2,86,243,0.9338455200195312
label_block_random,2,results_v3_lr0p01,results_v3_lr0p01,small_cnn,sgd,10,128,20000,0.01,0.9,0.0005,cuda,False,False,2,87,244,0.9395442008972168
label_block_random,2,results_v3_lr0p01,results_v3_lr0p01,small_cnn,sgd,10,128,20000,0.01,0.9,0.0005,cuda,False,False,2,88,245,0.9063606858253479
label_block_random,2,results_v3_lr0p01,results_v3_lr0p01,small_cnn,sgd,10,128,20000,0.01,0.9,0.0005,cuda,False,False,2,89,246,0.8633290529251099
label_block_random,2,results_v3_lr0p01,results_v3_lr0p01,small_cnn,sgd,10,128,20000,0.01,0.9,0.0005,cuda,False,False,2,90,247,0.9549448490142822
label_block_random,2,results_v3_lr0p01,results_v3_lr0p01,small_cnn,sgd,10,128,20000,0.01,0.9,0.0005,cuda,False,False,2,91,248,0.9875646829605103
label_block_random,2,results_v3_lr0p01,results_v3_lr0p01,small_cnn,sgd,10,128,20000,0.01,0.9,0.0005,cuda,False,False,2,92,249,0.5828209519386292
label_block_random,2,results_v3_lr0p01,results_v3_lr0p01,small_cnn,sgd,10,128,20000,0.01,0.9,0.0005,cuda,False,False,2,93,250,0.005221528001129627
label_block_random,2,results_v3_lr0p01,results_v3_lr0p01,small_cnn,sgd,10,128,20000,0.01,0.9,0.0005,cuda,False,False,2,94,251,0.0017584849847480655
label_block_random,2,results_v3_lr0p01,results_v3_lr0p01,small_cnn,sgd,10,128,20000,0.01,0.9,0.0005,cuda,False,False,2,95,252,0.9579441547393799
label_block_random,2,results_v3_lr0p01,results_v3_lr0p01,small_cnn,sgd,10,128,20000,0.01,0.9,0.0005,cuda,False,False,2,96,253,0.1352563202381134
label_block_random,2,results_v3_lr0p01,results_v3_lr0p01,small_cnn,sgd,10,128,20000,0.01,0.9,0.0005,cuda,False,False,2,97,254,-0.03925367072224617
label_block_random,2,results_v3_lr0p01,results_v3_lr0p01,small_cnn,sgd,10,128,20000,0.01,0.9,0.0005,cuda,False,False,2,98,255,0.9305663704872131
label_block_random,2,results_v3_lr0p01,results_v3_lr0p01,small_cnn,sgd,10,128,20000,0.01,0.9,0.0005,cuda,False,False,2,99,256,0.9855566024780273
label_block_random,2,results_v3_lr0p01,results_v3_lr0p01,small_cnn,sgd,10,128,20000,0.01,0.9,0.0005,cuda,False,False,2,100,257,0.9938054084777832
label_block_random,2,results_v3_lr0p01,results_v3_lr0p01,small_cnn,sgd,10,128,20000,0.01,0.9,0.0005,cuda,False,False,2,101,258,0.9947037696838379
label_block_random,2,results_v3_lr0p01,results_v3_lr0p01,small_cnn,sgd,10,128,20000,0.01,0.9,0.0005,cuda,False,False,2,102,259,0.9952502250671387
label_block_random,2,results_v3_lr0p01,results_v3_lr0p01,small_cnn,sgd,10,128,20000,0.01,0.9,0.0005,cuda,False,False,2,103,260,0.9889669418334961
label_block_random,2,results_v3_lr0p01,results_v3_lr0p01,small_cnn,sgd,10,128,20000,0.01,0.9,0.0005,cuda,False,False,2,104,261,0.9968503713607788
label_block_random,2,results_v3_lr0p01,results_v3_lr0p01,small_cnn,sgd,10,128,20000,0.01,0.9,0.0005,cuda,False,False,2,105,262,0.9703510999679565
label_block_random,2,results_v3_lr0p01,results_v3_lr0p01,small_cnn,sgd,10,128,20000,0.01,0.9,0.0005,cuda,False,False,2,106,263,0.9961183667182922
label_block_random,2,results_v3_lr0p01,results_v3_lr0p01,small_cnn,sgd,10,128,20000,0.01,0.9,0.0005,cuda,False,False,2,107,264,0.9951578974723816
label_block_random,2,results_v3_lr0p01,results_v3_lr0p01,small_cnn,sgd,10,128,20000,0.01,0.9,0.0005,cuda,False,False,2,108,265,0.9921008348464966
label_block_random,2,results_v3_lr0p01,results_v3_lr0p01,small_cnn,sgd,10,128,20000,0.01,0.9,0.0005,cuda,False,False,2,109,266,0.9895046353340149
label_block_random,2,results_v3_lr0p01,results_v3_lr0p01,small_cnn,sgd,10,128,20000,0.01,0.9,0.0005,cuda,False,False,2,110,267,-0.10069198906421661
label_block_random,2,results_v3_lr0p01,results_v3_lr0p01,small_cnn,sgd,10,128,20000,0.01,0.9,0.0005,cuda,False,False,2,111,268,0.8777545094490051
label_block_random,2,results_v3_lr0p01,results_v3_lr0p01,small_cnn,sgd,10,128,20000,0.01,0.9,0.0005,cuda,False,False,2,112,269,0.9879150986671448
label_block_random,2,results_v3_lr0p01,results_v3_lr0p01,small_cnn,sgd,10,128,20000,0.01,0.9,0.0005,cuda,False,False,2,113,270,0.9423676133155823
label_block_random,2,results_v3_lr0p01,results_v3_lr0p01,small_cnn,sgd,10,128,20000,0.01,0.9,0.0005,cuda,False,False,2,114,271,0.9115146398544312
label_block_random,2,results_v3_lr0p01,results_v3_lr0p01,small_cnn,sgd,10,128,20000,0.01,0.9,0.0005,cuda,False,False,2,115,272,0.9524734020233154
label_block_random,2,results_v3_lr0p01,results_v3_lr0p01,small_cnn,sgd,10,128,20000,0.01,0.9,0.0005,cuda,False,False,2,116,273,0.9617944359779358
label_block_random,2,results_v3_lr0p01,results_v3_lr0p01,small_cnn,sgd,10,128,20000,0.01,0.9,0.0005,cuda,False,False,2,117,274,0.9248079061508179
label_block_random,2,results_v3_lr0p01,results_v3_lr0p01,small_cnn,sgd,10,128,20000,0.01,0.9,0.0005,cuda,False,False,2,118,275,0.9536628127098083
label_block_random,2,results_v3_lr0p01,results_v3_lr0p01,small_cnn,sgd,10,128,20000,0.01,0.9,0.0005,cuda,False,False,2,119,276,0.9271431565284729
label_block_random,2,results_v3_lr0p01,results_v3_lr0p01,small_cnn,sgd,10,128,20000,0.01,0.9,0.0005,cuda,False,False,2,120,277,0.98627108335495
label_block_random,2,results_v3_lr0p01,results_v3_lr0p01,small_cnn,sgd,10,128,20000,0.01,0.9,0.0005,cuda,False,False,2,121,278,0.9617253541946411
label_block_random,2,results_v3_lr0p01,results_v3_lr0p01,small_cnn,sgd,10,128,20000,0.01,0.9,0.0005,cuda,False,False,2,122,279,0.9259300827980042
label_block_random,2,results_v3_lr0p01,results_v3_lr0p01,small_cnn,sgd,10,128,20000,0.01,0.9,0.0005,cuda,False,False,2,123,280,0.988427460193634
label_block_random,2,results_v3_lr0p01,results_v3_lr0p01,small_cnn,sgd,10,128,20000,0.01,0.9,0.0005,cuda,False,False,2,124,281,0.9940885305404663
label_block_random,2,results_v3_lr0p01,results_v3_lr0p01,small_cnn,sgd,10,128,20000,0.01,0.9,0.0005,cuda,False,False,2,125,282,0.954946756362915
label_block_random,2,results_v3_lr0p01,results_v3_lr0p01,small_cnn,sgd,10,128,20000,0.01,0.9,0.0005,cuda,False,False,2,126,283,-0.33102330565452576
label_block_random,2,results_v3_lr0p01,results_v3_lr0p01,small_cnn,sgd,10,128,20000,0.01,0.9,0.0005,cuda,False,False,2,127,284,0.23828263580799103
label_block_random,2,results_v3_lr0p01,results_v3_lr0p01,small_cnn,sgd,10,128,20000,0.01,0.9,0.0005,cuda,False,False,2,128,285,0.6780945062637329
label_block_random,2,results_v3_lr0p01,results_v3_lr0p01,small_cnn,sgd,10,128,20000,0.01,0.9,0.0005,cuda,False,False,2,129,286,0.8138715624809265
label_block_random,2,results_v3_lr0p01,results_v3_lr0p01,small_cnn,sgd,10,128,20000,0.01,0.9,0.0005,cuda,False,False,2,130,287,0.947512686252594
label_block_random,2,results_v3_lr0p01,results_v3_lr0p01,small_cnn,sgd,10,128,20000,0.01,0.9,0.0005,cuda,False,False,2,131,288,0.9483502507209778
label_block_random,2,results_v3_lr0p01,results_v3_lr0p01,small_cnn,sgd,10,128,20000,0.01,0.9,0.0005,cuda,False,False,2,132,289,0.9826263189315796
label_block_random,2,results_v3_lr0p01,results_v3_lr0p01,small_cnn,sgd,10,128,20000,0.01,0.9,0.0005,cuda,False,False,2,133,290,0.9464229345321655
label_block_random,2,results_v3_lr0p01,results_v3_lr0p01,small_cnn,sgd,10,128,20000,0.01,0.9,0.0005,cuda,False,False,2,134,291,0.877041220664978
label_block_random,2,results_v3_lr0p01,results_v3_lr0p01,small_cnn,sgd,10,128,20000,0.01,0.9,0.0005,cuda,False,False,2,135,292,0.8972609043121338
label_block_random,2,results_v3_lr0p01,results_v3_lr0p01,small_cnn,sgd,10,128,20000,0.01,0.9,0.0005,cuda,False,False,2,136,293,0.5028849840164185
label_block_random,2,results_v3_lr0p01,results_v3_lr0p01,small_cnn,sgd,10,128,20000,0.01,0.9,0.0005,cuda,False,False,2,137,294,0.13200059533119202
label_block_random,2,results_v3_lr0p01,results_v3_lr0p01,small_cnn,sgd,10,128,20000,0.01,0.9,0.0005,cuda,False,False,2,138,295,0.6474182605743408
label_block_random,2,results_v3_lr0p01,results_v3_lr0p01,small_cnn,sgd,10,128,20000,0.01,0.9,0.0005,cuda,False,False,2,139,296,0.9003911018371582
label_block_random,2,results_v3_lr0p01,results_v3_lr0p01,small_cnn,sgd,10,128,20000,0.01,0.9,0.0005,cuda,False,False,2,140,297,0.9010255336761475
label_block_random,2,results_v3_lr0p01,results_v3_lr0p01,small_cnn,sgd,10,128,20000,0.01,0.9,0.0005,cuda,False,False,2,141,298,-0.30082967877388
label_block_random,2,results_v3_lr0p01,results_v3_lr0p01,small_cnn,sgd,10,128,20000,0.01,0.9,0.0005,cuda,False,False,2,142,299,0.3608552813529968
label_block_random,2,results_v3_lr0p01,results_v3_lr0p01,small_cnn,sgd,10,128,20000,0.01,0.9,0.0005,cuda,False,False,2,143,300,0.8445149064064026
label_block_random,2,results_v3_lr0p01,results_v3_lr0p01,small_cnn,sgd,10,128,20000,0.01,0.9,0.0005,cuda,False,False,2,144,301,0.8762657642364502
label_block_random,2,results_v3_lr0p01,results_v3_lr0p01,small_cnn,sgd,10,128,20000,0.01,0.9,0.0005,cuda,False,False,2,145,302,0.9659340381622314
label_block_random,2,results_v3_lr0p01,results_v3_lr0p01,small_cnn,sgd,10,128,20000,0.01,0.9,0.0005,cuda,False,False,2,146,303,0.9340411424636841
label_block_random,2,results_v3_lr0p01,results_v3_lr0p01,small_cnn,sgd,10,128,20000,0.01,0.9,0.0005,cuda,False,False,2,147,304,0.8966048955917358
label_block_random,2,results_v3_lr0p01,results_v3_lr0p01,small_cnn,sgd,10,128,20000,0.01,0.9,0.0005,cuda,False,False,2,148,305,0.9692677855491638
label_block_random,2,results_v3_lr0p01,results_v3_lr0p01,small_cnn,sgd,10,128,20000,0.01,0.9,0.0005,cuda,False,False,2,149,306,0.9169682264328003
label_block_random,2,results_v3_lr0p01,results_v3_lr0p01,small_cnn,sgd,10,128,20000,0.01,0.9,0.0005,cuda,False,False,2,150,307,0.9353241920471191
label_block_random,2,results_v3_lr0p01,results_v3_lr0p01,small_cnn,sgd,10,128,20000,0.01,0.9,0.0005,cuda,False,False,2,151,308,0.9375410079956055
label_block_random,2,results_v3_lr0p01,results_v3_lr0p01,small_cnn,sgd,10,128,20000,0.01,0.9,0.0005,cuda,False,False,2,152,309,0.9087120294570923
label_block_random,2,results_v3_lr0p01,results_v3_lr0p01,small_cnn,sgd,10,128,20000,0.01,0.9,0.0005,cuda,False,False,2,153,310,0.6676037907600403
label_block_random,2,results_v3_lr0p01,results_v3_lr0p01,small_cnn,sgd,10,128,20000,0.01,0.9,0.0005,cuda,False,False,2,154,311,0.8554888963699341
label_block_random,2,results_v3_lr0p01,results_v3_lr0p01,small_cnn,sgd,10,128,20000,0.01,0.9,0.0005,cuda,False,False,2,155,312,0.9408583641052246
label_block_random,2,results_v3_lr0p01,results_v3_lr0p01,small_cnn,sgd,10,128,20000,0.01,0.9,0.0005,cuda,False,False,2,156,313,0.9836722612380981
label_block_random,2,results_v3_lr0p01,results_v3_lr0p01,small_cnn,sgd,10,128,20000,0.01,0.9,0.0005,cuda,False,False,2,157,314,0.7064217925071716
label_block_random,2,results_v3_lr0p01,results_v3_lr0p01,small_cnn,sgd,10,128,20000,0.01,0.9,0.0005,cuda,False,False,3,1,315,-0.5947372913360596
label_block_random,2,results_v3_lr0p01,results_v3_lr0p01,small_cnn,sgd,10,128,20000,0.01,0.9,0.0005,cuda,False,False,3,2,316,-0.0003629094280768186
label_block_random,2,results_v3_lr0p01,results_v3_lr0p01,small_cnn,sgd,10,128,20000,0.01,0.9,0.0005,cuda,False,False,3,3,317,0.8342585563659668
label_block_random,2,results_v3_lr0p01,results_v3_lr0p01,small_cnn,sgd,10,128,20000,0.01,0.9,0.0005,cuda,False,False,3,4,318,0.7704386115074158
label_block_random,2,results_v3_lr0p01,results_v3_lr0p01,small_cnn,sgd,10,128,20000,0.01,0.9,0.0005,cuda,False,False,3,5,319,0.21578571200370789
label_block_random,2,results_v3_lr0p01,results_v3_lr0p01,small_cnn,sgd,10,128,20000,0.01,0.9,0.0005,cuda,False,False,3,6,320,-0.2373943328857422
label_block_random,2,results_v3_lr0p01,results_v3_lr0p01,small_cnn,sgd,10,128,20000,0.01,0.9,0.0005,cuda,False,False,3,7,321,0.8721460103988647
label_block_random,2,results_v3_lr0p01,results_v3_lr0p01,small_cnn,sgd,10,128,20000,0.01,0.9,0.0005,cuda,False,False,3,8,322,0.6473400592803955
label_block_random,2,results_v3_lr0p01,results_v3_lr0p01,small_cnn,sgd,10,128,20000,0.01,0.9,0.0005,cuda,False,False,3,9,323,0.9342257976531982
label_block_random,2,results_v3_lr0p01,results_v3_lr0p01,small_cnn,sgd,10,128,20000,0.01,0.9,0.0005,cuda,False,False,3,10,324,0.02150145173072815
label_block_random,2,results_v3_lr0p01,results_v3_lr0p01,small_cnn,sgd,10,128,20000,0.01,0.9,0.0005,cuda,False,False,3,11,325,9.424402378499508e-07
label_block_random,2,results_v3_lr0p01,results_v3_lr0p01,small_cnn,sgd,10,128,20000,0.01,0.9,0.0005,cuda,False,False,3,12,326,1.5174814949231485e-16
label_block_random,2,results_v3_lr0p01,results_v3_lr0p01,small_cnn,sgd,10,128,20000,0.01,0.9,0.0005,cuda,False,False,3,13,327,
label_block_random,2,results_v3_lr0p01,results_v3_lr0p01,small_cnn,sgd,10,128,20000,0.01,0.9,0.0005,cuda,False,False,3,14,328,
label_block_random,2,results_v3_lr0p01,results_v3_lr0p01,small_cnn,sgd,10,128,20000,0.01,0.9,0.0005,cuda,False,False,3,15,329,
label_block_random,2,results_v3_lr0p01,results_v3_lr0p01,small_cnn,sgd,10,128,20000,0.01,0.9,0.0005,cuda,False,False,3,16,330,
label_block_random,2,results_v3_lr0p01,results_v3_lr0p01,small_cnn,sgd,10,128,20000,0.01,0.9,0.0005,cuda,False,False,3,17,331,-0.03854167461395264
label_block_random,2,results_v3_lr0p01,results_v3_lr0p01,small_cnn,sgd,10,128,20000,0.01,0.9,0.0005,cuda,False,False,3,18,332,-0.6310960650444031
label_block_random,2,results_v3_lr0p01,results_v3_lr0p01,small_cnn,sgd,10,128,20000,0.01,0.9,0.0005,cuda,False,False,3,19,333,-0.05901551619172096
label_block_random,2,results_v3_lr0p01,results_v3_lr0p01,small_cnn,sgd,10,128,20000,0.01,0.9,0.0005,cuda,False,False,3,20,334,0.8321232795715332
label_block_random,2,results_v3_lr0p01,results_v3_lr0p01,small_cnn,sgd,10,128,20000,0.01,0.9,0.0005,cuda,False,False,3,21,335,0.2790657877922058
label_block_random,2,results_v3_lr0p01,results_v3_lr0p01,small_cnn,sgd,10,128,20000,0.01,0.9,0.0005,cuda,False,False,3,22,336,0.24800123274326324
label_block_random,2,results_v3_lr0p01,results_v3_lr0p01,small_cnn,sgd,10,128,20000,0.01,0.9,0.0005,cuda,False,False,3,23,337,0.4462358355522156
label_block_random,2,results_v3_lr0p01,results_v3_lr0p01,small_cnn,sgd,10,128,20000,0.01,0.9,0.0005,cuda,False,False,3,24,338,0.012865847907960415
label_block_random,2,results_v3_lr0p01,results_v3_lr0p01,small_cnn,sgd,10,128,20000,0.01,0.9,0.0005,cuda,False,False,3,25,339,
label_block_random,2,results_v3_lr0p01,results_v3_lr0p01,small_cnn,sgd,10,128,20000,0.01,0.9,0.0005,cuda,False,False,3,26,340,
label_block_random,2,results_v3_lr0p01,results_v3_lr0p01,small_cnn,sgd,10,128,20000,0.01,0.9,0.0005,cuda,False,False,3,27,341,
label_block_random,2,results_v3_lr0p01,results_v3_lr0p01,small_cnn,sgd,10,128,20000,0.01,0.9,0.0005,cuda,False,False,3,28,342,
label_block_random,2,results_v3_lr0p01,results_v3_lr0p01,small_cnn,sgd,10,128,20000,0.01,0.9,0.0005,cuda,False,False,3,29,343,
label_block_random,2,results_v3_lr0p01,results_v3_lr0p01,small_cnn,sgd,10,128,20000,0.01,0.9,0.0005,cuda,False,False,3,30,344,
label_block_random,2,results_v3_lr0p01,results_v3_lr0p01,small_cnn,sgd,10,128,20000,0.01,0.9,0.0005,cuda,False,False,3,31,345,
label_block_random,2,results_v3_lr0p01,results_v3_lr0p01,small_cnn,sgd,10,128,20000,0.01,0.9,0.0005,cuda,False,False,3,32,346,
label_block_random,2,results_v3_lr0p01,results_v3_lr0p01,small_cnn,sgd,10,128,20000,0.01,0.9,0.0005,cuda,False,False,3,33,347,-0.017028173431754112
label_block_random,2,results_v3_lr0p01,results_v3_lr0p01,small_cnn,sgd,10,128,20000,0.01,0.9,0.0005,cuda,False,False,3,34,348,0.8941343426704407
label_block_random,2,results_v3_lr0p01,results_v3_lr0p01,small_cnn,sgd,10,128,20000,0.01,0.9,0.0005,cuda,False,False,3,35,349,0.9641618132591248
label_block_random,2,results_v3_lr0p01,results_v3_lr0p01,small_cnn,sgd,10,128,20000,0.01,0.9,0.0005,cuda,False,False,3,36,350,0.9824889302253723
label_block_random,2,results_v3_lr0p01,results_v3_lr0p01,small_cnn,sgd,10,128,20000,0.01,0.9,0.0005,cuda,False,False,3,37,351,0.9806954264640808
label_block_random,2,results_v3_lr0p01,results_v3_lr0p01,small_cnn,sgd,10,128,20000,0.01,0.9,0.0005,cuda,False,False,3,38,352,0.8162102699279785
label_block_random,2,results_v3_lr0p01,results_v3_lr0p01,small_cnn,sgd,10,128,20000,0.01,0.9,0.0005,cuda,False,False,3,39,353,0.8096470832824707
label_block_random,2,results_v3_lr0p01,results_v3_lr0p01,small_cnn,sgd,10,128,20000,0.01,0.9,0.0005,cuda,False,False,3,40,354,0.9598582983016968
label_block_random,2,results_v3_lr0p01,results_v3_lr0p01,small_cnn,sgd,10,128,20000,0.01,0.9,0.0005,cuda,False,False,3,41,355,0.9553070068359375
label_block_random,2,results_v3_lr0p01,results_v3_lr0p01,small_cnn,sgd,10,128,20000,0.01,0.9,0.0005,cuda,False,False,3,42,356,0.972619891166687
label_block_random,2,results_v3_lr0p01,results_v3_lr0p01,small_cnn,sgd,10,128,20000,0.01,0.9,0.0005,cuda,False,False,3,43,357,0.9833341836929321
label_block_random,2,results_v3_lr0p01,results_v3_lr0p01,small_cnn,sgd,10,128,20000,0.01,0.9,0.0005,cuda,False,False,3,44,358,0.9841701984405518
label_block_random,2,results_v3_lr0p01,results_v3_lr0p01,small_cnn,sgd,10,128,20000,0.01,0.9,0.0005,cuda,False,False,3,45,359,0.9981470108032227
label_block_random,2,results_v3_lr0p01,results_v3_lr0p01,small_cnn,sgd,10,128,20000,0.01,0.9,0.0005,cuda,False,False,3,46,360,0.9987337589263916
label_block_random,2,results_v3_lr0p01,results_v3_lr0p01,small_cnn,sgd,10,128,20000,0.01,0.9,0.0005,cuda,False,False,3,47,361,-0.9683045148849487
label_block_random,2,results_v3_lr0p01,results_v3_lr0p01,small_cnn,sgd,10,128,20000,0.01,0.9,0.0005,cuda,False,False,3,48,362,0.9918638467788696
label_block_random,2,results_v3_lr0p01,results_v3_lr0p01,small_cnn,sgd,10,128,20000,0.01,0.9,0.0005,cuda,False,False,3,49,363,0.0030817240476608276
label_block_random,2,results_v3_lr0p01,results_v3_lr0p01,small_cnn,sgd,10,128,20000,0.01,0.9,0.0005,cuda,False,False,3,50,364,0.8237171173095703
label_block_random,2,results_v3_lr0p01,results_v3_lr0p01,small_cnn,sgd,10,128,20000,0.01,0.9,0.0005,cuda,False,False,3,51,365,0.7406489253044128
label_block_random,2,results_v3_lr0p01,results_v3_lr0p01,small_cnn,sgd,10,128,20000,0.01,0.9,0.0005,cuda,False,False,3,52,366,0.17437560856342316
label_block_random,2,results_v3_lr0p01,results_v3_lr0p01,small_cnn,sgd,10,128,20000,0.01,0.9,0.0005,cuda,False,False,3,53,367,0.8812341094017029
label_block_random,2,results_v3_lr0p01,results_v3_lr0p01,small_cnn,sgd,10,128,20000,0.01,0.9,0.0005,cuda,False,False,3,54,368,0.7237731218338013
label_block_random,2,results_v3_lr0p01,results_v3_lr0p01,small_cnn,sgd,10,128,20000,0.01,0.9,0.0005,cuda,False,False,3,55,369,0.853981614112854
label_block_random,2,results_v3_lr0p01,results_v3_lr0p01,small_cnn,sgd,10,128,20000,0.01,0.9,0.0005,cuda,False,False,3,56,370,0.9666171073913574
label_block_random,2,results_v3_lr0p01,results_v3_lr0p01,small_cnn,sgd,10,128,20000,0.01,0.9,0.0005,cuda,False,False,3,57,371,0.9868592023849487
label_block_random,2,results_v3_lr0p01,results_v3_lr0p01,small_cnn,sgd,10,128,20000,0.01,0.9,0.0005,cuda,False,False,3,58,372,0.9883620142936707
label_block_random,2,results_v3_lr0p01,results_v3_lr0p01,small_cnn,sgd,10,128,20000,0.01,0.9,0.0005,cuda,False,False,3,59,373,0.8534207344055176
label_block_random,2,results_v3_lr0p01,results_v3_lr0p01,small_cnn,sgd,10,128,20000,0.01,0.9,0.0005,cuda,False,False,3,60,374,0.07286252081394196
label_block_random,2,results_v3_lr0p01,results_v3_lr0p01,small_cnn,sgd,10,128,20000,0.01,0.9,0.0005,cuda,False,False,3,61,375,0.00590194808319211
label_block_random,2,results_v3_lr0p01,results_v3_lr0p01,small_cnn,sgd,10,128,20000,0.01,0.9,0.0005,cuda,False,False,3,62,376,6.046615453669801e-06
label_block_random,2,results_v3_lr0p01,results_v3_lr0p01,small_cnn,sgd,10,128,20000,0.01,0.9,0.0005,cuda,False,False,3,63,377,4.240281123202294e-05
label_block_random,2,results_v3_lr0p01,results_v3_lr0p01,small_cnn,sgd,10,128,20000,0.01,0.9,0.0005,cuda,False,False,3,64,378,0.37259843945503235
label_block_random,2,results_v3_lr0p01,results_v3_lr0p01,small_cnn,sgd,10,128,20000,0.01,0.9,0.0005,cuda,False,False,3,65,379,0.16529102623462677
label_block_random,2,results_v3_lr0p01,results_v3_lr0p01,small_cnn,sgd,10,128,20000,0.01,0.9,0.0005,cuda,False,False,3,66,380,0.8052334189414978
label_block_random,2,results_v3_lr0p01,results_v3_lr0p01,small_cnn,sgd,10,128,20000,0.01,0.9,0.0005,cuda,False,False,3,67,381,0.8528105616569519
label_block_random,2,results_v3_lr0p01,results_v3_lr0p01,small_cnn,sgd,10,128,20000,0.01,0.9,0.0005,cuda,False,False,3,68,382,0.32020455598831177
label_block_random,2,results_v3_lr0p01,results_v3_lr0p01,small_cnn,sgd,10,128,20000,0.01,0.9,0.0005,cuda,False,False,3,69,383,0.8659914135932922
label_block_random,2,results_v3_lr0p01,results_v3_lr0p01,small_cnn,sgd,10,128,20000,0.01,0.9,0.0005,cuda,False,False,3,70,384,0.7811739444732666
label_block_random,2,results_v3_lr0p01,results_v3_lr0p01,small_cnn,sgd,10,128,20000,0.01,0.9,0.0005,cuda,False,False,3,71,385,0.8444151878356934
label_block_random,2,results_v3_lr0p01,results_v3_lr0p01,small_cnn,sgd,10,128,20000,0.01,0.9,0.0005,cuda,False,False,3,72,386,0.7170239090919495
label_block_random,2,results_v3_lr0p01,results_v3_lr0p01,small_cnn,sgd,10,128,20000,0.01,0.9,0.0005,cuda,False,False,3,73,387,0.4454472064971924
label_block_random,2,results_v3_lr0p01,results_v3_lr0p01,small_cnn,sgd,10,128,20000,0.01,0.9,0.0005,cuda,False,False,3,74,388,0.8121559023857117
label_block_random,2,results_v3_lr0p01,results_v3_lr0p01,small_cnn,sgd,10,128,20000,0.01,0.9,0.0005,cuda,False,False,3,75,389,0.24937278032302856
label_block_random,2,results_v3_lr0p01,results_v3_lr0p01,small_cnn,sgd,10,128,20000,0.01,0.9,0.0005,cuda,False,False,3,76,390,0.6218186020851135
label_block_random,2,results_v3_lr0p01,results_v3_lr0p01,small_cnn,sgd,10,128,20000,0.01,0.9,0.0005,cuda,False,False,3,77,391,7.178971861421246e-10
label_block_random,2,results_v3_lr0p01,results_v3_lr0p01,small_cnn,sgd,10,128,20000,0.01,0.9,0.0005,cuda,False,False,3,78,392,6.147758968566563e-10
label_block_random,2,results_v3_lr0p01,results_v3_lr0p01,small_cnn,sgd,10,128,20000,0.01,0.9,0.0005,cuda,False,False,3,79,393,-0.6052411198616028
label_block_random,2,results_v3_lr0p01,results_v3_lr0p01,small_cnn,sgd,10,128,20000,0.01,0.9,0.0005,cuda,False,False,3,80,394,
label_block_random,2,results_v3_lr0p01,results_v3_lr0p01,small_cnn,sgd,10,128,20000,0.01,0.9,0.0005,cuda,False,False,3,81,395,
label_block_random,2,results_v3_lr0p01,results_v3_lr0p01,small_cnn,sgd,10,128,20000,0.01,0.9,0.0005,cuda,False,False,3,82,396,
label_block_random,2,results_v3_lr0p01,results_v3_lr0p01,small_cnn,sgd,10,128,20000,0.01,0.9,0.0005,cuda,False,False,3,83,397,
label_block_random,2,results_v3_lr0p01,results_v3_lr0p01,small_cnn,sgd,10,128,20000,0.01,0.9,0.0005,cuda,False,False,3,84,398,
label_block_random,2,results_v3_lr0p01,results_v3_lr0p01,small_cnn,sgd,10,128,20000,0.01,0.9,0.0005,cuda,False,False,3,85,399,
label_block_random,2,results_v3_lr0p01,results_v3_lr0p01,small_cnn,sgd,10,128,20000,0.01,0.9,0.0005,cuda,False,False,3,86,400,3.828763084356979e-09
label_block_random,2,results_v3_lr0p01,results_v3_lr0p01,small_cnn,sgd,10,128,20000,0.01,0.9,0.0005,cuda,False,False,3,87,401,4.628736860468052e-06
label_block_random,2,results_v3_lr0p01,results_v3_lr0p01,small_cnn,sgd,10,128,20000,0.01,0.9,0.0005,cuda,False,False,3,88,402,5.200009756123336e-09
label_block_random,2,results_v3_lr0p01,results_v3_lr0p01,small_cnn,sgd,10,128,20000,0.01,0.9,0.0005,cuda,False,False,3,89,403,7.410219564055371e-16
label_block_random,2,results_v3_lr0p01,results_v3_lr0p01,small_cnn,sgd,10,128,20000,0.01,0.9,0.0005,cuda,False,False,3,90,404,7.543741158003506e-14
label_block_random,2,results_v3_lr0p01,results_v3_lr0p01,small_cnn,sgd,10,128,20000,0.01,0.9,0.0005,cuda,False,False,3,91,405,5.527826026779925e-12
label_block_random,2,results_v3_lr0p01,results_v3_lr0p01,small_cnn,sgd,10,128,20000,0.01,0.9,0.0005,cuda,False,False,3,92,406,5.27266896593534e-14
label_block_random,2,results_v3_lr0p01,results_v3_lr0p01,small_cnn,sgd,10,128,20000,0.01,0.9,0.0005,cuda,False,False,3,93,407,3.8026130680751083e-16
label_block_random,2,results_v3_lr0p01,results_v3_lr0p01,small_cnn,sgd,10,128,20000,0.01,0.9,0.0005,cuda,False,False,3,94,408,3.653262692360215e-10
label_block_random,2,results_v3_lr0p01,results_v3_lr0p01,small_cnn,sgd,10,128,20000,0.01,0.9,0.0005,cuda,False,False,3,95,409,0.9667134881019592
label_block_random,2,results_v3_lr0p01,results_v3_lr0p01,small_cnn,sgd,10,128,20000,0.01,0.9,0.0005,cuda,False,False,3,96,410,-0.3253968358039856
label_block_random,2,results_v3_lr0p01,results_v3_lr0p01,small_cnn,sgd,10,128,20000,0.01,0.9,0.0005,cuda,False,False,3,97,411,0.5360700488090515
label_block_random,2,results_v3_lr0p01,results_v3_lr0p01,small_cnn,sgd,10,128,20000,0.01,0.9,0.0005,cuda,False,False,3,98,412,0.8261836767196655
label_block_random,2,results_v3_lr0p01,results_v3_lr0p01,small_cnn,sgd,10,128,20000,0.01,0.9,0.0005,cuda,False,False,3,99,413,0.8689740896224976
label_block_random,2,results_v3_lr0p01,results_v3_lr0p01,small_cnn,sgd,10,128,20000,0.01,0.9,0.0005,cuda,False,False,3,100,414,0.35208553075790405
label_block_random,2,results_v3_lr0p01,results_v3_lr0p01,small_cnn,sgd,10,128,20000,0.01,0.9,0.0005,cuda,False,False,3,101,415,-5.579628486884758e-05
label_block_random,2,results_v3_lr0p01,results_v3_lr0p01,small_cnn,sgd,10,128,20000,0.01,0.9,0.0005,cuda,False,False,3,102,416,3.231863956898451e-05
label_block_random,2,results_v3_lr0p01,results_v3_lr0p01,small_cnn,sgd,10,128,20000,0.01,0.9,0.0005,cuda,False,False,3,103,417,1.2551342682743695e-15
label_block_random,2,results_v3_lr0p01,results_v3_lr0p01,small_cnn,sgd,10,128,20000,0.01,0.9,0.0005,cuda,False,False,3,104,418,
label_block_random,2,results_v3_lr0p01,results_v3_lr0p01,small_cnn,sgd,10,128,20000,0.01,0.9,0.0005,cuda,False,False,3,105,419,
label_block_random,2,results_v3_lr0p01,results_v3_lr0p01,small_cnn,sgd,10,128,20000,0.01,0.9,0.0005,cuda,False,False,3,106,420,
label_block_random,2,results_v3_lr0p01,results_v3_lr0p01,small_cnn,sgd,10,128,20000,0.01,0.9,0.0005,cuda,False,False,3,107,421,
label_block_random,2,results_v3_lr0p01,results_v3_lr0p01,small_cnn,sgd,10,128,20000,0.01,0.9,0.0005,cuda,False,False,3,108,422,
label_block_random,2,results_v3_lr0p01,results_v3_lr0p01,small_cnn,sgd,10,128,20000,0.01,0.9,0.0005,cuda,False,False,3,109,423,
label_block_random,2,results_v3_lr0p01,results_v3_lr0p01,small_cnn,sgd,10,128,20000,0.01,0.9,0.0005,cuda,False,False,3,110,424,
label_block_random,2,results_v3_lr0p01,results_v3_lr0p01,small_cnn,sgd,10,128,20000,0.01,0.9,0.0005,cuda,False,False,3,111,425,0.00014349342382047325
label_block_random,2,results_v3_lr0p01,results_v3_lr0p01,small_cnn,sgd,10,128,20000,0.01,0.9,0.0005,cuda,False,False,3,112,426,0.980857789516449
label_block_random,2,results_v3_lr0p01,results_v3_lr0p01,small_cnn,sgd,10,128,20000,0.01,0.9,0.0005,cuda,False,False,3,113,427,0.8301840424537659
label_block_random,2,results_v3_lr0p01,results_v3_lr0p01,small_cnn,sgd,10,128,20000,0.01,0.9,0.0005,cuda,False,False,3,114,428,0.9356812238693237
label_block_random,2,results_v3_lr0p01,results_v3_lr0p01,small_cnn,sgd,10,128,20000,0.01,0.9,0.0005,cuda,False,False,3,115,429,0.9750921726226807
label_block_random,2,results_v3_lr0p01,results_v3_lr0p01,small_cnn,sgd,10,128,20000,0.01,0.9,0.0005,cuda,False,False,3,116,430,0.7795778512954712
label_block_random,2,results_v3_lr0p01,results_v3_lr0p01,small_cnn,sgd,10,128,20000,0.01,0.9,0.0005,cuda,False,False,3,117,431,0.9068943858146667
label_block_random,2,results_v3_lr0p01,results_v3_lr0p01,small_cnn,sgd,10,128,20000,0.01,0.9,0.0005,cuda,False,False,3,118,432,0.31936171650886536
label_block_random,2,results_v3_lr0p01,results_v3_lr0p01,small_cnn,sgd,10,128,20000,0.01,0.9,0.0005,cuda,False,False,3,119,433,0.6473126411437988
label_block_random,2,results_v3_lr0p01,results_v3_lr0p01,small_cnn,sgd,10,128,20000,0.01,0.9,0.0005,cuda,False,False,3,120,434,0.22145555913448334
label_block_random,2,results_v3_lr0p01,results_v3_lr0p01,small_cnn,sgd,10,128,20000,0.01,0.9,0.0005,cuda,False,False,3,121,435,0.507091760635376
label_block_random,2,results_v3_lr0p01,results_v3_lr0p01,small_cnn,sgd,10,128,20000,0.01,0.9,0.0005,cuda,False,False,3,122,436,0.6043222546577454
label_block_random,2,results_v3_lr0p01,results_v3_lr0p01,small_cnn,sgd,10,128,20000,0.01,0.9,0.0005,cuda,False,False,3,123,437,0.007954474538564682
label_block_random,2,results_v3_lr0p01,results_v3_lr0p01,small_cnn,sgd,10,128,20000,0.01,0.9,0.0005,cuda,False,False,3,124,438,2.5861082372791167e-11
label_block_random,2,results_v3_lr0p01,results_v3_lr0p01,small_cnn,sgd,10,128,20000,0.01,0.9,0.0005,cuda,False,False,3,125,439,3.549768812227683e-11
label_block_random,2,results_v3_lr0p01,results_v3_lr0p01,small_cnn,sgd,10,128,20000,0.01,0.9,0.0005,cuda,False,False,3,126,440,-0.2550584375858307
label_block_random,2,results_v3_lr0p01,results_v3_lr0p01,small_cnn,sgd,10,128,20000,0.01,0.9,0.0005,cuda,False,False,3,127,441,0.002642381936311722
label_block_random,2,results_v3_lr0p01,results_v3_lr0p01,small_cnn,sgd,10,128,20000,0.01,0.9,0.0005,cuda,False,False,3,128,442,0.87852942943573
label_block_random,2,results_v3_lr0p01,results_v3_lr0p01,small_cnn,sgd,10,128,20000,0.01,0.9,0.0005,cuda,False,False,3,129,443,0.8783024549484253
label_block_random,2,results_v3_lr0p01,results_v3_lr0p01,small_cnn,sgd,10,128,20000,0.01,0.9,0.0005,cuda,False,False,3,130,444,0.8141703605651855
label_block_random,2,results_v3_lr0p01,results_v3_lr0p01,small_cnn,sgd,10,128,20000,0.01,0.9,0.0005,cuda,False,False,3,131,445,0.7410471439361572
label_block_random,2,results_v3_lr0p01,results_v3_lr0p01,small_cnn,sgd,10,128,20000,0.01,0.9,0.0005,cuda,False,False,3,132,446,0.6461710333824158
label_block_random,2,results_v3_lr0p01,results_v3_lr0p01,small_cnn,sgd,10,128,20000,0.01,0.9,0.0005,cuda,False,False,3,133,447,0.9588398933410645
label_block_random,2,results_v3_lr0p01,results_v3_lr0p01,small_cnn,sgd,10,128,20000,0.01,0.9,0.0005,cuda,False,False,3,134,448,0.8564296364784241
label_block_random,2,results_v3_lr0p01,results_v3_lr0p01,small_cnn,sgd,10,128,20000,0.01,0.9,0.0005,cuda,False,False,3,135,449,0.7687637209892273
label_block_random,2,results_v3_lr0p01,results_v3_lr0p01,small_cnn,sgd,10,128,20000,0.01,0.9,0.0005,cuda,False,False,3,136,450,0.951574444770813
label_block_random,2,results_v3_lr0p01,results_v3_lr0p01,small_cnn,sgd,10,128,20000,0.01,0.9,0.0005,cuda,False,False,3,137,451,0.6363827586174011
label_block_random,2,results_v3_lr0p01,results_v3_lr0p01,small_cnn,sgd,10,128,20000,0.01,0.9,0.0005,cuda,False,False,3,138,452,0.2561584711074829
label_block_random,2,results_v3_lr0p01,results_v3_lr0p01,small_cnn,sgd,10,128,20000,0.01,0.9,0.0005,cuda,False,False,3,139,453,0.10862031579017639
label_block_random,2,results_v3_lr0p01,results_v3_lr0p01,small_cnn,sgd,10,128,20000,0.01,0.9,0.0005,cuda,False,False,3,140,454,0.1818857640028
label_block_random,2,results_v3_lr0p01,results_v3_lr0p01,small_cnn,sgd,10,128,20000,0.01,0.9,0.0005,cuda,False,False,3,141,455,-0.4707900583744049
label_block_random,2,results_v3_lr0p01,results_v3_lr0p01,small_cnn,sgd,10,128,20000,0.01,0.9,0.0005,cuda,False,False,3,142,456,0.951646089553833
label_block_random,2,results_v3_lr0p01,results_v3_lr0p01,small_cnn,sgd,10,128,20000,0.01,0.9,0.0005,cuda,False,False,3,143,457,0.02882479876279831
label_block_random,2,results_v3_lr0p01,results_v3_lr0p01,small_cnn,sgd,10,128,20000,0.01,0.9,0.0005,cuda,False,False,3,144,458,0.9762929677963257
label_block_random,2,results_v3_lr0p01,results_v3_lr0p01,small_cnn,sgd,10,128,20000,0.01,0.9,0.0005,cuda,False,False,3,145,459,0.9881547093391418
label_block_random,2,results_v3_lr0p01,results_v3_lr0p01,small_cnn,sgd,10,128,20000,0.01,0.9,0.0005,cuda,False,False,3,146,460,0.9800325036048889
label_block_random,2,results_v3_lr0p01,results_v3_lr0p01,small_cnn,sgd,10,128,20000,0.01,0.9,0.0005,cuda,False,False,3,147,461,0.98738694190979
label_block_random,2,results_v3_lr0p01,results_v3_lr0p01,small_cnn,sgd,10,128,20000,0.01,0.9,0.0005,cuda,False,False,3,148,462,0.9706798195838928
label_block_random,2,results_v3_lr0p01,results_v3_lr0p01,small_cnn,sgd,10,128,20000,0.01,0.9,0.0005,cuda,False,False,3,149,463,0.910150408744812
label_block_random,2,results_v3_lr0p01,results_v3_lr0p01,small_cnn,sgd,10,128,20000,0.01,0.9,0.0005,cuda,False,False,3,150,464,0.9069944620132446
label_block_random,2,results_v3_lr0p01,results_v3_lr0p01,small_cnn,sgd,10,128,20000,0.01,0.9,0.0005,cuda,False,False,3,151,465,0.7740782499313354
label_block_random,2,results_v3_lr0p01,results_v3_lr0p01,small_cnn,sgd,10,128,20000,0.01,0.9,0.0005,cuda,False,False,3,152,466,0.9181895852088928
label_block_random,2,results_v3_lr0p01,results_v3_lr0p01,small_cnn,sgd,10,128,20000,0.01,0.9,0.0005,cuda,False,False,3,153,467,0.9383212327957153
label_block_random,2,results_v3_lr0p01,results_v3_lr0p01,small_cnn,sgd,10,128,20000,0.01,0.9,0.0005,cuda,False,False,3,154,468,0.9038937091827393
label_block_random,2,results_v3_lr0p01,results_v3_lr0p01,small_cnn,sgd,10,128,20000,0.01,0.9,0.0005,cuda,False,False,3,155,469,0.8692647814750671
label_block_random,2,results_v3_lr0p01,results_v3_lr0p01,small_cnn,sgd,10,128,20000,0.01,0.9,0.0005,cuda,False,False,3,156,470,0.7683372497558594
label_block_random,2,results_v3_lr0p01,results_v3_lr0p01,small_cnn,sgd,10,128,20000,0.01,0.9,0.0005,cuda,False,False,3,157,471,0.7173920273780823
label_block_random,2,results_v3_lr0p01,results_v3_lr0p01,small_cnn,sgd,10,128,20000,0.01,0.9,0.0005,cuda,False,False,4,1,472,-0.25414568185806274
label_block_random,2,results_v3_lr0p01,results_v3_lr0p01,small_cnn,sgd,10,128,20000,0.01,0.9,0.0005,cuda,False,False,4,2,473,0.024005260318517685
label_block_random,2,results_v3_lr0p01,results_v3_lr0p01,small_cnn,sgd,10,128,20000,0.01,0.9,0.0005,cuda,False,False,4,3,474,0.7392110824584961
label_block_random,2,results_v3_lr0p01,results_v3_lr0p01,small_cnn,sgd,10,128,20000,0.01,0.9,0.0005,cuda,False,False,4,4,475,0.997965395450592
label_block_random,2,results_v3_lr0p01,results_v3_lr0p01,small_cnn,sgd,10,128,20000,0.01,0.9,0.0005,cuda,False,False,4,5,476,0.9765708446502686
label_block_random,2,results_v3_lr0p01,results_v3_lr0p01,small_cnn,sgd,10,128,20000,0.01,0.9,0.0005,cuda,False,False,4,6,477,0.5203416347503662
label_block_random,2,results_v3_lr0p01,results_v3_lr0p01,small_cnn,sgd,10,128,20000,0.01,0.9,0.0005,cuda,False,False,4,7,478,0.9873590469360352
label_block_random,2,results_v3_lr0p01,results_v3_lr0p01,small_cnn,sgd,10,128,20000,0.01,0.9,0.0005,cuda,False,False,4,8,479,0.9897522926330566
label_block_random,2,results_v3_lr0p01,results_v3_lr0p01,small_cnn,sgd,10,128,20000,0.01,0.9,0.0005,cuda,False,False,4,9,480,0.9906165599822998
label_block_random,2,results_v3_lr0p01,results_v3_lr0p01,small_cnn,sgd,10,128,20000,0.01,0.9,0.0005,cuda,False,False,4,10,481,0.9630151987075806
label_block_random,2,results_v3_lr0p01,results_v3_lr0p01,small_cnn,sgd,10,128,20000,0.01,0.9,0.0005,cuda,False,False,4,11,482,0.973548173904419
label_block_random,2,results_v3_lr0p01,results_v3_lr0p01,small_cnn,sgd,10,128,20000,0.01,0.9,0.0005,cuda,False,False,4,12,483,0.9394609332084656
label_block_random,2,results_v3_lr0p01,results_v3_lr0p01,small_cnn,sgd,10,128,20000,0.01,0.9,0.0005,cuda,False,False,4,13,484,0.9558959007263184
label_block_random,2,results_v3_lr0p01,results_v3_lr0p01,small_cnn,sgd,10,128,20000,0.01,0.9,0.0005,cuda,False,False,4,14,485,0.9673476219177246
label_block_random,2,results_v3_lr0p01,results_v3_lr0p01,small_cnn,sgd,10,128,20000,0.01,0.9,0.0005,cuda,False,False,4,15,486,0.890394926071167
label_block_random,2,results_v3_lr0p01,results_v3_lr0p01,small_cnn,sgd,10,128,20000,0.01,0.9,0.0005,cuda,False,False,4,16,487,-0.6288914680480957
label_block_random,2,results_v3_lr0p01,results_v3_lr0p01,small_cnn,sgd,10,128,20000,0.01,0.9,0.0005,cuda,False,False,4,17,488,0.07568340748548508
label_block_random,2,results_v3_lr0p01,results_v3_lr0p01,small_cnn,sgd,10,128,20000,0.01,0.9,0.0005,cuda,False,False,4,18,489,0.9999473094940186
label_block_random,2,results_v3_lr0p01,results_v3_lr0p01,small_cnn,sgd,10,128,20000,0.01,0.9,0.0005,cuda,False,False,4,19,490,0.9998290538787842
label_block_random,2,results_v3_lr0p01,results_v3_lr0p01,small_cnn,sgd,10,128,20000,0.01,0.9,0.0005,cuda,False,False,4,20,491,0.999591588973999
label_block_random,2,results_v3_lr0p01,results_v3_lr0p01,small_cnn,sgd,10,128,20000,0.01,0.9,0.0005,cuda,False,False,4,21,492,0.9733842015266418
label_block_random,2,results_v3_lr0p01,results_v3_lr0p01,small_cnn,sgd,10,128,20000,0.01,0.9,0.0005,cuda,False,False,4,22,493,0.9989356994628906
label_block_random,2,results_v3_lr0p01,results_v3_lr0p01,small_cnn,sgd,10,128,20000,0.01,0.9,0.0005,cuda,False,False,4,23,494,0.99840247631073
label_block_random,2,results_v3_lr0p01,results_v3_lr0p01,small_cnn,sgd,10,128,20000,0.01,0.9,0.0005,cuda,False,False,4,24,495,0.9971879720687866
label_block_random,2,results_v3_lr0p01,results_v3_lr0p01,small_cnn,sgd,10,128,20000,0.01,0.9,0.0005,cuda,False,False,4,25,496,0.4503215253353119
label_block_random,2,results_v3_lr0p01,results_v3_lr0p01,small_cnn,sgd,10,128,20000,0.01,0.9,0.0005,cuda,False,False,4,26,497,0.7513676285743713
label_block_random,2,results_v3_lr0p01,results_v3_lr0p01,small_cnn,sgd,10,128,20000,0.01,0.9,0.0005,cuda,False,False,4,27,498,0.9206510186195374
label_block_random,2,results_v3_lr0p01,results_v3_lr0p01,small_cnn,sgd,10,128,20000,0.01,0.9,0.0005,cuda,False,False,4,28,499,0.8138676881790161
label_block_random,2,results_v3_lr0p01,results_v3_lr0p01,small_cnn,sgd,10,128,20000,0.01,0.9,0.0005,cuda,False,False,4,29,500,0.9999846816062927
label_block_random,2,results_v3_lr0p01,results_v3_lr0p01,small_cnn,sgd,10,128,20000,0.01,0.9,0.0005,cuda,False,False,4,30,501,0.9999890923500061
label_block_random,2,results_v3_lr0p01,results_v3_lr0p01,small_cnn,sgd,10,128,20000,0.01,0.9,0.0005,cuda,False,False,4,31,502,0.9999920725822449
label_block_random,2,results_v3_lr0p01,results_v3_lr0p01,small_cnn,sgd,10,128,20000,0.01,0.9,0.0005,cuda,False,False,4,32,503,0.03279820829629898
label_block_random,2,results_v3_lr0p01,results_v3_lr0p01,small_cnn,sgd,10,128,20000,0.01,0.9,0.0005,cuda,False,False,4,33,504,0.9601593017578125
label_block_random,2,results_v3_lr0p01,results_v3_lr0p01,small_cnn,sgd,10,128,20000,0.01,0.9,0.0005,cuda,False,False,4,34,505,0.9999215602874756
label_block_random,2,results_v3_lr0p01,results_v3_lr0p01,small_cnn,sgd,10,128,20000,0.01,0.9,0.0005,cuda,False,False,4,35,506,0.9999388456344604
label_block_random,2,results_v3_lr0p01,results_v3_lr0p01,small_cnn,sgd,10,128,20000,0.01,0.9,0.0005,cuda,False,False,4,36,507,0.9999533295631409
label_block_random,2,results_v3_lr0p01,results_v3_lr0p01,small_cnn,sgd,10,128,20000,0.01,0.9,0.0005,cuda,False,False,4,37,508,0.9999651908874512
label_block_random,2,results_v3_lr0p01,results_v3_lr0p01,small_cnn,sgd,10,128,20000,0.01,0.9,0.0005,cuda,False,False,4,38,509,0.9999745488166809
label_block_random,2,results_v3_lr0p01,results_v3_lr0p01,small_cnn,sgd,10,128,20000,0.01,0.9,0.0005,cuda,False,False,4,39,510,0.999981701374054
label_block_random,2,results_v3_lr0p01,results_v3_lr0p01,small_cnn,sgd,10,128,20000,0.01,0.9,0.0005,cuda,False,False,4,40,511,0.9999870657920837
label_block_random,2,results_v3_lr0p01,results_v3_lr0p01,small_cnn,sgd,10,128,20000,0.01,0.9,0.0005,cuda,False,False,4,41,512,0.9999908804893494
label_block_random,2,results_v3_lr0p01,results_v3_lr0p01,small_cnn,sgd,10,128,20000,0.01,0.9,0.0005,cuda,False,False,4,42,513,0.9999931454658508
label_block_random,2,results_v3_lr0p01,results_v3_lr0p01,small_cnn,sgd,10,128,20000,0.01,0.9,0.0005,cuda,False,False,4,43,514,0.9999945759773254
label_block_random,2,results_v3_lr0p01,results_v3_lr0p01,small_cnn,sgd,10,128,20000,0.01,0.9,0.0005,cuda,False,False,4,44,515,0.9999951124191284
label_block_random,2,results_v3_lr0p01,results_v3_lr0p01,small_cnn,sgd,10,128,20000,0.01,0.9,0.0005,cuda,False,False,4,45,516,0.9999949932098389
label_block_random,2,results_v3_lr0p01,results_v3_lr0p01,small_cnn,sgd,10,128,20000,0.01,0.9,0.0005,cuda,False,False,4,46,517,0.9999945759773254
label_block_random,2,results_v3_lr0p01,results_v3_lr0p01,small_cnn,sgd,10,128,20000,0.01,0.9,0.0005,cuda,False,False,4,47,518,0.9882268905639648
label_block_random,2,results_v3_lr0p01,results_v3_lr0p01,small_cnn,sgd,10,128,20000,0.01,0.9,0.0005,cuda,False,False,4,48,519,0.11618871241807938
label_block_random,2,results_v3_lr0p01,results_v3_lr0p01,small_cnn,sgd,10,128,20000,0.01,0.9,0.0005,cuda,False,False,4,49,520,0.9999482035636902
label_block_random,2,results_v3_lr0p01,results_v3_lr0p01,small_cnn,sgd,10,128,20000,0.01,0.9,0.0005,cuda,False,False,4,50,521,0.999950647354126
label_block_random,2,results_v3_lr0p01,results_v3_lr0p01,small_cnn,sgd,10,128,20000,0.01,0.9,0.0005,cuda,False,False,4,51,522,0.9999529123306274
label_block_random,2,results_v3_lr0p01,results_v3_lr0p01,small_cnn,sgd,10,128,20000,0.01,0.9,0.0005,cuda,False,False,4,52,523,0.9999550580978394
label_block_random,2,results_v3_lr0p01,results_v3_lr0p01,small_cnn,sgd,10,128,20000,0.01,0.9,0.0005,cuda,False,False,4,53,524,0.9999570250511169
label_block_random,2,results_v3_lr0p01,results_v3_lr0p01,small_cnn,sgd,10,128,20000,0.01,0.9,0.0005,cuda,False,False,4,54,525,0.9999586939811707
label_block_random,2,results_v3_lr0p01,results_v3_lr0p01,small_cnn,sgd,10,128,20000,0.01,0.9,0.0005,cuda,False,False,4,55,526,0.9999599456787109
label_block_random,2,results_v3_lr0p01,results_v3_lr0p01,small_cnn,sgd,10,128,20000,0.01,0.9,0.0005,cuda,False,False,4,56,527,0.9999608993530273
label_block_random,2,results_v3_lr0p01,results_v3_lr0p01,small_cnn,sgd,10,128,20000,0.01,0.9,0.0005,cuda,False,False,4,57,528,0.9999613761901855
label_block_random,2,results_v3_lr0p01,results_v3_lr0p01,small_cnn,sgd,10,128,20000,0.01,0.9,0.0005,cuda,False,False,4,58,529,0.9999614953994751
label_block_random,2,results_v3_lr0p01,results_v3_lr0p01,small_cnn,sgd,10,128,20000,0.01,0.9,0.0005,cuda,False,False,4,59,530,0.9999610185623169
label_block_random,2,results_v3_lr0p01,results_v3_lr0p01,small_cnn,sgd,10,128,20000,0.01,0.9,0.0005,cuda,False,False,4,60,531,0.9999601244926453
label_block_random,2,results_v3_lr0p01,results_v3_lr0p01,small_cnn,sgd,10,128,20000,0.01,0.9,0.0005,cuda,False,False,4,61,532,0.9999589920043945
label_block_random,2,results_v3_lr0p01,results_v3_lr0p01,small_cnn,sgd,10,128,20000,0.01,0.9,0.0005,cuda,False,False,4,62,533,0.9999568462371826
label_block_random,2,results_v3_lr0p01,results_v3_lr0p01,small_cnn,sgd,10,128,20000,0.01,0.9,0.0005,cuda,False,False,4,63,534,0.6687158942222595
label_block_random,2,results_v3_lr0p01,results_v3_lr0p01,small_cnn,sgd,10,128,20000,0.01,0.9,0.0005,cuda,False,False,4,64,535,0.6943716406822205
label_block_random,2,results_v3_lr0p01,results_v3_lr0p01,small_cnn,sgd,10,128,20000,0.01,0.9,0.0005,cuda,False,False,4,65,536,0.9999287724494934
label_block_random,2,results_v3_lr0p01,results_v3_lr0p01,small_cnn,sgd,10,128,20000,0.01,0.9,0.0005,cuda,False,False,4,66,537,0.99994295835495
label_block_random,2,results_v3_lr0p01,results_v3_lr0p01,small_cnn,sgd,10,128,20000,0.01,0.9,0.0005,cuda,False,False,4,67,538,0.9999520778656006
label_block_random,2,results_v3_lr0p01,results_v3_lr0p01,small_cnn,sgd,10,128,20000,0.01,0.9,0.0005,cuda,False,False,4,68,539,0.9999569654464722
label_block_random,2,results_v3_lr0p01,results_v3_lr0p01,small_cnn,sgd,10,128,20000,0.01,0.9,0.0005,cuda,False,False,4,69,540,0.9999585151672363
label_block_random,2,results_v3_lr0p01,results_v3_lr0p01,small_cnn,sgd,10,128,20000,0.01,0.9,0.0005,cuda,False,False,4,70,541,0.9999574422836304
label_block_random,2,results_v3_lr0p01,results_v3_lr0p01,small_cnn,sgd,10,128,20000,0.01,0.9,0.0005,cuda,False,False,4,71,542,0.9999544620513916
label_block_random,2,results_v3_lr0p01,results_v3_lr0p01,small_cnn,sgd,10,128,20000,0.01,0.9,0.0005,cuda,False,False,4,72,543,0.9999502301216125
label_block_random,2,results_v3_lr0p01,results_v3_lr0p01,small_cnn,sgd,10,128,20000,0.01,0.9,0.0005,cuda,False,False,4,73,544,0.9999454021453857
label_block_random,2,results_v3_lr0p01,results_v3_lr0p01,small_cnn,sgd,10,128,20000,0.01,0.9,0.0005,cuda,False,False,4,74,545,0.9999405145645142
label_block_random,2,results_v3_lr0p01,results_v3_lr0p01,small_cnn,sgd,10,128,20000,0.01,0.9,0.0005,cuda,False,False,4,75,546,0.999935507774353
label_block_random,2,results_v3_lr0p01,results_v3_lr0p01,small_cnn,sgd,10,128,20000,0.01,0.9,0.0005,cuda,False,False,4,76,547,0.9999309182167053
label_block_random,2,results_v3_lr0p01,results_v3_lr0p01,small_cnn,sgd,10,128,20000,0.01,0.9,0.0005,cuda,False,False,4,77,548,0.999927282333374
label_block_random,2,results_v3_lr0p01,results_v3_lr0p01,small_cnn,sgd,10,128,20000,0.01,0.9,0.0005,cuda,False,False,4,78,549,0.9999242424964905
label_block_random,2,results_v3_lr0p01,results_v3_lr0p01,small_cnn,sgd,10,128,20000,0.01,0.9,0.0005,cuda,False,False,4,79,550,-0.01589660719037056
label_block_random,2,results_v3_lr0p01,results_v3_lr0p01,small_cnn,sgd,10,128,20000,0.01,0.9,0.0005,cuda,False,False,4,80,551,0.9976271390914917
label_block_random,2,results_v3_lr0p01,results_v3_lr0p01,small_cnn,sgd,10,128,20000,0.01,0.9,0.0005,cuda,False,False,4,81,552,0.9998716115951538
label_block_random,2,results_v3_lr0p01,results_v3_lr0p01,small_cnn,sgd,10,128,20000,0.01,0.9,0.0005,cuda,False,False,4,82,553,0.9997328519821167
label_block_random,2,results_v3_lr0p01,results_v3_lr0p01,small_cnn,sgd,10,128,20000,0.01,0.9,0.0005,cuda,False,False,4,83,554,0.9995570182800293
label_block_random,2,results_v3_lr0p01,results_v3_lr0p01,small_cnn,sgd,10,128,20000,0.01,0.9,0.0005,cuda,False,False,4,84,555,0.4938070476055145
label_block_random,2,results_v3_lr0p01,results_v3_lr0p01,small_cnn,sgd,10,128,20000,0.01,0.9,0.0005,cuda,False,False,4,85,556,0.9999747276306152
label_block_random,2,results_v3_lr0p01,results_v3_lr0p01,small_cnn,sgd,10,128,20000,0.01,0.9,0.0005,cuda,False,False,4,86,557,0.9999792575836182
label_block_random,2,results_v3_lr0p01,results_v3_lr0p01,small_cnn,sgd,10,128,20000,0.01,0.9,0.0005,cuda,False,False,4,87,558,0.9999831914901733
label_block_random,2,results_v3_lr0p01,results_v3_lr0p01,small_cnn,sgd,10,128,20000,0.01,0.9,0.0005,cuda,False,False,4,88,559,0.9999865889549255
label_block_random,2,results_v3_lr0p01,results_v3_lr0p01,small_cnn,sgd,10,128,20000,0.01,0.9,0.0005,cuda,False,False,4,89,560,0.9999895095825195
label_block_random,2,results_v3_lr0p01,results_v3_lr0p01,small_cnn,sgd,10,128,20000,0.01,0.9,0.0005,cuda,False,False,4,90,561,0.9999918341636658
label_block_random,2,results_v3_lr0p01,results_v3_lr0p01,small_cnn,sgd,10,128,20000,0.01,0.9,0.0005,cuda,False,False,4,91,562,0.9999937415122986
label_block_random,2,results_v3_lr0p01,results_v3_lr0p01,small_cnn,sgd,10,128,20000,0.01,0.9,0.0005,cuda,False,False,4,92,563,0.9999951720237732
label_block_random,2,results_v3_lr0p01,results_v3_lr0p01,small_cnn,sgd,10,128,20000,0.01,0.9,0.0005,cuda,False,False,4,93,564,0.9999964237213135
label_block_random,2,results_v3_lr0p01,results_v3_lr0p01,small_cnn,sgd,10,128,20000,0.01,0.9,0.0005,cuda,False,False,4,94,565,0.9349786043167114
label_block_random,2,results_v3_lr0p01,results_v3_lr0p01,small_cnn,sgd,10,128,20000,0.01,0.9,0.0005,cuda,False,False,4,95,566,0.29657313227653503
label_block_random,2,results_v3_lr0p01,results_v3_lr0p01,small_cnn,sgd,10,128,20000,0.01,0.9,0.0005,cuda,False,False,4,96,567,0.9999508261680603
label_block_random,2,results_v3_lr0p01,results_v3_lr0p01,small_cnn,sgd,10,128,20000,0.01,0.9,0.0005,cuda,False,False,4,97,568,0.9999568462371826
label_block_random,2,results_v3_lr0p01,results_v3_lr0p01,small_cnn,sgd,10,128,20000,0.01,0.9,0.0005,cuda,False,False,4,98,569,0.9999627470970154
label_block_random,2,results_v3_lr0p01,results_v3_lr0p01,small_cnn,sgd,10,128,20000,0.01,0.9,0.0005,cuda,False,False,4,99,570,0.9999683499336243
label_block_random,2,results_v3_lr0p01,results_v3_lr0p01,small_cnn,sgd,10,128,20000,0.01,0.9,0.0005,cuda,False,False,4,100,571,0.9999734163284302
label_block_random,2,results_v3_lr0p01,results_v3_lr0p01,small_cnn,sgd,10,128,20000,0.01,0.9,0.0005,cuda,False,False,4,101,572,0.9999778866767883
label_block_random,2,results_v3_lr0p01,results_v3_lr0p01,small_cnn,sgd,10,128,20000,0.01,0.9,0.0005,cuda,False,False,4,102,573,0.9999820590019226
label_block_random,2,results_v3_lr0p01,results_v3_lr0p01,small_cnn,sgd,10,128,20000,0.01,0.9,0.0005,cuda,False,False,4,103,574,0.9999854564666748
label_block_random,2,results_v3_lr0p01,results_v3_lr0p01,small_cnn,sgd,10,128,20000,0.01,0.9,0.0005,cuda,False,False,4,104,575,0.9999884366989136
label_block_random,2,results_v3_lr0p01,results_v3_lr0p01,small_cnn,sgd,10,128,20000,0.01,0.9,0.0005,cuda,False,False,4,105,576,0.9999908804893494
label_block_random,2,results_v3_lr0p01,results_v3_lr0p01,small_cnn,sgd,10,128,20000,0.01,0.9,0.0005,cuda,False,False,4,106,577,0.9999929070472717
label_block_random,2,results_v3_lr0p01,results_v3_lr0p01,small_cnn,sgd,10,128,20000,0.01,0.9,0.0005,cuda,False,False,4,107,578,0.9999945759773254
label_block_random,2,results_v3_lr0p01,results_v3_lr0p01,small_cnn,sgd,10,128,20000,0.01,0.9,0.0005,cuda,False,False,4,108,579,0.9999958276748657
label_block_random,2,results_v3_lr0p01,results_v3_lr0p01,small_cnn,sgd,10,128,20000,0.01,0.9,0.0005,cuda,False,False,4,109,580,0.9999968409538269
label_block_random,2,results_v3_lr0p01,results_v3_lr0p01,small_cnn,sgd,10,128,20000,0.01,0.9,0.0005,cuda,False,False,4,110,581,0.5079547166824341
label_block_random,2,results_v3_lr0p01,results_v3_lr0p01,small_cnn,sgd,10,128,20000,0.01,0.9,0.0005,cuda,False,False,4,111,582,0.8661314249038696
label_block_random,2,results_v3_lr0p01,results_v3_lr0p01,small_cnn,sgd,10,128,20000,0.01,0.9,0.0005,cuda,False,False,4,112,583,0.9999788403511047
label_block_random,2,results_v3_lr0p01,results_v3_lr0p01,small_cnn,sgd,10,128,20000,0.01,0.9,0.0005,cuda,False,False,4,113,584,0.999980628490448
label_block_random,2,results_v3_lr0p01,results_v3_lr0p01,small_cnn,sgd,10,128,20000,0.01,0.9,0.0005,cuda,False,False,4,114,585,0.9999823570251465
label_block_random,2,results_v3_lr0p01,results_v3_lr0p01,small_cnn,sgd,10,128,20000,0.01,0.9,0.0005,cuda,False,False,4,115,586,0.9999841451644897
label_block_random,2,results_v3_lr0p01,results_v3_lr0p01,small_cnn,sgd,10,128,20000,0.01,0.9,0.0005,cuda,False,False,4,116,587,0.9999858140945435
label_block_random,2,results_v3_lr0p01,results_v3_lr0p01,small_cnn,sgd,10,128,20000,0.01,0.9,0.0005,cuda,False,False,4,117,588,0.9999873042106628
label_block_random,2,results_v3_lr0p01,results_v3_lr0p01,small_cnn,sgd,10,128,20000,0.01,0.9,0.0005,cuda,False,False,4,118,589,0.9999887347221375
label_block_random,2,results_v3_lr0p01,results_v3_lr0p01,small_cnn,sgd,10,128,20000,0.01,0.9,0.0005,cuda,False,False,4,119,590,0.9999902844429016
label_block_random,2,results_v3_lr0p01,results_v3_lr0p01,small_cnn,sgd,10,128,20000,0.01,0.9,0.0005,cuda,False,False,4,120,591,0.9999914765357971
label_block_random,2,results_v3_lr0p01,results_v3_lr0p01,small_cnn,sgd,10,128,20000,0.01,0.9,0.0005,cuda,False,False,4,121,592,0.9999924898147583
label_block_random,2,results_v3_lr0p01,results_v3_lr0p01,small_cnn,sgd,10,128,20000,0.01,0.9,0.0005,cuda,False,False,4,122,593,0.9999935626983643
label_block_random,2,results_v3_lr0p01,results_v3_lr0p01,small_cnn,sgd,10,128,20000,0.01,0.9,0.0005,cuda,False,False,4,123,594,0.9999944567680359
label_block_random,2,results_v3_lr0p01,results_v3_lr0p01,small_cnn,sgd,10,128,20000,0.01,0.9,0.0005,cuda,False,False,4,124,595,0.9999950528144836
label_block_random,2,results_v3_lr0p01,results_v3_lr0p01,small_cnn,sgd,10,128,20000,0.01,0.9,0.0005,cuda,False,False,4,125,596,0.9999956488609314
label_block_random,2,results_v3_lr0p01,results_v3_lr0p01,small_cnn,sgd,10,128,20000,0.01,0.9,0.0005,cuda,False,False,4,126,597,-0.023125581443309784
label_block_random,2,results_v3_lr0p01,results_v3_lr0p01,small_cnn,sgd,10,128,20000,0.01,0.9,0.0005,cuda,False,False,4,127,598,0.9999743700027466
label_block_random,2,results_v3_lr0p01,results_v3_lr0p01,small_cnn,sgd,10,128,20000,0.01,0.9,0.0005,cuda,False,False,4,128,599,0.9999765753746033
label_block_random,2,results_v3_lr0p01,results_v3_lr0p01,small_cnn,sgd,10,128,20000,0.01,0.9,0.0005,cuda,False,False,4,129,600,0.9999788403511047
label_block_random,2,results_v3_lr0p01,results_v3_lr0p01,small_cnn,sgd,10,128,20000,0.01,0.9,0.0005,cuda,False,False,4,130,601,0.9999809265136719
label_block_random,2,results_v3_lr0p01,results_v3_lr0p01,small_cnn,sgd,10,128,20000,0.01,0.9,0.0005,cuda,False,False,4,131,602,0.9999830722808838
label_block_random,2,results_v3_lr0p01,results_v3_lr0p01,small_cnn,sgd,10,128,20000,0.01,0.9,0.0005,cuda,False,False,4,132,603,0.9999851584434509
label_block_random,2,results_v3_lr0p01,results_v3_lr0p01,small_cnn,sgd,10,128,20000,0.01,0.9,0.0005,cuda,False,False,4,133,604,0.9999871850013733
label_block_random,2,results_v3_lr0p01,results_v3_lr0p01,small_cnn,sgd,10,128,20000,0.01,0.9,0.0005,cuda,False,False,4,134,605,0.999988853931427
label_block_random,2,results_v3_lr0p01,results_v3_lr0p01,small_cnn,sgd,10,128,20000,0.01,0.9,0.0005,cuda,False,False,4,135,606,0.9999905228614807
label_block_random,2,results_v3_lr0p01,results_v3_lr0p01,small_cnn,sgd,10,128,20000,0.01,0.9,0.0005,cuda,False,False,4,136,607,0.9999918937683105
label_block_random,2,results_v3_lr0p01,results_v3_lr0p01,small_cnn,sgd,10,128,20000,0.01,0.9,0.0005,cuda,False,False,4,137,608,0.9999930262565613
label_block_random,2,results_v3_lr0p01,results_v3_lr0p01,small_cnn,sgd,10,128,20000,0.01,0.9,0.0005,cuda,False,False,4,138,609,0.999994158744812
label_block_random,2,results_v3_lr0p01,results_v3_lr0p01,small_cnn,sgd,10,128,20000,0.01,0.9,0.0005,cuda,False,False,4,139,610,0.9999951124191284
label_block_random,2,results_v3_lr0p01,results_v3_lr0p01,small_cnn,sgd,10,128,20000,0.01,0.9,0.0005,cuda,False,False,4,140,611,0.9999960660934448
label_block_random,2,results_v3_lr0p01,results_v3_lr0p01,small_cnn,sgd,10,128,20000,0.01,0.9,0.0005,cuda,False,False,4,141,612,0.8294903039932251
label_block_random,2,results_v3_lr0p01,results_v3_lr0p01,small_cnn,sgd,10,128,20000,0.01,0.9,0.0005,cuda,False,False,4,142,613,0.4944303035736084
label_block_random,2,results_v3_lr0p01,results_v3_lr0p01,small_cnn,sgd,10,128,20000,0.01,0.9,0.0005,cuda,False,False,4,143,614,0.9999598860740662
label_block_random,2,results_v3_lr0p01,results_v3_lr0p01,small_cnn,sgd,10,128,20000,0.01,0.9,0.0005,cuda,False,False,4,144,615,0.999964714050293
label_block_random,2,results_v3_lr0p01,results_v3_lr0p01,small_cnn,sgd,10,128,20000,0.01,0.9,0.0005,cuda,False,False,4,145,616,0.999969482421875
label_block_random,2,results_v3_lr0p01,results_v3_lr0p01,small_cnn,sgd,10,128,20000,0.01,0.9,0.0005,cuda,False,False,4,146,617,0.9999738931655884
label_block_random,2,results_v3_lr0p01,results_v3_lr0p01,small_cnn,sgd,10,128,20000,0.01,0.9,0.0005,cuda,False,False,4,147,618,0.9999780654907227
label_block_random,2,results_v3_lr0p01,results_v3_lr0p01,small_cnn,sgd,10,128,20000,0.01,0.9,0.0005,cuda,False,False,4,148,619,0.9999817609786987
label_block_random,2,results_v3_lr0p01,results_v3_lr0p01,small_cnn,sgd,10,128,20000,0.01,0.9,0.0005,cuda,False,False,4,149,620,0.9999850392341614
label_block_random,2,results_v3_lr0p01,results_v3_lr0p01,small_cnn,sgd,10,128,20000,0.01,0.9,0.0005,cuda,False,False,4,150,621,0.9999878406524658
label_block_random,2,results_v3_lr0p01,results_v3_lr0p01,small_cnn,sgd,10,128,20000,0.01,0.9,0.0005,cuda,False,False,4,151,622,0.9999902844429016
label_block_random,2,results_v3_lr0p01,results_v3_lr0p01,small_cnn,sgd,10,128,20000,0.01,0.9,0.0005,cuda,False,False,4,152,623,0.9999924302101135
label_block_random,2,results_v3_lr0p01,results_v3_lr0p01,small_cnn,sgd,10,128,20000,0.01,0.9,0.0005,cuda,False,False,4,153,624,0.9999940395355225
label_block_random,2,results_v3_lr0p01,results_v3_lr0p01,small_cnn,sgd,10,128,20000,0.01,0.9,0.0005,cuda,False,False,4,154,625,0.9999955296516418
label_block_random,2,results_v3_lr0p01,results_v3_lr0p01,small_cnn,sgd,10,128,20000,0.01,0.9,0.0005,cuda,False,False,4,155,626,0.9999967217445374
label_block_random,2,results_v3_lr0p01,results_v3_lr0p01,small_cnn,sgd,10,128,20000,0.01,0.9,0.0005,cuda,False,False,4,156,627,0.9999975562095642
label_block_random,2,results_v3_lr0p01,results_v3_lr0p01,small_cnn,sgd,10,128,20000,0.01,0.9,0.0005,cuda,False,False,4,157,628,0.9999982714653015
label_block_random,2,results_v3_lr0p01,results_v3_lr0p01,small_cnn,sgd,10,128,20000,0.01,0.9,0.0005,cuda,False,False,5,1,629,-0.08890283107757568
label_block_random,2,results_v3_lr0p01,results_v3_lr0p01,small_cnn,sgd,10,128,20000,0.01,0.9,0.0005,cuda,False,False,5,2,630,0.999961793422699
label_block_random,2,results_v3_lr0p01,results_v3_lr0p01,small_cnn,sgd,10,128,20000,0.01,0.9,0.0005,cuda,False,False,5,3,631,0.9999657869338989
label_block_random,2,results_v3_lr0p01,results_v3_lr0p01,small_cnn,sgd,10,128,20000,0.01,0.9,0.0005,cuda,False,False,5,4,632,0.9999698400497437
label_block_random,2,results_v3_lr0p01,results_v3_lr0p01,small_cnn,sgd,10,128,20000,0.01,0.9,0.0005,cuda,False,False,5,5,633,0.999973714351654
label_block_random,2,results_v3_lr0p01,results_v3_lr0p01,small_cnn,sgd,10,128,20000,0.01,0.9,0.0005,cuda,False,False,5,6,634,0.9999774694442749
label_block_random,2,results_v3_lr0p01,results_v3_lr0p01,small_cnn,sgd,10,128,20000,0.01,0.9,0.0005,cuda,False,False,5,7,635,0.9999809265136719
label_block_random,2,results_v3_lr0p01,results_v3_lr0p01,small_cnn,sgd,10,128,20000,0.01,0.9,0.0005,cuda,False,False,5,8,636,0.9999840259552002
label_block_random,2,results_v3_lr0p01,results_v3_lr0p01,small_cnn,sgd,10,128,20000,0.01,0.9,0.0005,cuda,False,False,5,9,637,0.9999868273735046
label_block_random,2,results_v3_lr0p01,results_v3_lr0p01,small_cnn,sgd,10,128,20000,0.01,0.9,0.0005,cuda,False,False,5,10,638,0.9999890327453613
label_block_random,2,results_v3_lr0p01,results_v3_lr0p01,small_cnn,sgd,10,128,20000,0.01,0.9,0.0005,cuda,False,False,5,11,639,0.9999910593032837
label_block_random,2,results_v3_lr0p01,results_v3_lr0p01,small_cnn,sgd,10,128,20000,0.01,0.9,0.0005,cuda,False,False,5,12,640,0.9999927878379822
label_block_random,2,results_v3_lr0p01,results_v3_lr0p01,small_cnn,sgd,10,128,20000,0.01,0.9,0.0005,cuda,False,False,5,13,641,0.9999943375587463
label_block_random,2,results_v3_lr0p01,results_v3_lr0p01,small_cnn,sgd,10,128,20000,0.01,0.9,0.0005,cuda,False,False,5,14,642,0.9999954104423523
label_block_random,2,results_v3_lr0p01,results_v3_lr0p01,small_cnn,sgd,10,128,20000,0.01,0.9,0.0005,cuda,False,False,5,15,643,0.9999964237213135
label_block_random,2,results_v3_lr0p01,results_v3_lr0p01,small_cnn,sgd,10,128,20000,0.01,0.9,0.0005,cuda,False,False,5,16,644,0.8193050622940063
label_block_random,2,results_v3_lr0p01,results_v3_lr0p01,small_cnn,sgd,10,128,20000,0.01,0.9,0.0005,cuda,False,False,5,17,645,0.45761436223983765
label_block_random,2,results_v3_lr0p01,results_v3_lr0p01,small_cnn,sgd,10,128,20000,0.01,0.9,0.0005,cuda,False,False,5,18,646,0.9999499320983887
label_block_random,2,results_v3_lr0p01,results_v3_lr0p01,small_cnn,sgd,10,128,20000,0.01,0.9,0.0005,cuda,False,False,5,19,647,0.9999569654464722
label_block_random,2,results_v3_lr0p01,results_v3_lr0p01,small_cnn,sgd,10,128,20000,0.01,0.9,0.0005,cuda,False,False,5,20,648,0.9999635219573975
label_block_random,2,results_v3_lr0p01,results_v3_lr0p01,small_cnn,sgd,10,128,20000,0.01,0.9,0.0005,cuda,False,False,5,21,649,0.999969482421875
label_block_random,2,results_v3_lr0p01,results_v3_lr0p01,small_cnn,sgd,10,128,20000,0.01,0.9,0.0005,cuda,False,False,5,22,650,0.9999749660491943
label_block_random,2,results_v3_lr0p01,results_v3_lr0p01,small_cnn,sgd,10,128,20000,0.01,0.9,0.0005,cuda,False,False,5,23,651,0.9999796748161316
label_block_random,2,results_v3_lr0p01,results_v3_lr0p01,small_cnn,sgd,10,128,20000,0.01,0.9,0.0005,cuda,False,False,5,24,652,0.9999837279319763
label_block_random,2,results_v3_lr0p01,results_v3_lr0p01,small_cnn,sgd,10,128,20000,0.01,0.9,0.0005,cuda,False,False,5,25,653,0.9999871850013733
label_block_random,2,results_v3_lr0p01,results_v3_lr0p01,small_cnn,sgd,10,128,20000,0.01,0.9,0.0005,cuda,False,False,5,26,654,0.9999901056289673
label_block_random,2,results_v3_lr0p01,results_v3_lr0p01,small_cnn,sgd,10,128,20000,0.01,0.9,0.0005,cuda,False,False,5,27,655,0.9999924302101135
label_block_random,2,results_v3_lr0p01,results_v3_lr0p01,small_cnn,sgd,10,128,20000,0.01,0.9,0.0005,cuda,False,False,5,28,656,0.9999943375587463
label_block_random,2,results_v3_lr0p01,results_v3_lr0p01,small_cnn,sgd,10,128,20000,0.01,0.9,0.0005,cuda,False,False,5,29,657,0.9999958872795105
label_block_random,2,results_v3_lr0p01,results_v3_lr0p01,small_cnn,sgd,10,128,20000,0.01,0.9,0.0005,cuda,False,False,5,30,658,0.9999970197677612
label_block_random,2,results_v3_lr0p01,results_v3_lr0p01,small_cnn,sgd,10,128,20000,0.01,0.9,0.0005,cuda,False,False,5,31,659,0.9999979138374329
label_block_random,2,results_v3_lr0p01,results_v3_lr0p01,small_cnn,sgd,10,128,20000,0.01,0.9,0.0005,cuda,False,False,5,32,660,0.18686819076538086
label_block_random,2,results_v3_lr0p01,results_v3_lr0p01,small_cnn,sgd,10,128,20000,0.01,0.9,0.0005,cuda,False,False,5,33,661,0.9497276544570923
label_block_random,2,results_v3_lr0p01,results_v3_lr0p01,small_cnn,sgd,10,128,20000,0.01,0.9,0.0005,cuda,False,False,5,34,662,0.9999523758888245
label_block_random,2,results_v3_lr0p01,results_v3_lr0p01,small_cnn,sgd,10,128,20000,0.01,0.9,0.0005,cuda,False,False,5,35,663,0.999958872795105
label_block_random,2,results_v3_lr0p01,results_v3_lr0p01,small_cnn,sgd,10,128,20000,0.01,0.9,0.0005,cuda,False,False,5,36,664,0.9999648928642273
label_block_random,2,results_v3_lr0p01,results_v3_lr0p01,small_cnn,sgd,10,128,20000,0.01,0.9,0.0005,cuda,False,False,5,37,665,0.9999704360961914
label_block_random,2,results_v3_lr0p01,results_v3_lr0p01,small_cnn,sgd,10,128,20000,0.01,0.9,0.0005,cuda,False,False,5,38,666,0.9999755024909973
label_block_random,2,results_v3_lr0p01,results_v3_lr0p01,small_cnn,sgd,10,128,20000,0.01,0.9,0.0005,cuda,False,False,5,39,667,0.9999799132347107
label_block_random,2,results_v3_lr0p01,results_v3_lr0p01,small_cnn,sgd,10,128,20000,0.01,0.9,0.0005,cuda,False,False,5,40,668,0.9999837875366211
label_block_random,2,results_v3_lr0p01,results_v3_lr0p01,small_cnn,sgd,10,128,20000,0.01,0.9,0.0005,cuda,False,False,5,41,669,0.9999870657920837
label_block_random,2,results_v3_lr0p01,results_v3_lr0p01,small_cnn,sgd,10,128,20000,0.01,0.9,0.0005,cuda,False,False,5,42,670,0.9999897480010986
label_block_random,2,results_v3_lr0p01,results_v3_lr0p01,small_cnn,sgd,10,128,20000,0.01,0.9,0.0005,cuda,False,False,5,43,671,0.9999919533729553
label_block_random,2,results_v3_lr0p01,results_v3_lr0p01,small_cnn,sgd,10,128,20000,0.01,0.9,0.0005,cuda,False,False,5,44,672,0.9999938011169434
label_block_random,2,results_v3_lr0p01,results_v3_lr0p01,small_cnn,sgd,10,128,20000,0.01,0.9,0.0005,cuda,False,False,5,45,673,0.999995231628418
label_block_random,2,results_v3_lr0p01,results_v3_lr0p01,small_cnn,sgd,10,128,20000,0.01,0.9,0.0005,cuda,False,False,5,46,674,0.9999964237213135
label_block_random,2,results_v3_lr0p01,results_v3_lr0p01,small_cnn,sgd,10,128,20000,0.01,0.9,0.0005,cuda,False,False,5,47,675,0.9872667789459229
label_block_random,2,results_v3_lr0p01,results_v3_lr0p01,small_cnn,sgd,10,128,20000,0.01,0.9,0.0005,cuda,False,False,5,48,676,0.07982845604419708
label_block_random,2,results_v3_lr0p01,results_v3_lr0p01,small_cnn,sgd,10,128,20000,0.01,0.9,0.0005,cuda,False,False,5,49,677,0.9999469518661499
label_block_random,2,results_v3_lr0p01,results_v3_lr0p01,small_cnn,sgd,10,128,20000,0.01,0.9,0.0005,cuda,False,False,5,50,678,0.9999537467956543
label_block_random,2,results_v3_lr0p01,results_v3_lr0p01,small_cnn,sgd,10,128,20000,0.01,0.9,0.0005,cuda,False,False,5,51,679,0.9999602437019348
label_block_random,2,results_v3_lr0p01,results_v3_lr0p01,small_cnn,sgd,10,128,20000,0.01,0.9,0.0005,cuda,False,False,5,52,680,0.9999663233757019
label_block_random,2,results_v3_lr0p01,results_v3_lr0p01,small_cnn,sgd,10,128,20000,0.01,0.9,0.0005,cuda,False,False,5,53,681,0.9999719858169556
label_block_random,2,results_v3_lr0p01,results_v3_lr0p01,small_cnn,sgd,10,128,20000,0.01,0.9,0.0005,cuda,False,False,5,54,682,0.9999769330024719
label_block_random,2,results_v3_lr0p01,results_v3_lr0p01,small_cnn,sgd,10,128,20000,0.01,0.9,0.0005,cuda,False,False,5,55,683,0.999981164932251
label_block_random,2,results_v3_lr0p01,results_v3_lr0p01,small_cnn,sgd,10,128,20000,0.01,0.9,0.0005,cuda,False,False,5,56,684,0.999984860420227
label_block_random,2,results_v3_lr0p01,results_v3_lr0p01,small_cnn,sgd,10,128,20000,0.01,0.9,0.0005,cuda,False,False,5,57,685,0.9999881386756897
label_block_random,2,results_v3_lr0p01,results_v3_lr0p01,small_cnn,sgd,10,128,20000,0.01,0.9,0.0005,cuda,False,False,5,58,686,0.9999908208847046
label_block_random,2,results_v3_lr0p01,results_v3_lr0p01,small_cnn,sgd,10,128,20000,0.01,0.9,0.0005,cuda,False,False,5,59,687,0.9999927878379822
label_block_random,2,results_v3_lr0p01,results_v3_lr0p01,small_cnn,sgd,10,128,20000,0.01,0.9,0.0005,cuda,False,False,5,60,688,0.9999943971633911
label_block_random,2,results_v3_lr0p01,results_v3_lr0p01,small_cnn,sgd,10,128,20000,0.01,0.9,0.0005,cuda,False,False,5,61,689,0.9999958276748657
label_block_random,2,results_v3_lr0p01,results_v3_lr0p01,small_cnn,sgd,10,128,20000,0.01,0.9,0.0005,cuda,False,False,5,62,690,0.9999969005584717
label_block_random,2,results_v3_lr0p01,results_v3_lr0p01,small_cnn,sgd,10,128,20000,0.01,0.9,0.0005,cuda,False,False,5,63,691,0.6849016547203064
label_block_random,2,results_v3_lr0p01,results_v3_lr0p01,small_cnn,sgd,10,128,20000,0.01,0.9,0.0005,cuda,False,False,5,64,692,0.6790879964828491
label_block_random,2,results_v3_lr0p01,results_v3_lr0p01,small_cnn,sgd,10,128,20000,0.01,0.9,0.0005,cuda,False,False,5,65,693,0.9999687075614929
label_block_random,2,results_v3_lr0p01,results_v3_lr0p01,small_cnn,sgd,10,128,20000,0.01,0.9,0.0005,cuda,False,False,5,66,694,0.9999715685844421
label_block_random,2,results_v3_lr0p01,results_v3_lr0p01,small_cnn,sgd,10,128,20000,0.01,0.9,0.0005,cuda,False,False,5,67,695,0.9999743700027466
label_block_random,2,results_v3_lr0p01,results_v3_lr0p01,small_cnn,sgd,10,128,20000,0.01,0.9,0.0005,cuda,False,False,5,68,696,0.9999769926071167
label_block_random,2,results_v3_lr0p01,results_v3_lr0p01,small_cnn,sgd,10,128,20000,0.01,0.9,0.0005,cuda,False,False,5,69,697,0.9999797344207764
label_block_random,2,results_v3_lr0p01,results_v3_lr0p01,small_cnn,sgd,10,128,20000,0.01,0.9,0.0005,cuda,False,False,5,70,698,0.9999823570251465
label_block_random,2,results_v3_lr0p01,results_v3_lr0p01,small_cnn,sgd,10,128,20000,0.01,0.9,0.0005,cuda,False,False,5,71,699,0.999984622001648
label_block_random,2,results_v3_lr0p01,results_v3_lr0p01,small_cnn,sgd,10,128,20000,0.01,0.9,0.0005,cuda,False,False,5,72,700,0.9999865889549255
label_block_random,2,results_v3_lr0p01,results_v3_lr0p01,small_cnn,sgd,10,128,20000,0.01,0.9,0.0005,cuda,False,False,5,73,701,0.9999885559082031
label_block_random,2,results_v3_lr0p01,results_v3_lr0p01,small_cnn,sgd,10,128,20000,0.01,0.9,0.0005,cuda,False,False,5,74,702,0.9999901056289673
label_block_random,2,results_v3_lr0p01,results_v3_lr0p01,small_cnn,sgd,10,128,20000,0.01,0.9,0.0005,cuda,False,False,5,75,703,0.9999915957450867
label_block_random,2,results_v3_lr0p01,results_v3_lr0p01,small_cnn,sgd,10,128,20000,0.01,0.9,0.0005,cuda,False,False,5,76,704,0.999992847442627
label_block_random,2,results_v3_lr0p01,results_v3_lr0p01,small_cnn,sgd,10,128,20000,0.01,0.9,0.0005,cuda,False,False,5,77,705,0.9999939799308777
label_block_random,2,results_v3_lr0p01,results_v3_lr0p01,small_cnn,sgd,10,128,20000,0.01,0.9,0.0005,cuda,False,False,5,78,706,0.9999948143959045
label_block_random,2,results_v3_lr0p01,results_v3_lr0p01,small_cnn,sgd,10,128,20000,0.01,0.9,0.0005,cuda,False,False,5,79,707,0.04834599792957306
label_block_random,2,results_v3_lr0p01,results_v3_lr0p01,small_cnn,sgd,10,128,20000,0.01,0.9,0.0005,cuda,False,False,5,80,708,0.991565465927124
label_block_random,2,results_v3_lr0p01,results_v3_lr0p01,small_cnn,sgd,10,128,20000,0.01,0.9,0.0005,cuda,False,False,5,81,709,0.9999459981918335
label_block_random,2,results_v3_lr0p01,results_v3_lr0p01,small_cnn,sgd,10,128,20000,0.01,0.9,0.0005,cuda,False,False,5,82,710,0.9999544620513916
label_block_random,2,results_v3_lr0p01,results_v3_lr0p01,small_cnn,sgd,10,128,20000,0.01,0.9,0.0005,cuda,False,False,5,83,711,0.9999625086784363
label_block_random,2,results_v3_lr0p01,results_v3_lr0p01,small_cnn,sgd,10,128,20000,0.01,0.9,0.0005,cuda,False,False,5,84,712,0.9999695420265198
label_block_random,2,results_v3_lr0p01,results_v3_lr0p01,small_cnn,sgd,10,128,20000,0.01,0.9,0.0005,cuda,False,False,5,85,713,0.9999756813049316
label_block_random,2,results_v3_lr0p01,results_v3_lr0p01,small_cnn,sgd,10,128,20000,0.01,0.9,0.0005,cuda,False,False,5,86,714,0.9999809861183167
label_block_random,2,results_v3_lr0p01,results_v3_lr0p01,small_cnn,sgd,10,128,20000,0.01,0.9,0.0005,cuda,False,False,5,87,715,0.99998539686203
label_block_random,2,results_v3_lr0p01,results_v3_lr0p01,small_cnn,sgd,10,128,20000,0.01,0.9,0.0005,cuda,False,False,5,88,716,0.9999890327453613
label_block_random,2,results_v3_lr0p01,results_v3_lr0p01,small_cnn,sgd,10,128,20000,0.01,0.9,0.0005,cuda,False,False,5,89,717,0.9999919533729553
label_block_random,2,results_v3_lr0p01,results_v3_lr0p01,small_cnn,sgd,10,128,20000,0.01,0.9,0.0005,cuda,False,False,5,90,718,0.9999942779541016
label_block_random,2,results_v3_lr0p01,results_v3_lr0p01,small_cnn,sgd,10,128,20000,0.01,0.9,0.0005,cuda,False,False,5,91,719,0.9999960660934448
label_block_random,2,results_v3_lr0p01,results_v3_lr0p01,small_cnn,sgd,10,128,20000,0.01,0.9,0.0005,cuda,False,False,5,92,720,0.9999973177909851
label_block_random,2,results_v3_lr0p01,results_v3_lr0p01,small_cnn,sgd,10,128,20000,0.01,0.9,0.0005,cuda,False,False,5,93,721,0.9999982118606567
label_block_random,2,results_v3_lr0p01,results_v3_lr0p01,small_cnn,sgd,10,128,20000,0.01,0.9,0.0005,cuda,False,False,5,94,722,0.9523475170135498
label_block_random,2,results_v3_lr0p01,results_v3_lr0p01,small_cnn,sgd,10,128,20000,0.01,0.9,0.0005,cuda,False,False,5,95,723,0.3576810956001282
label_block_random,2,results_v3_lr0p01,results_v3_lr0p01,small_cnn,sgd,10,128,20000,0.01,0.9,0.0005,cuda,False,False,5,96,724,0.9999954104423523
label_block_random,2,results_v3_lr0p01,results_v3_lr0p01,small_cnn,sgd,10,128,20000,0.01,0.9,0.0005,cuda,False,False,5,97,725,0.9999956488609314
label_block_random,2,results_v3_lr0p01,results_v3_lr0p01,small_cnn,sgd,10,128,20000,0.01,0.9,0.0005,cuda,False,False,5,98,726,0.999995768070221
label_block_random,2,results_v3_lr0p01,results_v3_lr0p01,small_cnn,sgd,10,128,20000,0.01,0.9,0.0005,cuda,False,False,5,99,727,0.9999958276748657
label_block_random,2,results_v3_lr0p01,results_v3_lr0p01,small_cnn,sgd,10,128,20000,0.01,0.9,0.0005,cuda,False,False,5,100,728,0.9999958276748657
label_block_random,2,results_v3_lr0p01,results_v3_lr0p01,small_cnn,sgd,10,128,20000,0.01,0.9,0.0005,cuda,False,False,5,101,729,0.999995768070221
label_block_random,2,results_v3_lr0p01,results_v3_lr0p01,small_cnn,sgd,10,128,20000,0.01,0.9,0.0005,cuda,False,False,5,102,730,0.9999957084655762
label_block_random,2,results_v3_lr0p01,results_v3_lr0p01,small_cnn,sgd,10,128,20000,0.01,0.9,0.0005,cuda,False,False,5,103,731,0.9999958276748657
label_block_random,2,results_v3_lr0p01,results_v3_lr0p01,small_cnn,sgd,10,128,20000,0.01,0.9,0.0005,cuda,False,False,5,104,732,0.9999958276748657
label_block_random,2,results_v3_lr0p01,results_v3_lr0p01,small_cnn,sgd,10,128,20000,0.01,0.9,0.0005,cuda,False,False,5,105,733,0.9999958276748657
label_block_random,2,results_v3_lr0p01,results_v3_lr0p01,small_cnn,sgd,10,128,20000,0.01,0.9,0.0005,cuda,False,False,5,106,734,0.9999958872795105
label_block_random,2,results_v3_lr0p01,results_v3_lr0p01,small_cnn,sgd,10,128,20000,0.01,0.9,0.0005,cuda,False,False,5,107,735,0.9999960660934448
label_block_random,2,results_v3_lr0p01,results_v3_lr0p01,small_cnn,sgd,10,128,20000,0.01,0.9,0.0005,cuda,False,False,5,108,736,0.9999961853027344
label_block_random,2,results_v3_lr0p01,results_v3_lr0p01,small_cnn,sgd,10,128,20000,0.01,0.9,0.0005,cuda,False,False,5,109,737,0.9999963045120239
label_block_random,2,results_v3_lr0p01,results_v3_lr0p01,small_cnn,sgd,10,128,20000,0.01,0.9,0.0005,cuda,False,False,5,110,738,0.46211206912994385
label_block_random,2,results_v3_lr0p01,results_v3_lr0p01,small_cnn,sgd,10,128,20000,0.01,0.9,0.0005,cuda,False,False,5,111,739,0.8625311255455017
label_block_random,2,results_v3_lr0p01,results_v3_lr0p01,small_cnn,sgd,10,128,20000,0.01,0.9,0.0005,cuda,False,False,5,112,740,0.9999593496322632
label_block_random,2,results_v3_lr0p01,results_v3_lr0p01,small_cnn,sgd,10,128,20000,0.01,0.9,0.0005,cuda,False,False,5,113,741,0.9999634027481079
label_block_random,2,results_v3_lr0p01,results_v3_lr0p01,small_cnn,sgd,10,128,20000,0.01,0.9,0.0005,cuda,False,False,5,114,742,0.9999677538871765
label_block_random,2,results_v3_lr0p01,results_v3_lr0p01,small_cnn,sgd,10,128,20000,0.01,0.9,0.0005,cuda,False,False,5,115,743,0.9999718070030212
label_block_random,2,results_v3_lr0p01,results_v3_lr0p01,small_cnn,sgd,10,128,20000,0.01,0.9,0.0005,cuda,False,False,5,116,744,0.9999756813049316
label_block_random,2,results_v3_lr0p01,results_v3_lr0p01,small_cnn,sgd,10,128,20000,0.01,0.9,0.0005,cuda,False,False,5,117,745,0.9999792575836182
label_block_random,2,results_v3_lr0p01,results_v3_lr0p01,small_cnn,sgd,10,128,20000,0.01,0.9,0.0005,cuda,False,False,5,118,746,0.999982476234436
label_block_random,2,results_v3_lr0p01,results_v3_lr0p01,small_cnn,sgd,10,128,20000,0.01,0.9,0.0005,cuda,False,False,5,119,747,0.9999852776527405
label_block_random,2,results_v3_lr0p01,results_v3_lr0p01,small_cnn,sgd,10,128,20000,0.01,0.9,0.0005,cuda,False,False,5,120,748,0.999987781047821
label_block_random,2,results_v3_lr0p01,results_v3_lr0p01,small_cnn,sgd,10,128,20000,0.01,0.9,0.0005,cuda,False,False,5,121,749,0.9999900460243225
label_block_random,2,results_v3_lr0p01,results_v3_lr0p01,small_cnn,sgd,10,128,20000,0.01,0.9,0.0005,cuda,False,False,5,122,750,0.9999918937683105
label_block_random,2,results_v3_lr0p01,results_v3_lr0p01,small_cnn,sgd,10,128,20000,0.01,0.9,0.0005,cuda,False,False,5,123,751,0.9999933838844299
label_block_random,2,results_v3_lr0p01,results_v3_lr0p01,small_cnn,sgd,10,128,20000,0.01,0.9,0.0005,cuda,False,False,5,124,752,0.9999945759773254
label_block_random,2,results_v3_lr0p01,results_v3_lr0p01,small_cnn,sgd,10,128,20000,0.01,0.9,0.0005,cuda,False,False,5,125,753,0.9999956488609314
label_block_random,2,results_v3_lr0p01,results_v3_lr0p01,small_cnn,sgd,10,128,20000,0.01,0.9,0.0005,cuda,False,False,5,126,754,-0.032740939408540726
label_block_random,2,results_v3_lr0p01,results_v3_lr0p01,small_cnn,sgd,10,128,20000,0.01,0.9,0.0005,cuda,False,False,5,127,755,0.9999671578407288
label_block_random,2,results_v3_lr0p01,results_v3_lr0p01,small_cnn,sgd,10,128,20000,0.01,0.9,0.0005,cuda,False,False,5,128,756,0.999970555305481
label_block_random,2,results_v3_lr0p01,results_v3_lr0p01,small_cnn,sgd,10,128,20000,0.01,0.9,0.0005,cuda,False,False,5,129,757,0.9999740123748779
label_block_random,2,results_v3_lr0p01,results_v3_lr0p01,small_cnn,sgd,10,128,20000,0.01,0.9,0.0005,cuda,False,False,5,130,758,0.9999773502349854
label_block_random,2,results_v3_lr0p01,results_v3_lr0p01,small_cnn,sgd,10,128,20000,0.01,0.9,0.0005,cuda,False,False,5,131,759,0.9999803304672241
label_block_random,2,results_v3_lr0p01,results_v3_lr0p01,small_cnn,sgd,10,128,20000,0.01,0.9,0.0005,cuda,False,False,5,132,760,0.9999831914901733
label_block_random,2,results_v3_lr0p01,results_v3_lr0p01,small_cnn,sgd,10,128,20000,0.01,0.9,0.0005,cuda,False,False,5,133,761,0.9999856948852539
label_block_random,2,results_v3_lr0p01,results_v3_lr0p01,small_cnn,sgd,10,128,20000,0.01,0.9,0.0005,cuda,False,False,5,134,762,0.9999880194664001
label_block_random,2,results_v3_lr0p01,results_v3_lr0p01,small_cnn,sgd,10,128,20000,0.01,0.9,0.0005,cuda,False,False,5,135,763,0.9999900460243225
label_block_random,2,results_v3_lr0p01,results_v3_lr0p01,small_cnn,sgd,10,128,20000,0.01,0.9,0.0005,cuda,False,False,5,136,764,0.9999918341636658
label_block_random,2,results_v3_lr0p01,results_v3_lr0p01,small_cnn,sgd,10,128,20000,0.01,0.9,0.0005,cuda,False,False,5,137,765,0.9999932646751404
label_block_random,2,results_v3_lr0p01,results_v3_lr0p01,small_cnn,sgd,10,128,20000,0.01,0.9,0.0005,cuda,False,False,5,138,766,0.9999946355819702
label_block_random,2,results_v3_lr0p01,results_v3_lr0p01,small_cnn,sgd,10,128,20000,0.01,0.9,0.0005,cuda,False,False,5,139,767,0.9999957084655762
label_block_random,2,results_v3_lr0p01,results_v3_lr0p01,small_cnn,sgd,10,128,20000,0.01,0.9,0.0005,cuda,False,False,5,140,768,0.9999964833259583
label_block_random,2,results_v3_lr0p01,results_v3_lr0p01,small_cnn,sgd,10,128,20000,0.01,0.9,0.0005,cuda,False,False,5,141,769,0.8471006155014038
label_block_random,2,results_v3_lr0p01,results_v3_lr0p01,small_cnn,sgd,10,128,20000,0.01,0.9,0.0005,cuda,False,False,5,142,770,0.5030603408813477
label_block_random,2,results_v3_lr0p01,results_v3_lr0p01,small_cnn,sgd,10,128,20000,0.01,0.9,0.0005,cuda,False,False,5,143,771,0.9999770522117615
label_block_random,2,results_v3_lr0p01,results_v3_lr0p01,small_cnn,sgd,10,128,20000,0.01,0.9,0.0005,cuda,False,False,5,144,772,0.9999792575836182
label_block_random,2,results_v3_lr0p01,results_v3_lr0p01,small_cnn,sgd,10,128,20000,0.01,0.9,0.0005,cuda,False,False,5,145,773,0.9999814033508301
label_block_random,2,results_v3_lr0p01,results_v3_lr0p01,small_cnn,sgd,10,128,20000,0.01,0.9,0.0005,cuda,False,False,5,146,774,0.9999836087226868
label_block_random,2,results_v3_lr0p01,results_v3_lr0p01,small_cnn,sgd,10,128,20000,0.01,0.9,0.0005,cuda,False,False,5,147,775,0.9999855756759644
label_block_random,2,results_v3_lr0p01,results_v3_lr0p01,small_cnn,sgd,10,128,20000,0.01,0.9,0.0005,cuda,False,False,5,148,776,0.9999874830245972
label_block_random,2,results_v3_lr0p01,results_v3_lr0p01,small_cnn,sgd,10,128,20000,0.01,0.9,0.0005,cuda,False,False,5,149,777,0.9999892115592957
label_block_random,2,results_v3_lr0p01,results_v3_lr0p01,small_cnn,sgd,10,128,20000,0.01,0.9,0.0005,cuda,False,False,5,150,778,0.999990701675415
label_block_random,2,results_v3_lr0p01,results_v3_lr0p01,small_cnn,sgd,10,128,20000,0.01,0.9,0.0005,cuda,False,False,5,151,779,0.999992311000824
label_block_random,2,results_v3_lr0p01,results_v3_lr0p01,small_cnn,sgd,10,128,20000,0.01,0.9,0.0005,cuda,False,False,5,152,780,0.9999935626983643
label_block_random,2,results_v3_lr0p01,results_v3_lr0p01,small_cnn,sgd,10,128,20000,0.01,0.9,0.0005,cuda,False,False,5,153,781,0.9999945759773254
label_block_random,2,results_v3_lr0p01,results_v3_lr0p01,small_cnn,sgd,10,128,20000,0.01,0.9,0.0005,cuda,False,False,5,154,782,0.9999954700469971
label_block_random,2,results_v3_lr0p01,results_v3_lr0p01,small_cnn,sgd,10,128,20000,0.01,0.9,0.0005,cuda,False,False,5,155,783,0.9999962449073792
label_block_random,2,results_v3_lr0p01,results_v3_lr0p01,small_cnn,sgd,10,128,20000,0.01,0.9,0.0005,cuda,False,False,5,156,784,0.9999969005584717
label_block_random,2,results_v3_lr0p01,results_v3_lr0p01,small_cnn,sgd,10,128,20000,0.01,0.9,0.0005,cuda,False,False,5,157,785,0.9999973177909851
label_block_random,2,results_v3_lr0p01,results_v3_lr0p01,small_cnn,sgd,10,128,20000,0.01,0.9,0.0005,cuda,False,False,6,1,786,-0.1058940514922142
label_block_random,2,results_v3_lr0p01,results_v3_lr0p01,small_cnn,sgd,10,128,20000,0.01,0.9,0.0005,cuda,False,False,6,2,787,0.9999577403068542
label_block_random,2,results_v3_lr0p01,results_v3_lr0p01,small_cnn,sgd,10,128,20000,0.01,0.9,0.0005,cuda,False,False,6,3,788,0.9999625086784363
label_block_random,2,results_v3_lr0p01,results_v3_lr0p01,small_cnn,sgd,10,128,20000,0.01,0.9,0.0005,cuda,False,False,6,4,789,0.9999672174453735
label_block_random,2,results_v3_lr0p01,results_v3_lr0p01,small_cnn,sgd,10,128,20000,0.01,0.9,0.0005,cuda,False,False,6,5,790,0.9999717473983765
label_block_random,2,results_v3_lr0p01,results_v3_lr0p01,small_cnn,sgd,10,128,20000,0.01,0.9,0.0005,cuda,False,False,6,6,791,0.9999760985374451
label_block_random,2,results_v3_lr0p01,results_v3_lr0p01,small_cnn,sgd,10,128,20000,0.01,0.9,0.0005,cuda,False,False,6,7,792,0.999980092048645
label_block_random,2,results_v3_lr0p01,results_v3_lr0p01,small_cnn,sgd,10,128,20000,0.01,0.9,0.0005,cuda,False,False,6,8,793,0.999983549118042
label_block_random,2,results_v3_lr0p01,results_v3_lr0p01,small_cnn,sgd,10,128,20000,0.01,0.9,0.0005,cuda,False,False,6,9,794,0.9999865889549255
label_block_random,2,results_v3_lr0p01,results_v3_lr0p01,small_cnn,sgd,10,128,20000,0.01,0.9,0.0005,cuda,False,False,6,10,795,0.9999892115592957
label_block_random,2,results_v3_lr0p01,results_v3_lr0p01,small_cnn,sgd,10,128,20000,0.01,0.9,0.0005,cuda,False,False,6,11,796,0.9999914169311523
label_block_random,2,results_v3_lr0p01,results_v3_lr0p01,small_cnn,sgd,10,128,20000,0.01,0.9,0.0005,cuda,False,False,6,12,797,0.9999933242797852
label_block_random,2,results_v3_lr0p01,results_v3_lr0p01,small_cnn,sgd,10,128,20000,0.01,0.9,0.0005,cuda,False,False,6,13,798,0.9999948740005493
label_block_random,2,results_v3_lr0p01,results_v3_lr0p01,small_cnn,sgd,10,128,20000,0.01,0.9,0.0005,cuda,False,False,6,14,799,0.9999960660934448
label_block_random,2,results_v3_lr0p01,results_v3_lr0p01,small_cnn,sgd,10,128,20000,0.01,0.9,0.0005,cuda,False,False,6,15,800,0.9999970197677612
label_block_random,2,results_v3_lr0p01,results_v3_lr0p01,small_cnn,sgd,10,128,20000,0.01,0.9,0.0005,cuda,False,False,6,16,801,0.8368462324142456
label_block_random,2,results_v3_lr0p01,results_v3_lr0p01,small_cnn,sgd,10,128,20000,0.01,0.9,0.0005,cuda,False,False,6,17,802,0.28829196095466614
label_block_random,2,results_v3_lr0p01,results_v3_lr0p01,small_cnn,sgd,10,128,20000,0.01,0.9,0.0005,cuda,False,False,6,18,803,0.9999396800994873
label_block_random,2,results_v3_lr0p01,results_v3_lr0p01,small_cnn,sgd,10,128,20000,0.01,0.9,0.0005,cuda,False,False,6,19,804,0.9999486804008484
label_block_random,2,results_v3_lr0p01,results_v3_lr0p01,small_cnn,sgd,10,128,20000,0.01,0.9,0.0005,cuda,False,False,6,20,805,0.999957263469696
label_block_random,2,results_v3_lr0p01,results_v3_lr0p01,small_cnn,sgd,10,128,20000,0.01,0.9,0.0005,cuda,False,False,6,21,806,0.9999648928642273
label_block_random,2,results_v3_lr0p01,results_v3_lr0p01,small_cnn,sgd,10,128,20000,0.01,0.9,0.0005,cuda,False,False,6,22,807,0.9999716877937317
label_block_random,2,results_v3_lr0p01,results_v3_lr0p01,small_cnn,sgd,10,128,20000,0.01,0.9,0.0005,cuda,False,False,6,23,808,0.9999775886535645
label_block_random,2,results_v3_lr0p01,results_v3_lr0p01,small_cnn,sgd,10,128,20000,0.01,0.9,0.0005,cuda,False,False,6,24,809,0.999982476234436
label_block_random,2,results_v3_lr0p01,results_v3_lr0p01,small_cnn,sgd,10,128,20000,0.01,0.9,0.0005,cuda,False,False,6,25,810,0.9999865889549255
label_block_random,2,results_v3_lr0p01,results_v3_lr0p01,small_cnn,sgd,10,128,20000,0.01,0.9,0.0005,cuda,False,False,6,26,811,0.9999899864196777
label_block_random,2,results_v3_lr0p01,results_v3_lr0p01,small_cnn,sgd,10,128,20000,0.01,0.9,0.0005,cuda,False,False,6,27,812,0.9999926090240479
label_block_random,2,results_v3_lr0p01,results_v3_lr0p01,small_cnn,sgd,10,128,20000,0.01,0.9,0.0005,cuda,False,False,6,28,813,0.9999946355819702
label_block_random,2,results_v3_lr0p01,results_v3_lr0p01,small_cnn,sgd,10,128,20000,0.01,0.9,0.0005,cuda,False,False,6,29,814,0.9999963045120239
label_block_random,2,results_v3_lr0p01,results_v3_lr0p01,small_cnn,sgd,10,128,20000,0.01,0.9,0.0005,cuda,False,False,6,30,815,0.9999974370002747
label_block_random,2,results_v3_lr0p01,results_v3_lr0p01,small_cnn,sgd,10,128,20000,0.01,0.9,0.0005,cuda,False,False,6,31,816,0.9999984502792358
label_block_random,2,results_v3_lr0p01,results_v3_lr0p01,small_cnn,sgd,10,128,20000,0.01,0.9,0.0005,cuda,False,False,6,32,817,-0.009516682475805283
label_block_random,2,results_v3_lr0p01,results_v3_lr0p01,small_cnn,sgd,10,128,20000,0.01,0.9,0.0005,cuda,False,False,6,33,818,0.9670606255531311
label_block_random,2,results_v3_lr0p01,results_v3_lr0p01,small_cnn,sgd,10,128,20000,0.01,0.9,0.0005,cuda,False,False,6,34,819,0.9999334216117859
label_block_random,2,results_v3_lr0p01,results_v3_lr0p01,small_cnn,sgd,10,128,20000,0.01,0.9,0.0005,cuda,False,False,6,35,820,0.9999497532844543
label_block_random,2,results_v3_lr0p01,results_v3_lr0p01,small_cnn,sgd,10,128,20000,0.01,0.9,0.0005,cuda,False,False,6,36,821,0.9999629259109497
label_block_random,2,results_v3_lr0p01,results_v3_lr0p01,small_cnn,sgd,10,128,20000,0.01,0.9,0.0005,cuda,False,False,6,37,822,0.9999734163284302
label_block_random,2,results_v3_lr0p01,results_v3_lr0p01,small_cnn,sgd,10,128,20000,0.01,0.9,0.0005,cuda,False,False,6,38,823,0.9999815821647644
label_block_random,2,results_v3_lr0p01,results_v3_lr0p01,small_cnn,sgd,10,128,20000,0.01,0.9,0.0005,cuda,False,False,6,39,824,0.9999879002571106
label_block_random,2,results_v3_lr0p01,results_v3_lr0p01,small_cnn,sgd,10,128,20000,0.01,0.9,0.0005,cuda,False,False,6,40,825,0.9999924898147583
label_block_random,2,results_v3_lr0p01,results_v3_lr0p01,small_cnn,sgd,10,128,20000,0.01,0.9,0.0005,cuda,False,False,6,41,826,0.9999958276748657
label_block_random,2,results_v3_lr0p01,results_v3_lr0p01,small_cnn,sgd,10,128,20000,0.01,0.9,0.0005,cuda,False,False,6,42,827,0.9999977946281433
label_block_random,2,results_v3_lr0p01,results_v3_lr0p01,small_cnn,sgd,10,128,20000,0.01,0.9,0.0005,cuda,False,False,6,43,828,0.9999990463256836
label_block_random,2,results_v3_lr0p01,results_v3_lr0p01,small_cnn,sgd,10,128,20000,0.01,0.9,0.0005,cuda,False,False,6,44,829,0.9999997615814209
label_block_random,2,results_v3_lr0p01,results_v3_lr0p01,small_cnn,sgd,10,128,20000,0.01,0.9,0.0005,cuda,False,False,6,45,830,0.9999997019767761
label_block_random,2,results_v3_lr0p01,results_v3_lr0p01,small_cnn,sgd,10,128,20000,0.01,0.9,0.0005,cuda,False,False,6,46,831,0.9999994039535522
label_block_random,2,results_v3_lr0p01,results_v3_lr0p01,small_cnn,sgd,10,128,20000,0.01,0.9,0.0005,cuda,False,False,6,47,832,0.9895837903022766
label_block_random,2,results_v3_lr0p01,results_v3_lr0p01,small_cnn,sgd,10,128,20000,0.01,0.9,0.0005,cuda,False,False,6,48,833,0.14173471927642822
label_block_random,2,results_v3_lr0p01,results_v3_lr0p01,small_cnn,sgd,10,128,20000,0.01,0.9,0.0005,cuda,False,False,6,49,834,0.9999582767486572
label_block_random,2,results_v3_lr0p01,results_v3_lr0p01,small_cnn,sgd,10,128,20000,0.01,0.9,0.0005,cuda,False,False,6,50,835,0.9999595880508423
label_block_random,2,results_v3_lr0p01,results_v3_lr0p01,small_cnn,sgd,10,128,20000,0.01,0.9,0.0005,cuda,False,False,6,51,836,0.9999615550041199
label_block_random,2,results_v3_lr0p01,results_v3_lr0p01,small_cnn,sgd,10,128,20000,0.01,0.9,0.0005,cuda,False,False,6,52,837,0.9999638199806213
label_block_random,2,results_v3_lr0p01,results_v3_lr0p01,small_cnn,sgd,10,128,20000,0.01,0.9,0.0005,cuda,False,False,6,53,838,0.9999663233757019
label_block_random,2,results_v3_lr0p01,results_v3_lr0p01,small_cnn,sgd,10,128,20000,0.01,0.9,0.0005,cuda,False,False,6,54,839,0.9999688267707825
label_block_random,2,results_v3_lr0p01,results_v3_lr0p01,small_cnn,sgd,10,128,20000,0.01,0.9,0.0005,cuda,False,False,6,55,840,0.9999713897705078
label_block_random,2,results_v3_lr0p01,results_v3_lr0p01,small_cnn,sgd,10,128,20000,0.01,0.9,0.0005,cuda,False,False,6,56,841,0.9999738931655884
label_block_random,2,results_v3_lr0p01,results_v3_lr0p01,small_cnn,sgd,10,128,20000,0.01,0.9,0.0005,cuda,False,False,6,57,842,0.9999762177467346
label_block_random,2,results_v3_lr0p01,results_v3_lr0p01,small_cnn,sgd,10,128,20000,0.01,0.9,0.0005,cuda,False,False,6,58,843,0.9999785423278809
label_block_random,2,results_v3_lr0p01,results_v3_lr0p01,small_cnn,sgd,10,128,20000,0.01,0.9,0.0005,cuda,False,False,6,59,844,0.9999807476997375
label_block_random,2,results_v3_lr0p01,results_v3_lr0p01,small_cnn,sgd,10,128,20000,0.01,0.9,0.0005,cuda,False,False,6,60,845,0.9999828338623047
label_block_random,2,results_v3_lr0p01,results_v3_lr0p01,small_cnn,sgd,10,128,20000,0.01,0.9,0.0005,cuda,False,False,6,61,846,0.9999848008155823
label_block_random,2,results_v3_lr0p01,results_v3_lr0p01,small_cnn,sgd,10,128,20000,0.01,0.9,0.0005,cuda,False,False,6,62,847,0.9999864101409912
label_block_random,2,results_v3_lr0p01,results_v3_lr0p01,small_cnn,sgd,10,128,20000,0.01,0.9,0.0005,cuda,False,False,6,63,848,0.6413503289222717
label_block_random,2,results_v3_lr0p01,results_v3_lr0p01,small_cnn,sgd,10,128,20000,0.01,0.9,0.0005,cuda,False,False,6,64,849,0.7068813443183899
label_block_random,2,results_v3_lr0p01,results_v3_lr0p01,small_cnn,sgd,10,128,20000,0.01,0.9,0.0005,cuda,False,False,6,65,850,0.9999323487281799
label_block_random,2,results_v3_lr0p01,results_v3_lr0p01,small_cnn,sgd,10,128,20000,0.01,0.9,0.0005,cuda,False,False,6,66,851,0.9999410510063171
label_block_random,2,results_v3_lr0p01,results_v3_lr0p01,small_cnn,sgd,10,128,20000,0.01,0.9,0.0005,cuda,False,False,6,67,852,0.9999493956565857
label_block_random,2,results_v3_lr0p01,results_v3_lr0p01,small_cnn,sgd,10,128,20000,0.01,0.9,0.0005,cuda,False,False,6,68,853,0.9999571442604065
label_block_random,2,results_v3_lr0p01,results_v3_lr0p01,small_cnn,sgd,10,128,20000,0.01,0.9,0.0005,cuda,False,False,6,69,854,0.9999641180038452
label_block_random,2,results_v3_lr0p01,results_v3_lr0p01,small_cnn,sgd,10,128,20000,0.01,0.9,0.0005,cuda,False,False,6,70,855,0.9999701380729675
label_block_random,2,results_v3_lr0p01,results_v3_lr0p01,small_cnn,sgd,10,128,20000,0.01,0.9,0.0005,cuda,False,False,6,71,856,0.9999756813049316
label_block_random,2,results_v3_lr0p01,results_v3_lr0p01,small_cnn,sgd,10,128,20000,0.01,0.9,0.0005,cuda,False,False,6,72,857,0.9999802708625793
label_block_random,2,results_v3_lr0p01,results_v3_lr0p01,small_cnn,sgd,10,128,20000,0.01,0.9,0.0005,cuda,False,False,6,73,858,0.999984085559845
label_block_random,2,results_v3_lr0p01,results_v3_lr0p01,small_cnn,sgd,10,128,20000,0.01,0.9,0.0005,cuda,False,False,6,74,859,0.9999873638153076
label_block_random,2,results_v3_lr0p01,results_v3_lr0p01,small_cnn,sgd,10,128,20000,0.01,0.9,0.0005,cuda,False,False,6,75,860,0.9999901056289673
label_block_random,2,results_v3_lr0p01,results_v3_lr0p01,small_cnn,sgd,10,128,20000,0.01,0.9,0.0005,cuda,False,False,6,76,861,0.9999921917915344
label_block_random,2,results_v3_lr0p01,results_v3_lr0p01,small_cnn,sgd,10,128,20000,0.01,0.9,0.0005,cuda,False,False,6,77,862,0.9999940395355225
label_block_random,2,results_v3_lr0p01,results_v3_lr0p01,small_cnn,sgd,10,128,20000,0.01,0.9,0.0005,cuda,False,False,6,78,863,0.9999954104423523
label_block_random,2,results_v3_lr0p01,results_v3_lr0p01,small_cnn,sgd,10,128,20000,0.01,0.9,0.0005,cuda,False,False,6,79,864,0.0970466285943985
label_block_random,2,results_v3_lr0p01,results_v3_lr0p01,small_cnn,sgd,10,128,20000,0.01,0.9,0.0005,cuda,False,False,6,80,865,0.9904609322547913
label_block_random,2,results_v3_lr0p01,results_v3_lr0p01,small_cnn,sgd,10,128,20000,0.01,0.9,0.0005,cuda,False,False,6,81,866,0.9999585747718811
label_block_random,2,results_v3_lr0p01,results_v3_lr0p01,small_cnn,sgd,10,128,20000,0.01,0.9,0.0005,cuda,False,False,6,82,867,0.9999634623527527
label_block_random,2,results_v3_lr0p01,results_v3_lr0p01,small_cnn,sgd,10,128,20000,0.01,0.9,0.0005,cuda,False,False,6,83,868,0.9999682903289795
label_block_random,2,results_v3_lr0p01,results_v3_lr0p01,small_cnn,sgd,10,128,20000,0.01,0.9,0.0005,cuda,False,False,6,84,869,0.9999726414680481
label_block_random,2,results_v3_lr0p01,results_v3_lr0p01,small_cnn,sgd,10,128,20000,0.01,0.9,0.0005,cuda,False,False,6,85,870,0.9999768137931824
label_block_random,2,results_v3_lr0p01,results_v3_lr0p01,small_cnn,sgd,10,128,20000,0.01,0.9,0.0005,cuda,False,False,6,86,871,0.9999803304672241
label_block_random,2,results_v3_lr0p01,results_v3_lr0p01,small_cnn,sgd,10,128,20000,0.01,0.9,0.0005,cuda,False,False,6,87,872,0.9999836087226868
label_block_random,2,results_v3_lr0p01,results_v3_lr0p01,small_cnn,sgd,10,128,20000,0.01,0.9,0.0005,cuda,False,False,6,88,873,0.999986469745636
label_block_random,2,results_v3_lr0p01,results_v3_lr0p01,small_cnn,sgd,10,128,20000,0.01,0.9,0.0005,cuda,False,False,6,89,874,0.9999889135360718
label_block_random,2,results_v3_lr0p01,results_v3_lr0p01,small_cnn,sgd,10,128,20000,0.01,0.9,0.0005,cuda,False,False,6,90,875,0.9999909400939941
label_block_random,2,results_v3_lr0p01,results_v3_lr0p01,small_cnn,sgd,10,128,20000,0.01,0.9,0.0005,cuda,False,False,6,91,876,0.9999926686286926
label_block_random,2,results_v3_lr0p01,results_v3_lr0p01,small_cnn,sgd,10,128,20000,0.01,0.9,0.0005,cuda,False,False,6,92,877,0.999994158744812
label_block_random,2,results_v3_lr0p01,results_v3_lr0p01,small_cnn,sgd,10,128,20000,0.01,0.9,0.0005,cuda,False,False,6,93,878,0.9999953508377075
label_block_random,2,results_v3_lr0p01,results_v3_lr0p01,small_cnn,sgd,10,128,20000,0.01,0.9,0.0005,cuda,False,False,6,94,879,0.9456380009651184
label_block_random,2,results_v3_lr0p01,results_v3_lr0p01,small_cnn,sgd,10,128,20000,0.01,0.9,0.0005,cuda,False,False,6,95,880,0.33704784512519836
label_block_random,2,results_v3_lr0p01,results_v3_lr0p01,small_cnn,sgd,10,128,20000,0.01,0.9,0.0005,cuda,False,False,6,96,881,0.9999780654907227
label_block_random,2,results_v3_lr0p01,results_v3_lr0p01,small_cnn,sgd,10,128,20000,0.01,0.9,0.0005,cuda,False,False,6,97,882,0.9999797940254211
label_block_random,2,results_v3_lr0p01,results_v3_lr0p01,small_cnn,sgd,10,128,20000,0.01,0.9,0.0005,cuda,False,False,6,98,883,0.9999816417694092
label_block_random,2,results_v3_lr0p01,results_v3_lr0p01,small_cnn,sgd,10,128,20000,0.01,0.9,0.0005,cuda,False,False,6,99,884,0.9999834299087524
label_block_random,2,results_v3_lr0p01,results_v3_lr0p01,small_cnn,sgd,10,128,20000,0.01,0.9,0.0005,cuda,False,False,6,100,885,0.9999850988388062
label_block_random,2,results_v3_lr0p01,results_v3_lr0p01,small_cnn,sgd,10,128,20000,0.01,0.9,0.0005,cuda,False,False,6,101,886,0.9999868273735046
label_block_random,2,results_v3_lr0p01,results_v3_lr0p01,small_cnn,sgd,10,128,20000,0.01,0.9,0.0005,cuda,False,False,6,102,887,0.9999882578849792
label_block_random,2,results_v3_lr0p01,results_v3_lr0p01,small_cnn,sgd,10,128,20000,0.01,0.9,0.0005,cuda,False,False,6,103,888,0.9999896883964539
label_block_random,2,results_v3_lr0p01,results_v3_lr0p01,small_cnn,sgd,10,128,20000,0.01,0.9,0.0005,cuda,False,False,6,104,889,0.9999909996986389
label_block_random,2,results_v3_lr0p01,results_v3_lr0p01,small_cnn,sgd,10,128,20000,0.01,0.9,0.0005,cuda,False,False,6,105,890,0.9999921917915344
label_block_random,2,results_v3_lr0p01,results_v3_lr0p01,small_cnn,sgd,10,128,20000,0.01,0.9,0.0005,cuda,False,False,6,106,891,0.9999933242797852
label_block_random,2,results_v3_lr0p01,results_v3_lr0p01,small_cnn,sgd,10,128,20000,0.01,0.9,0.0005,cuda,False,False,6,107,892,0.9999940991401672
label_block_random,2,results_v3_lr0p01,results_v3_lr0p01,small_cnn,sgd,10,128,20000,0.01,0.9,0.0005,cuda,False,False,6,108,893,0.9999949932098389
label_block_random,2,results_v3_lr0p01,results_v3_lr0p01,small_cnn,sgd,10,128,20000,0.01,0.9,0.0005,cuda,False,False,6,109,894,0.999995768070221
label_block_random,2,results_v3_lr0p01,results_v3_lr0p01,small_cnn,sgd,10,128,20000,0.01,0.9,0.0005,cuda,False,False,6,110,895,0.49224498867988586
label_block_random,2,results_v3_lr0p01,results_v3_lr0p01,small_cnn,sgd,10,128,20000,0.01,0.9,0.0005,cuda,False,False,6,111,896,0.8598372340202332
label_block_random,2,results_v3_lr0p01,results_v3_lr0p01,small_cnn,sgd,10,128,20000,0.01,0.9,0.0005,cuda,False,False,6,112,897,0.9999753832817078
label_block_random,2,results_v3_lr0p01,results_v3_lr0p01,small_cnn,sgd,10,128,20000,0.01,0.9,0.0005,cuda,False,False,6,113,898,0.999977707862854
label_block_random,2,results_v3_lr0p01,results_v3_lr0p01,small_cnn,sgd,10,128,20000,0.01,0.9,0.0005,cuda,False,False,6,114,899,0.9999799728393555
label_block_random,2,results_v3_lr0p01,results_v3_lr0p01,small_cnn,sgd,10,128,20000,0.01,0.9,0.0005,cuda,False,False,6,115,900,0.9999821782112122
label_block_random,2,results_v3_lr0p01,results_v3_lr0p01,small_cnn,sgd,10,128,20000,0.01,0.9,0.0005,cuda,False,False,6,116,901,0.9999843835830688
label_block_random,2,results_v3_lr0p01,results_v3_lr0p01,small_cnn,sgd,10,128,20000,0.01,0.9,0.0005,cuda,False,False,6,117,902,0.999986469745636
label_block_random,2,results_v3_lr0p01,results_v3_lr0p01,small_cnn,sgd,10,128,20000,0.01,0.9,0.0005,cuda,False,False,6,118,903,0.999988317489624
label_block_random,2,results_v3_lr0p01,results_v3_lr0p01,small_cnn,sgd,10,128,20000,0.01,0.9,0.0005,cuda,False,False,6,119,904,0.9999899864196777
label_block_random,2,results_v3_lr0p01,results_v3_lr0p01,small_cnn,sgd,10,128,20000,0.01,0.9,0.0005,cuda,False,False,6,120,905,0.9999914169311523
label_block_random,2,results_v3_lr0p01,results_v3_lr0p01,small_cnn,sgd,10,128,20000,0.01,0.9,0.0005,cuda,False,False,6,121,906,0.999992847442627
label_block_random,2,results_v3_lr0p01,results_v3_lr0p01,small_cnn,sgd,10,128,20000,0.01,0.9,0.0005,cuda,False,False,6,122,907,0.9999939799308777
label_block_random,2,results_v3_lr0p01,results_v3_lr0p01,small_cnn,sgd,10,128,20000,0.01,0.9,0.0005,cuda,False,False,6,123,908,0.9999949932098389
label_block_random,2,results_v3_lr0p01,results_v3_lr0p01,small_cnn,sgd,10,128,20000,0.01,0.9,0.0005,cuda,False,False,6,124,909,0.9999958276748657
label_block_random,2,results_v3_lr0p01,results_v3_lr0p01,small_cnn,sgd,10,128,20000,0.01,0.9,0.0005,cuda,False,False,6,125,910,0.9999966025352478
label_block_random,2,results_v3_lr0p01,results_v3_lr0p01,small_cnn,sgd,10,128,20000,0.01,0.9,0.0005,cuda,False,False,6,126,911,-0.03114173375070095
label_block_random,2,results_v3_lr0p01,results_v3_lr0p01,small_cnn,sgd,10,128,20000,0.01,0.9,0.0005,cuda,False,False,6,127,912,0.9999674558639526
label_block_random,2,results_v3_lr0p01,results_v3_lr0p01,small_cnn,sgd,10,128,20000,0.01,0.9,0.0005,cuda,False,False,6,128,913,0.9999709129333496
label_block_random,2,results_v3_lr0p01,results_v3_lr0p01,small_cnn,sgd,10,128,20000,0.01,0.9,0.0005,cuda,False,False,6,129,914,0.9999743103981018
label_block_random,2,results_v3_lr0p01,results_v3_lr0p01,small_cnn,sgd,10,128,20000,0.01,0.9,0.0005,cuda,False,False,6,130,915,0.9999775290489197
label_block_random,2,results_v3_lr0p01,results_v3_lr0p01,small_cnn,sgd,10,128,20000,0.01,0.9,0.0005,cuda,False,False,6,131,916,0.9999807476997375
label_block_random,2,results_v3_lr0p01,results_v3_lr0p01,small_cnn,sgd,10,128,20000,0.01,0.9,0.0005,cuda,False,False,6,132,917,0.999983549118042
label_block_random,2,results_v3_lr0p01,results_v3_lr0p01,small_cnn,sgd,10,128,20000,0.01,0.9,0.0005,cuda,False,False,6,133,918,0.9999861717224121
label_block_random,2,results_v3_lr0p01,results_v3_lr0p01,small_cnn,sgd,10,128,20000,0.01,0.9,0.0005,cuda,False,False,6,134,919,0.9999887347221375
label_block_random,2,results_v3_lr0p01,results_v3_lr0p01,small_cnn,sgd,10,128,20000,0.01,0.9,0.0005,cuda,False,False,6,135,920,0.999990701675415
label_block_random,2,results_v3_lr0p01,results_v3_lr0p01,small_cnn,sgd,10,128,20000,0.01,0.9,0.0005,cuda,False,False,6,136,921,0.999992311000824
label_block_random,2,results_v3_lr0p01,results_v3_lr0p01,small_cnn,sgd,10,128,20000,0.01,0.9,0.0005,cuda,False,False,6,137,922,0.9999938607215881
label_block_random,2,results_v3_lr0p01,results_v3_lr0p01,small_cnn,sgd,10,128,20000,0.01,0.9,0.0005,cuda,False,False,6,138,923,0.9999951124191284
label_block_random,2,results_v3_lr0p01,results_v3_lr0p01,small_cnn,sgd,10,128,20000,0.01,0.9,0.0005,cuda,False,False,6,139,924,0.9999961853027344
label_block_random,2,results_v3_lr0p01,results_v3_lr0p01,small_cnn,sgd,10,128,20000,0.01,0.9,0.0005,cuda,False,False,6,140,925,0.9999970197677612
label_block_random,2,results_v3_lr0p01,results_v3_lr0p01,small_cnn,sgd,10,128,20000,0.01,0.9,0.0005,cuda,False,False,6,141,926,0.8509794473648071
label_block_random,2,results_v3_lr0p01,results_v3_lr0p01,small_cnn,sgd,10,128,20000,0.01,0.9,0.0005,cuda,False,False,6,142,927,0.5193970203399658
label_block_random,2,results_v3_lr0p01,results_v3_lr0p01,small_cnn,sgd,10,128,20000,0.01,0.9,0.0005,cuda,False,False,6,143,928,0.9999836087226868
label_block_random,2,results_v3_lr0p01,results_v3_lr0p01,small_cnn,sgd,10,128,20000,0.01,0.9,0.0005,cuda,False,False,6,144,929,0.9999850392341614
label_block_random,2,results_v3_lr0p01,results_v3_lr0p01,small_cnn,sgd,10,128,20000,0.01,0.9,0.0005,cuda,False,False,6,145,930,0.9999865889549255
label_block_random,2,results_v3_lr0p01,results_v3_lr0p01,small_cnn,sgd,10,128,20000,0.01,0.9,0.0005,cuda,False,False,6,146,931,0.9999879598617554
label_block_random,2,results_v3_lr0p01,results_v3_lr0p01,small_cnn,sgd,10,128,20000,0.01,0.9,0.0005,cuda,False,False,6,147,932,0.9999892711639404
label_block_random,2,results_v3_lr0p01,results_v3_lr0p01,small_cnn,sgd,10,128,20000,0.01,0.9,0.0005,cuda,False,False,6,148,933,0.999990701675415
label_block_random,2,results_v3_lr0p01,results_v3_lr0p01,small_cnn,sgd,10,128,20000,0.01,0.9,0.0005,cuda,False,False,6,149,934,0.9999919533729553
label_block_random,2,results_v3_lr0p01,results_v3_lr0p01,small_cnn,sgd,10,128,20000,0.01,0.9,0.0005,cuda,False,False,6,150,935,0.9999930262565613
label_block_random,2,results_v3_lr0p01,results_v3_lr0p01,small_cnn,sgd,10,128,20000,0.01,0.9,0.0005,cuda,False,False,6,151,936,0.9999940395355225
label_block_random,2,results_v3_lr0p01,results_v3_lr0p01,small_cnn,sgd,10,128,20000,0.01,0.9,0.0005,cuda,False,False,6,152,937,0.9999949336051941
label_block_random,2,results_v3_lr0p01,results_v3_lr0p01,small_cnn,sgd,10,128,20000,0.01,0.9,0.0005,cuda,False,False,6,153,938,0.9999955296516418
label_block_random,2,results_v3_lr0p01,results_v3_lr0p01,small_cnn,sgd,10,128,20000,0.01,0.9,0.0005,cuda,False,False,6,154,939,0.9999961853027344
label_block_random,2,results_v3_lr0p01,results_v3_lr0p01,small_cnn,sgd,10,128,20000,0.01,0.9,0.0005,cuda,False,False,6,155,940,0.9999968409538269
label_block_random,2,results_v3_lr0p01,results_v3_lr0p01,small_cnn,sgd,10,128,20000,0.01,0.9,0.0005,cuda,False,False,6,156,941,0.9999973177909851
label_block_random,2,results_v3_lr0p01,results_v3_lr0p01,small_cnn,sgd,10,128,20000,0.01,0.9,0.0005,cuda,False,False,6,157,942,0.9999977946281433
label_block_random,2,results_v3_lr0p01,results_v3_lr0p01,small_cnn,sgd,10,128,20000,0.01,0.9,0.0005,cuda,False,False,7,1,943,0.9999982118606567
label_block_random,2,results_v3_lr0p01,results_v3_lr0p01,small_cnn,sgd,10,128,20000,0.01,0.9,0.0005,cuda,False,False,7,2,944,0.9999983906745911
label_block_random,2,results_v3_lr0p01,results_v3_lr0p01,small_cnn,sgd,10,128,20000,0.01,0.9,0.0005,cuda,False,False,7,3,945,0.9999986290931702
label_block_random,2,results_v3_lr0p01,results_v3_lr0p01,small_cnn,sgd,10,128,20000,0.01,0.9,0.0005,cuda,False,False,7,4,946,0.9999988675117493
label_block_random,2,results_v3_lr0p01,results_v3_lr0p01,small_cnn,sgd,10,128,20000,0.01,0.9,0.0005,cuda,False,False,7,5,947,0.9999990463256836
label_block_random,2,results_v3_lr0p01,results_v3_lr0p01,small_cnn,sgd,10,128,20000,0.01,0.9,0.0005,cuda,False,False,7,6,948,0.9999992251396179
label_block_random,2,results_v3_lr0p01,results_v3_lr0p01,small_cnn,sgd,10,128,20000,0.01,0.9,0.0005,cuda,False,False,7,7,949,0.9999993443489075
label_block_random,2,results_v3_lr0p01,results_v3_lr0p01,small_cnn,sgd,10,128,20000,0.01,0.9,0.0005,cuda,False,False,7,8,950,0.9999995231628418
label_block_random,2,results_v3_lr0p01,results_v3_lr0p01,small_cnn,sgd,10,128,20000,0.01,0.9,0.0005,cuda,False,False,7,9,951,0.9999995231628418
label_block_random,2,results_v3_lr0p01,results_v3_lr0p01,small_cnn,sgd,10,128,20000,0.01,0.9,0.0005,cuda,False,False,7,10,952,0.9999994039535522
label_block_random,2,results_v3_lr0p01,results_v3_lr0p01,small_cnn,sgd,10,128,20000,0.01,0.9,0.0005,cuda,False,False,7,11,953,0.999999463558197
label_block_random,2,results_v3_lr0p01,results_v3_lr0p01,small_cnn,sgd,10,128,20000,0.01,0.9,0.0005,cuda,False,False,7,12,954,0.9999995827674866
label_block_random,2,results_v3_lr0p01,results_v3_lr0p01,small_cnn,sgd,10,128,20000,0.01,0.9,0.0005,cuda,False,False,7,13,955,0.9999996423721313
label_block_random,2,results_v3_lr0p01,results_v3_lr0p01,small_cnn,sgd,10,128,20000,0.01,0.9,0.0005,cuda,False,False,7,14,956,0.9999997019767761
label_block_random,2,results_v3_lr0p01,results_v3_lr0p01,small_cnn,sgd,10,128,20000,0.01,0.9,0.0005,cuda,False,False,7,15,957,0.9999997019767761
label_block_random,2,results_v3_lr0p01,results_v3_lr0p01,small_cnn,sgd,10,128,20000,0.01,0.9,0.0005,cuda,False,False,7,16,958,0.6977683305740356
label_block_random,2,results_v3_lr0p01,results_v3_lr0p01,small_cnn,sgd,10,128,20000,0.01,0.9,0.0005,cuda,False,False,7,17,959,0.45792117714881897
label_block_random,2,results_v3_lr0p01,results_v3_lr0p01,small_cnn,sgd,10,128,20000,0.01,0.9,0.0005,cuda,False,False,7,18,960,0.9998753666877747
label_block_random,2,results_v3_lr0p01,results_v3_lr0p01,small_cnn,sgd,10,128,20000,0.01,0.9,0.0005,cuda,False,False,7,19,961,0.9999043941497803
label_block_random,2,results_v3_lr0p01,results_v3_lr0p01,small_cnn,sgd,10,128,20000,0.01,0.9,0.0005,cuda,False,False,7,20,962,0.9999287128448486
label_block_random,2,results_v3_lr0p01,results_v3_lr0p01,small_cnn,sgd,10,128,20000,0.01,0.9,0.0005,cuda,False,False,7,21,963,0.9999481439590454
label_block_random,2,results_v3_lr0p01,results_v3_lr0p01,small_cnn,sgd,10,128,20000,0.01,0.9,0.0005,cuda,False,False,7,22,964,0.9999635219573975
label_block_random,2,results_v3_lr0p01,results_v3_lr0p01,small_cnn,sgd,10,128,20000,0.01,0.9,0.0005,cuda,False,False,7,23,965,0.9999752640724182
label_block_random,2,results_v3_lr0p01,results_v3_lr0p01,small_cnn,sgd,10,128,20000,0.01,0.9,0.0005,cuda,False,False,7,24,966,0.999984085559845
label_block_random,2,results_v3_lr0p01,results_v3_lr0p01,small_cnn,sgd,10,128,20000,0.01,0.9,0.0005,cuda,False,False,7,25,967,0.9999904632568359
label_block_random,2,results_v3_lr0p01,results_v3_lr0p01,small_cnn,sgd,10,128,20000,0.01,0.9,0.0005,cuda,False,False,7,26,968,0.9999948740005493
label_block_random,2,results_v3_lr0p01,results_v3_lr0p01,small_cnn,sgd,10,128,20000,0.01,0.9,0.0005,cuda,False,False,7,27,969,0.9999976754188538
label_block_random,2,results_v3_lr0p01,results_v3_lr0p01,small_cnn,sgd,10,128,20000,0.01,0.9,0.0005,cuda,False,False,7,28,970,0.9999992251396179
label_block_random,2,results_v3_lr0p01,results_v3_lr0p01,small_cnn,sgd,10,128,20000,0.01,0.9,0.0005,cuda,False,False,7,29,971,0.9999998807907104
label_block_random,2,results_v3_lr0p01,results_v3_lr0p01,small_cnn,sgd,10,128,20000,0.01,0.9,0.0005,cuda,False,False,7,30,972,0.9999998807907104
label_block_random,2,results_v3_lr0p01,results_v3_lr0p01,small_cnn,sgd,10,128,20000,0.01,0.9,0.0005,cuda,False,False,7,31,973,0.999999463558197
label_block_random,2,results_v3_lr0p01,results_v3_lr0p01,small_cnn,sgd,10,128,20000,0.01,0.9,0.0005,cuda,False,False,7,32,974,0.30524054169654846
label_block_random,2,results_v3_lr0p01,results_v3_lr0p01,small_cnn,sgd,10,128,20000,0.01,0.9,0.0005,cuda,False,False,7,33,975,0.9528474807739258
label_block_random,2,results_v3_lr0p01,results_v3_lr0p01,small_cnn,sgd,10,128,20000,0.01,0.9,0.0005,cuda,False,False,7,34,976,0.999950647354126
label_block_random,2,results_v3_lr0p01,results_v3_lr0p01,small_cnn,sgd,10,128,20000,0.01,0.9,0.0005,cuda,False,False,7,35,977,0.9999532103538513
label_block_random,2,results_v3_lr0p01,results_v3_lr0p01,small_cnn,sgd,10,128,20000,0.01,0.9,0.0005,cuda,False,False,7,36,978,0.9999560117721558
label_block_random,2,results_v3_lr0p01,results_v3_lr0p01,small_cnn,sgd,10,128,20000,0.01,0.9,0.0005,cuda,False,False,7,37,979,0.9999591708183289
label_block_random,2,results_v3_lr0p01,results_v3_lr0p01,small_cnn,sgd,10,128,20000,0.01,0.9,0.0005,cuda,False,False,7,38,980,0.9999625086784363
label_block_random,2,results_v3_lr0p01,results_v3_lr0p01,small_cnn,sgd,10,128,20000,0.01,0.9,0.0005,cuda,False,False,7,39,981,0.9999657273292542
label_block_random,2,results_v3_lr0p01,results_v3_lr0p01,small_cnn,sgd,10,128,20000,0.01,0.9,0.0005,cuda,False,False,7,40,982,0.9999691247940063
label_block_random,2,results_v3_lr0p01,results_v3_lr0p01,small_cnn,sgd,10,128,20000,0.01,0.9,0.0005,cuda,False,False,7,41,983,0.9999721646308899
label_block_random,2,results_v3_lr0p01,results_v3_lr0p01,small_cnn,sgd,10,128,20000,0.01,0.9,0.0005,cuda,False,False,7,42,984,0.9999749064445496
label_block_random,2,results_v3_lr0p01,results_v3_lr0p01,small_cnn,sgd,10,128,20000,0.01,0.9,0.0005,cuda,False,False,7,43,985,0.999977707862854
label_block_random,2,results_v3_lr0p01,results_v3_lr0p01,small_cnn,sgd,10,128,20000,0.01,0.9,0.0005,cuda,False,False,7,44,986,0.9999801516532898
label_block_random,2,results_v3_lr0p01,results_v3_lr0p01,small_cnn,sgd,10,128,20000,0.01,0.9,0.0005,cuda,False,False,7,45,987,0.9999823570251465
label_block_random,2,results_v3_lr0p01,results_v3_lr0p01,small_cnn,sgd,10,128,20000,0.01,0.9,0.0005,cuda,False,False,7,46,988,0.9999844431877136
label_block_random,2,results_v3_lr0p01,results_v3_lr0p01,small_cnn,sgd,10,128,20000,0.01,0.9,0.0005,cuda,False,False,7,47,989,0.98909592628479
label_block_random,2,results_v3_lr0p01,results_v3_lr0p01,small_cnn,sgd,10,128,20000,0.01,0.9,0.0005,cuda,False,False,7,48,990,0.12929053604602814
label_block_random,2,results_v3_lr0p01,results_v3_lr0p01,small_cnn,sgd,10,128,20000,0.01,0.9,0.0005,cuda,False,False,7,49,991,0.9999514222145081
label_block_random,2,results_v3_lr0p01,results_v3_lr0p01,small_cnn,sgd,10,128,20000,0.01,0.9,0.0005,cuda,False,False,7,50,992,0.999955952167511
label_block_random,2,results_v3_lr0p01,results_v3_lr0p01,small_cnn,sgd,10,128,20000,0.01,0.9,0.0005,cuda,False,False,7,51,993,0.9999604225158691
label_block_random,2,results_v3_lr0p01,results_v3_lr0p01,small_cnn,sgd,10,128,20000,0.01,0.9,0.0005,cuda,False,False,7,52,994,0.9999647736549377
label_block_random,2,results_v3_lr0p01,results_v3_lr0p01,small_cnn,sgd,10,128,20000,0.01,0.9,0.0005,cuda,False,False,7,53,995,0.9999690651893616
label_block_random,2,results_v3_lr0p01,results_v3_lr0p01,small_cnn,sgd,10,128,20000,0.01,0.9,0.0005,cuda,False,False,7,54,996,0.9999729990959167
label_block_random,2,results_v3_lr0p01,results_v3_lr0p01,small_cnn,sgd,10,128,20000,0.01,0.9,0.0005,cuda,False,False,7,55,997,0.999976634979248
label_block_random,2,results_v3_lr0p01,results_v3_lr0p01,small_cnn,sgd,10,128,20000,0.01,0.9,0.0005,cuda,False,False,7,56,998,0.9999797940254211
label_block_random,2,results_v3_lr0p01,results_v3_lr0p01,small_cnn,sgd,10,128,20000,0.01,0.9,0.0005,cuda,False,False,7,57,999,0.9999825954437256
label_block_random,2,results_v3_lr0p01,results_v3_lr0p01,small_cnn,sgd,10,128,20000,0.01,0.9,0.0005,cuda,False,False,7,58,1000,0.9999851584434509
label_block_random,2,results_v3_lr0p01,results_v3_lr0p01,small_cnn,sgd,10,128,20000,0.01,0.9,0.0005,cuda,False,False,7,59,1001,0.9999873638153076
label_block_random,2,results_v3_lr0p01,results_v3_lr0p01,small_cnn,sgd,10,128,20000,0.01,0.9,0.0005,cuda,False,False,7,60,1002,0.9999892115592957
label_block_random,2,results_v3_lr0p01,results_v3_lr0p01,small_cnn,sgd,10,128,20000,0.01,0.9,0.0005,cuda,False,False,7,61,1003,0.9999908804893494
label_block_random,2,results_v3_lr0p01,results_v3_lr0p01,small_cnn,sgd,10,128,20000,0.01,0.9,0.0005,cuda,False,False,7,62,1004,0.9999922513961792
label_block_random,2,results_v3_lr0p01,results_v3_lr0p01,small_cnn,sgd,10,128,20000,0.01,0.9,0.0005,cuda,False,False,7,63,1005,0.6648197770118713
label_block_random,2,results_v3_lr0p01,results_v3_lr0p01,small_cnn,sgd,10,128,20000,0.01,0.9,0.0005,cuda,False,False,7,64,1006,0.7088632583618164
label_block_random,2,results_v3_lr0p01,results_v3_lr0p01,small_cnn,sgd,10,128,20000,0.01,0.9,0.0005,cuda,False,False,7,65,1007,0.9999573230743408
label_block_random,2,results_v3_lr0p01,results_v3_lr0p01,small_cnn,sgd,10,128,20000,0.01,0.9,0.0005,cuda,False,False,7,66,1008,0.9999621510505676
label_block_random,2,results_v3_lr0p01,results_v3_lr0p01,small_cnn,sgd,10,128,20000,0.01,0.9,0.0005,cuda,False,False,7,67,1009,0.9999668598175049
label_block_random,2,results_v3_lr0p01,results_v3_lr0p01,small_cnn,sgd,10,128,20000,0.01,0.9,0.0005,cuda,False,False,7,68,1010,0.9999714493751526
label_block_random,2,results_v3_lr0p01,results_v3_lr0p01,small_cnn,sgd,10,128,20000,0.01,0.9,0.0005,cuda,False,False,7,69,1011,0.9999756217002869
label_block_random,2,results_v3_lr0p01,results_v3_lr0p01,small_cnn,sgd,10,128,20000,0.01,0.9,0.0005,cuda,False,False,7,70,1012,0.9999791979789734
label_block_random,2,results_v3_lr0p01,results_v3_lr0p01,small_cnn,sgd,10,128,20000,0.01,0.9,0.0005,cuda,False,False,7,71,1013,0.9999826550483704
label_block_random,2,results_v3_lr0p01,results_v3_lr0p01,small_cnn,sgd,10,128,20000,0.01,0.9,0.0005,cuda,False,False,7,72,1014,0.9999855756759644
label_block_random,2,results_v3_lr0p01,results_v3_lr0p01,small_cnn,sgd,10,128,20000,0.01,0.9,0.0005,cuda,False,False,7,73,1015,0.9999881386756897
label_block_random,2,results_v3_lr0p01,results_v3_lr0p01,small_cnn,sgd,10,128,20000,0.01,0.9,0.0005,cuda,False,False,7,74,1016,0.9999903440475464
label_block_random,2,results_v3_lr0p01,results_v3_lr0p01,small_cnn,sgd,10,128,20000,0.01,0.9,0.0005,cuda,False,False,7,75,1017,0.999992311000824
label_block_random,2,results_v3_lr0p01,results_v3_lr0p01,small_cnn,sgd,10,128,20000,0.01,0.9,0.0005,cuda,False,False,7,76,1018,0.9999938011169434
label_block_random,2,results_v3_lr0p01,results_v3_lr0p01,small_cnn,sgd,10,128,20000,0.01,0.9,0.0005,cuda,False,False,7,77,1019,0.9999949336051941
label_block_random,2,results_v3_lr0p01,results_v3_lr0p01,small_cnn,sgd,10,128,20000,0.01,0.9,0.0005,cuda,False,False,7,78,1020,0.9999960660934448
label_block_random,2,results_v3_lr0p01,results_v3_lr0p01,small_cnn,sgd,10,128,20000,0.01,0.9,0.0005,cuda,False,False,7,79,1021,0.08505368232727051
label_block_random,2,results_v3_lr0p01,results_v3_lr0p01,small_cnn,sgd,10,128,20000,0.01,0.9,0.0005,cuda,False,False,7,80,1022,0.9898859858512878
label_block_random,2,results_v3_lr0p01,results_v3_lr0p01,small_cnn,sgd,10,128,20000,0.01,0.9,0.0005,cuda,False,False,7,81,1023,0.9999662041664124
label_block_random,2,results_v3_lr0p01,results_v3_lr0p01,small_cnn,sgd,10,128,20000,0.01,0.9,0.0005,cuda,False,False,7,82,1024,0.9999701380729675
label_block_random,2,results_v3_lr0p01,results_v3_lr0p01,small_cnn,sgd,10,128,20000,0.01,0.9,0.0005,cuda,False,False,7,83,1025,0.9999739527702332
label_block_random,2,results_v3_lr0p01,results_v3_lr0p01,small_cnn,sgd,10,128,20000,0.01,0.9,0.0005,cuda,False,False,7,84,1026,0.9999775290489197
label_block_random,2,results_v3_lr0p01,results_v3_lr0p01,small_cnn,sgd,10,128,20000,0.01,0.9,0.0005,cuda,False,False,7,85,1027,0.9999808073043823
label_block_random,2,results_v3_lr0p01,results_v3_lr0p01,small_cnn,sgd,10,128,20000,0.01,0.9,0.0005,cuda,False,False,7,86,1028,0.9999837279319763
label_block_random,2,results_v3_lr0p01,results_v3_lr0p01,small_cnn,sgd,10,128,20000,0.01,0.9,0.0005,cuda,False,False,7,87,1029,0.9999862909317017
label_block_random,2,results_v3_lr0p01,results_v3_lr0p01,small_cnn,sgd,10,128,20000,0.01,0.9,0.0005,cuda,False,False,7,88,1030,0.9999886751174927
label_block_random,2,results_v3_lr0p01,results_v3_lr0p01,small_cnn,sgd,10,128,20000,0.01,0.9,0.0005,cuda,False,False,7,89,1031,0.9999907612800598
label_block_random,2,results_v3_lr0p01,results_v3_lr0p01,small_cnn,sgd,10,128,20000,0.01,0.9,0.0005,cuda,False,False,7,90,1032,0.9999923706054688
label_block_random,2,results_v3_lr0p01,results_v3_lr0p01,small_cnn,sgd,10,128,20000,0.01,0.9,0.0005,cuda,False,False,7,91,1033,0.9999938607215881
label_block_random,2,results_v3_lr0p01,results_v3_lr0p01,small_cnn,sgd,10,128,20000,0.01,0.9,0.0005,cuda,False,False,7,92,1034,0.9999950528144836
label_block_random,2,results_v3_lr0p01,results_v3_lr0p01,small_cnn,sgd,10,128,20000,0.01,0.9,0.0005,cuda,False,False,7,93,1035,0.9999960064888
label_block_random,2,results_v3_lr0p01,results_v3_lr0p01,small_cnn,sgd,10,128,20000,0.01,0.9,0.0005,cuda,False,False,7,94,1036,0.9404157400131226
label_block_random,2,results_v3_lr0p01,results_v3_lr0p01,small_cnn,sgd,10,128,20000,0.01,0.9,0.0005,cuda,False,False,7,95,1037,0.30264124274253845
label_block_random,2,results_v3_lr0p01,results_v3_lr0p01,small_cnn,sgd,10,128,20000,0.01,0.9,0.0005,cuda,False,False,7,96,1038,0.9999657869338989
label_block_random,2,results_v3_lr0p01,results_v3_lr0p01,small_cnn,sgd,10,128,20000,0.01,0.9,0.0005,cuda,False,False,7,97,1039,0.999969482421875
label_block_random,2,results_v3_lr0p01,results_v3_lr0p01,small_cnn,sgd,10,128,20000,0.01,0.9,0.0005,cuda,False,False,7,98,1040,0.9999731183052063
label_block_random,2,results_v3_lr0p01,results_v3_lr0p01,small_cnn,sgd,10,128,20000,0.01,0.9,0.0005,cuda,False,False,7,99,1041,0.9999765753746033
label_block_random,2,results_v3_lr0p01,results_v3_lr0p01,small_cnn,sgd,10,128,20000,0.01,0.9,0.0005,cuda,False,False,7,100,1042,0.9999798536300659
label_block_random,2,results_v3_lr0p01,results_v3_lr0p01,small_cnn,sgd,10,128,20000,0.01,0.9,0.0005,cuda,False,False,7,101,1043,0.9999828934669495
label_block_random,2,results_v3_lr0p01,results_v3_lr0p01,small_cnn,sgd,10,128,20000,0.01,0.9,0.0005,cuda,False,False,7,102,1044,0.9999855756759644
label_block_random,2,results_v3_lr0p01,results_v3_lr0p01,small_cnn,sgd,10,128,20000,0.01,0.9,0.0005,cuda,False,False,7,103,1045,0.9999880194664001
label_block_random,2,results_v3_lr0p01,results_v3_lr0p01,small_cnn,sgd,10,128,20000,0.01,0.9,0.0005,cuda,False,False,7,104,1046,0.9999901652336121
label_block_random,2,results_v3_lr0p01,results_v3_lr0p01,small_cnn,sgd,10,128,20000,0.01,0.9,0.0005,cuda,False,False,7,105,1047,0.9999920129776001
label_block_random,2,results_v3_lr0p01,results_v3_lr0p01,small_cnn,sgd,10,128,20000,0.01,0.9,0.0005,cuda,False,False,7,106,1048,0.9999935030937195
label_block_random,2,results_v3_lr0p01,results_v3_lr0p01,small_cnn,sgd,10,128,20000,0.01,0.9,0.0005,cuda,False,False,7,107,1049,0.9999947547912598
label_block_random,2,results_v3_lr0p01,results_v3_lr0p01,small_cnn,sgd,10,128,20000,0.01,0.9,0.0005,cuda,False,False,7,108,1050,0.9999958872795105
label_block_random,2,results_v3_lr0p01,results_v3_lr0p01,small_cnn,sgd,10,128,20000,0.01,0.9,0.0005,cuda,False,False,7,109,1051,0.9999969005584717
label_block_random,2,results_v3_lr0p01,results_v3_lr0p01,small_cnn,sgd,10,128,20000,0.01,0.9,0.0005,cuda,False,False,7,110,1052,0.4857153594493866
label_block_random,2,results_v3_lr0p01,results_v3_lr0p01,small_cnn,sgd,10,128,20000,0.01,0.9,0.0005,cuda,False,False,7,111,1053,0.8588787317276001
label_block_random,2,results_v3_lr0p01,results_v3_lr0p01,small_cnn,sgd,10,128,20000,0.01,0.9,0.0005,cuda,False,False,7,112,1054,0.9999765753746033
label_block_random,2,results_v3_lr0p01,results_v3_lr0p01,small_cnn,sgd,10,128,20000,0.01,0.9,0.0005,cuda,False,False,7,113,1055,0.99997878074646
label_block_random,2,results_v3_lr0p01,results_v3_lr0p01,small_cnn,sgd,10,128,20000,0.01,0.9,0.0005,cuda,False,False,7,114,1056,0.9999812245368958
label_block_random,2,results_v3_lr0p01,results_v3_lr0p01,small_cnn,sgd,10,128,20000,0.01,0.9,0.0005,cuda,False,False,7,115,1057,0.9999833703041077
label_block_random,2,results_v3_lr0p01,results_v3_lr0p01,small_cnn,sgd,10,128,20000,0.01,0.9,0.0005,cuda,False,False,7,116,1058,0.9999854564666748
label_block_random,2,results_v3_lr0p01,results_v3_lr0p01,small_cnn,sgd,10,128,20000,0.01,0.9,0.0005,cuda,False,False,7,117,1059,0.9999873042106628
label_block_random,2,results_v3_lr0p01,results_v3_lr0p01,small_cnn,sgd,10,128,20000,0.01,0.9,0.0005,cuda,False,False,7,118,1060,0.9999890923500061
label_block_random,2,results_v3_lr0p01,results_v3_lr0p01,small_cnn,sgd,10,128,20000,0.01,0.9,0.0005,cuda,False,False,7,119,1061,0.9999906420707703
label_block_random,2,results_v3_lr0p01,results_v3_lr0p01,small_cnn,sgd,10,128,20000,0.01,0.9,0.0005,cuda,False,False,7,120,1062,0.9999920725822449
label_block_random,2,results_v3_lr0p01,results_v3_lr0p01,small_cnn,sgd,10,128,20000,0.01,0.9,0.0005,cuda,False,False,7,121,1063,0.9999933242797852
label_block_random,2,results_v3_lr0p01,results_v3_lr0p01,small_cnn,sgd,10,128,20000,0.01,0.9,0.0005,cuda,False,False,7,122,1064,0.9999944567680359
label_block_random,2,results_v3_lr0p01,results_v3_lr0p01,small_cnn,sgd,10,128,20000,0.01,0.9,0.0005,cuda,False,False,7,123,1065,0.9999954700469971
label_block_random,2,results_v3_lr0p01,results_v3_lr0p01,small_cnn,sgd,10,128,20000,0.01,0.9,0.0005,cuda,False,False,7,124,1066,0.9999963045120239
label_block_random,2,results_v3_lr0p01,results_v3_lr0p01,small_cnn,sgd,10,128,20000,0.01,0.9,0.0005,cuda,False,False,7,125,1067,0.9999968409538269
label_block_random,2,results_v3_lr0p01,results_v3_lr0p01,small_cnn,sgd,10,128,20000,0.01,0.9,0.0005,cuda,False,False,7,126,1068,-0.037281014025211334
label_block_random,2,results_v3_lr0p01,results_v3_lr0p01,small_cnn,sgd,10,128,20000,0.01,0.9,0.0005,cuda,False,False,7,127,1069,0.9999658465385437
label_block_random,2,results_v3_lr0p01,results_v3_lr0p01,small_cnn,sgd,10,128,20000,0.01,0.9,0.0005,cuda,False,False,7,128,1070,0.9999697208404541
label_block_random,2,results_v3_lr0p01,results_v3_lr0p01,small_cnn,sgd,10,128,20000,0.01,0.9,0.0005,cuda,False,False,7,129,1071,0.9999733567237854
label_block_random,2,results_v3_lr0p01,results_v3_lr0p01,small_cnn,sgd,10,128,20000,0.01,0.9,0.0005,cuda,False,False,7,130,1072,0.9999768733978271
label_block_random,2,results_v3_lr0p01,results_v3_lr0p01,small_cnn,sgd,10,128,20000,0.01,0.9,0.0005,cuda,False,False,7,131,1073,0.9999802112579346
label_block_random,2,results_v3_lr0p01,results_v3_lr0p01,small_cnn,sgd,10,128,20000,0.01,0.9,0.0005,cuda,False,False,7,132,1074,0.9999832510948181
label_block_random,2,results_v3_lr0p01,results_v3_lr0p01,small_cnn,sgd,10,128,20000,0.01,0.9,0.0005,cuda,False,False,7,133,1075,0.9999858140945435
label_block_random,2,results_v3_lr0p01,results_v3_lr0p01,small_cnn,sgd,10,128,20000,0.01,0.9,0.0005,cuda,False,False,7,134,1076,0.9999883770942688
label_block_random,2,results_v3_lr0p01,results_v3_lr0p01,small_cnn,sgd,10,128,20000,0.01,0.9,0.0005,cuda,False,False,7,135,1077,0.9999905228614807
label_block_random,2,results_v3_lr0p01,results_v3_lr0p01,small_cnn,sgd,10,128,20000,0.01,0.9,0.0005,cuda,False,False,7,136,1078,0.9999922513961792
label_block_random,2,results_v3_lr0p01,results_v3_lr0p01,small_cnn,sgd,10,128,20000,0.01,0.9,0.0005,cuda,False,False,7,137,1079,0.9999938607215881
label_block_random,2,results_v3_lr0p01,results_v3_lr0p01,small_cnn,sgd,10,128,20000,0.01,0.9,0.0005,cuda,False,False,7,138,1080,0.9999949932098389
label_block_random,2,results_v3_lr0p01,results_v3_lr0p01,small_cnn,sgd,10,128,20000,0.01,0.9,0.0005,cuda,False,False,7,139,1081,0.9999961853027344
label_block_random,2,results_v3_lr0p01,results_v3_lr0p01,small_cnn,sgd,10,128,20000,0.01,0.9,0.0005,cuda,False,False,7,140,1082,0.9999971389770508
label_block_random,2,results_v3_lr0p01,results_v3_lr0p01,small_cnn,sgd,10,128,20000,0.01,0.9,0.0005,cuda,False,False,7,141,1083,0.8503537178039551
label_block_random,2,results_v3_lr0p01,results_v3_lr0p01,small_cnn,sgd,10,128,20000,0.01,0.9,0.0005,cuda,False,False,7,142,1084,0.5134218335151672
label_block_random,2,results_v3_lr0p01,results_v3_lr0p01,small_cnn,sgd,10,128,20000,0.01,0.9,0.0005,cuda,False,False,7,143,1085,0.9999822378158569
label_block_random,2,results_v3_lr0p01,results_v3_lr0p01,small_cnn,sgd,10,128,20000,0.01,0.9,0.0005,cuda,False,False,7,144,1086,0.9999838471412659
label_block_random,2,results_v3_lr0p01,results_v3_lr0p01,small_cnn,sgd,10,128,20000,0.01,0.9,0.0005,cuda,False,False,7,145,1087,0.9999854564666748
label_block_random,2,results_v3_lr0p01,results_v3_lr0p01,small_cnn,sgd,10,128,20000,0.01,0.9,0.0005,cuda,False,False,7,146,1088,0.9999868869781494
label_block_random,2,results_v3_lr0p01,results_v3_lr0p01,small_cnn,sgd,10,128,20000,0.01,0.9,0.0005,cuda,False,False,7,147,1089,0.9999884963035583
label_block_random,2,results_v3_lr0p01,results_v3_lr0p01,small_cnn,sgd,10,128,20000,0.01,0.9,0.0005,cuda,False,False,7,148,1090,0.999989926815033
label_block_random,2,results_v3_lr0p01,results_v3_lr0p01,small_cnn,sgd,10,128,20000,0.01,0.9,0.0005,cuda,False,False,7,149,1091,0.999991238117218
label_block_random,2,results_v3_lr0p01,results_v3_lr0p01,small_cnn,sgd,10,128,20000,0.01,0.9,0.0005,cuda,False,False,7,150,1092,0.9999923706054688
label_block_random,2,results_v3_lr0p01,results_v3_lr0p01,small_cnn,sgd,10,128,20000,0.01,0.9,0.0005,cuda,False,False,7,151,1093,0.9999934434890747
label_block_random,2,results_v3_lr0p01,results_v3_lr0p01,small_cnn,sgd,10,128,20000,0.01,0.9,0.0005,cuda,False,False,7,152,1094,0.9999943375587463
label_block_random,2,results_v3_lr0p01,results_v3_lr0p01,small_cnn,sgd,10,128,20000,0.01,0.9,0.0005,cuda,False,False,7,153,1095,0.9999952912330627
label_block_random,2,results_v3_lr0p01,results_v3_lr0p01,small_cnn,sgd,10,128,20000,0.01,0.9,0.0005,cuda,False,False,7,154,1096,0.9999960660934448
label_block_random,2,results_v3_lr0p01,results_v3_lr0p01,small_cnn,sgd,10,128,20000,0.01,0.9,0.0005,cuda,False,False,7,155,1097,0.9999966025352478
label_block_random,2,results_v3_lr0p01,results_v3_lr0p01,small_cnn,sgd,10,128,20000,0.01,0.9,0.0005,cuda,False,False,7,156,1098,0.9999971389770508
label_block_random,2,results_v3_lr0p01,results_v3_lr0p01,small_cnn,sgd,10,128,20000,0.01,0.9,0.0005,cuda,False,False,7,157,1099,0.999997615814209
label_block_random,2,results_v3_lr0p01,results_v3_lr0p01,small_cnn,sgd,10,128,20000,0.01,0.9,0.0005,cuda,False,False,8,1,1100,-0.12626409530639648
label_block_random,2,results_v3_lr0p01,results_v3_lr0p01,small_cnn,sgd,10,128,20000,0.01,0.9,0.0005,cuda,False,False,8,2,1101,0.999962329864502
label_block_random,2,results_v3_lr0p01,results_v3_lr0p01,small_cnn,sgd,10,128,20000,0.01,0.9,0.0005,cuda,False,False,8,3,1102,0.9999665021896362
label_block_random,2,results_v3_lr0p01,results_v3_lr0p01,small_cnn,sgd,10,128,20000,0.01,0.9,0.0005,cuda,False,False,8,4,1103,0.999970555305481
label_block_random,2,results_v3_lr0p01,results_v3_lr0p01,small_cnn,sgd,10,128,20000,0.01,0.9,0.0005,cuda,False,False,8,5,1104,0.9999744296073914
label_block_random,2,results_v3_lr0p01,results_v3_lr0p01,small_cnn,sgd,10,128,20000,0.01,0.9,0.0005,cuda,False,False,8,6,1105,0.9999780654907227
label_block_random,2,results_v3_lr0p01,results_v3_lr0p01,small_cnn,sgd,10,128,20000,0.01,0.9,0.0005,cuda,False,False,8,7,1106,0.9999815225601196
label_block_random,2,results_v3_lr0p01,results_v3_lr0p01,small_cnn,sgd,10,128,20000,0.01,0.9,0.0005,cuda,False,False,8,8,1107,0.9999845623970032
label_block_random,2,results_v3_lr0p01,results_v3_lr0p01,small_cnn,sgd,10,128,20000,0.01,0.9,0.0005,cuda,False,False,8,9,1108,0.9999871850013733
label_block_random,2,results_v3_lr0p01,results_v3_lr0p01,small_cnn,sgd,10,128,20000,0.01,0.9,0.0005,cuda,False,False,8,10,1109,0.9999896287918091
label_block_random,2,results_v3_lr0p01,results_v3_lr0p01,small_cnn,sgd,10,128,20000,0.01,0.9,0.0005,cuda,False,False,8,11,1110,0.9999915361404419
label_block_random,2,results_v3_lr0p01,results_v3_lr0p01,small_cnn,sgd,10,128,20000,0.01,0.9,0.0005,cuda,False,False,8,12,1111,0.9999932646751404
label_block_random,2,results_v3_lr0p01,results_v3_lr0p01,small_cnn,sgd,10,128,20000,0.01,0.9,0.0005,cuda,False,False,8,13,1112,0.9999945759773254
label_block_random,2,results_v3_lr0p01,results_v3_lr0p01,small_cnn,sgd,10,128,20000,0.01,0.9,0.0005,cuda,False,False,8,14,1113,0.9999958872795105
label_block_random,2,results_v3_lr0p01,results_v3_lr0p01,small_cnn,sgd,10,128,20000,0.01,0.9,0.0005,cuda,False,False,8,15,1114,0.9999968409538269
label_block_random,2,results_v3_lr0p01,results_v3_lr0p01,small_cnn,sgd,10,128,20000,0.01,0.9,0.0005,cuda,False,False,8,16,1115,0.7945417761802673
label_block_random,2,results_v3_lr0p01,results_v3_lr0p01,small_cnn,sgd,10,128,20000,0.01,0.9,0.0005,cuda,False,False,8,17,1116,0.4509217143058777
label_block_random,2,results_v3_lr0p01,results_v3_lr0p01,small_cnn,sgd,10,128,20000,0.01,0.9,0.0005,cuda,False,False,8,18,1117,0.999942421913147
label_block_random,2,results_v3_lr0p01,results_v3_lr0p01,small_cnn,sgd,10,128,20000,0.01,0.9,0.0005,cuda,False,False,8,19,1118,0.9999523162841797
label_block_random,2,results_v3_lr0p01,results_v3_lr0p01,small_cnn,sgd,10,128,20000,0.01,0.9,0.0005,cuda,False,False,8,20,1119,0.9999613165855408
label_block_random,2,results_v3_lr0p01,results_v3_lr0p01,small_cnn,sgd,10,128,20000,0.01,0.9,0.0005,cuda,False,False,8,21,1120,0.9999690651893616
label_block_random,2,results_v3_lr0p01,results_v3_lr0p01,small_cnn,sgd,10,128,20000,0.01,0.9,0.0005,cuda,False,False,8,22,1121,0.9999758005142212
label_block_random,2,results_v3_lr0p01,results_v3_lr0p01,small_cnn,sgd,10,128,20000,0.01,0.9,0.0005,cuda,False,False,8,23,1122,0.9999815225601196
label_block_random,2,results_v3_lr0p01,results_v3_lr0p01,small_cnn,sgd,10,128,20000,0.01,0.9,0.0005,cuda,False,False,8,24,1123,0.9999860525131226
label_block_random,2,results_v3_lr0p01,results_v3_lr0p01,small_cnn,sgd,10,128,20000,0.01,0.9,0.0005,cuda,False,False,8,25,1124,0.9999897480010986
label_block_random,2,results_v3_lr0p01,results_v3_lr0p01,small_cnn,sgd,10,128,20000,0.01,0.9,0.0005,cuda,False,False,8,26,1125,0.9999926090240479
label_block_random,2,results_v3_lr0p01,results_v3_lr0p01,small_cnn,sgd,10,128,20000,0.01,0.9,0.0005,cuda,False,False,8,27,1126,0.9999950528144836
label_block_random,2,results_v3_lr0p01,results_v3_lr0p01,small_cnn,sgd,10,128,20000,0.01,0.9,0.0005,cuda,False,False,8,28,1127,0.9999967217445374
label_block_random,2,results_v3_lr0p01,results_v3_lr0p01,small_cnn,sgd,10,128,20000,0.01,0.9,0.0005,cuda,False,False,8,29,1128,0.9999978542327881
label_block_random,2,results_v3_lr0p01,results_v3_lr0p01,small_cnn,sgd,10,128,20000,0.01,0.9,0.0005,cuda,False,False,8,30,1129,0.9999987483024597
label_block_random,2,results_v3_lr0p01,results_v3_lr0p01,small_cnn,sgd,10,128,20000,0.01,0.9,0.0005,cuda,False,False,8,31,1130,0.9999993443489075
label_block_random,2,results_v3_lr0p01,results_v3_lr0p01,small_cnn,sgd,10,128,20000,0.01,0.9,0.0005,cuda,False,False,8,32,1131,0.2017093002796173
label_block_random,2,results_v3_lr0p01,results_v3_lr0p01,small_cnn,sgd,10,128,20000,0.01,0.9,0.0005,cuda,False,False,8,33,1132,0.9480951428413391
label_block_random,2,results_v3_lr0p01,results_v3_lr0p01,small_cnn,sgd,10,128,20000,0.01,0.9,0.0005,cuda,False,False,8,34,1133,0.9999549388885498
label_block_random,2,results_v3_lr0p01,results_v3_lr0p01,small_cnn,sgd,10,128,20000,0.01,0.9,0.0005,cuda,False,False,8,35,1134,0.9999603629112244
label_block_random,2,results_v3_lr0p01,results_v3_lr0p01,small_cnn,sgd,10,128,20000,0.01,0.9,0.0005,cuda,False,False,8,36,1135,0.9999654293060303
label_block_random,2,results_v3_lr0p01,results_v3_lr0p01,small_cnn,sgd,10,128,20000,0.01,0.9,0.0005,cuda,False,False,8,37,1136,0.9999700784683228
label_block_random,2,results_v3_lr0p01,results_v3_lr0p01,small_cnn,sgd,10,128,20000,0.01,0.9,0.0005,cuda,False,False,8,38,1137,0.9999746084213257
label_block_random,2,results_v3_lr0p01,results_v3_lr0p01,small_cnn,sgd,10,128,20000,0.01,0.9,0.0005,cuda,False,False,8,39,1138,0.9999786615371704
label_block_random,2,results_v3_lr0p01,results_v3_lr0p01,small_cnn,sgd,10,128,20000,0.01,0.9,0.0005,cuda,False,False,8,40,1139,0.9999821782112122
label_block_random,2,results_v3_lr0p01,results_v3_lr0p01,small_cnn,sgd,10,128,20000,0.01,0.9,0.0005,cuda,False,False,8,41,1140,0.9999853372573853
label_block_random,2,results_v3_lr0p01,results_v3_lr0p01,small_cnn,sgd,10,128,20000,0.01,0.9,0.0005,cuda,False,False,8,42,1141,0.9999879002571106
label_block_random,2,results_v3_lr0p01,results_v3_lr0p01,small_cnn,sgd,10,128,20000,0.01,0.9,0.0005,cuda,False,False,8,43,1142,0.9999901056289673
label_block_random,2,results_v3_lr0p01,results_v3_lr0p01,small_cnn,sgd,10,128,20000,0.01,0.9,0.0005,cuda,False,False,8,44,1143,0.9999919533729553
label_block_random,2,results_v3_lr0p01,results_v3_lr0p01,small_cnn,sgd,10,128,20000,0.01,0.9,0.0005,cuda,False,False,8,45,1144,0.9999935626983643
label_block_random,2,results_v3_lr0p01,results_v3_lr0p01,small_cnn,sgd,10,128,20000,0.01,0.9,0.0005,cuda,False,False,8,46,1145,0.999994695186615
label_block_random,2,results_v3_lr0p01,results_v3_lr0p01,small_cnn,sgd,10,128,20000,0.01,0.9,0.0005,cuda,False,False,8,47,1146,0.9868399500846863
label_block_random,2,results_v3_lr0p01,results_v3_lr0p01,small_cnn,sgd,10,128,20000,0.01,0.9,0.0005,cuda,False,False,8,48,1147,0.07196933776140213
label_block_random,2,results_v3_lr0p01,results_v3_lr0p01,small_cnn,sgd,10,128,20000,0.01,0.9,0.0005,cuda,False,False,8,49,1148,0.9999412298202515
label_block_random,2,results_v3_lr0p01,results_v3_lr0p01,small_cnn,sgd,10,128,20000,0.01,0.9,0.0005,cuda,False,False,8,50,1149,0.9999493360519409
label_block_random,2,results_v3_lr0p01,results_v3_lr0p01,small_cnn,sgd,10,128,20000,0.01,0.9,0.0005,cuda,False,False,8,51,1150,0.9999569654464722
label_block_random,2,results_v3_lr0p01,results_v3_lr0p01,small_cnn,sgd,10,128,20000,0.01,0.9,0.0005,cuda,False,False,8,52,1151,0.9999639391899109
label_block_random,2,results_v3_lr0p01,results_v3_lr0p01,small_cnn,sgd,10,128,20000,0.01,0.9,0.0005,cuda,False,False,8,53,1152,0.9999703168869019
label_block_random,2,results_v3_lr0p01,results_v3_lr0p01,small_cnn,sgd,10,128,20000,0.01,0.9,0.0005,cuda,False,False,8,54,1153,0.999975860118866
label_block_random,2,results_v3_lr0p01,results_v3_lr0p01,small_cnn,sgd,10,128,20000,0.01,0.9,0.0005,cuda,False,False,8,55,1154,0.999980628490448
label_block_random,2,results_v3_lr0p01,results_v3_lr0p01,small_cnn,sgd,10,128,20000,0.01,0.9,0.0005,cuda,False,False,8,56,1155,0.999984622001648
label_block_random,2,results_v3_lr0p01,results_v3_lr0p01,small_cnn,sgd,10,128,20000,0.01,0.9,0.0005,cuda,False,False,8,57,1156,0.9999880194664001
label_block_random,2,results_v3_lr0p01,results_v3_lr0p01,small_cnn,sgd,10,128,20000,0.01,0.9,0.0005,cuda,False,False,8,58,1157,0.9999908208847046
label_block_random,2,results_v3_lr0p01,results_v3_lr0p01,small_cnn,sgd,10,128,20000,0.01,0.9,0.0005,cuda,False,False,8,59,1158,0.9999930262565613
label_block_random,2,results_v3_lr0p01,results_v3_lr0p01,small_cnn,sgd,10,128,20000,0.01,0.9,0.0005,cuda,False,False,8,60,1159,0.9999948740005493
label_block_random,2,results_v3_lr0p01,results_v3_lr0p01,small_cnn,sgd,10,128,20000,0.01,0.9,0.0005,cuda,False,False,8,61,1160,0.9999962449073792
label_block_random,2,results_v3_lr0p01,results_v3_lr0p01,small_cnn,sgd,10,128,20000,0.01,0.9,0.0005,cuda,False,False,8,62,1161,0.9999972581863403
label_block_random,2,results_v3_lr0p01,results_v3_lr0p01,small_cnn,sgd,10,128,20000,0.01,0.9,0.0005,cuda,False,False,8,63,1162,0.6907141804695129
label_block_random,2,results_v3_lr0p01,results_v3_lr0p01,small_cnn,sgd,10,128,20000,0.01,0.9,0.0005,cuda,False,False,8,64,1163,0.7101984620094299
label_block_random,2,results_v3_lr0p01,results_v3_lr0p01,small_cnn,sgd,10,128,20000,0.01,0.9,0.0005,cuda,False,False,8,65,1164,0.9999733567237854
label_block_random,2,results_v3_lr0p01,results_v3_lr0p01,small_cnn,sgd,10,128,20000,0.01,0.9,0.0005,cuda,False,False,8,66,1165,0.9999754428863525
label_block_random,2,results_v3_lr0p01,results_v3_lr0p01,small_cnn,sgd,10,128,20000,0.01,0.9,0.0005,cuda,False,False,8,67,1166,0.9999776482582092
label_block_random,2,results_v3_lr0p01,results_v3_lr0p01,small_cnn,sgd,10,128,20000,0.01,0.9,0.0005,cuda,False,False,8,68,1167,0.9999800324440002
label_block_random,2,results_v3_lr0p01,results_v3_lr0p01,small_cnn,sgd,10,128,20000,0.01,0.9,0.0005,cuda,False,False,8,69,1168,0.9999821186065674
label_block_random,2,results_v3_lr0p01,results_v3_lr0p01,small_cnn,sgd,10,128,20000,0.01,0.9,0.0005,cuda,False,False,8,70,1169,0.9999839663505554
label_block_random,2,results_v3_lr0p01,results_v3_lr0p01,small_cnn,sgd,10,128,20000,0.01,0.9,0.0005,cuda,False,False,8,71,1170,0.9999858736991882
label_block_random,2,results_v3_lr0p01,results_v3_lr0p01,small_cnn,sgd,10,128,20000,0.01,0.9,0.0005,cuda,False,False,8,72,1171,0.9999876022338867
label_block_random,2,results_v3_lr0p01,results_v3_lr0p01,small_cnn,sgd,10,128,20000,0.01,0.9,0.0005,cuda,False,False,8,73,1172,0.9999892711639404
label_block_random,2,results_v3_lr0p01,results_v3_lr0p01,small_cnn,sgd,10,128,20000,0.01,0.9,0.0005,cuda,False,False,8,74,1173,0.9999906420707703
label_block_random,2,results_v3_lr0p01,results_v3_lr0p01,small_cnn,sgd,10,128,20000,0.01,0.9,0.0005,cuda,False,False,8,75,1174,0.9999918341636658
label_block_random,2,results_v3_lr0p01,results_v3_lr0p01,small_cnn,sgd,10,128,20000,0.01,0.9,0.0005,cuda,False,False,8,76,1175,0.9999930262565613
label_block_random,2,results_v3_lr0p01,results_v3_lr0p01,small_cnn,sgd,10,128,20000,0.01,0.9,0.0005,cuda,False,False,8,77,1176,0.9999940395355225
label_block_random,2,results_v3_lr0p01,results_v3_lr0p01,small_cnn,sgd,10,128,20000,0.01,0.9,0.0005,cuda,False,False,8,78,1177,0.9999948143959045
label_block_random,2,results_v3_lr0p01,results_v3_lr0p01,small_cnn,sgd,10,128,20000,0.01,0.9,0.0005,cuda,False,False,8,79,1178,0.08765657991170883
label_block_random,2,results_v3_lr0p01,results_v3_lr0p01,small_cnn,sgd,10,128,20000,0.01,0.9,0.0005,cuda,False,False,8,80,1179,0.9901383519172668
label_block_random,2,results_v3_lr0p01,results_v3_lr0p01,small_cnn,sgd,10,128,20000,0.01,0.9,0.0005,cuda,False,False,8,81,1180,0.9999615550041199
label_block_random,2,results_v3_lr0p01,results_v3_lr0p01,small_cnn,sgd,10,128,20000,0.01,0.9,0.0005,cuda,False,False,8,82,1181,0.9999662041664124
label_block_random,2,results_v3_lr0p01,results_v3_lr0p01,small_cnn,sgd,10,128,20000,0.01,0.9,0.0005,cuda,False,False,8,83,1182,0.999970555305481
label_block_random,2,results_v3_lr0p01,results_v3_lr0p01,small_cnn,sgd,10,128,20000,0.01,0.9,0.0005,cuda,False,False,8,84,1183,0.9999745488166809
label_block_random,2,results_v3_lr0p01,results_v3_lr0p01,small_cnn,sgd,10,128,20000,0.01,0.9,0.0005,cuda,False,False,8,85,1184,0.9999784231185913
label_block_random,2,results_v3_lr0p01,results_v3_lr0p01,small_cnn,sgd,10,128,20000,0.01,0.9,0.0005,cuda,False,False,8,86,1185,0.9999818801879883
label_block_random,2,results_v3_lr0p01,results_v3_lr0p01,small_cnn,sgd,10,128,20000,0.01,0.9,0.0005,cuda,False,False,8,87,1186,0.9999848008155823
label_block_random,2,results_v3_lr0p01,results_v3_lr0p01,small_cnn,sgd,10,128,20000,0.01,0.9,0.0005,cuda,False,False,8,88,1187,0.9999875426292419
label_block_random,2,results_v3_lr0p01,results_v3_lr0p01,small_cnn,sgd,10,128,20000,0.01,0.9,0.0005,cuda,False,False,8,89,1188,0.999989926815033
label_block_random,2,results_v3_lr0p01,results_v3_lr0p01,small_cnn,sgd,10,128,20000,0.01,0.9,0.0005,cuda,False,False,8,90,1189,0.9999918937683105
label_block_random,2,results_v3_lr0p01,results_v3_lr0p01,small_cnn,sgd,10,128,20000,0.01,0.9,0.0005,cuda,False,False,8,91,1190,0.9999934434890747
label_block_random,2,results_v3_lr0p01,results_v3_lr0p01,small_cnn,sgd,10,128,20000,0.01,0.9,0.0005,cuda,False,False,8,92,1191,0.9999948143959045
label_block_random,2,results_v3_lr0p01,results_v3_lr0p01,small_cnn,sgd,10,128,20000,0.01,0.9,0.0005,cuda,False,False,8,93,1192,0.9999959468841553
label_block_random,2,results_v3_lr0p01,results_v3_lr0p01,small_cnn,sgd,10,128,20000,0.01,0.9,0.0005,cuda,False,False,8,94,1193,0.9442164897918701
label_block_random,2,results_v3_lr0p01,results_v3_lr0p01,small_cnn,sgd,10,128,20000,0.01,0.9,0.0005,cuda,False,False,8,95,1194,0.29301756620407104
label_block_random,2,results_v3_lr0p01,results_v3_lr0p01,small_cnn,sgd,10,128,20000,0.01,0.9,0.0005,cuda,False,False,8,96,1195,0.9999722242355347
label_block_random,2,results_v3_lr0p01,results_v3_lr0p01,small_cnn,sgd,10,128,20000,0.01,0.9,0.0005,cuda,False,False,8,97,1196,0.9999748468399048
label_block_random,2,results_v3_lr0p01,results_v3_lr0p01,small_cnn,sgd,10,128,20000,0.01,0.9,0.0005,cuda,False,False,8,98,1197,0.9999775886535645
label_block_random,2,results_v3_lr0p01,results_v3_lr0p01,small_cnn,sgd,10,128,20000,0.01,0.9,0.0005,cuda,False,False,8,99,1198,0.9999802112579346
label_block_random,2,results_v3_lr0p01,results_v3_lr0p01,small_cnn,sgd,10,128,20000,0.01,0.9,0.0005,cuda,False,False,8,100,1199,0.9999826550483704
label_block_random,2,results_v3_lr0p01,results_v3_lr0p01,small_cnn,sgd,10,128,20000,0.01,0.9,0.0005,cuda,False,False,8,101,1200,0.9999849796295166
label_block_random,2,results_v3_lr0p01,results_v3_lr0p01,small_cnn,sgd,10,128,20000,0.01,0.9,0.0005,cuda,False,False,8,102,1201,0.9999871850013733
label_block_random,2,results_v3_lr0p01,results_v3_lr0p01,small_cnn,sgd,10,128,20000,0.01,0.9,0.0005,cuda,False,False,8,103,1202,0.9999890923500061
label_block_random,2,results_v3_lr0p01,results_v3_lr0p01,small_cnn,sgd,10,128,20000,0.01,0.9,0.0005,cuda,False,False,8,104,1203,0.9999907612800598
label_block_random,2,results_v3_lr0p01,results_v3_lr0p01,small_cnn,sgd,10,128,20000,0.01,0.9,0.0005,cuda,False,False,8,105,1204,0.9999922513961792
label_block_random,2,results_v3_lr0p01,results_v3_lr0p01,small_cnn,sgd,10,128,20000,0.01,0.9,0.0005,cuda,False,False,8,106,1205,0.9999935626983643
label_block_random,2,results_v3_lr0p01,results_v3_lr0p01,small_cnn,sgd,10,128,20000,0.01,0.9,0.0005,cuda,False,False,8,107,1206,0.9999946355819702
label_block_random,2,results_v3_lr0p01,results_v3_lr0p01,small_cnn,sgd,10,128,20000,0.01,0.9,0.0005,cuda,False,False,8,108,1207,0.9999955892562866
label_block_random,2,results_v3_lr0p01,results_v3_lr0p01,small_cnn,sgd,10,128,20000,0.01,0.9,0.0005,cuda,False,False,8,109,1208,0.9999964237213135
label_block_random,2,results_v3_lr0p01,results_v3_lr0p01,small_cnn,sgd,10,128,20000,0.01,0.9,0.0005,cuda,False,False,8,110,1209,0.45376312732696533
label_block_random,2,results_v3_lr0p01,results_v3_lr0p01,small_cnn,sgd,10,128,20000,0.01,0.9,0.0005,cuda,False,False,8,111,1210,0.8673902153968811
label_block_random,2,results_v3_lr0p01,results_v3_lr0p01,small_cnn,sgd,10,128,20000,0.01,0.9,0.0005,cuda,False,False,8,112,1211,0.9999648332595825
label_block_random,2,results_v3_lr0p01,results_v3_lr0p01,small_cnn,sgd,10,128,20000,0.01,0.9,0.0005,cuda,False,False,8,113,1212,0.9999690651893616
label_block_random,2,results_v3_lr0p01,results_v3_lr0p01,small_cnn,sgd,10,128,20000,0.01,0.9,0.0005,cuda,False,False,8,114,1213,0.9999731779098511
label_block_random,2,results_v3_lr0p01,results_v3_lr0p01,small_cnn,sgd,10,128,20000,0.01,0.9,0.0005,cuda,False,False,8,115,1214,0.9999769926071167
label_block_random,2,results_v3_lr0p01,results_v3_lr0p01,small_cnn,sgd,10,128,20000,0.01,0.9,0.0005,cuda,False,False,8,116,1215,0.9999804496765137
label_block_random,2,results_v3_lr0p01,results_v3_lr0p01,small_cnn,sgd,10,128,20000,0.01,0.9,0.0005,cuda,False,False,8,117,1216,0.9999837875366211
label_block_random,2,results_v3_lr0p01,results_v3_lr0p01,small_cnn,sgd,10,128,20000,0.01,0.9,0.0005,cuda,False,False,8,118,1217,0.9999865889549255
label_block_random,2,results_v3_lr0p01,results_v3_lr0p01,small_cnn,sgd,10,128,20000,0.01,0.9,0.0005,cuda,False,False,8,119,1218,0.9999890923500061
label_block_random,2,results_v3_lr0p01,results_v3_lr0p01,small_cnn,sgd,10,128,20000,0.01,0.9,0.0005,cuda,False,False,8,120,1219,0.9999912977218628
label_block_random,2,results_v3_lr0p01,results_v3_lr0p01,small_cnn,sgd,10,128,20000,0.01,0.9,0.0005,cuda,False,False,8,121,1220,0.9999930262565613
label_block_random,2,results_v3_lr0p01,results_v3_lr0p01,small_cnn,sgd,10,128,20000,0.01,0.9,0.0005,cuda,False,False,8,122,1221,0.9999943375587463
label_block_random,2,results_v3_lr0p01,results_v3_lr0p01,small_cnn,sgd,10,128,20000,0.01,0.9,0.0005,cuda,False,False,8,123,1222,0.9999955296516418
label_block_random,2,results_v3_lr0p01,results_v3_lr0p01,small_cnn,sgd,10,128,20000,0.01,0.9,0.0005,cuda,False,False,8,124,1223,0.9999967217445374
label_block_random,2,results_v3_lr0p01,results_v3_lr0p01,small_cnn,sgd,10,128,20000,0.01,0.9,0.0005,cuda,False,False,8,125,1224,0.9999974966049194
label_block_random,2,results_v3_lr0p01,results_v3_lr0p01,small_cnn,sgd,10,128,20000,0.01,0.9,0.0005,cuda,False,False,8,126,1225,-0.00045817717909812927
label_block_random,2,results_v3_lr0p01,results_v3_lr0p01,small_cnn,sgd,10,128,20000,0.01,0.9,0.0005,cuda,False,False,8,127,1226,0.999980628490448
label_block_random,2,results_v3_lr0p01,results_v3_lr0p01,small_cnn,sgd,10,128,20000,0.01,0.9,0.0005,cuda,False,False,8,128,1227,0.9999824166297913
label_block_random,2,results_v3_lr0p01,results_v3_lr0p01,small_cnn,sgd,10,128,20000,0.01,0.9,0.0005,cuda,False,False,8,129,1228,0.9999841451644897
label_block_random,2,results_v3_lr0p01,results_v3_lr0p01,small_cnn,sgd,10,128,20000,0.01,0.9,0.0005,cuda,False,False,8,130,1229,0.9999857544898987
label_block_random,2,results_v3_lr0p01,results_v3_lr0p01,small_cnn,sgd,10,128,20000,0.01,0.9,0.0005,cuda,False,False,8,131,1230,0.9999873638153076
label_block_random,2,results_v3_lr0p01,results_v3_lr0p01,small_cnn,sgd,10,128,20000,0.01,0.9,0.0005,cuda,False,False,8,132,1231,0.999988853931427
label_block_random,2,results_v3_lr0p01,results_v3_lr0p01,small_cnn,sgd,10,128,20000,0.01,0.9,0.0005,cuda,False,False,8,133,1232,0.9999901652336121
label_block_random,2,results_v3_lr0p01,results_v3_lr0p01,small_cnn,sgd,10,128,20000,0.01,0.9,0.0005,cuda,False,False,8,134,1233,0.9999914169311523
label_block_random,2,results_v3_lr0p01,results_v3_lr0p01,small_cnn,sgd,10,128,20000,0.01,0.9,0.0005,cuda,False,False,8,135,1234,0.9999927282333374
label_block_random,2,results_v3_lr0p01,results_v3_lr0p01,small_cnn,sgd,10,128,20000,0.01,0.9,0.0005,cuda,False,False,8,136,1235,0.9999936819076538
label_block_random,2,results_v3_lr0p01,results_v3_lr0p01,small_cnn,sgd,10,128,20000,0.01,0.9,0.0005,cuda,False,False,8,137,1236,0.9999945163726807
label_block_random,2,results_v3_lr0p01,results_v3_lr0p01,small_cnn,sgd,10,128,20000,0.01,0.9,0.0005,cuda,False,False,8,138,1237,0.9999954104423523
label_block_random,2,results_v3_lr0p01,results_v3_lr0p01,small_cnn,sgd,10,128,20000,0.01,0.9,0.0005,cuda,False,False,8,139,1238,0.9999961256980896
label_block_random,2,results_v3_lr0p01,results_v3_lr0p01,small_cnn,sgd,10,128,20000,0.01,0.9,0.0005,cuda,False,False,8,140,1239,0.9999967813491821
label_block_random,2,results_v3_lr0p01,results_v3_lr0p01,small_cnn,sgd,10,128,20000,0.01,0.9,0.0005,cuda,False,False,8,141,1240,0.8488154411315918
label_block_random,2,results_v3_lr0p01,results_v3_lr0p01,small_cnn,sgd,10,128,20000,0.01,0.9,0.0005,cuda,False,False,8,142,1241,0.5001338124275208
label_block_random,2,results_v3_lr0p01,results_v3_lr0p01,small_cnn,sgd,10,128,20000,0.01,0.9,0.0005,cuda,False,False,8,143,1242,0.9999786019325256
label_block_random,2,results_v3_lr0p01,results_v3_lr0p01,small_cnn,sgd,10,128,20000,0.01,0.9,0.0005,cuda,False,False,8,144,1243,0.999980628490448
label_block_random,2,results_v3_lr0p01,results_v3_lr0p01,small_cnn,sgd,10,128,20000,0.01,0.9,0.0005,cuda,False,False,8,145,1244,0.9999825954437256
label_block_random,2,results_v3_lr0p01,results_v3_lr0p01,small_cnn,sgd,10,128,20000,0.01,0.9,0.0005,cuda,False,False,8,146,1245,0.9999845027923584
label_block_random,2,results_v3_lr0p01,results_v3_lr0p01,small_cnn,sgd,10,128,20000,0.01,0.9,0.0005,cuda,False,False,8,147,1246,0.9999864101409912
label_block_random,2,results_v3_lr0p01,results_v3_lr0p01,small_cnn,sgd,10,128,20000,0.01,0.9,0.0005,cuda,False,False,8,148,1247,0.9999881982803345
label_block_random,2,results_v3_lr0p01,results_v3_lr0p01,small_cnn,sgd,10,128,20000,0.01,0.9,0.0005,cuda,False,False,8,149,1248,0.9999898076057434
label_block_random,2,results_v3_lr0p01,results_v3_lr0p01,small_cnn,sgd,10,128,20000,0.01,0.9,0.0005,cuda,False,False,8,150,1249,0.999991238117218
label_block_random,2,results_v3_lr0p01,results_v3_lr0p01,small_cnn,sgd,10,128,20000,0.01,0.9,0.0005,cuda,False,False,8,151,1250,0.9999926090240479
label_block_random,2,results_v3_lr0p01,results_v3_lr0p01,small_cnn,sgd,10,128,20000,0.01,0.9,0.0005,cuda,False,False,8,152,1251,0.9999936819076538
label_block_random,2,results_v3_lr0p01,results_v3_lr0p01,small_cnn,sgd,10,128,20000,0.01,0.9,0.0005,cuda,False,False,8,153,1252,0.9999947547912598
label_block_random,2,results_v3_lr0p01,results_v3_lr0p01,small_cnn,sgd,10,128,20000,0.01,0.9,0.0005,cuda,False,False,8,154,1253,0.9999957084655762
label_block_random,2,results_v3_lr0p01,results_v3_lr0p01,small_cnn,sgd,10,128,20000,0.01,0.9,0.0005,cuda,False,False,8,155,1254,0.9999964833259583
label_block_random,2,results_v3_lr0p01,results_v3_lr0p01,small_cnn,sgd,10,128,20000,0.01,0.9,0.0005,cuda,False,False,8,156,1255,0.9999971985816956
label_block_random,2,results_v3_lr0p01,results_v3_lr0p01,small_cnn,sgd,10,128,20000,0.01,0.9,0.0005,cuda,False,False,8,157,1256,0.9999976754188538
label_block_random,2,results_v3_lr0p01,results_v3_lr0p01,small_cnn,sgd,10,128,20000,0.01,0.9,0.0005,cuda,False,False,9,1,1257,-0.18063148856163025
label_block_random,2,results_v3_lr0p01,results_v3_lr0p01,small_cnn,sgd,10,128,20000,0.01,0.9,0.0005,cuda,False,False,9,2,1258,0.9999508857727051
label_block_random,2,results_v3_lr0p01,results_v3_lr0p01,small_cnn,sgd,10,128,20000,0.01,0.9,0.0005,cuda,False,False,9,3,1259,0.9999566674232483
label_block_random,2,results_v3_lr0p01,results_v3_lr0p01,small_cnn,sgd,10,128,20000,0.01,0.9,0.0005,cuda,False,False,9,4,1260,0.9999625086784363
label_block_random,2,results_v3_lr0p01,results_v3_lr0p01,small_cnn,sgd,10,128,20000,0.01,0.9,0.0005,cuda,False,False,9,5,1261,0.9999679327011108
label_block_random,2,results_v3_lr0p01,results_v3_lr0p01,small_cnn,sgd,10,128,20000,0.01,0.9,0.0005,cuda,False,False,9,6,1262,0.9999731183052063
label_block_random,2,results_v3_lr0p01,results_v3_lr0p01,small_cnn,sgd,10,128,20000,0.01,0.9,0.0005,cuda,False,False,9,7,1263,0.9999777674674988
label_block_random,2,results_v3_lr0p01,results_v3_lr0p01,small_cnn,sgd,10,128,20000,0.01,0.9,0.0005,cuda,False,False,9,8,1264,0.9999818205833435
label_block_random,2,results_v3_lr0p01,results_v3_lr0p01,small_cnn,sgd,10,128,20000,0.01,0.9,0.0005,cuda,False,False,9,9,1265,0.9999854564666748
label_block_random,2,results_v3_lr0p01,results_v3_lr0p01,small_cnn,sgd,10,128,20000,0.01,0.9,0.0005,cuda,False,False,9,10,1266,0.9999883770942688
label_block_random,2,results_v3_lr0p01,results_v3_lr0p01,small_cnn,sgd,10,128,20000,0.01,0.9,0.0005,cuda,False,False,9,11,1267,0.9999909400939941
label_block_random,2,results_v3_lr0p01,results_v3_lr0p01,small_cnn,sgd,10,128,20000,0.01,0.9,0.0005,cuda,False,False,9,12,1268,0.9999931454658508
label_block_random,2,results_v3_lr0p01,results_v3_lr0p01,small_cnn,sgd,10,128,20000,0.01,0.9,0.0005,cuda,False,False,9,13,1269,0.9999948143959045
label_block_random,2,results_v3_lr0p01,results_v3_lr0p01,small_cnn,sgd,10,128,20000,0.01,0.9,0.0005,cuda,False,False,9,14,1270,0.9999961853027344
label_block_random,2,results_v3_lr0p01,results_v3_lr0p01,small_cnn,sgd,10,128,20000,0.01,0.9,0.0005,cuda,False,False,9,15,1271,0.9999973177909851
label_block_random,2,results_v3_lr0p01,results_v3_lr0p01,small_cnn,sgd,10,128,20000,0.01,0.9,0.0005,cuda,False,False,9,16,1272,0.7559190988540649
label_block_random,2,results_v3_lr0p01,results_v3_lr0p01,small_cnn,sgd,10,128,20000,0.01,0.9,0.0005,cuda,False,False,9,17,1273,0.4787086844444275
label_block_random,2,results_v3_lr0p01,results_v3_lr0p01,small_cnn,sgd,10,128,20000,0.01,0.9,0.0005,cuda,False,False,9,18,1274,0.9999282360076904
label_block_random,2,results_v3_lr0p01,results_v3_lr0p01,small_cnn,sgd,10,128,20000,0.01,0.9,0.0005,cuda,False,False,9,19,1275,0.9999427199363708
label_block_random,2,results_v3_lr0p01,results_v3_lr0p01,small_cnn,sgd,10,128,20000,0.01,0.9,0.0005,cuda,False,False,9,20,1276,0.999955415725708
label_block_random,2,results_v3_lr0p01,results_v3_lr0p01,small_cnn,sgd,10,128,20000,0.01,0.9,0.0005,cuda,False,False,9,21,1277,0.999966025352478
label_block_random,2,results_v3_lr0p01,results_v3_lr0p01,small_cnn,sgd,10,128,20000,0.01,0.9,0.0005,cuda,False,False,9,22,1278,0.99997478723526
label_block_random,2,results_v3_lr0p01,results_v3_lr0p01,small_cnn,sgd,10,128,20000,0.01,0.9,0.0005,cuda,False,False,9,23,1279,0.9999817609786987
label_block_random,2,results_v3_lr0p01,results_v3_lr0p01,small_cnn,sgd,10,128,20000,0.01,0.9,0.0005,cuda,False,False,9,24,1280,0.9999873042106628
label_block_random,2,results_v3_lr0p01,results_v3_lr0p01,small_cnn,sgd,10,128,20000,0.01,0.9,0.0005,cuda,False,False,9,25,1281,0.9999914169311523
label_block_random,2,results_v3_lr0p01,results_v3_lr0p01,small_cnn,sgd,10,128,20000,0.01,0.9,0.0005,cuda,False,False,9,26,1282,0.9999946355819702
label_block_random,2,results_v3_lr0p01,results_v3_lr0p01,small_cnn,sgd,10,128,20000,0.01,0.9,0.0005,cuda,False,False,9,27,1283,0.9999967217445374
label_block_random,2,results_v3_lr0p01,results_v3_lr0p01,small_cnn,sgd,10,128,20000,0.01,0.9,0.0005,cuda,False,False,9,28,1284,0.9999982118606567
label_block_random,2,results_v3_lr0p01,results_v3_lr0p01,small_cnn,sgd,10,128,20000,0.01,0.9,0.0005,cuda,False,False,9,29,1285,0.9999992251396179
label_block_random,2,results_v3_lr0p01,results_v3_lr0p01,small_cnn,sgd,10,128,20000,0.01,0.9,0.0005,cuda,False,False,9,30,1286,0.9999997019767761
label_block_random,2,results_v3_lr0p01,results_v3_lr0p01,small_cnn,sgd,10,128,20000,0.01,0.9,0.0005,cuda,False,False,9,31,1287,0.9999998211860657
label_block_random,2,results_v3_lr0p01,results_v3_lr0p01,small_cnn,sgd,10,128,20000,0.01,0.9,0.0005,cuda,False,False,9,32,1288,0.28857922554016113
label_block_random,2,results_v3_lr0p01,results_v3_lr0p01,small_cnn,sgd,10,128,20000,0.01,0.9,0.0005,cuda,False,False,9,33,1289,0.9498828649520874
label_block_random,2,results_v3_lr0p01,results_v3_lr0p01,small_cnn,sgd,10,128,20000,0.01,0.9,0.0005,cuda,False,False,9,34,1290,0.9999654293060303
label_block_random,2,results_v3_lr0p01,results_v3_lr0p01,small_cnn,sgd,10,128,20000,0.01,0.9,0.0005,cuda,False,False,9,35,1291,0.999967634677887
label_block_random,2,results_v3_lr0p01,results_v3_lr0p01,small_cnn,sgd,10,128,20000,0.01,0.9,0.0005,cuda,False,False,9,36,1292,0.9999700784683228
label_block_random,2,results_v3_lr0p01,results_v3_lr0p01,small_cnn,sgd,10,128,20000,0.01,0.9,0.0005,cuda,False,False,9,37,1293,0.9999725818634033
label_block_random,2,results_v3_lr0p01,results_v3_lr0p01,small_cnn,sgd,10,128,20000,0.01,0.9,0.0005,cuda,False,False,9,38,1294,0.9999751448631287
label_block_random,2,results_v3_lr0p01,results_v3_lr0p01,small_cnn,sgd,10,128,20000,0.01,0.9,0.0005,cuda,False,False,9,39,1295,0.9999775886535645
label_block_random,2,results_v3_lr0p01,results_v3_lr0p01,small_cnn,sgd,10,128,20000,0.01,0.9,0.0005,cuda,False,False,9,40,1296,0.9999799728393555
label_block_random,2,results_v3_lr0p01,results_v3_lr0p01,small_cnn,sgd,10,128,20000,0.01,0.9,0.0005,cuda,False,False,9,41,1297,0.9999822378158569
label_block_random,2,results_v3_lr0p01,results_v3_lr0p01,small_cnn,sgd,10,128,20000,0.01,0.9,0.0005,cuda,False,False,9,42,1298,0.9999841451644897
label_block_random,2,results_v3_lr0p01,results_v3_lr0p01,small_cnn,sgd,10,128,20000,0.01,0.9,0.0005,cuda,False,False,9,43,1299,0.9999859929084778
label_block_random,2,results_v3_lr0p01,results_v3_lr0p01,small_cnn,sgd,10,128,20000,0.01,0.9,0.0005,cuda,False,False,9,44,1300,0.9999877214431763
label_block_random,2,results_v3_lr0p01,results_v3_lr0p01,small_cnn,sgd,10,128,20000,0.01,0.9,0.0005,cuda,False,False,9,45,1301,0.9999892711639404
label_block_random,2,results_v3_lr0p01,results_v3_lr0p01,small_cnn,sgd,10,128,20000,0.01,0.9,0.0005,cuda,False,False,9,46,1302,0.9999905824661255
label_block_random,2,results_v3_lr0p01,results_v3_lr0p01,small_cnn,sgd,10,128,20000,0.01,0.9,0.0005,cuda,False,False,9,47,1303,0.9882803559303284
label_block_random,2,results_v3_lr0p01,results_v3_lr0p01,small_cnn,sgd,10,128,20000,0.01,0.9,0.0005,cuda,False,False,9,48,1304,0.10139653086662292
label_block_random,2,results_v3_lr0p01,results_v3_lr0p01,small_cnn,sgd,10,128,20000,0.01,0.9,0.0005,cuda,False,False,9,49,1305,0.9999500513076782
label_block_random,2,results_v3_lr0p01,results_v3_lr0p01,small_cnn,sgd,10,128,20000,0.01,0.9,0.0005,cuda,False,False,9,50,1306,0.9999555349349976
label_block_random,2,results_v3_lr0p01,results_v3_lr0p01,small_cnn,sgd,10,128,20000,0.01,0.9,0.0005,cuda,False,False,9,51,1307,0.9999608993530273
label_block_random,2,results_v3_lr0p01,results_v3_lr0p01,small_cnn,sgd,10,128,20000,0.01,0.9,0.0005,cuda,False,False,9,52,1308,0.9999660849571228
label_block_random,2,results_v3_lr0p01,results_v3_lr0p01,small_cnn,sgd,10,128,20000,0.01,0.9,0.0005,cuda,False,False,9,53,1309,0.9999710321426392
label_block_random,2,results_v3_lr0p01,results_v3_lr0p01,small_cnn,sgd,10,128,20000,0.01,0.9,0.0005,cuda,False,False,9,54,1310,0.9999753832817078
label_block_random,2,results_v3_lr0p01,results_v3_lr0p01,small_cnn,sgd,10,128,20000,0.01,0.9,0.0005,cuda,False,False,9,55,1311,0.9999793171882629
label_block_random,2,results_v3_lr0p01,results_v3_lr0p01,small_cnn,sgd,10,128,20000,0.01,0.9,0.0005,cuda,False,False,9,56,1312,0.9999828338623047
label_block_random,2,results_v3_lr0p01,results_v3_lr0p01,small_cnn,sgd,10,128,20000,0.01,0.9,0.0005,cuda,False,False,9,57,1313,0.9999858736991882
label_block_random,2,results_v3_lr0p01,results_v3_lr0p01,small_cnn,sgd,10,128,20000,0.01,0.9,0.0005,cuda,False,False,9,58,1314,0.9999885559082031
label_block_random,2,results_v3_lr0p01,results_v3_lr0p01,small_cnn,sgd,10,128,20000,0.01,0.9,0.0005,cuda,False,False,9,59,1315,0.999990701675415
label_block_random,2,results_v3_lr0p01,results_v3_lr0p01,small_cnn,sgd,10,128,20000,0.01,0.9,0.0005,cuda,False,False,9,60,1316,0.9999926090240479
label_block_random,2,results_v3_lr0p01,results_v3_lr0p01,small_cnn,sgd,10,128,20000,0.01,0.9,0.0005,cuda,False,False,9,61,1317,0.9999939799308777
label_block_random,2,results_v3_lr0p01,results_v3_lr0p01,small_cnn,sgd,10,128,20000,0.01,0.9,0.0005,cuda,False,False,9,62,1318,0.9999952912330627
label_block_random,2,results_v3_lr0p01,results_v3_lr0p01,small_cnn,sgd,10,128,20000,0.01,0.9,0.0005,cuda,False,False,9,63,1319,0.6759700179100037
label_block_random,2,results_v3_lr0p01,results_v3_lr0p01,small_cnn,sgd,10,128,20000,0.01,0.9,0.0005,cuda,False,False,9,64,1320,0.7134727239608765
label_block_random,2,results_v3_lr0p01,results_v3_lr0p01,small_cnn,sgd,10,128,20000,0.01,0.9,0.0005,cuda,False,False,9,65,1321,0.9999679923057556
label_block_random,2,results_v3_lr0p01,results_v3_lr0p01,small_cnn,sgd,10,128,20000,0.01,0.9,0.0005,cuda,False,False,9,66,1322,0.999971330165863
label_block_random,2,results_v3_lr0p01,results_v3_lr0p01,small_cnn,sgd,10,128,20000,0.01,0.9,0.0005,cuda,False,False,9,67,1323,0.9999745488166809
label_block_random,2,results_v3_lr0p01,results_v3_lr0p01,small_cnn,sgd,10,128,20000,0.01,0.9,0.0005,cuda,False,False,9,68,1324,0.9999777674674988
label_block_random,2,results_v3_lr0p01,results_v3_lr0p01,small_cnn,sgd,10,128,20000,0.01,0.9,0.0005,cuda,False,False,9,69,1325,0.9999807476997375
label_block_random,2,results_v3_lr0p01,results_v3_lr0p01,small_cnn,sgd,10,128,20000,0.01,0.9,0.0005,cuda,False,False,9,70,1326,0.9999834299087524
label_block_random,2,results_v3_lr0p01,results_v3_lr0p01,small_cnn,sgd,10,128,20000,0.01,0.9,0.0005,cuda,False,False,9,71,1327,0.999985933303833
label_block_random,2,results_v3_lr0p01,results_v3_lr0p01,small_cnn,sgd,10,128,20000,0.01,0.9,0.0005,cuda,False,False,9,72,1328,0.9999880194664001
label_block_random,2,results_v3_lr0p01,results_v3_lr0p01,small_cnn,sgd,10,128,20000,0.01,0.9,0.0005,cuda,False,False,9,73,1329,0.9999900460243225
label_block_random,2,results_v3_lr0p01,results_v3_lr0p01,small_cnn,sgd,10,128,20000,0.01,0.9,0.0005,cuda,False,False,9,74,1330,0.9999916553497314
label_block_random,2,results_v3_lr0p01,results_v3_lr0p01,small_cnn,sgd,10,128,20000,0.01,0.9,0.0005,cuda,False,False,9,75,1331,0.9999932050704956
label_block_random,2,results_v3_lr0p01,results_v3_lr0p01,small_cnn,sgd,10,128,20000,0.01,0.9,0.0005,cuda,False,False,9,76,1332,0.9999943971633911
label_block_random,2,results_v3_lr0p01,results_v3_lr0p01,small_cnn,sgd,10,128,20000,0.01,0.9,0.0005,cuda,False,False,9,77,1333,0.9999954104423523
label_block_random,2,results_v3_lr0p01,results_v3_lr0p01,small_cnn,sgd,10,128,20000,0.01,0.9,0.0005,cuda,False,False,9,78,1334,0.9999962449073792
label_block_random,2,results_v3_lr0p01,results_v3_lr0p01,small_cnn,sgd,10,128,20000,0.01,0.9,0.0005,cuda,False,False,9,79,1335,0.06452211737632751
label_block_random,2,results_v3_lr0p01,results_v3_lr0p01,small_cnn,sgd,10,128,20000,0.01,0.9,0.0005,cuda,False,False,9,80,1336,0.9889299869537354
label_block_random,2,results_v3_lr0p01,results_v3_lr0p01,small_cnn,sgd,10,128,20000,0.01,0.9,0.0005,cuda,False,False,9,81,1337,0.9999697208404541
label_block_random,2,results_v3_lr0p01,results_v3_lr0p01,small_cnn,sgd,10,128,20000,0.01,0.9,0.0005,cuda,False,False,9,82,1338,0.9999729990959167
label_block_random,2,results_v3_lr0p01,results_v3_lr0p01,small_cnn,sgd,10,128,20000,0.01,0.9,0.0005,cuda,False,False,9,83,1339,0.9999762177467346
label_block_random,2,results_v3_lr0p01,results_v3_lr0p01,small_cnn,sgd,10,128,20000,0.01,0.9,0.0005,cuda,False,False,9,84,1340,0.9999793171882629
label_block_random,2,results_v3_lr0p01,results_v3_lr0p01,small_cnn,sgd,10,128,20000,0.01,0.9,0.0005,cuda,False,False,9,85,1341,0.9999821186065674
label_block_random,2,results_v3_lr0p01,results_v3_lr0p01,small_cnn,sgd,10,128,20000,0.01,0.9,0.0005,cuda,False,False,9,86,1342,0.9999847412109375
label_block_random,2,results_v3_lr0p01,results_v3_lr0p01,small_cnn,sgd,10,128,20000,0.01,0.9,0.0005,cuda,False,False,9,87,1343,0.9999870657920837
label_block_random,2,results_v3_lr0p01,results_v3_lr0p01,small_cnn,sgd,10,128,20000,0.01,0.9,0.0005,cuda,False,False,9,88,1344,0.9999890923500061
label_block_random,2,results_v3_lr0p01,results_v3_lr0p01,small_cnn,sgd,10,128,20000,0.01,0.9,0.0005,cuda,False,False,9,89,1345,0.9999909400939941
label_block_random,2,results_v3_lr0p01,results_v3_lr0p01,small_cnn,sgd,10,128,20000,0.01,0.9,0.0005,cuda,False,False,9,90,1346,0.9999925494194031
label_block_random,2,results_v3_lr0p01,results_v3_lr0p01,small_cnn,sgd,10,128,20000,0.01,0.9,0.0005,cuda,False,False,9,91,1347,0.9999938607215881
label_block_random,2,results_v3_lr0p01,results_v3_lr0p01,small_cnn,sgd,10,128,20000,0.01,0.9,0.0005,cuda,False,False,9,92,1348,0.9999949932098389
label_block_random,2,results_v3_lr0p01,results_v3_lr0p01,small_cnn,sgd,10,128,20000,0.01,0.9,0.0005,cuda,False,False,9,93,1349,0.9999958872795105
label_block_random,2,results_v3_lr0p01,results_v3_lr0p01,small_cnn,sgd,10,128,20000,0.01,0.9,0.0005,cuda,False,False,9,94,1350,0.9316005110740662
label_block_random,2,results_v3_lr0p01,results_v3_lr0p01,small_cnn,sgd,10,128,20000,0.01,0.9,0.0005,cuda,False,False,9,95,1351,0.251319944858551
label_block_random,2,results_v3_lr0p01,results_v3_lr0p01,small_cnn,sgd,10,128,20000,0.01,0.9,0.0005,cuda,False,False,9,96,1352,0.9999451041221619
label_block_random,2,results_v3_lr0p01,results_v3_lr0p01,small_cnn,sgd,10,128,20000,0.01,0.9,0.0005,cuda,False,False,9,97,1353,0.9999531507492065
label_block_random,2,results_v3_lr0p01,results_v3_lr0p01,small_cnn,sgd,10,128,20000,0.01,0.9,0.0005,cuda,False,False,9,98,1354,0.9999607801437378
label_block_random,2,results_v3_lr0p01,results_v3_lr0p01,small_cnn,sgd,10,128,20000,0.01,0.9,0.0005,cuda,False,False,9,99,1355,0.9999677538871765
label_block_random,2,results_v3_lr0p01,results_v3_lr0p01,small_cnn,sgd,10,128,20000,0.01,0.9,0.0005,cuda,False,False,9,100,1356,0.9999739527702332
label_block_random,2,results_v3_lr0p01,results_v3_lr0p01,small_cnn,sgd,10,128,20000,0.01,0.9,0.0005,cuda,False,False,9,101,1357,0.9999791383743286
label_block_random,2,results_v3_lr0p01,results_v3_lr0p01,small_cnn,sgd,10,128,20000,0.01,0.9,0.0005,cuda,False,False,9,102,1358,0.9999836087226868
label_block_random,2,results_v3_lr0p01,results_v3_lr0p01,small_cnn,sgd,10,128,20000,0.01,0.9,0.0005,cuda,False,False,9,103,1359,0.9999873042106628
label_block_random,2,results_v3_lr0p01,results_v3_lr0p01,small_cnn,sgd,10,128,20000,0.01,0.9,0.0005,cuda,False,False,9,104,1360,0.9999904036521912
label_block_random,2,results_v3_lr0p01,results_v3_lr0p01,small_cnn,sgd,10,128,20000,0.01,0.9,0.0005,cuda,False,False,9,105,1361,0.9999929666519165
label_block_random,2,results_v3_lr0p01,results_v3_lr0p01,small_cnn,sgd,10,128,20000,0.01,0.9,0.0005,cuda,False,False,9,106,1362,0.9999948740005493
label_block_random,2,results_v3_lr0p01,results_v3_lr0p01,small_cnn,sgd,10,128,20000,0.01,0.9,0.0005,cuda,False,False,9,107,1363,0.999996542930603
label_block_random,2,results_v3_lr0p01,results_v3_lr0p01,small_cnn,sgd,10,128,20000,0.01,0.9,0.0005,cuda,False,False,9,108,1364,0.9999976754188538
label_block_random,2,results_v3_lr0p01,results_v3_lr0p01,small_cnn,sgd,10,128,20000,0.01,0.9,0.0005,cuda,False,False,9,109,1365,0.9999985098838806
label_block_random,2,results_v3_lr0p01,results_v3_lr0p01,small_cnn,sgd,10,128,20000,0.01,0.9,0.0005,cuda,False,False,9,110,1366,0.4748736321926117
label_block_random,2,results_v3_lr0p01,results_v3_lr0p01,small_cnn,sgd,10,128,20000,0.01,0.9,0.0005,cuda,False,False,9,111,1367,0.8635876774787903
label_block_random,2,results_v3_lr0p01,results_v3_lr0p01,small_cnn,sgd,10,128,20000,0.01,0.9,0.0005,cuda,False,False,9,112,1368,0.999970555305481
label_block_random,2,results_v3_lr0p01,results_v3_lr0p01,small_cnn,sgd,10,128,20000,0.01,0.9,0.0005,cuda,False,False,9,113,1369,0.9999733567237854
label_block_random,2,results_v3_lr0p01,results_v3_lr0p01,small_cnn,sgd,10,128,20000,0.01,0.9,0.0005,cuda,False,False,9,114,1370,0.9999760985374451
label_block_random,2,results_v3_lr0p01,results_v3_lr0p01,small_cnn,sgd,10,128,20000,0.01,0.9,0.0005,cuda,False,False,9,115,1371,0.9999788403511047
label_block_random,2,results_v3_lr0p01,results_v3_lr0p01,small_cnn,sgd,10,128,20000,0.01,0.9,0.0005,cuda,False,False,9,116,1372,0.9999814629554749
label_block_random,2,results_v3_lr0p01,results_v3_lr0p01,small_cnn,sgd,10,128,20000,0.01,0.9,0.0005,cuda,False,False,9,117,1373,0.9999839067459106
label_block_random,2,results_v3_lr0p01,results_v3_lr0p01,small_cnn,sgd,10,128,20000,0.01,0.9,0.0005,cuda,False,False,9,118,1374,0.9999861717224121
label_block_random,2,results_v3_lr0p01,results_v3_lr0p01,small_cnn,sgd,10,128,20000,0.01,0.9,0.0005,cuda,False,False,9,119,1375,0.9999881386756897
label_block_random,2,results_v3_lr0p01,results_v3_lr0p01,small_cnn,sgd,10,128,20000,0.01,0.9,0.0005,cuda,False,False,9,120,1376,0.9999898076057434
label_block_random,2,results_v3_lr0p01,results_v3_lr0p01,small_cnn,sgd,10,128,20000,0.01,0.9,0.0005,cuda,False,False,9,121,1377,0.9999913573265076
label_block_random,2,results_v3_lr0p01,results_v3_lr0p01,small_cnn,sgd,10,128,20000,0.01,0.9,0.0005,cuda,False,False,9,122,1378,0.9999927878379822
label_block_random,2,results_v3_lr0p01,results_v3_lr0p01,small_cnn,sgd,10,128,20000,0.01,0.9,0.0005,cuda,False,False,9,123,1379,0.9999940395355225
label_block_random,2,results_v3_lr0p01,results_v3_lr0p01,small_cnn,sgd,10,128,20000,0.01,0.9,0.0005,cuda,False,False,9,124,1380,0.9999949336051941
label_block_random,2,results_v3_lr0p01,results_v3_lr0p01,small_cnn,sgd,10,128,20000,0.01,0.9,0.0005,cuda,False,False,9,125,1381,0.999995768070221
label_block_random,2,results_v3_lr0p01,results_v3_lr0p01,small_cnn,sgd,10,128,20000,0.01,0.9,0.0005,cuda,False,False,9,126,1382,-0.02382444590330124
label_block_random,2,results_v3_lr0p01,results_v3_lr0p01,small_cnn,sgd,10,128,20000,0.01,0.9,0.0005,cuda,False,False,9,127,1383,0.9999679923057556
label_block_random,2,results_v3_lr0p01,results_v3_lr0p01,small_cnn,sgd,10,128,20000,0.01,0.9,0.0005,cuda,False,False,9,128,1384,0.9999710321426392
label_block_random,2,results_v3_lr0p01,results_v3_lr0p01,small_cnn,sgd,10,128,20000,0.01,0.9,0.0005,cuda,False,False,9,129,1385,0.999974250793457
label_block_random,2,results_v3_lr0p01,results_v3_lr0p01,small_cnn,sgd,10,128,20000,0.01,0.9,0.0005,cuda,False,False,9,130,1386,0.9999773502349854
label_block_random,2,results_v3_lr0p01,results_v3_lr0p01,small_cnn,sgd,10,128,20000,0.01,0.9,0.0005,cuda,False,False,9,131,1387,0.999980092048645
label_block_random,2,results_v3_lr0p01,results_v3_lr0p01,small_cnn,sgd,10,128,20000,0.01,0.9,0.0005,cuda,False,False,9,132,1388,0.9999829530715942
label_block_random,2,results_v3_lr0p01,results_v3_lr0p01,small_cnn,sgd,10,128,20000,0.01,0.9,0.0005,cuda,False,False,9,133,1389,0.9999853372573853
label_block_random,2,results_v3_lr0p01,results_v3_lr0p01,small_cnn,sgd,10,128,20000,0.01,0.9,0.0005,cuda,False,False,9,134,1390,0.9999875426292419
label_block_random,2,results_v3_lr0p01,results_v3_lr0p01,small_cnn,sgd,10,128,20000,0.01,0.9,0.0005,cuda,False,False,9,135,1391,0.9999895095825195
label_block_random,2,results_v3_lr0p01,results_v3_lr0p01,small_cnn,sgd,10,128,20000,0.01,0.9,0.0005,cuda,False,False,9,136,1392,0.9999911785125732
label_block_random,2,results_v3_lr0p01,results_v3_lr0p01,small_cnn,sgd,10,128,20000,0.01,0.9,0.0005,cuda,False,False,9,137,1393,0.999992847442627
label_block_random,2,results_v3_lr0p01,results_v3_lr0p01,small_cnn,sgd,10,128,20000,0.01,0.9,0.0005,cuda,False,False,9,138,1394,0.999994158744812
label_block_random,2,results_v3_lr0p01,results_v3_lr0p01,small_cnn,sgd,10,128,20000,0.01,0.9,0.0005,cuda,False,False,9,139,1395,0.9999951720237732
label_block_random,2,results_v3_lr0p01,results_v3_lr0p01,small_cnn,sgd,10,128,20000,0.01,0.9,0.0005,cuda,False,False,9,140,1396,0.9999960660934448
label_block_random,2,results_v3_lr0p01,results_v3_lr0p01,small_cnn,sgd,10,128,20000,0.01,0.9,0.0005,cuda,False,False,9,141,1397,0.8442795276641846
label_block_random,2,results_v3_lr0p01,results_v3_lr0p01,small_cnn,sgd,10,128,20000,0.01,0.9,0.0005,cuda,False,False,9,142,1398,0.5279968976974487
label_block_random,2,results_v3_lr0p01,results_v3_lr0p01,small_cnn,sgd,10,128,20000,0.01,0.9,0.0005,cuda,False,False,9,143,1399,0.9999762177467346
label_block_random,2,results_v3_lr0p01,results_v3_lr0p01,small_cnn,sgd,10,128,20000,0.01,0.9,0.0005,cuda,False,False,9,144,1400,0.9999785423278809
label_block_random,2,results_v3_lr0p01,results_v3_lr0p01,small_cnn,sgd,10,128,20000,0.01,0.9,0.0005,cuda,False,False,9,145,1401,0.9999808073043823
label_block_random,2,results_v3_lr0p01,results_v3_lr0p01,small_cnn,sgd,10,128,20000,0.01,0.9,0.0005,cuda,False,False,9,146,1402,0.9999830722808838
label_block_random,2,results_v3_lr0p01,results_v3_lr0p01,small_cnn,sgd,10,128,20000,0.01,0.9,0.0005,cuda,False,False,9,147,1403,0.9999851584434509
label_block_random,2,results_v3_lr0p01,results_v3_lr0p01,small_cnn,sgd,10,128,20000,0.01,0.9,0.0005,cuda,False,False,9,148,1404,0.9999870657920837
label_block_random,2,results_v3_lr0p01,results_v3_lr0p01,small_cnn,sgd,10,128,20000,0.01,0.9,0.0005,cuda,False,False,9,149,1405,0.9999889731407166
label_block_random,2,results_v3_lr0p01,results_v3_lr0p01,small_cnn,sgd,10,128,20000,0.01,0.9,0.0005,cuda,False,False,9,150,1406,0.999990701675415
label_block_random,2,results_v3_lr0p01,results_v3_lr0p01,small_cnn,sgd,10,128,20000,0.01,0.9,0.0005,cuda,False,False,9,151,1407,0.9999921917915344
label_block_random,2,results_v3_lr0p01,results_v3_lr0p01,small_cnn,sgd,10,128,20000,0.01,0.9,0.0005,cuda,False,False,9,152,1408,0.9999933838844299
label_block_random,2,results_v3_lr0p01,results_v3_lr0p01,small_cnn,sgd,10,128,20000,0.01,0.9,0.0005,cuda,False,False,9,153,1409,0.9999945163726807
label_block_random,2,results_v3_lr0p01,results_v3_lr0p01,small_cnn,sgd,10,128,20000,0.01,0.9,0.0005,cuda,False,False,9,154,1410,0.9999954104423523
label_block_random,2,results_v3_lr0p01,results_v3_lr0p01,small_cnn,sgd,10,128,20000,0.01,0.9,0.0005,cuda,False,False,9,155,1411,0.9999963045120239
label_block_random,2,results_v3_lr0p01,results_v3_lr0p01,small_cnn,sgd,10,128,20000,0.01,0.9,0.0005,cuda,False,False,9,156,1412,0.9999970197677612
label_block_random,2,results_v3_lr0p01,results_v3_lr0p01,small_cnn,sgd,10,128,20000,0.01,0.9,0.0005,cuda,False,False,9,157,1413,0.9999974966049194
label_block_random,2,results_v3_lr0p01,results_v3_lr0p01,small_cnn,sgd,10,128,20000,0.01,0.9,0.0005,cuda,False,False,10,1,1414,-0.05931159108877182
label_block_random,2,results_v3_lr0p01,results_v3_lr0p01,small_cnn,sgd,10,128,20000,0.01,0.9,0.0005,cuda,False,False,10,2,1415,0.9999781847000122
label_block_random,2,results_v3_lr0p01,results_v3_lr0p01,small_cnn,sgd,10,128,20000,0.01,0.9,0.0005,cuda,False,False,10,3,1416,0.999980092048645
label_block_random,2,results_v3_lr0p01,results_v3_lr0p01,small_cnn,sgd,10,128,20000,0.01,0.9,0.0005,cuda,False,False,10,4,1417,0.9999819397926331
label_block_random,2,results_v3_lr0p01,results_v3_lr0p01,small_cnn,sgd,10,128,20000,0.01,0.9,0.0005,cuda,False,False,10,5,1418,0.9999839663505554
label_block_random,2,results_v3_lr0p01,results_v3_lr0p01,small_cnn,sgd,10,128,20000,0.01,0.9,0.0005,cuda,False,False,10,6,1419,0.9999858140945435
label_block_random,2,results_v3_lr0p01,results_v3_lr0p01,small_cnn,sgd,10,128,20000,0.01,0.9,0.0005,cuda,False,False,10,7,1420,0.9999875426292419
label_block_random,2,results_v3_lr0p01,results_v3_lr0p01,small_cnn,sgd,10,128,20000,0.01,0.9,0.0005,cuda,False,False,10,8,1421,0.9999891519546509
label_block_random,2,results_v3_lr0p01,results_v3_lr0p01,small_cnn,sgd,10,128,20000,0.01,0.9,0.0005,cuda,False,False,10,9,1422,0.999990701675415
label_block_random,2,results_v3_lr0p01,results_v3_lr0p01,small_cnn,sgd,10,128,20000,0.01,0.9,0.0005,cuda,False,False,10,10,1423,0.9999920129776001
label_block_random,2,results_v3_lr0p01,results_v3_lr0p01,small_cnn,sgd,10,128,20000,0.01,0.9,0.0005,cuda,False,False,10,11,1424,0.9999933242797852
label_block_random,2,results_v3_lr0p01,results_v3_lr0p01,small_cnn,sgd,10,128,20000,0.01,0.9,0.0005,cuda,False,False,10,12,1425,0.9999943375587463
label_block_random,2,results_v3_lr0p01,results_v3_lr0p01,small_cnn,sgd,10,128,20000,0.01,0.9,0.0005,cuda,False,False,10,13,1426,0.9999952912330627
label_block_random,2,results_v3_lr0p01,results_v3_lr0p01,small_cnn,sgd,10,128,20000,0.01,0.9,0.0005,cuda,False,False,10,14,1427,0.9999959468841553
label_block_random,2,results_v3_lr0p01,results_v3_lr0p01,small_cnn,sgd,10,128,20000,0.01,0.9,0.0005,cuda,False,False,10,15,1428,0.9999966621398926
label_block_random,2,results_v3_lr0p01,results_v3_lr0p01,small_cnn,sgd,10,128,20000,0.01,0.9,0.0005,cuda,False,False,10,16,1429,0.8067362904548645
label_block_random,2,results_v3_lr0p01,results_v3_lr0p01,small_cnn,sgd,10,128,20000,0.01,0.9,0.0005,cuda,False,False,10,17,1430,0.4671315550804138
label_block_random,2,results_v3_lr0p01,results_v3_lr0p01,small_cnn,sgd,10,128,20000,0.01,0.9,0.0005,cuda,False,False,10,18,1431,0.9999465942382812
label_block_random,2,results_v3_lr0p01,results_v3_lr0p01,small_cnn,sgd,10,128,20000,0.01,0.9,0.0005,cuda,False,False,10,19,1432,0.999954879283905
label_block_random,2,results_v3_lr0p01,results_v3_lr0p01,small_cnn,sgd,10,128,20000,0.01,0.9,0.0005,cuda,False,False,10,20,1433,0.9999625086784363
label_block_random,2,results_v3_lr0p01,results_v3_lr0p01,small_cnn,sgd,10,128,20000,0.01,0.9,0.0005,cuda,False,False,10,21,1434,0.999969482421875
label_block_random,2,results_v3_lr0p01,results_v3_lr0p01,small_cnn,sgd,10,128,20000,0.01,0.9,0.0005,cuda,False,False,10,22,1435,0.9999755620956421
label_block_random,2,results_v3_lr0p01,results_v3_lr0p01,small_cnn,sgd,10,128,20000,0.01,0.9,0.0005,cuda,False,False,10,23,1436,0.9999808073043823
label_block_random,2,results_v3_lr0p01,results_v3_lr0p01,small_cnn,sgd,10,128,20000,0.01,0.9,0.0005,cuda,False,False,10,24,1437,0.9999850988388062
label_block_random,2,results_v3_lr0p01,results_v3_lr0p01,small_cnn,sgd,10,128,20000,0.01,0.9,0.0005,cuda,False,False,10,25,1438,0.9999886751174927
label_block_random,2,results_v3_lr0p01,results_v3_lr0p01,small_cnn,sgd,10,128,20000,0.01,0.9,0.0005,cuda,False,False,10,26,1439,0.9999917149543762
label_block_random,2,results_v3_lr0p01,results_v3_lr0p01,small_cnn,sgd,10,128,20000,0.01,0.9,0.0005,cuda,False,False,10,27,1440,0.9999940395355225
label_block_random,2,results_v3_lr0p01,results_v3_lr0p01,small_cnn,sgd,10,128,20000,0.01,0.9,0.0005,cuda,False,False,10,28,1441,0.9999958276748657
label_block_random,2,results_v3_lr0p01,results_v3_lr0p01,small_cnn,sgd,10,128,20000,0.01,0.9,0.0005,cuda,False,False,10,29,1442,0.9999972581863403
label_block_random,2,results_v3_lr0p01,results_v3_lr0p01,small_cnn,sgd,10,128,20000,0.01,0.9,0.0005,cuda,False,False,10,30,1443,0.9999982714653015
label_block_random,2,results_v3_lr0p01,results_v3_lr0p01,small_cnn,sgd,10,128,20000,0.01,0.9,0.0005,cuda,False,False,10,31,1444,0.9999989867210388
label_block_random,2,results_v3_lr0p01,results_v3_lr0p01,small_cnn,sgd,10,128,20000,0.01,0.9,0.0005,cuda,False,False,10,32,1445,0.20984065532684326
label_block_random,2,results_v3_lr0p01,results_v3_lr0p01,small_cnn,sgd,10,128,20000,0.01,0.9,0.0005,cuda,False,False,10,33,1446,0.9460375308990479
label_block_random,2,results_v3_lr0p01,results_v3_lr0p01,small_cnn,sgd,10,128,20000,0.01,0.9,0.0005,cuda,False,False,10,34,1447,0.9999624490737915
label_block_random,2,results_v3_lr0p01,results_v3_lr0p01,small_cnn,sgd,10,128,20000,0.01,0.9,0.0005,cuda,False,False,10,35,1448,0.9999666810035706
label_block_random,2,results_v3_lr0p01,results_v3_lr0p01,small_cnn,sgd,10,128,20000,0.01,0.9,0.0005,cuda,False,False,10,36,1449,0.9999707937240601
label_block_random,2,results_v3_lr0p01,results_v3_lr0p01,small_cnn,sgd,10,128,20000,0.01,0.9,0.0005,cuda,False,False,10,37,1450,0.9999748468399048
label_block_random,2,results_v3_lr0p01,results_v3_lr0p01,small_cnn,sgd,10,128,20000,0.01,0.9,0.0005,cuda,False,False,10,38,1451,0.9999784231185913
label_block_random,2,results_v3_lr0p01,results_v3_lr0p01,small_cnn,sgd,10,128,20000,0.01,0.9,0.0005,cuda,False,False,10,39,1452,0.9999817609786987
label_block_random,2,results_v3_lr0p01,results_v3_lr0p01,small_cnn,sgd,10,128,20000,0.01,0.9,0.0005,cuda,False,False,10,40,1453,0.9999846816062927
label_block_random,2,results_v3_lr0p01,results_v3_lr0p01,small_cnn,sgd,10,128,20000,0.01,0.9,0.0005,cuda,False,False,10,41,1454,0.9999872446060181
label_block_random,2,results_v3_lr0p01,results_v3_lr0p01,small_cnn,sgd,10,128,20000,0.01,0.9,0.0005,cuda,False,False,10,42,1455,0.9999894499778748
label_block_random,2,results_v3_lr0p01,results_v3_lr0p01,small_cnn,sgd,10,128,20000,0.01,0.9,0.0005,cuda,False,False,10,43,1456,0.9999913573265076
label_block_random,2,results_v3_lr0p01,results_v3_lr0p01,small_cnn,sgd,10,128,20000,0.01,0.9,0.0005,cuda,False,False,10,44,1457,0.999992847442627
label_block_random,2,results_v3_lr0p01,results_v3_lr0p01,small_cnn,sgd,10,128,20000,0.01,0.9,0.0005,cuda,False,False,10,45,1458,0.9999942779541016
label_block_random,2,results_v3_lr0p01,results_v3_lr0p01,small_cnn,sgd,10,128,20000,0.01,0.9,0.0005,cuda,False,False,10,46,1459,0.9999953508377075
label_block_random,2,results_v3_lr0p01,results_v3_lr0p01,small_cnn,sgd,10,128,20000,0.01,0.9,0.0005,cuda,False,False,10,47,1460,0.9865608811378479
label_block_random,2,results_v3_lr0p01,results_v3_lr0p01,small_cnn,sgd,10,128,20000,0.01,0.9,0.0005,cuda,False,False,10,48,1461,0.05682683736085892
label_block_random,2,results_v3_lr0p01,results_v3_lr0p01,small_cnn,sgd,10,128,20000,0.01,0.9,0.0005,cuda,False,False,10,49,1462,0.9999415278434753
label_block_random,2,results_v3_lr0p01,results_v3_lr0p01,small_cnn,sgd,10,128,20000,0.01,0.9,0.0005,cuda,False,False,10,50,1463,0.9999502301216125
label_block_random,2,results_v3_lr0p01,results_v3_lr0p01,small_cnn,sgd,10,128,20000,0.01,0.9,0.0005,cuda,False,False,10,51,1464,0.9999582767486572
label_block_random,2,results_v3_lr0p01,results_v3_lr0p01,small_cnn,sgd,10,128,20000,0.01,0.9,0.0005,cuda,False,False,10,52,1465,0.9999655485153198
label_block_random,2,results_v3_lr0p01,results_v3_lr0p01,small_cnn,sgd,10,128,20000,0.01,0.9,0.0005,cuda,False,False,10,53,1466,0.9999720454216003
label_block_random,2,results_v3_lr0p01,results_v3_lr0p01,small_cnn,sgd,10,128,20000,0.01,0.9,0.0005,cuda,False,False,10,54,1467,0.9999776482582092
label_block_random,2,results_v3_lr0p01,results_v3_lr0p01,small_cnn,sgd,10,128,20000,0.01,0.9,0.0005,cuda,False,False,10,55,1468,0.9999822974205017
label_block_random,2,results_v3_lr0p01,results_v3_lr0p01,small_cnn,sgd,10,128,20000,0.01,0.9,0.0005,cuda,False,False,10,56,1469,0.9999862909317017
label_block_random,2,results_v3_lr0p01,results_v3_lr0p01,small_cnn,sgd,10,128,20000,0.01,0.9,0.0005,cuda,False,False,10,57,1470,0.9999896287918091
label_block_random,2,results_v3_lr0p01,results_v3_lr0p01,small_cnn,sgd,10,128,20000,0.01,0.9,0.0005,cuda,False,False,10,58,1471,0.9999921321868896
label_block_random,2,results_v3_lr0p01,results_v3_lr0p01,small_cnn,sgd,10,128,20000,0.01,0.9,0.0005,cuda,False,False,10,59,1472,0.9999942779541016
label_block_random,2,results_v3_lr0p01,results_v3_lr0p01,small_cnn,sgd,10,128,20000,0.01,0.9,0.0005,cuda,False,False,10,60,1473,0.9999960064888
label_block_random,2,results_v3_lr0p01,results_v3_lr0p01,small_cnn,sgd,10,128,20000,0.01,0.9,0.0005,cuda,False,False,10,61,1474,0.9999971985816956
label_block_random,2,results_v3_lr0p01,results_v3_lr0p01,small_cnn,sgd,10,128,20000,0.01,0.9,0.0005,cuda,False,False,10,62,1475,0.9999980926513672
label_block_random,2,results_v3_lr0p01,results_v3_lr0p01,small_cnn,sgd,10,128,20000,0.01,0.9,0.0005,cuda,False,False,10,63,1476,0.6896767020225525
label_block_random,2,results_v3_lr0p01,results_v3_lr0p01,small_cnn,sgd,10,128,20000,0.01,0.9,0.0005,cuda,False,False,10,64,1477,0.7054924368858337
label_block_random,2,results_v3_lr0p01,results_v3_lr0p01,small_cnn,sgd,10,128,20000,0.01,0.9,0.0005,cuda,False,False,10,65,1478,0.9999740719795227
label_block_random,2,results_v3_lr0p01,results_v3_lr0p01,small_cnn,sgd,10,128,20000,0.01,0.9,0.0005,cuda,False,False,10,66,1479,0.9999761581420898
label_block_random,2,results_v3_lr0p01,results_v3_lr0p01,small_cnn,sgd,10,128,20000,0.01,0.9,0.0005,cuda,False,False,10,67,1480,0.9999783039093018
label_block_random,2,results_v3_lr0p01,results_v3_lr0p01,small_cnn,sgd,10,128,20000,0.01,0.9,0.0005,cuda,False,False,10,68,1481,0.9999803900718689
label_block_random,2,results_v3_lr0p01,results_v3_lr0p01,small_cnn,sgd,10,128,20000,0.01,0.9,0.0005,cuda,False,False,10,69,1482,0.9999823570251465
label_block_random,2,results_v3_lr0p01,results_v3_lr0p01,small_cnn,sgd,10,128,20000,0.01,0.9,0.0005,cuda,False,False,10,70,1483,0.9999843835830688
label_block_random,2,results_v3_lr0p01,results_v3_lr0p01,small_cnn,sgd,10,128,20000,0.01,0.9,0.0005,cuda,False,False,10,71,1484,0.9999861717224121
label_block_random,2,results_v3_lr0p01,results_v3_lr0p01,small_cnn,sgd,10,128,20000,0.01,0.9,0.0005,cuda,False,False,10,72,1485,0.999987781047821
label_block_random,2,results_v3_lr0p01,results_v3_lr0p01,small_cnn,sgd,10,128,20000,0.01,0.9,0.0005,cuda,False,False,10,73,1486,0.9999893307685852
label_block_random,2,results_v3_lr0p01,results_v3_lr0p01,small_cnn,sgd,10,128,20000,0.01,0.9,0.0005,cuda,False,False,10,74,1487,0.9999907612800598
label_block_random,2,results_v3_lr0p01,results_v3_lr0p01,small_cnn,sgd,10,128,20000,0.01,0.9,0.0005,cuda,False,False,10,75,1488,0.9999918937683105
label_block_random,2,results_v3_lr0p01,results_v3_lr0p01,small_cnn,sgd,10,128,20000,0.01,0.9,0.0005,cuda,False,False,10,76,1489,0.9999929666519165
label_block_random,2,results_v3_lr0p01,results_v3_lr0p01,small_cnn,sgd,10,128,20000,0.01,0.9,0.0005,cuda,False,False,10,77,1490,0.9999938607215881
label_block_random,2,results_v3_lr0p01,results_v3_lr0p01,small_cnn,sgd,10,128,20000,0.01,0.9,0.0005,cuda,False,False,10,78,1491,0.9999947547912598
label_block_random,2,results_v3_lr0p01,results_v3_lr0p01,small_cnn,sgd,10,128,20000,0.01,0.9,0.0005,cuda,False,False,10,79,1492,0.05288286134600639
label_block_random,2,results_v3_lr0p01,results_v3_lr0p01,small_cnn,sgd,10,128,20000,0.01,0.9,0.0005,cuda,False,False,10,80,1493,0.9897809028625488
label_block_random,2,results_v3_lr0p01,results_v3_lr0p01,small_cnn,sgd,10,128,20000,0.01,0.9,0.0005,cuda,False,False,10,81,1494,0.9999571442604065
label_block_random,2,results_v3_lr0p01,results_v3_lr0p01,small_cnn,sgd,10,128,20000,0.01,0.9,0.0005,cuda,False,False,10,82,1495,0.9999624490737915
label_block_random,2,results_v3_lr0p01,results_v3_lr0p01,small_cnn,sgd,10,128,20000,0.01,0.9,0.0005,cuda,False,False,10,83,1496,0.9999675750732422
label_block_random,2,results_v3_lr0p01,results_v3_lr0p01,small_cnn,sgd,10,128,20000,0.01,0.9,0.0005,cuda,False,False,10,84,1497,0.999972403049469
label_block_random,2,results_v3_lr0p01,results_v3_lr0p01,small_cnn,sgd,10,128,20000,0.01,0.9,0.0005,cuda,False,False,10,85,1498,0.9999767541885376
label_block_random,2,results_v3_lr0p01,results_v3_lr0p01,small_cnn,sgd,10,128,20000,0.01,0.9,0.0005,cuda,False,False,10,86,1499,0.9999805688858032
label_block_random,2,results_v3_lr0p01,results_v3_lr0p01,small_cnn,sgd,10,128,20000,0.01,0.9,0.0005,cuda,False,False,10,87,1500,0.999984085559845
label_block_random,2,results_v3_lr0p01,results_v3_lr0p01,small_cnn,sgd,10,128,20000,0.01,0.9,0.0005,cuda,False,False,10,88,1501,0.9999871253967285
label_block_random,2,results_v3_lr0p01,results_v3_lr0p01,small_cnn,sgd,10,128,20000,0.01,0.9,0.0005,cuda,False,False,10,89,1502,0.9999896287918091
label_block_random,2,results_v3_lr0p01,results_v3_lr0p01,small_cnn,sgd,10,128,20000,0.01,0.9,0.0005,cuda,False,False,10,90,1503,0.999991774559021
label_block_random,2,results_v3_lr0p01,results_v3_lr0p01,small_cnn,sgd,10,128,20000,0.01,0.9,0.0005,cuda,False,False,10,91,1504,0.9999935030937195
label_block_random,2,results_v3_lr0p01,results_v3_lr0p01,small_cnn,sgd,10,128,20000,0.01,0.9,0.0005,cuda,False,False,10,92,1505,0.9999949336051941
label_block_random,2,results_v3_lr0p01,results_v3_lr0p01,small_cnn,sgd,10,128,20000,0.01,0.9,0.0005,cuda,False,False,10,93,1506,0.9999960660934448
label_block_random,2,results_v3_lr0p01,results_v3_lr0p01,small_cnn,sgd,10,128,20000,0.01,0.9,0.0005,cuda,False,False,10,94,1507,0.9369023442268372
label_block_random,2,results_v3_lr0p01,results_v3_lr0p01,small_cnn,sgd,10,128,20000,0.01,0.9,0.0005,cuda,False,False,10,95,1508,0.2980324327945709
label_block_random,2,results_v3_lr0p01,results_v3_lr0p01,small_cnn,sgd,10,128,20000,0.01,0.9,0.0005,cuda,False,False,10,96,1509,0.9999586939811707
label_block_random,2,results_v3_lr0p01,results_v3_lr0p01,small_cnn,sgd,10,128,20000,0.01,0.9,0.0005,cuda,False,False,10,97,1510,0.9999635815620422
label_block_random,2,results_v3_lr0p01,results_v3_lr0p01,small_cnn,sgd,10,128,20000,0.01,0.9,0.0005,cuda,False,False,10,98,1511,0.999968409538269
label_block_random,2,results_v3_lr0p01,results_v3_lr0p01,small_cnn,sgd,10,128,20000,0.01,0.9,0.0005,cuda,False,False,10,99,1512,0.9999729990959167
label_block_random,2,results_v3_lr0p01,results_v3_lr0p01,small_cnn,sgd,10,128,20000,0.01,0.9,0.0005,cuda,False,False,10,100,1513,0.9999772906303406
label_block_random,2,results_v3_lr0p01,results_v3_lr0p01,small_cnn,sgd,10,128,20000,0.01,0.9,0.0005,cuda,False,False,10,101,1514,0.9999809861183167
label_block_random,2,results_v3_lr0p01,results_v3_lr0p01,small_cnn,sgd,10,128,20000,0.01,0.9,0.0005,cuda,False,False,10,102,1515,0.9999842047691345
label_block_random,2,results_v3_lr0p01,results_v3_lr0p01,small_cnn,sgd,10,128,20000,0.01,0.9,0.0005,cuda,False,False,10,103,1516,0.9999871850013733
label_block_random,2,results_v3_lr0p01,results_v3_lr0p01,small_cnn,sgd,10,128,20000,0.01,0.9,0.0005,cuda,False,False,10,104,1517,0.9999897480010986
label_block_random,2,results_v3_lr0p01,results_v3_lr0p01,small_cnn,sgd,10,128,20000,0.01,0.9,0.0005,cuda,False,False,10,105,1518,0.9999918937683105
label_block_random,2,results_v3_lr0p01,results_v3_lr0p01,small_cnn,sgd,10,128,20000,0.01,0.9,0.0005,cuda,False,False,10,106,1519,0.9999935030937195
label_block_random,2,results_v3_lr0p01,results_v3_lr0p01,small_cnn,sgd,10,128,20000,0.01,0.9,0.0005,cuda,False,False,10,107,1520,0.9999949932098389
label_block_random,2,results_v3_lr0p01,results_v3_lr0p01,small_cnn,sgd,10,128,20000,0.01,0.9,0.0005,cuda,False,False,10,108,1521,0.9999961256980896
label_block_random,2,results_v3_lr0p01,results_v3_lr0p01,small_cnn,sgd,10,128,20000,0.01,0.9,0.0005,cuda,False,False,10,109,1522,0.9999971389770508
label_block_random,2,results_v3_lr0p01,results_v3_lr0p01,small_cnn,sgd,10,128,20000,0.01,0.9,0.0005,cuda,False,False,10,110,1523,0.49821531772613525
label_block_random,2,results_v3_lr0p01,results_v3_lr0p01,small_cnn,sgd,10,128,20000,0.01,0.9,0.0005,cuda,False,False,10,111,1524,0.8571864366531372
label_block_random,2,results_v3_lr0p01,results_v3_lr0p01,small_cnn,sgd,10,128,20000,0.01,0.9,0.0005,cuda,False,False,10,112,1525,0.9999800324440002
label_block_random,2,results_v3_lr0p01,results_v3_lr0p01,small_cnn,sgd,10,128,20000,0.01,0.9,0.0005,cuda,False,False,10,113,1526,0.9999818205833435
label_block_random,2,results_v3_lr0p01,results_v3_lr0p01,small_cnn,sgd,10,128,20000,0.01,0.9,0.0005,cuda,False,False,10,114,1527,0.9999836087226868
label_block_random,2,results_v3_lr0p01,results_v3_lr0p01,small_cnn,sgd,10,128,20000,0.01,0.9,0.0005,cuda,False,False,10,115,1528,0.9999852776527405
label_block_random,2,results_v3_lr0p01,results_v3_lr0p01,small_cnn,sgd,10,128,20000,0.01,0.9,0.0005,cuda,False,False,10,116,1529,0.9999868273735046
label_block_random,2,results_v3_lr0p01,results_v3_lr0p01,small_cnn,sgd,10,128,20000,0.01,0.9,0.0005,cuda,False,False,10,117,1530,0.9999883770942688
label_block_random,2,results_v3_lr0p01,results_v3_lr0p01,small_cnn,sgd,10,128,20000,0.01,0.9,0.0005,cuda,False,False,10,118,1531,0.9999897480010986
label_block_random,2,results_v3_lr0p01,results_v3_lr0p01,small_cnn,sgd,10,128,20000,0.01,0.9,0.0005,cuda,False,False,10,119,1532,0.9999911189079285
label_block_random,2,results_v3_lr0p01,results_v3_lr0p01,small_cnn,sgd,10,128,20000,0.01,0.9,0.0005,cuda,False,False,10,120,1533,0.999992311000824
label_block_random,2,results_v3_lr0p01,results_v3_lr0p01,small_cnn,sgd,10,128,20000,0.01,0.9,0.0005,cuda,False,False,10,121,1534,0.9999933242797852
label_block_random,2,results_v3_lr0p01,results_v3_lr0p01,small_cnn,sgd,10,128,20000,0.01,0.9,0.0005,cuda,False,False,10,122,1535,0.999994158744812
label_block_random,2,results_v3_lr0p01,results_v3_lr0p01,small_cnn,sgd,10,128,20000,0.01,0.9,0.0005,cuda,False,False,10,123,1536,0.9999950528144836
label_block_random,2,results_v3_lr0p01,results_v3_lr0p01,small_cnn,sgd,10,128,20000,0.01,0.9,0.0005,cuda,False,False,10,124,1537,0.9999958276748657
label_block_random,2,results_v3_lr0p01,results_v3_lr0p01,small_cnn,sgd,10,128,20000,0.01,0.9,0.0005,cuda,False,False,10,125,1538,0.9999963641166687
label_block_random,2,results_v3_lr0p01,results_v3_lr0p01,small_cnn,sgd,10,128,20000,0.01,0.9,0.0005,cuda,False,False,10,126,1539,-0.05694633722305298
label_block_random,2,results_v3_lr0p01,results_v3_lr0p01,small_cnn,sgd,10,128,20000,0.01,0.9,0.0005,cuda,False,False,10,127,1540,0.9999598264694214
label_block_random,2,results_v3_lr0p01,results_v3_lr0p01,small_cnn,sgd,10,128,20000,0.01,0.9,0.0005,cuda,False,False,10,128,1541,0.9999642968177795
label_block_random,2,results_v3_lr0p01,results_v3_lr0p01,small_cnn,sgd,10,128,20000,0.01,0.9,0.0005,cuda,False,False,10,129,1542,0.9999686479568481
label_block_random,2,results_v3_lr0p01,results_v3_lr0p01,small_cnn,sgd,10,128,20000,0.01,0.9,0.0005,cuda,False,False,10,130,1543,0.9999728798866272
label_block_random,2,results_v3_lr0p01,results_v3_lr0p01,small_cnn,sgd,10,128,20000,0.01,0.9,0.0005,cuda,False,False,10,131,1544,0.9999768733978271
label_block_random,2,results_v3_lr0p01,results_v3_lr0p01,small_cnn,sgd,10,128,20000,0.01,0.9,0.0005,cuda,False,False,10,132,1545,0.9999805688858032
label_block_random,2,results_v3_lr0p01,results_v3_lr0p01,small_cnn,sgd,10,128,20000,0.01,0.9,0.0005,cuda,False,False,10,133,1546,0.9999837875366211
label_block_random,2,results_v3_lr0p01,results_v3_lr0p01,small_cnn,sgd,10,128,20000,0.01,0.9,0.0005,cuda,False,False,10,134,1547,0.9999867677688599
label_block_random,2,results_v3_lr0p01,results_v3_lr0p01,small_cnn,sgd,10,128,20000,0.01,0.9,0.0005,cuda,False,False,10,135,1548,0.99998939037323
label_block_random,2,results_v3_lr0p01,results_v3_lr0p01,small_cnn,sgd,10,128,20000,0.01,0.9,0.0005,cuda,False,False,10,136,1549,0.9999914169311523
label_block_random,2,results_v3_lr0p01,results_v3_lr0p01,small_cnn,sgd,10,128,20000,0.01,0.9,0.0005,cuda,False,False,10,137,1550,0.9999931454658508
label_block_random,2,results_v3_lr0p01,results_v3_lr0p01,small_cnn,sgd,10,128,20000,0.01,0.9,0.0005,cuda,False,False,10,138,1551,0.9999946355819702
label_block_random,2,results_v3_lr0p01,results_v3_lr0p01,small_cnn,sgd,10,128,20000,0.01,0.9,0.0005,cuda,False,False,10,139,1552,0.9999959468841553
label_block_random,2,results_v3_lr0p01,results_v3_lr0p01,small_cnn,sgd,10,128,20000,0.01,0.9,0.0005,cuda,False,False,10,140,1553,0.9999968409538269
label_block_random,2,results_v3_lr0p01,results_v3_lr0p01,small_cnn,sgd,10,128,20000,0.01,0.9,0.0005,cuda,False,False,10,141,1554,0.8417159914970398
label_block_random,2,results_v3_lr0p01,results_v3_lr0p01,small_cnn,sgd,10,128,20000,0.01,0.9,0.0005,cuda,False,False,10,142,1555,0.5219680070877075
label_block_random,2,results_v3_lr0p01,results_v3_lr0p01,small_cnn,sgd,10,128,20000,0.01,0.9,0.0005,cuda,False,False,10,143,1556,0.9999751448631287
label_block_random,2,results_v3_lr0p01,results_v3_lr0p01,small_cnn,sgd,10,128,20000,0.01,0.9,0.0005,cuda,False,False,10,144,1557,0.9999775290489197
label_block_random,2,results_v3_lr0p01,results_v3_lr0p01,small_cnn,sgd,10,128,20000,0.01,0.9,0.0005,cuda,False,False,10,145,1558,0.9999799728393555
label_block_random,2,results_v3_lr0p01,results_v3_lr0p01,small_cnn,sgd,10,128,20000,0.01,0.9,0.0005,cuda,False,False,10,146,1559,0.9999822378158569
label_block_random,2,results_v3_lr0p01,results_v3_lr0p01,small_cnn,sgd,10,128,20000,0.01,0.9,0.0005,cuda,False,False,10,147,1560,0.9999845027923584
label_block_random,2,results_v3_lr0p01,results_v3_lr0p01,small_cnn,sgd,10,128,20000,0.01,0.9,0.0005,cuda,False,False,10,148,1561,0.9999867677688599
label_block_random,2,results_v3_lr0p01,results_v3_lr0p01,small_cnn,sgd,10,128,20000,0.01,0.9,0.0005,cuda,False,False,10,149,1562,0.9999886751174927
label_block_random,2,results_v3_lr0p01,results_v3_lr0p01,small_cnn,sgd,10,128,20000,0.01,0.9,0.0005,cuda,False,False,10,150,1563,0.9999904632568359
label_block_random,2,results_v3_lr0p01,results_v3_lr0p01,small_cnn,sgd,10,128,20000,0.01,0.9,0.0005,cuda,False,False,10,151,1564,0.9999920129776001
label_block_random,2,results_v3_lr0p01,results_v3_lr0p01,small_cnn,sgd,10,128,20000,0.01,0.9,0.0005,cuda,False,False,10,152,1565,0.9999933242797852
label_block_random,2,results_v3_lr0p01,results_v3_lr0p01,small_cnn,sgd,10,128,20000,0.01,0.9,0.0005,cuda,False,False,10,153,1566,0.9999944567680359
label_block_random,2,results_v3_lr0p01,results_v3_lr0p01,small_cnn,sgd,10,128,20000,0.01,0.9,0.0005,cuda,False,False,10,154,1567,0.9999953508377075
label_block_random,2,results_v3_lr0p01,results_v3_lr0p01,small_cnn,sgd,10,128,20000,0.01,0.9,0.0005,cuda,False,False,10,155,1568,0.9999962449073792
label_block_random,2,results_v3_lr0p01,results_v3_lr0p01,small_cnn,sgd,10,128,20000,0.01,0.9,0.0005,cuda,False,False,10,156,1569,0.9999968409538269
label_block_random,2,results_v3_lr0p01,results_v3_lr0p01,small_cnn,sgd,10,128,20000,0.01,0.9,0.0005,cuda,False,False,10,157,1570,0.9999974966049194
