order_mode,seed,experiment_name,output_dir,model,optimizer,epochs,batch_size,max_train_examples,learning_rate,momentum,weight_decay,device,deterministic,save_embeddings,epoch,batch_index,global_step,cosine_similarity
label_sorted,0,results_v3_lr0p01,results_v3_lr0p01,small_cnn,sgd,10,128,20000,0.01,0.9,0.0005,cuda,False,False,1,1,1,
label_sorted,0,results_v3_lr0p01,results_v3_lr0p01,small_cnn,sgd,10,128,20000,0.01,0.9,0.0005,cuda,False,False,1,2,2,0.9072391986846924
label_sorted,0,results_v3_lr0p01,results_v3_lr0p01,small_cnn,sgd,10,128,20000,0.01,0.9,0.0005,cuda,False,False,1,3,3,0.8869242072105408
label_sorted,0,results_v3_lr0p01,results_v3_lr0p01,small_cnn,sgd,10,128,20000,0.01,0.9,0.0005,cuda,False,False,1,4,4,0.9597594738006592
label_sorted,0,results_v3_lr0p01,results_v3_lr0p01,small_cnn,sgd,10,128,20000,0.01,0.9,0.0005,cuda,False,False,1,5,5,0.9835420250892639
label_sorted,0,results_v3_lr0p01,results_v3_lr0p01,small_cnn,sgd,10,128,20000,0.01,0.9,0.0005,cuda,False,False,1,6,6,0.98820960521698
label_sorted,0,results_v3_lr0p01,results_v3_lr0p01,small_cnn,sgd,10,128,20000,0.01,0.9,0.0005,cuda,False,False,1,7,7,0.9942556619644165
label_sorted,0,results_v3_lr0p01,results_v3_lr0p01,small_cnn,sgd,10,128,20000,0.01,0.9,0.0005,cuda,False,False,1,8,8,0.9940972328186035
label_sorted,0,results_v3_lr0p01,results_v3_lr0p01,small_cnn,sgd,10,128,20000,0.01,0.9,0.0005,cuda,False,False,1,9,9,0.9859049916267395
label_sorted,0,results_v3_lr0p01,results_v3_lr0p01,small_cnn,sgd,10,128,20000,0.01,0.9,0.0005,cuda,False,False,1,10,10,0.9734001159667969
label_sorted,0,results_v3_lr0p01,results_v3_lr0p01,small_cnn,sgd,10,128,20000,0.01,0.9,0.0005,cuda,False,False,1,11,11,0.9947687387466431
label_sorted,0,results_v3_lr0p01,results_v3_lr0p01,small_cnn,sgd,10,128,20000,0.01,0.9,0.0005,cuda,False,False,1,12,12,0.4898950457572937
label_sorted,0,results_v3_lr0p01,results_v3_lr0p01,small_cnn,sgd,10,128,20000,0.01,0.9,0.0005,cuda,False,False,1,13,13,0.03510940447449684
label_sorted,0,results_v3_lr0p01,results_v3_lr0p01,small_cnn,sgd,10,128,20000,0.01,0.9,0.0005,cuda,False,False,1,14,14,4.683653969550505e-05
label_sorted,0,results_v3_lr0p01,results_v3_lr0p01,small_cnn,sgd,10,128,20000,0.01,0.9,0.0005,cuda,False,False,1,15,15,6.085704740144138e-08
label_sorted,0,results_v3_lr0p01,results_v3_lr0p01,small_cnn,sgd,10,128,20000,0.01,0.9,0.0005,cuda,False,False,1,16,16,-8.990182323032059e-06
label_sorted,0,results_v3_lr0p01,results_v3_lr0p01,small_cnn,sgd,10,128,20000,0.01,0.9,0.0005,cuda,False,False,1,17,17,0.9888157248497009
label_sorted,0,results_v3_lr0p01,results_v3_lr0p01,small_cnn,sgd,10,128,20000,0.01,0.9,0.0005,cuda,False,False,1,18,18,-0.15157535672187805
label_sorted,0,results_v3_lr0p01,results_v3_lr0p01,small_cnn,sgd,10,128,20000,0.01,0.9,0.0005,cuda,False,False,1,19,19,0.6144639849662781
label_sorted,0,results_v3_lr0p01,results_v3_lr0p01,small_cnn,sgd,10,128,20000,0.01,0.9,0.0005,cuda,False,False,1,20,20,0.8146889209747314
label_sorted,0,results_v3_lr0p01,results_v3_lr0p01,small_cnn,sgd,10,128,20000,0.01,0.9,0.0005,cuda,False,False,1,21,21,0.8827648162841797
label_sorted,0,results_v3_lr0p01,results_v3_lr0p01,small_cnn,sgd,10,128,20000,0.01,0.9,0.0005,cuda,False,False,1,22,22,0.9565728306770325
label_sorted,0,results_v3_lr0p01,results_v3_lr0p01,small_cnn,sgd,10,128,20000,0.01,0.9,0.0005,cuda,False,False,1,23,23,0.9636986255645752
label_sorted,0,results_v3_lr0p01,results_v3_lr0p01,small_cnn,sgd,10,128,20000,0.01,0.9,0.0005,cuda,False,False,1,24,24,0.9742733240127563
label_sorted,0,results_v3_lr0p01,results_v3_lr0p01,small_cnn,sgd,10,128,20000,0.01,0.9,0.0005,cuda,False,False,1,25,25,0.9859211444854736
label_sorted,0,results_v3_lr0p01,results_v3_lr0p01,small_cnn,sgd,10,128,20000,0.01,0.9,0.0005,cuda,False,False,1,26,26,0.989192545413971
label_sorted,0,results_v3_lr0p01,results_v3_lr0p01,small_cnn,sgd,10,128,20000,0.01,0.9,0.0005,cuda,False,False,1,27,27,0.9939131140708923
label_sorted,0,results_v3_lr0p01,results_v3_lr0p01,small_cnn,sgd,10,128,20000,0.01,0.9,0.0005,cuda,False,False,1,28,28,0.9869876503944397
label_sorted,0,results_v3_lr0p01,results_v3_lr0p01,small_cnn,sgd,10,128,20000,0.01,0.9,0.0005,cuda,False,False,1,29,29,0.9525409936904907
label_sorted,0,results_v3_lr0p01,results_v3_lr0p01,small_cnn,sgd,10,128,20000,0.01,0.9,0.0005,cuda,False,False,1,30,30,0.9446070790290833
label_sorted,0,results_v3_lr0p01,results_v3_lr0p01,small_cnn,sgd,10,128,20000,0.01,0.9,0.0005,cuda,False,False,1,31,31,0.0011082421988248825
label_sorted,0,results_v3_lr0p01,results_v3_lr0p01,small_cnn,sgd,10,128,20000,0.01,0.9,0.0005,cuda,False,False,1,32,32,-0.0007443798240274191
label_sorted,0,results_v3_lr0p01,results_v3_lr0p01,small_cnn,sgd,10,128,20000,0.01,0.9,0.0005,cuda,False,False,1,33,33,0.6359370350837708
label_sorted,0,results_v3_lr0p01,results_v3_lr0p01,small_cnn,sgd,10,128,20000,0.01,0.9,0.0005,cuda,False,False,1,34,34,0.34025752544403076
label_sorted,0,results_v3_lr0p01,results_v3_lr0p01,small_cnn,sgd,10,128,20000,0.01,0.9,0.0005,cuda,False,False,1,35,35,0.8654351234436035
label_sorted,0,results_v3_lr0p01,results_v3_lr0p01,small_cnn,sgd,10,128,20000,0.01,0.9,0.0005,cuda,False,False,1,36,36,0.6604052186012268
label_sorted,0,results_v3_lr0p01,results_v3_lr0p01,small_cnn,sgd,10,128,20000,0.01,0.9,0.0005,cuda,False,False,1,37,37,0.9240545630455017
label_sorted,0,results_v3_lr0p01,results_v3_lr0p01,small_cnn,sgd,10,128,20000,0.01,0.9,0.0005,cuda,False,False,1,38,38,0.9756714701652527
label_sorted,0,results_v3_lr0p01,results_v3_lr0p01,small_cnn,sgd,10,128,20000,0.01,0.9,0.0005,cuda,False,False,1,39,39,0.9776608347892761
label_sorted,0,results_v3_lr0p01,results_v3_lr0p01,small_cnn,sgd,10,128,20000,0.01,0.9,0.0005,cuda,False,False,1,40,40,0.9788985848426819
label_sorted,0,results_v3_lr0p01,results_v3_lr0p01,small_cnn,sgd,10,128,20000,0.01,0.9,0.0005,cuda,False,False,1,41,41,0.9863996505737305
label_sorted,0,results_v3_lr0p01,results_v3_lr0p01,small_cnn,sgd,10,128,20000,0.01,0.9,0.0005,cuda,False,False,1,42,42,0.9848633408546448
label_sorted,0,results_v3_lr0p01,results_v3_lr0p01,small_cnn,sgd,10,128,20000,0.01,0.9,0.0005,cuda,False,False,1,43,43,0.9867786169052124
label_sorted,0,results_v3_lr0p01,results_v3_lr0p01,small_cnn,sgd,10,128,20000,0.01,0.9,0.0005,cuda,False,False,1,44,44,0.9881049394607544
label_sorted,0,results_v3_lr0p01,results_v3_lr0p01,small_cnn,sgd,10,128,20000,0.01,0.9,0.0005,cuda,False,False,1,45,45,0.9903169274330139
label_sorted,0,results_v3_lr0p01,results_v3_lr0p01,small_cnn,sgd,10,128,20000,0.01,0.9,0.0005,cuda,False,False,1,46,46,0.9910010099411011
label_sorted,0,results_v3_lr0p01,results_v3_lr0p01,small_cnn,sgd,10,128,20000,0.01,0.9,0.0005,cuda,False,False,1,47,47,0.9154679179191589
label_sorted,0,results_v3_lr0p01,results_v3_lr0p01,small_cnn,sgd,10,128,20000,0.01,0.9,0.0005,cuda,False,False,1,48,48,-0.5645321011543274
label_sorted,0,results_v3_lr0p01,results_v3_lr0p01,small_cnn,sgd,10,128,20000,0.01,0.9,0.0005,cuda,False,False,1,49,49,0.9805281162261963
label_sorted,0,results_v3_lr0p01,results_v3_lr0p01,small_cnn,sgd,10,128,20000,0.01,0.9,0.0005,cuda,False,False,1,50,50,0.5622586607933044
label_sorted,0,results_v3_lr0p01,results_v3_lr0p01,small_cnn,sgd,10,128,20000,0.01,0.9,0.0005,cuda,False,False,1,51,51,0.7381359338760376
label_sorted,0,results_v3_lr0p01,results_v3_lr0p01,small_cnn,sgd,10,128,20000,0.01,0.9,0.0005,cuda,False,False,1,52,52,0.9540145993232727
label_sorted,0,results_v3_lr0p01,results_v3_lr0p01,small_cnn,sgd,10,128,20000,0.01,0.9,0.0005,cuda,False,False,1,53,53,0.9848266839981079
label_sorted,0,results_v3_lr0p01,results_v3_lr0p01,small_cnn,sgd,10,128,20000,0.01,0.9,0.0005,cuda,False,False,1,54,54,0.9419689774513245
label_sorted,0,results_v3_lr0p01,results_v3_lr0p01,small_cnn,sgd,10,128,20000,0.01,0.9,0.0005,cuda,False,False,1,55,55,0.9682769179344177
label_sorted,0,results_v3_lr0p01,results_v3_lr0p01,small_cnn,sgd,10,128,20000,0.01,0.9,0.0005,cuda,False,False,1,56,56,0.9709269404411316
label_sorted,0,results_v3_lr0p01,results_v3_lr0p01,small_cnn,sgd,10,128,20000,0.01,0.9,0.0005,cuda,False,False,1,57,57,0.9936540722846985
label_sorted,0,results_v3_lr0p01,results_v3_lr0p01,small_cnn,sgd,10,128,20000,0.01,0.9,0.0005,cuda,False,False,1,58,58,0.9926444292068481
label_sorted,0,results_v3_lr0p01,results_v3_lr0p01,small_cnn,sgd,10,128,20000,0.01,0.9,0.0005,cuda,False,False,1,59,59,0.9921282529830933
label_sorted,0,results_v3_lr0p01,results_v3_lr0p01,small_cnn,sgd,10,128,20000,0.01,0.9,0.0005,cuda,False,False,1,60,60,0.9801546335220337
label_sorted,0,results_v3_lr0p01,results_v3_lr0p01,small_cnn,sgd,10,128,20000,0.01,0.9,0.0005,cuda,False,False,1,61,61,0.5254356861114502
label_sorted,0,results_v3_lr0p01,results_v3_lr0p01,small_cnn,sgd,10,128,20000,0.01,0.9,0.0005,cuda,False,False,1,62,62,0.03533560782670975
label_sorted,0,results_v3_lr0p01,results_v3_lr0p01,small_cnn,sgd,10,128,20000,0.01,0.9,0.0005,cuda,False,False,1,63,63,-0.01809898391366005
label_sorted,0,results_v3_lr0p01,results_v3_lr0p01,small_cnn,sgd,10,128,20000,0.01,0.9,0.0005,cuda,False,False,1,64,64,0.9702965021133423
label_sorted,0,results_v3_lr0p01,results_v3_lr0p01,small_cnn,sgd,10,128,20000,0.01,0.9,0.0005,cuda,False,False,1,65,65,0.018014006316661835
label_sorted,0,results_v3_lr0p01,results_v3_lr0p01,small_cnn,sgd,10,128,20000,0.01,0.9,0.0005,cuda,False,False,1,66,66,0.8379422426223755
label_sorted,0,results_v3_lr0p01,results_v3_lr0p01,small_cnn,sgd,10,128,20000,0.01,0.9,0.0005,cuda,False,False,1,67,67,0.9557102918624878
label_sorted,0,results_v3_lr0p01,results_v3_lr0p01,small_cnn,sgd,10,128,20000,0.01,0.9,0.0005,cuda,False,False,1,68,68,0.9719754457473755
label_sorted,0,results_v3_lr0p01,results_v3_lr0p01,small_cnn,sgd,10,128,20000,0.01,0.9,0.0005,cuda,False,False,1,69,69,0.9786675572395325
label_sorted,0,results_v3_lr0p01,results_v3_lr0p01,small_cnn,sgd,10,128,20000,0.01,0.9,0.0005,cuda,False,False,1,70,70,0.981042206287384
label_sorted,0,results_v3_lr0p01,results_v3_lr0p01,small_cnn,sgd,10,128,20000,0.01,0.9,0.0005,cuda,False,False,1,71,71,0.9601742029190063
label_sorted,0,results_v3_lr0p01,results_v3_lr0p01,small_cnn,sgd,10,128,20000,0.01,0.9,0.0005,cuda,False,False,1,72,72,0.922053337097168
label_sorted,0,results_v3_lr0p01,results_v3_lr0p01,small_cnn,sgd,10,128,20000,0.01,0.9,0.0005,cuda,False,False,1,73,73,0.9174511432647705
label_sorted,0,results_v3_lr0p01,results_v3_lr0p01,small_cnn,sgd,10,128,20000,0.01,0.9,0.0005,cuda,False,False,1,74,74,0.5114336609840393
label_sorted,0,results_v3_lr0p01,results_v3_lr0p01,small_cnn,sgd,10,128,20000,0.01,0.9,0.0005,cuda,False,False,1,75,75,0.9574401378631592
label_sorted,0,results_v3_lr0p01,results_v3_lr0p01,small_cnn,sgd,10,128,20000,0.01,0.9,0.0005,cuda,False,False,1,76,76,0.9322178363800049
label_sorted,0,results_v3_lr0p01,results_v3_lr0p01,small_cnn,sgd,10,128,20000,0.01,0.9,0.0005,cuda,False,False,1,77,77,0.9644784331321716
label_sorted,0,results_v3_lr0p01,results_v3_lr0p01,small_cnn,sgd,10,128,20000,0.01,0.9,0.0005,cuda,False,False,1,78,78,0.9688667058944702
label_sorted,0,results_v3_lr0p01,results_v3_lr0p01,small_cnn,sgd,10,128,20000,0.01,0.9,0.0005,cuda,False,False,1,79,79,-0.7517545223236084
label_sorted,0,results_v3_lr0p01,results_v3_lr0p01,small_cnn,sgd,10,128,20000,0.01,0.9,0.0005,cuda,False,False,1,80,80,0.08233067393302917
label_sorted,0,results_v3_lr0p01,results_v3_lr0p01,small_cnn,sgd,10,128,20000,0.01,0.9,0.0005,cuda,False,False,1,81,81,0.91997230052948
label_sorted,0,results_v3_lr0p01,results_v3_lr0p01,small_cnn,sgd,10,128,20000,0.01,0.9,0.0005,cuda,False,False,1,82,82,0.9952224493026733
label_sorted,0,results_v3_lr0p01,results_v3_lr0p01,small_cnn,sgd,10,128,20000,0.01,0.9,0.0005,cuda,False,False,1,83,83,0.9847900867462158
label_sorted,0,results_v3_lr0p01,results_v3_lr0p01,small_cnn,sgd,10,128,20000,0.01,0.9,0.0005,cuda,False,False,1,84,84,0.9539142847061157
label_sorted,0,results_v3_lr0p01,results_v3_lr0p01,small_cnn,sgd,10,128,20000,0.01,0.9,0.0005,cuda,False,False,1,85,85,0.9377158880233765
label_sorted,0,results_v3_lr0p01,results_v3_lr0p01,small_cnn,sgd,10,128,20000,0.01,0.9,0.0005,cuda,False,False,1,86,86,0.8445159792900085
label_sorted,0,results_v3_lr0p01,results_v3_lr0p01,small_cnn,sgd,10,128,20000,0.01,0.9,0.0005,cuda,False,False,1,87,87,-0.1916314661502838
label_sorted,0,results_v3_lr0p01,results_v3_lr0p01,small_cnn,sgd,10,128,20000,0.01,0.9,0.0005,cuda,False,False,1,88,88,0.7184568643569946
label_sorted,0,results_v3_lr0p01,results_v3_lr0p01,small_cnn,sgd,10,128,20000,0.01,0.9,0.0005,cuda,False,False,1,89,89,0.49350786209106445
label_sorted,0,results_v3_lr0p01,results_v3_lr0p01,small_cnn,sgd,10,128,20000,0.01,0.9,0.0005,cuda,False,False,1,90,90,0.95695561170578
label_sorted,0,results_v3_lr0p01,results_v3_lr0p01,small_cnn,sgd,10,128,20000,0.01,0.9,0.0005,cuda,False,False,1,91,91,0.908363938331604
label_sorted,0,results_v3_lr0p01,results_v3_lr0p01,small_cnn,sgd,10,128,20000,0.01,0.9,0.0005,cuda,False,False,1,92,92,0.5869259238243103
label_sorted,0,results_v3_lr0p01,results_v3_lr0p01,small_cnn,sgd,10,128,20000,0.01,0.9,0.0005,cuda,False,False,1,93,93,0.7519353032112122
label_sorted,0,results_v3_lr0p01,results_v3_lr0p01,small_cnn,sgd,10,128,20000,0.01,0.9,0.0005,cuda,False,False,1,94,94,-0.616641104221344
label_sorted,0,results_v3_lr0p01,results_v3_lr0p01,small_cnn,sgd,10,128,20000,0.01,0.9,0.0005,cuda,False,False,1,95,95,0.9622111320495605
label_sorted,0,results_v3_lr0p01,results_v3_lr0p01,small_cnn,sgd,10,128,20000,0.01,0.9,0.0005,cuda,False,False,1,96,96,0.5471199750900269
label_sorted,0,results_v3_lr0p01,results_v3_lr0p01,small_cnn,sgd,10,128,20000,0.01,0.9,0.0005,cuda,False,False,1,97,97,0.4932379424571991
label_sorted,0,results_v3_lr0p01,results_v3_lr0p01,small_cnn,sgd,10,128,20000,0.01,0.9,0.0005,cuda,False,False,1,98,98,0.9755905270576477
label_sorted,0,results_v3_lr0p01,results_v3_lr0p01,small_cnn,sgd,10,128,20000,0.01,0.9,0.0005,cuda,False,False,1,99,99,0.9971412420272827
label_sorted,0,results_v3_lr0p01,results_v3_lr0p01,small_cnn,sgd,10,128,20000,0.01,0.9,0.0005,cuda,False,False,1,100,100,0.9953118562698364
label_sorted,0,results_v3_lr0p01,results_v3_lr0p01,small_cnn,sgd,10,128,20000,0.01,0.9,0.0005,cuda,False,False,1,101,101,0.9855342507362366
label_sorted,0,results_v3_lr0p01,results_v3_lr0p01,small_cnn,sgd,10,128,20000,0.01,0.9,0.0005,cuda,False,False,1,102,102,0.9897449612617493
label_sorted,0,results_v3_lr0p01,results_v3_lr0p01,small_cnn,sgd,10,128,20000,0.01,0.9,0.0005,cuda,False,False,1,103,103,0.83407062292099
label_sorted,0,results_v3_lr0p01,results_v3_lr0p01,small_cnn,sgd,10,128,20000,0.01,0.9,0.0005,cuda,False,False,1,104,104,0.8777121901512146
label_sorted,0,results_v3_lr0p01,results_v3_lr0p01,small_cnn,sgd,10,128,20000,0.01,0.9,0.0005,cuda,False,False,1,105,105,0.8069298267364502
label_sorted,0,results_v3_lr0p01,results_v3_lr0p01,small_cnn,sgd,10,128,20000,0.01,0.9,0.0005,cuda,False,False,1,106,106,0.00019481040362734348
label_sorted,0,results_v3_lr0p01,results_v3_lr0p01,small_cnn,sgd,10,128,20000,0.01,0.9,0.0005,cuda,False,False,1,107,107,1.7956618414416425e-09
label_sorted,0,results_v3_lr0p01,results_v3_lr0p01,small_cnn,sgd,10,128,20000,0.01,0.9,0.0005,cuda,False,False,1,108,108,5.064471793048142e-07
label_sorted,0,results_v3_lr0p01,results_v3_lr0p01,small_cnn,sgd,10,128,20000,0.01,0.9,0.0005,cuda,False,False,1,109,109,7.064314559102058e-05
label_sorted,0,results_v3_lr0p01,results_v3_lr0p01,small_cnn,sgd,10,128,20000,0.01,0.9,0.0005,cuda,False,False,1,110,110,-5.260300895315595e-05
label_sorted,0,results_v3_lr0p01,results_v3_lr0p01,small_cnn,sgd,10,128,20000,0.01,0.9,0.0005,cuda,False,False,1,111,111,0.009184165857732296
label_sorted,0,results_v3_lr0p01,results_v3_lr0p01,small_cnn,sgd,10,128,20000,0.01,0.9,0.0005,cuda,False,False,1,112,112,0.9710322618484497
label_sorted,0,results_v3_lr0p01,results_v3_lr0p01,small_cnn,sgd,10,128,20000,0.01,0.9,0.0005,cuda,False,False,1,113,113,0.9749555587768555
label_sorted,0,results_v3_lr0p01,results_v3_lr0p01,small_cnn,sgd,10,128,20000,0.01,0.9,0.0005,cuda,False,False,1,114,114,0.9837066531181335
label_sorted,0,results_v3_lr0p01,results_v3_lr0p01,small_cnn,sgd,10,128,20000,0.01,0.9,0.0005,cuda,False,False,1,115,115,0.9776486158370972
label_sorted,0,results_v3_lr0p01,results_v3_lr0p01,small_cnn,sgd,10,128,20000,0.01,0.9,0.0005,cuda,False,False,1,116,116,0.9643759727478027
label_sorted,0,results_v3_lr0p01,results_v3_lr0p01,small_cnn,sgd,10,128,20000,0.01,0.9,0.0005,cuda,False,False,1,117,117,0.9386825561523438
label_sorted,0,results_v3_lr0p01,results_v3_lr0p01,small_cnn,sgd,10,128,20000,0.01,0.9,0.0005,cuda,False,False,1,118,118,0.9483133554458618
label_sorted,0,results_v3_lr0p01,results_v3_lr0p01,small_cnn,sgd,10,128,20000,0.01,0.9,0.0005,cuda,False,False,1,119,119,0.9016949534416199
label_sorted,0,results_v3_lr0p01,results_v3_lr0p01,small_cnn,sgd,10,128,20000,0.01,0.9,0.0005,cuda,False,False,1,120,120,0.9811708331108093
label_sorted,0,results_v3_lr0p01,results_v3_lr0p01,small_cnn,sgd,10,128,20000,0.01,0.9,0.0005,cuda,False,False,1,121,121,0.9948263168334961
label_sorted,0,results_v3_lr0p01,results_v3_lr0p01,small_cnn,sgd,10,128,20000,0.01,0.9,0.0005,cuda,False,False,1,122,122,0.5882807970046997
label_sorted,0,results_v3_lr0p01,results_v3_lr0p01,small_cnn,sgd,10,128,20000,0.01,0.9,0.0005,cuda,False,False,1,123,123,0.02148871310055256
label_sorted,0,results_v3_lr0p01,results_v3_lr0p01,small_cnn,sgd,10,128,20000,0.01,0.9,0.0005,cuda,False,False,1,124,124,2.2116969944363518e-07
label_sorted,0,results_v3_lr0p01,results_v3_lr0p01,small_cnn,sgd,10,128,20000,0.01,0.9,0.0005,cuda,False,False,1,125,125,3.2951769026075273e-13
label_sorted,0,results_v3_lr0p01,results_v3_lr0p01,small_cnn,sgd,10,128,20000,0.01,0.9,0.0005,cuda,False,False,1,126,126,-1.2264756321656023e-08
label_sorted,0,results_v3_lr0p01,results_v3_lr0p01,small_cnn,sgd,10,128,20000,0.01,0.9,0.0005,cuda,False,False,1,127,127,0.4393191933631897
label_sorted,0,results_v3_lr0p01,results_v3_lr0p01,small_cnn,sgd,10,128,20000,0.01,0.9,0.0005,cuda,False,False,1,128,128,0.3309372663497925
label_sorted,0,results_v3_lr0p01,results_v3_lr0p01,small_cnn,sgd,10,128,20000,0.01,0.9,0.0005,cuda,False,False,1,129,129,0.9814531207084656
label_sorted,0,results_v3_lr0p01,results_v3_lr0p01,small_cnn,sgd,10,128,20000,0.01,0.9,0.0005,cuda,False,False,1,130,130,0.9824619293212891
label_sorted,0,results_v3_lr0p01,results_v3_lr0p01,small_cnn,sgd,10,128,20000,0.01,0.9,0.0005,cuda,False,False,1,131,131,0.9815788269042969
label_sorted,0,results_v3_lr0p01,results_v3_lr0p01,small_cnn,sgd,10,128,20000,0.01,0.9,0.0005,cuda,False,False,1,132,132,0.9802460074424744
label_sorted,0,results_v3_lr0p01,results_v3_lr0p01,small_cnn,sgd,10,128,20000,0.01,0.9,0.0005,cuda,False,False,1,133,133,0.9793628454208374
label_sorted,0,results_v3_lr0p01,results_v3_lr0p01,small_cnn,sgd,10,128,20000,0.01,0.9,0.0005,cuda,False,False,1,134,134,0.9814745783805847
label_sorted,0,results_v3_lr0p01,results_v3_lr0p01,small_cnn,sgd,10,128,20000,0.01,0.9,0.0005,cuda,False,False,1,135,135,0.9869649410247803
label_sorted,0,results_v3_lr0p01,results_v3_lr0p01,small_cnn,sgd,10,128,20000,0.01,0.9,0.0005,cuda,False,False,1,136,136,0.9893609881401062
label_sorted,0,results_v3_lr0p01,results_v3_lr0p01,small_cnn,sgd,10,128,20000,0.01,0.9,0.0005,cuda,False,False,1,137,137,0.9896454215049744
label_sorted,0,results_v3_lr0p01,results_v3_lr0p01,small_cnn,sgd,10,128,20000,0.01,0.9,0.0005,cuda,False,False,1,138,138,0.9962530732154846
label_sorted,0,results_v3_lr0p01,results_v3_lr0p01,small_cnn,sgd,10,128,20000,0.01,0.9,0.0005,cuda,False,False,1,139,139,0.995679497718811
label_sorted,0,results_v3_lr0p01,results_v3_lr0p01,small_cnn,sgd,10,128,20000,0.01,0.9,0.0005,cuda,False,False,1,140,140,0.998737633228302
label_sorted,0,results_v3_lr0p01,results_v3_lr0p01,small_cnn,sgd,10,128,20000,0.01,0.9,0.0005,cuda,False,False,1,141,141,0.812419593334198
label_sorted,0,results_v3_lr0p01,results_v3_lr0p01,small_cnn,sgd,10,128,20000,0.01,0.9,0.0005,cuda,False,False,1,142,142,0.2435644268989563
label_sorted,0,results_v3_lr0p01,results_v3_lr0p01,small_cnn,sgd,10,128,20000,0.01,0.9,0.0005,cuda,False,False,1,143,143,0.9997413754463196
label_sorted,0,results_v3_lr0p01,results_v3_lr0p01,small_cnn,sgd,10,128,20000,0.01,0.9,0.0005,cuda,False,False,1,144,144,0.9998167753219604
label_sorted,0,results_v3_lr0p01,results_v3_lr0p01,small_cnn,sgd,10,128,20000,0.01,0.9,0.0005,cuda,False,False,1,145,145,0.9998130202293396
label_sorted,0,results_v3_lr0p01,results_v3_lr0p01,small_cnn,sgd,10,128,20000,0.01,0.9,0.0005,cuda,False,False,1,146,146,0.9997153878211975
label_sorted,0,results_v3_lr0p01,results_v3_lr0p01,small_cnn,sgd,10,128,20000,0.01,0.9,0.0005,cuda,False,False,1,147,147,0.9983673691749573
label_sorted,0,results_v3_lr0p01,results_v3_lr0p01,small_cnn,sgd,10,128,20000,0.01,0.9,0.0005,cuda,False,False,1,148,148,0.9995161890983582
label_sorted,0,results_v3_lr0p01,results_v3_lr0p01,small_cnn,sgd,10,128,20000,0.01,0.9,0.0005,cuda,False,False,1,149,149,0.9962830543518066
label_sorted,0,results_v3_lr0p01,results_v3_lr0p01,small_cnn,sgd,10,128,20000,0.01,0.9,0.0005,cuda,False,False,1,150,150,0.9991673231124878
label_sorted,0,results_v3_lr0p01,results_v3_lr0p01,small_cnn,sgd,10,128,20000,0.01,0.9,0.0005,cuda,False,False,1,151,151,0.993190348148346
label_sorted,0,results_v3_lr0p01,results_v3_lr0p01,small_cnn,sgd,10,128,20000,0.01,0.9,0.0005,cuda,False,False,1,152,152,0.9990867972373962
label_sorted,0,results_v3_lr0p01,results_v3_lr0p01,small_cnn,sgd,10,128,20000,0.01,0.9,0.0005,cuda,False,False,1,153,153,0.9989761710166931
label_sorted,0,results_v3_lr0p01,results_v3_lr0p01,small_cnn,sgd,10,128,20000,0.01,0.9,0.0005,cuda,False,False,1,154,154,0.9988712668418884
label_sorted,0,results_v3_lr0p01,results_v3_lr0p01,small_cnn,sgd,10,128,20000,0.01,0.9,0.0005,cuda,False,False,1,155,155,0.9988046288490295
label_sorted,0,results_v3_lr0p01,results_v3_lr0p01,small_cnn,sgd,10,128,20000,0.01,0.9,0.0005,cuda,False,False,1,156,156,0.9846351146697998
label_sorted,0,results_v3_lr0p01,results_v3_lr0p01,small_cnn,sgd,10,128,20000,0.01,0.9,0.0005,cuda,False,False,1,157,157,0.9992508888244629
label_sorted,0,results_v3_lr0p01,results_v3_lr0p01,small_cnn,sgd,10,128,20000,0.01,0.9,0.0005,cuda,False,False,2,1,158,-0.10248824208974838
label_sorted,0,results_v3_lr0p01,results_v3_lr0p01,small_cnn,sgd,10,128,20000,0.01,0.9,0.0005,cuda,False,False,2,2,159,0.9887627959251404
label_sorted,0,results_v3_lr0p01,results_v3_lr0p01,small_cnn,sgd,10,128,20000,0.01,0.9,0.0005,cuda,False,False,2,3,160,0.9927529096603394
label_sorted,0,results_v3_lr0p01,results_v3_lr0p01,small_cnn,sgd,10,128,20000,0.01,0.9,0.0005,cuda,False,False,2,4,161,0.9888983368873596
label_sorted,0,results_v3_lr0p01,results_v3_lr0p01,small_cnn,sgd,10,128,20000,0.01,0.9,0.0005,cuda,False,False,2,5,162,0.9997310638427734
label_sorted,0,results_v3_lr0p01,results_v3_lr0p01,small_cnn,sgd,10,128,20000,0.01,0.9,0.0005,cuda,False,False,2,6,163,0.9997001886367798
label_sorted,0,results_v3_lr0p01,results_v3_lr0p01,small_cnn,sgd,10,128,20000,0.01,0.9,0.0005,cuda,False,False,2,7,164,0.999681293964386
label_sorted,0,results_v3_lr0p01,results_v3_lr0p01,small_cnn,sgd,10,128,20000,0.01,0.9,0.0005,cuda,False,False,2,8,165,0.9993347525596619
label_sorted,0,results_v3_lr0p01,results_v3_lr0p01,small_cnn,sgd,10,128,20000,0.01,0.9,0.0005,cuda,False,False,2,9,166,0.982482373714447
label_sorted,0,results_v3_lr0p01,results_v3_lr0p01,small_cnn,sgd,10,128,20000,0.01,0.9,0.0005,cuda,False,False,2,10,167,0.999639093875885
label_sorted,0,results_v3_lr0p01,results_v3_lr0p01,small_cnn,sgd,10,128,20000,0.01,0.9,0.0005,cuda,False,False,2,11,168,0.9997194409370422
label_sorted,0,results_v3_lr0p01,results_v3_lr0p01,small_cnn,sgd,10,128,20000,0.01,0.9,0.0005,cuda,False,False,2,12,169,0.9989287853240967
label_sorted,0,results_v3_lr0p01,results_v3_lr0p01,small_cnn,sgd,10,128,20000,0.01,0.9,0.0005,cuda,False,False,2,13,170,0.9996750950813293
label_sorted,0,results_v3_lr0p01,results_v3_lr0p01,small_cnn,sgd,10,128,20000,0.01,0.9,0.0005,cuda,False,False,2,14,171,0.9996258020401001
label_sorted,0,results_v3_lr0p01,results_v3_lr0p01,small_cnn,sgd,10,128,20000,0.01,0.9,0.0005,cuda,False,False,2,15,172,0.9983078241348267
label_sorted,0,results_v3_lr0p01,results_v3_lr0p01,small_cnn,sgd,10,128,20000,0.01,0.9,0.0005,cuda,False,False,2,16,173,0.8184435367584229
label_sorted,0,results_v3_lr0p01,results_v3_lr0p01,small_cnn,sgd,10,128,20000,0.01,0.9,0.0005,cuda,False,False,2,17,174,0.4987143576145172
label_sorted,0,results_v3_lr0p01,results_v3_lr0p01,small_cnn,sgd,10,128,20000,0.01,0.9,0.0005,cuda,False,False,2,18,175,0.9961085915565491
label_sorted,0,results_v3_lr0p01,results_v3_lr0p01,small_cnn,sgd,10,128,20000,0.01,0.9,0.0005,cuda,False,False,2,19,176,0.9954528212547302
label_sorted,0,results_v3_lr0p01,results_v3_lr0p01,small_cnn,sgd,10,128,20000,0.01,0.9,0.0005,cuda,False,False,2,20,177,0.9998983144760132
label_sorted,0,results_v3_lr0p01,results_v3_lr0p01,small_cnn,sgd,10,128,20000,0.01,0.9,0.0005,cuda,False,False,2,21,178,0.9998864531517029
label_sorted,0,results_v3_lr0p01,results_v3_lr0p01,small_cnn,sgd,10,128,20000,0.01,0.9,0.0005,cuda,False,False,2,22,179,0.9998630285263062
label_sorted,0,results_v3_lr0p01,results_v3_lr0p01,small_cnn,sgd,10,128,20000,0.01,0.9,0.0005,cuda,False,False,2,23,180,0.9998373985290527
label_sorted,0,results_v3_lr0p01,results_v3_lr0p01,small_cnn,sgd,10,128,20000,0.01,0.9,0.0005,cuda,False,False,2,24,181,0.9998127818107605
label_sorted,0,results_v3_lr0p01,results_v3_lr0p01,small_cnn,sgd,10,128,20000,0.01,0.9,0.0005,cuda,False,False,2,25,182,0.9997788071632385
label_sorted,0,results_v3_lr0p01,results_v3_lr0p01,small_cnn,sgd,10,128,20000,0.01,0.9,0.0005,cuda,False,False,2,26,183,0.9936518669128418
label_sorted,0,results_v3_lr0p01,results_v3_lr0p01,small_cnn,sgd,10,128,20000,0.01,0.9,0.0005,cuda,False,False,2,27,184,0.9997707605361938
label_sorted,0,results_v3_lr0p01,results_v3_lr0p01,small_cnn,sgd,10,128,20000,0.01,0.9,0.0005,cuda,False,False,2,28,185,0.9996786117553711
label_sorted,0,results_v3_lr0p01,results_v3_lr0p01,small_cnn,sgd,10,128,20000,0.01,0.9,0.0005,cuda,False,False,2,29,186,0.9980744123458862
label_sorted,0,results_v3_lr0p01,results_v3_lr0p01,small_cnn,sgd,10,128,20000,0.01,0.9,0.0005,cuda,False,False,2,30,187,0.9967963099479675
label_sorted,0,results_v3_lr0p01,results_v3_lr0p01,small_cnn,sgd,10,128,20000,0.01,0.9,0.0005,cuda,False,False,2,31,188,0.9997388124465942
label_sorted,0,results_v3_lr0p01,results_v3_lr0p01,small_cnn,sgd,10,128,20000,0.01,0.9,0.0005,cuda,False,False,2,32,189,0.19570350646972656
label_sorted,0,results_v3_lr0p01,results_v3_lr0p01,small_cnn,sgd,10,128,20000,0.01,0.9,0.0005,cuda,False,False,2,33,190,0.9518420100212097
label_sorted,0,results_v3_lr0p01,results_v3_lr0p01,small_cnn,sgd,10,128,20000,0.01,0.9,0.0005,cuda,False,False,2,34,191,0.9998869895935059
label_sorted,0,results_v3_lr0p01,results_v3_lr0p01,small_cnn,sgd,10,128,20000,0.01,0.9,0.0005,cuda,False,False,2,35,192,0.9998776912689209
label_sorted,0,results_v3_lr0p01,results_v3_lr0p01,small_cnn,sgd,10,128,20000,0.01,0.9,0.0005,cuda,False,False,2,36,193,0.987896203994751
label_sorted,0,results_v3_lr0p01,results_v3_lr0p01,small_cnn,sgd,10,128,20000,0.01,0.9,0.0005,cuda,False,False,2,37,194,0.9990955591201782
label_sorted,0,results_v3_lr0p01,results_v3_lr0p01,small_cnn,sgd,10,128,20000,0.01,0.9,0.0005,cuda,False,False,2,38,195,0.9956082105636597
label_sorted,0,results_v3_lr0p01,results_v3_lr0p01,small_cnn,sgd,10,128,20000,0.01,0.9,0.0005,cuda,False,False,2,39,196,0.995217502117157
label_sorted,0,results_v3_lr0p01,results_v3_lr0p01,small_cnn,sgd,10,128,20000,0.01,0.9,0.0005,cuda,False,False,2,40,197,0.9918612837791443
label_sorted,0,results_v3_lr0p01,results_v3_lr0p01,small_cnn,sgd,10,128,20000,0.01,0.9,0.0005,cuda,False,False,2,41,198,0.9989877343177795
label_sorted,0,results_v3_lr0p01,results_v3_lr0p01,small_cnn,sgd,10,128,20000,0.01,0.9,0.0005,cuda,False,False,2,42,199,0.9992691278457642
label_sorted,0,results_v3_lr0p01,results_v3_lr0p01,small_cnn,sgd,10,128,20000,0.01,0.9,0.0005,cuda,False,False,2,43,200,0.999554455280304
label_sorted,0,results_v3_lr0p01,results_v3_lr0p01,small_cnn,sgd,10,128,20000,0.01,0.9,0.0005,cuda,False,False,2,44,201,0.9927276968955994
label_sorted,0,results_v3_lr0p01,results_v3_lr0p01,small_cnn,sgd,10,128,20000,0.01,0.9,0.0005,cuda,False,False,2,45,202,0.9993649125099182
label_sorted,0,results_v3_lr0p01,results_v3_lr0p01,small_cnn,sgd,10,128,20000,0.01,0.9,0.0005,cuda,False,False,2,46,203,0.9990570545196533
label_sorted,0,results_v3_lr0p01,results_v3_lr0p01,small_cnn,sgd,10,128,20000,0.01,0.9,0.0005,cuda,False,False,2,47,204,0.9869909882545471
label_sorted,0,results_v3_lr0p01,results_v3_lr0p01,small_cnn,sgd,10,128,20000,0.01,0.9,0.0005,cuda,False,False,2,48,205,0.015372754074633121
label_sorted,0,results_v3_lr0p01,results_v3_lr0p01,small_cnn,sgd,10,128,20000,0.01,0.9,0.0005,cuda,False,False,2,49,206,0.9975200891494751
label_sorted,0,results_v3_lr0p01,results_v3_lr0p01,small_cnn,sgd,10,128,20000,0.01,0.9,0.0005,cuda,False,False,2,50,207,0.9986270070075989
label_sorted,0,results_v3_lr0p01,results_v3_lr0p01,small_cnn,sgd,10,128,20000,0.01,0.9,0.0005,cuda,False,False,2,51,208,0.9986131191253662
label_sorted,0,results_v3_lr0p01,results_v3_lr0p01,small_cnn,sgd,10,128,20000,0.01,0.9,0.0005,cuda,False,False,2,52,209,0.9988088011741638
label_sorted,0,results_v3_lr0p01,results_v3_lr0p01,small_cnn,sgd,10,128,20000,0.01,0.9,0.0005,cuda,False,False,2,53,210,0.9990786910057068
label_sorted,0,results_v3_lr0p01,results_v3_lr0p01,small_cnn,sgd,10,128,20000,0.01,0.9,0.0005,cuda,False,False,2,54,211,0.996596097946167
label_sorted,0,results_v3_lr0p01,results_v3_lr0p01,small_cnn,sgd,10,128,20000,0.01,0.9,0.0005,cuda,False,False,2,55,212,0.9977952241897583
label_sorted,0,results_v3_lr0p01,results_v3_lr0p01,small_cnn,sgd,10,128,20000,0.01,0.9,0.0005,cuda,False,False,2,56,213,0.9993450045585632
label_sorted,0,results_v3_lr0p01,results_v3_lr0p01,small_cnn,sgd,10,128,20000,0.01,0.9,0.0005,cuda,False,False,2,57,214,0.9974014759063721
label_sorted,0,results_v3_lr0p01,results_v3_lr0p01,small_cnn,sgd,10,128,20000,0.01,0.9,0.0005,cuda,False,False,2,58,215,0.9990071654319763
label_sorted,0,results_v3_lr0p01,results_v3_lr0p01,small_cnn,sgd,10,128,20000,0.01,0.9,0.0005,cuda,False,False,2,59,216,0.9996684789657593
label_sorted,0,results_v3_lr0p01,results_v3_lr0p01,small_cnn,sgd,10,128,20000,0.01,0.9,0.0005,cuda,False,False,2,60,217,0.999640166759491
label_sorted,0,results_v3_lr0p01,results_v3_lr0p01,small_cnn,sgd,10,128,20000,0.01,0.9,0.0005,cuda,False,False,2,61,218,0.9994946718215942
label_sorted,0,results_v3_lr0p01,results_v3_lr0p01,small_cnn,sgd,10,128,20000,0.01,0.9,0.0005,cuda,False,False,2,62,219,0.9995257258415222
label_sorted,0,results_v3_lr0p01,results_v3_lr0p01,small_cnn,sgd,10,128,20000,0.01,0.9,0.0005,cuda,False,False,2,63,220,0.6579213738441467
label_sorted,0,results_v3_lr0p01,results_v3_lr0p01,small_cnn,sgd,10,128,20000,0.01,0.9,0.0005,cuda,False,False,2,64,221,0.7436352968215942
label_sorted,0,results_v3_lr0p01,results_v3_lr0p01,small_cnn,sgd,10,128,20000,0.01,0.9,0.0005,cuda,False,False,2,65,222,0.999495267868042
label_sorted,0,results_v3_lr0p01,results_v3_lr0p01,small_cnn,sgd,10,128,20000,0.01,0.9,0.0005,cuda,False,False,2,66,223,0.9990136623382568
label_sorted,0,results_v3_lr0p01,results_v3_lr0p01,small_cnn,sgd,10,128,20000,0.01,0.9,0.0005,cuda,False,False,2,67,224,0.9988476037979126
label_sorted,0,results_v3_lr0p01,results_v3_lr0p01,small_cnn,sgd,10,128,20000,0.01,0.9,0.0005,cuda,False,False,2,68,225,0.9990692138671875
label_sorted,0,results_v3_lr0p01,results_v3_lr0p01,small_cnn,sgd,10,128,20000,0.01,0.9,0.0005,cuda,False,False,2,69,226,0.9982883334159851
label_sorted,0,results_v3_lr0p01,results_v3_lr0p01,small_cnn,sgd,10,128,20000,0.01,0.9,0.0005,cuda,False,False,2,70,227,0.9986107349395752
label_sorted,0,results_v3_lr0p01,results_v3_lr0p01,small_cnn,sgd,10,128,20000,0.01,0.9,0.0005,cuda,False,False,2,71,228,0.9976235032081604
label_sorted,0,results_v3_lr0p01,results_v3_lr0p01,small_cnn,sgd,10,128,20000,0.01,0.9,0.0005,cuda,False,False,2,72,229,0.9952027797698975
label_sorted,0,results_v3_lr0p01,results_v3_lr0p01,small_cnn,sgd,10,128,20000,0.01,0.9,0.0005,cuda,False,False,2,73,230,0.9928503632545471
label_sorted,0,results_v3_lr0p01,results_v3_lr0p01,small_cnn,sgd,10,128,20000,0.01,0.9,0.0005,cuda,False,False,2,74,231,0.9979485869407654
label_sorted,0,results_v3_lr0p01,results_v3_lr0p01,small_cnn,sgd,10,128,20000,0.01,0.9,0.0005,cuda,False,False,2,75,232,0.9994204640388489
label_sorted,0,results_v3_lr0p01,results_v3_lr0p01,small_cnn,sgd,10,128,20000,0.01,0.9,0.0005,cuda,False,False,2,76,233,0.9976659417152405
label_sorted,0,results_v3_lr0p01,results_v3_lr0p01,small_cnn,sgd,10,128,20000,0.01,0.9,0.0005,cuda,False,False,2,77,234,0.999301552772522
label_sorted,0,results_v3_lr0p01,results_v3_lr0p01,small_cnn,sgd,10,128,20000,0.01,0.9,0.0005,cuda,False,False,2,78,235,0.998863935470581
label_sorted,0,results_v3_lr0p01,results_v3_lr0p01,small_cnn,sgd,10,128,20000,0.01,0.9,0.0005,cuda,False,False,2,79,236,0.08557166904211044
label_sorted,0,results_v3_lr0p01,results_v3_lr0p01,small_cnn,sgd,10,128,20000,0.01,0.9,0.0005,cuda,False,False,2,80,237,0.9881459474563599
label_sorted,0,results_v3_lr0p01,results_v3_lr0p01,small_cnn,sgd,10,128,20000,0.01,0.9,0.0005,cuda,False,False,2,81,238,0.9999178647994995
label_sorted,0,results_v3_lr0p01,results_v3_lr0p01,small_cnn,sgd,10,128,20000,0.01,0.9,0.0005,cuda,False,False,2,82,239,0.9999057054519653
label_sorted,0,results_v3_lr0p01,results_v3_lr0p01,small_cnn,sgd,10,128,20000,0.01,0.9,0.0005,cuda,False,False,2,83,240,0.9998957514762878
label_sorted,0,results_v3_lr0p01,results_v3_lr0p01,small_cnn,sgd,10,128,20000,0.01,0.9,0.0005,cuda,False,False,2,84,241,0.9998180866241455
label_sorted,0,results_v3_lr0p01,results_v3_lr0p01,small_cnn,sgd,10,128,20000,0.01,0.9,0.0005,cuda,False,False,2,85,242,0.9998579025268555
label_sorted,0,results_v3_lr0p01,results_v3_lr0p01,small_cnn,sgd,10,128,20000,0.01,0.9,0.0005,cuda,False,False,2,86,243,0.9999175071716309
label_sorted,0,results_v3_lr0p01,results_v3_lr0p01,small_cnn,sgd,10,128,20000,0.01,0.9,0.0005,cuda,False,False,2,87,244,0.9990114569664001
label_sorted,0,results_v3_lr0p01,results_v3_lr0p01,small_cnn,sgd,10,128,20000,0.01,0.9,0.0005,cuda,False,False,2,88,245,0.9992363452911377
label_sorted,0,results_v3_lr0p01,results_v3_lr0p01,small_cnn,sgd,10,128,20000,0.01,0.9,0.0005,cuda,False,False,2,89,246,0.9999323487281799
label_sorted,0,results_v3_lr0p01,results_v3_lr0p01,small_cnn,sgd,10,128,20000,0.01,0.9,0.0005,cuda,False,False,2,90,247,0.9999507069587708
label_sorted,0,results_v3_lr0p01,results_v3_lr0p01,small_cnn,sgd,10,128,20000,0.01,0.9,0.0005,cuda,False,False,2,91,248,0.9998424649238586
label_sorted,0,results_v3_lr0p01,results_v3_lr0p01,small_cnn,sgd,10,128,20000,0.01,0.9,0.0005,cuda,False,False,2,92,249,0.9998751282691956
label_sorted,0,results_v3_lr0p01,results_v3_lr0p01,small_cnn,sgd,10,128,20000,0.01,0.9,0.0005,cuda,False,False,2,93,250,0.999671995639801
label_sorted,0,results_v3_lr0p01,results_v3_lr0p01,small_cnn,sgd,10,128,20000,0.01,0.9,0.0005,cuda,False,False,2,94,251,0.930592954158783
label_sorted,0,results_v3_lr0p01,results_v3_lr0p01,small_cnn,sgd,10,128,20000,0.01,0.9,0.0005,cuda,False,False,2,95,252,0.29739850759506226
label_sorted,0,results_v3_lr0p01,results_v3_lr0p01,small_cnn,sgd,10,128,20000,0.01,0.9,0.0005,cuda,False,False,2,96,253,0.9991502165794373
label_sorted,0,results_v3_lr0p01,results_v3_lr0p01,small_cnn,sgd,10,128,20000,0.01,0.9,0.0005,cuda,False,False,2,97,254,0.9994618892669678
label_sorted,0,results_v3_lr0p01,results_v3_lr0p01,small_cnn,sgd,10,128,20000,0.01,0.9,0.0005,cuda,False,False,2,98,255,0.99893718957901
label_sorted,0,results_v3_lr0p01,results_v3_lr0p01,small_cnn,sgd,10,128,20000,0.01,0.9,0.0005,cuda,False,False,2,99,256,0.9964551329612732
label_sorted,0,results_v3_lr0p01,results_v3_lr0p01,small_cnn,sgd,10,128,20000,0.01,0.9,0.0005,cuda,False,False,2,100,257,0.9950437545776367
label_sorted,0,results_v3_lr0p01,results_v3_lr0p01,small_cnn,sgd,10,128,20000,0.01,0.9,0.0005,cuda,False,False,2,101,258,0.9982723593711853
label_sorted,0,results_v3_lr0p01,results_v3_lr0p01,small_cnn,sgd,10,128,20000,0.01,0.9,0.0005,cuda,False,False,2,102,259,0.9966434836387634
label_sorted,0,results_v3_lr0p01,results_v3_lr0p01,small_cnn,sgd,10,128,20000,0.01,0.9,0.0005,cuda,False,False,2,103,260,0.997489869594574
label_sorted,0,results_v3_lr0p01,results_v3_lr0p01,small_cnn,sgd,10,128,20000,0.01,0.9,0.0005,cuda,False,False,2,104,261,0.9983317255973816
label_sorted,0,results_v3_lr0p01,results_v3_lr0p01,small_cnn,sgd,10,128,20000,0.01,0.9,0.0005,cuda,False,False,2,105,262,0.9988008141517639
label_sorted,0,results_v3_lr0p01,results_v3_lr0p01,small_cnn,sgd,10,128,20000,0.01,0.9,0.0005,cuda,False,False,2,106,263,0.9988572597503662
label_sorted,0,results_v3_lr0p01,results_v3_lr0p01,small_cnn,sgd,10,128,20000,0.01,0.9,0.0005,cuda,False,False,2,107,264,0.998222827911377
label_sorted,0,results_v3_lr0p01,results_v3_lr0p01,small_cnn,sgd,10,128,20000,0.01,0.9,0.0005,cuda,False,False,2,108,265,0.9908398985862732
label_sorted,0,results_v3_lr0p01,results_v3_lr0p01,small_cnn,sgd,10,128,20000,0.01,0.9,0.0005,cuda,False,False,2,109,266,0.9968968033790588
label_sorted,0,results_v3_lr0p01,results_v3_lr0p01,small_cnn,sgd,10,128,20000,0.01,0.9,0.0005,cuda,False,False,2,110,267,0.5870744585990906
label_sorted,0,results_v3_lr0p01,results_v3_lr0p01,small_cnn,sgd,10,128,20000,0.01,0.9,0.0005,cuda,False,False,2,111,268,0.7637822031974792
label_sorted,0,results_v3_lr0p01,results_v3_lr0p01,small_cnn,sgd,10,128,20000,0.01,0.9,0.0005,cuda,False,False,2,112,269,0.9969255328178406
label_sorted,0,results_v3_lr0p01,results_v3_lr0p01,small_cnn,sgd,10,128,20000,0.01,0.9,0.0005,cuda,False,False,2,113,270,0.997734010219574
label_sorted,0,results_v3_lr0p01,results_v3_lr0p01,small_cnn,sgd,10,128,20000,0.01,0.9,0.0005,cuda,False,False,2,114,271,0.998256266117096
label_sorted,0,results_v3_lr0p01,results_v3_lr0p01,small_cnn,sgd,10,128,20000,0.01,0.9,0.0005,cuda,False,False,2,115,272,0.9969062209129333
label_sorted,0,results_v3_lr0p01,results_v3_lr0p01,small_cnn,sgd,10,128,20000,0.01,0.9,0.0005,cuda,False,False,2,116,273,0.9885851740837097
label_sorted,0,results_v3_lr0p01,results_v3_lr0p01,small_cnn,sgd,10,128,20000,0.01,0.9,0.0005,cuda,False,False,2,117,274,0.9835957288742065
label_sorted,0,results_v3_lr0p01,results_v3_lr0p01,small_cnn,sgd,10,128,20000,0.01,0.9,0.0005,cuda,False,False,2,118,275,0.9676638841629028
label_sorted,0,results_v3_lr0p01,results_v3_lr0p01,small_cnn,sgd,10,128,20000,0.01,0.9,0.0005,cuda,False,False,2,119,276,0.9751535654067993
label_sorted,0,results_v3_lr0p01,results_v3_lr0p01,small_cnn,sgd,10,128,20000,0.01,0.9,0.0005,cuda,False,False,2,120,277,0.9861400127410889
label_sorted,0,results_v3_lr0p01,results_v3_lr0p01,small_cnn,sgd,10,128,20000,0.01,0.9,0.0005,cuda,False,False,2,121,278,0.9861882328987122
label_sorted,0,results_v3_lr0p01,results_v3_lr0p01,small_cnn,sgd,10,128,20000,0.01,0.9,0.0005,cuda,False,False,2,122,279,0.9910910725593567
label_sorted,0,results_v3_lr0p01,results_v3_lr0p01,small_cnn,sgd,10,128,20000,0.01,0.9,0.0005,cuda,False,False,2,123,280,0.9917460680007935
label_sorted,0,results_v3_lr0p01,results_v3_lr0p01,small_cnn,sgd,10,128,20000,0.01,0.9,0.0005,cuda,False,False,2,124,281,0.9914609789848328
label_sorted,0,results_v3_lr0p01,results_v3_lr0p01,small_cnn,sgd,10,128,20000,0.01,0.9,0.0005,cuda,False,False,2,125,282,0.9840055108070374
label_sorted,0,results_v3_lr0p01,results_v3_lr0p01,small_cnn,sgd,10,128,20000,0.01,0.9,0.0005,cuda,False,False,2,126,283,-0.8171238303184509
label_sorted,0,results_v3_lr0p01,results_v3_lr0p01,small_cnn,sgd,10,128,20000,0.01,0.9,0.0005,cuda,False,False,2,127,284,0.9508920311927795
label_sorted,0,results_v3_lr0p01,results_v3_lr0p01,small_cnn,sgd,10,128,20000,0.01,0.9,0.0005,cuda,False,False,2,128,285,0.9330535531044006
label_sorted,0,results_v3_lr0p01,results_v3_lr0p01,small_cnn,sgd,10,128,20000,0.01,0.9,0.0005,cuda,False,False,2,129,286,0.3768243193626404
label_sorted,0,results_v3_lr0p01,results_v3_lr0p01,small_cnn,sgd,10,128,20000,0.01,0.9,0.0005,cuda,False,False,2,130,287,0.9257412552833557
label_sorted,0,results_v3_lr0p01,results_v3_lr0p01,small_cnn,sgd,10,128,20000,0.01,0.9,0.0005,cuda,False,False,2,131,288,0.9875224232673645
label_sorted,0,results_v3_lr0p01,results_v3_lr0p01,small_cnn,sgd,10,128,20000,0.01,0.9,0.0005,cuda,False,False,2,132,289,0.9828596115112305
label_sorted,0,results_v3_lr0p01,results_v3_lr0p01,small_cnn,sgd,10,128,20000,0.01,0.9,0.0005,cuda,False,False,2,133,290,0.9954350590705872
label_sorted,0,results_v3_lr0p01,results_v3_lr0p01,small_cnn,sgd,10,128,20000,0.01,0.9,0.0005,cuda,False,False,2,134,291,0.9962809085845947
label_sorted,0,results_v3_lr0p01,results_v3_lr0p01,small_cnn,sgd,10,128,20000,0.01,0.9,0.0005,cuda,False,False,2,135,292,0.9944606423377991
label_sorted,0,results_v3_lr0p01,results_v3_lr0p01,small_cnn,sgd,10,128,20000,0.01,0.9,0.0005,cuda,False,False,2,136,293,0.9980092644691467
label_sorted,0,results_v3_lr0p01,results_v3_lr0p01,small_cnn,sgd,10,128,20000,0.01,0.9,0.0005,cuda,False,False,2,137,294,0.998818039894104
label_sorted,0,results_v3_lr0p01,results_v3_lr0p01,small_cnn,sgd,10,128,20000,0.01,0.9,0.0005,cuda,False,False,2,138,295,0.9981690645217896
label_sorted,0,results_v3_lr0p01,results_v3_lr0p01,small_cnn,sgd,10,128,20000,0.01,0.9,0.0005,cuda,False,False,2,139,296,0.9983580708503723
label_sorted,0,results_v3_lr0p01,results_v3_lr0p01,small_cnn,sgd,10,128,20000,0.01,0.9,0.0005,cuda,False,False,2,140,297,0.99881911277771
label_sorted,0,results_v3_lr0p01,results_v3_lr0p01,small_cnn,sgd,10,128,20000,0.01,0.9,0.0005,cuda,False,False,2,141,298,-0.9178866147994995
label_sorted,0,results_v3_lr0p01,results_v3_lr0p01,small_cnn,sgd,10,128,20000,0.01,0.9,0.0005,cuda,False,False,2,142,299,0.9960516095161438
label_sorted,0,results_v3_lr0p01,results_v3_lr0p01,small_cnn,sgd,10,128,20000,0.01,0.9,0.0005,cuda,False,False,2,143,300,0.8878925442695618
label_sorted,0,results_v3_lr0p01,results_v3_lr0p01,small_cnn,sgd,10,128,20000,0.01,0.9,0.0005,cuda,False,False,2,144,301,0.7288463115692139
label_sorted,0,results_v3_lr0p01,results_v3_lr0p01,small_cnn,sgd,10,128,20000,0.01,0.9,0.0005,cuda,False,False,2,145,302,0.21190541982650757
label_sorted,0,results_v3_lr0p01,results_v3_lr0p01,small_cnn,sgd,10,128,20000,0.01,0.9,0.0005,cuda,False,False,2,146,303,0.8174407482147217
label_sorted,0,results_v3_lr0p01,results_v3_lr0p01,small_cnn,sgd,10,128,20000,0.01,0.9,0.0005,cuda,False,False,2,147,304,0.6039459109306335
label_sorted,0,results_v3_lr0p01,results_v3_lr0p01,small_cnn,sgd,10,128,20000,0.01,0.9,0.0005,cuda,False,False,2,148,305,0.8699979186058044
label_sorted,0,results_v3_lr0p01,results_v3_lr0p01,small_cnn,sgd,10,128,20000,0.01,0.9,0.0005,cuda,False,False,2,149,306,0.9732083082199097
label_sorted,0,results_v3_lr0p01,results_v3_lr0p01,small_cnn,sgd,10,128,20000,0.01,0.9,0.0005,cuda,False,False,2,150,307,0.9719427227973938
label_sorted,0,results_v3_lr0p01,results_v3_lr0p01,small_cnn,sgd,10,128,20000,0.01,0.9,0.0005,cuda,False,False,2,151,308,0.9408025145530701
label_sorted,0,results_v3_lr0p01,results_v3_lr0p01,small_cnn,sgd,10,128,20000,0.01,0.9,0.0005,cuda,False,False,2,152,309,0.9381979703903198
label_sorted,0,results_v3_lr0p01,results_v3_lr0p01,small_cnn,sgd,10,128,20000,0.01,0.9,0.0005,cuda,False,False,2,153,310,0.9634050726890564
label_sorted,0,results_v3_lr0p01,results_v3_lr0p01,small_cnn,sgd,10,128,20000,0.01,0.9,0.0005,cuda,False,False,2,154,311,0.9833494424819946
label_sorted,0,results_v3_lr0p01,results_v3_lr0p01,small_cnn,sgd,10,128,20000,0.01,0.9,0.0005,cuda,False,False,2,155,312,0.9714640378952026
label_sorted,0,results_v3_lr0p01,results_v3_lr0p01,small_cnn,sgd,10,128,20000,0.01,0.9,0.0005,cuda,False,False,2,156,313,0.9308207035064697
label_sorted,0,results_v3_lr0p01,results_v3_lr0p01,small_cnn,sgd,10,128,20000,0.01,0.9,0.0005,cuda,False,False,2,157,314,0.9343301057815552
label_sorted,0,results_v3_lr0p01,results_v3_lr0p01,small_cnn,sgd,10,128,20000,0.01,0.9,0.0005,cuda,False,False,3,1,315,-0.6361781358718872
label_sorted,0,results_v3_lr0p01,results_v3_lr0p01,small_cnn,sgd,10,128,20000,0.01,0.9,0.0005,cuda,False,False,3,2,316,0.6817562580108643
label_sorted,0,results_v3_lr0p01,results_v3_lr0p01,small_cnn,sgd,10,128,20000,0.01,0.9,0.0005,cuda,False,False,3,3,317,-0.021903127431869507
label_sorted,0,results_v3_lr0p01,results_v3_lr0p01,small_cnn,sgd,10,128,20000,0.01,0.9,0.0005,cuda,False,False,3,4,318,0.831864595413208
label_sorted,0,results_v3_lr0p01,results_v3_lr0p01,small_cnn,sgd,10,128,20000,0.01,0.9,0.0005,cuda,False,False,3,5,319,0.9923945069313049
label_sorted,0,results_v3_lr0p01,results_v3_lr0p01,small_cnn,sgd,10,128,20000,0.01,0.9,0.0005,cuda,False,False,3,6,320,0.9946022033691406
label_sorted,0,results_v3_lr0p01,results_v3_lr0p01,small_cnn,sgd,10,128,20000,0.01,0.9,0.0005,cuda,False,False,3,7,321,0.9960020780563354
label_sorted,0,results_v3_lr0p01,results_v3_lr0p01,small_cnn,sgd,10,128,20000,0.01,0.9,0.0005,cuda,False,False,3,8,322,0.9965510964393616
label_sorted,0,results_v3_lr0p01,results_v3_lr0p01,small_cnn,sgd,10,128,20000,0.01,0.9,0.0005,cuda,False,False,3,9,323,0.9972050786018372
label_sorted,0,results_v3_lr0p01,results_v3_lr0p01,small_cnn,sgd,10,128,20000,0.01,0.9,0.0005,cuda,False,False,3,10,324,0.9970895648002625
label_sorted,0,results_v3_lr0p01,results_v3_lr0p01,small_cnn,sgd,10,128,20000,0.01,0.9,0.0005,cuda,False,False,3,11,325,0.9821012616157532
label_sorted,0,results_v3_lr0p01,results_v3_lr0p01,small_cnn,sgd,10,128,20000,0.01,0.9,0.0005,cuda,False,False,3,12,326,0.9977842569351196
label_sorted,0,results_v3_lr0p01,results_v3_lr0p01,small_cnn,sgd,10,128,20000,0.01,0.9,0.0005,cuda,False,False,3,13,327,0.9805502891540527
label_sorted,0,results_v3_lr0p01,results_v3_lr0p01,small_cnn,sgd,10,128,20000,0.01,0.9,0.0005,cuda,False,False,3,14,328,0.9981400966644287
label_sorted,0,results_v3_lr0p01,results_v3_lr0p01,small_cnn,sgd,10,128,20000,0.01,0.9,0.0005,cuda,False,False,3,15,329,0.9970792531967163
label_sorted,0,results_v3_lr0p01,results_v3_lr0p01,small_cnn,sgd,10,128,20000,0.01,0.9,0.0005,cuda,False,False,3,16,330,0.7784007787704468
label_sorted,0,results_v3_lr0p01,results_v3_lr0p01,small_cnn,sgd,10,128,20000,0.01,0.9,0.0005,cuda,False,False,3,17,331,0.19669312238693237
label_sorted,0,results_v3_lr0p01,results_v3_lr0p01,small_cnn,sgd,10,128,20000,0.01,0.9,0.0005,cuda,False,False,3,18,332,0.9962016940116882
label_sorted,0,results_v3_lr0p01,results_v3_lr0p01,small_cnn,sgd,10,128,20000,0.01,0.9,0.0005,cuda,False,False,3,19,333,0.9885303974151611
label_sorted,0,results_v3_lr0p01,results_v3_lr0p01,small_cnn,sgd,10,128,20000,0.01,0.9,0.0005,cuda,False,False,3,20,334,0.9996691346168518
label_sorted,0,results_v3_lr0p01,results_v3_lr0p01,small_cnn,sgd,10,128,20000,0.01,0.9,0.0005,cuda,False,False,3,21,335,0.9995872974395752
label_sorted,0,results_v3_lr0p01,results_v3_lr0p01,small_cnn,sgd,10,128,20000,0.01,0.9,0.0005,cuda,False,False,3,22,336,0.9989562034606934
label_sorted,0,results_v3_lr0p01,results_v3_lr0p01,small_cnn,sgd,10,128,20000,0.01,0.9,0.0005,cuda,False,False,3,23,337,0.9987858533859253
label_sorted,0,results_v3_lr0p01,results_v3_lr0p01,small_cnn,sgd,10,128,20000,0.01,0.9,0.0005,cuda,False,False,3,24,338,0.9957436323165894
label_sorted,0,results_v3_lr0p01,results_v3_lr0p01,small_cnn,sgd,10,128,20000,0.01,0.9,0.0005,cuda,False,False,3,25,339,0.9980570077896118
label_sorted,0,results_v3_lr0p01,results_v3_lr0p01,small_cnn,sgd,10,128,20000,0.01,0.9,0.0005,cuda,False,False,3,26,340,0.9981111884117126
label_sorted,0,results_v3_lr0p01,results_v3_lr0p01,small_cnn,sgd,10,128,20000,0.01,0.9,0.0005,cuda,False,False,3,27,341,0.9981712698936462
label_sorted,0,results_v3_lr0p01,results_v3_lr0p01,small_cnn,sgd,10,128,20000,0.01,0.9,0.0005,cuda,False,False,3,28,342,0.9980826377868652
label_sorted,0,results_v3_lr0p01,results_v3_lr0p01,small_cnn,sgd,10,128,20000,0.01,0.9,0.0005,cuda,False,False,3,29,343,0.997931182384491
label_sorted,0,results_v3_lr0p01,results_v3_lr0p01,small_cnn,sgd,10,128,20000,0.01,0.9,0.0005,cuda,False,False,3,30,344,0.9975466132164001
label_sorted,0,results_v3_lr0p01,results_v3_lr0p01,small_cnn,sgd,10,128,20000,0.01,0.9,0.0005,cuda,False,False,3,31,345,0.9970611929893494
label_sorted,0,results_v3_lr0p01,results_v3_lr0p01,small_cnn,sgd,10,128,20000,0.01,0.9,0.0005,cuda,False,False,3,32,346,0.23692409694194794
label_sorted,0,results_v3_lr0p01,results_v3_lr0p01,small_cnn,sgd,10,128,20000,0.01,0.9,0.0005,cuda,False,False,3,33,347,0.9653551578521729
label_sorted,0,results_v3_lr0p01,results_v3_lr0p01,small_cnn,sgd,10,128,20000,0.01,0.9,0.0005,cuda,False,False,3,34,348,0.998161256313324
label_sorted,0,results_v3_lr0p01,results_v3_lr0p01,small_cnn,sgd,10,128,20000,0.01,0.9,0.0005,cuda,False,False,3,35,349,0.9980854392051697
label_sorted,0,results_v3_lr0p01,results_v3_lr0p01,small_cnn,sgd,10,128,20000,0.01,0.9,0.0005,cuda,False,False,3,36,350,0.9965531229972839
label_sorted,0,results_v3_lr0p01,results_v3_lr0p01,small_cnn,sgd,10,128,20000,0.01,0.9,0.0005,cuda,False,False,3,37,351,0.9954738616943359
label_sorted,0,results_v3_lr0p01,results_v3_lr0p01,small_cnn,sgd,10,128,20000,0.01,0.9,0.0005,cuda,False,False,3,38,352,0.9961121678352356
label_sorted,0,results_v3_lr0p01,results_v3_lr0p01,small_cnn,sgd,10,128,20000,0.01,0.9,0.0005,cuda,False,False,3,39,353,0.9763102531433105
label_sorted,0,results_v3_lr0p01,results_v3_lr0p01,small_cnn,sgd,10,128,20000,0.01,0.9,0.0005,cuda,False,False,3,40,354,0.9913153052330017
label_sorted,0,results_v3_lr0p01,results_v3_lr0p01,small_cnn,sgd,10,128,20000,0.01,0.9,0.0005,cuda,False,False,3,41,355,0.9135392308235168
label_sorted,0,results_v3_lr0p01,results_v3_lr0p01,small_cnn,sgd,10,128,20000,0.01,0.9,0.0005,cuda,False,False,3,42,356,0.9555859565734863
label_sorted,0,results_v3_lr0p01,results_v3_lr0p01,small_cnn,sgd,10,128,20000,0.01,0.9,0.0005,cuda,False,False,3,43,357,0.9931963086128235
label_sorted,0,results_v3_lr0p01,results_v3_lr0p01,small_cnn,sgd,10,128,20000,0.01,0.9,0.0005,cuda,False,False,3,44,358,0.9878847599029541
label_sorted,0,results_v3_lr0p01,results_v3_lr0p01,small_cnn,sgd,10,128,20000,0.01,0.9,0.0005,cuda,False,False,3,45,359,0.9670569896697998
label_sorted,0,results_v3_lr0p01,results_v3_lr0p01,small_cnn,sgd,10,128,20000,0.01,0.9,0.0005,cuda,False,False,3,46,360,0.9980044364929199
label_sorted,0,results_v3_lr0p01,results_v3_lr0p01,small_cnn,sgd,10,128,20000,0.01,0.9,0.0005,cuda,False,False,3,47,361,0.968766987323761
label_sorted,0,results_v3_lr0p01,results_v3_lr0p01,small_cnn,sgd,10,128,20000,0.01,0.9,0.0005,cuda,False,False,3,48,362,0.022802546620368958
label_sorted,0,results_v3_lr0p01,results_v3_lr0p01,small_cnn,sgd,10,128,20000,0.01,0.9,0.0005,cuda,False,False,3,49,363,0.977196216583252
label_sorted,0,results_v3_lr0p01,results_v3_lr0p01,small_cnn,sgd,10,128,20000,0.01,0.9,0.0005,cuda,False,False,3,50,364,0.9924464821815491
label_sorted,0,results_v3_lr0p01,results_v3_lr0p01,small_cnn,sgd,10,128,20000,0.01,0.9,0.0005,cuda,False,False,3,51,365,0.9981483221054077
label_sorted,0,results_v3_lr0p01,results_v3_lr0p01,small_cnn,sgd,10,128,20000,0.01,0.9,0.0005,cuda,False,False,3,52,366,0.9974865317344666
label_sorted,0,results_v3_lr0p01,results_v3_lr0p01,small_cnn,sgd,10,128,20000,0.01,0.9,0.0005,cuda,False,False,3,53,367,0.9969769716262817
label_sorted,0,results_v3_lr0p01,results_v3_lr0p01,small_cnn,sgd,10,128,20000,0.01,0.9,0.0005,cuda,False,False,3,54,368,0.9968217611312866
label_sorted,0,results_v3_lr0p01,results_v3_lr0p01,small_cnn,sgd,10,128,20000,0.01,0.9,0.0005,cuda,False,False,3,55,369,0.9944915771484375
label_sorted,0,results_v3_lr0p01,results_v3_lr0p01,small_cnn,sgd,10,128,20000,0.01,0.9,0.0005,cuda,False,False,3,56,370,0.9946934580802917
label_sorted,0,results_v3_lr0p01,results_v3_lr0p01,small_cnn,sgd,10,128,20000,0.01,0.9,0.0005,cuda,False,False,3,57,371,0.9939160943031311
label_sorted,0,results_v3_lr0p01,results_v3_lr0p01,small_cnn,sgd,10,128,20000,0.01,0.9,0.0005,cuda,False,False,3,58,372,0.9949536323547363
label_sorted,0,results_v3_lr0p01,results_v3_lr0p01,small_cnn,sgd,10,128,20000,0.01,0.9,0.0005,cuda,False,False,3,59,373,0.992536723613739
label_sorted,0,results_v3_lr0p01,results_v3_lr0p01,small_cnn,sgd,10,128,20000,0.01,0.9,0.0005,cuda,False,False,3,60,374,0.994852602481842
label_sorted,0,results_v3_lr0p01,results_v3_lr0p01,small_cnn,sgd,10,128,20000,0.01,0.9,0.0005,cuda,False,False,3,61,375,0.9809188842773438
label_sorted,0,results_v3_lr0p01,results_v3_lr0p01,small_cnn,sgd,10,128,20000,0.01,0.9,0.0005,cuda,False,False,3,62,376,0.9787185192108154
label_sorted,0,results_v3_lr0p01,results_v3_lr0p01,small_cnn,sgd,10,128,20000,0.01,0.9,0.0005,cuda,False,False,3,63,377,0.03378240764141083
label_sorted,0,results_v3_lr0p01,results_v3_lr0p01,small_cnn,sgd,10,128,20000,0.01,0.9,0.0005,cuda,False,False,3,64,378,0.7190518975257874
label_sorted,0,results_v3_lr0p01,results_v3_lr0p01,small_cnn,sgd,10,128,20000,0.01,0.9,0.0005,cuda,False,False,3,65,379,0.9775919318199158
label_sorted,0,results_v3_lr0p01,results_v3_lr0p01,small_cnn,sgd,10,128,20000,0.01,0.9,0.0005,cuda,False,False,3,66,380,0.9702681303024292
label_sorted,0,results_v3_lr0p01,results_v3_lr0p01,small_cnn,sgd,10,128,20000,0.01,0.9,0.0005,cuda,False,False,3,67,381,0.9417982697486877
label_sorted,0,results_v3_lr0p01,results_v3_lr0p01,small_cnn,sgd,10,128,20000,0.01,0.9,0.0005,cuda,False,False,3,68,382,0.9323390126228333
label_sorted,0,results_v3_lr0p01,results_v3_lr0p01,small_cnn,sgd,10,128,20000,0.01,0.9,0.0005,cuda,False,False,3,69,383,0.9539527297019958
label_sorted,0,results_v3_lr0p01,results_v3_lr0p01,small_cnn,sgd,10,128,20000,0.01,0.9,0.0005,cuda,False,False,3,70,384,0.9796897768974304
label_sorted,0,results_v3_lr0p01,results_v3_lr0p01,small_cnn,sgd,10,128,20000,0.01,0.9,0.0005,cuda,False,False,3,71,385,0.991625189781189
label_sorted,0,results_v3_lr0p01,results_v3_lr0p01,small_cnn,sgd,10,128,20000,0.01,0.9,0.0005,cuda,False,False,3,72,386,0.9953753352165222
label_sorted,0,results_v3_lr0p01,results_v3_lr0p01,small_cnn,sgd,10,128,20000,0.01,0.9,0.0005,cuda,False,False,3,73,387,0.9976704120635986
label_sorted,0,results_v3_lr0p01,results_v3_lr0p01,small_cnn,sgd,10,128,20000,0.01,0.9,0.0005,cuda,False,False,3,74,388,0.9976779222488403
label_sorted,0,results_v3_lr0p01,results_v3_lr0p01,small_cnn,sgd,10,128,20000,0.01,0.9,0.0005,cuda,False,False,3,75,389,0.9983566999435425
label_sorted,0,results_v3_lr0p01,results_v3_lr0p01,small_cnn,sgd,10,128,20000,0.01,0.9,0.0005,cuda,False,False,3,76,390,0.9985908269882202
label_sorted,0,results_v3_lr0p01,results_v3_lr0p01,small_cnn,sgd,10,128,20000,0.01,0.9,0.0005,cuda,False,False,3,77,391,0.9986834526062012
label_sorted,0,results_v3_lr0p01,results_v3_lr0p01,small_cnn,sgd,10,128,20000,0.01,0.9,0.0005,cuda,False,False,3,78,392,0.9991369843482971
label_sorted,0,results_v3_lr0p01,results_v3_lr0p01,small_cnn,sgd,10,128,20000,0.01,0.9,0.0005,cuda,False,False,3,79,393,-0.935879111289978
label_sorted,0,results_v3_lr0p01,results_v3_lr0p01,small_cnn,sgd,10,128,20000,0.01,0.9,0.0005,cuda,False,False,3,80,394,0.9977282881736755
label_sorted,0,results_v3_lr0p01,results_v3_lr0p01,small_cnn,sgd,10,128,20000,0.01,0.9,0.0005,cuda,False,False,3,81,395,0.9840991497039795
label_sorted,0,results_v3_lr0p01,results_v3_lr0p01,small_cnn,sgd,10,128,20000,0.01,0.9,0.0005,cuda,False,False,3,82,396,0.6475526094436646
label_sorted,0,results_v3_lr0p01,results_v3_lr0p01,small_cnn,sgd,10,128,20000,0.01,0.9,0.0005,cuda,False,False,3,83,397,0.4760136902332306
label_sorted,0,results_v3_lr0p01,results_v3_lr0p01,small_cnn,sgd,10,128,20000,0.01,0.9,0.0005,cuda,False,False,3,84,398,0.9019289612770081
label_sorted,0,results_v3_lr0p01,results_v3_lr0p01,small_cnn,sgd,10,128,20000,0.01,0.9,0.0005,cuda,False,False,3,85,399,0.9965619444847107
label_sorted,0,results_v3_lr0p01,results_v3_lr0p01,small_cnn,sgd,10,128,20000,0.01,0.9,0.0005,cuda,False,False,3,86,400,0.9970771074295044
label_sorted,0,results_v3_lr0p01,results_v3_lr0p01,small_cnn,sgd,10,128,20000,0.01,0.9,0.0005,cuda,False,False,3,87,401,0.9919536113739014
label_sorted,0,results_v3_lr0p01,results_v3_lr0p01,small_cnn,sgd,10,128,20000,0.01,0.9,0.0005,cuda,False,False,3,88,402,0.9932780861854553
label_sorted,0,results_v3_lr0p01,results_v3_lr0p01,small_cnn,sgd,10,128,20000,0.01,0.9,0.0005,cuda,False,False,3,89,403,0.9952836632728577
label_sorted,0,results_v3_lr0p01,results_v3_lr0p01,small_cnn,sgd,10,128,20000,0.01,0.9,0.0005,cuda,False,False,3,90,404,0.9967641830444336
label_sorted,0,results_v3_lr0p01,results_v3_lr0p01,small_cnn,sgd,10,128,20000,0.01,0.9,0.0005,cuda,False,False,3,91,405,0.9970712661743164
label_sorted,0,results_v3_lr0p01,results_v3_lr0p01,small_cnn,sgd,10,128,20000,0.01,0.9,0.0005,cuda,False,False,3,92,406,0.6758960485458374
label_sorted,0,results_v3_lr0p01,results_v3_lr0p01,small_cnn,sgd,10,128,20000,0.01,0.9,0.0005,cuda,False,False,3,93,407,0.9371469020843506
label_sorted,0,results_v3_lr0p01,results_v3_lr0p01,small_cnn,sgd,10,128,20000,0.01,0.9,0.0005,cuda,False,False,3,94,408,-0.35671135783195496
label_sorted,0,results_v3_lr0p01,results_v3_lr0p01,small_cnn,sgd,10,128,20000,0.01,0.9,0.0005,cuda,False,False,3,95,409,0.9986968636512756
label_sorted,0,results_v3_lr0p01,results_v3_lr0p01,small_cnn,sgd,10,128,20000,0.01,0.9,0.0005,cuda,False,False,3,96,410,0.9447474479675293
label_sorted,0,results_v3_lr0p01,results_v3_lr0p01,small_cnn,sgd,10,128,20000,0.01,0.9,0.0005,cuda,False,False,3,97,411,0.8920842409133911
label_sorted,0,results_v3_lr0p01,results_v3_lr0p01,small_cnn,sgd,10,128,20000,0.01,0.9,0.0005,cuda,False,False,3,98,412,0.19415076076984406
label_sorted,0,results_v3_lr0p01,results_v3_lr0p01,small_cnn,sgd,10,128,20000,0.01,0.9,0.0005,cuda,False,False,3,99,413,0.9678956270217896
label_sorted,0,results_v3_lr0p01,results_v3_lr0p01,small_cnn,sgd,10,128,20000,0.01,0.9,0.0005,cuda,False,False,3,100,414,0.8366863131523132
label_sorted,0,results_v3_lr0p01,results_v3_lr0p01,small_cnn,sgd,10,128,20000,0.01,0.9,0.0005,cuda,False,False,3,101,415,0.9655985832214355
label_sorted,0,results_v3_lr0p01,results_v3_lr0p01,small_cnn,sgd,10,128,20000,0.01,0.9,0.0005,cuda,False,False,3,102,416,0.981013298034668
label_sorted,0,results_v3_lr0p01,results_v3_lr0p01,small_cnn,sgd,10,128,20000,0.01,0.9,0.0005,cuda,False,False,3,103,417,0.9506844282150269
label_sorted,0,results_v3_lr0p01,results_v3_lr0p01,small_cnn,sgd,10,128,20000,0.01,0.9,0.0005,cuda,False,False,3,104,418,0.9246451258659363
label_sorted,0,results_v3_lr0p01,results_v3_lr0p01,small_cnn,sgd,10,128,20000,0.01,0.9,0.0005,cuda,False,False,3,105,419,0.9460468292236328
label_sorted,0,results_v3_lr0p01,results_v3_lr0p01,small_cnn,sgd,10,128,20000,0.01,0.9,0.0005,cuda,False,False,3,106,420,0.6011947989463806
label_sorted,0,results_v3_lr0p01,results_v3_lr0p01,small_cnn,sgd,10,128,20000,0.01,0.9,0.0005,cuda,False,False,3,107,421,0.799831748008728
label_sorted,0,results_v3_lr0p01,results_v3_lr0p01,small_cnn,sgd,10,128,20000,0.01,0.9,0.0005,cuda,False,False,3,108,422,0.7409452199935913
label_sorted,0,results_v3_lr0p01,results_v3_lr0p01,small_cnn,sgd,10,128,20000,0.01,0.9,0.0005,cuda,False,False,3,109,423,0.9216991662979126
label_sorted,0,results_v3_lr0p01,results_v3_lr0p01,small_cnn,sgd,10,128,20000,0.01,0.9,0.0005,cuda,False,False,3,110,424,-0.39599961042404175
label_sorted,0,results_v3_lr0p01,results_v3_lr0p01,small_cnn,sgd,10,128,20000,0.01,0.9,0.0005,cuda,False,False,3,111,425,0.07135193794965744
label_sorted,0,results_v3_lr0p01,results_v3_lr0p01,small_cnn,sgd,10,128,20000,0.01,0.9,0.0005,cuda,False,False,3,112,426,0.9085573554039001
label_sorted,0,results_v3_lr0p01,results_v3_lr0p01,small_cnn,sgd,10,128,20000,0.01,0.9,0.0005,cuda,False,False,3,113,427,0.9774049520492554
label_sorted,0,results_v3_lr0p01,results_v3_lr0p01,small_cnn,sgd,10,128,20000,0.01,0.9,0.0005,cuda,False,False,3,114,428,0.9888058304786682
label_sorted,0,results_v3_lr0p01,results_v3_lr0p01,small_cnn,sgd,10,128,20000,0.01,0.9,0.0005,cuda,False,False,3,115,429,0.9982680082321167
label_sorted,0,results_v3_lr0p01,results_v3_lr0p01,small_cnn,sgd,10,128,20000,0.01,0.9,0.0005,cuda,False,False,3,116,430,0.996783971786499
label_sorted,0,results_v3_lr0p01,results_v3_lr0p01,small_cnn,sgd,10,128,20000,0.01,0.9,0.0005,cuda,False,False,3,117,431,0.9719741940498352
label_sorted,0,results_v3_lr0p01,results_v3_lr0p01,small_cnn,sgd,10,128,20000,0.01,0.9,0.0005,cuda,False,False,3,118,432,0.983469545841217
label_sorted,0,results_v3_lr0p01,results_v3_lr0p01,small_cnn,sgd,10,128,20000,0.01,0.9,0.0005,cuda,False,False,3,119,433,0.8232101202011108
label_sorted,0,results_v3_lr0p01,results_v3_lr0p01,small_cnn,sgd,10,128,20000,0.01,0.9,0.0005,cuda,False,False,3,120,434,0.7939496040344238
label_sorted,0,results_v3_lr0p01,results_v3_lr0p01,small_cnn,sgd,10,128,20000,0.01,0.9,0.0005,cuda,False,False,3,121,435,0.9388008117675781
label_sorted,0,results_v3_lr0p01,results_v3_lr0p01,small_cnn,sgd,10,128,20000,0.01,0.9,0.0005,cuda,False,False,3,122,436,0.9014754295349121
label_sorted,0,results_v3_lr0p01,results_v3_lr0p01,small_cnn,sgd,10,128,20000,0.01,0.9,0.0005,cuda,False,False,3,123,437,0.8087998628616333
label_sorted,0,results_v3_lr0p01,results_v3_lr0p01,small_cnn,sgd,10,128,20000,0.01,0.9,0.0005,cuda,False,False,3,124,438,0.907814621925354
label_sorted,0,results_v3_lr0p01,results_v3_lr0p01,small_cnn,sgd,10,128,20000,0.01,0.9,0.0005,cuda,False,False,3,125,439,0.9321243762969971
label_sorted,0,results_v3_lr0p01,results_v3_lr0p01,small_cnn,sgd,10,128,20000,0.01,0.9,0.0005,cuda,False,False,3,126,440,-0.824733555316925
label_sorted,0,results_v3_lr0p01,results_v3_lr0p01,small_cnn,sgd,10,128,20000,0.01,0.9,0.0005,cuda,False,False,3,127,441,-0.002989327535033226
label_sorted,0,results_v3_lr0p01,results_v3_lr0p01,small_cnn,sgd,10,128,20000,0.01,0.9,0.0005,cuda,False,False,3,128,442,0.5361725687980652
label_sorted,0,results_v3_lr0p01,results_v3_lr0p01,small_cnn,sgd,10,128,20000,0.01,0.9,0.0005,cuda,False,False,3,129,443,0.8808702230453491
label_sorted,0,results_v3_lr0p01,results_v3_lr0p01,small_cnn,sgd,10,128,20000,0.01,0.9,0.0005,cuda,False,False,3,130,444,0.8883652091026306
label_sorted,0,results_v3_lr0p01,results_v3_lr0p01,small_cnn,sgd,10,128,20000,0.01,0.9,0.0005,cuda,False,False,3,131,445,0.7579120397567749
label_sorted,0,results_v3_lr0p01,results_v3_lr0p01,small_cnn,sgd,10,128,20000,0.01,0.9,0.0005,cuda,False,False,3,132,446,0.7048617005348206
label_sorted,0,results_v3_lr0p01,results_v3_lr0p01,small_cnn,sgd,10,128,20000,0.01,0.9,0.0005,cuda,False,False,3,133,447,0.8804247379302979
label_sorted,0,results_v3_lr0p01,results_v3_lr0p01,small_cnn,sgd,10,128,20000,0.01,0.9,0.0005,cuda,False,False,3,134,448,0.8657189011573792
label_sorted,0,results_v3_lr0p01,results_v3_lr0p01,small_cnn,sgd,10,128,20000,0.01,0.9,0.0005,cuda,False,False,3,135,449,0.9395914077758789
label_sorted,0,results_v3_lr0p01,results_v3_lr0p01,small_cnn,sgd,10,128,20000,0.01,0.9,0.0005,cuda,False,False,3,136,450,0.9511055946350098
label_sorted,0,results_v3_lr0p01,results_v3_lr0p01,small_cnn,sgd,10,128,20000,0.01,0.9,0.0005,cuda,False,False,3,137,451,0.8859752416610718
label_sorted,0,results_v3_lr0p01,results_v3_lr0p01,small_cnn,sgd,10,128,20000,0.01,0.9,0.0005,cuda,False,False,3,138,452,0.8675149083137512
label_sorted,0,results_v3_lr0p01,results_v3_lr0p01,small_cnn,sgd,10,128,20000,0.01,0.9,0.0005,cuda,False,False,3,139,453,0.8399875164031982
label_sorted,0,results_v3_lr0p01,results_v3_lr0p01,small_cnn,sgd,10,128,20000,0.01,0.9,0.0005,cuda,False,False,3,140,454,0.9347583055496216
label_sorted,0,results_v3_lr0p01,results_v3_lr0p01,small_cnn,sgd,10,128,20000,0.01,0.9,0.0005,cuda,False,False,3,141,455,-0.5817264914512634
label_sorted,0,results_v3_lr0p01,results_v3_lr0p01,small_cnn,sgd,10,128,20000,0.01,0.9,0.0005,cuda,False,False,3,142,456,0.07963661849498749
label_sorted,0,results_v3_lr0p01,results_v3_lr0p01,small_cnn,sgd,10,128,20000,0.01,0.9,0.0005,cuda,False,False,3,143,457,0.24115826189517975
label_sorted,0,results_v3_lr0p01,results_v3_lr0p01,small_cnn,sgd,10,128,20000,0.01,0.9,0.0005,cuda,False,False,3,144,458,0.9239135980606079
label_sorted,0,results_v3_lr0p01,results_v3_lr0p01,small_cnn,sgd,10,128,20000,0.01,0.9,0.0005,cuda,False,False,3,145,459,0.13747911155223846
label_sorted,0,results_v3_lr0p01,results_v3_lr0p01,small_cnn,sgd,10,128,20000,0.01,0.9,0.0005,cuda,False,False,3,146,460,0.9920659065246582
label_sorted,0,results_v3_lr0p01,results_v3_lr0p01,small_cnn,sgd,10,128,20000,0.01,0.9,0.0005,cuda,False,False,3,147,461,0.9940487742424011
label_sorted,0,results_v3_lr0p01,results_v3_lr0p01,small_cnn,sgd,10,128,20000,0.01,0.9,0.0005,cuda,False,False,3,148,462,0.9947460293769836
label_sorted,0,results_v3_lr0p01,results_v3_lr0p01,small_cnn,sgd,10,128,20000,0.01,0.9,0.0005,cuda,False,False,3,149,463,0.9969322085380554
label_sorted,0,results_v3_lr0p01,results_v3_lr0p01,small_cnn,sgd,10,128,20000,0.01,0.9,0.0005,cuda,False,False,3,150,464,0.9972376823425293
label_sorted,0,results_v3_lr0p01,results_v3_lr0p01,small_cnn,sgd,10,128,20000,0.01,0.9,0.0005,cuda,False,False,3,151,465,0.9935633540153503
label_sorted,0,results_v3_lr0p01,results_v3_lr0p01,small_cnn,sgd,10,128,20000,0.01,0.9,0.0005,cuda,False,False,3,152,466,0.9890123605728149
label_sorted,0,results_v3_lr0p01,results_v3_lr0p01,small_cnn,sgd,10,128,20000,0.01,0.9,0.0005,cuda,False,False,3,153,467,0.9958670735359192
label_sorted,0,results_v3_lr0p01,results_v3_lr0p01,small_cnn,sgd,10,128,20000,0.01,0.9,0.0005,cuda,False,False,3,154,468,0.9935733675956726
label_sorted,0,results_v3_lr0p01,results_v3_lr0p01,small_cnn,sgd,10,128,20000,0.01,0.9,0.0005,cuda,False,False,3,155,469,0.9880726337432861
label_sorted,0,results_v3_lr0p01,results_v3_lr0p01,small_cnn,sgd,10,128,20000,0.01,0.9,0.0005,cuda,False,False,3,156,470,0.9846289753913879
label_sorted,0,results_v3_lr0p01,results_v3_lr0p01,small_cnn,sgd,10,128,20000,0.01,0.9,0.0005,cuda,False,False,3,157,471,0.9881583452224731
label_sorted,0,results_v3_lr0p01,results_v3_lr0p01,small_cnn,sgd,10,128,20000,0.01,0.9,0.0005,cuda,False,False,4,1,472,-0.5190706253051758
label_sorted,0,results_v3_lr0p01,results_v3_lr0p01,small_cnn,sgd,10,128,20000,0.01,0.9,0.0005,cuda,False,False,4,2,473,0.9958064556121826
label_sorted,0,results_v3_lr0p01,results_v3_lr0p01,small_cnn,sgd,10,128,20000,0.01,0.9,0.0005,cuda,False,False,4,3,474,0.9909505844116211
label_sorted,0,results_v3_lr0p01,results_v3_lr0p01,small_cnn,sgd,10,128,20000,0.01,0.9,0.0005,cuda,False,False,4,4,475,0.9709439277648926
label_sorted,0,results_v3_lr0p01,results_v3_lr0p01,small_cnn,sgd,10,128,20000,0.01,0.9,0.0005,cuda,False,False,4,5,476,0.9469484686851501
label_sorted,0,results_v3_lr0p01,results_v3_lr0p01,small_cnn,sgd,10,128,20000,0.01,0.9,0.0005,cuda,False,False,4,6,477,0.9204626679420471
label_sorted,0,results_v3_lr0p01,results_v3_lr0p01,small_cnn,sgd,10,128,20000,0.01,0.9,0.0005,cuda,False,False,4,7,478,0.9195492267608643
label_sorted,0,results_v3_lr0p01,results_v3_lr0p01,small_cnn,sgd,10,128,20000,0.01,0.9,0.0005,cuda,False,False,4,8,479,0.9947347640991211
label_sorted,0,results_v3_lr0p01,results_v3_lr0p01,small_cnn,sgd,10,128,20000,0.01,0.9,0.0005,cuda,False,False,4,9,480,0.9944784641265869
label_sorted,0,results_v3_lr0p01,results_v3_lr0p01,small_cnn,sgd,10,128,20000,0.01,0.9,0.0005,cuda,False,False,4,10,481,0.9929257035255432
label_sorted,0,results_v3_lr0p01,results_v3_lr0p01,small_cnn,sgd,10,128,20000,0.01,0.9,0.0005,cuda,False,False,4,11,482,0.9912605881690979
label_sorted,0,results_v3_lr0p01,results_v3_lr0p01,small_cnn,sgd,10,128,20000,0.01,0.9,0.0005,cuda,False,False,4,12,483,0.9906643033027649
label_sorted,0,results_v3_lr0p01,results_v3_lr0p01,small_cnn,sgd,10,128,20000,0.01,0.9,0.0005,cuda,False,False,4,13,484,0.9886997938156128
label_sorted,0,results_v3_lr0p01,results_v3_lr0p01,small_cnn,sgd,10,128,20000,0.01,0.9,0.0005,cuda,False,False,4,14,485,0.9897300601005554
label_sorted,0,results_v3_lr0p01,results_v3_lr0p01,small_cnn,sgd,10,128,20000,0.01,0.9,0.0005,cuda,False,False,4,15,486,0.9562626481056213
label_sorted,0,results_v3_lr0p01,results_v3_lr0p01,small_cnn,sgd,10,128,20000,0.01,0.9,0.0005,cuda,False,False,4,16,487,-0.224299356341362
label_sorted,0,results_v3_lr0p01,results_v3_lr0p01,small_cnn,sgd,10,128,20000,0.01,0.9,0.0005,cuda,False,False,4,17,488,0.7771439552307129
label_sorted,0,results_v3_lr0p01,results_v3_lr0p01,small_cnn,sgd,10,128,20000,0.01,0.9,0.0005,cuda,False,False,4,18,489,0.9820975661277771
label_sorted,0,results_v3_lr0p01,results_v3_lr0p01,small_cnn,sgd,10,128,20000,0.01,0.9,0.0005,cuda,False,False,4,19,490,0.7020198702812195
label_sorted,0,results_v3_lr0p01,results_v3_lr0p01,small_cnn,sgd,10,128,20000,0.01,0.9,0.0005,cuda,False,False,4,20,491,0.6127035617828369
label_sorted,0,results_v3_lr0p01,results_v3_lr0p01,small_cnn,sgd,10,128,20000,0.01,0.9,0.0005,cuda,False,False,4,21,492,0.9524903297424316
label_sorted,0,results_v3_lr0p01,results_v3_lr0p01,small_cnn,sgd,10,128,20000,0.01,0.9,0.0005,cuda,False,False,4,22,493,0.9835106730461121
label_sorted,0,results_v3_lr0p01,results_v3_lr0p01,small_cnn,sgd,10,128,20000,0.01,0.9,0.0005,cuda,False,False,4,23,494,0.9942089319229126
label_sorted,0,results_v3_lr0p01,results_v3_lr0p01,small_cnn,sgd,10,128,20000,0.01,0.9,0.0005,cuda,False,False,4,24,495,0.9926689267158508
label_sorted,0,results_v3_lr0p01,results_v3_lr0p01,small_cnn,sgd,10,128,20000,0.01,0.9,0.0005,cuda,False,False,4,25,496,0.9868233799934387
label_sorted,0,results_v3_lr0p01,results_v3_lr0p01,small_cnn,sgd,10,128,20000,0.01,0.9,0.0005,cuda,False,False,4,26,497,0.9887223839759827
label_sorted,0,results_v3_lr0p01,results_v3_lr0p01,small_cnn,sgd,10,128,20000,0.01,0.9,0.0005,cuda,False,False,4,27,498,0.9972996711730957
label_sorted,0,results_v3_lr0p01,results_v3_lr0p01,small_cnn,sgd,10,128,20000,0.01,0.9,0.0005,cuda,False,False,4,28,499,0.9972773194313049
label_sorted,0,results_v3_lr0p01,results_v3_lr0p01,small_cnn,sgd,10,128,20000,0.01,0.9,0.0005,cuda,False,False,4,29,500,0.8493481874465942
label_sorted,0,results_v3_lr0p01,results_v3_lr0p01,small_cnn,sgd,10,128,20000,0.01,0.9,0.0005,cuda,False,False,4,30,501,0.8546761274337769
label_sorted,0,results_v3_lr0p01,results_v3_lr0p01,small_cnn,sgd,10,128,20000,0.01,0.9,0.0005,cuda,False,False,4,31,502,0.9035360217094421
label_sorted,0,results_v3_lr0p01,results_v3_lr0p01,small_cnn,sgd,10,128,20000,0.01,0.9,0.0005,cuda,False,False,4,32,503,-0.8407180905342102
label_sorted,0,results_v3_lr0p01,results_v3_lr0p01,small_cnn,sgd,10,128,20000,0.01,0.9,0.0005,cuda,False,False,4,33,504,0.9856627583503723
label_sorted,0,results_v3_lr0p01,results_v3_lr0p01,small_cnn,sgd,10,128,20000,0.01,0.9,0.0005,cuda,False,False,4,34,505,-0.11267287284135818
label_sorted,0,results_v3_lr0p01,results_v3_lr0p01,small_cnn,sgd,10,128,20000,0.01,0.9,0.0005,cuda,False,False,4,35,506,0.644411027431488
label_sorted,0,results_v3_lr0p01,results_v3_lr0p01,small_cnn,sgd,10,128,20000,0.01,0.9,0.0005,cuda,False,False,4,36,507,0.4964151084423065
label_sorted,0,results_v3_lr0p01,results_v3_lr0p01,small_cnn,sgd,10,128,20000,0.01,0.9,0.0005,cuda,False,False,4,37,508,0.9952521324157715
label_sorted,0,results_v3_lr0p01,results_v3_lr0p01,small_cnn,sgd,10,128,20000,0.01,0.9,0.0005,cuda,False,False,4,38,509,0.9924914240837097
label_sorted,0,results_v3_lr0p01,results_v3_lr0p01,small_cnn,sgd,10,128,20000,0.01,0.9,0.0005,cuda,False,False,4,39,510,0.9965593814849854
label_sorted,0,results_v3_lr0p01,results_v3_lr0p01,small_cnn,sgd,10,128,20000,0.01,0.9,0.0005,cuda,False,False,4,40,511,0.9970163702964783
label_sorted,0,results_v3_lr0p01,results_v3_lr0p01,small_cnn,sgd,10,128,20000,0.01,0.9,0.0005,cuda,False,False,4,41,512,0.9973310828208923
label_sorted,0,results_v3_lr0p01,results_v3_lr0p01,small_cnn,sgd,10,128,20000,0.01,0.9,0.0005,cuda,False,False,4,42,513,0.9976505637168884
label_sorted,0,results_v3_lr0p01,results_v3_lr0p01,small_cnn,sgd,10,128,20000,0.01,0.9,0.0005,cuda,False,False,4,43,514,0.9978821873664856
label_sorted,0,results_v3_lr0p01,results_v3_lr0p01,small_cnn,sgd,10,128,20000,0.01,0.9,0.0005,cuda,False,False,4,44,515,0.9974252581596375
label_sorted,0,results_v3_lr0p01,results_v3_lr0p01,small_cnn,sgd,10,128,20000,0.01,0.9,0.0005,cuda,False,False,4,45,516,0.9712291955947876
label_sorted,0,results_v3_lr0p01,results_v3_lr0p01,small_cnn,sgd,10,128,20000,0.01,0.9,0.0005,cuda,False,False,4,46,517,0.9989489912986755
label_sorted,0,results_v3_lr0p01,results_v3_lr0p01,small_cnn,sgd,10,128,20000,0.01,0.9,0.0005,cuda,False,False,4,47,518,0.9880965352058411
label_sorted,0,results_v3_lr0p01,results_v3_lr0p01,small_cnn,sgd,10,128,20000,0.01,0.9,0.0005,cuda,False,False,4,48,519,-0.34247711300849915
label_sorted,0,results_v3_lr0p01,results_v3_lr0p01,small_cnn,sgd,10,128,20000,0.01,0.9,0.0005,cuda,False,False,4,49,520,0.9988664388656616
label_sorted,0,results_v3_lr0p01,results_v3_lr0p01,small_cnn,sgd,10,128,20000,0.01,0.9,0.0005,cuda,False,False,4,50,521,0.9992034435272217
label_sorted,0,results_v3_lr0p01,results_v3_lr0p01,small_cnn,sgd,10,128,20000,0.01,0.9,0.0005,cuda,False,False,4,51,522,0.9994240999221802
label_sorted,0,results_v3_lr0p01,results_v3_lr0p01,small_cnn,sgd,10,128,20000,0.01,0.9,0.0005,cuda,False,False,4,52,523,0.9994528889656067
label_sorted,0,results_v3_lr0p01,results_v3_lr0p01,small_cnn,sgd,10,128,20000,0.01,0.9,0.0005,cuda,False,False,4,53,524,0.9996859431266785
label_sorted,0,results_v3_lr0p01,results_v3_lr0p01,small_cnn,sgd,10,128,20000,0.01,0.9,0.0005,cuda,False,False,4,54,525,0.9996408224105835
label_sorted,0,results_v3_lr0p01,results_v3_lr0p01,small_cnn,sgd,10,128,20000,0.01,0.9,0.0005,cuda,False,False,4,55,526,0.9978659152984619
label_sorted,0,results_v3_lr0p01,results_v3_lr0p01,small_cnn,sgd,10,128,20000,0.01,0.9,0.0005,cuda,False,False,4,56,527,0.9992284774780273
label_sorted,0,results_v3_lr0p01,results_v3_lr0p01,small_cnn,sgd,10,128,20000,0.01,0.9,0.0005,cuda,False,False,4,57,528,0.9746527075767517
label_sorted,0,results_v3_lr0p01,results_v3_lr0p01,small_cnn,sgd,10,128,20000,0.01,0.9,0.0005,cuda,False,False,4,58,529,0.9990250468254089
label_sorted,0,results_v3_lr0p01,results_v3_lr0p01,small_cnn,sgd,10,128,20000,0.01,0.9,0.0005,cuda,False,False,4,59,530,0.9961206912994385
label_sorted,0,results_v3_lr0p01,results_v3_lr0p01,small_cnn,sgd,10,128,20000,0.01,0.9,0.0005,cuda,False,False,4,60,531,0.9854970574378967
label_sorted,0,results_v3_lr0p01,results_v3_lr0p01,small_cnn,sgd,10,128,20000,0.01,0.9,0.0005,cuda,False,False,4,61,532,0.9967825412750244
label_sorted,0,results_v3_lr0p01,results_v3_lr0p01,small_cnn,sgd,10,128,20000,0.01,0.9,0.0005,cuda,False,False,4,62,533,0.9969740509986877
label_sorted,0,results_v3_lr0p01,results_v3_lr0p01,small_cnn,sgd,10,128,20000,0.01,0.9,0.0005,cuda,False,False,4,63,534,0.6765524744987488
label_sorted,0,results_v3_lr0p01,results_v3_lr0p01,small_cnn,sgd,10,128,20000,0.01,0.9,0.0005,cuda,False,False,4,64,535,0.68265300989151
label_sorted,0,results_v3_lr0p01,results_v3_lr0p01,small_cnn,sgd,10,128,20000,0.01,0.9,0.0005,cuda,False,False,4,65,536,0.9910812973976135
label_sorted,0,results_v3_lr0p01,results_v3_lr0p01,small_cnn,sgd,10,128,20000,0.01,0.9,0.0005,cuda,False,False,4,66,537,0.9865590929985046
label_sorted,0,results_v3_lr0p01,results_v3_lr0p01,small_cnn,sgd,10,128,20000,0.01,0.9,0.0005,cuda,False,False,4,67,538,0.9778750538825989
label_sorted,0,results_v3_lr0p01,results_v3_lr0p01,small_cnn,sgd,10,128,20000,0.01,0.9,0.0005,cuda,False,False,4,68,539,0.9232202172279358
label_sorted,0,results_v3_lr0p01,results_v3_lr0p01,small_cnn,sgd,10,128,20000,0.01,0.9,0.0005,cuda,False,False,4,69,540,0.7350339889526367
label_sorted,0,results_v3_lr0p01,results_v3_lr0p01,small_cnn,sgd,10,128,20000,0.01,0.9,0.0005,cuda,False,False,4,70,541,0.9118866920471191
label_sorted,0,results_v3_lr0p01,results_v3_lr0p01,small_cnn,sgd,10,128,20000,0.01,0.9,0.0005,cuda,False,False,4,71,542,0.787348210811615
label_sorted,0,results_v3_lr0p01,results_v3_lr0p01,small_cnn,sgd,10,128,20000,0.01,0.9,0.0005,cuda,False,False,4,72,543,0.9011352062225342
label_sorted,0,results_v3_lr0p01,results_v3_lr0p01,small_cnn,sgd,10,128,20000,0.01,0.9,0.0005,cuda,False,False,4,73,544,0.9451297521591187
label_sorted,0,results_v3_lr0p01,results_v3_lr0p01,small_cnn,sgd,10,128,20000,0.01,0.9,0.0005,cuda,False,False,4,74,545,0.940143346786499
label_sorted,0,results_v3_lr0p01,results_v3_lr0p01,small_cnn,sgd,10,128,20000,0.01,0.9,0.0005,cuda,False,False,4,75,546,0.6857854723930359
label_sorted,0,results_v3_lr0p01,results_v3_lr0p01,small_cnn,sgd,10,128,20000,0.01,0.9,0.0005,cuda,False,False,4,76,547,0.5814619660377502
label_sorted,0,results_v3_lr0p01,results_v3_lr0p01,small_cnn,sgd,10,128,20000,0.01,0.9,0.0005,cuda,False,False,4,77,548,0.8618902564048767
label_sorted,0,results_v3_lr0p01,results_v3_lr0p01,small_cnn,sgd,10,128,20000,0.01,0.9,0.0005,cuda,False,False,4,78,549,0.8268854022026062
label_sorted,0,results_v3_lr0p01,results_v3_lr0p01,small_cnn,sgd,10,128,20000,0.01,0.9,0.0005,cuda,False,False,4,79,550,-0.5070765018463135
label_sorted,0,results_v3_lr0p01,results_v3_lr0p01,small_cnn,sgd,10,128,20000,0.01,0.9,0.0005,cuda,False,False,4,80,551,0.722966730594635
label_sorted,0,results_v3_lr0p01,results_v3_lr0p01,small_cnn,sgd,10,128,20000,0.01,0.9,0.0005,cuda,False,False,4,81,552,-0.14990605413913727
label_sorted,0,results_v3_lr0p01,results_v3_lr0p01,small_cnn,sgd,10,128,20000,0.01,0.9,0.0005,cuda,False,False,4,82,553,0.9089620113372803
label_sorted,0,results_v3_lr0p01,results_v3_lr0p01,small_cnn,sgd,10,128,20000,0.01,0.9,0.0005,cuda,False,False,4,83,554,0.9595945477485657
label_sorted,0,results_v3_lr0p01,results_v3_lr0p01,small_cnn,sgd,10,128,20000,0.01,0.9,0.0005,cuda,False,False,4,84,555,0.9408403635025024
label_sorted,0,results_v3_lr0p01,results_v3_lr0p01,small_cnn,sgd,10,128,20000,0.01,0.9,0.0005,cuda,False,False,4,85,556,0.9559187293052673
label_sorted,0,results_v3_lr0p01,results_v3_lr0p01,small_cnn,sgd,10,128,20000,0.01,0.9,0.0005,cuda,False,False,4,86,557,0.9507101774215698
label_sorted,0,results_v3_lr0p01,results_v3_lr0p01,small_cnn,sgd,10,128,20000,0.01,0.9,0.0005,cuda,False,False,4,87,558,0.9833776354789734
label_sorted,0,results_v3_lr0p01,results_v3_lr0p01,small_cnn,sgd,10,128,20000,0.01,0.9,0.0005,cuda,False,False,4,88,559,0.9855296015739441
label_sorted,0,results_v3_lr0p01,results_v3_lr0p01,small_cnn,sgd,10,128,20000,0.01,0.9,0.0005,cuda,False,False,4,89,560,0.9791871905326843
label_sorted,0,results_v3_lr0p01,results_v3_lr0p01,small_cnn,sgd,10,128,20000,0.01,0.9,0.0005,cuda,False,False,4,90,561,0.9864552617073059
label_sorted,0,results_v3_lr0p01,results_v3_lr0p01,small_cnn,sgd,10,128,20000,0.01,0.9,0.0005,cuda,False,False,4,91,562,0.9760265946388245
label_sorted,0,results_v3_lr0p01,results_v3_lr0p01,small_cnn,sgd,10,128,20000,0.01,0.9,0.0005,cuda,False,False,4,92,563,0.9798979759216309
label_sorted,0,results_v3_lr0p01,results_v3_lr0p01,small_cnn,sgd,10,128,20000,0.01,0.9,0.0005,cuda,False,False,4,93,564,0.9877738952636719
label_sorted,0,results_v3_lr0p01,results_v3_lr0p01,small_cnn,sgd,10,128,20000,0.01,0.9,0.0005,cuda,False,False,4,94,565,-0.3514634966850281
label_sorted,0,results_v3_lr0p01,results_v3_lr0p01,small_cnn,sgd,10,128,20000,0.01,0.9,0.0005,cuda,False,False,4,95,566,0.9627907872200012
label_sorted,0,results_v3_lr0p01,results_v3_lr0p01,small_cnn,sgd,10,128,20000,0.01,0.9,0.0005,cuda,False,False,4,96,567,0.3102115988731384
label_sorted,0,results_v3_lr0p01,results_v3_lr0p01,small_cnn,sgd,10,128,20000,0.01,0.9,0.0005,cuda,False,False,4,97,568,0.19537554681301117
label_sorted,0,results_v3_lr0p01,results_v3_lr0p01,small_cnn,sgd,10,128,20000,0.01,0.9,0.0005,cuda,False,False,4,98,569,0.6911958456039429
label_sorted,0,results_v3_lr0p01,results_v3_lr0p01,small_cnn,sgd,10,128,20000,0.01,0.9,0.0005,cuda,False,False,4,99,570,0.9673469662666321
label_sorted,0,results_v3_lr0p01,results_v3_lr0p01,small_cnn,sgd,10,128,20000,0.01,0.9,0.0005,cuda,False,False,4,100,571,0.9903312921524048
label_sorted,0,results_v3_lr0p01,results_v3_lr0p01,small_cnn,sgd,10,128,20000,0.01,0.9,0.0005,cuda,False,False,4,101,572,0.9927746057510376
label_sorted,0,results_v3_lr0p01,results_v3_lr0p01,small_cnn,sgd,10,128,20000,0.01,0.9,0.0005,cuda,False,False,4,102,573,0.9868720769882202
label_sorted,0,results_v3_lr0p01,results_v3_lr0p01,small_cnn,sgd,10,128,20000,0.01,0.9,0.0005,cuda,False,False,4,103,574,0.9215185642242432
label_sorted,0,results_v3_lr0p01,results_v3_lr0p01,small_cnn,sgd,10,128,20000,0.01,0.9,0.0005,cuda,False,False,4,104,575,0.96487957239151
label_sorted,0,results_v3_lr0p01,results_v3_lr0p01,small_cnn,sgd,10,128,20000,0.01,0.9,0.0005,cuda,False,False,4,105,576,0.7646089792251587
label_sorted,0,results_v3_lr0p01,results_v3_lr0p01,small_cnn,sgd,10,128,20000,0.01,0.9,0.0005,cuda,False,False,4,106,577,0.6419427394866943
label_sorted,0,results_v3_lr0p01,results_v3_lr0p01,small_cnn,sgd,10,128,20000,0.01,0.9,0.0005,cuda,False,False,4,107,578,0.896028995513916
label_sorted,0,results_v3_lr0p01,results_v3_lr0p01,small_cnn,sgd,10,128,20000,0.01,0.9,0.0005,cuda,False,False,4,108,579,0.7489615082740784
label_sorted,0,results_v3_lr0p01,results_v3_lr0p01,small_cnn,sgd,10,128,20000,0.01,0.9,0.0005,cuda,False,False,4,109,580,0.7044832110404968
label_sorted,0,results_v3_lr0p01,results_v3_lr0p01,small_cnn,sgd,10,128,20000,0.01,0.9,0.0005,cuda,False,False,4,110,581,-0.7274703979492188
label_sorted,0,results_v3_lr0p01,results_v3_lr0p01,small_cnn,sgd,10,128,20000,0.01,0.9,0.0005,cuda,False,False,4,111,582,0.8436290621757507
label_sorted,0,results_v3_lr0p01,results_v3_lr0p01,small_cnn,sgd,10,128,20000,0.01,0.9,0.0005,cuda,False,False,4,112,583,0.09458071738481522
label_sorted,0,results_v3_lr0p01,results_v3_lr0p01,small_cnn,sgd,10,128,20000,0.01,0.9,0.0005,cuda,False,False,4,113,584,0.9889240264892578
label_sorted,0,results_v3_lr0p01,results_v3_lr0p01,small_cnn,sgd,10,128,20000,0.01,0.9,0.0005,cuda,False,False,4,114,585,0.9917624592781067
label_sorted,0,results_v3_lr0p01,results_v3_lr0p01,small_cnn,sgd,10,128,20000,0.01,0.9,0.0005,cuda,False,False,4,115,586,0.9936234354972839
label_sorted,0,results_v3_lr0p01,results_v3_lr0p01,small_cnn,sgd,10,128,20000,0.01,0.9,0.0005,cuda,False,False,4,116,587,0.9952970743179321
label_sorted,0,results_v3_lr0p01,results_v3_lr0p01,small_cnn,sgd,10,128,20000,0.01,0.9,0.0005,cuda,False,False,4,117,588,0.996590793132782
label_sorted,0,results_v3_lr0p01,results_v3_lr0p01,small_cnn,sgd,10,128,20000,0.01,0.9,0.0005,cuda,False,False,4,118,589,0.9952834844589233
label_sorted,0,results_v3_lr0p01,results_v3_lr0p01,small_cnn,sgd,10,128,20000,0.01,0.9,0.0005,cuda,False,False,4,119,590,0.9950412511825562
label_sorted,0,results_v3_lr0p01,results_v3_lr0p01,small_cnn,sgd,10,128,20000,0.01,0.9,0.0005,cuda,False,False,4,120,591,0.9844515919685364
label_sorted,0,results_v3_lr0p01,results_v3_lr0p01,small_cnn,sgd,10,128,20000,0.01,0.9,0.0005,cuda,False,False,4,121,592,0.9733206033706665
label_sorted,0,results_v3_lr0p01,results_v3_lr0p01,small_cnn,sgd,10,128,20000,0.01,0.9,0.0005,cuda,False,False,4,122,593,0.9586744904518127
label_sorted,0,results_v3_lr0p01,results_v3_lr0p01,small_cnn,sgd,10,128,20000,0.01,0.9,0.0005,cuda,False,False,4,123,594,0.8000203967094421
label_sorted,0,results_v3_lr0p01,results_v3_lr0p01,small_cnn,sgd,10,128,20000,0.01,0.9,0.0005,cuda,False,False,4,124,595,0.8832023739814758
label_sorted,0,results_v3_lr0p01,results_v3_lr0p01,small_cnn,sgd,10,128,20000,0.01,0.9,0.0005,cuda,False,False,4,125,596,0.9290649890899658
label_sorted,0,results_v3_lr0p01,results_v3_lr0p01,small_cnn,sgd,10,128,20000,0.01,0.9,0.0005,cuda,False,False,4,126,597,-0.7129544019699097
label_sorted,0,results_v3_lr0p01,results_v3_lr0p01,small_cnn,sgd,10,128,20000,0.01,0.9,0.0005,cuda,False,False,4,127,598,0.04441484808921814
label_sorted,0,results_v3_lr0p01,results_v3_lr0p01,small_cnn,sgd,10,128,20000,0.01,0.9,0.0005,cuda,False,False,4,128,599,0.7478395700454712
label_sorted,0,results_v3_lr0p01,results_v3_lr0p01,small_cnn,sgd,10,128,20000,0.01,0.9,0.0005,cuda,False,False,4,129,600,0.7151195406913757
label_sorted,0,results_v3_lr0p01,results_v3_lr0p01,small_cnn,sgd,10,128,20000,0.01,0.9,0.0005,cuda,False,False,4,130,601,0.8286595940589905
label_sorted,0,results_v3_lr0p01,results_v3_lr0p01,small_cnn,sgd,10,128,20000,0.01,0.9,0.0005,cuda,False,False,4,131,602,0.6623352766036987
label_sorted,0,results_v3_lr0p01,results_v3_lr0p01,small_cnn,sgd,10,128,20000,0.01,0.9,0.0005,cuda,False,False,4,132,603,0.5777469277381897
label_sorted,0,results_v3_lr0p01,results_v3_lr0p01,small_cnn,sgd,10,128,20000,0.01,0.9,0.0005,cuda,False,False,4,133,604,0.8419240117073059
label_sorted,0,results_v3_lr0p01,results_v3_lr0p01,small_cnn,sgd,10,128,20000,0.01,0.9,0.0005,cuda,False,False,4,134,605,0.539800226688385
label_sorted,0,results_v3_lr0p01,results_v3_lr0p01,small_cnn,sgd,10,128,20000,0.01,0.9,0.0005,cuda,False,False,4,135,606,0.0015854323282837868
label_sorted,0,results_v3_lr0p01,results_v3_lr0p01,small_cnn,sgd,10,128,20000,0.01,0.9,0.0005,cuda,False,False,4,136,607,7.690439929319837e-08
label_sorted,0,results_v3_lr0p01,results_v3_lr0p01,small_cnn,sgd,10,128,20000,0.01,0.9,0.0005,cuda,False,False,4,137,608,5.307166262014107e-09
label_sorted,0,results_v3_lr0p01,results_v3_lr0p01,small_cnn,sgd,10,128,20000,0.01,0.9,0.0005,cuda,False,False,4,138,609,7.454751226043665e-12
label_sorted,0,results_v3_lr0p01,results_v3_lr0p01,small_cnn,sgd,10,128,20000,0.01,0.9,0.0005,cuda,False,False,4,139,610,
label_sorted,0,results_v3_lr0p01,results_v3_lr0p01,small_cnn,sgd,10,128,20000,0.01,0.9,0.0005,cuda,False,False,4,140,611,
label_sorted,0,results_v3_lr0p01,results_v3_lr0p01,small_cnn,sgd,10,128,20000,0.01,0.9,0.0005,cuda,False,False,4,141,612,
label_sorted,0,results_v3_lr0p01,results_v3_lr0p01,small_cnn,sgd,10,128,20000,0.01,0.9,0.0005,cuda,False,False,4,142,613,0.007866227068006992
label_sorted,0,results_v3_lr0p01,results_v3_lr0p01,small_cnn,sgd,10,128,20000,0.01,0.9,0.0005,cuda,False,False,4,143,614,0.9911660552024841
label_sorted,0,results_v3_lr0p01,results_v3_lr0p01,small_cnn,sgd,10,128,20000,0.01,0.9,0.0005,cuda,False,False,4,144,615,0.9334640502929688
label_sorted,0,results_v3_lr0p01,results_v3_lr0p01,small_cnn,sgd,10,128,20000,0.01,0.9,0.0005,cuda,False,False,4,145,616,0.9499407410621643
label_sorted,0,results_v3_lr0p01,results_v3_lr0p01,small_cnn,sgd,10,128,20000,0.01,0.9,0.0005,cuda,False,False,4,146,617,0.8503018021583557
label_sorted,0,results_v3_lr0p01,results_v3_lr0p01,small_cnn,sgd,10,128,20000,0.01,0.9,0.0005,cuda,False,False,4,147,618,0.7631727457046509
label_sorted,0,results_v3_lr0p01,results_v3_lr0p01,small_cnn,sgd,10,128,20000,0.01,0.9,0.0005,cuda,False,False,4,148,619,0.8281214237213135
label_sorted,0,results_v3_lr0p01,results_v3_lr0p01,small_cnn,sgd,10,128,20000,0.01,0.9,0.0005,cuda,False,False,4,149,620,0.9705727100372314
label_sorted,0,results_v3_lr0p01,results_v3_lr0p01,small_cnn,sgd,10,128,20000,0.01,0.9,0.0005,cuda,False,False,4,150,621,0.04501035436987877
label_sorted,0,results_v3_lr0p01,results_v3_lr0p01,small_cnn,sgd,10,128,20000,0.01,0.9,0.0005,cuda,False,False,4,151,622,4.20894548369688e-06
label_sorted,0,results_v3_lr0p01,results_v3_lr0p01,small_cnn,sgd,10,128,20000,0.01,0.9,0.0005,cuda,False,False,4,152,623,5.661816505980407e-16
label_sorted,0,results_v3_lr0p01,results_v3_lr0p01,small_cnn,sgd,10,128,20000,0.01,0.9,0.0005,cuda,False,False,4,153,624,
label_sorted,0,results_v3_lr0p01,results_v3_lr0p01,small_cnn,sgd,10,128,20000,0.01,0.9,0.0005,cuda,False,False,4,154,625,
label_sorted,0,results_v3_lr0p01,results_v3_lr0p01,small_cnn,sgd,10,128,20000,0.01,0.9,0.0005,cuda,False,False,4,155,626,
label_sorted,0,results_v3_lr0p01,results_v3_lr0p01,small_cnn,sgd,10,128,20000,0.01,0.9,0.0005,cuda,False,False,4,156,627,
label_sorted,0,results_v3_lr0p01,results_v3_lr0p01,small_cnn,sgd,10,128,20000,0.01,0.9,0.0005,cuda,False,False,4,157,628,
label_sorted,0,results_v3_lr0p01,results_v3_lr0p01,small_cnn,sgd,10,128,20000,0.01,0.9,0.0005,cuda,False,False,5,1,629,
label_sorted,0,results_v3_lr0p01,results_v3_lr0p01,small_cnn,sgd,10,128,20000,0.01,0.9,0.0005,cuda,False,False,5,2,630,0.09326088428497314
label_sorted,0,results_v3_lr0p01,results_v3_lr0p01,small_cnn,sgd,10,128,20000,0.01,0.9,0.0005,cuda,False,False,5,3,631,0.9217235445976257
label_sorted,0,results_v3_lr0p01,results_v3_lr0p01,small_cnn,sgd,10,128,20000,0.01,0.9,0.0005,cuda,False,False,5,4,632,0.8851388096809387
label_sorted,0,results_v3_lr0p01,results_v3_lr0p01,small_cnn,sgd,10,128,20000,0.01,0.9,0.0005,cuda,False,False,5,5,633,0.9408464431762695
label_sorted,0,results_v3_lr0p01,results_v3_lr0p01,small_cnn,sgd,10,128,20000,0.01,0.9,0.0005,cuda,False,False,5,6,634,0.9760538935661316
label_sorted,0,results_v3_lr0p01,results_v3_lr0p01,small_cnn,sgd,10,128,20000,0.01,0.9,0.0005,cuda,False,False,5,7,635,0.9875949621200562
label_sorted,0,results_v3_lr0p01,results_v3_lr0p01,small_cnn,sgd,10,128,20000,0.01,0.9,0.0005,cuda,False,False,5,8,636,0.9958078265190125
label_sorted,0,results_v3_lr0p01,results_v3_lr0p01,small_cnn,sgd,10,128,20000,0.01,0.9,0.0005,cuda,False,False,5,9,637,0.9979789853096008
label_sorted,0,results_v3_lr0p01,results_v3_lr0p01,small_cnn,sgd,10,128,20000,0.01,0.9,0.0005,cuda,False,False,5,10,638,0.9988903403282166
label_sorted,0,results_v3_lr0p01,results_v3_lr0p01,small_cnn,sgd,10,128,20000,0.01,0.9,0.0005,cuda,False,False,5,11,639,0.9993141293525696
label_sorted,0,results_v3_lr0p01,results_v3_lr0p01,small_cnn,sgd,10,128,20000,0.01,0.9,0.0005,cuda,False,False,5,12,640,0.9995526075363159
label_sorted,0,results_v3_lr0p01,results_v3_lr0p01,small_cnn,sgd,10,128,20000,0.01,0.9,0.0005,cuda,False,False,5,13,641,0.9996874332427979
label_sorted,0,results_v3_lr0p01,results_v3_lr0p01,small_cnn,sgd,10,128,20000,0.01,0.9,0.0005,cuda,False,False,5,14,642,0.9997680187225342
label_sorted,0,results_v3_lr0p01,results_v3_lr0p01,small_cnn,sgd,10,128,20000,0.01,0.9,0.0005,cuda,False,False,5,15,643,0.9998277425765991
label_sorted,0,results_v3_lr0p01,results_v3_lr0p01,small_cnn,sgd,10,128,20000,0.01,0.9,0.0005,cuda,False,False,5,16,644,-0.9174553155899048
label_sorted,0,results_v3_lr0p01,results_v3_lr0p01,small_cnn,sgd,10,128,20000,0.01,0.9,0.0005,cuda,False,False,5,17,645,0.9990691542625427
label_sorted,0,results_v3_lr0p01,results_v3_lr0p01,small_cnn,sgd,10,128,20000,0.01,0.9,0.0005,cuda,False,False,5,18,646,0.999915599822998
label_sorted,0,results_v3_lr0p01,results_v3_lr0p01,small_cnn,sgd,10,128,20000,0.01,0.9,0.0005,cuda,False,False,5,19,647,0.999854326248169
label_sorted,0,results_v3_lr0p01,results_v3_lr0p01,small_cnn,sgd,10,128,20000,0.01,0.9,0.0005,cuda,False,False,5,20,648,0.9997295141220093
label_sorted,0,results_v3_lr0p01,results_v3_lr0p01,small_cnn,sgd,10,128,20000,0.01,0.9,0.0005,cuda,False,False,5,21,649,0.9995504021644592
label_sorted,0,results_v3_lr0p01,results_v3_lr0p01,small_cnn,sgd,10,128,20000,0.01,0.9,0.0005,cuda,False,False,5,22,650,0.9991804361343384
label_sorted,0,results_v3_lr0p01,results_v3_lr0p01,small_cnn,sgd,10,128,20000,0.01,0.9,0.0005,cuda,False,False,5,23,651,0.9984773993492126
label_sorted,0,results_v3_lr0p01,results_v3_lr0p01,small_cnn,sgd,10,128,20000,0.01,0.9,0.0005,cuda,False,False,5,24,652,0.992878794670105
label_sorted,0,results_v3_lr0p01,results_v3_lr0p01,small_cnn,sgd,10,128,20000,0.01,0.9,0.0005,cuda,False,False,5,25,653,0.9501062035560608
label_sorted,0,results_v3_lr0p01,results_v3_lr0p01,small_cnn,sgd,10,128,20000,0.01,0.9,0.0005,cuda,False,False,5,26,654,0.7934369444847107
label_sorted,0,results_v3_lr0p01,results_v3_lr0p01,small_cnn,sgd,10,128,20000,0.01,0.9,0.0005,cuda,False,False,5,27,655,0.9827204942703247
label_sorted,0,results_v3_lr0p01,results_v3_lr0p01,small_cnn,sgd,10,128,20000,0.01,0.9,0.0005,cuda,False,False,5,28,656,0.9990552067756653
label_sorted,0,results_v3_lr0p01,results_v3_lr0p01,small_cnn,sgd,10,128,20000,0.01,0.9,0.0005,cuda,False,False,5,29,657,0.999046266078949
label_sorted,0,results_v3_lr0p01,results_v3_lr0p01,small_cnn,sgd,10,128,20000,0.01,0.9,0.0005,cuda,False,False,5,30,658,0.9990674257278442
label_sorted,0,results_v3_lr0p01,results_v3_lr0p01,small_cnn,sgd,10,128,20000,0.01,0.9,0.0005,cuda,False,False,5,31,659,0.999108612537384
label_sorted,0,results_v3_lr0p01,results_v3_lr0p01,small_cnn,sgd,10,128,20000,0.01,0.9,0.0005,cuda,False,False,5,32,660,0.14265622198581696
label_sorted,0,results_v3_lr0p01,results_v3_lr0p01,small_cnn,sgd,10,128,20000,0.01,0.9,0.0005,cuda,False,False,5,33,661,0.9526004791259766
label_sorted,0,results_v3_lr0p01,results_v3_lr0p01,small_cnn,sgd,10,128,20000,0.01,0.9,0.0005,cuda,False,False,5,34,662,0.9997029304504395
label_sorted,0,results_v3_lr0p01,results_v3_lr0p01,small_cnn,sgd,10,128,20000,0.01,0.9,0.0005,cuda,False,False,5,35,663,0.9996715188026428
label_sorted,0,results_v3_lr0p01,results_v3_lr0p01,small_cnn,sgd,10,128,20000,0.01,0.9,0.0005,cuda,False,False,5,36,664,0.9996350407600403
label_sorted,0,results_v3_lr0p01,results_v3_lr0p01,small_cnn,sgd,10,128,20000,0.01,0.9,0.0005,cuda,False,False,5,37,665,0.9660655856132507
label_sorted,0,results_v3_lr0p01,results_v3_lr0p01,small_cnn,sgd,10,128,20000,0.01,0.9,0.0005,cuda,False,False,5,38,666,0.9998335242271423
label_sorted,0,results_v3_lr0p01,results_v3_lr0p01,small_cnn,sgd,10,128,20000,0.01,0.9,0.0005,cuda,False,False,5,39,667,0.9943832755088806
label_sorted,0,results_v3_lr0p01,results_v3_lr0p01,small_cnn,sgd,10,128,20000,0.01,0.9,0.0005,cuda,False,False,5,40,668,0.9997836351394653
label_sorted,0,results_v3_lr0p01,results_v3_lr0p01,small_cnn,sgd,10,128,20000,0.01,0.9,0.0005,cuda,False,False,5,41,669,0.999797523021698
label_sorted,0,results_v3_lr0p01,results_v3_lr0p01,small_cnn,sgd,10,128,20000,0.01,0.9,0.0005,cuda,False,False,5,42,670,0.9997868537902832
label_sorted,0,results_v3_lr0p01,results_v3_lr0p01,small_cnn,sgd,10,128,20000,0.01,0.9,0.0005,cuda,False,False,5,43,671,0.9997676014900208
label_sorted,0,results_v3_lr0p01,results_v3_lr0p01,small_cnn,sgd,10,128,20000,0.01,0.9,0.0005,cuda,False,False,5,44,672,0.9997643232345581
label_sorted,0,results_v3_lr0p01,results_v3_lr0p01,small_cnn,sgd,10,128,20000,0.01,0.9,0.0005,cuda,False,False,5,45,673,0.9997562170028687
label_sorted,0,results_v3_lr0p01,results_v3_lr0p01,small_cnn,sgd,10,128,20000,0.01,0.9,0.0005,cuda,False,False,5,46,674,0.9997538924217224
label_sorted,0,results_v3_lr0p01,results_v3_lr0p01,small_cnn,sgd,10,128,20000,0.01,0.9,0.0005,cuda,False,False,5,47,675,0.9864538311958313
label_sorted,0,results_v3_lr0p01,results_v3_lr0p01,small_cnn,sgd,10,128,20000,0.01,0.9,0.0005,cuda,False,False,5,48,676,-0.0040260860696434975
label_sorted,0,results_v3_lr0p01,results_v3_lr0p01,small_cnn,sgd,10,128,20000,0.01,0.9,0.0005,cuda,False,False,5,49,677,0.9997614026069641
label_sorted,0,results_v3_lr0p01,results_v3_lr0p01,small_cnn,sgd,10,128,20000,0.01,0.9,0.0005,cuda,False,False,5,50,678,0.9994061589241028
label_sorted,0,results_v3_lr0p01,results_v3_lr0p01,small_cnn,sgd,10,128,20000,0.01,0.9,0.0005,cuda,False,False,5,51,679,0.9294850826263428
label_sorted,0,results_v3_lr0p01,results_v3_lr0p01,small_cnn,sgd,10,128,20000,0.01,0.9,0.0005,cuda,False,False,5,52,680,0.9999532103538513
label_sorted,0,results_v3_lr0p01,results_v3_lr0p01,small_cnn,sgd,10,128,20000,0.01,0.9,0.0005,cuda,False,False,5,53,681,0.9999551773071289
label_sorted,0,results_v3_lr0p01,results_v3_lr0p01,small_cnn,sgd,10,128,20000,0.01,0.9,0.0005,cuda,False,False,5,54,682,0.9999567866325378
label_sorted,0,results_v3_lr0p01,results_v3_lr0p01,small_cnn,sgd,10,128,20000,0.01,0.9,0.0005,cuda,False,False,5,55,683,0.9999566674232483
label_sorted,0,results_v3_lr0p01,results_v3_lr0p01,small_cnn,sgd,10,128,20000,0.01,0.9,0.0005,cuda,False,False,5,56,684,0.9999544620513916
label_sorted,0,results_v3_lr0p01,results_v3_lr0p01,small_cnn,sgd,10,128,20000,0.01,0.9,0.0005,cuda,False,False,5,57,685,0.9999522566795349
label_sorted,0,results_v3_lr0p01,results_v3_lr0p01,small_cnn,sgd,10,128,20000,0.01,0.9,0.0005,cuda,False,False,5,58,686,0.9999491572380066
label_sorted,0,results_v3_lr0p01,results_v3_lr0p01,small_cnn,sgd,10,128,20000,0.01,0.9,0.0005,cuda,False,False,5,59,687,0.9999486207962036
label_sorted,0,results_v3_lr0p01,results_v3_lr0p01,small_cnn,sgd,10,128,20000,0.01,0.9,0.0005,cuda,False,False,5,60,688,0.9999447464942932
label_sorted,0,results_v3_lr0p01,results_v3_lr0p01,small_cnn,sgd,10,128,20000,0.01,0.9,0.0005,cuda,False,False,5,61,689,0.9999463558197021
label_sorted,0,results_v3_lr0p01,results_v3_lr0p01,small_cnn,sgd,10,128,20000,0.01,0.9,0.0005,cuda,False,False,5,62,690,0.9999470114707947
label_sorted,0,results_v3_lr0p01,results_v3_lr0p01,small_cnn,sgd,10,128,20000,0.01,0.9,0.0005,cuda,False,False,5,63,691,0.5819498300552368
label_sorted,0,results_v3_lr0p01,results_v3_lr0p01,small_cnn,sgd,10,128,20000,0.01,0.9,0.0005,cuda,False,False,5,64,692,0.7266021966934204
label_sorted,0,results_v3_lr0p01,results_v3_lr0p01,small_cnn,sgd,10,128,20000,0.01,0.9,0.0005,cuda,False,False,5,65,693,0.9999114274978638
label_sorted,0,results_v3_lr0p01,results_v3_lr0p01,small_cnn,sgd,10,128,20000,0.01,0.9,0.0005,cuda,False,False,5,66,694,0.9999241232872009
label_sorted,0,results_v3_lr0p01,results_v3_lr0p01,small_cnn,sgd,10,128,20000,0.01,0.9,0.0005,cuda,False,False,5,67,695,0.999930202960968
label_sorted,0,results_v3_lr0p01,results_v3_lr0p01,small_cnn,sgd,10,128,20000,0.01,0.9,0.0005,cuda,False,False,5,68,696,0.9999396800994873
label_sorted,0,results_v3_lr0p01,results_v3_lr0p01,small_cnn,sgd,10,128,20000,0.01,0.9,0.0005,cuda,False,False,5,69,697,0.9999483227729797
label_sorted,0,results_v3_lr0p01,results_v3_lr0p01,small_cnn,sgd,10,128,20000,0.01,0.9,0.0005,cuda,False,False,5,70,698,0.9999532699584961
label_sorted,0,results_v3_lr0p01,results_v3_lr0p01,small_cnn,sgd,10,128,20000,0.01,0.9,0.0005,cuda,False,False,5,71,699,0.9999600052833557
label_sorted,0,results_v3_lr0p01,results_v3_lr0p01,small_cnn,sgd,10,128,20000,0.01,0.9,0.0005,cuda,False,False,5,72,700,0.9999653697013855
label_sorted,0,results_v3_lr0p01,results_v3_lr0p01,small_cnn,sgd,10,128,20000,0.01,0.9,0.0005,cuda,False,False,5,73,701,0.9999647736549377
label_sorted,0,results_v3_lr0p01,results_v3_lr0p01,small_cnn,sgd,10,128,20000,0.01,0.9,0.0005,cuda,False,False,5,74,702,0.9999727010726929
label_sorted,0,results_v3_lr0p01,results_v3_lr0p01,small_cnn,sgd,10,128,20000,0.01,0.9,0.0005,cuda,False,False,5,75,703,0.9999749064445496
label_sorted,0,results_v3_lr0p01,results_v3_lr0p01,small_cnn,sgd,10,128,20000,0.01,0.9,0.0005,cuda,False,False,5,76,704,0.999977171421051
label_sorted,0,results_v3_lr0p01,results_v3_lr0p01,small_cnn,sgd,10,128,20000,0.01,0.9,0.0005,cuda,False,False,5,77,705,0.9999793171882629
label_sorted,0,results_v3_lr0p01,results_v3_lr0p01,small_cnn,sgd,10,128,20000,0.01,0.9,0.0005,cuda,False,False,5,78,706,0.9999246001243591
label_sorted,0,results_v3_lr0p01,results_v3_lr0p01,small_cnn,sgd,10,128,20000,0.01,0.9,0.0005,cuda,False,False,5,79,707,0.13300283253192902
label_sorted,0,results_v3_lr0p01,results_v3_lr0p01,small_cnn,sgd,10,128,20000,0.01,0.9,0.0005,cuda,False,False,5,80,708,0.989896297454834
label_sorted,0,results_v3_lr0p01,results_v3_lr0p01,small_cnn,sgd,10,128,20000,0.01,0.9,0.0005,cuda,False,False,5,81,709,0.9999656677246094
label_sorted,0,results_v3_lr0p01,results_v3_lr0p01,small_cnn,sgd,10,128,20000,0.01,0.9,0.0005,cuda,False,False,5,82,710,0.9999684691429138
label_sorted,0,results_v3_lr0p01,results_v3_lr0p01,small_cnn,sgd,10,128,20000,0.01,0.9,0.0005,cuda,False,False,5,83,711,0.9999712109565735
label_sorted,0,results_v3_lr0p01,results_v3_lr0p01,small_cnn,sgd,10,128,20000,0.01,0.9,0.0005,cuda,False,False,5,84,712,0.9999738931655884
label_sorted,0,results_v3_lr0p01,results_v3_lr0p01,small_cnn,sgd,10,128,20000,0.01,0.9,0.0005,cuda,False,False,5,85,713,0.999976634979248
label_sorted,0,results_v3_lr0p01,results_v3_lr0p01,small_cnn,sgd,10,128,20000,0.01,0.9,0.0005,cuda,False,False,5,86,714,0.9999791383743286
label_sorted,0,results_v3_lr0p01,results_v3_lr0p01,small_cnn,sgd,10,128,20000,0.01,0.9,0.0005,cuda,False,False,5,87,715,0.9999815225601196
label_sorted,0,results_v3_lr0p01,results_v3_lr0p01,small_cnn,sgd,10,128,20000,0.01,0.9,0.0005,cuda,False,False,5,88,716,0.9999837279319763
label_sorted,0,results_v3_lr0p01,results_v3_lr0p01,small_cnn,sgd,10,128,20000,0.01,0.9,0.0005,cuda,False,False,5,89,717,0.9999857544898987
label_sorted,0,results_v3_lr0p01,results_v3_lr0p01,small_cnn,sgd,10,128,20000,0.01,0.9,0.0005,cuda,False,False,5,90,718,0.9999876618385315
label_sorted,0,results_v3_lr0p01,results_v3_lr0p01,small_cnn,sgd,10,128,20000,0.01,0.9,0.0005,cuda,False,False,5,91,719,0.9999892711639404
label_sorted,0,results_v3_lr0p01,results_v3_lr0p01,small_cnn,sgd,10,128,20000,0.01,0.9,0.0005,cuda,False,False,5,92,720,0.999990701675415
label_sorted,0,results_v3_lr0p01,results_v3_lr0p01,small_cnn,sgd,10,128,20000,0.01,0.9,0.0005,cuda,False,False,5,93,721,0.9999918937683105
label_sorted,0,results_v3_lr0p01,results_v3_lr0p01,small_cnn,sgd,10,128,20000,0.01,0.9,0.0005,cuda,False,False,5,94,722,0.9427361488342285
label_sorted,0,results_v3_lr0p01,results_v3_lr0p01,small_cnn,sgd,10,128,20000,0.01,0.9,0.0005,cuda,False,False,5,95,723,0.3109758794307709
label_sorted,0,results_v3_lr0p01,results_v3_lr0p01,small_cnn,sgd,10,128,20000,0.01,0.9,0.0005,cuda,False,False,5,96,724,0.9999606609344482
label_sorted,0,results_v3_lr0p01,results_v3_lr0p01,small_cnn,sgd,10,128,20000,0.01,0.9,0.0005,cuda,False,False,5,97,725,0.9999645948410034
label_sorted,0,results_v3_lr0p01,results_v3_lr0p01,small_cnn,sgd,10,128,20000,0.01,0.9,0.0005,cuda,False,False,5,98,726,0.9999682307243347
label_sorted,0,results_v3_lr0p01,results_v3_lr0p01,small_cnn,sgd,10,128,20000,0.01,0.9,0.0005,cuda,False,False,5,99,727,0.9999721050262451
label_sorted,0,results_v3_lr0p01,results_v3_lr0p01,small_cnn,sgd,10,128,20000,0.01,0.9,0.0005,cuda,False,False,5,100,728,0.9999757409095764
label_sorted,0,results_v3_lr0p01,results_v3_lr0p01,small_cnn,sgd,10,128,20000,0.01,0.9,0.0005,cuda,False,False,5,101,729,0.9999789595603943
label_sorted,0,results_v3_lr0p01,results_v3_lr0p01,small_cnn,sgd,10,128,20000,0.01,0.9,0.0005,cuda,False,False,5,102,730,0.9999818801879883
label_sorted,0,results_v3_lr0p01,results_v3_lr0p01,small_cnn,sgd,10,128,20000,0.01,0.9,0.0005,cuda,False,False,5,103,731,0.9999845623970032
label_sorted,0,results_v3_lr0p01,results_v3_lr0p01,small_cnn,sgd,10,128,20000,0.01,0.9,0.0005,cuda,False,False,5,104,732,0.999987006187439
label_sorted,0,results_v3_lr0p01,results_v3_lr0p01,small_cnn,sgd,10,128,20000,0.01,0.9,0.0005,cuda,False,False,5,105,733,0.9999891519546509
label_sorted,0,results_v3_lr0p01,results_v3_lr0p01,small_cnn,sgd,10,128,20000,0.01,0.9,0.0005,cuda,False,False,5,106,734,0.9999909996986389
label_sorted,0,results_v3_lr0p01,results_v3_lr0p01,small_cnn,sgd,10,128,20000,0.01,0.9,0.0005,cuda,False,False,5,107,735,0.9999926090240479
label_sorted,0,results_v3_lr0p01,results_v3_lr0p01,small_cnn,sgd,10,128,20000,0.01,0.9,0.0005,cuda,False,False,5,108,736,0.9999938607215881
label_sorted,0,results_v3_lr0p01,results_v3_lr0p01,small_cnn,sgd,10,128,20000,0.01,0.9,0.0005,cuda,False,False,5,109,737,0.9999949336051941
label_sorted,0,results_v3_lr0p01,results_v3_lr0p01,small_cnn,sgd,10,128,20000,0.01,0.9,0.0005,cuda,False,False,5,110,738,0.4737427532672882
label_sorted,0,results_v3_lr0p01,results_v3_lr0p01,small_cnn,sgd,10,128,20000,0.01,0.9,0.0005,cuda,False,False,5,111,739,0.8620362281799316
label_sorted,0,results_v3_lr0p01,results_v3_lr0p01,small_cnn,sgd,10,128,20000,0.01,0.9,0.0005,cuda,False,False,5,112,740,0.9999678730964661
label_sorted,0,results_v3_lr0p01,results_v3_lr0p01,small_cnn,sgd,10,128,20000,0.01,0.9,0.0005,cuda,False,False,5,113,741,0.9999712109565735
label_sorted,0,results_v3_lr0p01,results_v3_lr0p01,small_cnn,sgd,10,128,20000,0.01,0.9,0.0005,cuda,False,False,5,114,742,0.9999745488166809
label_sorted,0,results_v3_lr0p01,results_v3_lr0p01,small_cnn,sgd,10,128,20000,0.01,0.9,0.0005,cuda,False,False,5,115,743,0.9999778270721436
label_sorted,0,results_v3_lr0p01,results_v3_lr0p01,small_cnn,sgd,10,128,20000,0.01,0.9,0.0005,cuda,False,False,5,116,744,0.9999808669090271
label_sorted,0,results_v3_lr0p01,results_v3_lr0p01,small_cnn,sgd,10,128,20000,0.01,0.9,0.0005,cuda,False,False,5,117,745,0.9999837279319763
label_sorted,0,results_v3_lr0p01,results_v3_lr0p01,small_cnn,sgd,10,128,20000,0.01,0.9,0.0005,cuda,False,False,5,118,746,0.9999861121177673
label_sorted,0,results_v3_lr0p01,results_v3_lr0p01,small_cnn,sgd,10,128,20000,0.01,0.9,0.0005,cuda,False,False,5,119,747,0.9999883770942688
label_sorted,0,results_v3_lr0p01,results_v3_lr0p01,small_cnn,sgd,10,128,20000,0.01,0.9,0.0005,cuda,False,False,5,120,748,0.9999904036521912
label_sorted,0,results_v3_lr0p01,results_v3_lr0p01,small_cnn,sgd,10,128,20000,0.01,0.9,0.0005,cuda,False,False,5,121,749,0.9999920129776001
label_sorted,0,results_v3_lr0p01,results_v3_lr0p01,small_cnn,sgd,10,128,20000,0.01,0.9,0.0005,cuda,False,False,5,122,750,0.9999935626983643
label_sorted,0,results_v3_lr0p01,results_v3_lr0p01,small_cnn,sgd,10,128,20000,0.01,0.9,0.0005,cuda,False,False,5,123,751,0.999994695186615
label_sorted,0,results_v3_lr0p01,results_v3_lr0p01,small_cnn,sgd,10,128,20000,0.01,0.9,0.0005,cuda,False,False,5,124,752,0.9999957084655762
label_sorted,0,results_v3_lr0p01,results_v3_lr0p01,small_cnn,sgd,10,128,20000,0.01,0.9,0.0005,cuda,False,False,5,125,753,0.999996542930603
label_sorted,0,results_v3_lr0p01,results_v3_lr0p01,small_cnn,sgd,10,128,20000,0.01,0.9,0.0005,cuda,False,False,5,126,754,-0.01982305198907852
label_sorted,0,results_v3_lr0p01,results_v3_lr0p01,small_cnn,sgd,10,128,20000,0.01,0.9,0.0005,cuda,False,False,5,127,755,0.9999683499336243
label_sorted,0,results_v3_lr0p01,results_v3_lr0p01,small_cnn,sgd,10,128,20000,0.01,0.9,0.0005,cuda,False,False,5,128,756,0.9999715685844421
label_sorted,0,results_v3_lr0p01,results_v3_lr0p01,small_cnn,sgd,10,128,20000,0.01,0.9,0.0005,cuda,False,False,5,129,757,0.9999747276306152
label_sorted,0,results_v3_lr0p01,results_v3_lr0p01,small_cnn,sgd,10,128,20000,0.01,0.9,0.0005,cuda,False,False,5,130,758,0.9999778866767883
label_sorted,0,results_v3_lr0p01,results_v3_lr0p01,small_cnn,sgd,10,128,20000,0.01,0.9,0.0005,cuda,False,False,5,131,759,0.9999808669090271
label_sorted,0,results_v3_lr0p01,results_v3_lr0p01,small_cnn,sgd,10,128,20000,0.01,0.9,0.0005,cuda,False,False,5,132,760,0.9999836683273315
label_sorted,0,results_v3_lr0p01,results_v3_lr0p01,small_cnn,sgd,10,128,20000,0.01,0.9,0.0005,cuda,False,False,5,133,761,0.9999860525131226
label_sorted,0,results_v3_lr0p01,results_v3_lr0p01,small_cnn,sgd,10,128,20000,0.01,0.9,0.0005,cuda,False,False,5,134,762,0.999988317489624
label_sorted,0,results_v3_lr0p01,results_v3_lr0p01,small_cnn,sgd,10,128,20000,0.01,0.9,0.0005,cuda,False,False,5,135,763,0.9999903440475464
label_sorted,0,results_v3_lr0p01,results_v3_lr0p01,small_cnn,sgd,10,128,20000,0.01,0.9,0.0005,cuda,False,False,5,136,764,0.9999919533729553
label_sorted,0,results_v3_lr0p01,results_v3_lr0p01,small_cnn,sgd,10,128,20000,0.01,0.9,0.0005,cuda,False,False,5,137,765,0.9999933838844299
label_sorted,0,results_v3_lr0p01,results_v3_lr0p01,small_cnn,sgd,10,128,20000,0.01,0.9,0.0005,cuda,False,False,5,138,766,0.9999939203262329
label_sorted,0,results_v3_lr0p01,results_v3_lr0p01,small_cnn,sgd,10,128,20000,0.01,0.9,0.0005,cuda,False,False,5,139,767,0.9999951124191284
label_sorted,0,results_v3_lr0p01,results_v3_lr0p01,small_cnn,sgd,10,128,20000,0.01,0.9,0.0005,cuda,False,False,5,140,768,0.9999967813491821
label_sorted,0,results_v3_lr0p01,results_v3_lr0p01,small_cnn,sgd,10,128,20000,0.01,0.9,0.0005,cuda,False,False,5,141,769,0.8537164330482483
label_sorted,0,results_v3_lr0p01,results_v3_lr0p01,small_cnn,sgd,10,128,20000,0.01,0.9,0.0005,cuda,False,False,5,142,770,0.5201429128646851
label_sorted,0,results_v3_lr0p01,results_v3_lr0p01,small_cnn,sgd,10,128,20000,0.01,0.9,0.0005,cuda,False,False,5,143,771,0.9999844431877136
label_sorted,0,results_v3_lr0p01,results_v3_lr0p01,small_cnn,sgd,10,128,20000,0.01,0.9,0.0005,cuda,False,False,5,144,772,0.9999858736991882
label_sorted,0,results_v3_lr0p01,results_v3_lr0p01,small_cnn,sgd,10,128,20000,0.01,0.9,0.0005,cuda,False,False,5,145,773,0.9999871850013733
label_sorted,0,results_v3_lr0p01,results_v3_lr0p01,small_cnn,sgd,10,128,20000,0.01,0.9,0.0005,cuda,False,False,5,146,774,0.999988317489624
label_sorted,0,results_v3_lr0p01,results_v3_lr0p01,small_cnn,sgd,10,128,20000,0.01,0.9,0.0005,cuda,False,False,5,147,775,0.9999896287918091
label_sorted,0,results_v3_lr0p01,results_v3_lr0p01,small_cnn,sgd,10,128,20000,0.01,0.9,0.0005,cuda,False,False,5,148,776,0.9999909400939941
label_sorted,0,results_v3_lr0p01,results_v3_lr0p01,small_cnn,sgd,10,128,20000,0.01,0.9,0.0005,cuda,False,False,5,149,777,0.9999919533729553
label_sorted,0,results_v3_lr0p01,results_v3_lr0p01,small_cnn,sgd,10,128,20000,0.01,0.9,0.0005,cuda,False,False,5,150,778,0.9999929070472717
label_sorted,0,results_v3_lr0p01,results_v3_lr0p01,small_cnn,sgd,10,128,20000,0.01,0.9,0.0005,cuda,False,False,5,151,779,0.9999939203262329
label_sorted,0,results_v3_lr0p01,results_v3_lr0p01,small_cnn,sgd,10,128,20000,0.01,0.9,0.0005,cuda,False,False,5,152,780,0.999994695186615
label_sorted,0,results_v3_lr0p01,results_v3_lr0p01,small_cnn,sgd,10,128,20000,0.01,0.9,0.0005,cuda,False,False,5,153,781,0.9999954104423523
label_sorted,0,results_v3_lr0p01,results_v3_lr0p01,small_cnn,sgd,10,128,20000,0.01,0.9,0.0005,cuda,False,False,5,154,782,0.9999960660934448
label_sorted,0,results_v3_lr0p01,results_v3_lr0p01,small_cnn,sgd,10,128,20000,0.01,0.9,0.0005,cuda,False,False,5,155,783,0.999996542930603
label_sorted,0,results_v3_lr0p01,results_v3_lr0p01,small_cnn,sgd,10,128,20000,0.01,0.9,0.0005,cuda,False,False,5,156,784,0.9999970197677612
label_sorted,0,results_v3_lr0p01,results_v3_lr0p01,small_cnn,sgd,10,128,20000,0.01,0.9,0.0005,cuda,False,False,5,157,785,0.9999968409538269
label_sorted,0,results_v3_lr0p01,results_v3_lr0p01,small_cnn,sgd,10,128,20000,0.01,0.9,0.0005,cuda,False,False,6,1,786,-0.043559443205595016
label_sorted,0,results_v3_lr0p01,results_v3_lr0p01,small_cnn,sgd,10,128,20000,0.01,0.9,0.0005,cuda,False,False,6,2,787,0.9999668598175049
label_sorted,0,results_v3_lr0p01,results_v3_lr0p01,small_cnn,sgd,10,128,20000,0.01,0.9,0.0005,cuda,False,False,6,3,788,0.9999700784683228
label_sorted,0,results_v3_lr0p01,results_v3_lr0p01,small_cnn,sgd,10,128,20000,0.01,0.9,0.0005,cuda,False,False,6,4,789,0.9999735951423645
label_sorted,0,results_v3_lr0p01,results_v3_lr0p01,small_cnn,sgd,10,128,20000,0.01,0.9,0.0005,cuda,False,False,6,5,790,0.9999766945838928
label_sorted,0,results_v3_lr0p01,results_v3_lr0p01,small_cnn,sgd,10,128,20000,0.01,0.9,0.0005,cuda,False,False,6,6,791,0.9999796152114868
label_sorted,0,results_v3_lr0p01,results_v3_lr0p01,small_cnn,sgd,10,128,20000,0.01,0.9,0.0005,cuda,False,False,6,7,792,0.9999831318855286
label_sorted,0,results_v3_lr0p01,results_v3_lr0p01,small_cnn,sgd,10,128,20000,0.01,0.9,0.0005,cuda,False,False,6,8,793,0.9999858140945435
label_sorted,0,results_v3_lr0p01,results_v3_lr0p01,small_cnn,sgd,10,128,20000,0.01,0.9,0.0005,cuda,False,False,6,9,794,0.9999880790710449
label_sorted,0,results_v3_lr0p01,results_v3_lr0p01,small_cnn,sgd,10,128,20000,0.01,0.9,0.0005,cuda,False,False,6,10,795,0.9999901652336121
label_sorted,0,results_v3_lr0p01,results_v3_lr0p01,small_cnn,sgd,10,128,20000,0.01,0.9,0.0005,cuda,False,False,6,11,796,0.9999920725822449
label_sorted,0,results_v3_lr0p01,results_v3_lr0p01,small_cnn,sgd,10,128,20000,0.01,0.9,0.0005,cuda,False,False,6,12,797,0.999993622303009
label_sorted,0,results_v3_lr0p01,results_v3_lr0p01,small_cnn,sgd,10,128,20000,0.01,0.9,0.0005,cuda,False,False,6,13,798,0.9999949932098389
label_sorted,0,results_v3_lr0p01,results_v3_lr0p01,small_cnn,sgd,10,128,20000,0.01,0.9,0.0005,cuda,False,False,6,14,799,0.9999960064888
label_sorted,0,results_v3_lr0p01,results_v3_lr0p01,small_cnn,sgd,10,128,20000,0.01,0.9,0.0005,cuda,False,False,6,15,800,0.9999970197677612
label_sorted,0,results_v3_lr0p01,results_v3_lr0p01,small_cnn,sgd,10,128,20000,0.01,0.9,0.0005,cuda,False,False,6,16,801,0.8451083898544312
label_sorted,0,results_v3_lr0p01,results_v3_lr0p01,small_cnn,sgd,10,128,20000,0.01,0.9,0.0005,cuda,False,False,6,17,802,0.4913996756076813
label_sorted,0,results_v3_lr0p01,results_v3_lr0p01,small_cnn,sgd,10,128,20000,0.01,0.9,0.0005,cuda,False,False,6,18,803,0.9999765157699585
label_sorted,0,results_v3_lr0p01,results_v3_lr0p01,small_cnn,sgd,10,128,20000,0.01,0.9,0.0005,cuda,False,False,6,19,804,0.9999790191650391
label_sorted,0,results_v3_lr0p01,results_v3_lr0p01,small_cnn,sgd,10,128,20000,0.01,0.9,0.0005,cuda,False,False,6,20,805,0.9999813437461853
label_sorted,0,results_v3_lr0p01,results_v3_lr0p01,small_cnn,sgd,10,128,20000,0.01,0.9,0.0005,cuda,False,False,6,21,806,0.999983549118042
label_sorted,0,results_v3_lr0p01,results_v3_lr0p01,small_cnn,sgd,10,128,20000,0.01,0.9,0.0005,cuda,False,False,6,22,807,0.9999856948852539
label_sorted,0,results_v3_lr0p01,results_v3_lr0p01,small_cnn,sgd,10,128,20000,0.01,0.9,0.0005,cuda,False,False,6,23,808,0.999987781047821
label_sorted,0,results_v3_lr0p01,results_v3_lr0p01,small_cnn,sgd,10,128,20000,0.01,0.9,0.0005,cuda,False,False,6,24,809,0.9999895691871643
label_sorted,0,results_v3_lr0p01,results_v3_lr0p01,small_cnn,sgd,10,128,20000,0.01,0.9,0.0005,cuda,False,False,6,25,810,0.9999911189079285
label_sorted,0,results_v3_lr0p01,results_v3_lr0p01,small_cnn,sgd,10,128,20000,0.01,0.9,0.0005,cuda,False,False,6,26,811,0.9999925494194031
label_sorted,0,results_v3_lr0p01,results_v3_lr0p01,small_cnn,sgd,10,128,20000,0.01,0.9,0.0005,cuda,False,False,6,27,812,0.9999938011169434
label_sorted,0,results_v3_lr0p01,results_v3_lr0p01,small_cnn,sgd,10,128,20000,0.01,0.9,0.0005,cuda,False,False,6,28,813,0.9999948740005493
label_sorted,0,results_v3_lr0p01,results_v3_lr0p01,small_cnn,sgd,10,128,20000,0.01,0.9,0.0005,cuda,False,False,6,29,814,0.9999959468841553
label_sorted,0,results_v3_lr0p01,results_v3_lr0p01,small_cnn,sgd,10,128,20000,0.01,0.9,0.0005,cuda,False,False,6,30,815,0.9999967217445374
label_sorted,0,results_v3_lr0p01,results_v3_lr0p01,small_cnn,sgd,10,128,20000,0.01,0.9,0.0005,cuda,False,False,6,31,816,0.9999973773956299
label_sorted,0,results_v3_lr0p01,results_v3_lr0p01,small_cnn,sgd,10,128,20000,0.01,0.9,0.0005,cuda,False,False,6,32,817,0.2173386961221695
label_sorted,0,results_v3_lr0p01,results_v3_lr0p01,small_cnn,sgd,10,128,20000,0.01,0.9,0.0005,cuda,False,False,6,33,818,0.9498231410980225
label_sorted,0,results_v3_lr0p01,results_v3_lr0p01,small_cnn,sgd,10,128,20000,0.01,0.9,0.0005,cuda,False,False,6,34,819,0.9999638199806213
label_sorted,0,results_v3_lr0p01,results_v3_lr0p01,small_cnn,sgd,10,128,20000,0.01,0.9,0.0005,cuda,False,False,6,35,820,0.999968409538269
label_sorted,0,results_v3_lr0p01,results_v3_lr0p01,small_cnn,sgd,10,128,20000,0.01,0.9,0.0005,cuda,False,False,6,36,821,0.9999727010726929
label_sorted,0,results_v3_lr0p01,results_v3_lr0p01,small_cnn,sgd,10,128,20000,0.01,0.9,0.0005,cuda,False,False,6,37,822,0.999977171421051
label_sorted,0,results_v3_lr0p01,results_v3_lr0p01,small_cnn,sgd,10,128,20000,0.01,0.9,0.0005,cuda,False,False,6,38,823,0.9999811053276062
label_sorted,0,results_v3_lr0p01,results_v3_lr0p01,small_cnn,sgd,10,128,20000,0.01,0.9,0.0005,cuda,False,False,6,39,824,0.9999845027923584
label_sorted,0,results_v3_lr0p01,results_v3_lr0p01,small_cnn,sgd,10,128,20000,0.01,0.9,0.0005,cuda,False,False,6,40,825,0.9999873042106628
label_sorted,0,results_v3_lr0p01,results_v3_lr0p01,small_cnn,sgd,10,128,20000,0.01,0.9,0.0005,cuda,False,False,6,41,826,0.9999898076057434
label_sorted,0,results_v3_lr0p01,results_v3_lr0p01,small_cnn,sgd,10,128,20000,0.01,0.9,0.0005,cuda,False,False,6,42,827,0.9999918937683105
label_sorted,0,results_v3_lr0p01,results_v3_lr0p01,small_cnn,sgd,10,128,20000,0.01,0.9,0.0005,cuda,False,False,6,43,828,0.9999937415122986
label_sorted,0,results_v3_lr0p01,results_v3_lr0p01,small_cnn,sgd,10,128,20000,0.01,0.9,0.0005,cuda,False,False,6,44,829,0.999995231628418
label_sorted,0,results_v3_lr0p01,results_v3_lr0p01,small_cnn,sgd,10,128,20000,0.01,0.9,0.0005,cuda,False,False,6,45,830,0.9999964237213135
label_sorted,0,results_v3_lr0p01,results_v3_lr0p01,small_cnn,sgd,10,128,20000,0.01,0.9,0.0005,cuda,False,False,6,46,831,0.9999971389770508
label_sorted,0,results_v3_lr0p01,results_v3_lr0p01,small_cnn,sgd,10,128,20000,0.01,0.9,0.0005,cuda,False,False,6,47,832,0.9883849024772644
label_sorted,0,results_v3_lr0p01,results_v3_lr0p01,small_cnn,sgd,10,128,20000,0.01,0.9,0.0005,cuda,False,False,6,48,833,0.06539341062307358
label_sorted,0,results_v3_lr0p01,results_v3_lr0p01,small_cnn,sgd,10,128,20000,0.01,0.9,0.0005,cuda,False,False,6,49,834,0.9999613761901855
label_sorted,0,results_v3_lr0p01,results_v3_lr0p01,small_cnn,sgd,10,128,20000,0.01,0.9,0.0005,cuda,False,False,6,50,835,0.9999659657478333
label_sorted,0,results_v3_lr0p01,results_v3_lr0p01,small_cnn,sgd,10,128,20000,0.01,0.9,0.0005,cuda,False,False,6,51,836,0.999970555305481
label_sorted,0,results_v3_lr0p01,results_v3_lr0p01,small_cnn,sgd,10,128,20000,0.01,0.9,0.0005,cuda,False,False,6,52,837,0.9999749064445496
label_sorted,0,results_v3_lr0p01,results_v3_lr0p01,small_cnn,sgd,10,128,20000,0.01,0.9,0.0005,cuda,False,False,6,53,838,0.9999786615371704
label_sorted,0,results_v3_lr0p01,results_v3_lr0p01,small_cnn,sgd,10,128,20000,0.01,0.9,0.0005,cuda,False,False,6,54,839,0.9999817609786987
label_sorted,0,results_v3_lr0p01,results_v3_lr0p01,small_cnn,sgd,10,128,20000,0.01,0.9,0.0005,cuda,False,False,6,55,840,0.9999850392341614
label_sorted,0,results_v3_lr0p01,results_v3_lr0p01,small_cnn,sgd,10,128,20000,0.01,0.9,0.0005,cuda,False,False,6,56,841,0.9999871253967285
label_sorted,0,results_v3_lr0p01,results_v3_lr0p01,small_cnn,sgd,10,128,20000,0.01,0.9,0.0005,cuda,False,False,6,57,842,0.9999899864196777
label_sorted,0,results_v3_lr0p01,results_v3_lr0p01,small_cnn,sgd,10,128,20000,0.01,0.9,0.0005,cuda,False,False,6,58,843,0.9999918341636658
label_sorted,0,results_v3_lr0p01,results_v3_lr0p01,small_cnn,sgd,10,128,20000,0.01,0.9,0.0005,cuda,False,False,6,59,844,0.9999930262565613
label_sorted,0,results_v3_lr0p01,results_v3_lr0p01,small_cnn,sgd,10,128,20000,0.01,0.9,0.0005,cuda,False,False,6,60,845,0.9999953508377075
label_sorted,0,results_v3_lr0p01,results_v3_lr0p01,small_cnn,sgd,10,128,20000,0.01,0.9,0.0005,cuda,False,False,6,61,846,0.9999961853027344
label_sorted,0,results_v3_lr0p01,results_v3_lr0p01,small_cnn,sgd,10,128,20000,0.01,0.9,0.0005,cuda,False,False,6,62,847,0.9999969005584717
label_sorted,0,results_v3_lr0p01,results_v3_lr0p01,small_cnn,sgd,10,128,20000,0.01,0.9,0.0005,cuda,False,False,6,63,848,0.6554233431816101
label_sorted,0,results_v3_lr0p01,results_v3_lr0p01,small_cnn,sgd,10,128,20000,0.01,0.9,0.0005,cuda,False,False,6,64,849,0.7043205499649048
label_sorted,0,results_v3_lr0p01,results_v3_lr0p01,small_cnn,sgd,10,128,20000,0.01,0.9,0.0005,cuda,False,False,6,65,850,0.999963641166687
label_sorted,0,results_v3_lr0p01,results_v3_lr0p01,small_cnn,sgd,10,128,20000,0.01,0.9,0.0005,cuda,False,False,6,66,851,0.9999678730964661
label_sorted,0,results_v3_lr0p01,results_v3_lr0p01,small_cnn,sgd,10,128,20000,0.01,0.9,0.0005,cuda,False,False,6,67,852,0.9999721050262451
label_sorted,0,results_v3_lr0p01,results_v3_lr0p01,small_cnn,sgd,10,128,20000,0.01,0.9,0.0005,cuda,False,False,6,68,853,0.9999759793281555
label_sorted,0,results_v3_lr0p01,results_v3_lr0p01,small_cnn,sgd,10,128,20000,0.01,0.9,0.0005,cuda,False,False,6,69,854,0.9999796152114868
label_sorted,0,results_v3_lr0p01,results_v3_lr0p01,small_cnn,sgd,10,128,20000,0.01,0.9,0.0005,cuda,False,False,6,70,855,0.9999828934669495
label_sorted,0,results_v3_lr0p01,results_v3_lr0p01,small_cnn,sgd,10,128,20000,0.01,0.9,0.0005,cuda,False,False,6,71,856,0.9999859929084778
label_sorted,0,results_v3_lr0p01,results_v3_lr0p01,small_cnn,sgd,10,128,20000,0.01,0.9,0.0005,cuda,False,False,6,72,857,0.9999884963035583
label_sorted,0,results_v3_lr0p01,results_v3_lr0p01,small_cnn,sgd,10,128,20000,0.01,0.9,0.0005,cuda,False,False,6,73,858,0.999990701675415
label_sorted,0,results_v3_lr0p01,results_v3_lr0p01,small_cnn,sgd,10,128,20000,0.01,0.9,0.0005,cuda,False,False,6,74,859,0.9999924302101135
label_sorted,0,results_v3_lr0p01,results_v3_lr0p01,small_cnn,sgd,10,128,20000,0.01,0.9,0.0005,cuda,False,False,6,75,860,0.9999940395355225
label_sorted,0,results_v3_lr0p01,results_v3_lr0p01,small_cnn,sgd,10,128,20000,0.01,0.9,0.0005,cuda,False,False,6,76,861,0.999995231628418
label_sorted,0,results_v3_lr0p01,results_v3_lr0p01,small_cnn,sgd,10,128,20000,0.01,0.9,0.0005,cuda,False,False,6,77,862,0.9999963045120239
label_sorted,0,results_v3_lr0p01,results_v3_lr0p01,small_cnn,sgd,10,128,20000,0.01,0.9,0.0005,cuda,False,False,6,78,863,0.9999971985816956
label_sorted,0,results_v3_lr0p01,results_v3_lr0p01,small_cnn,sgd,10,128,20000,0.01,0.9,0.0005,cuda,False,False,6,79,864,0.07952520251274109
label_sorted,0,results_v3_lr0p01,results_v3_lr0p01,small_cnn,sgd,10,128,20000,0.01,0.9,0.0005,cuda,False,False,6,80,865,0.9899080991744995
label_sorted,0,results_v3_lr0p01,results_v3_lr0p01,small_cnn,sgd,10,128,20000,0.01,0.9,0.0005,cuda,False,False,6,81,866,0.999968409538269
label_sorted,0,results_v3_lr0p01,results_v3_lr0p01,small_cnn,sgd,10,128,20000,0.01,0.9,0.0005,cuda,False,False,6,82,867,0.9999720454216003
label_sorted,0,results_v3_lr0p01,results_v3_lr0p01,small_cnn,sgd,10,128,20000,0.01,0.9,0.0005,cuda,False,False,6,83,868,0.9999756217002869
label_sorted,0,results_v3_lr0p01,results_v3_lr0p01,small_cnn,sgd,10,128,20000,0.01,0.9,0.0005,cuda,False,False,6,84,869,0.9999788403511047
label_sorted,0,results_v3_lr0p01,results_v3_lr0p01,small_cnn,sgd,10,128,20000,0.01,0.9,0.0005,cuda,False,False,6,85,870,0.9999819993972778
label_sorted,0,results_v3_lr0p01,results_v3_lr0p01,small_cnn,sgd,10,128,20000,0.01,0.9,0.0005,cuda,False,False,6,86,871,0.9999849200248718
label_sorted,0,results_v3_lr0p01,results_v3_lr0p01,small_cnn,sgd,10,128,20000,0.01,0.9,0.0005,cuda,False,False,6,87,872,0.9999874234199524
label_sorted,0,results_v3_lr0p01,results_v3_lr0p01,small_cnn,sgd,10,128,20000,0.01,0.9,0.0005,cuda,False,False,6,88,873,0.9999895095825195
label_sorted,0,results_v3_lr0p01,results_v3_lr0p01,small_cnn,sgd,10,128,20000,0.01,0.9,0.0005,cuda,False,False,6,89,874,0.9999913573265076
label_sorted,0,results_v3_lr0p01,results_v3_lr0p01,small_cnn,sgd,10,128,20000,0.01,0.9,0.0005,cuda,False,False,6,90,875,0.9999929070472717
label_sorted,0,results_v3_lr0p01,results_v3_lr0p01,small_cnn,sgd,10,128,20000,0.01,0.9,0.0005,cuda,False,False,6,91,876,0.9999945163726807
label_sorted,0,results_v3_lr0p01,results_v3_lr0p01,small_cnn,sgd,10,128,20000,0.01,0.9,0.0005,cuda,False,False,6,92,877,0.9999955892562866
label_sorted,0,results_v3_lr0p01,results_v3_lr0p01,small_cnn,sgd,10,128,20000,0.01,0.9,0.0005,cuda,False,False,6,93,878,0.9999964833259583
label_sorted,0,results_v3_lr0p01,results_v3_lr0p01,small_cnn,sgd,10,128,20000,0.01,0.9,0.0005,cuda,False,False,6,94,879,0.9413279294967651
label_sorted,0,results_v3_lr0p01,results_v3_lr0p01,small_cnn,sgd,10,128,20000,0.01,0.9,0.0005,cuda,False,False,6,95,880,0.284340500831604
label_sorted,0,results_v3_lr0p01,results_v3_lr0p01,small_cnn,sgd,10,128,20000,0.01,0.9,0.0005,cuda,False,False,6,96,881,0.999966561794281
label_sorted,0,results_v3_lr0p01,results_v3_lr0p01,small_cnn,sgd,10,128,20000,0.01,0.9,0.0005,cuda,False,False,6,97,882,0.9999701380729675
label_sorted,0,results_v3_lr0p01,results_v3_lr0p01,small_cnn,sgd,10,128,20000,0.01,0.9,0.0005,cuda,False,False,6,98,883,0.999973714351654
label_sorted,0,results_v3_lr0p01,results_v3_lr0p01,small_cnn,sgd,10,128,20000,0.01,0.9,0.0005,cuda,False,False,6,99,884,0.9999770522117615
label_sorted,0,results_v3_lr0p01,results_v3_lr0p01,small_cnn,sgd,10,128,20000,0.01,0.9,0.0005,cuda,False,False,6,100,885,0.9999802112579346
label_sorted,0,results_v3_lr0p01,results_v3_lr0p01,small_cnn,sgd,10,128,20000,0.01,0.9,0.0005,cuda,False,False,6,101,886,0.9999831914901733
label_sorted,0,results_v3_lr0p01,results_v3_lr0p01,small_cnn,sgd,10,128,20000,0.01,0.9,0.0005,cuda,False,False,6,102,887,0.9999860525131226
label_sorted,0,results_v3_lr0p01,results_v3_lr0p01,small_cnn,sgd,10,128,20000,0.01,0.9,0.0005,cuda,False,False,6,103,888,0.9999883770942688
label_sorted,0,results_v3_lr0p01,results_v3_lr0p01,small_cnn,sgd,10,128,20000,0.01,0.9,0.0005,cuda,False,False,6,104,889,0.9999903440475464
label_sorted,0,results_v3_lr0p01,results_v3_lr0p01,small_cnn,sgd,10,128,20000,0.01,0.9,0.0005,cuda,False,False,6,105,890,0.9999920725822449
label_sorted,0,results_v3_lr0p01,results_v3_lr0p01,small_cnn,sgd,10,128,20000,0.01,0.9,0.0005,cuda,False,False,6,106,891,0.9999936819076538
label_sorted,0,results_v3_lr0p01,results_v3_lr0p01,small_cnn,sgd,10,128,20000,0.01,0.9,0.0005,cuda,False,False,6,107,892,0.9999950528144836
label_sorted,0,results_v3_lr0p01,results_v3_lr0p01,small_cnn,sgd,10,128,20000,0.01,0.9,0.0005,cuda,False,False,6,108,893,0.9999960660934448
label_sorted,0,results_v3_lr0p01,results_v3_lr0p01,small_cnn,sgd,10,128,20000,0.01,0.9,0.0005,cuda,False,False,6,109,894,0.9999969005584717
label_sorted,0,results_v3_lr0p01,results_v3_lr0p01,small_cnn,sgd,10,128,20000,0.01,0.9,0.0005,cuda,False,False,6,110,895,0.4584069550037384
label_sorted,0,results_v3_lr0p01,results_v3_lr0p01,small_cnn,sgd,10,128,20000,0.01,0.9,0.0005,cuda,False,False,6,111,896,0.8604379892349243
label_sorted,0,results_v3_lr0p01,results_v3_lr0p01,small_cnn,sgd,10,128,20000,0.01,0.9,0.0005,cuda,False,False,6,112,897,0.9999685883522034
label_sorted,0,results_v3_lr0p01,results_v3_lr0p01,small_cnn,sgd,10,128,20000,0.01,0.9,0.0005,cuda,False,False,6,113,898,0.9999721050262451
label_sorted,0,results_v3_lr0p01,results_v3_lr0p01,small_cnn,sgd,10,128,20000,0.01,0.9,0.0005,cuda,False,False,6,114,899,0.9999755620956421
label_sorted,0,results_v3_lr0p01,results_v3_lr0p01,small_cnn,sgd,10,128,20000,0.01,0.9,0.0005,cuda,False,False,6,115,900,0.9999788999557495
label_sorted,0,results_v3_lr0p01,results_v3_lr0p01,small_cnn,sgd,10,128,20000,0.01,0.9,0.0005,cuda,False,False,6,116,901,0.9999819993972778
label_sorted,0,results_v3_lr0p01,results_v3_lr0p01,small_cnn,sgd,10,128,20000,0.01,0.9,0.0005,cuda,False,False,6,117,902,0.9999847412109375
label_sorted,0,results_v3_lr0p01,results_v3_lr0p01,small_cnn,sgd,10,128,20000,0.01,0.9,0.0005,cuda,False,False,6,118,903,0.9999872446060181
label_sorted,0,results_v3_lr0p01,results_v3_lr0p01,small_cnn,sgd,10,128,20000,0.01,0.9,0.0005,cuda,False,False,6,119,904,0.99998939037323
label_sorted,0,results_v3_lr0p01,results_v3_lr0p01,small_cnn,sgd,10,128,20000,0.01,0.9,0.0005,cuda,False,False,6,120,905,0.9999912977218628
label_sorted,0,results_v3_lr0p01,results_v3_lr0p01,small_cnn,sgd,10,128,20000,0.01,0.9,0.0005,cuda,False,False,6,121,906,0.9999929070472717
label_sorted,0,results_v3_lr0p01,results_v3_lr0p01,small_cnn,sgd,10,128,20000,0.01,0.9,0.0005,cuda,False,False,6,122,907,0.9999943375587463
label_sorted,0,results_v3_lr0p01,results_v3_lr0p01,small_cnn,sgd,10,128,20000,0.01,0.9,0.0005,cuda,False,False,6,123,908,0.9999954700469971
label_sorted,0,results_v3_lr0p01,results_v3_lr0p01,small_cnn,sgd,10,128,20000,0.01,0.9,0.0005,cuda,False,False,6,124,909,0.9999964833259583
label_sorted,0,results_v3_lr0p01,results_v3_lr0p01,small_cnn,sgd,10,128,20000,0.01,0.9,0.0005,cuda,False,False,6,125,910,0.9999971389770508
label_sorted,0,results_v3_lr0p01,results_v3_lr0p01,small_cnn,sgd,10,128,20000,0.01,0.9,0.0005,cuda,False,False,6,126,911,-0.04783434048295021
label_sorted,0,results_v3_lr0p01,results_v3_lr0p01,small_cnn,sgd,10,128,20000,0.01,0.9,0.0005,cuda,False,False,6,127,912,0.9999672174453735
label_sorted,0,results_v3_lr0p01,results_v3_lr0p01,small_cnn,sgd,10,128,20000,0.01,0.9,0.0005,cuda,False,False,6,128,913,0.9999706745147705
label_sorted,0,results_v3_lr0p01,results_v3_lr0p01,small_cnn,sgd,10,128,20000,0.01,0.9,0.0005,cuda,False,False,6,129,914,0.9999740719795227
label_sorted,0,results_v3_lr0p01,results_v3_lr0p01,small_cnn,sgd,10,128,20000,0.01,0.9,0.0005,cuda,False,False,6,130,915,0.9999775290489197
label_sorted,0,results_v3_lr0p01,results_v3_lr0p01,small_cnn,sgd,10,128,20000,0.01,0.9,0.0005,cuda,False,False,6,131,916,0.999980628490448
label_sorted,0,results_v3_lr0p01,results_v3_lr0p01,small_cnn,sgd,10,128,20000,0.01,0.9,0.0005,cuda,False,False,6,132,917,0.999983549118042
label_sorted,0,results_v3_lr0p01,results_v3_lr0p01,small_cnn,sgd,10,128,20000,0.01,0.9,0.0005,cuda,False,False,6,133,918,0.9999861717224121
label_sorted,0,results_v3_lr0p01,results_v3_lr0p01,small_cnn,sgd,10,128,20000,0.01,0.9,0.0005,cuda,False,False,6,134,919,0.9999884366989136
label_sorted,0,results_v3_lr0p01,results_v3_lr0p01,small_cnn,sgd,10,128,20000,0.01,0.9,0.0005,cuda,False,False,6,135,920,0.9999904036521912
label_sorted,0,results_v3_lr0p01,results_v3_lr0p01,small_cnn,sgd,10,128,20000,0.01,0.9,0.0005,cuda,False,False,6,136,921,0.9999921917915344
label_sorted,0,results_v3_lr0p01,results_v3_lr0p01,small_cnn,sgd,10,128,20000,0.01,0.9,0.0005,cuda,False,False,6,137,922,0.9999935626983643
label_sorted,0,results_v3_lr0p01,results_v3_lr0p01,small_cnn,sgd,10,128,20000,0.01,0.9,0.0005,cuda,False,False,6,138,923,0.9999947547912598
label_sorted,0,results_v3_lr0p01,results_v3_lr0p01,small_cnn,sgd,10,128,20000,0.01,0.9,0.0005,cuda,False,False,6,139,924,0.9999960064888
label_sorted,0,results_v3_lr0p01,results_v3_lr0p01,small_cnn,sgd,10,128,20000,0.01,0.9,0.0005,cuda,False,False,6,140,925,0.9999968409538269
label_sorted,0,results_v3_lr0p01,results_v3_lr0p01,small_cnn,sgd,10,128,20000,0.01,0.9,0.0005,cuda,False,False,6,141,926,0.8410534858703613
label_sorted,0,results_v3_lr0p01,results_v3_lr0p01,small_cnn,sgd,10,128,20000,0.01,0.9,0.0005,cuda,False,False,6,142,927,0.5011323690414429
label_sorted,0,results_v3_lr0p01,results_v3_lr0p01,small_cnn,sgd,10,128,20000,0.01,0.9,0.0005,cuda,False,False,6,143,928,0.9999722242355347
label_sorted,0,results_v3_lr0p01,results_v3_lr0p01,small_cnn,sgd,10,128,20000,0.01,0.9,0.0005,cuda,False,False,6,144,929,0.9999752044677734
label_sorted,0,results_v3_lr0p01,results_v3_lr0p01,small_cnn,sgd,10,128,20000,0.01,0.9,0.0005,cuda,False,False,6,145,930,0.9999780654907227
label_sorted,0,results_v3_lr0p01,results_v3_lr0p01,small_cnn,sgd,10,128,20000,0.01,0.9,0.0005,cuda,False,False,6,146,931,0.9999808073043823
label_sorted,0,results_v3_lr0p01,results_v3_lr0p01,small_cnn,sgd,10,128,20000,0.01,0.9,0.0005,cuda,False,False,6,147,932,0.9999832510948181
label_sorted,0,results_v3_lr0p01,results_v3_lr0p01,small_cnn,sgd,10,128,20000,0.01,0.9,0.0005,cuda,False,False,6,148,933,0.9999856352806091
label_sorted,0,results_v3_lr0p01,results_v3_lr0p01,small_cnn,sgd,10,128,20000,0.01,0.9,0.0005,cuda,False,False,6,149,934,0.9999879002571106
label_sorted,0,results_v3_lr0p01,results_v3_lr0p01,small_cnn,sgd,10,128,20000,0.01,0.9,0.0005,cuda,False,False,6,150,935,0.9999898672103882
label_sorted,0,results_v3_lr0p01,results_v3_lr0p01,small_cnn,sgd,10,128,20000,0.01,0.9,0.0005,cuda,False,False,6,151,936,0.9999915361404419
label_sorted,0,results_v3_lr0p01,results_v3_lr0p01,small_cnn,sgd,10,128,20000,0.01,0.9,0.0005,cuda,False,False,6,152,937,0.999993085861206
label_sorted,0,results_v3_lr0p01,results_v3_lr0p01,small_cnn,sgd,10,128,20000,0.01,0.9,0.0005,cuda,False,False,6,153,938,0.999994158744812
label_sorted,0,results_v3_lr0p01,results_v3_lr0p01,small_cnn,sgd,10,128,20000,0.01,0.9,0.0005,cuda,False,False,6,154,939,0.999995231628418
label_sorted,0,results_v3_lr0p01,results_v3_lr0p01,small_cnn,sgd,10,128,20000,0.01,0.9,0.0005,cuda,False,False,6,155,940,0.9999961853027344
label_sorted,0,results_v3_lr0p01,results_v3_lr0p01,small_cnn,sgd,10,128,20000,0.01,0.9,0.0005,cuda,False,False,6,156,941,0.9999966621398926
label_sorted,0,results_v3_lr0p01,results_v3_lr0p01,small_cnn,sgd,10,128,20000,0.01,0.9,0.0005,cuda,False,False,6,157,942,0.9999968409538269
label_sorted,0,results_v3_lr0p01,results_v3_lr0p01,small_cnn,sgd,10,128,20000,0.01,0.9,0.0005,cuda,False,False,7,1,943,-0.06348159909248352
label_sorted,0,results_v3_lr0p01,results_v3_lr0p01,small_cnn,sgd,10,128,20000,0.01,0.9,0.0005,cuda,False,False,7,2,944,0.9999626278877258
label_sorted,0,results_v3_lr0p01,results_v3_lr0p01,small_cnn,sgd,10,128,20000,0.01,0.9,0.0005,cuda,False,False,7,3,945,0.999966561794281
label_sorted,0,results_v3_lr0p01,results_v3_lr0p01,small_cnn,sgd,10,128,20000,0.01,0.9,0.0005,cuda,False,False,7,4,946,0.9999704957008362
label_sorted,0,results_v3_lr0p01,results_v3_lr0p01,small_cnn,sgd,10,128,20000,0.01,0.9,0.0005,cuda,False,False,7,5,947,0.9999746084213257
label_sorted,0,results_v3_lr0p01,results_v3_lr0p01,small_cnn,sgd,10,128,20000,0.01,0.9,0.0005,cuda,False,False,7,6,948,0.9999781250953674
label_sorted,0,results_v3_lr0p01,results_v3_lr0p01,small_cnn,sgd,10,128,20000,0.01,0.9,0.0005,cuda,False,False,7,7,949,0.999981701374054
label_sorted,0,results_v3_lr0p01,results_v3_lr0p01,small_cnn,sgd,10,128,20000,0.01,0.9,0.0005,cuda,False,False,7,8,950,0.9999847412109375
label_sorted,0,results_v3_lr0p01,results_v3_lr0p01,small_cnn,sgd,10,128,20000,0.01,0.9,0.0005,cuda,False,False,7,9,951,0.9999874234199524
label_sorted,0,results_v3_lr0p01,results_v3_lr0p01,small_cnn,sgd,10,128,20000,0.01,0.9,0.0005,cuda,False,False,7,10,952,0.9999898076057434
label_sorted,0,results_v3_lr0p01,results_v3_lr0p01,small_cnn,sgd,10,128,20000,0.01,0.9,0.0005,cuda,False,False,7,11,953,0.999991774559021
label_sorted,0,results_v3_lr0p01,results_v3_lr0p01,small_cnn,sgd,10,128,20000,0.01,0.9,0.0005,cuda,False,False,7,12,954,0.9999934434890747
label_sorted,0,results_v3_lr0p01,results_v3_lr0p01,small_cnn,sgd,10,128,20000,0.01,0.9,0.0005,cuda,False,False,7,13,955,0.9999948740005493
label_sorted,0,results_v3_lr0p01,results_v3_lr0p01,small_cnn,sgd,10,128,20000,0.01,0.9,0.0005,cuda,False,False,7,14,956,0.9999958872795105
label_sorted,0,results_v3_lr0p01,results_v3_lr0p01,small_cnn,sgd,10,128,20000,0.01,0.9,0.0005,cuda,False,False,7,15,957,0.9999969005584717
label_sorted,0,results_v3_lr0p01,results_v3_lr0p01,small_cnn,sgd,10,128,20000,0.01,0.9,0.0005,cuda,False,False,7,16,958,0.8383729457855225
label_sorted,0,results_v3_lr0p01,results_v3_lr0p01,small_cnn,sgd,10,128,20000,0.01,0.9,0.0005,cuda,False,False,7,17,959,0.49740755558013916
label_sorted,0,results_v3_lr0p01,results_v3_lr0p01,small_cnn,sgd,10,128,20000,0.01,0.9,0.0005,cuda,False,False,7,18,960,0.9999704360961914
label_sorted,0,results_v3_lr0p01,results_v3_lr0p01,small_cnn,sgd,10,128,20000,0.01,0.9,0.0005,cuda,False,False,7,19,961,0.9999735951423645
label_sorted,0,results_v3_lr0p01,results_v3_lr0p01,small_cnn,sgd,10,128,20000,0.01,0.9,0.0005,cuda,False,False,7,20,962,0.9999765753746033
label_sorted,0,results_v3_lr0p01,results_v3_lr0p01,small_cnn,sgd,10,128,20000,0.01,0.9,0.0005,cuda,False,False,7,21,963,0.9999796748161316
label_sorted,0,results_v3_lr0p01,results_v3_lr0p01,small_cnn,sgd,10,128,20000,0.01,0.9,0.0005,cuda,False,False,7,22,964,0.9999825358390808
label_sorted,0,results_v3_lr0p01,results_v3_lr0p01,small_cnn,sgd,10,128,20000,0.01,0.9,0.0005,cuda,False,False,7,23,965,0.9999850392341614
label_sorted,0,results_v3_lr0p01,results_v3_lr0p01,small_cnn,sgd,10,128,20000,0.01,0.9,0.0005,cuda,False,False,7,24,966,0.9999874234199524
label_sorted,0,results_v3_lr0p01,results_v3_lr0p01,small_cnn,sgd,10,128,20000,0.01,0.9,0.0005,cuda,False,False,7,25,967,0.9999896287918091
label_sorted,0,results_v3_lr0p01,results_v3_lr0p01,small_cnn,sgd,10,128,20000,0.01,0.9,0.0005,cuda,False,False,7,26,968,0.9999914765357971
label_sorted,0,results_v3_lr0p01,results_v3_lr0p01,small_cnn,sgd,10,128,20000,0.01,0.9,0.0005,cuda,False,False,7,27,969,0.9999929666519165
label_sorted,0,results_v3_lr0p01,results_v3_lr0p01,small_cnn,sgd,10,128,20000,0.01,0.9,0.0005,cuda,False,False,7,28,970,0.9999942779541016
label_sorted,0,results_v3_lr0p01,results_v3_lr0p01,small_cnn,sgd,10,128,20000,0.01,0.9,0.0005,cuda,False,False,7,29,971,0.9999954700469971
label_sorted,0,results_v3_lr0p01,results_v3_lr0p01,small_cnn,sgd,10,128,20000,0.01,0.9,0.0005,cuda,False,False,7,30,972,0.9999963641166687
label_sorted,0,results_v3_lr0p01,results_v3_lr0p01,small_cnn,sgd,10,128,20000,0.01,0.9,0.0005,cuda,False,False,7,31,973,0.9999971389770508
label_sorted,0,results_v3_lr0p01,results_v3_lr0p01,small_cnn,sgd,10,128,20000,0.01,0.9,0.0005,cuda,False,False,7,32,974,0.24618878960609436
label_sorted,0,results_v3_lr0p01,results_v3_lr0p01,small_cnn,sgd,10,128,20000,0.01,0.9,0.0005,cuda,False,False,7,33,975,0.9502010941505432
label_sorted,0,results_v3_lr0p01,results_v3_lr0p01,small_cnn,sgd,10,128,20000,0.01,0.9,0.0005,cuda,False,False,7,34,976,0.9999681115150452
label_sorted,0,results_v3_lr0p01,results_v3_lr0p01,small_cnn,sgd,10,128,20000,0.01,0.9,0.0005,cuda,False,False,7,35,977,0.9999719262123108
label_sorted,0,results_v3_lr0p01,results_v3_lr0p01,small_cnn,sgd,10,128,20000,0.01,0.9,0.0005,cuda,False,False,7,36,978,0.9999754428863525
label_sorted,0,results_v3_lr0p01,results_v3_lr0p01,small_cnn,sgd,10,128,20000,0.01,0.9,0.0005,cuda,False,False,7,37,979,0.9999790191650391
label_sorted,0,results_v3_lr0p01,results_v3_lr0p01,small_cnn,sgd,10,128,20000,0.01,0.9,0.0005,cuda,False,False,7,38,980,0.9999822378158569
label_sorted,0,results_v3_lr0p01,results_v3_lr0p01,small_cnn,sgd,10,128,20000,0.01,0.9,0.0005,cuda,False,False,7,39,981,0.9999850988388062
label_sorted,0,results_v3_lr0p01,results_v3_lr0p01,small_cnn,sgd,10,128,20000,0.01,0.9,0.0005,cuda,False,False,7,40,982,0.9999877214431763
label_sorted,0,results_v3_lr0p01,results_v3_lr0p01,small_cnn,sgd,10,128,20000,0.01,0.9,0.0005,cuda,False,False,7,41,983,0.9999898076057434
label_sorted,0,results_v3_lr0p01,results_v3_lr0p01,small_cnn,sgd,10,128,20000,0.01,0.9,0.0005,cuda,False,False,7,42,984,0.9999916553497314
label_sorted,0,results_v3_lr0p01,results_v3_lr0p01,small_cnn,sgd,10,128,20000,0.01,0.9,0.0005,cuda,False,False,7,43,985,0.9999934434890747
label_sorted,0,results_v3_lr0p01,results_v3_lr0p01,small_cnn,sgd,10,128,20000,0.01,0.9,0.0005,cuda,False,False,7,44,986,0.999994695186615
label_sorted,0,results_v3_lr0p01,results_v3_lr0p01,small_cnn,sgd,10,128,20000,0.01,0.9,0.0005,cuda,False,False,7,45,987,0.9999958276748657
label_sorted,0,results_v3_lr0p01,results_v3_lr0p01,small_cnn,sgd,10,128,20000,0.01,0.9,0.0005,cuda,False,False,7,46,988,0.999996542930603
label_sorted,0,results_v3_lr0p01,results_v3_lr0p01,small_cnn,sgd,10,128,20000,0.01,0.9,0.0005,cuda,False,False,7,47,989,0.9886219501495361
label_sorted,0,results_v3_lr0p01,results_v3_lr0p01,small_cnn,sgd,10,128,20000,0.01,0.9,0.0005,cuda,False,False,7,48,990,0.08833219110965729
label_sorted,0,results_v3_lr0p01,results_v3_lr0p01,small_cnn,sgd,10,128,20000,0.01,0.9,0.0005,cuda,False,False,7,49,991,0.9999659061431885
label_sorted,0,results_v3_lr0p01,results_v3_lr0p01,small_cnn,sgd,10,128,20000,0.01,0.9,0.0005,cuda,False,False,7,50,992,0.9999697804450989
label_sorted,0,results_v3_lr0p01,results_v3_lr0p01,small_cnn,sgd,10,128,20000,0.01,0.9,0.0005,cuda,False,False,7,51,993,0.9999735951423645
label_sorted,0,results_v3_lr0p01,results_v3_lr0p01,small_cnn,sgd,10,128,20000,0.01,0.9,0.0005,cuda,False,False,7,52,994,0.9999771118164062
label_sorted,0,results_v3_lr0p01,results_v3_lr0p01,small_cnn,sgd,10,128,20000,0.01,0.9,0.0005,cuda,False,False,7,53,995,0.9999805092811584
label_sorted,0,results_v3_lr0p01,results_v3_lr0p01,small_cnn,sgd,10,128,20000,0.01,0.9,0.0005,cuda,False,False,7,54,996,0.9999834895133972
label_sorted,0,results_v3_lr0p01,results_v3_lr0p01,small_cnn,sgd,10,128,20000,0.01,0.9,0.0005,cuda,False,False,7,55,997,0.9999861717224121
label_sorted,0,results_v3_lr0p01,results_v3_lr0p01,small_cnn,sgd,10,128,20000,0.01,0.9,0.0005,cuda,False,False,7,56,998,0.9999882578849792
label_sorted,0,results_v3_lr0p01,results_v3_lr0p01,small_cnn,sgd,10,128,20000,0.01,0.9,0.0005,cuda,False,False,7,57,999,0.9999904632568359
label_sorted,0,results_v3_lr0p01,results_v3_lr0p01,small_cnn,sgd,10,128,20000,0.01,0.9,0.0005,cuda,False,False,7,58,1000,0.9999924302101135
label_sorted,0,results_v3_lr0p01,results_v3_lr0p01,small_cnn,sgd,10,128,20000,0.01,0.9,0.0005,cuda,False,False,7,59,1001,0.9999937415122986
label_sorted,0,results_v3_lr0p01,results_v3_lr0p01,small_cnn,sgd,10,128,20000,0.01,0.9,0.0005,cuda,False,False,7,60,1002,0.9999951720237732
label_sorted,0,results_v3_lr0p01,results_v3_lr0p01,small_cnn,sgd,10,128,20000,0.01,0.9,0.0005,cuda,False,False,7,61,1003,0.9999960064888
label_sorted,0,results_v3_lr0p01,results_v3_lr0p01,small_cnn,sgd,10,128,20000,0.01,0.9,0.0005,cuda,False,False,7,62,1004,0.9999968409538269
label_sorted,0,results_v3_lr0p01,results_v3_lr0p01,small_cnn,sgd,10,128,20000,0.01,0.9,0.0005,cuda,False,False,7,63,1005,0.6640205979347229
label_sorted,0,results_v3_lr0p01,results_v3_lr0p01,small_cnn,sgd,10,128,20000,0.01,0.9,0.0005,cuda,False,False,7,64,1006,0.7042855620384216
label_sorted,0,results_v3_lr0p01,results_v3_lr0p01,small_cnn,sgd,10,128,20000,0.01,0.9,0.0005,cuda,False,False,7,65,1007,0.9999677538871765
label_sorted,0,results_v3_lr0p01,results_v3_lr0p01,small_cnn,sgd,10,128,20000,0.01,0.9,0.0005,cuda,False,False,7,66,1008,0.9999711513519287
label_sorted,0,results_v3_lr0p01,results_v3_lr0p01,small_cnn,sgd,10,128,20000,0.01,0.9,0.0005,cuda,False,False,7,67,1009,0.9999748468399048
label_sorted,0,results_v3_lr0p01,results_v3_lr0p01,small_cnn,sgd,10,128,20000,0.01,0.9,0.0005,cuda,False,False,7,68,1010,0.9999784827232361
label_sorted,0,results_v3_lr0p01,results_v3_lr0p01,small_cnn,sgd,10,128,20000,0.01,0.9,0.0005,cuda,False,False,7,69,1011,0.9999815821647644
label_sorted,0,results_v3_lr0p01,results_v3_lr0p01,small_cnn,sgd,10,128,20000,0.01,0.9,0.0005,cuda,False,False,7,70,1012,0.9999845027923584
label_sorted,0,results_v3_lr0p01,results_v3_lr0p01,small_cnn,sgd,10,128,20000,0.01,0.9,0.0005,cuda,False,False,7,71,1013,0.999987006187439
label_sorted,0,results_v3_lr0p01,results_v3_lr0p01,small_cnn,sgd,10,128,20000,0.01,0.9,0.0005,cuda,False,False,7,72,1014,0.9999893307685852
label_sorted,0,results_v3_lr0p01,results_v3_lr0p01,small_cnn,sgd,10,128,20000,0.01,0.9,0.0005,cuda,False,False,7,73,1015,0.9999911785125732
label_sorted,0,results_v3_lr0p01,results_v3_lr0p01,small_cnn,sgd,10,128,20000,0.01,0.9,0.0005,cuda,False,False,7,74,1016,0.999992847442627
label_sorted,0,results_v3_lr0p01,results_v3_lr0p01,small_cnn,sgd,10,128,20000,0.01,0.9,0.0005,cuda,False,False,7,75,1017,0.9999942779541016
label_sorted,0,results_v3_lr0p01,results_v3_lr0p01,small_cnn,sgd,10,128,20000,0.01,0.9,0.0005,cuda,False,False,7,76,1018,0.9999955296516418
label_sorted,0,results_v3_lr0p01,results_v3_lr0p01,small_cnn,sgd,10,128,20000,0.01,0.9,0.0005,cuda,False,False,7,77,1019,0.9999963641166687
label_sorted,0,results_v3_lr0p01,results_v3_lr0p01,small_cnn,sgd,10,128,20000,0.01,0.9,0.0005,cuda,False,False,7,78,1020,0.9999971389770508
label_sorted,0,results_v3_lr0p01,results_v3_lr0p01,small_cnn,sgd,10,128,20000,0.01,0.9,0.0005,cuda,False,False,7,79,1021,0.07840034365653992
label_sorted,0,results_v3_lr0p01,results_v3_lr0p01,small_cnn,sgd,10,128,20000,0.01,0.9,0.0005,cuda,False,False,7,80,1022,0.9898924827575684
label_sorted,0,results_v3_lr0p01,results_v3_lr0p01,small_cnn,sgd,10,128,20000,0.01,0.9,0.0005,cuda,False,False,7,81,1023,0.9999697208404541
label_sorted,0,results_v3_lr0p01,results_v3_lr0p01,small_cnn,sgd,10,128,20000,0.01,0.9,0.0005,cuda,False,False,7,82,1024,0.9999732971191406
label_sorted,0,results_v3_lr0p01,results_v3_lr0p01,small_cnn,sgd,10,128,20000,0.01,0.9,0.0005,cuda,False,False,7,83,1025,0.999976634979248
label_sorted,0,results_v3_lr0p01,results_v3_lr0p01,small_cnn,sgd,10,128,20000,0.01,0.9,0.0005,cuda,False,False,7,84,1026,0.9999798536300659
label_sorted,0,results_v3_lr0p01,results_v3_lr0p01,small_cnn,sgd,10,128,20000,0.01,0.9,0.0005,cuda,False,False,7,85,1027,0.9999828934669495
label_sorted,0,results_v3_lr0p01,results_v3_lr0p01,small_cnn,sgd,10,128,20000,0.01,0.9,0.0005,cuda,False,False,7,86,1028,0.9999855160713196
label_sorted,0,results_v3_lr0p01,results_v3_lr0p01,small_cnn,sgd,10,128,20000,0.01,0.9,0.0005,cuda,False,False,7,87,1029,0.9999880790710449
label_sorted,0,results_v3_lr0p01,results_v3_lr0p01,small_cnn,sgd,10,128,20000,0.01,0.9,0.0005,cuda,False,False,7,88,1030,0.9999901056289673
label_sorted,0,results_v3_lr0p01,results_v3_lr0p01,small_cnn,sgd,10,128,20000,0.01,0.9,0.0005,cuda,False,False,7,89,1031,0.9999918341636658
label_sorted,0,results_v3_lr0p01,results_v3_lr0p01,small_cnn,sgd,10,128,20000,0.01,0.9,0.0005,cuda,False,False,7,90,1032,0.9999934434890747
label_sorted,0,results_v3_lr0p01,results_v3_lr0p01,small_cnn,sgd,10,128,20000,0.01,0.9,0.0005,cuda,False,False,7,91,1033,0.9999947547912598
label_sorted,0,results_v3_lr0p01,results_v3_lr0p01,small_cnn,sgd,10,128,20000,0.01,0.9,0.0005,cuda,False,False,7,92,1034,0.9999958872795105
label_sorted,0,results_v3_lr0p01,results_v3_lr0p01,small_cnn,sgd,10,128,20000,0.01,0.9,0.0005,cuda,False,False,7,93,1035,0.9999967813491821
label_sorted,0,results_v3_lr0p01,results_v3_lr0p01,small_cnn,sgd,10,128,20000,0.01,0.9,0.0005,cuda,False,False,7,94,1036,0.941357433795929
label_sorted,0,results_v3_lr0p01,results_v3_lr0p01,small_cnn,sgd,10,128,20000,0.01,0.9,0.0005,cuda,False,False,7,95,1037,0.28199684619903564
label_sorted,0,results_v3_lr0p01,results_v3_lr0p01,small_cnn,sgd,10,128,20000,0.01,0.9,0.0005,cuda,False,False,7,96,1038,0.9999674558639526
label_sorted,0,results_v3_lr0p01,results_v3_lr0p01,small_cnn,sgd,10,128,20000,0.01,0.9,0.0005,cuda,False,False,7,97,1039,0.9999710917472839
label_sorted,0,results_v3_lr0p01,results_v3_lr0p01,small_cnn,sgd,10,128,20000,0.01,0.9,0.0005,cuda,False,False,7,98,1040,0.9999745488166809
label_sorted,0,results_v3_lr0p01,results_v3_lr0p01,small_cnn,sgd,10,128,20000,0.01,0.9,0.0005,cuda,False,False,7,99,1041,0.9999778866767883
label_sorted,0,results_v3_lr0p01,results_v3_lr0p01,small_cnn,sgd,10,128,20000,0.01,0.9,0.0005,cuda,False,False,7,100,1042,0.9999810457229614
label_sorted,0,results_v3_lr0p01,results_v3_lr0p01,small_cnn,sgd,10,128,20000,0.01,0.9,0.0005,cuda,False,False,7,101,1043,0.9999839067459106
label_sorted,0,results_v3_lr0p01,results_v3_lr0p01,small_cnn,sgd,10,128,20000,0.01,0.9,0.0005,cuda,False,False,7,102,1044,0.9999865889549255
label_sorted,0,results_v3_lr0p01,results_v3_lr0p01,small_cnn,sgd,10,128,20000,0.01,0.9,0.0005,cuda,False,False,7,103,1045,0.9999889135360718
label_sorted,0,results_v3_lr0p01,results_v3_lr0p01,small_cnn,sgd,10,128,20000,0.01,0.9,0.0005,cuda,False,False,7,104,1046,0.9999908804893494
label_sorted,0,results_v3_lr0p01,results_v3_lr0p01,small_cnn,sgd,10,128,20000,0.01,0.9,0.0005,cuda,False,False,7,105,1047,0.9999925494194031
label_sorted,0,results_v3_lr0p01,results_v3_lr0p01,small_cnn,sgd,10,128,20000,0.01,0.9,0.0005,cuda,False,False,7,106,1048,0.9999939799308777
label_sorted,0,results_v3_lr0p01,results_v3_lr0p01,small_cnn,sgd,10,128,20000,0.01,0.9,0.0005,cuda,False,False,7,107,1049,0.9999952912330627
label_sorted,0,results_v3_lr0p01,results_v3_lr0p01,small_cnn,sgd,10,128,20000,0.01,0.9,0.0005,cuda,False,False,7,108,1050,0.9999963045120239
label_sorted,0,results_v3_lr0p01,results_v3_lr0p01,small_cnn,sgd,10,128,20000,0.01,0.9,0.0005,cuda,False,False,7,109,1051,0.999997079372406
label_sorted,0,results_v3_lr0p01,results_v3_lr0p01,small_cnn,sgd,10,128,20000,0.01,0.9,0.0005,cuda,False,False,7,110,1052,0.45661041140556335
label_sorted,0,results_v3_lr0p01,results_v3_lr0p01,small_cnn,sgd,10,128,20000,0.01,0.9,0.0005,cuda,False,False,7,111,1053,0.8601300120353699
label_sorted,0,results_v3_lr0p01,results_v3_lr0p01,small_cnn,sgd,10,128,20000,0.01,0.9,0.0005,cuda,False,False,7,112,1054,0.999968945980072
label_sorted,0,results_v3_lr0p01,results_v3_lr0p01,small_cnn,sgd,10,128,20000,0.01,0.9,0.0005,cuda,False,False,7,113,1055,0.9999725818634033
label_sorted,0,results_v3_lr0p01,results_v3_lr0p01,small_cnn,sgd,10,128,20000,0.01,0.9,0.0005,cuda,False,False,7,114,1056,0.9999760389328003
label_sorted,0,results_v3_lr0p01,results_v3_lr0p01,small_cnn,sgd,10,128,20000,0.01,0.9,0.0005,cuda,False,False,7,115,1057,0.9999793171882629
label_sorted,0,results_v3_lr0p01,results_v3_lr0p01,small_cnn,sgd,10,128,20000,0.01,0.9,0.0005,cuda,False,False,7,116,1058,0.9999822378158569
label_sorted,0,results_v3_lr0p01,results_v3_lr0p01,small_cnn,sgd,10,128,20000,0.01,0.9,0.0005,cuda,False,False,7,117,1059,0.9999850392341614
label_sorted,0,results_v3_lr0p01,results_v3_lr0p01,small_cnn,sgd,10,128,20000,0.01,0.9,0.0005,cuda,False,False,7,118,1060,0.9999875426292419
label_sorted,0,results_v3_lr0p01,results_v3_lr0p01,small_cnn,sgd,10,128,20000,0.01,0.9,0.0005,cuda,False,False,7,119,1061,0.9999896883964539
label_sorted,0,results_v3_lr0p01,results_v3_lr0p01,small_cnn,sgd,10,128,20000,0.01,0.9,0.0005,cuda,False,False,7,120,1062,0.9999916553497314
label_sorted,0,results_v3_lr0p01,results_v3_lr0p01,small_cnn,sgd,10,128,20000,0.01,0.9,0.0005,cuda,False,False,7,121,1063,0.9999931454658508
label_sorted,0,results_v3_lr0p01,results_v3_lr0p01,small_cnn,sgd,10,128,20000,0.01,0.9,0.0005,cuda,False,False,7,122,1064,0.9999945759773254
label_sorted,0,results_v3_lr0p01,results_v3_lr0p01,small_cnn,sgd,10,128,20000,0.01,0.9,0.0005,cuda,False,False,7,123,1065,0.9999956488609314
label_sorted,0,results_v3_lr0p01,results_v3_lr0p01,small_cnn,sgd,10,128,20000,0.01,0.9,0.0005,cuda,False,False,7,124,1066,0.9999966621398926
label_sorted,0,results_v3_lr0p01,results_v3_lr0p01,small_cnn,sgd,10,128,20000,0.01,0.9,0.0005,cuda,False,False,7,125,1067,0.9999974370002747
label_sorted,0,results_v3_lr0p01,results_v3_lr0p01,small_cnn,sgd,10,128,20000,0.01,0.9,0.0005,cuda,False,False,7,126,1068,-0.0550704300403595
label_sorted,0,results_v3_lr0p01,results_v3_lr0p01,small_cnn,sgd,10,128,20000,0.01,0.9,0.0005,cuda,False,False,7,127,1069,0.9999670386314392
label_sorted,0,results_v3_lr0p01,results_v3_lr0p01,small_cnn,sgd,10,128,20000,0.01,0.9,0.0005,cuda,False,False,7,128,1070,0.999970555305481
label_sorted,0,results_v3_lr0p01,results_v3_lr0p01,small_cnn,sgd,10,128,20000,0.01,0.9,0.0005,cuda,False,False,7,129,1071,0.9999738931655884
label_sorted,0,results_v3_lr0p01,results_v3_lr0p01,small_cnn,sgd,10,128,20000,0.01,0.9,0.0005,cuda,False,False,7,130,1072,0.9999773502349854
label_sorted,0,results_v3_lr0p01,results_v3_lr0p01,small_cnn,sgd,10,128,20000,0.01,0.9,0.0005,cuda,False,False,7,131,1073,0.999980628490448
label_sorted,0,results_v3_lr0p01,results_v3_lr0p01,small_cnn,sgd,10,128,20000,0.01,0.9,0.0005,cuda,False,False,7,132,1074,0.9999834299087524
label_sorted,0,results_v3_lr0p01,results_v3_lr0p01,small_cnn,sgd,10,128,20000,0.01,0.9,0.0005,cuda,False,False,7,133,1075,0.9999861717224121
label_sorted,0,results_v3_lr0p01,results_v3_lr0p01,small_cnn,sgd,10,128,20000,0.01,0.9,0.0005,cuda,False,False,7,134,1076,0.9999884963035583
label_sorted,0,results_v3_lr0p01,results_v3_lr0p01,small_cnn,sgd,10,128,20000,0.01,0.9,0.0005,cuda,False,False,7,135,1077,0.9999905228614807
label_sorted,0,results_v3_lr0p01,results_v3_lr0p01,small_cnn,sgd,10,128,20000,0.01,0.9,0.0005,cuda,False,False,7,136,1078,0.999992311000824
label_sorted,0,results_v3_lr0p01,results_v3_lr0p01,small_cnn,sgd,10,128,20000,0.01,0.9,0.0005,cuda,False,False,7,137,1079,0.9999935626983643
label_sorted,0,results_v3_lr0p01,results_v3_lr0p01,small_cnn,sgd,10,128,20000,0.01,0.9,0.0005,cuda,False,False,7,138,1080,0.9999948740005493
label_sorted,0,results_v3_lr0p01,results_v3_lr0p01,small_cnn,sgd,10,128,20000,0.01,0.9,0.0005,cuda,False,False,7,139,1081,0.9999960660934448
label_sorted,0,results_v3_lr0p01,results_v3_lr0p01,small_cnn,sgd,10,128,20000,0.01,0.9,0.0005,cuda,False,False,7,140,1082,0.9999969601631165
label_sorted,0,results_v3_lr0p01,results_v3_lr0p01,small_cnn,sgd,10,128,20000,0.01,0.9,0.0005,cuda,False,False,7,141,1083,0.8372464179992676
label_sorted,0,results_v3_lr0p01,results_v3_lr0p01,small_cnn,sgd,10,128,20000,0.01,0.9,0.0005,cuda,False,False,7,142,1084,0.4970128536224365
label_sorted,0,results_v3_lr0p01,results_v3_lr0p01,small_cnn,sgd,10,128,20000,0.01,0.9,0.0005,cuda,False,False,7,143,1085,0.9999687075614929
label_sorted,0,results_v3_lr0p01,results_v3_lr0p01,small_cnn,sgd,10,128,20000,0.01,0.9,0.0005,cuda,False,False,7,144,1086,0.9999721050262451
label_sorted,0,results_v3_lr0p01,results_v3_lr0p01,small_cnn,sgd,10,128,20000,0.01,0.9,0.0005,cuda,False,False,7,145,1087,0.9999756813049316
label_sorted,0,results_v3_lr0p01,results_v3_lr0p01,small_cnn,sgd,10,128,20000,0.01,0.9,0.0005,cuda,False,False,7,146,1088,0.9999789595603943
label_sorted,0,results_v3_lr0p01,results_v3_lr0p01,small_cnn,sgd,10,128,20000,0.01,0.9,0.0005,cuda,False,False,7,147,1089,0.9999819397926331
label_sorted,0,results_v3_lr0p01,results_v3_lr0p01,small_cnn,sgd,10,128,20000,0.01,0.9,0.0005,cuda,False,False,7,148,1090,0.9999846816062927
label_sorted,0,results_v3_lr0p01,results_v3_lr0p01,small_cnn,sgd,10,128,20000,0.01,0.9,0.0005,cuda,False,False,7,149,1091,0.9999870657920837
label_sorted,0,results_v3_lr0p01,results_v3_lr0p01,small_cnn,sgd,10,128,20000,0.01,0.9,0.0005,cuda,False,False,7,150,1092,0.9999893307685852
label_sorted,0,results_v3_lr0p01,results_v3_lr0p01,small_cnn,sgd,10,128,20000,0.01,0.9,0.0005,cuda,False,False,7,151,1093,0.999991238117218
label_sorted,0,results_v3_lr0p01,results_v3_lr0p01,small_cnn,sgd,10,128,20000,0.01,0.9,0.0005,cuda,False,False,7,152,1094,0.9999927282333374
label_sorted,0,results_v3_lr0p01,results_v3_lr0p01,small_cnn,sgd,10,128,20000,0.01,0.9,0.0005,cuda,False,False,7,153,1095,0.999994158744812
label_sorted,0,results_v3_lr0p01,results_v3_lr0p01,small_cnn,sgd,10,128,20000,0.01,0.9,0.0005,cuda,False,False,7,154,1096,0.9999953508377075
label_sorted,0,results_v3_lr0p01,results_v3_lr0p01,small_cnn,sgd,10,128,20000,0.01,0.9,0.0005,cuda,False,False,7,155,1097,0.9999963045120239
label_sorted,0,results_v3_lr0p01,results_v3_lr0p01,small_cnn,sgd,10,128,20000,0.01,0.9,0.0005,cuda,False,False,7,156,1098,0.9999967813491821
label_sorted,0,results_v3_lr0p01,results_v3_lr0p01,small_cnn,sgd,10,128,20000,0.01,0.9,0.0005,cuda,False,False,7,157,1099,0.9999970197677612
label_sorted,0,results_v3_lr0p01,results_v3_lr0p01,small_cnn,sgd,10,128,20000,0.01,0.9,0.0005,cuda,False,False,8,1,1100,-0.0657711997628212
label_sorted,0,results_v3_lr0p01,results_v3_lr0p01,small_cnn,sgd,10,128,20000,0.01,0.9,0.0005,cuda,False,False,8,2,1101,0.9999618530273438
label_sorted,0,results_v3_lr0p01,results_v3_lr0p01,small_cnn,sgd,10,128,20000,0.01,0.9,0.0005,cuda,False,False,8,3,1102,0.999966025352478
label_sorted,0,results_v3_lr0p01,results_v3_lr0p01,small_cnn,sgd,10,128,20000,0.01,0.9,0.0005,cuda,False,False,8,4,1103,0.9999700784683228
label_sorted,0,results_v3_lr0p01,results_v3_lr0p01,small_cnn,sgd,10,128,20000,0.01,0.9,0.0005,cuda,False,False,8,5,1104,0.999974250793457
label_sorted,0,results_v3_lr0p01,results_v3_lr0p01,small_cnn,sgd,10,128,20000,0.01,0.9,0.0005,cuda,False,False,8,6,1105,0.9999779462814331
label_sorted,0,results_v3_lr0p01,results_v3_lr0p01,small_cnn,sgd,10,128,20000,0.01,0.9,0.0005,cuda,False,False,8,7,1106,0.9999815225601196
label_sorted,0,results_v3_lr0p01,results_v3_lr0p01,small_cnn,sgd,10,128,20000,0.01,0.9,0.0005,cuda,False,False,8,8,1107,0.999984622001648
label_sorted,0,results_v3_lr0p01,results_v3_lr0p01,small_cnn,sgd,10,128,20000,0.01,0.9,0.0005,cuda,False,False,8,9,1108,0.9999871850013733
label_sorted,0,results_v3_lr0p01,results_v3_lr0p01,small_cnn,sgd,10,128,20000,0.01,0.9,0.0005,cuda,False,False,8,10,1109,0.9999896287918091
label_sorted,0,results_v3_lr0p01,results_v3_lr0p01,small_cnn,sgd,10,128,20000,0.01,0.9,0.0005,cuda,False,False,8,11,1110,0.9999915957450867
label_sorted,0,results_v3_lr0p01,results_v3_lr0p01,small_cnn,sgd,10,128,20000,0.01,0.9,0.0005,cuda,False,False,8,12,1111,0.9999933242797852
label_sorted,0,results_v3_lr0p01,results_v3_lr0p01,small_cnn,sgd,10,128,20000,0.01,0.9,0.0005,cuda,False,False,8,13,1112,0.9999947547912598
label_sorted,0,results_v3_lr0p01,results_v3_lr0p01,small_cnn,sgd,10,128,20000,0.01,0.9,0.0005,cuda,False,False,8,14,1113,0.9999959468841553
label_sorted,0,results_v3_lr0p01,results_v3_lr0p01,small_cnn,sgd,10,128,20000,0.01,0.9,0.0005,cuda,False,False,8,15,1114,0.9999968409538269
label_sorted,0,results_v3_lr0p01,results_v3_lr0p01,small_cnn,sgd,10,128,20000,0.01,0.9,0.0005,cuda,False,False,8,16,1115,0.8371050953865051
label_sorted,0,results_v3_lr0p01,results_v3_lr0p01,small_cnn,sgd,10,128,20000,0.01,0.9,0.0005,cuda,False,False,8,17,1116,0.4989050626754761
label_sorted,0,results_v3_lr0p01,results_v3_lr0p01,small_cnn,sgd,10,128,20000,0.01,0.9,0.0005,cuda,False,False,8,18,1117,0.9999688863754272
label_sorted,0,results_v3_lr0p01,results_v3_lr0p01,small_cnn,sgd,10,128,20000,0.01,0.9,0.0005,cuda,False,False,8,19,1118,0.9999723434448242
label_sorted,0,results_v3_lr0p01,results_v3_lr0p01,small_cnn,sgd,10,128,20000,0.01,0.9,0.0005,cuda,False,False,8,20,1119,0.9999755620956421
label_sorted,0,results_v3_lr0p01,results_v3_lr0p01,small_cnn,sgd,10,128,20000,0.01,0.9,0.0005,cuda,False,False,8,21,1120,0.9999788999557495
label_sorted,0,results_v3_lr0p01,results_v3_lr0p01,small_cnn,sgd,10,128,20000,0.01,0.9,0.0005,cuda,False,False,8,22,1121,0.9999818801879883
label_sorted,0,results_v3_lr0p01,results_v3_lr0p01,small_cnn,sgd,10,128,20000,0.01,0.9,0.0005,cuda,False,False,8,23,1122,0.9999845623970032
label_sorted,0,results_v3_lr0p01,results_v3_lr0p01,small_cnn,sgd,10,128,20000,0.01,0.9,0.0005,cuda,False,False,8,24,1123,0.999987006187439
label_sorted,0,results_v3_lr0p01,results_v3_lr0p01,small_cnn,sgd,10,128,20000,0.01,0.9,0.0005,cuda,False,False,8,25,1124,0.9999891519546509
label_sorted,0,results_v3_lr0p01,results_v3_lr0p01,small_cnn,sgd,10,128,20000,0.01,0.9,0.0005,cuda,False,False,8,26,1125,0.9999911189079285
label_sorted,0,results_v3_lr0p01,results_v3_lr0p01,small_cnn,sgd,10,128,20000,0.01,0.9,0.0005,cuda,False,False,8,27,1126,0.9999927282333374
label_sorted,0,results_v3_lr0p01,results_v3_lr0p01,small_cnn,sgd,10,128,20000,0.01,0.9,0.0005,cuda,False,False,8,28,1127,0.9999940991401672
label_sorted,0,results_v3_lr0p01,results_v3_lr0p01,small_cnn,sgd,10,128,20000,0.01,0.9,0.0005,cuda,False,False,8,29,1128,0.9999953508377075
label_sorted,0,results_v3_lr0p01,results_v3_lr0p01,small_cnn,sgd,10,128,20000,0.01,0.9,0.0005,cuda,False,False,8,30,1129,0.9999961853027344
label_sorted,0,results_v3_lr0p01,results_v3_lr0p01,small_cnn,sgd,10,128,20000,0.01,0.9,0.0005,cuda,False,False,8,31,1130,0.9999970197677612
label_sorted,0,results_v3_lr0p01,results_v3_lr0p01,small_cnn,sgd,10,128,20000,0.01,0.9,0.0005,cuda,False,False,8,32,1131,0.2517961859703064
label_sorted,0,results_v3_lr0p01,results_v3_lr0p01,small_cnn,sgd,10,128,20000,0.01,0.9,0.0005,cuda,False,False,8,33,1132,0.9502716064453125
label_sorted,0,results_v3_lr0p01,results_v3_lr0p01,small_cnn,sgd,10,128,20000,0.01,0.9,0.0005,cuda,False,False,8,34,1133,0.9999691247940063
label_sorted,0,results_v3_lr0p01,results_v3_lr0p01,small_cnn,sgd,10,128,20000,0.01,0.9,0.0005,cuda,False,False,8,35,1134,0.9999727010726929
label_sorted,0,results_v3_lr0p01,results_v3_lr0p01,small_cnn,sgd,10,128,20000,0.01,0.9,0.0005,cuda,False,False,8,36,1135,0.9999760389328003
label_sorted,0,results_v3_lr0p01,results_v3_lr0p01,small_cnn,sgd,10,128,20000,0.01,0.9,0.0005,cuda,False,False,8,37,1136,0.9999792575836182
label_sorted,0,results_v3_lr0p01,results_v3_lr0p01,small_cnn,sgd,10,128,20000,0.01,0.9,0.0005,cuda,False,False,8,38,1137,0.9999824166297913
label_sorted,0,results_v3_lr0p01,results_v3_lr0p01,small_cnn,sgd,10,128,20000,0.01,0.9,0.0005,cuda,False,False,8,39,1138,0.9999850988388062
label_sorted,0,results_v3_lr0p01,results_v3_lr0p01,small_cnn,sgd,10,128,20000,0.01,0.9,0.0005,cuda,False,False,8,40,1139,0.9999875426292419
label_sorted,0,results_v3_lr0p01,results_v3_lr0p01,small_cnn,sgd,10,128,20000,0.01,0.9,0.0005,cuda,False,False,8,41,1140,0.9999897480010986
label_sorted,0,results_v3_lr0p01,results_v3_lr0p01,small_cnn,sgd,10,128,20000,0.01,0.9,0.0005,cuda,False,False,8,42,1141,0.9999916553497314
label_sorted,0,results_v3_lr0p01,results_v3_lr0p01,small_cnn,sgd,10,128,20000,0.01,0.9,0.0005,cuda,False,False,8,43,1142,0.9999932646751404
label_sorted,0,results_v3_lr0p01,results_v3_lr0p01,small_cnn,sgd,10,128,20000,0.01,0.9,0.0005,cuda,False,False,8,44,1143,0.9999946355819702
label_sorted,0,results_v3_lr0p01,results_v3_lr0p01,small_cnn,sgd,10,128,20000,0.01,0.9,0.0005,cuda,False,False,8,45,1144,0.9999957084655762
label_sorted,0,results_v3_lr0p01,results_v3_lr0p01,small_cnn,sgd,10,128,20000,0.01,0.9,0.0005,cuda,False,False,8,46,1145,0.999996542930603
label_sorted,0,results_v3_lr0p01,results_v3_lr0p01,small_cnn,sgd,10,128,20000,0.01,0.9,0.0005,cuda,False,False,8,47,1146,0.9886673092842102
label_sorted,0,results_v3_lr0p01,results_v3_lr0p01,small_cnn,sgd,10,128,20000,0.01,0.9,0.0005,cuda,False,False,8,48,1147,0.09260807931423187
label_sorted,0,results_v3_lr0p01,results_v3_lr0p01,small_cnn,sgd,10,128,20000,0.01,0.9,0.0005,cuda,False,False,8,49,1148,0.9999666810035706
label_sorted,0,results_v3_lr0p01,results_v3_lr0p01,small_cnn,sgd,10,128,20000,0.01,0.9,0.0005,cuda,False,False,8,50,1149,0.9999704957008362
label_sorted,0,results_v3_lr0p01,results_v3_lr0p01,small_cnn,sgd,10,128,20000,0.01,0.9,0.0005,cuda,False,False,8,51,1150,0.999974250793457
label_sorted,0,results_v3_lr0p01,results_v3_lr0p01,small_cnn,sgd,10,128,20000,0.01,0.9,0.0005,cuda,False,False,8,52,1151,0.9999775290489197
label_sorted,0,results_v3_lr0p01,results_v3_lr0p01,small_cnn,sgd,10,128,20000,0.01,0.9,0.0005,cuda,False,False,8,53,1152,0.9999808073043823
label_sorted,0,results_v3_lr0p01,results_v3_lr0p01,small_cnn,sgd,10,128,20000,0.01,0.9,0.0005,cuda,False,False,8,54,1153,0.9999836087226868
label_sorted,0,results_v3_lr0p01,results_v3_lr0p01,small_cnn,sgd,10,128,20000,0.01,0.9,0.0005,cuda,False,False,8,55,1154,0.9999862313270569
label_sorted,0,results_v3_lr0p01,results_v3_lr0p01,small_cnn,sgd,10,128,20000,0.01,0.9,0.0005,cuda,False,False,8,56,1155,0.9999881982803345
label_sorted,0,results_v3_lr0p01,results_v3_lr0p01,small_cnn,sgd,10,128,20000,0.01,0.9,0.0005,cuda,False,False,8,57,1156,0.9999904036521912
label_sorted,0,results_v3_lr0p01,results_v3_lr0p01,small_cnn,sgd,10,128,20000,0.01,0.9,0.0005,cuda,False,False,8,58,1157,0.999992311000824
label_sorted,0,results_v3_lr0p01,results_v3_lr0p01,small_cnn,sgd,10,128,20000,0.01,0.9,0.0005,cuda,False,False,8,59,1158,0.999993622303009
label_sorted,0,results_v3_lr0p01,results_v3_lr0p01,small_cnn,sgd,10,128,20000,0.01,0.9,0.0005,cuda,False,False,8,60,1159,0.9999951124191284
label_sorted,0,results_v3_lr0p01,results_v3_lr0p01,small_cnn,sgd,10,128,20000,0.01,0.9,0.0005,cuda,False,False,8,61,1160,0.9999961256980896
label_sorted,0,results_v3_lr0p01,results_v3_lr0p01,small_cnn,sgd,10,128,20000,0.01,0.9,0.0005,cuda,False,False,8,62,1161,0.9999969005584717
label_sorted,0,results_v3_lr0p01,results_v3_lr0p01,small_cnn,sgd,10,128,20000,0.01,0.9,0.0005,cuda,False,False,8,63,1162,0.6656078100204468
label_sorted,0,results_v3_lr0p01,results_v3_lr0p01,small_cnn,sgd,10,128,20000,0.01,0.9,0.0005,cuda,False,False,8,64,1163,0.7044216990470886
label_sorted,0,results_v3_lr0p01,results_v3_lr0p01,small_cnn,sgd,10,128,20000,0.01,0.9,0.0005,cuda,False,False,8,65,1164,0.9999685287475586
label_sorted,0,results_v3_lr0p01,results_v3_lr0p01,small_cnn,sgd,10,128,20000,0.01,0.9,0.0005,cuda,False,False,8,66,1165,0.9999720454216003
label_sorted,0,results_v3_lr0p01,results_v3_lr0p01,small_cnn,sgd,10,128,20000,0.01,0.9,0.0005,cuda,False,False,8,67,1166,0.9999755024909973
label_sorted,0,results_v3_lr0p01,results_v3_lr0p01,small_cnn,sgd,10,128,20000,0.01,0.9,0.0005,cuda,False,False,8,68,1167,0.9999788403511047
label_sorted,0,results_v3_lr0p01,results_v3_lr0p01,small_cnn,sgd,10,128,20000,0.01,0.9,0.0005,cuda,False,False,8,69,1168,0.9999818801879883
label_sorted,0,results_v3_lr0p01,results_v3_lr0p01,small_cnn,sgd,10,128,20000,0.01,0.9,0.0005,cuda,False,False,8,70,1169,0.9999846816062927
label_sorted,0,results_v3_lr0p01,results_v3_lr0p01,small_cnn,sgd,10,128,20000,0.01,0.9,0.0005,cuda,False,False,8,71,1170,0.9999871850013733
label_sorted,0,results_v3_lr0p01,results_v3_lr0p01,small_cnn,sgd,10,128,20000,0.01,0.9,0.0005,cuda,False,False,8,72,1171,0.9999894499778748
label_sorted,0,results_v3_lr0p01,results_v3_lr0p01,small_cnn,sgd,10,128,20000,0.01,0.9,0.0005,cuda,False,False,8,73,1172,0.9999913573265076
label_sorted,0,results_v3_lr0p01,results_v3_lr0p01,small_cnn,sgd,10,128,20000,0.01,0.9,0.0005,cuda,False,False,8,74,1173,0.9999930262565613
label_sorted,0,results_v3_lr0p01,results_v3_lr0p01,small_cnn,sgd,10,128,20000,0.01,0.9,0.0005,cuda,False,False,8,75,1174,0.9999943971633911
label_sorted,0,results_v3_lr0p01,results_v3_lr0p01,small_cnn,sgd,10,128,20000,0.01,0.9,0.0005,cuda,False,False,8,76,1175,0.9999955892562866
label_sorted,0,results_v3_lr0p01,results_v3_lr0p01,small_cnn,sgd,10,128,20000,0.01,0.9,0.0005,cuda,False,False,8,77,1176,0.9999961853027344
label_sorted,0,results_v3_lr0p01,results_v3_lr0p01,small_cnn,sgd,10,128,20000,0.01,0.9,0.0005,cuda,False,False,8,78,1177,0.9999969005584717
label_sorted,0,results_v3_lr0p01,results_v3_lr0p01,small_cnn,sgd,10,128,20000,0.01,0.9,0.0005,cuda,False,False,8,79,1178,0.07855264097452164
label_sorted,0,results_v3_lr0p01,results_v3_lr0p01,small_cnn,sgd,10,128,20000,0.01,0.9,0.0005,cuda,False,False,8,80,1179,0.9898879528045654
label_sorted,0,results_v3_lr0p01,results_v3_lr0p01,small_cnn,sgd,10,128,20000,0.01,0.9,0.0005,cuda,False,False,8,81,1180,0.9999698400497437
label_sorted,0,results_v3_lr0p01,results_v3_lr0p01,small_cnn,sgd,10,128,20000,0.01,0.9,0.0005,cuda,False,False,8,82,1181,0.9999734163284302
label_sorted,0,results_v3_lr0p01,results_v3_lr0p01,small_cnn,sgd,10,128,20000,0.01,0.9,0.0005,cuda,False,False,8,83,1182,0.9999768733978271
label_sorted,0,results_v3_lr0p01,results_v3_lr0p01,small_cnn,sgd,10,128,20000,0.01,0.9,0.0005,cuda,False,False,8,84,1183,0.9999801516532898
label_sorted,0,results_v3_lr0p01,results_v3_lr0p01,small_cnn,sgd,10,128,20000,0.01,0.9,0.0005,cuda,False,False,8,85,1184,0.999983012676239
label_sorted,0,results_v3_lr0p01,results_v3_lr0p01,small_cnn,sgd,10,128,20000,0.01,0.9,0.0005,cuda,False,False,8,86,1185,0.9999857544898987
label_sorted,0,results_v3_lr0p01,results_v3_lr0p01,small_cnn,sgd,10,128,20000,0.01,0.9,0.0005,cuda,False,False,8,87,1186,0.9999881386756897
label_sorted,0,results_v3_lr0p01,results_v3_lr0p01,small_cnn,sgd,10,128,20000,0.01,0.9,0.0005,cuda,False,False,8,88,1187,0.9999901652336121
label_sorted,0,results_v3_lr0p01,results_v3_lr0p01,small_cnn,sgd,10,128,20000,0.01,0.9,0.0005,cuda,False,False,8,89,1188,0.9999920129776001
label_sorted,0,results_v3_lr0p01,results_v3_lr0p01,small_cnn,sgd,10,128,20000,0.01,0.9,0.0005,cuda,False,False,8,90,1189,0.9999935030937195
label_sorted,0,results_v3_lr0p01,results_v3_lr0p01,small_cnn,sgd,10,128,20000,0.01,0.9,0.0005,cuda,False,False,8,91,1190,0.9999948740005493
label_sorted,0,results_v3_lr0p01,results_v3_lr0p01,small_cnn,sgd,10,128,20000,0.01,0.9,0.0005,cuda,False,False,8,92,1191,0.9999959468841553
label_sorted,0,results_v3_lr0p01,results_v3_lr0p01,small_cnn,sgd,10,128,20000,0.01,0.9,0.0005,cuda,False,False,8,93,1192,0.9999967813491821
label_sorted,0,results_v3_lr0p01,results_v3_lr0p01,small_cnn,sgd,10,128,20000,0.01,0.9,0.0005,cuda,False,False,8,94,1193,0.9413737654685974
label_sorted,0,results_v3_lr0p01,results_v3_lr0p01,small_cnn,sgd,10,128,20000,0.01,0.9,0.0005,cuda,False,False,8,95,1194,0.2816060781478882
label_sorted,0,results_v3_lr0p01,results_v3_lr0p01,small_cnn,sgd,10,128,20000,0.01,0.9,0.0005,cuda,False,False,8,96,1195,0.9999675750732422
label_sorted,0,results_v3_lr0p01,results_v3_lr0p01,small_cnn,sgd,10,128,20000,0.01,0.9,0.0005,cuda,False,False,8,97,1196,0.9999712109565735
label_sorted,0,results_v3_lr0p01,results_v3_lr0p01,small_cnn,sgd,10,128,20000,0.01,0.9,0.0005,cuda,False,False,8,98,1197,0.9999747276306152
label_sorted,0,results_v3_lr0p01,results_v3_lr0p01,small_cnn,sgd,10,128,20000,0.01,0.9,0.0005,cuda,False,False,8,99,1198,0.9999780654907227
label_sorted,0,results_v3_lr0p01,results_v3_lr0p01,small_cnn,sgd,10,128,20000,0.01,0.9,0.0005,cuda,False,False,8,100,1199,0.9999812245368958
label_sorted,0,results_v3_lr0p01,results_v3_lr0p01,small_cnn,sgd,10,128,20000,0.01,0.9,0.0005,cuda,False,False,8,101,1200,0.9999840259552002
label_sorted,0,results_v3_lr0p01,results_v3_lr0p01,small_cnn,sgd,10,128,20000,0.01,0.9,0.0005,cuda,False,False,8,102,1201,0.9999866485595703
label_sorted,0,results_v3_lr0p01,results_v3_lr0p01,small_cnn,sgd,10,128,20000,0.01,0.9,0.0005,cuda,False,False,8,103,1202,0.999988853931427
label_sorted,0,results_v3_lr0p01,results_v3_lr0p01,small_cnn,sgd,10,128,20000,0.01,0.9,0.0005,cuda,False,False,8,104,1203,0.9999908804893494
label_sorted,0,results_v3_lr0p01,results_v3_lr0p01,small_cnn,sgd,10,128,20000,0.01,0.9,0.0005,cuda,False,False,8,105,1204,0.9999925494194031
label_sorted,0,results_v3_lr0p01,results_v3_lr0p01,small_cnn,sgd,10,128,20000,0.01,0.9,0.0005,cuda,False,False,8,106,1205,0.9999940395355225
label_sorted,0,results_v3_lr0p01,results_v3_lr0p01,small_cnn,sgd,10,128,20000,0.01,0.9,0.0005,cuda,False,False,8,107,1206,0.9999951720237732
label_sorted,0,results_v3_lr0p01,results_v3_lr0p01,small_cnn,sgd,10,128,20000,0.01,0.9,0.0005,cuda,False,False,8,108,1207,0.9999963045120239
label_sorted,0,results_v3_lr0p01,results_v3_lr0p01,small_cnn,sgd,10,128,20000,0.01,0.9,0.0005,cuda,False,False,8,109,1208,0.9999972581863403
label_sorted,0,results_v3_lr0p01,results_v3_lr0p01,small_cnn,sgd,10,128,20000,0.01,0.9,0.0005,cuda,False,False,8,110,1209,0.4562380015850067
label_sorted,0,results_v3_lr0p01,results_v3_lr0p01,small_cnn,sgd,10,128,20000,0.01,0.9,0.0005,cuda,False,False,8,111,1210,0.8600579500198364
label_sorted,0,results_v3_lr0p01,results_v3_lr0p01,small_cnn,sgd,10,128,20000,0.01,0.9,0.0005,cuda,False,False,8,112,1211,0.9999691843986511
label_sorted,0,results_v3_lr0p01,results_v3_lr0p01,small_cnn,sgd,10,128,20000,0.01,0.9,0.0005,cuda,False,False,8,113,1212,0.9999726414680481
label_sorted,0,results_v3_lr0p01,results_v3_lr0p01,small_cnn,sgd,10,128,20000,0.01,0.9,0.0005,cuda,False,False,8,114,1213,0.9999760389328003
label_sorted,0,results_v3_lr0p01,results_v3_lr0p01,small_cnn,sgd,10,128,20000,0.01,0.9,0.0005,cuda,False,False,8,115,1214,0.9999792575836182
label_sorted,0,results_v3_lr0p01,results_v3_lr0p01,small_cnn,sgd,10,128,20000,0.01,0.9,0.0005,cuda,False,False,8,116,1215,0.9999822378158569
label_sorted,0,results_v3_lr0p01,results_v3_lr0p01,small_cnn,sgd,10,128,20000,0.01,0.9,0.0005,cuda,False,False,8,117,1216,0.9999850392341614
label_sorted,0,results_v3_lr0p01,results_v3_lr0p01,small_cnn,sgd,10,128,20000,0.01,0.9,0.0005,cuda,False,False,8,118,1217,0.9999876618385315
label_sorted,0,results_v3_lr0p01,results_v3_lr0p01,small_cnn,sgd,10,128,20000,0.01,0.9,0.0005,cuda,False,False,8,119,1218,0.9999897480010986
label_sorted,0,results_v3_lr0p01,results_v3_lr0p01,small_cnn,sgd,10,128,20000,0.01,0.9,0.0005,cuda,False,False,8,120,1219,0.9999915957450867
label_sorted,0,results_v3_lr0p01,results_v3_lr0p01,small_cnn,sgd,10,128,20000,0.01,0.9,0.0005,cuda,False,False,8,121,1220,0.9999932050704956
label_sorted,0,results_v3_lr0p01,results_v3_lr0p01,small_cnn,sgd,10,128,20000,0.01,0.9,0.0005,cuda,False,False,8,122,1221,0.9999945759773254
label_sorted,0,results_v3_lr0p01,results_v3_lr0p01,small_cnn,sgd,10,128,20000,0.01,0.9,0.0005,cuda,False,False,8,123,1222,0.999995768070221
label_sorted,0,results_v3_lr0p01,results_v3_lr0p01,small_cnn,sgd,10,128,20000,0.01,0.9,0.0005,cuda,False,False,8,124,1223,0.9999966621398926
label_sorted,0,results_v3_lr0p01,results_v3_lr0p01,small_cnn,sgd,10,128,20000,0.01,0.9,0.0005,cuda,False,False,8,125,1224,0.9999973773956299
label_sorted,0,results_v3_lr0p01,results_v3_lr0p01,small_cnn,sgd,10,128,20000,0.01,0.9,0.0005,cuda,False,False,8,126,1225,-0.05658538639545441
label_sorted,0,results_v3_lr0p01,results_v3_lr0p01,small_cnn,sgd,10,128,20000,0.01,0.9,0.0005,cuda,False,False,8,127,1226,0.9999669790267944
label_sorted,0,results_v3_lr0p01,results_v3_lr0p01,small_cnn,sgd,10,128,20000,0.01,0.9,0.0005,cuda,False,False,8,128,1227,0.9999704360961914
label_sorted,0,results_v3_lr0p01,results_v3_lr0p01,small_cnn,sgd,10,128,20000,0.01,0.9,0.0005,cuda,False,False,8,129,1228,0.9999740123748779
label_sorted,0,results_v3_lr0p01,results_v3_lr0p01,small_cnn,sgd,10,128,20000,0.01,0.9,0.0005,cuda,False,False,8,130,1229,0.9999774098396301
label_sorted,0,results_v3_lr0p01,results_v3_lr0p01,small_cnn,sgd,10,128,20000,0.01,0.9,0.0005,cuda,False,False,8,131,1230,0.9999805092811584
label_sorted,0,results_v3_lr0p01,results_v3_lr0p01,small_cnn,sgd,10,128,20000,0.01,0.9,0.0005,cuda,False,False,8,132,1231,0.9999834299087524
label_sorted,0,results_v3_lr0p01,results_v3_lr0p01,small_cnn,sgd,10,128,20000,0.01,0.9,0.0005,cuda,False,False,8,133,1232,0.9999860525131226
label_sorted,0,results_v3_lr0p01,results_v3_lr0p01,small_cnn,sgd,10,128,20000,0.01,0.9,0.0005,cuda,False,False,8,134,1233,0.9999884963035583
label_sorted,0,results_v3_lr0p01,results_v3_lr0p01,small_cnn,sgd,10,128,20000,0.01,0.9,0.0005,cuda,False,False,8,135,1234,0.9999905228614807
label_sorted,0,results_v3_lr0p01,results_v3_lr0p01,small_cnn,sgd,10,128,20000,0.01,0.9,0.0005,cuda,False,False,8,136,1235,0.9999922513961792
label_sorted,0,results_v3_lr0p01,results_v3_lr0p01,small_cnn,sgd,10,128,20000,0.01,0.9,0.0005,cuda,False,False,8,137,1236,0.999993622303009
label_sorted,0,results_v3_lr0p01,results_v3_lr0p01,small_cnn,sgd,10,128,20000,0.01,0.9,0.0005,cuda,False,False,8,138,1237,0.9999948740005493
label_sorted,0,results_v3_lr0p01,results_v3_lr0p01,small_cnn,sgd,10,128,20000,0.01,0.9,0.0005,cuda,False,False,8,139,1238,0.9999959468841553
label_sorted,0,results_v3_lr0p01,results_v3_lr0p01,small_cnn,sgd,10,128,20000,0.01,0.9,0.0005,cuda,False,False,8,140,1239,0.9999968409538269
label_sorted,0,results_v3_lr0p01,results_v3_lr0p01,small_cnn,sgd,10,128,20000,0.01,0.9,0.0005,cuda,False,False,8,141,1240,0.8364855051040649
label_sorted,0,results_v3_lr0p01,results_v3_lr0p01,small_cnn,sgd,10,128,20000,0.01,0.9,0.0005,cuda,False,False,8,142,1241,0.49625158309936523
label_sorted,0,results_v3_lr0p01,results_v3_lr0p01,small_cnn,sgd,10,128,20000,0.01,0.9,0.0005,cuda,False,False,8,143,1242,0.9999681711196899
label_sorted,0,results_v3_lr0p01,results_v3_lr0p01,small_cnn,sgd,10,128,20000,0.01,0.9,0.0005,cuda,False,False,8,144,1243,0.9999718070030212
label_sorted,0,results_v3_lr0p01,results_v3_lr0p01,small_cnn,sgd,10,128,20000,0.01,0.9,0.0005,cuda,False,False,8,145,1244,0.9999752044677734
label_sorted,0,results_v3_lr0p01,results_v3_lr0p01,small_cnn,sgd,10,128,20000,0.01,0.9,0.0005,cuda,False,False,8,146,1245,0.9999781847000122
label_sorted,0,results_v3_lr0p01,results_v3_lr0p01,small_cnn,sgd,10,128,20000,0.01,0.9,0.0005,cuda,False,False,8,147,1246,0.9999814033508301
label_sorted,0,results_v3_lr0p01,results_v3_lr0p01,small_cnn,sgd,10,128,20000,0.01,0.9,0.0005,cuda,False,False,8,148,1247,0.9999843835830688
label_sorted,0,results_v3_lr0p01,results_v3_lr0p01,small_cnn,sgd,10,128,20000,0.01,0.9,0.0005,cuda,False,False,8,149,1248,0.9999868869781494
label_sorted,0,results_v3_lr0p01,results_v3_lr0p01,small_cnn,sgd,10,128,20000,0.01,0.9,0.0005,cuda,False,False,8,150,1249,0.9999891519546509
label_sorted,0,results_v3_lr0p01,results_v3_lr0p01,small_cnn,sgd,10,128,20000,0.01,0.9,0.0005,cuda,False,False,8,151,1250,0.9999911189079285
label_sorted,0,results_v3_lr0p01,results_v3_lr0p01,small_cnn,sgd,10,128,20000,0.01,0.9,0.0005,cuda,False,False,8,152,1251,0.9999924898147583
label_sorted,0,results_v3_lr0p01,results_v3_lr0p01,small_cnn,sgd,10,128,20000,0.01,0.9,0.0005,cuda,False,False,8,153,1252,0.999994158744812
label_sorted,0,results_v3_lr0p01,results_v3_lr0p01,small_cnn,sgd,10,128,20000,0.01,0.9,0.0005,cuda,False,False,8,154,1253,0.9999953508377075
label_sorted,0,results_v3_lr0p01,results_v3_lr0p01,small_cnn,sgd,10,128,20000,0.01,0.9,0.0005,cuda,False,False,8,155,1254,0.9999964237213135
label_sorted,0,results_v3_lr0p01,results_v3_lr0p01,small_cnn,sgd,10,128,20000,0.01,0.9,0.0005,cuda,False,False,8,156,1255,0.9999966025352478
label_sorted,0,results_v3_lr0p01,results_v3_lr0p01,small_cnn,sgd,10,128,20000,0.01,0.9,0.0005,cuda,False,False,8,157,1256,0.9999971389770508
label_sorted,0,results_v3_lr0p01,results_v3_lr0p01,small_cnn,sgd,10,128,20000,0.01,0.9,0.0005,cuda,False,False,9,1,1257,-0.06609813868999481
label_sorted,0,results_v3_lr0p01,results_v3_lr0p01,small_cnn,sgd,10,128,20000,0.01,0.9,0.0005,cuda,False,False,9,2,1258,0.9999619126319885
label_sorted,0,results_v3_lr0p01,results_v3_lr0p01,small_cnn,sgd,10,128,20000,0.01,0.9,0.0005,cuda,False,False,9,3,1259,0.9999659657478333
label_sorted,0,results_v3_lr0p01,results_v3_lr0p01,small_cnn,sgd,10,128,20000,0.01,0.9,0.0005,cuda,False,False,9,4,1260,0.9999701976776123
label_sorted,0,results_v3_lr0p01,results_v3_lr0p01,small_cnn,sgd,10,128,20000,0.01,0.9,0.0005,cuda,False,False,9,5,1261,0.9999741315841675
label_sorted,0,results_v3_lr0p01,results_v3_lr0p01,small_cnn,sgd,10,128,20000,0.01,0.9,0.0005,cuda,False,False,9,6,1262,0.9999779462814331
label_sorted,0,results_v3_lr0p01,results_v3_lr0p01,small_cnn,sgd,10,128,20000,0.01,0.9,0.0005,cuda,False,False,9,7,1263,0.9999812841415405
label_sorted,0,results_v3_lr0p01,results_v3_lr0p01,small_cnn,sgd,10,128,20000,0.01,0.9,0.0005,cuda,False,False,9,8,1264,0.9999844431877136
label_sorted,0,results_v3_lr0p01,results_v3_lr0p01,small_cnn,sgd,10,128,20000,0.01,0.9,0.0005,cuda,False,False,9,9,1265,0.9999873042106628
label_sorted,0,results_v3_lr0p01,results_v3_lr0p01,small_cnn,sgd,10,128,20000,0.01,0.9,0.0005,cuda,False,False,9,10,1266,0.9999896287918091
label_sorted,0,results_v3_lr0p01,results_v3_lr0p01,small_cnn,sgd,10,128,20000,0.01,0.9,0.0005,cuda,False,False,9,11,1267,0.9999916553497314
label_sorted,0,results_v3_lr0p01,results_v3_lr0p01,small_cnn,sgd,10,128,20000,0.01,0.9,0.0005,cuda,False,False,9,12,1268,0.9999932050704956
label_sorted,0,results_v3_lr0p01,results_v3_lr0p01,small_cnn,sgd,10,128,20000,0.01,0.9,0.0005,cuda,False,False,9,13,1269,0.999994695186615
label_sorted,0,results_v3_lr0p01,results_v3_lr0p01,small_cnn,sgd,10,128,20000,0.01,0.9,0.0005,cuda,False,False,9,14,1270,0.9999958872795105
label_sorted,0,results_v3_lr0p01,results_v3_lr0p01,small_cnn,sgd,10,128,20000,0.01,0.9,0.0005,cuda,False,False,9,15,1271,0.9999967813491821
label_sorted,0,results_v3_lr0p01,results_v3_lr0p01,small_cnn,sgd,10,128,20000,0.01,0.9,0.0005,cuda,False,False,9,16,1272,0.8368898630142212
label_sorted,0,results_v3_lr0p01,results_v3_lr0p01,small_cnn,sgd,10,128,20000,0.01,0.9,0.0005,cuda,False,False,9,17,1273,0.4992091655731201
label_sorted,0,results_v3_lr0p01,results_v3_lr0p01,small_cnn,sgd,10,128,20000,0.01,0.9,0.0005,cuda,False,False,9,18,1274,0.9999687075614929
label_sorted,0,results_v3_lr0p01,results_v3_lr0p01,small_cnn,sgd,10,128,20000,0.01,0.9,0.0005,cuda,False,False,9,19,1275,0.9999720454216003
label_sorted,0,results_v3_lr0p01,results_v3_lr0p01,small_cnn,sgd,10,128,20000,0.01,0.9,0.0005,cuda,False,False,9,20,1276,0.9999755620956421
label_sorted,0,results_v3_lr0p01,results_v3_lr0p01,small_cnn,sgd,10,128,20000,0.01,0.9,0.0005,cuda,False,False,9,21,1277,0.99997878074646
label_sorted,0,results_v3_lr0p01,results_v3_lr0p01,small_cnn,sgd,10,128,20000,0.01,0.9,0.0005,cuda,False,False,9,22,1278,0.999981701374054
label_sorted,0,results_v3_lr0p01,results_v3_lr0p01,small_cnn,sgd,10,128,20000,0.01,0.9,0.0005,cuda,False,False,9,23,1279,0.9999845027923584
label_sorted,0,results_v3_lr0p01,results_v3_lr0p01,small_cnn,sgd,10,128,20000,0.01,0.9,0.0005,cuda,False,False,9,24,1280,0.999987006187439
label_sorted,0,results_v3_lr0p01,results_v3_lr0p01,small_cnn,sgd,10,128,20000,0.01,0.9,0.0005,cuda,False,False,9,25,1281,0.9999890923500061
label_sorted,0,results_v3_lr0p01,results_v3_lr0p01,small_cnn,sgd,10,128,20000,0.01,0.9,0.0005,cuda,False,False,9,26,1282,0.9999909400939941
label_sorted,0,results_v3_lr0p01,results_v3_lr0p01,small_cnn,sgd,10,128,20000,0.01,0.9,0.0005,cuda,False,False,9,27,1283,0.9999926090240479
label_sorted,0,results_v3_lr0p01,results_v3_lr0p01,small_cnn,sgd,10,128,20000,0.01,0.9,0.0005,cuda,False,False,9,28,1284,0.9999940991401672
label_sorted,0,results_v3_lr0p01,results_v3_lr0p01,small_cnn,sgd,10,128,20000,0.01,0.9,0.0005,cuda,False,False,9,29,1285,0.999995231628418
label_sorted,0,results_v3_lr0p01,results_v3_lr0p01,small_cnn,sgd,10,128,20000,0.01,0.9,0.0005,cuda,False,False,9,30,1286,0.9999961853027344
label_sorted,0,results_v3_lr0p01,results_v3_lr0p01,small_cnn,sgd,10,128,20000,0.01,0.9,0.0005,cuda,False,False,9,31,1287,0.999997079372406
label_sorted,0,results_v3_lr0p01,results_v3_lr0p01,small_cnn,sgd,10,128,20000,0.01,0.9,0.0005,cuda,False,False,9,32,1288,0.2528315484523773
label_sorted,0,results_v3_lr0p01,results_v3_lr0p01,small_cnn,sgd,10,128,20000,0.01,0.9,0.0005,cuda,False,False,9,33,1289,0.9502857327461243
label_sorted,0,results_v3_lr0p01,results_v3_lr0p01,small_cnn,sgd,10,128,20000,0.01,0.9,0.0005,cuda,False,False,9,34,1290,0.999969482421875
label_sorted,0,results_v3_lr0p01,results_v3_lr0p01,small_cnn,sgd,10,128,20000,0.01,0.9,0.0005,cuda,False,False,9,35,1291,0.9999728202819824
label_sorted,0,results_v3_lr0p01,results_v3_lr0p01,small_cnn,sgd,10,128,20000,0.01,0.9,0.0005,cuda,False,False,9,36,1292,0.9999762773513794
label_sorted,0,results_v3_lr0p01,results_v3_lr0p01,small_cnn,sgd,10,128,20000,0.01,0.9,0.0005,cuda,False,False,9,37,1293,0.9999794960021973
label_sorted,0,results_v3_lr0p01,results_v3_lr0p01,small_cnn,sgd,10,128,20000,0.01,0.9,0.0005,cuda,False,False,9,38,1294,0.999982476234436
label_sorted,0,results_v3_lr0p01,results_v3_lr0p01,small_cnn,sgd,10,128,20000,0.01,0.9,0.0005,cuda,False,False,9,39,1295,0.9999850392341614
label_sorted,0,results_v3_lr0p01,results_v3_lr0p01,small_cnn,sgd,10,128,20000,0.01,0.9,0.0005,cuda,False,False,9,40,1296,0.9999876022338867
label_sorted,0,results_v3_lr0p01,results_v3_lr0p01,small_cnn,sgd,10,128,20000,0.01,0.9,0.0005,cuda,False,False,9,41,1297,0.9999897480010986
label_sorted,0,results_v3_lr0p01,results_v3_lr0p01,small_cnn,sgd,10,128,20000,0.01,0.9,0.0005,cuda,False,False,9,42,1298,0.9999915361404419
label_sorted,0,results_v3_lr0p01,results_v3_lr0p01,small_cnn,sgd,10,128,20000,0.01,0.9,0.0005,cuda,False,False,9,43,1299,0.9999932646751404
label_sorted,0,results_v3_lr0p01,results_v3_lr0p01,small_cnn,sgd,10,128,20000,0.01,0.9,0.0005,cuda,False,False,9,44,1300,0.9999946355819702
label_sorted,0,results_v3_lr0p01,results_v3_lr0p01,small_cnn,sgd,10,128,20000,0.01,0.9,0.0005,cuda,False,False,9,45,1301,0.9999956488609314
label_sorted,0,results_v3_lr0p01,results_v3_lr0p01,small_cnn,sgd,10,128,20000,0.01,0.9,0.0005,cuda,False,False,9,46,1302,0.9999964833259583
label_sorted,0,results_v3_lr0p01,results_v3_lr0p01,small_cnn,sgd,10,128,20000,0.01,0.9,0.0005,cuda,False,False,9,47,1303,0.9886758327484131
label_sorted,0,results_v3_lr0p01,results_v3_lr0p01,small_cnn,sgd,10,128,20000,0.01,0.9,0.0005,cuda,False,False,9,48,1304,0.09340976178646088
label_sorted,0,results_v3_lr0p01,results_v3_lr0p01,small_cnn,sgd,10,128,20000,0.01,0.9,0.0005,cuda,False,False,9,49,1305,0.9999668002128601
label_sorted,0,results_v3_lr0p01,results_v3_lr0p01,small_cnn,sgd,10,128,20000,0.01,0.9,0.0005,cuda,False,False,9,50,1306,0.9999706745147705
label_sorted,0,results_v3_lr0p01,results_v3_lr0p01,small_cnn,sgd,10,128,20000,0.01,0.9,0.0005,cuda,False,False,9,51,1307,0.9999740719795227
label_sorted,0,results_v3_lr0p01,results_v3_lr0p01,small_cnn,sgd,10,128,20000,0.01,0.9,0.0005,cuda,False,False,9,52,1308,0.9999775886535645
label_sorted,0,results_v3_lr0p01,results_v3_lr0p01,small_cnn,sgd,10,128,20000,0.01,0.9,0.0005,cuda,False,False,9,53,1309,0.9999807476997375
label_sorted,0,results_v3_lr0p01,results_v3_lr0p01,small_cnn,sgd,10,128,20000,0.01,0.9,0.0005,cuda,False,False,9,54,1310,0.9999837279319763
label_sorted,0,results_v3_lr0p01,results_v3_lr0p01,small_cnn,sgd,10,128,20000,0.01,0.9,0.0005,cuda,False,False,9,55,1311,0.9999863505363464
label_sorted,0,results_v3_lr0p01,results_v3_lr0p01,small_cnn,sgd,10,128,20000,0.01,0.9,0.0005,cuda,False,False,9,56,1312,0.9999884366989136
label_sorted,0,results_v3_lr0p01,results_v3_lr0p01,small_cnn,sgd,10,128,20000,0.01,0.9,0.0005,cuda,False,False,9,57,1313,0.9999902248382568
label_sorted,0,results_v3_lr0p01,results_v3_lr0p01,small_cnn,sgd,10,128,20000,0.01,0.9,0.0005,cuda,False,False,9,58,1314,0.9999921321868896
label_sorted,0,results_v3_lr0p01,results_v3_lr0p01,small_cnn,sgd,10,128,20000,0.01,0.9,0.0005,cuda,False,False,9,59,1315,0.9999938011169434
label_sorted,0,results_v3_lr0p01,results_v3_lr0p01,small_cnn,sgd,10,128,20000,0.01,0.9,0.0005,cuda,False,False,9,60,1316,0.9999951124191284
label_sorted,0,results_v3_lr0p01,results_v3_lr0p01,small_cnn,sgd,10,128,20000,0.01,0.9,0.0005,cuda,False,False,9,61,1317,0.9999961853027344
label_sorted,0,results_v3_lr0p01,results_v3_lr0p01,small_cnn,sgd,10,128,20000,0.01,0.9,0.0005,cuda,False,False,9,62,1318,0.9999969601631165
label_sorted,0,results_v3_lr0p01,results_v3_lr0p01,small_cnn,sgd,10,128,20000,0.01,0.9,0.0005,cuda,False,False,9,63,1319,0.6659059524536133
label_sorted,0,results_v3_lr0p01,results_v3_lr0p01,small_cnn,sgd,10,128,20000,0.01,0.9,0.0005,cuda,False,False,9,64,1320,0.7044550776481628
label_sorted,0,results_v3_lr0p01,results_v3_lr0p01,small_cnn,sgd,10,128,20000,0.01,0.9,0.0005,cuda,False,False,9,65,1321,0.9999684691429138
label_sorted,0,results_v3_lr0p01,results_v3_lr0p01,small_cnn,sgd,10,128,20000,0.01,0.9,0.0005,cuda,False,False,9,66,1322,0.9999721050262451
label_sorted,0,results_v3_lr0p01,results_v3_lr0p01,small_cnn,sgd,10,128,20000,0.01,0.9,0.0005,cuda,False,False,9,67,1323,0.9999755024909973
label_sorted,0,results_v3_lr0p01,results_v3_lr0p01,small_cnn,sgd,10,128,20000,0.01,0.9,0.0005,cuda,False,False,9,68,1324,0.9999788999557495
label_sorted,0,results_v3_lr0p01,results_v3_lr0p01,small_cnn,sgd,10,128,20000,0.01,0.9,0.0005,cuda,False,False,9,69,1325,0.9999819397926331
label_sorted,0,results_v3_lr0p01,results_v3_lr0p01,small_cnn,sgd,10,128,20000,0.01,0.9,0.0005,cuda,False,False,9,70,1326,0.9999846816062927
label_sorted,0,results_v3_lr0p01,results_v3_lr0p01,small_cnn,sgd,10,128,20000,0.01,0.9,0.0005,cuda,False,False,9,71,1327,0.9999872446060181
label_sorted,0,results_v3_lr0p01,results_v3_lr0p01,small_cnn,sgd,10,128,20000,0.01,0.9,0.0005,cuda,False,False,9,72,1328,0.9999895095825195
label_sorted,0,results_v3_lr0p01,results_v3_lr0p01,small_cnn,sgd,10,128,20000,0.01,0.9,0.0005,cuda,False,False,9,73,1329,0.999991238117218
label_sorted,0,results_v3_lr0p01,results_v3_lr0p01,small_cnn,sgd,10,128,20000,0.01,0.9,0.0005,cuda,False,False,9,74,1330,0.9999929666519165
label_sorted,0,results_v3_lr0p01,results_v3_lr0p01,small_cnn,sgd,10,128,20000,0.01,0.9,0.0005,cuda,False,False,9,75,1331,0.9999943971633911
label_sorted,0,results_v3_lr0p01,results_v3_lr0p01,small_cnn,sgd,10,128,20000,0.01,0.9,0.0005,cuda,False,False,9,76,1332,0.9999956488609314
label_sorted,0,results_v3_lr0p01,results_v3_lr0p01,small_cnn,sgd,10,128,20000,0.01,0.9,0.0005,cuda,False,False,9,77,1333,0.9999962449073792
label_sorted,0,results_v3_lr0p01,results_v3_lr0p01,small_cnn,sgd,10,128,20000,0.01,0.9,0.0005,cuda,False,False,9,78,1334,0.9999969601631165
label_sorted,0,results_v3_lr0p01,results_v3_lr0p01,small_cnn,sgd,10,128,20000,0.01,0.9,0.0005,cuda,False,False,9,79,1335,0.07860063761472702
label_sorted,0,results_v3_lr0p01,results_v3_lr0p01,small_cnn,sgd,10,128,20000,0.01,0.9,0.0005,cuda,False,False,9,80,1336,0.9898871183395386
label_sorted,0,results_v3_lr0p01,results_v3_lr0p01,small_cnn,sgd,10,128,20000,0.01,0.9,0.0005,cuda,False,False,9,81,1337,0.999970018863678
label_sorted,0,results_v3_lr0p01,results_v3_lr0p01,small_cnn,sgd,10,128,20000,0.01,0.9,0.0005,cuda,False,False,9,82,1338,0.9999735355377197
label_sorted,0,results_v3_lr0p01,results_v3_lr0p01,small_cnn,sgd,10,128,20000,0.01,0.9,0.0005,cuda,False,False,9,83,1339,0.9999768137931824
label_sorted,0,results_v3_lr0p01,results_v3_lr0p01,small_cnn,sgd,10,128,20000,0.01,0.9,0.0005,cuda,False,False,9,84,1340,0.9999800324440002
label_sorted,0,results_v3_lr0p01,results_v3_lr0p01,small_cnn,sgd,10,128,20000,0.01,0.9,0.0005,cuda,False,False,9,85,1341,0.999983012676239
label_sorted,0,results_v3_lr0p01,results_v3_lr0p01,small_cnn,sgd,10,128,20000,0.01,0.9,0.0005,cuda,False,False,9,86,1342,0.9999858140945435
label_sorted,0,results_v3_lr0p01,results_v3_lr0p01,small_cnn,sgd,10,128,20000,0.01,0.9,0.0005,cuda,False,False,9,87,1343,0.9999881982803345
label_sorted,0,results_v3_lr0p01,results_v3_lr0p01,small_cnn,sgd,10,128,20000,0.01,0.9,0.0005,cuda,False,False,9,88,1344,0.9999903440475464
label_sorted,0,results_v3_lr0p01,results_v3_lr0p01,small_cnn,sgd,10,128,20000,0.01,0.9,0.0005,cuda,False,False,9,89,1345,0.9999920725822449
label_sorted,0,results_v3_lr0p01,results_v3_lr0p01,small_cnn,sgd,10,128,20000,0.01,0.9,0.0005,cuda,False,False,9,90,1346,0.9999935030937195
label_sorted,0,results_v3_lr0p01,results_v3_lr0p01,small_cnn,sgd,10,128,20000,0.01,0.9,0.0005,cuda,False,False,9,91,1347,0.9999948740005493
label_sorted,0,results_v3_lr0p01,results_v3_lr0p01,small_cnn,sgd,10,128,20000,0.01,0.9,0.0005,cuda,False,False,9,92,1348,0.9999960064888
label_sorted,0,results_v3_lr0p01,results_v3_lr0p01,small_cnn,sgd,10,128,20000,0.01,0.9,0.0005,cuda,False,False,9,93,1349,0.9999969005584717
label_sorted,0,results_v3_lr0p01,results_v3_lr0p01,small_cnn,sgd,10,128,20000,0.01,0.9,0.0005,cuda,False,False,9,94,1350,0.9413774013519287
label_sorted,0,results_v3_lr0p01,results_v3_lr0p01,small_cnn,sgd,10,128,20000,0.01,0.9,0.0005,cuda,False,False,9,95,1351,0.2815227806568146
label_sorted,0,results_v3_lr0p01,results_v3_lr0p01,small_cnn,sgd,10,128,20000,0.01,0.9,0.0005,cuda,False,False,9,96,1352,0.9999676942825317
label_sorted,0,results_v3_lr0p01,results_v3_lr0p01,small_cnn,sgd,10,128,20000,0.01,0.9,0.0005,cuda,False,False,9,97,1353,0.9999712109565735
label_sorted,0,results_v3_lr0p01,results_v3_lr0p01,small_cnn,sgd,10,128,20000,0.01,0.9,0.0005,cuda,False,False,9,98,1354,0.9999747276306152
label_sorted,0,results_v3_lr0p01,results_v3_lr0p01,small_cnn,sgd,10,128,20000,0.01,0.9,0.0005,cuda,False,False,9,99,1355,0.9999780654907227
label_sorted,0,results_v3_lr0p01,results_v3_lr0p01,small_cnn,sgd,10,128,20000,0.01,0.9,0.0005,cuda,False,False,9,100,1356,0.9999812841415405
label_sorted,0,results_v3_lr0p01,results_v3_lr0p01,small_cnn,sgd,10,128,20000,0.01,0.9,0.0005,cuda,False,False,9,101,1357,0.999984085559845
label_sorted,0,results_v3_lr0p01,results_v3_lr0p01,small_cnn,sgd,10,128,20000,0.01,0.9,0.0005,cuda,False,False,9,102,1358,0.9999867081642151
label_sorted,0,results_v3_lr0p01,results_v3_lr0p01,small_cnn,sgd,10,128,20000,0.01,0.9,0.0005,cuda,False,False,9,103,1359,0.9999889135360718
label_sorted,0,results_v3_lr0p01,results_v3_lr0p01,small_cnn,sgd,10,128,20000,0.01,0.9,0.0005,cuda,False,False,9,104,1360,0.9999908804893494
label_sorted,0,results_v3_lr0p01,results_v3_lr0p01,small_cnn,sgd,10,128,20000,0.01,0.9,0.0005,cuda,False,False,9,105,1361,0.9999926090240479
label_sorted,0,results_v3_lr0p01,results_v3_lr0p01,small_cnn,sgd,10,128,20000,0.01,0.9,0.0005,cuda,False,False,9,106,1362,0.9999940395355225
label_sorted,0,results_v3_lr0p01,results_v3_lr0p01,small_cnn,sgd,10,128,20000,0.01,0.9,0.0005,cuda,False,False,9,107,1363,0.9999952912330627
label_sorted,0,results_v3_lr0p01,results_v3_lr0p01,small_cnn,sgd,10,128,20000,0.01,0.9,0.0005,cuda,False,False,9,108,1364,0.9999963045120239
label_sorted,0,results_v3_lr0p01,results_v3_lr0p01,small_cnn,sgd,10,128,20000,0.01,0.9,0.0005,cuda,False,False,9,109,1365,0.9999970197677612
label_sorted,0,results_v3_lr0p01,results_v3_lr0p01,small_cnn,sgd,10,128,20000,0.01,0.9,0.0005,cuda,False,False,9,110,1366,0.4561510384082794
label_sorted,0,results_v3_lr0p01,results_v3_lr0p01,small_cnn,sgd,10,128,20000,0.01,0.9,0.0005,cuda,False,False,9,111,1367,0.8600412011146545
label_sorted,0,results_v3_lr0p01,results_v3_lr0p01,small_cnn,sgd,10,128,20000,0.01,0.9,0.0005,cuda,False,False,9,112,1368,0.9999691247940063
label_sorted,0,results_v3_lr0p01,results_v3_lr0p01,small_cnn,sgd,10,128,20000,0.01,0.9,0.0005,cuda,False,False,9,113,1369,0.9999726414680481
label_sorted,0,results_v3_lr0p01,results_v3_lr0p01,small_cnn,sgd,10,128,20000,0.01,0.9,0.0005,cuda,False,False,9,114,1370,0.9999760389328003
label_sorted,0,results_v3_lr0p01,results_v3_lr0p01,small_cnn,sgd,10,128,20000,0.01,0.9,0.0005,cuda,False,False,9,115,1371,0.9999792575836182
label_sorted,0,results_v3_lr0p01,results_v3_lr0p01,small_cnn,sgd,10,128,20000,0.01,0.9,0.0005,cuda,False,False,9,116,1372,0.9999823570251465
label_sorted,0,results_v3_lr0p01,results_v3_lr0p01,small_cnn,sgd,10,128,20000,0.01,0.9,0.0005,cuda,False,False,9,117,1373,0.9999852180480957
label_sorted,0,results_v3_lr0p01,results_v3_lr0p01,small_cnn,sgd,10,128,20000,0.01,0.9,0.0005,cuda,False,False,9,118,1374,0.9999876022338867
label_sorted,0,results_v3_lr0p01,results_v3_lr0p01,small_cnn,sgd,10,128,20000,0.01,0.9,0.0005,cuda,False,False,9,119,1375,0.9999898076057434
label_sorted,0,results_v3_lr0p01,results_v3_lr0p01,small_cnn,sgd,10,128,20000,0.01,0.9,0.0005,cuda,False,False,9,120,1376,0.9999915957450867
label_sorted,0,results_v3_lr0p01,results_v3_lr0p01,small_cnn,sgd,10,128,20000,0.01,0.9,0.0005,cuda,False,False,9,121,1377,0.9999931454658508
label_sorted,0,results_v3_lr0p01,results_v3_lr0p01,small_cnn,sgd,10,128,20000,0.01,0.9,0.0005,cuda,False,False,9,122,1378,0.9999944567680359
label_sorted,0,results_v3_lr0p01,results_v3_lr0p01,small_cnn,sgd,10,128,20000,0.01,0.9,0.0005,cuda,False,False,9,123,1379,0.9999955892562866
label_sorted,0,results_v3_lr0p01,results_v3_lr0p01,small_cnn,sgd,10,128,20000,0.01,0.9,0.0005,cuda,False,False,9,124,1380,0.9999966025352478
label_sorted,0,results_v3_lr0p01,results_v3_lr0p01,small_cnn,sgd,10,128,20000,0.01,0.9,0.0005,cuda,False,False,9,125,1381,0.9999973773956299
label_sorted,0,results_v3_lr0p01,results_v3_lr0p01,small_cnn,sgd,10,128,20000,0.01,0.9,0.0005,cuda,False,False,9,126,1382,-0.056883543729782104
label_sorted,0,results_v3_lr0p01,results_v3_lr0p01,small_cnn,sgd,10,128,20000,0.01,0.9,0.0005,cuda,False,False,9,127,1383,0.9999669790267944
label_sorted,0,results_v3_lr0p01,results_v3_lr0p01,small_cnn,sgd,10,128,20000,0.01,0.9,0.0005,cuda,False,False,9,128,1384,0.9999704360961914
label_sorted,0,results_v3_lr0p01,results_v3_lr0p01,small_cnn,sgd,10,128,20000,0.01,0.9,0.0005,cuda,False,False,9,129,1385,0.9999738931655884
label_sorted,0,results_v3_lr0p01,results_v3_lr0p01,small_cnn,sgd,10,128,20000,0.01,0.9,0.0005,cuda,False,False,9,130,1386,0.9999773502349854
label_sorted,0,results_v3_lr0p01,results_v3_lr0p01,small_cnn,sgd,10,128,20000,0.01,0.9,0.0005,cuda,False,False,9,131,1387,0.9999804496765137
label_sorted,0,results_v3_lr0p01,results_v3_lr0p01,small_cnn,sgd,10,128,20000,0.01,0.9,0.0005,cuda,False,False,9,132,1388,0.9999834299087524
label_sorted,0,results_v3_lr0p01,results_v3_lr0p01,small_cnn,sgd,10,128,20000,0.01,0.9,0.0005,cuda,False,False,9,133,1389,0.9999860525131226
label_sorted,0,results_v3_lr0p01,results_v3_lr0p01,small_cnn,sgd,10,128,20000,0.01,0.9,0.0005,cuda,False,False,9,134,1390,0.9999885559082031
label_sorted,0,results_v3_lr0p01,results_v3_lr0p01,small_cnn,sgd,10,128,20000,0.01,0.9,0.0005,cuda,False,False,9,135,1391,0.9999905228614807
label_sorted,0,results_v3_lr0p01,results_v3_lr0p01,small_cnn,sgd,10,128,20000,0.01,0.9,0.0005,cuda,False,False,9,136,1392,0.9999921917915344
label_sorted,0,results_v3_lr0p01,results_v3_lr0p01,small_cnn,sgd,10,128,20000,0.01,0.9,0.0005,cuda,False,False,9,137,1393,0.9999936819076538
label_sorted,0,results_v3_lr0p01,results_v3_lr0p01,small_cnn,sgd,10,128,20000,0.01,0.9,0.0005,cuda,False,False,9,138,1394,0.9999949932098389
label_sorted,0,results_v3_lr0p01,results_v3_lr0p01,small_cnn,sgd,10,128,20000,0.01,0.9,0.0005,cuda,False,False,9,139,1395,0.9999960660934448
label_sorted,0,results_v3_lr0p01,results_v3_lr0p01,small_cnn,sgd,10,128,20000,0.01,0.9,0.0005,cuda,False,False,9,140,1396,0.9999968409538269
label_sorted,0,results_v3_lr0p01,results_v3_lr0p01,small_cnn,sgd,10,128,20000,0.01,0.9,0.0005,cuda,False,False,9,141,1397,0.8363467454910278
label_sorted,0,results_v3_lr0p01,results_v3_lr0p01,small_cnn,sgd,10,128,20000,0.01,0.9,0.0005,cuda,False,False,9,142,1398,0.4961150288581848
label_sorted,0,results_v3_lr0p01,results_v3_lr0p01,small_cnn,sgd,10,128,20000,0.01,0.9,0.0005,cuda,False,False,9,143,1399,0.9999679923057556
label_sorted,0,results_v3_lr0p01,results_v3_lr0p01,small_cnn,sgd,10,128,20000,0.01,0.9,0.0005,cuda,False,False,9,144,1400,0.9999715685844421
label_sorted,0,results_v3_lr0p01,results_v3_lr0p01,small_cnn,sgd,10,128,20000,0.01,0.9,0.0005,cuda,False,False,9,145,1401,0.9999750256538391
label_sorted,0,results_v3_lr0p01,results_v3_lr0p01,small_cnn,sgd,10,128,20000,0.01,0.9,0.0005,cuda,False,False,9,146,1402,0.9999781250953674
label_sorted,0,results_v3_lr0p01,results_v3_lr0p01,small_cnn,sgd,10,128,20000,0.01,0.9,0.0005,cuda,False,False,9,147,1403,0.9999814629554749
label_sorted,0,results_v3_lr0p01,results_v3_lr0p01,small_cnn,sgd,10,128,20000,0.01,0.9,0.0005,cuda,False,False,9,148,1404,0.9999843835830688
label_sorted,0,results_v3_lr0p01,results_v3_lr0p01,small_cnn,sgd,10,128,20000,0.01,0.9,0.0005,cuda,False,False,9,149,1405,0.9999868869781494
label_sorted,0,results_v3_lr0p01,results_v3_lr0p01,small_cnn,sgd,10,128,20000,0.01,0.9,0.0005,cuda,False,False,9,150,1406,0.9999889731407166
label_sorted,0,results_v3_lr0p01,results_v3_lr0p01,small_cnn,sgd,10,128,20000,0.01,0.9,0.0005,cuda,False,False,9,151,1407,0.9999909996986389
label_sorted,0,results_v3_lr0p01,results_v3_lr0p01,small_cnn,sgd,10,128,20000,0.01,0.9,0.0005,cuda,False,False,9,152,1408,0.9999924898147583
label_sorted,0,results_v3_lr0p01,results_v3_lr0p01,small_cnn,sgd,10,128,20000,0.01,0.9,0.0005,cuda,False,False,9,153,1409,0.999994158744812
label_sorted,0,results_v3_lr0p01,results_v3_lr0p01,small_cnn,sgd,10,128,20000,0.01,0.9,0.0005,cuda,False,False,9,154,1410,0.999995231628418
label_sorted,0,results_v3_lr0p01,results_v3_lr0p01,small_cnn,sgd,10,128,20000,0.01,0.9,0.0005,cuda,False,False,9,155,1411,0.9999963045120239
label_sorted,0,results_v3_lr0p01,results_v3_lr0p01,small_cnn,sgd,10,128,20000,0.01,0.9,0.0005,cuda,False,False,9,156,1412,0.9999967217445374
label_sorted,0,results_v3_lr0p01,results_v3_lr0p01,small_cnn,sgd,10,128,20000,0.01,0.9,0.0005,cuda,False,False,9,157,1413,0.9999973773956299
label_sorted,0,results_v3_lr0p01,results_v3_lr0p01,small_cnn,sgd,10,128,20000,0.01,0.9,0.0005,cuda,False,False,10,1,1414,-0.0661521926522255
label_sorted,0,results_v3_lr0p01,results_v3_lr0p01,small_cnn,sgd,10,128,20000,0.01,0.9,0.0005,cuda,False,False,10,2,1415,0.9999619126319885
label_sorted,0,results_v3_lr0p01,results_v3_lr0p01,small_cnn,sgd,10,128,20000,0.01,0.9,0.0005,cuda,False,False,10,3,1416,0.999966025352478
label_sorted,0,results_v3_lr0p01,results_v3_lr0p01,small_cnn,sgd,10,128,20000,0.01,0.9,0.0005,cuda,False,False,10,4,1417,0.9999701976776123
label_sorted,0,results_v3_lr0p01,results_v3_lr0p01,small_cnn,sgd,10,128,20000,0.01,0.9,0.0005,cuda,False,False,10,5,1418,0.999974250793457
label_sorted,0,results_v3_lr0p01,results_v3_lr0p01,small_cnn,sgd,10,128,20000,0.01,0.9,0.0005,cuda,False,False,10,6,1419,0.9999778866767883
label_sorted,0,results_v3_lr0p01,results_v3_lr0p01,small_cnn,sgd,10,128,20000,0.01,0.9,0.0005,cuda,False,False,10,7,1420,0.9999813437461853
label_sorted,0,results_v3_lr0p01,results_v3_lr0p01,small_cnn,sgd,10,128,20000,0.01,0.9,0.0005,cuda,False,False,10,8,1421,0.9999843835830688
label_sorted,0,results_v3_lr0p01,results_v3_lr0p01,small_cnn,sgd,10,128,20000,0.01,0.9,0.0005,cuda,False,False,10,9,1422,0.9999871253967285
label_sorted,0,results_v3_lr0p01,results_v3_lr0p01,small_cnn,sgd,10,128,20000,0.01,0.9,0.0005,cuda,False,False,10,10,1423,0.9999896883964539
label_sorted,0,results_v3_lr0p01,results_v3_lr0p01,small_cnn,sgd,10,128,20000,0.01,0.9,0.0005,cuda,False,False,10,11,1424,0.9999916553497314
label_sorted,0,results_v3_lr0p01,results_v3_lr0p01,small_cnn,sgd,10,128,20000,0.01,0.9,0.0005,cuda,False,False,10,12,1425,0.9999932646751404
label_sorted,0,results_v3_lr0p01,results_v3_lr0p01,small_cnn,sgd,10,128,20000,0.01,0.9,0.0005,cuda,False,False,10,13,1426,0.9999948740005493
label_sorted,0,results_v3_lr0p01,results_v3_lr0p01,small_cnn,sgd,10,128,20000,0.01,0.9,0.0005,cuda,False,False,10,14,1427,0.9999960064888
label_sorted,0,results_v3_lr0p01,results_v3_lr0p01,small_cnn,sgd,10,128,20000,0.01,0.9,0.0005,cuda,False,False,10,15,1428,0.9999968409538269
label_sorted,0,results_v3_lr0p01,results_v3_lr0p01,small_cnn,sgd,10,128,20000,0.01,0.9,0.0005,cuda,False,False,10,16,1429,0.8368541598320007
label_sorted,0,results_v3_lr0p01,results_v3_lr0p01,small_cnn,sgd,10,128,20000,0.01,0.9,0.0005,cuda,False,False,10,17,1430,0.4992680251598358
label_sorted,0,results_v3_lr0p01,results_v3_lr0p01,small_cnn,sgd,10,128,20000,0.01,0.9,0.0005,cuda,False,False,10,18,1431,0.9999686479568481
label_sorted,0,results_v3_lr0p01,results_v3_lr0p01,small_cnn,sgd,10,128,20000,0.01,0.9,0.0005,cuda,False,False,10,19,1432,0.9999721050262451
label_sorted,0,results_v3_lr0p01,results_v3_lr0p01,small_cnn,sgd,10,128,20000,0.01,0.9,0.0005,cuda,False,False,10,20,1433,0.9999755024909973
label_sorted,0,results_v3_lr0p01,results_v3_lr0p01,small_cnn,sgd,10,128,20000,0.01,0.9,0.0005,cuda,False,False,10,21,1434,0.99997878074646
label_sorted,0,results_v3_lr0p01,results_v3_lr0p01,small_cnn,sgd,10,128,20000,0.01,0.9,0.0005,cuda,False,False,10,22,1435,0.999981701374054
label_sorted,0,results_v3_lr0p01,results_v3_lr0p01,small_cnn,sgd,10,128,20000,0.01,0.9,0.0005,cuda,False,False,10,23,1436,0.9999844431877136
label_sorted,0,results_v3_lr0p01,results_v3_lr0p01,small_cnn,sgd,10,128,20000,0.01,0.9,0.0005,cuda,False,False,10,24,1437,0.999987006187439
label_sorted,0,results_v3_lr0p01,results_v3_lr0p01,small_cnn,sgd,10,128,20000,0.01,0.9,0.0005,cuda,False,False,10,25,1438,0.9999891519546509
label_sorted,0,results_v3_lr0p01,results_v3_lr0p01,small_cnn,sgd,10,128,20000,0.01,0.9,0.0005,cuda,False,False,10,26,1439,0.9999910593032837
label_sorted,0,results_v3_lr0p01,results_v3_lr0p01,small_cnn,sgd,10,128,20000,0.01,0.9,0.0005,cuda,False,False,10,27,1440,0.9999927282333374
label_sorted,0,results_v3_lr0p01,results_v3_lr0p01,small_cnn,sgd,10,128,20000,0.01,0.9,0.0005,cuda,False,False,10,28,1441,0.9999940395355225
label_sorted,0,results_v3_lr0p01,results_v3_lr0p01,small_cnn,sgd,10,128,20000,0.01,0.9,0.0005,cuda,False,False,10,29,1442,0.9999951124191284
label_sorted,0,results_v3_lr0p01,results_v3_lr0p01,small_cnn,sgd,10,128,20000,0.01,0.9,0.0005,cuda,False,False,10,30,1443,0.9999961853027344
label_sorted,0,results_v3_lr0p01,results_v3_lr0p01,small_cnn,sgd,10,128,20000,0.01,0.9,0.0005,cuda,False,False,10,31,1444,0.9999970197677612
label_sorted,0,results_v3_lr0p01,results_v3_lr0p01,small_cnn,sgd,10,128,20000,0.01,0.9,0.0005,cuda,False,False,10,32,1445,0.2530220150947571
label_sorted,0,results_v3_lr0p01,results_v3_lr0p01,small_cnn,sgd,10,128,20000,0.01,0.9,0.0005,cuda,False,False,10,33,1446,0.9502882361412048
label_sorted,0,results_v3_lr0p01,results_v3_lr0p01,small_cnn,sgd,10,128,20000,0.01,0.9,0.0005,cuda,False,False,10,34,1447,0.9999693036079407
label_sorted,0,results_v3_lr0p01,results_v3_lr0p01,small_cnn,sgd,10,128,20000,0.01,0.9,0.0005,cuda,False,False,10,35,1448,0.9999727010726929
label_sorted,0,results_v3_lr0p01,results_v3_lr0p01,small_cnn,sgd,10,128,20000,0.01,0.9,0.0005,cuda,False,False,10,36,1449,0.9999761581420898
label_sorted,0,results_v3_lr0p01,results_v3_lr0p01,small_cnn,sgd,10,128,20000,0.01,0.9,0.0005,cuda,False,False,10,37,1450,0.9999793767929077
label_sorted,0,results_v3_lr0p01,results_v3_lr0p01,small_cnn,sgd,10,128,20000,0.01,0.9,0.0005,cuda,False,False,10,38,1451,0.999982476234436
label_sorted,0,results_v3_lr0p01,results_v3_lr0p01,small_cnn,sgd,10,128,20000,0.01,0.9,0.0005,cuda,False,False,10,39,1452,0.9999850392341614
label_sorted,0,results_v3_lr0p01,results_v3_lr0p01,small_cnn,sgd,10,128,20000,0.01,0.9,0.0005,cuda,False,False,10,40,1453,0.9999875426292419
label_sorted,0,results_v3_lr0p01,results_v3_lr0p01,small_cnn,sgd,10,128,20000,0.01,0.9,0.0005,cuda,False,False,10,41,1454,0.9999895691871643
label_sorted,0,results_v3_lr0p01,results_v3_lr0p01,small_cnn,sgd,10,128,20000,0.01,0.9,0.0005,cuda,False,False,10,42,1455,0.9999914765357971
label_sorted,0,results_v3_lr0p01,results_v3_lr0p01,small_cnn,sgd,10,128,20000,0.01,0.9,0.0005,cuda,False,False,10,43,1456,0.9999932050704956
label_sorted,0,results_v3_lr0p01,results_v3_lr0p01,small_cnn,sgd,10,128,20000,0.01,0.9,0.0005,cuda,False,False,10,44,1457,0.9999945163726807
label_sorted,0,results_v3_lr0p01,results_v3_lr0p01,small_cnn,sgd,10,128,20000,0.01,0.9,0.0005,cuda,False,False,10,45,1458,0.9999955892562866
label_sorted,0,results_v3_lr0p01,results_v3_lr0p01,small_cnn,sgd,10,128,20000,0.01,0.9,0.0005,cuda,False,False,10,46,1459,0.9999963641166687
label_sorted,0,results_v3_lr0p01,results_v3_lr0p01,small_cnn,sgd,10,128,20000,0.01,0.9,0.0005,cuda,False,False,10,47,1460,0.9886773228645325
label_sorted,0,results_v3_lr0p01,results_v3_lr0p01,small_cnn,sgd,10,128,20000,0.01,0.9,0.0005,cuda,False,False,10,48,1461,0.09356025606393814
label_sorted,0,results_v3_lr0p01,results_v3_lr0p01,small_cnn,sgd,10,128,20000,0.01,0.9,0.0005,cuda,False,False,10,49,1462,0.9999666810035706
label_sorted,0,results_v3_lr0p01,results_v3_lr0p01,small_cnn,sgd,10,128,20000,0.01,0.9,0.0005,cuda,False,False,10,50,1463,0.999970555305481
label_sorted,0,results_v3_lr0p01,results_v3_lr0p01,small_cnn,sgd,10,128,20000,0.01,0.9,0.0005,cuda,False,False,10,51,1464,0.9999740719795227
label_sorted,0,results_v3_lr0p01,results_v3_lr0p01,small_cnn,sgd,10,128,20000,0.01,0.9,0.0005,cuda,False,False,10,52,1465,0.9999775886535645
label_sorted,0,results_v3_lr0p01,results_v3_lr0p01,small_cnn,sgd,10,128,20000,0.01,0.9,0.0005,cuda,False,False,10,53,1466,0.9999807476997375
label_sorted,0,results_v3_lr0p01,results_v3_lr0p01,small_cnn,sgd,10,128,20000,0.01,0.9,0.0005,cuda,False,False,10,54,1467,0.999983549118042
label_sorted,0,results_v3_lr0p01,results_v3_lr0p01,small_cnn,sgd,10,128,20000,0.01,0.9,0.0005,cuda,False,False,10,55,1468,0.9999862313270569
label_sorted,0,results_v3_lr0p01,results_v3_lr0p01,small_cnn,sgd,10,128,20000,0.01,0.9,0.0005,cuda,False,False,10,56,1469,0.9999883770942688
label_sorted,0,results_v3_lr0p01,results_v3_lr0p01,small_cnn,sgd,10,128,20000,0.01,0.9,0.0005,cuda,False,False,10,57,1470,0.9999903440475464
label_sorted,0,results_v3_lr0p01,results_v3_lr0p01,small_cnn,sgd,10,128,20000,0.01,0.9,0.0005,cuda,False,False,10,58,1471,0.9999922513961792
label_sorted,0,results_v3_lr0p01,results_v3_lr0p01,small_cnn,sgd,10,128,20000,0.01,0.9,0.0005,cuda,False,False,10,59,1472,0.999993622303009
label_sorted,0,results_v3_lr0p01,results_v3_lr0p01,small_cnn,sgd,10,128,20000,0.01,0.9,0.0005,cuda,False,False,10,60,1473,0.9999947547912598
label_sorted,0,results_v3_lr0p01,results_v3_lr0p01,small_cnn,sgd,10,128,20000,0.01,0.9,0.0005,cuda,False,False,10,61,1474,0.9999961256980896
label_sorted,0,results_v3_lr0p01,results_v3_lr0p01,small_cnn,sgd,10,128,20000,0.01,0.9,0.0005,cuda,False,False,10,62,1475,0.9999969601631165
label_sorted,0,results_v3_lr0p01,results_v3_lr0p01,small_cnn,sgd,10,128,20000,0.01,0.9,0.0005,cuda,False,False,10,63,1476,0.6659620404243469
label_sorted,0,results_v3_lr0p01,results_v3_lr0p01,small_cnn,sgd,10,128,20000,0.01,0.9,0.0005,cuda,False,False,10,64,1477,0.7044620513916016
label_sorted,0,results_v3_lr0p01,results_v3_lr0p01,small_cnn,sgd,10,128,20000,0.01,0.9,0.0005,cuda,False,False,10,65,1478,0.9999685287475586
label_sorted,0,results_v3_lr0p01,results_v3_lr0p01,small_cnn,sgd,10,128,20000,0.01,0.9,0.0005,cuda,False,False,10,66,1479,0.9999720454216003
label_sorted,0,results_v3_lr0p01,results_v3_lr0p01,small_cnn,sgd,10,128,20000,0.01,0.9,0.0005,cuda,False,False,10,67,1480,0.9999755024909973
label_sorted,0,results_v3_lr0p01,results_v3_lr0p01,small_cnn,sgd,10,128,20000,0.01,0.9,0.0005,cuda,False,False,10,68,1481,0.9999788999557495
label_sorted,0,results_v3_lr0p01,results_v3_lr0p01,small_cnn,sgd,10,128,20000,0.01,0.9,0.0005,cuda,False,False,10,69,1482,0.9999820590019226
label_sorted,0,results_v3_lr0p01,results_v3_lr0p01,small_cnn,sgd,10,128,20000,0.01,0.9,0.0005,cuda,False,False,10,70,1483,0.9999848008155823
label_sorted,0,results_v3_lr0p01,results_v3_lr0p01,small_cnn,sgd,10,128,20000,0.01,0.9,0.0005,cuda,False,False,10,71,1484,0.9999872446060181
label_sorted,0,results_v3_lr0p01,results_v3_lr0p01,small_cnn,sgd,10,128,20000,0.01,0.9,0.0005,cuda,False,False,10,72,1485,0.99998939037323
label_sorted,0,results_v3_lr0p01,results_v3_lr0p01,small_cnn,sgd,10,128,20000,0.01,0.9,0.0005,cuda,False,False,10,73,1486,0.9999914765357971
label_sorted,0,results_v3_lr0p01,results_v3_lr0p01,small_cnn,sgd,10,128,20000,0.01,0.9,0.0005,cuda,False,False,10,74,1487,0.9999927282333374
label_sorted,0,results_v3_lr0p01,results_v3_lr0p01,small_cnn,sgd,10,128,20000,0.01,0.9,0.0005,cuda,False,False,10,75,1488,0.999994158744812
label_sorted,0,results_v3_lr0p01,results_v3_lr0p01,small_cnn,sgd,10,128,20000,0.01,0.9,0.0005,cuda,False,False,10,76,1489,0.9999955892562866
label_sorted,0,results_v3_lr0p01,results_v3_lr0p01,small_cnn,sgd,10,128,20000,0.01,0.9,0.0005,cuda,False,False,10,77,1490,0.9999961853027344
label_sorted,0,results_v3_lr0p01,results_v3_lr0p01,small_cnn,sgd,10,128,20000,0.01,0.9,0.0005,cuda,False,False,10,78,1491,0.9999969601631165
label_sorted,0,results_v3_lr0p01,results_v3_lr0p01,small_cnn,sgd,10,128,20000,0.01,0.9,0.0005,cuda,False,False,10,79,1492,0.07861123979091644
label_sorted,0,results_v3_lr0p01,results_v3_lr0p01,small_cnn,sgd,10,128,20000,0.01,0.9,0.0005,cuda,False,False,10,80,1493,0.989886999130249
label_sorted,0,results_v3_lr0p01,results_v3_lr0p01,small_cnn,sgd,10,128,20000,0.01,0.9,0.0005,cuda,False,False,10,81,1494,0.9999699592590332
label_sorted,0,results_v3_lr0p01,results_v3_lr0p01,small_cnn,sgd,10,128,20000,0.01,0.9,0.0005,cuda,False,False,10,82,1495,0.9999735355377197
label_sorted,0,results_v3_lr0p01,results_v3_lr0p01,small_cnn,sgd,10,128,20000,0.01,0.9,0.0005,cuda,False,False,10,83,1496,0.9999769926071167
label_sorted,0,results_v3_lr0p01,results_v3_lr0p01,small_cnn,sgd,10,128,20000,0.01,0.9,0.0005,cuda,False,False,10,84,1497,0.9999800324440002
label_sorted,0,results_v3_lr0p01,results_v3_lr0p01,small_cnn,sgd,10,128,20000,0.01,0.9,0.0005,cuda,False,False,10,85,1498,0.9999830722808838
label_sorted,0,results_v3_lr0p01,results_v3_lr0p01,small_cnn,sgd,10,128,20000,0.01,0.9,0.0005,cuda,False,False,10,86,1499,0.9999857544898987
label_sorted,0,results_v3_lr0p01,results_v3_lr0p01,small_cnn,sgd,10,128,20000,0.01,0.9,0.0005,cuda,False,False,10,87,1500,0.9999880790710449
label_sorted,0,results_v3_lr0p01,results_v3_lr0p01,small_cnn,sgd,10,128,20000,0.01,0.9,0.0005,cuda,False,False,10,88,1501,0.9999902248382568
label_sorted,0,results_v3_lr0p01,results_v3_lr0p01,small_cnn,sgd,10,128,20000,0.01,0.9,0.0005,cuda,False,False,10,89,1502,0.9999920725822449
label_sorted,0,results_v3_lr0p01,results_v3_lr0p01,small_cnn,sgd,10,128,20000,0.01,0.9,0.0005,cuda,False,False,10,90,1503,0.9999935626983643
label_sorted,0,results_v3_lr0p01,results_v3_lr0p01,small_cnn,sgd,10,128,20000,0.01,0.9,0.0005,cuda,False,False,10,91,1504,0.9999949336051941
label_sorted,0,results_v3_lr0p01,results_v3_lr0p01,small_cnn,sgd,10,128,20000,0.01,0.9,0.0005,cuda,False,False,10,92,1505,0.9999960064888
label_sorted,0,results_v3_lr0p01,results_v3_lr0p01,small_cnn,sgd,10,128,20000,0.01,0.9,0.0005,cuda,False,False,10,93,1506,0.9999969005584717
label_sorted,0,results_v3_lr0p01,results_v3_lr0p01,small_cnn,sgd,10,128,20000,0.01,0.9,0.0005,cuda,False,False,10,94,1507,0.9413779377937317
label_sorted,0,results_v3_lr0p01,results_v3_lr0p01,small_cnn,sgd,10,128,20000,0.01,0.9,0.0005,cuda,False,False,10,95,1508,0.28150466084480286
label_sorted,0,results_v3_lr0p01,results_v3_lr0p01,small_cnn,sgd,10,128,20000,0.01,0.9,0.0005,cuda,False,False,10,96,1509,0.9999675750732422
label_sorted,0,results_v3_lr0p01,results_v3_lr0p01,small_cnn,sgd,10,128,20000,0.01,0.9,0.0005,cuda,False,False,10,97,1510,0.9999712705612183
label_sorted,0,results_v3_lr0p01,results_v3_lr0p01,small_cnn,sgd,10,128,20000,0.01,0.9,0.0005,cuda,False,False,10,98,1511,0.99997478723526
label_sorted,0,results_v3_lr0p01,results_v3_lr0p01,small_cnn,sgd,10,128,20000,0.01,0.9,0.0005,cuda,False,False,10,99,1512,0.9999781250953674
label_sorted,0,results_v3_lr0p01,results_v3_lr0p01,small_cnn,sgd,10,128,20000,0.01,0.9,0.0005,cuda,False,False,10,100,1513,0.9999812841415405
label_sorted,0,results_v3_lr0p01,results_v3_lr0p01,small_cnn,sgd,10,128,20000,0.01,0.9,0.0005,cuda,False,False,10,101,1514,0.9999840259552002
label_sorted,0,results_v3_lr0p01,results_v3_lr0p01,small_cnn,sgd,10,128,20000,0.01,0.9,0.0005,cuda,False,False,10,102,1515,0.9999865889549255
label_sorted,0,results_v3_lr0p01,results_v3_lr0p01,small_cnn,sgd,10,128,20000,0.01,0.9,0.0005,cuda,False,False,10,103,1516,0.999988853931427
label_sorted,0,results_v3_lr0p01,results_v3_lr0p01,small_cnn,sgd,10,128,20000,0.01,0.9,0.0005,cuda,False,False,10,104,1517,0.9999909400939941
label_sorted,0,results_v3_lr0p01,results_v3_lr0p01,small_cnn,sgd,10,128,20000,0.01,0.9,0.0005,cuda,False,False,10,105,1518,0.9999926090240479
label_sorted,0,results_v3_lr0p01,results_v3_lr0p01,small_cnn,sgd,10,128,20000,0.01,0.9,0.0005,cuda,False,False,10,106,1519,0.9999940395355225
label_sorted,0,results_v3_lr0p01,results_v3_lr0p01,small_cnn,sgd,10,128,20000,0.01,0.9,0.0005,cuda,False,False,10,107,1520,0.9999952912330627
label_sorted,0,results_v3_lr0p01,results_v3_lr0p01,small_cnn,sgd,10,128,20000,0.01,0.9,0.0005,cuda,False,False,10,108,1521,0.9999963045120239
label_sorted,0,results_v3_lr0p01,results_v3_lr0p01,small_cnn,sgd,10,128,20000,0.01,0.9,0.0005,cuda,False,False,10,109,1522,0.9999971985816956
label_sorted,0,results_v3_lr0p01,results_v3_lr0p01,small_cnn,sgd,10,128,20000,0.01,0.9,0.0005,cuda,False,False,10,110,1523,0.45613110065460205
label_sorted,0,results_v3_lr0p01,results_v3_lr0p01,small_cnn,sgd,10,128,20000,0.01,0.9,0.0005,cuda,False,False,10,111,1524,0.8600375652313232
label_sorted,0,results_v3_lr0p01,results_v3_lr0p01,small_cnn,sgd,10,128,20000,0.01,0.9,0.0005,cuda,False,False,10,112,1525,0.9999690055847168
label_sorted,0,results_v3_lr0p01,results_v3_lr0p01,small_cnn,sgd,10,128,20000,0.01,0.9,0.0005,cuda,False,False,10,113,1526,0.9999725818634033
label_sorted,0,results_v3_lr0p01,results_v3_lr0p01,small_cnn,sgd,10,128,20000,0.01,0.9,0.0005,cuda,False,False,10,114,1527,0.9999760389328003
label_sorted,0,results_v3_lr0p01,results_v3_lr0p01,small_cnn,sgd,10,128,20000,0.01,0.9,0.0005,cuda,False,False,10,115,1528,0.9999791979789734
label_sorted,0,results_v3_lr0p01,results_v3_lr0p01,small_cnn,sgd,10,128,20000,0.01,0.9,0.0005,cuda,False,False,10,116,1529,0.9999822378158569
label_sorted,0,results_v3_lr0p01,results_v3_lr0p01,small_cnn,sgd,10,128,20000,0.01,0.9,0.0005,cuda,False,False,10,117,1530,0.9999850392341614
label_sorted,0,results_v3_lr0p01,results_v3_lr0p01,small_cnn,sgd,10,128,20000,0.01,0.9,0.0005,cuda,False,False,10,118,1531,0.9999875426292419
label_sorted,0,results_v3_lr0p01,results_v3_lr0p01,small_cnn,sgd,10,128,20000,0.01,0.9,0.0005,cuda,False,False,10,119,1532,0.9999897480010986
label_sorted,0,results_v3_lr0p01,results_v3_lr0p01,small_cnn,sgd,10,128,20000,0.01,0.9,0.0005,cuda,False,False,10,120,1533,0.9999915361404419
label_sorted,0,results_v3_lr0p01,results_v3_lr0p01,small_cnn,sgd,10,128,20000,0.01,0.9,0.0005,cuda,False,False,10,121,1534,0.9999932050704956
label_sorted,0,results_v3_lr0p01,results_v3_lr0p01,small_cnn,sgd,10,128,20000,0.01,0.9,0.0005,cuda,False,False,10,122,1535,0.9999945163726807
label_sorted,0,results_v3_lr0p01,results_v3_lr0p01,small_cnn,sgd,10,128,20000,0.01,0.9,0.0005,cuda,False,False,10,123,1536,0.999995768070221
label_sorted,0,results_v3_lr0p01,results_v3_lr0p01,small_cnn,sgd,10,128,20000,0.01,0.9,0.0005,cuda,False,False,10,124,1537,0.999996542930603
label_sorted,0,results_v3_lr0p01,results_v3_lr0p01,small_cnn,sgd,10,128,20000,0.01,0.9,0.0005,cuda,False,False,10,125,1538,0.9999973773956299
label_sorted,0,results_v3_lr0p01,results_v3_lr0p01,small_cnn,sgd,10,128,20000,0.01,0.9,0.0005,cuda,False,False,10,126,1539,-0.0569414421916008
label_sorted,0,results_v3_lr0p01,results_v3_lr0p01,small_cnn,sgd,10,128,20000,0.01,0.9,0.0005,cuda,False,False,10,127,1540,0.9999668598175049
label_sorted,0,results_v3_lr0p01,results_v3_lr0p01,small_cnn,sgd,10,128,20000,0.01,0.9,0.0005,cuda,False,False,10,128,1541,0.9999704360961914
label_sorted,0,results_v3_lr0p01,results_v3_lr0p01,small_cnn,sgd,10,128,20000,0.01,0.9,0.0005,cuda,False,False,10,129,1542,0.9999738335609436
label_sorted,0,results_v3_lr0p01,results_v3_lr0p01,small_cnn,sgd,10,128,20000,0.01,0.9,0.0005,cuda,False,False,10,130,1543,0.9999772906303406
label_sorted,0,results_v3_lr0p01,results_v3_lr0p01,small_cnn,sgd,10,128,20000,0.01,0.9,0.0005,cuda,False,False,10,131,1544,0.9999805688858032
label_sorted,0,results_v3_lr0p01,results_v3_lr0p01,small_cnn,sgd,10,128,20000,0.01,0.9,0.0005,cuda,False,False,10,132,1545,0.9999834299087524
label_sorted,0,results_v3_lr0p01,results_v3_lr0p01,small_cnn,sgd,10,128,20000,0.01,0.9,0.0005,cuda,False,False,10,133,1546,0.9999861717224121
label_sorted,0,results_v3_lr0p01,results_v3_lr0p01,small_cnn,sgd,10,128,20000,0.01,0.9,0.0005,cuda,False,False,10,134,1547,0.9999884963035583
label_sorted,0,results_v3_lr0p01,results_v3_lr0p01,small_cnn,sgd,10,128,20000,0.01,0.9,0.0005,cuda,False,False,10,135,1548,0.9999904632568359
label_sorted,0,results_v3_lr0p01,results_v3_lr0p01,small_cnn,sgd,10,128,20000,0.01,0.9,0.0005,cuda,False,False,10,136,1549,0.999992311000824
label_sorted,0,results_v3_lr0p01,results_v3_lr0p01,small_cnn,sgd,10,128,20000,0.01,0.9,0.0005,cuda,False,False,10,137,1550,0.9999939203262329
label_sorted,0,results_v3_lr0p01,results_v3_lr0p01,small_cnn,sgd,10,128,20000,0.01,0.9,0.0005,cuda,False,False,10,138,1551,0.9999951720237732
label_sorted,0,results_v3_lr0p01,results_v3_lr0p01,small_cnn,sgd,10,128,20000,0.01,0.9,0.0005,cuda,False,False,10,139,1552,0.9999959468841553
label_sorted,0,results_v3_lr0p01,results_v3_lr0p01,small_cnn,sgd,10,128,20000,0.01,0.9,0.0005,cuda,False,False,10,140,1553,0.9999967813491821
label_sorted,0,results_v3_lr0p01,results_v3_lr0p01,small_cnn,sgd,10,128,20000,0.01,0.9,0.0005,cuda,False,False,10,141,1554,0.8363218307495117
label_sorted,0,results_v3_lr0p01,results_v3_lr0p01,small_cnn,sgd,10,128,20000,0.01,0.9,0.0005,cuda,False,False,10,142,1555,0.496090292930603
label_sorted,0,results_v3_lr0p01,results_v3_lr0p01,small_cnn,sgd,10,128,20000,0.01,0.9,0.0005,cuda,False,False,10,143,1556,0.9999679327011108
label_sorted,0,results_v3_lr0p01,results_v3_lr0p01,small_cnn,sgd,10,128,20000,0.01,0.9,0.0005,cuda,False,False,10,144,1557,0.9999716281890869
label_sorted,0,results_v3_lr0p01,results_v3_lr0p01,small_cnn,sgd,10,128,20000,0.01,0.9,0.0005,cuda,False,False,10,145,1558,0.9999750852584839
label_sorted,0,results_v3_lr0p01,results_v3_lr0p01,small_cnn,sgd,10,128,20000,0.01,0.9,0.0005,cuda,False,False,10,146,1559,0.9999781250953674
label_sorted,0,results_v3_lr0p01,results_v3_lr0p01,small_cnn,sgd,10,128,20000,0.01,0.9,0.0005,cuda,False,False,10,147,1560,0.9999813437461853
label_sorted,0,results_v3_lr0p01,results_v3_lr0p01,small_cnn,sgd,10,128,20000,0.01,0.9,0.0005,cuda,False,False,10,148,1561,0.9999842643737793
label_sorted,0,results_v3_lr0p01,results_v3_lr0p01,small_cnn,sgd,10,128,20000,0.01,0.9,0.0005,cuda,False,False,10,149,1562,0.9999868273735046
label_sorted,0,results_v3_lr0p01,results_v3_lr0p01,small_cnn,sgd,10,128,20000,0.01,0.9,0.0005,cuda,False,False,10,150,1563,0.9999891519546509
label_sorted,0,results_v3_lr0p01,results_v3_lr0p01,small_cnn,sgd,10,128,20000,0.01,0.9,0.0005,cuda,False,False,10,151,1564,0.9999911785125732
label_sorted,0,results_v3_lr0p01,results_v3_lr0p01,small_cnn,sgd,10,128,20000,0.01,0.9,0.0005,cuda,False,False,10,152,1565,0.9999921917915344
label_sorted,0,results_v3_lr0p01,results_v3_lr0p01,small_cnn,sgd,10,128,20000,0.01,0.9,0.0005,cuda,False,False,10,153,1566,0.9999942183494568
label_sorted,0,results_v3_lr0p01,results_v3_lr0p01,small_cnn,sgd,10,128,20000,0.01,0.9,0.0005,cuda,False,False,10,154,1567,0.9999953508377075
label_sorted,0,results_v3_lr0p01,results_v3_lr0p01,small_cnn,sgd,10,128,20000,0.01,0.9,0.0005,cuda,False,False,10,155,1568,0.9999964237213135
label_sorted,0,results_v3_lr0p01,results_v3_lr0p01,small_cnn,sgd,10,128,20000,0.01,0.9,0.0005,cuda,False,False,10,156,1569,0.999996542930603
label_sorted,0,results_v3_lr0p01,results_v3_lr0p01,small_cnn,sgd,10,128,20000,0.01,0.9,0.0005,cuda,False,False,10,157,1570,0.999997079372406
