order_mode,seed,experiment_name,output_dir,model,optimizer,epochs,batch_size,max_train_examples,learning_rate,momentum,weight_decay,device,deterministic,save_embeddings,epoch,batch_index,global_step,cosine_similarity
fixed_random,2,results_v3_lr0p01,results_v3_lr0p01,small_cnn,sgd,10,128,20000,0.01,0.9,0.0005,cuda,False,False,1,1,1,
fixed_random,2,results_v3_lr0p01,results_v3_lr0p01,small_cnn,sgd,10,128,20000,0.01,0.9,0.0005,cuda,False,False,1,2,2,0.5995134711265564
fixed_random,2,results_v3_lr0p01,results_v3_lr0p01,small_cnn,sgd,10,128,20000,0.01,0.9,0.0005,cuda,False,False,1,3,3,0.47167155146598816
fixed_random,2,results_v3_lr0p01,results_v3_lr0p01,small_cnn,sgd,10,128,20000,0.01,0.9,0.0005,cuda,False,False,1,4,4,0.472611665725708
fixed_random,2,results_v3_lr0p01,results_v3_lr0p01,small_cnn,sgd,10,128,20000,0.01,0.9,0.0005,cuda,False,False,1,5,5,0.549653172492981
fixed_random,2,results_v3_lr0p01,results_v3_lr0p01,small_cnn,sgd,10,128,20000,0.01,0.9,0.0005,cuda,False,False,1,6,6,0.5743436217308044
fixed_random,2,results_v3_lr0p01,results_v3_lr0p01,small_cnn,sgd,10,128,20000,0.01,0.9,0.0005,cuda,False,False,1,7,7,0.563790500164032
fixed_random,2,results_v3_lr0p01,results_v3_lr0p01,small_cnn,sgd,10,128,20000,0.01,0.9,0.0005,cuda,False,False,1,8,8,0.536736249923706
fixed_random,2,results_v3_lr0p01,results_v3_lr0p01,small_cnn,sgd,10,128,20000,0.01,0.9,0.0005,cuda,False,False,1,9,9,0.4660429060459137
fixed_random,2,results_v3_lr0p01,results_v3_lr0p01,small_cnn,sgd,10,128,20000,0.01,0.9,0.0005,cuda,False,False,1,10,10,0.73045414686203
fixed_random,2,results_v3_lr0p01,results_v3_lr0p01,small_cnn,sgd,10,128,20000,0.01,0.9,0.0005,cuda,False,False,1,11,11,0.597301721572876
fixed_random,2,results_v3_lr0p01,results_v3_lr0p01,small_cnn,sgd,10,128,20000,0.01,0.9,0.0005,cuda,False,False,1,12,12,0.42712995409965515
fixed_random,2,results_v3_lr0p01,results_v3_lr0p01,small_cnn,sgd,10,128,20000,0.01,0.9,0.0005,cuda,False,False,1,13,13,0.5929348468780518
fixed_random,2,results_v3_lr0p01,results_v3_lr0p01,small_cnn,sgd,10,128,20000,0.01,0.9,0.0005,cuda,False,False,1,14,14,0.6859336495399475
fixed_random,2,results_v3_lr0p01,results_v3_lr0p01,small_cnn,sgd,10,128,20000,0.01,0.9,0.0005,cuda,False,False,1,15,15,0.6282933354377747
fixed_random,2,results_v3_lr0p01,results_v3_lr0p01,small_cnn,sgd,10,128,20000,0.01,0.9,0.0005,cuda,False,False,1,16,16,0.5408450961112976
fixed_random,2,results_v3_lr0p01,results_v3_lr0p01,small_cnn,sgd,10,128,20000,0.01,0.9,0.0005,cuda,False,False,1,17,17,0.6082488298416138
fixed_random,2,results_v3_lr0p01,results_v3_lr0p01,small_cnn,sgd,10,128,20000,0.01,0.9,0.0005,cuda,False,False,1,18,18,0.5140642523765564
fixed_random,2,results_v3_lr0p01,results_v3_lr0p01,small_cnn,sgd,10,128,20000,0.01,0.9,0.0005,cuda,False,False,1,19,19,0.4916561245918274
fixed_random,2,results_v3_lr0p01,results_v3_lr0p01,small_cnn,sgd,10,128,20000,0.01,0.9,0.0005,cuda,False,False,1,20,20,0.3945107161998749
fixed_random,2,results_v3_lr0p01,results_v3_lr0p01,small_cnn,sgd,10,128,20000,0.01,0.9,0.0005,cuda,False,False,1,21,21,0.41513049602508545
fixed_random,2,results_v3_lr0p01,results_v3_lr0p01,small_cnn,sgd,10,128,20000,0.01,0.9,0.0005,cuda,False,False,1,22,22,0.5487961769104004
fixed_random,2,results_v3_lr0p01,results_v3_lr0p01,small_cnn,sgd,10,128,20000,0.01,0.9,0.0005,cuda,False,False,1,23,23,0.7415592670440674
fixed_random,2,results_v3_lr0p01,results_v3_lr0p01,small_cnn,sgd,10,128,20000,0.01,0.9,0.0005,cuda,False,False,1,24,24,0.5165045857429504
fixed_random,2,results_v3_lr0p01,results_v3_lr0p01,small_cnn,sgd,10,128,20000,0.01,0.9,0.0005,cuda,False,False,1,25,25,0.4943946897983551
fixed_random,2,results_v3_lr0p01,results_v3_lr0p01,small_cnn,sgd,10,128,20000,0.01,0.9,0.0005,cuda,False,False,1,26,26,0.4740094542503357
fixed_random,2,results_v3_lr0p01,results_v3_lr0p01,small_cnn,sgd,10,128,20000,0.01,0.9,0.0005,cuda,False,False,1,27,27,0.6897950172424316
fixed_random,2,results_v3_lr0p01,results_v3_lr0p01,small_cnn,sgd,10,128,20000,0.01,0.9,0.0005,cuda,False,False,1,28,28,0.03980432450771332
fixed_random,2,results_v3_lr0p01,results_v3_lr0p01,small_cnn,sgd,10,128,20000,0.01,0.9,0.0005,cuda,False,False,1,29,29,0.3157397210597992
fixed_random,2,results_v3_lr0p01,results_v3_lr0p01,small_cnn,sgd,10,128,20000,0.01,0.9,0.0005,cuda,False,False,1,30,30,0.524551272392273
fixed_random,2,results_v3_lr0p01,results_v3_lr0p01,small_cnn,sgd,10,128,20000,0.01,0.9,0.0005,cuda,False,False,1,31,31,0.4246617555618286
fixed_random,2,results_v3_lr0p01,results_v3_lr0p01,small_cnn,sgd,10,128,20000,0.01,0.9,0.0005,cuda,False,False,1,32,32,-0.10222649574279785
fixed_random,2,results_v3_lr0p01,results_v3_lr0p01,small_cnn,sgd,10,128,20000,0.01,0.9,0.0005,cuda,False,False,1,33,33,0.4204323887825012
fixed_random,2,results_v3_lr0p01,results_v3_lr0p01,small_cnn,sgd,10,128,20000,0.01,0.9,0.0005,cuda,False,False,1,34,34,-0.42791804671287537
fixed_random,2,results_v3_lr0p01,results_v3_lr0p01,small_cnn,sgd,10,128,20000,0.01,0.9,0.0005,cuda,False,False,1,35,35,0.5845112204551697
fixed_random,2,results_v3_lr0p01,results_v3_lr0p01,small_cnn,sgd,10,128,20000,0.01,0.9,0.0005,cuda,False,False,1,36,36,0.46861201524734497
fixed_random,2,results_v3_lr0p01,results_v3_lr0p01,small_cnn,sgd,10,128,20000,0.01,0.9,0.0005,cuda,False,False,1,37,37,-0.0590638592839241
fixed_random,2,results_v3_lr0p01,results_v3_lr0p01,small_cnn,sgd,10,128,20000,0.01,0.9,0.0005,cuda,False,False,1,38,38,-0.07012446224689484
fixed_random,2,results_v3_lr0p01,results_v3_lr0p01,small_cnn,sgd,10,128,20000,0.01,0.9,0.0005,cuda,False,False,1,39,39,-0.013040877878665924
fixed_random,2,results_v3_lr0p01,results_v3_lr0p01,small_cnn,sgd,10,128,20000,0.01,0.9,0.0005,cuda,False,False,1,40,40,-0.6737949252128601
fixed_random,2,results_v3_lr0p01,results_v3_lr0p01,small_cnn,sgd,10,128,20000,0.01,0.9,0.0005,cuda,False,False,1,41,41,0.41865652799606323
fixed_random,2,results_v3_lr0p01,results_v3_lr0p01,small_cnn,sgd,10,128,20000,0.01,0.9,0.0005,cuda,False,False,1,42,42,-0.34963807463645935
fixed_random,2,results_v3_lr0p01,results_v3_lr0p01,small_cnn,sgd,10,128,20000,0.01,0.9,0.0005,cuda,False,False,1,43,43,0.2937878966331482
fixed_random,2,results_v3_lr0p01,results_v3_lr0p01,small_cnn,sgd,10,128,20000,0.01,0.9,0.0005,cuda,False,False,1,44,44,0.0002838699147105217
fixed_random,2,results_v3_lr0p01,results_v3_lr0p01,small_cnn,sgd,10,128,20000,0.01,0.9,0.0005,cuda,False,False,1,45,45,0.018877947703003883
fixed_random,2,results_v3_lr0p01,results_v3_lr0p01,small_cnn,sgd,10,128,20000,0.01,0.9,0.0005,cuda,False,False,1,46,46,0.038588132709264755
fixed_random,2,results_v3_lr0p01,results_v3_lr0p01,small_cnn,sgd,10,128,20000,0.01,0.9,0.0005,cuda,False,False,1,47,47,0.4690586030483246
fixed_random,2,results_v3_lr0p01,results_v3_lr0p01,small_cnn,sgd,10,128,20000,0.01,0.9,0.0005,cuda,False,False,1,48,48,0.7328336834907532
fixed_random,2,results_v3_lr0p01,results_v3_lr0p01,small_cnn,sgd,10,128,20000,0.01,0.9,0.0005,cuda,False,False,1,49,49,-0.32788580656051636
fixed_random,2,results_v3_lr0p01,results_v3_lr0p01,small_cnn,sgd,10,128,20000,0.01,0.9,0.0005,cuda,False,False,1,50,50,0.6550918221473694
fixed_random,2,results_v3_lr0p01,results_v3_lr0p01,small_cnn,sgd,10,128,20000,0.01,0.9,0.0005,cuda,False,False,1,51,51,0.6242004036903381
fixed_random,2,results_v3_lr0p01,results_v3_lr0p01,small_cnn,sgd,10,128,20000,0.01,0.9,0.0005,cuda,False,False,1,52,52,0.28211289644241333
fixed_random,2,results_v3_lr0p01,results_v3_lr0p01,small_cnn,sgd,10,128,20000,0.01,0.9,0.0005,cuda,False,False,1,53,53,0.02813105471432209
fixed_random,2,results_v3_lr0p01,results_v3_lr0p01,small_cnn,sgd,10,128,20000,0.01,0.9,0.0005,cuda,False,False,1,54,54,0.9323596954345703
fixed_random,2,results_v3_lr0p01,results_v3_lr0p01,small_cnn,sgd,10,128,20000,0.01,0.9,0.0005,cuda,False,False,1,55,55,-0.04554224759340286
fixed_random,2,results_v3_lr0p01,results_v3_lr0p01,small_cnn,sgd,10,128,20000,0.01,0.9,0.0005,cuda,False,False,1,56,56,0.36839228868484497
fixed_random,2,results_v3_lr0p01,results_v3_lr0p01,small_cnn,sgd,10,128,20000,0.01,0.9,0.0005,cuda,False,False,1,57,57,0.7643552422523499
fixed_random,2,results_v3_lr0p01,results_v3_lr0p01,small_cnn,sgd,10,128,20000,0.01,0.9,0.0005,cuda,False,False,1,58,58,0.5133134126663208
fixed_random,2,results_v3_lr0p01,results_v3_lr0p01,small_cnn,sgd,10,128,20000,0.01,0.9,0.0005,cuda,False,False,1,59,59,-0.0026661623269319534
fixed_random,2,results_v3_lr0p01,results_v3_lr0p01,small_cnn,sgd,10,128,20000,0.01,0.9,0.0005,cuda,False,False,1,60,60,0.8779098987579346
fixed_random,2,results_v3_lr0p01,results_v3_lr0p01,small_cnn,sgd,10,128,20000,0.01,0.9,0.0005,cuda,False,False,1,61,61,0.6443341970443726
fixed_random,2,results_v3_lr0p01,results_v3_lr0p01,small_cnn,sgd,10,128,20000,0.01,0.9,0.0005,cuda,False,False,1,62,62,-0.048010118305683136
fixed_random,2,results_v3_lr0p01,results_v3_lr0p01,small_cnn,sgd,10,128,20000,0.01,0.9,0.0005,cuda,False,False,1,63,63,0.46992358565330505
fixed_random,2,results_v3_lr0p01,results_v3_lr0p01,small_cnn,sgd,10,128,20000,0.01,0.9,0.0005,cuda,False,False,1,64,64,0.7738248109817505
fixed_random,2,results_v3_lr0p01,results_v3_lr0p01,small_cnn,sgd,10,128,20000,0.01,0.9,0.0005,cuda,False,False,1,65,65,0.19533401727676392
fixed_random,2,results_v3_lr0p01,results_v3_lr0p01,small_cnn,sgd,10,128,20000,0.01,0.9,0.0005,cuda,False,False,1,66,66,0.6261510848999023
fixed_random,2,results_v3_lr0p01,results_v3_lr0p01,small_cnn,sgd,10,128,20000,0.01,0.9,0.0005,cuda,False,False,1,67,67,0.23111295700073242
fixed_random,2,results_v3_lr0p01,results_v3_lr0p01,small_cnn,sgd,10,128,20000,0.01,0.9,0.0005,cuda,False,False,1,68,68,0.6418681144714355
fixed_random,2,results_v3_lr0p01,results_v3_lr0p01,small_cnn,sgd,10,128,20000,0.01,0.9,0.0005,cuda,False,False,1,69,69,0.11880472302436829
fixed_random,2,results_v3_lr0p01,results_v3_lr0p01,small_cnn,sgd,10,128,20000,0.01,0.9,0.0005,cuda,False,False,1,70,70,-0.282546728849411
fixed_random,2,results_v3_lr0p01,results_v3_lr0p01,small_cnn,sgd,10,128,20000,0.01,0.9,0.0005,cuda,False,False,1,71,71,0.46161702275276184
fixed_random,2,results_v3_lr0p01,results_v3_lr0p01,small_cnn,sgd,10,128,20000,0.01,0.9,0.0005,cuda,False,False,1,72,72,0.1499561071395874
fixed_random,2,results_v3_lr0p01,results_v3_lr0p01,small_cnn,sgd,10,128,20000,0.01,0.9,0.0005,cuda,False,False,1,73,73,0.4576423168182373
fixed_random,2,results_v3_lr0p01,results_v3_lr0p01,small_cnn,sgd,10,128,20000,0.01,0.9,0.0005,cuda,False,False,1,74,74,0.38188645243644714
fixed_random,2,results_v3_lr0p01,results_v3_lr0p01,small_cnn,sgd,10,128,20000,0.01,0.9,0.0005,cuda,False,False,1,75,75,0.3711523413658142
fixed_random,2,results_v3_lr0p01,results_v3_lr0p01,small_cnn,sgd,10,128,20000,0.01,0.9,0.0005,cuda,False,False,1,76,76,0.6081874370574951
fixed_random,2,results_v3_lr0p01,results_v3_lr0p01,small_cnn,sgd,10,128,20000,0.01,0.9,0.0005,cuda,False,False,1,77,77,0.2651869058609009
fixed_random,2,results_v3_lr0p01,results_v3_lr0p01,small_cnn,sgd,10,128,20000,0.01,0.9,0.0005,cuda,False,False,1,78,78,0.3933548927307129
fixed_random,2,results_v3_lr0p01,results_v3_lr0p01,small_cnn,sgd,10,128,20000,0.01,0.9,0.0005,cuda,False,False,1,79,79,0.5513929128646851
fixed_random,2,results_v3_lr0p01,results_v3_lr0p01,small_cnn,sgd,10,128,20000,0.01,0.9,0.0005,cuda,False,False,1,80,80,0.5165982246398926
fixed_random,2,results_v3_lr0p01,results_v3_lr0p01,small_cnn,sgd,10,128,20000,0.01,0.9,0.0005,cuda,False,False,1,81,81,0.23080193996429443
fixed_random,2,results_v3_lr0p01,results_v3_lr0p01,small_cnn,sgd,10,128,20000,0.01,0.9,0.0005,cuda,False,False,1,82,82,0.6966557502746582
fixed_random,2,results_v3_lr0p01,results_v3_lr0p01,small_cnn,sgd,10,128,20000,0.01,0.9,0.0005,cuda,False,False,1,83,83,-0.28234797716140747
fixed_random,2,results_v3_lr0p01,results_v3_lr0p01,small_cnn,sgd,10,128,20000,0.01,0.9,0.0005,cuda,False,False,1,84,84,0.6696587800979614
fixed_random,2,results_v3_lr0p01,results_v3_lr0p01,small_cnn,sgd,10,128,20000,0.01,0.9,0.0005,cuda,False,False,1,85,85,0.337676078081131
fixed_random,2,results_v3_lr0p01,results_v3_lr0p01,small_cnn,sgd,10,128,20000,0.01,0.9,0.0005,cuda,False,False,1,86,86,-0.08534745872020721
fixed_random,2,results_v3_lr0p01,results_v3_lr0p01,small_cnn,sgd,10,128,20000,0.01,0.9,0.0005,cuda,False,False,1,87,87,0.3495619297027588
fixed_random,2,results_v3_lr0p01,results_v3_lr0p01,small_cnn,sgd,10,128,20000,0.01,0.9,0.0005,cuda,False,False,1,88,88,0.28691810369491577
fixed_random,2,results_v3_lr0p01,results_v3_lr0p01,small_cnn,sgd,10,128,20000,0.01,0.9,0.0005,cuda,False,False,1,89,89,0.13524651527404785
fixed_random,2,results_v3_lr0p01,results_v3_lr0p01,small_cnn,sgd,10,128,20000,0.01,0.9,0.0005,cuda,False,False,1,90,90,-0.00989900529384613
fixed_random,2,results_v3_lr0p01,results_v3_lr0p01,small_cnn,sgd,10,128,20000,0.01,0.9,0.0005,cuda,False,False,1,91,91,0.5488617420196533
fixed_random,2,results_v3_lr0p01,results_v3_lr0p01,small_cnn,sgd,10,128,20000,0.01,0.9,0.0005,cuda,False,False,1,92,92,-0.01593540981411934
fixed_random,2,results_v3_lr0p01,results_v3_lr0p01,small_cnn,sgd,10,128,20000,0.01,0.9,0.0005,cuda,False,False,1,93,93,0.5679700374603271
fixed_random,2,results_v3_lr0p01,results_v3_lr0p01,small_cnn,sgd,10,128,20000,0.01,0.9,0.0005,cuda,False,False,1,94,94,0.3341081142425537
fixed_random,2,results_v3_lr0p01,results_v3_lr0p01,small_cnn,sgd,10,128,20000,0.01,0.9,0.0005,cuda,False,False,1,95,95,0.31604427099227905
fixed_random,2,results_v3_lr0p01,results_v3_lr0p01,small_cnn,sgd,10,128,20000,0.01,0.9,0.0005,cuda,False,False,1,96,96,0.5133863687515259
fixed_random,2,results_v3_lr0p01,results_v3_lr0p01,small_cnn,sgd,10,128,20000,0.01,0.9,0.0005,cuda,False,False,1,97,97,0.1817433089017868
fixed_random,2,results_v3_lr0p01,results_v3_lr0p01,small_cnn,sgd,10,128,20000,0.01,0.9,0.0005,cuda,False,False,1,98,98,0.5631598234176636
fixed_random,2,results_v3_lr0p01,results_v3_lr0p01,small_cnn,sgd,10,128,20000,0.01,0.9,0.0005,cuda,False,False,1,99,99,0.35453394055366516
fixed_random,2,results_v3_lr0p01,results_v3_lr0p01,small_cnn,sgd,10,128,20000,0.01,0.9,0.0005,cuda,False,False,1,100,100,0.6701943278312683
fixed_random,2,results_v3_lr0p01,results_v3_lr0p01,small_cnn,sgd,10,128,20000,0.01,0.9,0.0005,cuda,False,False,1,101,101,0.2246696650981903
fixed_random,2,results_v3_lr0p01,results_v3_lr0p01,small_cnn,sgd,10,128,20000,0.01,0.9,0.0005,cuda,False,False,1,102,102,0.469687819480896
fixed_random,2,results_v3_lr0p01,results_v3_lr0p01,small_cnn,sgd,10,128,20000,0.01,0.9,0.0005,cuda,False,False,1,103,103,0.7984695434570312
fixed_random,2,results_v3_lr0p01,results_v3_lr0p01,small_cnn,sgd,10,128,20000,0.01,0.9,0.0005,cuda,False,False,1,104,104,-0.3698577880859375
fixed_random,2,results_v3_lr0p01,results_v3_lr0p01,small_cnn,sgd,10,128,20000,0.01,0.9,0.0005,cuda,False,False,1,105,105,-0.04476909339427948
fixed_random,2,results_v3_lr0p01,results_v3_lr0p01,small_cnn,sgd,10,128,20000,0.01,0.9,0.0005,cuda,False,False,1,106,106,0.03577083349227905
fixed_random,2,results_v3_lr0p01,results_v3_lr0p01,small_cnn,sgd,10,128,20000,0.01,0.9,0.0005,cuda,False,False,1,107,107,0.4950571358203888
fixed_random,2,results_v3_lr0p01,results_v3_lr0p01,small_cnn,sgd,10,128,20000,0.01,0.9,0.0005,cuda,False,False,1,108,108,0.22944577038288116
fixed_random,2,results_v3_lr0p01,results_v3_lr0p01,small_cnn,sgd,10,128,20000,0.01,0.9,0.0005,cuda,False,False,1,109,109,0.42454299330711365
fixed_random,2,results_v3_lr0p01,results_v3_lr0p01,small_cnn,sgd,10,128,20000,0.01,0.9,0.0005,cuda,False,False,1,110,110,0.703521728515625
fixed_random,2,results_v3_lr0p01,results_v3_lr0p01,small_cnn,sgd,10,128,20000,0.01,0.9,0.0005,cuda,False,False,1,111,111,0.07490350306034088
fixed_random,2,results_v3_lr0p01,results_v3_lr0p01,small_cnn,sgd,10,128,20000,0.01,0.9,0.0005,cuda,False,False,1,112,112,0.030090391635894775
fixed_random,2,results_v3_lr0p01,results_v3_lr0p01,small_cnn,sgd,10,128,20000,0.01,0.9,0.0005,cuda,False,False,1,113,113,0.17667973041534424
fixed_random,2,results_v3_lr0p01,results_v3_lr0p01,small_cnn,sgd,10,128,20000,0.01,0.9,0.0005,cuda,False,False,1,114,114,0.5338841676712036
fixed_random,2,results_v3_lr0p01,results_v3_lr0p01,small_cnn,sgd,10,128,20000,0.01,0.9,0.0005,cuda,False,False,1,115,115,0.570816695690155
fixed_random,2,results_v3_lr0p01,results_v3_lr0p01,small_cnn,sgd,10,128,20000,0.01,0.9,0.0005,cuda,False,False,1,116,116,0.4490501284599304
fixed_random,2,results_v3_lr0p01,results_v3_lr0p01,small_cnn,sgd,10,128,20000,0.01,0.9,0.0005,cuda,False,False,1,117,117,-0.3330719470977783
fixed_random,2,results_v3_lr0p01,results_v3_lr0p01,small_cnn,sgd,10,128,20000,0.01,0.9,0.0005,cuda,False,False,1,118,118,0.5204303860664368
fixed_random,2,results_v3_lr0p01,results_v3_lr0p01,small_cnn,sgd,10,128,20000,0.01,0.9,0.0005,cuda,False,False,1,119,119,0.32890215516090393
fixed_random,2,results_v3_lr0p01,results_v3_lr0p01,small_cnn,sgd,10,128,20000,0.01,0.9,0.0005,cuda,False,False,1,120,120,0.2190987765789032
fixed_random,2,results_v3_lr0p01,results_v3_lr0p01,small_cnn,sgd,10,128,20000,0.01,0.9,0.0005,cuda,False,False,1,121,121,-0.4916325509548187
fixed_random,2,results_v3_lr0p01,results_v3_lr0p01,small_cnn,sgd,10,128,20000,0.01,0.9,0.0005,cuda,False,False,1,122,122,0.43268051743507385
fixed_random,2,results_v3_lr0p01,results_v3_lr0p01,small_cnn,sgd,10,128,20000,0.01,0.9,0.0005,cuda,False,False,1,123,123,0.523852527141571
fixed_random,2,results_v3_lr0p01,results_v3_lr0p01,small_cnn,sgd,10,128,20000,0.01,0.9,0.0005,cuda,False,False,1,124,124,0.2425801157951355
fixed_random,2,results_v3_lr0p01,results_v3_lr0p01,small_cnn,sgd,10,128,20000,0.01,0.9,0.0005,cuda,False,False,1,125,125,0.18237806856632233
fixed_random,2,results_v3_lr0p01,results_v3_lr0p01,small_cnn,sgd,10,128,20000,0.01,0.9,0.0005,cuda,False,False,1,126,126,0.8705824017524719
fixed_random,2,results_v3_lr0p01,results_v3_lr0p01,small_cnn,sgd,10,128,20000,0.01,0.9,0.0005,cuda,False,False,1,127,127,0.7850695848464966
fixed_random,2,results_v3_lr0p01,results_v3_lr0p01,small_cnn,sgd,10,128,20000,0.01,0.9,0.0005,cuda,False,False,1,128,128,-0.339783251285553
fixed_random,2,results_v3_lr0p01,results_v3_lr0p01,small_cnn,sgd,10,128,20000,0.01,0.9,0.0005,cuda,False,False,1,129,129,0.7717070579528809
fixed_random,2,results_v3_lr0p01,results_v3_lr0p01,small_cnn,sgd,10,128,20000,0.01,0.9,0.0005,cuda,False,False,1,130,130,0.22950559854507446
fixed_random,2,results_v3_lr0p01,results_v3_lr0p01,small_cnn,sgd,10,128,20000,0.01,0.9,0.0005,cuda,False,False,1,131,131,0.672898530960083
fixed_random,2,results_v3_lr0p01,results_v3_lr0p01,small_cnn,sgd,10,128,20000,0.01,0.9,0.0005,cuda,False,False,1,132,132,0.11282044649124146
fixed_random,2,results_v3_lr0p01,results_v3_lr0p01,small_cnn,sgd,10,128,20000,0.01,0.9,0.0005,cuda,False,False,1,133,133,0.610443115234375
fixed_random,2,results_v3_lr0p01,results_v3_lr0p01,small_cnn,sgd,10,128,20000,0.01,0.9,0.0005,cuda,False,False,1,134,134,0.16856475174427032
fixed_random,2,results_v3_lr0p01,results_v3_lr0p01,small_cnn,sgd,10,128,20000,0.01,0.9,0.0005,cuda,False,False,1,135,135,0.29051291942596436
fixed_random,2,results_v3_lr0p01,results_v3_lr0p01,small_cnn,sgd,10,128,20000,0.01,0.9,0.0005,cuda,False,False,1,136,136,0.2748294174671173
fixed_random,2,results_v3_lr0p01,results_v3_lr0p01,small_cnn,sgd,10,128,20000,0.01,0.9,0.0005,cuda,False,False,1,137,137,0.6707375049591064
fixed_random,2,results_v3_lr0p01,results_v3_lr0p01,small_cnn,sgd,10,128,20000,0.01,0.9,0.0005,cuda,False,False,1,138,138,0.315929651260376
fixed_random,2,results_v3_lr0p01,results_v3_lr0p01,small_cnn,sgd,10,128,20000,0.01,0.9,0.0005,cuda,False,False,1,139,139,-0.2162211537361145
fixed_random,2,results_v3_lr0p01,results_v3_lr0p01,small_cnn,sgd,10,128,20000,0.01,0.9,0.0005,cuda,False,False,1,140,140,0.5645030736923218
fixed_random,2,results_v3_lr0p01,results_v3_lr0p01,small_cnn,sgd,10,128,20000,0.01,0.9,0.0005,cuda,False,False,1,141,141,0.7152256369590759
fixed_random,2,results_v3_lr0p01,results_v3_lr0p01,small_cnn,sgd,10,128,20000,0.01,0.9,0.0005,cuda,False,False,1,142,142,0.2392265796661377
fixed_random,2,results_v3_lr0p01,results_v3_lr0p01,small_cnn,sgd,10,128,20000,0.01,0.9,0.0005,cuda,False,False,1,143,143,-0.1386328935623169
fixed_random,2,results_v3_lr0p01,results_v3_lr0p01,small_cnn,sgd,10,128,20000,0.01,0.9,0.0005,cuda,False,False,1,144,144,0.4867946207523346
fixed_random,2,results_v3_lr0p01,results_v3_lr0p01,small_cnn,sgd,10,128,20000,0.01,0.9,0.0005,cuda,False,False,1,145,145,0.5835932493209839
fixed_random,2,results_v3_lr0p01,results_v3_lr0p01,small_cnn,sgd,10,128,20000,0.01,0.9,0.0005,cuda,False,False,1,146,146,0.6192231178283691
fixed_random,2,results_v3_lr0p01,results_v3_lr0p01,small_cnn,sgd,10,128,20000,0.01,0.9,0.0005,cuda,False,False,1,147,147,0.0945359617471695
fixed_random,2,results_v3_lr0p01,results_v3_lr0p01,small_cnn,sgd,10,128,20000,0.01,0.9,0.0005,cuda,False,False,1,148,148,0.7861708998680115
fixed_random,2,results_v3_lr0p01,results_v3_lr0p01,small_cnn,sgd,10,128,20000,0.01,0.9,0.0005,cuda,False,False,1,149,149,0.7763165235519409
fixed_random,2,results_v3_lr0p01,results_v3_lr0p01,small_cnn,sgd,10,128,20000,0.01,0.9,0.0005,cuda,False,False,1,150,150,0.6047585010528564
fixed_random,2,results_v3_lr0p01,results_v3_lr0p01,small_cnn,sgd,10,128,20000,0.01,0.9,0.0005,cuda,False,False,1,151,151,-0.11757045984268188
fixed_random,2,results_v3_lr0p01,results_v3_lr0p01,small_cnn,sgd,10,128,20000,0.01,0.9,0.0005,cuda,False,False,1,152,152,0.7621129751205444
fixed_random,2,results_v3_lr0p01,results_v3_lr0p01,small_cnn,sgd,10,128,20000,0.01,0.9,0.0005,cuda,False,False,1,153,153,0.8740683794021606
fixed_random,2,results_v3_lr0p01,results_v3_lr0p01,small_cnn,sgd,10,128,20000,0.01,0.9,0.0005,cuda,False,False,1,154,154,0.6745368242263794
fixed_random,2,results_v3_lr0p01,results_v3_lr0p01,small_cnn,sgd,10,128,20000,0.01,0.9,0.0005,cuda,False,False,1,155,155,0.24219870567321777
fixed_random,2,results_v3_lr0p01,results_v3_lr0p01,small_cnn,sgd,10,128,20000,0.01,0.9,0.0005,cuda,False,False,1,156,156,-0.23534053564071655
fixed_random,2,results_v3_lr0p01,results_v3_lr0p01,small_cnn,sgd,10,128,20000,0.01,0.9,0.0005,cuda,False,False,1,157,157,0.8466050624847412
fixed_random,2,results_v3_lr0p01,results_v3_lr0p01,small_cnn,sgd,10,128,20000,0.01,0.9,0.0005,cuda,False,False,2,1,158,0.7528547644615173
fixed_random,2,results_v3_lr0p01,results_v3_lr0p01,small_cnn,sgd,10,128,20000,0.01,0.9,0.0005,cuda,False,False,2,2,159,0.6131269931793213
fixed_random,2,results_v3_lr0p01,results_v3_lr0p01,small_cnn,sgd,10,128,20000,0.01,0.9,0.0005,cuda,False,False,2,3,160,0.11655203253030777
fixed_random,2,results_v3_lr0p01,results_v3_lr0p01,small_cnn,sgd,10,128,20000,0.01,0.9,0.0005,cuda,False,False,2,4,161,0.7406433820724487
fixed_random,2,results_v3_lr0p01,results_v3_lr0p01,small_cnn,sgd,10,128,20000,0.01,0.9,0.0005,cuda,False,False,2,5,162,0.725375771522522
fixed_random,2,results_v3_lr0p01,results_v3_lr0p01,small_cnn,sgd,10,128,20000,0.01,0.9,0.0005,cuda,False,False,2,6,163,0.4308590888977051
fixed_random,2,results_v3_lr0p01,results_v3_lr0p01,small_cnn,sgd,10,128,20000,0.01,0.9,0.0005,cuda,False,False,2,7,164,0.6173005104064941
fixed_random,2,results_v3_lr0p01,results_v3_lr0p01,small_cnn,sgd,10,128,20000,0.01,0.9,0.0005,cuda,False,False,2,8,165,0.2654358446598053
fixed_random,2,results_v3_lr0p01,results_v3_lr0p01,small_cnn,sgd,10,128,20000,0.01,0.9,0.0005,cuda,False,False,2,9,166,0.5939840078353882
fixed_random,2,results_v3_lr0p01,results_v3_lr0p01,small_cnn,sgd,10,128,20000,0.01,0.9,0.0005,cuda,False,False,2,10,167,0.7778006792068481
fixed_random,2,results_v3_lr0p01,results_v3_lr0p01,small_cnn,sgd,10,128,20000,0.01,0.9,0.0005,cuda,False,False,2,11,168,0.46804964542388916
fixed_random,2,results_v3_lr0p01,results_v3_lr0p01,small_cnn,sgd,10,128,20000,0.01,0.9,0.0005,cuda,False,False,2,12,169,0.00877130962908268
fixed_random,2,results_v3_lr0p01,results_v3_lr0p01,small_cnn,sgd,10,128,20000,0.01,0.9,0.0005,cuda,False,False,2,13,170,0.32594209909439087
fixed_random,2,results_v3_lr0p01,results_v3_lr0p01,small_cnn,sgd,10,128,20000,0.01,0.9,0.0005,cuda,False,False,2,14,171,0.6408693790435791
fixed_random,2,results_v3_lr0p01,results_v3_lr0p01,small_cnn,sgd,10,128,20000,0.01,0.9,0.0005,cuda,False,False,2,15,172,0.7354766130447388
fixed_random,2,results_v3_lr0p01,results_v3_lr0p01,small_cnn,sgd,10,128,20000,0.01,0.9,0.0005,cuda,False,False,2,16,173,0.2736227810382843
fixed_random,2,results_v3_lr0p01,results_v3_lr0p01,small_cnn,sgd,10,128,20000,0.01,0.9,0.0005,cuda,False,False,2,17,174,0.464935302734375
fixed_random,2,results_v3_lr0p01,results_v3_lr0p01,small_cnn,sgd,10,128,20000,0.01,0.9,0.0005,cuda,False,False,2,18,175,0.0224926620721817
fixed_random,2,results_v3_lr0p01,results_v3_lr0p01,small_cnn,sgd,10,128,20000,0.01,0.9,0.0005,cuda,False,False,2,19,176,0.4349201023578644
fixed_random,2,results_v3_lr0p01,results_v3_lr0p01,small_cnn,sgd,10,128,20000,0.01,0.9,0.0005,cuda,False,False,2,20,177,0.33178359270095825
fixed_random,2,results_v3_lr0p01,results_v3_lr0p01,small_cnn,sgd,10,128,20000,0.01,0.9,0.0005,cuda,False,False,2,21,178,0.7929700613021851
fixed_random,2,results_v3_lr0p01,results_v3_lr0p01,small_cnn,sgd,10,128,20000,0.01,0.9,0.0005,cuda,False,False,2,22,179,0.3644620180130005
fixed_random,2,results_v3_lr0p01,results_v3_lr0p01,small_cnn,sgd,10,128,20000,0.01,0.9,0.0005,cuda,False,False,2,23,180,0.39358168840408325
fixed_random,2,results_v3_lr0p01,results_v3_lr0p01,small_cnn,sgd,10,128,20000,0.01,0.9,0.0005,cuda,False,False,2,24,181,0.2204231470823288
fixed_random,2,results_v3_lr0p01,results_v3_lr0p01,small_cnn,sgd,10,128,20000,0.01,0.9,0.0005,cuda,False,False,2,25,182,0.7291648387908936
fixed_random,2,results_v3_lr0p01,results_v3_lr0p01,small_cnn,sgd,10,128,20000,0.01,0.9,0.0005,cuda,False,False,2,26,183,0.7718706130981445
fixed_random,2,results_v3_lr0p01,results_v3_lr0p01,small_cnn,sgd,10,128,20000,0.01,0.9,0.0005,cuda,False,False,2,27,184,0.8156676292419434
fixed_random,2,results_v3_lr0p01,results_v3_lr0p01,small_cnn,sgd,10,128,20000,0.01,0.9,0.0005,cuda,False,False,2,28,185,-0.03703511878848076
fixed_random,2,results_v3_lr0p01,results_v3_lr0p01,small_cnn,sgd,10,128,20000,0.01,0.9,0.0005,cuda,False,False,2,29,186,0.12162443995475769
fixed_random,2,results_v3_lr0p01,results_v3_lr0p01,small_cnn,sgd,10,128,20000,0.01,0.9,0.0005,cuda,False,False,2,30,187,0.6978921294212341
fixed_random,2,results_v3_lr0p01,results_v3_lr0p01,small_cnn,sgd,10,128,20000,0.01,0.9,0.0005,cuda,False,False,2,31,188,0.3523171842098236
fixed_random,2,results_v3_lr0p01,results_v3_lr0p01,small_cnn,sgd,10,128,20000,0.01,0.9,0.0005,cuda,False,False,2,32,189,-0.24347162246704102
fixed_random,2,results_v3_lr0p01,results_v3_lr0p01,small_cnn,sgd,10,128,20000,0.01,0.9,0.0005,cuda,False,False,2,33,190,0.5576902627944946
fixed_random,2,results_v3_lr0p01,results_v3_lr0p01,small_cnn,sgd,10,128,20000,0.01,0.9,0.0005,cuda,False,False,2,34,191,0.4794118106365204
fixed_random,2,results_v3_lr0p01,results_v3_lr0p01,small_cnn,sgd,10,128,20000,0.01,0.9,0.0005,cuda,False,False,2,35,192,0.24276617169380188
fixed_random,2,results_v3_lr0p01,results_v3_lr0p01,small_cnn,sgd,10,128,20000,0.01,0.9,0.0005,cuda,False,False,2,36,193,0.6259000301361084
fixed_random,2,results_v3_lr0p01,results_v3_lr0p01,small_cnn,sgd,10,128,20000,0.01,0.9,0.0005,cuda,False,False,2,37,194,0.41400909423828125
fixed_random,2,results_v3_lr0p01,results_v3_lr0p01,small_cnn,sgd,10,128,20000,0.01,0.9,0.0005,cuda,False,False,2,38,195,0.5350779294967651
fixed_random,2,results_v3_lr0p01,results_v3_lr0p01,small_cnn,sgd,10,128,20000,0.01,0.9,0.0005,cuda,False,False,2,39,196,0.6109985113143921
fixed_random,2,results_v3_lr0p01,results_v3_lr0p01,small_cnn,sgd,10,128,20000,0.01,0.9,0.0005,cuda,False,False,2,40,197,-0.07886403799057007
fixed_random,2,results_v3_lr0p01,results_v3_lr0p01,small_cnn,sgd,10,128,20000,0.01,0.9,0.0005,cuda,False,False,2,41,198,0.5539344549179077
fixed_random,2,results_v3_lr0p01,results_v3_lr0p01,small_cnn,sgd,10,128,20000,0.01,0.9,0.0005,cuda,False,False,2,42,199,0.2801056206226349
fixed_random,2,results_v3_lr0p01,results_v3_lr0p01,small_cnn,sgd,10,128,20000,0.01,0.9,0.0005,cuda,False,False,2,43,200,0.6767928600311279
fixed_random,2,results_v3_lr0p01,results_v3_lr0p01,small_cnn,sgd,10,128,20000,0.01,0.9,0.0005,cuda,False,False,2,44,201,0.33643630146980286
fixed_random,2,results_v3_lr0p01,results_v3_lr0p01,small_cnn,sgd,10,128,20000,0.01,0.9,0.0005,cuda,False,False,2,45,202,-0.22150327265262604
fixed_random,2,results_v3_lr0p01,results_v3_lr0p01,small_cnn,sgd,10,128,20000,0.01,0.9,0.0005,cuda,False,False,2,46,203,0.6372398138046265
fixed_random,2,results_v3_lr0p01,results_v3_lr0p01,small_cnn,sgd,10,128,20000,0.01,0.9,0.0005,cuda,False,False,2,47,204,0.7084049582481384
fixed_random,2,results_v3_lr0p01,results_v3_lr0p01,small_cnn,sgd,10,128,20000,0.01,0.9,0.0005,cuda,False,False,2,48,205,-0.4107346534729004
fixed_random,2,results_v3_lr0p01,results_v3_lr0p01,small_cnn,sgd,10,128,20000,0.01,0.9,0.0005,cuda,False,False,2,49,206,0.1842908263206482
fixed_random,2,results_v3_lr0p01,results_v3_lr0p01,small_cnn,sgd,10,128,20000,0.01,0.9,0.0005,cuda,False,False,2,50,207,0.5411530137062073
fixed_random,2,results_v3_lr0p01,results_v3_lr0p01,small_cnn,sgd,10,128,20000,0.01,0.9,0.0005,cuda,False,False,2,51,208,0.5565881729125977
fixed_random,2,results_v3_lr0p01,results_v3_lr0p01,small_cnn,sgd,10,128,20000,0.01,0.9,0.0005,cuda,False,False,2,52,209,0.0758887380361557
fixed_random,2,results_v3_lr0p01,results_v3_lr0p01,small_cnn,sgd,10,128,20000,0.01,0.9,0.0005,cuda,False,False,2,53,210,0.31432873010635376
fixed_random,2,results_v3_lr0p01,results_v3_lr0p01,small_cnn,sgd,10,128,20000,0.01,0.9,0.0005,cuda,False,False,2,54,211,0.036065902560949326
fixed_random,2,results_v3_lr0p01,results_v3_lr0p01,small_cnn,sgd,10,128,20000,0.01,0.9,0.0005,cuda,False,False,2,55,212,0.16204006969928741
fixed_random,2,results_v3_lr0p01,results_v3_lr0p01,small_cnn,sgd,10,128,20000,0.01,0.9,0.0005,cuda,False,False,2,56,213,-0.014447728171944618
fixed_random,2,results_v3_lr0p01,results_v3_lr0p01,small_cnn,sgd,10,128,20000,0.01,0.9,0.0005,cuda,False,False,2,57,214,0.42605316638946533
fixed_random,2,results_v3_lr0p01,results_v3_lr0p01,small_cnn,sgd,10,128,20000,0.01,0.9,0.0005,cuda,False,False,2,58,215,-0.5006086826324463
fixed_random,2,results_v3_lr0p01,results_v3_lr0p01,small_cnn,sgd,10,128,20000,0.01,0.9,0.0005,cuda,False,False,2,59,216,0.09671730548143387
fixed_random,2,results_v3_lr0p01,results_v3_lr0p01,small_cnn,sgd,10,128,20000,0.01,0.9,0.0005,cuda,False,False,2,60,217,0.6751691102981567
fixed_random,2,results_v3_lr0p01,results_v3_lr0p01,small_cnn,sgd,10,128,20000,0.01,0.9,0.0005,cuda,False,False,2,61,218,-0.021198181435465813
fixed_random,2,results_v3_lr0p01,results_v3_lr0p01,small_cnn,sgd,10,128,20000,0.01,0.9,0.0005,cuda,False,False,2,62,219,0.37064704298973083
fixed_random,2,results_v3_lr0p01,results_v3_lr0p01,small_cnn,sgd,10,128,20000,0.01,0.9,0.0005,cuda,False,False,2,63,220,0.3947073221206665
fixed_random,2,results_v3_lr0p01,results_v3_lr0p01,small_cnn,sgd,10,128,20000,0.01,0.9,0.0005,cuda,False,False,2,64,221,0.2795379161834717
fixed_random,2,results_v3_lr0p01,results_v3_lr0p01,small_cnn,sgd,10,128,20000,0.01,0.9,0.0005,cuda,False,False,2,65,222,0.16480448842048645
fixed_random,2,results_v3_lr0p01,results_v3_lr0p01,small_cnn,sgd,10,128,20000,0.01,0.9,0.0005,cuda,False,False,2,66,223,0.4044274091720581
fixed_random,2,results_v3_lr0p01,results_v3_lr0p01,small_cnn,sgd,10,128,20000,0.01,0.9,0.0005,cuda,False,False,2,67,224,-0.31259965896606445
fixed_random,2,results_v3_lr0p01,results_v3_lr0p01,small_cnn,sgd,10,128,20000,0.01,0.9,0.0005,cuda,False,False,2,68,225,0.7094650268554688
fixed_random,2,results_v3_lr0p01,results_v3_lr0p01,small_cnn,sgd,10,128,20000,0.01,0.9,0.0005,cuda,False,False,2,69,226,-0.13692697882652283
fixed_random,2,results_v3_lr0p01,results_v3_lr0p01,small_cnn,sgd,10,128,20000,0.01,0.9,0.0005,cuda,False,False,2,70,227,-0.36191409826278687
fixed_random,2,results_v3_lr0p01,results_v3_lr0p01,small_cnn,sgd,10,128,20000,0.01,0.9,0.0005,cuda,False,False,2,71,228,0.14986573159694672
fixed_random,2,results_v3_lr0p01,results_v3_lr0p01,small_cnn,sgd,10,128,20000,0.01,0.9,0.0005,cuda,False,False,2,72,229,-0.16235852241516113
fixed_random,2,results_v3_lr0p01,results_v3_lr0p01,small_cnn,sgd,10,128,20000,0.01,0.9,0.0005,cuda,False,False,2,73,230,-0.09033741801977158
fixed_random,2,results_v3_lr0p01,results_v3_lr0p01,small_cnn,sgd,10,128,20000,0.01,0.9,0.0005,cuda,False,False,2,74,231,0.012961011379957199
fixed_random,2,results_v3_lr0p01,results_v3_lr0p01,small_cnn,sgd,10,128,20000,0.01,0.9,0.0005,cuda,False,False,2,75,232,0.3550623655319214
fixed_random,2,results_v3_lr0p01,results_v3_lr0p01,small_cnn,sgd,10,128,20000,0.01,0.9,0.0005,cuda,False,False,2,76,233,0.34640687704086304
fixed_random,2,results_v3_lr0p01,results_v3_lr0p01,small_cnn,sgd,10,128,20000,0.01,0.9,0.0005,cuda,False,False,2,77,234,-0.6069672107696533
fixed_random,2,results_v3_lr0p01,results_v3_lr0p01,small_cnn,sgd,10,128,20000,0.01,0.9,0.0005,cuda,False,False,2,78,235,0.4218013882637024
fixed_random,2,results_v3_lr0p01,results_v3_lr0p01,small_cnn,sgd,10,128,20000,0.01,0.9,0.0005,cuda,False,False,2,79,236,0.4859773516654968
fixed_random,2,results_v3_lr0p01,results_v3_lr0p01,small_cnn,sgd,10,128,20000,0.01,0.9,0.0005,cuda,False,False,2,80,237,0.10705212503671646
fixed_random,2,results_v3_lr0p01,results_v3_lr0p01,small_cnn,sgd,10,128,20000,0.01,0.9,0.0005,cuda,False,False,2,81,238,0.024009110406041145
fixed_random,2,results_v3_lr0p01,results_v3_lr0p01,small_cnn,sgd,10,128,20000,0.01,0.9,0.0005,cuda,False,False,2,82,239,0.18326884508132935
fixed_random,2,results_v3_lr0p01,results_v3_lr0p01,small_cnn,sgd,10,128,20000,0.01,0.9,0.0005,cuda,False,False,2,83,240,-0.5837575793266296
fixed_random,2,results_v3_lr0p01,results_v3_lr0p01,small_cnn,sgd,10,128,20000,0.01,0.9,0.0005,cuda,False,False,2,84,241,-0.5025940537452698
fixed_random,2,results_v3_lr0p01,results_v3_lr0p01,small_cnn,sgd,10,128,20000,0.01,0.9,0.0005,cuda,False,False,2,85,242,0.3038914203643799
fixed_random,2,results_v3_lr0p01,results_v3_lr0p01,small_cnn,sgd,10,128,20000,0.01,0.9,0.0005,cuda,False,False,2,86,243,0.3310975730419159
fixed_random,2,results_v3_lr0p01,results_v3_lr0p01,small_cnn,sgd,10,128,20000,0.01,0.9,0.0005,cuda,False,False,2,87,244,0.4679644703865051
fixed_random,2,results_v3_lr0p01,results_v3_lr0p01,small_cnn,sgd,10,128,20000,0.01,0.9,0.0005,cuda,False,False,2,88,245,-0.27761080861091614
fixed_random,2,results_v3_lr0p01,results_v3_lr0p01,small_cnn,sgd,10,128,20000,0.01,0.9,0.0005,cuda,False,False,2,89,246,0.04294963926076889
fixed_random,2,results_v3_lr0p01,results_v3_lr0p01,small_cnn,sgd,10,128,20000,0.01,0.9,0.0005,cuda,False,False,2,90,247,0.2639666199684143
fixed_random,2,results_v3_lr0p01,results_v3_lr0p01,small_cnn,sgd,10,128,20000,0.01,0.9,0.0005,cuda,False,False,2,91,248,0.6512752175331116
fixed_random,2,results_v3_lr0p01,results_v3_lr0p01,small_cnn,sgd,10,128,20000,0.01,0.9,0.0005,cuda,False,False,2,92,249,0.11549509316682816
fixed_random,2,results_v3_lr0p01,results_v3_lr0p01,small_cnn,sgd,10,128,20000,0.01,0.9,0.0005,cuda,False,False,2,93,250,0.5443539023399353
fixed_random,2,results_v3_lr0p01,results_v3_lr0p01,small_cnn,sgd,10,128,20000,0.01,0.9,0.0005,cuda,False,False,2,94,251,0.446292519569397
fixed_random,2,results_v3_lr0p01,results_v3_lr0p01,small_cnn,sgd,10,128,20000,0.01,0.9,0.0005,cuda,False,False,2,95,252,0.22393697500228882
fixed_random,2,results_v3_lr0p01,results_v3_lr0p01,small_cnn,sgd,10,128,20000,0.01,0.9,0.0005,cuda,False,False,2,96,253,0.4326021075248718
fixed_random,2,results_v3_lr0p01,results_v3_lr0p01,small_cnn,sgd,10,128,20000,0.01,0.9,0.0005,cuda,False,False,2,97,254,-0.050639454275369644
fixed_random,2,results_v3_lr0p01,results_v3_lr0p01,small_cnn,sgd,10,128,20000,0.01,0.9,0.0005,cuda,False,False,2,98,255,0.445065975189209
fixed_random,2,results_v3_lr0p01,results_v3_lr0p01,small_cnn,sgd,10,128,20000,0.01,0.9,0.0005,cuda,False,False,2,99,256,0.18420705199241638
fixed_random,2,results_v3_lr0p01,results_v3_lr0p01,small_cnn,sgd,10,128,20000,0.01,0.9,0.0005,cuda,False,False,2,100,257,0.5803234577178955
fixed_random,2,results_v3_lr0p01,results_v3_lr0p01,small_cnn,sgd,10,128,20000,0.01,0.9,0.0005,cuda,False,False,2,101,258,-0.27483686804771423
fixed_random,2,results_v3_lr0p01,results_v3_lr0p01,small_cnn,sgd,10,128,20000,0.01,0.9,0.0005,cuda,False,False,2,102,259,0.09612773358821869
fixed_random,2,results_v3_lr0p01,results_v3_lr0p01,small_cnn,sgd,10,128,20000,0.01,0.9,0.0005,cuda,False,False,2,103,260,0.617575466632843
fixed_random,2,results_v3_lr0p01,results_v3_lr0p01,small_cnn,sgd,10,128,20000,0.01,0.9,0.0005,cuda,False,False,2,104,261,-0.503835916519165
fixed_random,2,results_v3_lr0p01,results_v3_lr0p01,small_cnn,sgd,10,128,20000,0.01,0.9,0.0005,cuda,False,False,2,105,262,-0.4534764885902405
fixed_random,2,results_v3_lr0p01,results_v3_lr0p01,small_cnn,sgd,10,128,20000,0.01,0.9,0.0005,cuda,False,False,2,106,263,0.3319668173789978
fixed_random,2,results_v3_lr0p01,results_v3_lr0p01,small_cnn,sgd,10,128,20000,0.01,0.9,0.0005,cuda,False,False,2,107,264,0.2974683344364166
fixed_random,2,results_v3_lr0p01,results_v3_lr0p01,small_cnn,sgd,10,128,20000,0.01,0.9,0.0005,cuda,False,False,2,108,265,-0.03557109087705612
fixed_random,2,results_v3_lr0p01,results_v3_lr0p01,small_cnn,sgd,10,128,20000,0.01,0.9,0.0005,cuda,False,False,2,109,266,0.24351906776428223
fixed_random,2,results_v3_lr0p01,results_v3_lr0p01,small_cnn,sgd,10,128,20000,0.01,0.9,0.0005,cuda,False,False,2,110,267,0.5779433250427246
fixed_random,2,results_v3_lr0p01,results_v3_lr0p01,small_cnn,sgd,10,128,20000,0.01,0.9,0.0005,cuda,False,False,2,111,268,0.5719945430755615
fixed_random,2,results_v3_lr0p01,results_v3_lr0p01,small_cnn,sgd,10,128,20000,0.01,0.9,0.0005,cuda,False,False,2,112,269,0.17533144354820251
fixed_random,2,results_v3_lr0p01,results_v3_lr0p01,small_cnn,sgd,10,128,20000,0.01,0.9,0.0005,cuda,False,False,2,113,270,0.12569190561771393
fixed_random,2,results_v3_lr0p01,results_v3_lr0p01,small_cnn,sgd,10,128,20000,0.01,0.9,0.0005,cuda,False,False,2,114,271,0.11320428550243378
fixed_random,2,results_v3_lr0p01,results_v3_lr0p01,small_cnn,sgd,10,128,20000,0.01,0.9,0.0005,cuda,False,False,2,115,272,0.7079187631607056
fixed_random,2,results_v3_lr0p01,results_v3_lr0p01,small_cnn,sgd,10,128,20000,0.01,0.9,0.0005,cuda,False,False,2,116,273,0.6661822199821472
fixed_random,2,results_v3_lr0p01,results_v3_lr0p01,small_cnn,sgd,10,128,20000,0.01,0.9,0.0005,cuda,False,False,2,117,274,-0.07348162680864334
fixed_random,2,results_v3_lr0p01,results_v3_lr0p01,small_cnn,sgd,10,128,20000,0.01,0.9,0.0005,cuda,False,False,2,118,275,0.6007930636405945
fixed_random,2,results_v3_lr0p01,results_v3_lr0p01,small_cnn,sgd,10,128,20000,0.01,0.9,0.0005,cuda,False,False,2,119,276,0.46460551023483276
fixed_random,2,results_v3_lr0p01,results_v3_lr0p01,small_cnn,sgd,10,128,20000,0.01,0.9,0.0005,cuda,False,False,2,120,277,0.492739737033844
fixed_random,2,results_v3_lr0p01,results_v3_lr0p01,small_cnn,sgd,10,128,20000,0.01,0.9,0.0005,cuda,False,False,2,121,278,-0.6198707818984985
fixed_random,2,results_v3_lr0p01,results_v3_lr0p01,small_cnn,sgd,10,128,20000,0.01,0.9,0.0005,cuda,False,False,2,122,279,0.4796355962753296
fixed_random,2,results_v3_lr0p01,results_v3_lr0p01,small_cnn,sgd,10,128,20000,0.01,0.9,0.0005,cuda,False,False,2,123,280,0.6765646934509277
fixed_random,2,results_v3_lr0p01,results_v3_lr0p01,small_cnn,sgd,10,128,20000,0.01,0.9,0.0005,cuda,False,False,2,124,281,0.763733983039856
fixed_random,2,results_v3_lr0p01,results_v3_lr0p01,small_cnn,sgd,10,128,20000,0.01,0.9,0.0005,cuda,False,False,2,125,282,-0.46891966462135315
fixed_random,2,results_v3_lr0p01,results_v3_lr0p01,small_cnn,sgd,10,128,20000,0.01,0.9,0.0005,cuda,False,False,2,126,283,0.7426539659500122
fixed_random,2,results_v3_lr0p01,results_v3_lr0p01,small_cnn,sgd,10,128,20000,0.01,0.9,0.0005,cuda,False,False,2,127,284,0.6997493505477905
fixed_random,2,results_v3_lr0p01,results_v3_lr0p01,small_cnn,sgd,10,128,20000,0.01,0.9,0.0005,cuda,False,False,2,128,285,0.616470217704773
fixed_random,2,results_v3_lr0p01,results_v3_lr0p01,small_cnn,sgd,10,128,20000,0.01,0.9,0.0005,cuda,False,False,2,129,286,-0.19902463257312775
fixed_random,2,results_v3_lr0p01,results_v3_lr0p01,small_cnn,sgd,10,128,20000,0.01,0.9,0.0005,cuda,False,False,2,130,287,0.041406892240047455
fixed_random,2,results_v3_lr0p01,results_v3_lr0p01,small_cnn,sgd,10,128,20000,0.01,0.9,0.0005,cuda,False,False,2,131,288,0.3940938115119934
fixed_random,2,results_v3_lr0p01,results_v3_lr0p01,small_cnn,sgd,10,128,20000,0.01,0.9,0.0005,cuda,False,False,2,132,289,0.447101354598999
fixed_random,2,results_v3_lr0p01,results_v3_lr0p01,small_cnn,sgd,10,128,20000,0.01,0.9,0.0005,cuda,False,False,2,133,290,0.40661048889160156
fixed_random,2,results_v3_lr0p01,results_v3_lr0p01,small_cnn,sgd,10,128,20000,0.01,0.9,0.0005,cuda,False,False,2,134,291,0.28605836629867554
fixed_random,2,results_v3_lr0p01,results_v3_lr0p01,small_cnn,sgd,10,128,20000,0.01,0.9,0.0005,cuda,False,False,2,135,292,0.37413492798805237
fixed_random,2,results_v3_lr0p01,results_v3_lr0p01,small_cnn,sgd,10,128,20000,0.01,0.9,0.0005,cuda,False,False,2,136,293,-0.07890961319208145
fixed_random,2,results_v3_lr0p01,results_v3_lr0p01,small_cnn,sgd,10,128,20000,0.01,0.9,0.0005,cuda,False,False,2,137,294,0.13438819348812103
fixed_random,2,results_v3_lr0p01,results_v3_lr0p01,small_cnn,sgd,10,128,20000,0.01,0.9,0.0005,cuda,False,False,2,138,295,-0.30657804012298584
fixed_random,2,results_v3_lr0p01,results_v3_lr0p01,small_cnn,sgd,10,128,20000,0.01,0.9,0.0005,cuda,False,False,2,139,296,-0.001100286841392517
fixed_random,2,results_v3_lr0p01,results_v3_lr0p01,small_cnn,sgd,10,128,20000,0.01,0.9,0.0005,cuda,False,False,2,140,297,0.29895833134651184
fixed_random,2,results_v3_lr0p01,results_v3_lr0p01,small_cnn,sgd,10,128,20000,0.01,0.9,0.0005,cuda,False,False,2,141,298,0.6675286889076233
fixed_random,2,results_v3_lr0p01,results_v3_lr0p01,small_cnn,sgd,10,128,20000,0.01,0.9,0.0005,cuda,False,False,2,142,299,-0.0023207180202007294
fixed_random,2,results_v3_lr0p01,results_v3_lr0p01,small_cnn,sgd,10,128,20000,0.01,0.9,0.0005,cuda,False,False,2,143,300,0.2506093382835388
fixed_random,2,results_v3_lr0p01,results_v3_lr0p01,small_cnn,sgd,10,128,20000,0.01,0.9,0.0005,cuda,False,False,2,144,301,0.08313560485839844
fixed_random,2,results_v3_lr0p01,results_v3_lr0p01,small_cnn,sgd,10,128,20000,0.01,0.9,0.0005,cuda,False,False,2,145,302,0.612541913986206
fixed_random,2,results_v3_lr0p01,results_v3_lr0p01,small_cnn,sgd,10,128,20000,0.01,0.9,0.0005,cuda,False,False,2,146,303,0.5825014114379883
fixed_random,2,results_v3_lr0p01,results_v3_lr0p01,small_cnn,sgd,10,128,20000,0.01,0.9,0.0005,cuda,False,False,2,147,304,0.12920281291007996
fixed_random,2,results_v3_lr0p01,results_v3_lr0p01,small_cnn,sgd,10,128,20000,0.01,0.9,0.0005,cuda,False,False,2,148,305,0.4528799057006836
fixed_random,2,results_v3_lr0p01,results_v3_lr0p01,small_cnn,sgd,10,128,20000,0.01,0.9,0.0005,cuda,False,False,2,149,306,0.8098573684692383
fixed_random,2,results_v3_lr0p01,results_v3_lr0p01,small_cnn,sgd,10,128,20000,0.01,0.9,0.0005,cuda,False,False,2,150,307,0.5511415004730225
fixed_random,2,results_v3_lr0p01,results_v3_lr0p01,small_cnn,sgd,10,128,20000,0.01,0.9,0.0005,cuda,False,False,2,151,308,0.5712805390357971
fixed_random,2,results_v3_lr0p01,results_v3_lr0p01,small_cnn,sgd,10,128,20000,0.01,0.9,0.0005,cuda,False,False,2,152,309,0.2972049117088318
fixed_random,2,results_v3_lr0p01,results_v3_lr0p01,small_cnn,sgd,10,128,20000,0.01,0.9,0.0005,cuda,False,False,2,153,310,0.5248985886573792
fixed_random,2,results_v3_lr0p01,results_v3_lr0p01,small_cnn,sgd,10,128,20000,0.01,0.9,0.0005,cuda,False,False,2,154,311,0.508400022983551
fixed_random,2,results_v3_lr0p01,results_v3_lr0p01,small_cnn,sgd,10,128,20000,0.01,0.9,0.0005,cuda,False,False,2,155,312,0.7330964207649231
fixed_random,2,results_v3_lr0p01,results_v3_lr0p01,small_cnn,sgd,10,128,20000,0.01,0.9,0.0005,cuda,False,False,2,156,313,0.2355467975139618
fixed_random,2,results_v3_lr0p01,results_v3_lr0p01,small_cnn,sgd,10,128,20000,0.01,0.9,0.0005,cuda,False,False,2,157,314,0.14919279515743256
fixed_random,2,results_v3_lr0p01,results_v3_lr0p01,small_cnn,sgd,10,128,20000,0.01,0.9,0.0005,cuda,False,False,3,1,315,0.8273530602455139
fixed_random,2,results_v3_lr0p01,results_v3_lr0p01,small_cnn,sgd,10,128,20000,0.01,0.9,0.0005,cuda,False,False,3,2,316,0.7780226469039917
fixed_random,2,results_v3_lr0p01,results_v3_lr0p01,small_cnn,sgd,10,128,20000,0.01,0.9,0.0005,cuda,False,False,3,3,317,-0.41933175921440125
fixed_random,2,results_v3_lr0p01,results_v3_lr0p01,small_cnn,sgd,10,128,20000,0.01,0.9,0.0005,cuda,False,False,3,4,318,0.7402629256248474
fixed_random,2,results_v3_lr0p01,results_v3_lr0p01,small_cnn,sgd,10,128,20000,0.01,0.9,0.0005,cuda,False,False,3,5,319,0.757490336894989
fixed_random,2,results_v3_lr0p01,results_v3_lr0p01,small_cnn,sgd,10,128,20000,0.01,0.9,0.0005,cuda,False,False,3,6,320,0.3861730992794037
fixed_random,2,results_v3_lr0p01,results_v3_lr0p01,small_cnn,sgd,10,128,20000,0.01,0.9,0.0005,cuda,False,False,3,7,321,0.5523110032081604
fixed_random,2,results_v3_lr0p01,results_v3_lr0p01,small_cnn,sgd,10,128,20000,0.01,0.9,0.0005,cuda,False,False,3,8,322,0.15612685680389404
fixed_random,2,results_v3_lr0p01,results_v3_lr0p01,small_cnn,sgd,10,128,20000,0.01,0.9,0.0005,cuda,False,False,3,9,323,0.6171376705169678
fixed_random,2,results_v3_lr0p01,results_v3_lr0p01,small_cnn,sgd,10,128,20000,0.01,0.9,0.0005,cuda,False,False,3,10,324,0.4728567898273468
fixed_random,2,results_v3_lr0p01,results_v3_lr0p01,small_cnn,sgd,10,128,20000,0.01,0.9,0.0005,cuda,False,False,3,11,325,0.43971478939056396
fixed_random,2,results_v3_lr0p01,results_v3_lr0p01,small_cnn,sgd,10,128,20000,0.01,0.9,0.0005,cuda,False,False,3,12,326,0.3467008173465729
fixed_random,2,results_v3_lr0p01,results_v3_lr0p01,small_cnn,sgd,10,128,20000,0.01,0.9,0.0005,cuda,False,False,3,13,327,-0.1717558354139328
fixed_random,2,results_v3_lr0p01,results_v3_lr0p01,small_cnn,sgd,10,128,20000,0.01,0.9,0.0005,cuda,False,False,3,14,328,0.04086310416460037
fixed_random,2,results_v3_lr0p01,results_v3_lr0p01,small_cnn,sgd,10,128,20000,0.01,0.9,0.0005,cuda,False,False,3,15,329,0.5812104344367981
fixed_random,2,results_v3_lr0p01,results_v3_lr0p01,small_cnn,sgd,10,128,20000,0.01,0.9,0.0005,cuda,False,False,3,16,330,0.11755593121051788
fixed_random,2,results_v3_lr0p01,results_v3_lr0p01,small_cnn,sgd,10,128,20000,0.01,0.9,0.0005,cuda,False,False,3,17,331,0.5567424297332764
fixed_random,2,results_v3_lr0p01,results_v3_lr0p01,small_cnn,sgd,10,128,20000,0.01,0.9,0.0005,cuda,False,False,3,18,332,0.058185312896966934
fixed_random,2,results_v3_lr0p01,results_v3_lr0p01,small_cnn,sgd,10,128,20000,0.01,0.9,0.0005,cuda,False,False,3,19,333,0.24691903591156006
fixed_random,2,results_v3_lr0p01,results_v3_lr0p01,small_cnn,sgd,10,128,20000,0.01,0.9,0.0005,cuda,False,False,3,20,334,0.24308352172374725
fixed_random,2,results_v3_lr0p01,results_v3_lr0p01,small_cnn,sgd,10,128,20000,0.01,0.9,0.0005,cuda,False,False,3,21,335,0.7057560086250305
fixed_random,2,results_v3_lr0p01,results_v3_lr0p01,small_cnn,sgd,10,128,20000,0.01,0.9,0.0005,cuda,False,False,3,22,336,-0.39919915795326233
fixed_random,2,results_v3_lr0p01,results_v3_lr0p01,small_cnn,sgd,10,128,20000,0.01,0.9,0.0005,cuda,False,False,3,23,337,0.8583362102508545
fixed_random,2,results_v3_lr0p01,results_v3_lr0p01,small_cnn,sgd,10,128,20000,0.01,0.9,0.0005,cuda,False,False,3,24,338,0.384823203086853
fixed_random,2,results_v3_lr0p01,results_v3_lr0p01,small_cnn,sgd,10,128,20000,0.01,0.9,0.0005,cuda,False,False,3,25,339,0.5742895603179932
fixed_random,2,results_v3_lr0p01,results_v3_lr0p01,small_cnn,sgd,10,128,20000,0.01,0.9,0.0005,cuda,False,False,3,26,340,0.4724251627922058
fixed_random,2,results_v3_lr0p01,results_v3_lr0p01,small_cnn,sgd,10,128,20000,0.01,0.9,0.0005,cuda,False,False,3,27,341,0.16651380062103271
fixed_random,2,results_v3_lr0p01,results_v3_lr0p01,small_cnn,sgd,10,128,20000,0.01,0.9,0.0005,cuda,False,False,3,28,342,0.35066595673561096
fixed_random,2,results_v3_lr0p01,results_v3_lr0p01,small_cnn,sgd,10,128,20000,0.01,0.9,0.0005,cuda,False,False,3,29,343,0.27401942014694214
fixed_random,2,results_v3_lr0p01,results_v3_lr0p01,small_cnn,sgd,10,128,20000,0.01,0.9,0.0005,cuda,False,False,3,30,344,0.8346691131591797
fixed_random,2,results_v3_lr0p01,results_v3_lr0p01,small_cnn,sgd,10,128,20000,0.01,0.9,0.0005,cuda,False,False,3,31,345,0.009280551224946976
fixed_random,2,results_v3_lr0p01,results_v3_lr0p01,small_cnn,sgd,10,128,20000,0.01,0.9,0.0005,cuda,False,False,3,32,346,-0.43539905548095703
fixed_random,2,results_v3_lr0p01,results_v3_lr0p01,small_cnn,sgd,10,128,20000,0.01,0.9,0.0005,cuda,False,False,3,33,347,0.7648367881774902
fixed_random,2,results_v3_lr0p01,results_v3_lr0p01,small_cnn,sgd,10,128,20000,0.01,0.9,0.0005,cuda,False,False,3,34,348,0.4923526644706726
fixed_random,2,results_v3_lr0p01,results_v3_lr0p01,small_cnn,sgd,10,128,20000,0.01,0.9,0.0005,cuda,False,False,3,35,349,0.4424201250076294
fixed_random,2,results_v3_lr0p01,results_v3_lr0p01,small_cnn,sgd,10,128,20000,0.01,0.9,0.0005,cuda,False,False,3,36,350,0.45927485823631287
fixed_random,2,results_v3_lr0p01,results_v3_lr0p01,small_cnn,sgd,10,128,20000,0.01,0.9,0.0005,cuda,False,False,3,37,351,0.25464126467704773
fixed_random,2,results_v3_lr0p01,results_v3_lr0p01,small_cnn,sgd,10,128,20000,0.01,0.9,0.0005,cuda,False,False,3,38,352,-0.10131796449422836
fixed_random,2,results_v3_lr0p01,results_v3_lr0p01,small_cnn,sgd,10,128,20000,0.01,0.9,0.0005,cuda,False,False,3,39,353,0.004629310220479965
fixed_random,2,results_v3_lr0p01,results_v3_lr0p01,small_cnn,sgd,10,128,20000,0.01,0.9,0.0005,cuda,False,False,3,40,354,0.1312555968761444
fixed_random,2,results_v3_lr0p01,results_v3_lr0p01,small_cnn,sgd,10,128,20000,0.01,0.9,0.0005,cuda,False,False,3,41,355,0.48894956707954407
fixed_random,2,results_v3_lr0p01,results_v3_lr0p01,small_cnn,sgd,10,128,20000,0.01,0.9,0.0005,cuda,False,False,3,42,356,-0.22084224224090576
fixed_random,2,results_v3_lr0p01,results_v3_lr0p01,small_cnn,sgd,10,128,20000,0.01,0.9,0.0005,cuda,False,False,3,43,357,0.371501624584198
fixed_random,2,results_v3_lr0p01,results_v3_lr0p01,small_cnn,sgd,10,128,20000,0.01,0.9,0.0005,cuda,False,False,3,44,358,-0.13261663913726807
fixed_random,2,results_v3_lr0p01,results_v3_lr0p01,small_cnn,sgd,10,128,20000,0.01,0.9,0.0005,cuda,False,False,3,45,359,0.6550688743591309
fixed_random,2,results_v3_lr0p01,results_v3_lr0p01,small_cnn,sgd,10,128,20000,0.01,0.9,0.0005,cuda,False,False,3,46,360,0.7816002368927002
fixed_random,2,results_v3_lr0p01,results_v3_lr0p01,small_cnn,sgd,10,128,20000,0.01,0.9,0.0005,cuda,False,False,3,47,361,-0.027554046362638474
fixed_random,2,results_v3_lr0p01,results_v3_lr0p01,small_cnn,sgd,10,128,20000,0.01,0.9,0.0005,cuda,False,False,3,48,362,0.02795593999326229
fixed_random,2,results_v3_lr0p01,results_v3_lr0p01,small_cnn,sgd,10,128,20000,0.01,0.9,0.0005,cuda,False,False,3,49,363,0.6494569778442383
fixed_random,2,results_v3_lr0p01,results_v3_lr0p01,small_cnn,sgd,10,128,20000,0.01,0.9,0.0005,cuda,False,False,3,50,364,0.7488014698028564
fixed_random,2,results_v3_lr0p01,results_v3_lr0p01,small_cnn,sgd,10,128,20000,0.01,0.9,0.0005,cuda,False,False,3,51,365,0.23576313257217407
fixed_random,2,results_v3_lr0p01,results_v3_lr0p01,small_cnn,sgd,10,128,20000,0.01,0.9,0.0005,cuda,False,False,3,52,366,0.06286551803350449
fixed_random,2,results_v3_lr0p01,results_v3_lr0p01,small_cnn,sgd,10,128,20000,0.01,0.9,0.0005,cuda,False,False,3,53,367,-0.35661429166793823
fixed_random,2,results_v3_lr0p01,results_v3_lr0p01,small_cnn,sgd,10,128,20000,0.01,0.9,0.0005,cuda,False,False,3,54,368,0.6053293943405151
fixed_random,2,results_v3_lr0p01,results_v3_lr0p01,small_cnn,sgd,10,128,20000,0.01,0.9,0.0005,cuda,False,False,3,55,369,0.4945502281188965
fixed_random,2,results_v3_lr0p01,results_v3_lr0p01,small_cnn,sgd,10,128,20000,0.01,0.9,0.0005,cuda,False,False,3,56,370,0.5786648988723755
fixed_random,2,results_v3_lr0p01,results_v3_lr0p01,small_cnn,sgd,10,128,20000,0.01,0.9,0.0005,cuda,False,False,3,57,371,0.32416462898254395
fixed_random,2,results_v3_lr0p01,results_v3_lr0p01,small_cnn,sgd,10,128,20000,0.01,0.9,0.0005,cuda,False,False,3,58,372,-0.31490185856819153
fixed_random,2,results_v3_lr0p01,results_v3_lr0p01,small_cnn,sgd,10,128,20000,0.01,0.9,0.0005,cuda,False,False,3,59,373,0.7575184106826782
fixed_random,2,results_v3_lr0p01,results_v3_lr0p01,small_cnn,sgd,10,128,20000,0.01,0.9,0.0005,cuda,False,False,3,60,374,0.701501190662384
fixed_random,2,results_v3_lr0p01,results_v3_lr0p01,small_cnn,sgd,10,128,20000,0.01,0.9,0.0005,cuda,False,False,3,61,375,0.002777043730020523
fixed_random,2,results_v3_lr0p01,results_v3_lr0p01,small_cnn,sgd,10,128,20000,0.01,0.9,0.0005,cuda,False,False,3,62,376,0.4780648350715637
fixed_random,2,results_v3_lr0p01,results_v3_lr0p01,small_cnn,sgd,10,128,20000,0.01,0.9,0.0005,cuda,False,False,3,63,377,0.30983588099479675
fixed_random,2,results_v3_lr0p01,results_v3_lr0p01,small_cnn,sgd,10,128,20000,0.01,0.9,0.0005,cuda,False,False,3,64,378,0.7613056302070618
fixed_random,2,results_v3_lr0p01,results_v3_lr0p01,small_cnn,sgd,10,128,20000,0.01,0.9,0.0005,cuda,False,False,3,65,379,0.1725963056087494
fixed_random,2,results_v3_lr0p01,results_v3_lr0p01,small_cnn,sgd,10,128,20000,0.01,0.9,0.0005,cuda,False,False,3,66,380,0.2539215087890625
fixed_random,2,results_v3_lr0p01,results_v3_lr0p01,small_cnn,sgd,10,128,20000,0.01,0.9,0.0005,cuda,False,False,3,67,381,0.010719895362854004
fixed_random,2,results_v3_lr0p01,results_v3_lr0p01,small_cnn,sgd,10,128,20000,0.01,0.9,0.0005,cuda,False,False,3,68,382,0.5785216689109802
fixed_random,2,results_v3_lr0p01,results_v3_lr0p01,small_cnn,sgd,10,128,20000,0.01,0.9,0.0005,cuda,False,False,3,69,383,0.14670942723751068
fixed_random,2,results_v3_lr0p01,results_v3_lr0p01,small_cnn,sgd,10,128,20000,0.01,0.9,0.0005,cuda,False,False,3,70,384,-0.06415930390357971
fixed_random,2,results_v3_lr0p01,results_v3_lr0p01,small_cnn,sgd,10,128,20000,0.01,0.9,0.0005,cuda,False,False,3,71,385,0.2508261203765869
fixed_random,2,results_v3_lr0p01,results_v3_lr0p01,small_cnn,sgd,10,128,20000,0.01,0.9,0.0005,cuda,False,False,3,72,386,-0.41489699482917786
fixed_random,2,results_v3_lr0p01,results_v3_lr0p01,small_cnn,sgd,10,128,20000,0.01,0.9,0.0005,cuda,False,False,3,73,387,0.180728018283844
fixed_random,2,results_v3_lr0p01,results_v3_lr0p01,small_cnn,sgd,10,128,20000,0.01,0.9,0.0005,cuda,False,False,3,74,388,0.2689051032066345
fixed_random,2,results_v3_lr0p01,results_v3_lr0p01,small_cnn,sgd,10,128,20000,0.01,0.9,0.0005,cuda,False,False,3,75,389,0.6308916807174683
fixed_random,2,results_v3_lr0p01,results_v3_lr0p01,small_cnn,sgd,10,128,20000,0.01,0.9,0.0005,cuda,False,False,3,76,390,-0.09770667552947998
fixed_random,2,results_v3_lr0p01,results_v3_lr0p01,small_cnn,sgd,10,128,20000,0.01,0.9,0.0005,cuda,False,False,3,77,391,-0.5572307109832764
fixed_random,2,results_v3_lr0p01,results_v3_lr0p01,small_cnn,sgd,10,128,20000,0.01,0.9,0.0005,cuda,False,False,3,78,392,0.5231863260269165
fixed_random,2,results_v3_lr0p01,results_v3_lr0p01,small_cnn,sgd,10,128,20000,0.01,0.9,0.0005,cuda,False,False,3,79,393,0.5266304016113281
fixed_random,2,results_v3_lr0p01,results_v3_lr0p01,small_cnn,sgd,10,128,20000,0.01,0.9,0.0005,cuda,False,False,3,80,394,0.6876463294029236
fixed_random,2,results_v3_lr0p01,results_v3_lr0p01,small_cnn,sgd,10,128,20000,0.01,0.9,0.0005,cuda,False,False,3,81,395,0.3290857970714569
fixed_random,2,results_v3_lr0p01,results_v3_lr0p01,small_cnn,sgd,10,128,20000,0.01,0.9,0.0005,cuda,False,False,3,82,396,0.008988490328192711
fixed_random,2,results_v3_lr0p01,results_v3_lr0p01,small_cnn,sgd,10,128,20000,0.01,0.9,0.0005,cuda,False,False,3,83,397,0.15475617349147797
fixed_random,2,results_v3_lr0p01,results_v3_lr0p01,small_cnn,sgd,10,128,20000,0.01,0.9,0.0005,cuda,False,False,3,84,398,0.44204938411712646
fixed_random,2,results_v3_lr0p01,results_v3_lr0p01,small_cnn,sgd,10,128,20000,0.01,0.9,0.0005,cuda,False,False,3,85,399,0.28659290075302124
fixed_random,2,results_v3_lr0p01,results_v3_lr0p01,small_cnn,sgd,10,128,20000,0.01,0.9,0.0005,cuda,False,False,3,86,400,0.138071671128273
fixed_random,2,results_v3_lr0p01,results_v3_lr0p01,small_cnn,sgd,10,128,20000,0.01,0.9,0.0005,cuda,False,False,3,87,401,0.23731106519699097
fixed_random,2,results_v3_lr0p01,results_v3_lr0p01,small_cnn,sgd,10,128,20000,0.01,0.9,0.0005,cuda,False,False,3,88,402,0.16288398206233978
fixed_random,2,results_v3_lr0p01,results_v3_lr0p01,small_cnn,sgd,10,128,20000,0.01,0.9,0.0005,cuda,False,False,3,89,403,0.061747290194034576
fixed_random,2,results_v3_lr0p01,results_v3_lr0p01,small_cnn,sgd,10,128,20000,0.01,0.9,0.0005,cuda,False,False,3,90,404,0.23848241567611694
fixed_random,2,results_v3_lr0p01,results_v3_lr0p01,small_cnn,sgd,10,128,20000,0.01,0.9,0.0005,cuda,False,False,3,91,405,0.7495893836021423
fixed_random,2,results_v3_lr0p01,results_v3_lr0p01,small_cnn,sgd,10,128,20000,0.01,0.9,0.0005,cuda,False,False,3,92,406,-0.10848363488912582
fixed_random,2,results_v3_lr0p01,results_v3_lr0p01,small_cnn,sgd,10,128,20000,0.01,0.9,0.0005,cuda,False,False,3,93,407,0.12062794715166092
fixed_random,2,results_v3_lr0p01,results_v3_lr0p01,small_cnn,sgd,10,128,20000,0.01,0.9,0.0005,cuda,False,False,3,94,408,0.2732595205307007
fixed_random,2,results_v3_lr0p01,results_v3_lr0p01,small_cnn,sgd,10,128,20000,0.01,0.9,0.0005,cuda,False,False,3,95,409,0.3525885343551636
fixed_random,2,results_v3_lr0p01,results_v3_lr0p01,small_cnn,sgd,10,128,20000,0.01,0.9,0.0005,cuda,False,False,3,96,410,0.5008213520050049
fixed_random,2,results_v3_lr0p01,results_v3_lr0p01,small_cnn,sgd,10,128,20000,0.01,0.9,0.0005,cuda,False,False,3,97,411,-0.3210110068321228
fixed_random,2,results_v3_lr0p01,results_v3_lr0p01,small_cnn,sgd,10,128,20000,0.01,0.9,0.0005,cuda,False,False,3,98,412,0.22168178856372833
fixed_random,2,results_v3_lr0p01,results_v3_lr0p01,small_cnn,sgd,10,128,20000,0.01,0.9,0.0005,cuda,False,False,3,99,413,0.5312389135360718
fixed_random,2,results_v3_lr0p01,results_v3_lr0p01,small_cnn,sgd,10,128,20000,0.01,0.9,0.0005,cuda,False,False,3,100,414,0.613431453704834
fixed_random,2,results_v3_lr0p01,results_v3_lr0p01,small_cnn,sgd,10,128,20000,0.01,0.9,0.0005,cuda,False,False,3,101,415,-0.1683645248413086
fixed_random,2,results_v3_lr0p01,results_v3_lr0p01,small_cnn,sgd,10,128,20000,0.01,0.9,0.0005,cuda,False,False,3,102,416,0.1762596070766449
fixed_random,2,results_v3_lr0p01,results_v3_lr0p01,small_cnn,sgd,10,128,20000,0.01,0.9,0.0005,cuda,False,False,3,103,417,0.6197104454040527
fixed_random,2,results_v3_lr0p01,results_v3_lr0p01,small_cnn,sgd,10,128,20000,0.01,0.9,0.0005,cuda,False,False,3,104,418,-0.5829442143440247
fixed_random,2,results_v3_lr0p01,results_v3_lr0p01,small_cnn,sgd,10,128,20000,0.01,0.9,0.0005,cuda,False,False,3,105,419,-0.19827933609485626
fixed_random,2,results_v3_lr0p01,results_v3_lr0p01,small_cnn,sgd,10,128,20000,0.01,0.9,0.0005,cuda,False,False,3,106,420,0.1719961315393448
fixed_random,2,results_v3_lr0p01,results_v3_lr0p01,small_cnn,sgd,10,128,20000,0.01,0.9,0.0005,cuda,False,False,3,107,421,0.4194261431694031
fixed_random,2,results_v3_lr0p01,results_v3_lr0p01,small_cnn,sgd,10,128,20000,0.01,0.9,0.0005,cuda,False,False,3,108,422,-0.2409728765487671
fixed_random,2,results_v3_lr0p01,results_v3_lr0p01,small_cnn,sgd,10,128,20000,0.01,0.9,0.0005,cuda,False,False,3,109,423,0.13674841821193695
fixed_random,2,results_v3_lr0p01,results_v3_lr0p01,small_cnn,sgd,10,128,20000,0.01,0.9,0.0005,cuda,False,False,3,110,424,-0.001349157653748989
fixed_random,2,results_v3_lr0p01,results_v3_lr0p01,small_cnn,sgd,10,128,20000,0.01,0.9,0.0005,cuda,False,False,3,111,425,0.44218501448631287
fixed_random,2,results_v3_lr0p01,results_v3_lr0p01,small_cnn,sgd,10,128,20000,0.01,0.9,0.0005,cuda,False,False,3,112,426,0.3349073529243469
fixed_random,2,results_v3_lr0p01,results_v3_lr0p01,small_cnn,sgd,10,128,20000,0.01,0.9,0.0005,cuda,False,False,3,113,427,0.3746407628059387
fixed_random,2,results_v3_lr0p01,results_v3_lr0p01,small_cnn,sgd,10,128,20000,0.01,0.9,0.0005,cuda,False,False,3,114,428,-0.3499275743961334
fixed_random,2,results_v3_lr0p01,results_v3_lr0p01,small_cnn,sgd,10,128,20000,0.01,0.9,0.0005,cuda,False,False,3,115,429,0.4752544164657593
fixed_random,2,results_v3_lr0p01,results_v3_lr0p01,small_cnn,sgd,10,128,20000,0.01,0.9,0.0005,cuda,False,False,3,116,430,0.6372014284133911
fixed_random,2,results_v3_lr0p01,results_v3_lr0p01,small_cnn,sgd,10,128,20000,0.01,0.9,0.0005,cuda,False,False,3,117,431,0.4570406675338745
fixed_random,2,results_v3_lr0p01,results_v3_lr0p01,small_cnn,sgd,10,128,20000,0.01,0.9,0.0005,cuda,False,False,3,118,432,0.11166460812091827
fixed_random,2,results_v3_lr0p01,results_v3_lr0p01,small_cnn,sgd,10,128,20000,0.01,0.9,0.0005,cuda,False,False,3,119,433,0.00079336017370224
fixed_random,2,results_v3_lr0p01,results_v3_lr0p01,small_cnn,sgd,10,128,20000,0.01,0.9,0.0005,cuda,False,False,3,120,434,0.4132315218448639
fixed_random,2,results_v3_lr0p01,results_v3_lr0p01,small_cnn,sgd,10,128,20000,0.01,0.9,0.0005,cuda,False,False,3,121,435,-0.2480628490447998
fixed_random,2,results_v3_lr0p01,results_v3_lr0p01,small_cnn,sgd,10,128,20000,0.01,0.9,0.0005,cuda,False,False,3,122,436,-0.05667087808251381
fixed_random,2,results_v3_lr0p01,results_v3_lr0p01,small_cnn,sgd,10,128,20000,0.01,0.9,0.0005,cuda,False,False,3,123,437,0.009234465658664703
fixed_random,2,results_v3_lr0p01,results_v3_lr0p01,small_cnn,sgd,10,128,20000,0.01,0.9,0.0005,cuda,False,False,3,124,438,0.4316895008087158
fixed_random,2,results_v3_lr0p01,results_v3_lr0p01,small_cnn,sgd,10,128,20000,0.01,0.9,0.0005,cuda,False,False,3,125,439,0.07197060436010361
fixed_random,2,results_v3_lr0p01,results_v3_lr0p01,small_cnn,sgd,10,128,20000,0.01,0.9,0.0005,cuda,False,False,3,126,440,0.6928439736366272
fixed_random,2,results_v3_lr0p01,results_v3_lr0p01,small_cnn,sgd,10,128,20000,0.01,0.9,0.0005,cuda,False,False,3,127,441,0.35658231377601624
fixed_random,2,results_v3_lr0p01,results_v3_lr0p01,small_cnn,sgd,10,128,20000,0.01,0.9,0.0005,cuda,False,False,3,128,442,0.6245329976081848
fixed_random,2,results_v3_lr0p01,results_v3_lr0p01,small_cnn,sgd,10,128,20000,0.01,0.9,0.0005,cuda,False,False,3,129,443,-0.12568606436252594
fixed_random,2,results_v3_lr0p01,results_v3_lr0p01,small_cnn,sgd,10,128,20000,0.01,0.9,0.0005,cuda,False,False,3,130,444,-0.44995206594467163
fixed_random,2,results_v3_lr0p01,results_v3_lr0p01,small_cnn,sgd,10,128,20000,0.01,0.9,0.0005,cuda,False,False,3,131,445,0.28310197591781616
fixed_random,2,results_v3_lr0p01,results_v3_lr0p01,small_cnn,sgd,10,128,20000,0.01,0.9,0.0005,cuda,False,False,3,132,446,0.6060022711753845
fixed_random,2,results_v3_lr0p01,results_v3_lr0p01,small_cnn,sgd,10,128,20000,0.01,0.9,0.0005,cuda,False,False,3,133,447,0.5160486698150635
fixed_random,2,results_v3_lr0p01,results_v3_lr0p01,small_cnn,sgd,10,128,20000,0.01,0.9,0.0005,cuda,False,False,3,134,448,0.33817973732948303
fixed_random,2,results_v3_lr0p01,results_v3_lr0p01,small_cnn,sgd,10,128,20000,0.01,0.9,0.0005,cuda,False,False,3,135,449,0.03927214443683624
fixed_random,2,results_v3_lr0p01,results_v3_lr0p01,small_cnn,sgd,10,128,20000,0.01,0.9,0.0005,cuda,False,False,3,136,450,0.6295177936553955
fixed_random,2,results_v3_lr0p01,results_v3_lr0p01,small_cnn,sgd,10,128,20000,0.01,0.9,0.0005,cuda,False,False,3,137,451,0.22170397639274597
fixed_random,2,results_v3_lr0p01,results_v3_lr0p01,small_cnn,sgd,10,128,20000,0.01,0.9,0.0005,cuda,False,False,3,138,452,0.09600984305143356
fixed_random,2,results_v3_lr0p01,results_v3_lr0p01,small_cnn,sgd,10,128,20000,0.01,0.9,0.0005,cuda,False,False,3,139,453,-0.25439339876174927
fixed_random,2,results_v3_lr0p01,results_v3_lr0p01,small_cnn,sgd,10,128,20000,0.01,0.9,0.0005,cuda,False,False,3,140,454,0.5662598013877869
fixed_random,2,results_v3_lr0p01,results_v3_lr0p01,small_cnn,sgd,10,128,20000,0.01,0.9,0.0005,cuda,False,False,3,141,455,0.6394518613815308
fixed_random,2,results_v3_lr0p01,results_v3_lr0p01,small_cnn,sgd,10,128,20000,0.01,0.9,0.0005,cuda,False,False,3,142,456,0.32168787717819214
fixed_random,2,results_v3_lr0p01,results_v3_lr0p01,small_cnn,sgd,10,128,20000,0.01,0.9,0.0005,cuda,False,False,3,143,457,0.3686326742172241
fixed_random,2,results_v3_lr0p01,results_v3_lr0p01,small_cnn,sgd,10,128,20000,0.01,0.9,0.0005,cuda,False,False,3,144,458,0.3746425211429596
fixed_random,2,results_v3_lr0p01,results_v3_lr0p01,small_cnn,sgd,10,128,20000,0.01,0.9,0.0005,cuda,False,False,3,145,459,0.6736510396003723
fixed_random,2,results_v3_lr0p01,results_v3_lr0p01,small_cnn,sgd,10,128,20000,0.01,0.9,0.0005,cuda,False,False,3,146,460,0.6532390713691711
fixed_random,2,results_v3_lr0p01,results_v3_lr0p01,small_cnn,sgd,10,128,20000,0.01,0.9,0.0005,cuda,False,False,3,147,461,0.3941592574119568
fixed_random,2,results_v3_lr0p01,results_v3_lr0p01,small_cnn,sgd,10,128,20000,0.01,0.9,0.0005,cuda,False,False,3,148,462,0.2837679386138916
fixed_random,2,results_v3_lr0p01,results_v3_lr0p01,small_cnn,sgd,10,128,20000,0.01,0.9,0.0005,cuda,False,False,3,149,463,0.7509225606918335
fixed_random,2,results_v3_lr0p01,results_v3_lr0p01,small_cnn,sgd,10,128,20000,0.01,0.9,0.0005,cuda,False,False,3,150,464,0.6181966066360474
fixed_random,2,results_v3_lr0p01,results_v3_lr0p01,small_cnn,sgd,10,128,20000,0.01,0.9,0.0005,cuda,False,False,3,151,465,0.47911006212234497
fixed_random,2,results_v3_lr0p01,results_v3_lr0p01,small_cnn,sgd,10,128,20000,0.01,0.9,0.0005,cuda,False,False,3,152,466,0.3691660761833191
fixed_random,2,results_v3_lr0p01,results_v3_lr0p01,small_cnn,sgd,10,128,20000,0.01,0.9,0.0005,cuda,False,False,3,153,467,0.5455086827278137
fixed_random,2,results_v3_lr0p01,results_v3_lr0p01,small_cnn,sgd,10,128,20000,0.01,0.9,0.0005,cuda,False,False,3,154,468,0.7540847063064575
fixed_random,2,results_v3_lr0p01,results_v3_lr0p01,small_cnn,sgd,10,128,20000,0.01,0.9,0.0005,cuda,False,False,3,155,469,0.7477666735649109
fixed_random,2,results_v3_lr0p01,results_v3_lr0p01,small_cnn,sgd,10,128,20000,0.01,0.9,0.0005,cuda,False,False,3,156,470,0.08746876567602158
fixed_random,2,results_v3_lr0p01,results_v3_lr0p01,small_cnn,sgd,10,128,20000,0.01,0.9,0.0005,cuda,False,False,3,157,471,0.5390805602073669
fixed_random,2,results_v3_lr0p01,results_v3_lr0p01,small_cnn,sgd,10,128,20000,0.01,0.9,0.0005,cuda,False,False,4,1,472,0.5440840721130371
fixed_random,2,results_v3_lr0p01,results_v3_lr0p01,small_cnn,sgd,10,128,20000,0.01,0.9,0.0005,cuda,False,False,4,2,473,0.8790370225906372
fixed_random,2,results_v3_lr0p01,results_v3_lr0p01,small_cnn,sgd,10,128,20000,0.01,0.9,0.0005,cuda,False,False,4,3,474,0.7506194710731506
fixed_random,2,results_v3_lr0p01,results_v3_lr0p01,small_cnn,sgd,10,128,20000,0.01,0.9,0.0005,cuda,False,False,4,4,475,0.2792098820209503
fixed_random,2,results_v3_lr0p01,results_v3_lr0p01,small_cnn,sgd,10,128,20000,0.01,0.9,0.0005,cuda,False,False,4,5,476,0.19276194274425507
fixed_random,2,results_v3_lr0p01,results_v3_lr0p01,small_cnn,sgd,10,128,20000,0.01,0.9,0.0005,cuda,False,False,4,6,477,0.14463700354099274
fixed_random,2,results_v3_lr0p01,results_v3_lr0p01,small_cnn,sgd,10,128,20000,0.01,0.9,0.0005,cuda,False,False,4,7,478,0.5586345195770264
fixed_random,2,results_v3_lr0p01,results_v3_lr0p01,small_cnn,sgd,10,128,20000,0.01,0.9,0.0005,cuda,False,False,4,8,479,0.5610774755477905
fixed_random,2,results_v3_lr0p01,results_v3_lr0p01,small_cnn,sgd,10,128,20000,0.01,0.9,0.0005,cuda,False,False,4,9,480,0.8159894943237305
fixed_random,2,results_v3_lr0p01,results_v3_lr0p01,small_cnn,sgd,10,128,20000,0.01,0.9,0.0005,cuda,False,False,4,10,481,0.08790148794651031
fixed_random,2,results_v3_lr0p01,results_v3_lr0p01,small_cnn,sgd,10,128,20000,0.01,0.9,0.0005,cuda,False,False,4,11,482,0.42613983154296875
fixed_random,2,results_v3_lr0p01,results_v3_lr0p01,small_cnn,sgd,10,128,20000,0.01,0.9,0.0005,cuda,False,False,4,12,483,0.49030807614326477
fixed_random,2,results_v3_lr0p01,results_v3_lr0p01,small_cnn,sgd,10,128,20000,0.01,0.9,0.0005,cuda,False,False,4,13,484,0.11360973119735718
fixed_random,2,results_v3_lr0p01,results_v3_lr0p01,small_cnn,sgd,10,128,20000,0.01,0.9,0.0005,cuda,False,False,4,14,485,0.03386367857456207
fixed_random,2,results_v3_lr0p01,results_v3_lr0p01,small_cnn,sgd,10,128,20000,0.01,0.9,0.0005,cuda,False,False,4,15,486,0.6878362894058228
fixed_random,2,results_v3_lr0p01,results_v3_lr0p01,small_cnn,sgd,10,128,20000,0.01,0.9,0.0005,cuda,False,False,4,16,487,0.4025641679763794
fixed_random,2,results_v3_lr0p01,results_v3_lr0p01,small_cnn,sgd,10,128,20000,0.01,0.9,0.0005,cuda,False,False,4,17,488,0.47234517335891724
fixed_random,2,results_v3_lr0p01,results_v3_lr0p01,small_cnn,sgd,10,128,20000,0.01,0.9,0.0005,cuda,False,False,4,18,489,0.27663156390190125
fixed_random,2,results_v3_lr0p01,results_v3_lr0p01,small_cnn,sgd,10,128,20000,0.01,0.9,0.0005,cuda,False,False,4,19,490,0.1256599724292755
fixed_random,2,results_v3_lr0p01,results_v3_lr0p01,small_cnn,sgd,10,128,20000,0.01,0.9,0.0005,cuda,False,False,4,20,491,0.26575636863708496
fixed_random,2,results_v3_lr0p01,results_v3_lr0p01,small_cnn,sgd,10,128,20000,0.01,0.9,0.0005,cuda,False,False,4,21,492,0.7586550712585449
fixed_random,2,results_v3_lr0p01,results_v3_lr0p01,small_cnn,sgd,10,128,20000,0.01,0.9,0.0005,cuda,False,False,4,22,493,-0.12225054949522018
fixed_random,2,results_v3_lr0p01,results_v3_lr0p01,small_cnn,sgd,10,128,20000,0.01,0.9,0.0005,cuda,False,False,4,23,494,0.495109498500824
fixed_random,2,results_v3_lr0p01,results_v3_lr0p01,small_cnn,sgd,10,128,20000,0.01,0.9,0.0005,cuda,False,False,4,24,495,0.47627583146095276
fixed_random,2,results_v3_lr0p01,results_v3_lr0p01,small_cnn,sgd,10,128,20000,0.01,0.9,0.0005,cuda,False,False,4,25,496,0.3547031283378601
fixed_random,2,results_v3_lr0p01,results_v3_lr0p01,small_cnn,sgd,10,128,20000,0.01,0.9,0.0005,cuda,False,False,4,26,497,0.6957038640975952
fixed_random,2,results_v3_lr0p01,results_v3_lr0p01,small_cnn,sgd,10,128,20000,0.01,0.9,0.0005,cuda,False,False,4,27,498,0.38780564069747925
fixed_random,2,results_v3_lr0p01,results_v3_lr0p01,small_cnn,sgd,10,128,20000,0.01,0.9,0.0005,cuda,False,False,4,28,499,0.25738513469696045
fixed_random,2,results_v3_lr0p01,results_v3_lr0p01,small_cnn,sgd,10,128,20000,0.01,0.9,0.0005,cuda,False,False,4,29,500,0.0226886086165905
fixed_random,2,results_v3_lr0p01,results_v3_lr0p01,small_cnn,sgd,10,128,20000,0.01,0.9,0.0005,cuda,False,False,4,30,501,0.7540371417999268
fixed_random,2,results_v3_lr0p01,results_v3_lr0p01,small_cnn,sgd,10,128,20000,0.01,0.9,0.0005,cuda,False,False,4,31,502,0.21702472865581512
fixed_random,2,results_v3_lr0p01,results_v3_lr0p01,small_cnn,sgd,10,128,20000,0.01,0.9,0.0005,cuda,False,False,4,32,503,0.06049409508705139
fixed_random,2,results_v3_lr0p01,results_v3_lr0p01,small_cnn,sgd,10,128,20000,0.01,0.9,0.0005,cuda,False,False,4,33,504,0.17232036590576172
fixed_random,2,results_v3_lr0p01,results_v3_lr0p01,small_cnn,sgd,10,128,20000,0.01,0.9,0.0005,cuda,False,False,4,34,505,0.2494131624698639
fixed_random,2,results_v3_lr0p01,results_v3_lr0p01,small_cnn,sgd,10,128,20000,0.01,0.9,0.0005,cuda,False,False,4,35,506,0.2451719492673874
fixed_random,2,results_v3_lr0p01,results_v3_lr0p01,small_cnn,sgd,10,128,20000,0.01,0.9,0.0005,cuda,False,False,4,36,507,0.5687408447265625
fixed_random,2,results_v3_lr0p01,results_v3_lr0p01,small_cnn,sgd,10,128,20000,0.01,0.9,0.0005,cuda,False,False,4,37,508,0.6330472826957703
fixed_random,2,results_v3_lr0p01,results_v3_lr0p01,small_cnn,sgd,10,128,20000,0.01,0.9,0.0005,cuda,False,False,4,38,509,0.32537323236465454
fixed_random,2,results_v3_lr0p01,results_v3_lr0p01,small_cnn,sgd,10,128,20000,0.01,0.9,0.0005,cuda,False,False,4,39,510,0.4337642192840576
fixed_random,2,results_v3_lr0p01,results_v3_lr0p01,small_cnn,sgd,10,128,20000,0.01,0.9,0.0005,cuda,False,False,4,40,511,-0.3681551516056061
fixed_random,2,results_v3_lr0p01,results_v3_lr0p01,small_cnn,sgd,10,128,20000,0.01,0.9,0.0005,cuda,False,False,4,41,512,0.47225838899612427
fixed_random,2,results_v3_lr0p01,results_v3_lr0p01,small_cnn,sgd,10,128,20000,0.01,0.9,0.0005,cuda,False,False,4,42,513,0.20134389400482178
fixed_random,2,results_v3_lr0p01,results_v3_lr0p01,small_cnn,sgd,10,128,20000,0.01,0.9,0.0005,cuda,False,False,4,43,514,0.6898565292358398
fixed_random,2,results_v3_lr0p01,results_v3_lr0p01,small_cnn,sgd,10,128,20000,0.01,0.9,0.0005,cuda,False,False,4,44,515,0.5723129510879517
fixed_random,2,results_v3_lr0p01,results_v3_lr0p01,small_cnn,sgd,10,128,20000,0.01,0.9,0.0005,cuda,False,False,4,45,516,0.03592461347579956
fixed_random,2,results_v3_lr0p01,results_v3_lr0p01,small_cnn,sgd,10,128,20000,0.01,0.9,0.0005,cuda,False,False,4,46,517,0.23452500998973846
fixed_random,2,results_v3_lr0p01,results_v3_lr0p01,small_cnn,sgd,10,128,20000,0.01,0.9,0.0005,cuda,False,False,4,47,518,0.7425299882888794
fixed_random,2,results_v3_lr0p01,results_v3_lr0p01,small_cnn,sgd,10,128,20000,0.01,0.9,0.0005,cuda,False,False,4,48,519,0.17782406508922577
fixed_random,2,results_v3_lr0p01,results_v3_lr0p01,small_cnn,sgd,10,128,20000,0.01,0.9,0.0005,cuda,False,False,4,49,520,-0.26179420948028564
fixed_random,2,results_v3_lr0p01,results_v3_lr0p01,small_cnn,sgd,10,128,20000,0.01,0.9,0.0005,cuda,False,False,4,50,521,0.3000352382659912
fixed_random,2,results_v3_lr0p01,results_v3_lr0p01,small_cnn,sgd,10,128,20000,0.01,0.9,0.0005,cuda,False,False,4,51,522,0.3283226490020752
fixed_random,2,results_v3_lr0p01,results_v3_lr0p01,small_cnn,sgd,10,128,20000,0.01,0.9,0.0005,cuda,False,False,4,52,523,-0.23150521516799927
fixed_random,2,results_v3_lr0p01,results_v3_lr0p01,small_cnn,sgd,10,128,20000,0.01,0.9,0.0005,cuda,False,False,4,53,524,-0.14061161875724792
fixed_random,2,results_v3_lr0p01,results_v3_lr0p01,small_cnn,sgd,10,128,20000,0.01,0.9,0.0005,cuda,False,False,4,54,525,0.29508066177368164
fixed_random,2,results_v3_lr0p01,results_v3_lr0p01,small_cnn,sgd,10,128,20000,0.01,0.9,0.0005,cuda,False,False,4,55,526,0.3639359772205353
fixed_random,2,results_v3_lr0p01,results_v3_lr0p01,small_cnn,sgd,10,128,20000,0.01,0.9,0.0005,cuda,False,False,4,56,527,-0.3270358741283417
fixed_random,2,results_v3_lr0p01,results_v3_lr0p01,small_cnn,sgd,10,128,20000,0.01,0.9,0.0005,cuda,False,False,4,57,528,0.5726656317710876
fixed_random,2,results_v3_lr0p01,results_v3_lr0p01,small_cnn,sgd,10,128,20000,0.01,0.9,0.0005,cuda,False,False,4,58,529,-0.14027859270572662
fixed_random,2,results_v3_lr0p01,results_v3_lr0p01,small_cnn,sgd,10,128,20000,0.01,0.9,0.0005,cuda,False,False,4,59,530,0.05346585810184479
fixed_random,2,results_v3_lr0p01,results_v3_lr0p01,small_cnn,sgd,10,128,20000,0.01,0.9,0.0005,cuda,False,False,4,60,531,-0.03137148544192314
fixed_random,2,results_v3_lr0p01,results_v3_lr0p01,small_cnn,sgd,10,128,20000,0.01,0.9,0.0005,cuda,False,False,4,61,532,-0.2880062460899353
fixed_random,2,results_v3_lr0p01,results_v3_lr0p01,small_cnn,sgd,10,128,20000,0.01,0.9,0.0005,cuda,False,False,4,62,533,0.25958484411239624
fixed_random,2,results_v3_lr0p01,results_v3_lr0p01,small_cnn,sgd,10,128,20000,0.01,0.9,0.0005,cuda,False,False,4,63,534,0.3429945707321167
fixed_random,2,results_v3_lr0p01,results_v3_lr0p01,small_cnn,sgd,10,128,20000,0.01,0.9,0.0005,cuda,False,False,4,64,535,0.10067431628704071
fixed_random,2,results_v3_lr0p01,results_v3_lr0p01,small_cnn,sgd,10,128,20000,0.01,0.9,0.0005,cuda,False,False,4,65,536,0.1369897723197937
fixed_random,2,results_v3_lr0p01,results_v3_lr0p01,small_cnn,sgd,10,128,20000,0.01,0.9,0.0005,cuda,False,False,4,66,537,0.23900003731250763
fixed_random,2,results_v3_lr0p01,results_v3_lr0p01,small_cnn,sgd,10,128,20000,0.01,0.9,0.0005,cuda,False,False,4,67,538,-0.014448493719100952
fixed_random,2,results_v3_lr0p01,results_v3_lr0p01,small_cnn,sgd,10,128,20000,0.01,0.9,0.0005,cuda,False,False,4,68,539,0.407217413187027
fixed_random,2,results_v3_lr0p01,results_v3_lr0p01,small_cnn,sgd,10,128,20000,0.01,0.9,0.0005,cuda,False,False,4,69,540,0.041039638221263885
fixed_random,2,results_v3_lr0p01,results_v3_lr0p01,small_cnn,sgd,10,128,20000,0.01,0.9,0.0005,cuda,False,False,4,70,541,-0.24828779697418213
fixed_random,2,results_v3_lr0p01,results_v3_lr0p01,small_cnn,sgd,10,128,20000,0.01,0.9,0.0005,cuda,False,False,4,71,542,-0.12331156432628632
fixed_random,2,results_v3_lr0p01,results_v3_lr0p01,small_cnn,sgd,10,128,20000,0.01,0.9,0.0005,cuda,False,False,4,72,543,-0.16990843415260315
fixed_random,2,results_v3_lr0p01,results_v3_lr0p01,small_cnn,sgd,10,128,20000,0.01,0.9,0.0005,cuda,False,False,4,73,544,-0.036835476756095886
fixed_random,2,results_v3_lr0p01,results_v3_lr0p01,small_cnn,sgd,10,128,20000,0.01,0.9,0.0005,cuda,False,False,4,74,545,0.01537069957703352
fixed_random,2,results_v3_lr0p01,results_v3_lr0p01,small_cnn,sgd,10,128,20000,0.01,0.9,0.0005,cuda,False,False,4,75,546,0.37746700644493103
fixed_random,2,results_v3_lr0p01,results_v3_lr0p01,small_cnn,sgd,10,128,20000,0.01,0.9,0.0005,cuda,False,False,4,76,547,0.12324121594429016
fixed_random,2,results_v3_lr0p01,results_v3_lr0p01,small_cnn,sgd,10,128,20000,0.01,0.9,0.0005,cuda,False,False,4,77,548,-0.5164384841918945
fixed_random,2,results_v3_lr0p01,results_v3_lr0p01,small_cnn,sgd,10,128,20000,0.01,0.9,0.0005,cuda,False,False,4,78,549,0.4747598171234131
fixed_random,2,results_v3_lr0p01,results_v3_lr0p01,small_cnn,sgd,10,128,20000,0.01,0.9,0.0005,cuda,False,False,4,79,550,0.3843532204627991
fixed_random,2,results_v3_lr0p01,results_v3_lr0p01,small_cnn,sgd,10,128,20000,0.01,0.9,0.0005,cuda,False,False,4,80,551,0.5489150285720825
fixed_random,2,results_v3_lr0p01,results_v3_lr0p01,small_cnn,sgd,10,128,20000,0.01,0.9,0.0005,cuda,False,False,4,81,552,0.3617525100708008
fixed_random,2,results_v3_lr0p01,results_v3_lr0p01,small_cnn,sgd,10,128,20000,0.01,0.9,0.0005,cuda,False,False,4,82,553,0.09623198211193085
fixed_random,2,results_v3_lr0p01,results_v3_lr0p01,small_cnn,sgd,10,128,20000,0.01,0.9,0.0005,cuda,False,False,4,83,554,0.014864837750792503
fixed_random,2,results_v3_lr0p01,results_v3_lr0p01,small_cnn,sgd,10,128,20000,0.01,0.9,0.0005,cuda,False,False,4,84,555,0.11487655341625214
fixed_random,2,results_v3_lr0p01,results_v3_lr0p01,small_cnn,sgd,10,128,20000,0.01,0.9,0.0005,cuda,False,False,4,85,556,0.22753411531448364
fixed_random,2,results_v3_lr0p01,results_v3_lr0p01,small_cnn,sgd,10,128,20000,0.01,0.9,0.0005,cuda,False,False,4,86,557,0.012534655630588531
fixed_random,2,results_v3_lr0p01,results_v3_lr0p01,small_cnn,sgd,10,128,20000,0.01,0.9,0.0005,cuda,False,False,4,87,558,0.1340566873550415
fixed_random,2,results_v3_lr0p01,results_v3_lr0p01,small_cnn,sgd,10,128,20000,0.01,0.9,0.0005,cuda,False,False,4,88,559,-0.06832095980644226
fixed_random,2,results_v3_lr0p01,results_v3_lr0p01,small_cnn,sgd,10,128,20000,0.01,0.9,0.0005,cuda,False,False,4,89,560,-0.07754117250442505
fixed_random,2,results_v3_lr0p01,results_v3_lr0p01,small_cnn,sgd,10,128,20000,0.01,0.9,0.0005,cuda,False,False,4,90,561,0.22914615273475647
fixed_random,2,results_v3_lr0p01,results_v3_lr0p01,small_cnn,sgd,10,128,20000,0.01,0.9,0.0005,cuda,False,False,4,91,562,0.6598625183105469
fixed_random,2,results_v3_lr0p01,results_v3_lr0p01,small_cnn,sgd,10,128,20000,0.01,0.9,0.0005,cuda,False,False,4,92,563,-0.046781446784734726
fixed_random,2,results_v3_lr0p01,results_v3_lr0p01,small_cnn,sgd,10,128,20000,0.01,0.9,0.0005,cuda,False,False,4,93,564,0.1873394399881363
fixed_random,2,results_v3_lr0p01,results_v3_lr0p01,small_cnn,sgd,10,128,20000,0.01,0.9,0.0005,cuda,False,False,4,94,565,0.24998396635055542
fixed_random,2,results_v3_lr0p01,results_v3_lr0p01,small_cnn,sgd,10,128,20000,0.01,0.9,0.0005,cuda,False,False,4,95,566,0.21077151596546173
fixed_random,2,results_v3_lr0p01,results_v3_lr0p01,small_cnn,sgd,10,128,20000,0.01,0.9,0.0005,cuda,False,False,4,96,567,0.462748646736145
fixed_random,2,results_v3_lr0p01,results_v3_lr0p01,small_cnn,sgd,10,128,20000,0.01,0.9,0.0005,cuda,False,False,4,97,568,-0.30619269609451294
fixed_random,2,results_v3_lr0p01,results_v3_lr0p01,small_cnn,sgd,10,128,20000,0.01,0.9,0.0005,cuda,False,False,4,98,569,0.24824416637420654
fixed_random,2,results_v3_lr0p01,results_v3_lr0p01,small_cnn,sgd,10,128,20000,0.01,0.9,0.0005,cuda,False,False,4,99,570,0.40671446919441223
fixed_random,2,results_v3_lr0p01,results_v3_lr0p01,small_cnn,sgd,10,128,20000,0.01,0.9,0.0005,cuda,False,False,4,100,571,0.5340797305107117
fixed_random,2,results_v3_lr0p01,results_v3_lr0p01,small_cnn,sgd,10,128,20000,0.01,0.9,0.0005,cuda,False,False,4,101,572,0.06730510294437408
fixed_random,2,results_v3_lr0p01,results_v3_lr0p01,small_cnn,sgd,10,128,20000,0.01,0.9,0.0005,cuda,False,False,4,102,573,0.17048561573028564
fixed_random,2,results_v3_lr0p01,results_v3_lr0p01,small_cnn,sgd,10,128,20000,0.01,0.9,0.0005,cuda,False,False,4,103,574,0.4646029472351074
fixed_random,2,results_v3_lr0p01,results_v3_lr0p01,small_cnn,sgd,10,128,20000,0.01,0.9,0.0005,cuda,False,False,4,104,575,-0.5903921127319336
fixed_random,2,results_v3_lr0p01,results_v3_lr0p01,small_cnn,sgd,10,128,20000,0.01,0.9,0.0005,cuda,False,False,4,105,576,-0.11875084042549133
fixed_random,2,results_v3_lr0p01,results_v3_lr0p01,small_cnn,sgd,10,128,20000,0.01,0.9,0.0005,cuda,False,False,4,106,577,0.29453909397125244
fixed_random,2,results_v3_lr0p01,results_v3_lr0p01,small_cnn,sgd,10,128,20000,0.01,0.9,0.0005,cuda,False,False,4,107,578,0.4438268542289734
fixed_random,2,results_v3_lr0p01,results_v3_lr0p01,small_cnn,sgd,10,128,20000,0.01,0.9,0.0005,cuda,False,False,4,108,579,-0.20269617438316345
fixed_random,2,results_v3_lr0p01,results_v3_lr0p01,small_cnn,sgd,10,128,20000,0.01,0.9,0.0005,cuda,False,False,4,109,580,0.24409425258636475
fixed_random,2,results_v3_lr0p01,results_v3_lr0p01,small_cnn,sgd,10,128,20000,0.01,0.9,0.0005,cuda,False,False,4,110,581,-0.07724200189113617
fixed_random,2,results_v3_lr0p01,results_v3_lr0p01,small_cnn,sgd,10,128,20000,0.01,0.9,0.0005,cuda,False,False,4,111,582,0.4354649782180786
fixed_random,2,results_v3_lr0p01,results_v3_lr0p01,small_cnn,sgd,10,128,20000,0.01,0.9,0.0005,cuda,False,False,4,112,583,0.376956969499588
fixed_random,2,results_v3_lr0p01,results_v3_lr0p01,small_cnn,sgd,10,128,20000,0.01,0.9,0.0005,cuda,False,False,4,113,584,0.4570080041885376
fixed_random,2,results_v3_lr0p01,results_v3_lr0p01,small_cnn,sgd,10,128,20000,0.01,0.9,0.0005,cuda,False,False,4,114,585,-0.32602888345718384
fixed_random,2,results_v3_lr0p01,results_v3_lr0p01,small_cnn,sgd,10,128,20000,0.01,0.9,0.0005,cuda,False,False,4,115,586,0.38965433835983276
fixed_random,2,results_v3_lr0p01,results_v3_lr0p01,small_cnn,sgd,10,128,20000,0.01,0.9,0.0005,cuda,False,False,4,116,587,0.5663281679153442
fixed_random,2,results_v3_lr0p01,results_v3_lr0p01,small_cnn,sgd,10,128,20000,0.01,0.9,0.0005,cuda,False,False,4,117,588,0.6002177596092224
fixed_random,2,results_v3_lr0p01,results_v3_lr0p01,small_cnn,sgd,10,128,20000,0.01,0.9,0.0005,cuda,False,False,4,118,589,0.13824346661567688
fixed_random,2,results_v3_lr0p01,results_v3_lr0p01,small_cnn,sgd,10,128,20000,0.01,0.9,0.0005,cuda,False,False,4,119,590,-0.23680201172828674
fixed_random,2,results_v3_lr0p01,results_v3_lr0p01,small_cnn,sgd,10,128,20000,0.01,0.9,0.0005,cuda,False,False,4,120,591,0.41327643394470215
fixed_random,2,results_v3_lr0p01,results_v3_lr0p01,small_cnn,sgd,10,128,20000,0.01,0.9,0.0005,cuda,False,False,4,121,592,-0.20110148191452026
fixed_random,2,results_v3_lr0p01,results_v3_lr0p01,small_cnn,sgd,10,128,20000,0.01,0.9,0.0005,cuda,False,False,4,122,593,0.030585363507270813
fixed_random,2,results_v3_lr0p01,results_v3_lr0p01,small_cnn,sgd,10,128,20000,0.01,0.9,0.0005,cuda,False,False,4,123,594,0.11771153658628464
fixed_random,2,results_v3_lr0p01,results_v3_lr0p01,small_cnn,sgd,10,128,20000,0.01,0.9,0.0005,cuda,False,False,4,124,595,0.5240840911865234
fixed_random,2,results_v3_lr0p01,results_v3_lr0p01,small_cnn,sgd,10,128,20000,0.01,0.9,0.0005,cuda,False,False,4,125,596,-0.05942048132419586
fixed_random,2,results_v3_lr0p01,results_v3_lr0p01,small_cnn,sgd,10,128,20000,0.01,0.9,0.0005,cuda,False,False,4,126,597,0.2907786965370178
fixed_random,2,results_v3_lr0p01,results_v3_lr0p01,small_cnn,sgd,10,128,20000,0.01,0.9,0.0005,cuda,False,False,4,127,598,0.36678192019462585
fixed_random,2,results_v3_lr0p01,results_v3_lr0p01,small_cnn,sgd,10,128,20000,0.01,0.9,0.0005,cuda,False,False,4,128,599,0.6753267645835876
fixed_random,2,results_v3_lr0p01,results_v3_lr0p01,small_cnn,sgd,10,128,20000,0.01,0.9,0.0005,cuda,False,False,4,129,600,0.4430811405181885
fixed_random,2,results_v3_lr0p01,results_v3_lr0p01,small_cnn,sgd,10,128,20000,0.01,0.9,0.0005,cuda,False,False,4,130,601,-0.2626936137676239
fixed_random,2,results_v3_lr0p01,results_v3_lr0p01,small_cnn,sgd,10,128,20000,0.01,0.9,0.0005,cuda,False,False,4,131,602,0.2292826622724533
fixed_random,2,results_v3_lr0p01,results_v3_lr0p01,small_cnn,sgd,10,128,20000,0.01,0.9,0.0005,cuda,False,False,4,132,603,0.5554883480072021
fixed_random,2,results_v3_lr0p01,results_v3_lr0p01,small_cnn,sgd,10,128,20000,0.01,0.9,0.0005,cuda,False,False,4,133,604,0.6189142465591431
fixed_random,2,results_v3_lr0p01,results_v3_lr0p01,small_cnn,sgd,10,128,20000,0.01,0.9,0.0005,cuda,False,False,4,134,605,0.4960903525352478
fixed_random,2,results_v3_lr0p01,results_v3_lr0p01,small_cnn,sgd,10,128,20000,0.01,0.9,0.0005,cuda,False,False,4,135,606,-0.22237244248390198
fixed_random,2,results_v3_lr0p01,results_v3_lr0p01,small_cnn,sgd,10,128,20000,0.01,0.9,0.0005,cuda,False,False,4,136,607,0.6786420345306396
fixed_random,2,results_v3_lr0p01,results_v3_lr0p01,small_cnn,sgd,10,128,20000,0.01,0.9,0.0005,cuda,False,False,4,137,608,0.28406089544296265
fixed_random,2,results_v3_lr0p01,results_v3_lr0p01,small_cnn,sgd,10,128,20000,0.01,0.9,0.0005,cuda,False,False,4,138,609,0.518456220626831
fixed_random,2,results_v3_lr0p01,results_v3_lr0p01,small_cnn,sgd,10,128,20000,0.01,0.9,0.0005,cuda,False,False,4,139,610,-0.10567333549261093
fixed_random,2,results_v3_lr0p01,results_v3_lr0p01,small_cnn,sgd,10,128,20000,0.01,0.9,0.0005,cuda,False,False,4,140,611,0.43625718355178833
fixed_random,2,results_v3_lr0p01,results_v3_lr0p01,small_cnn,sgd,10,128,20000,0.01,0.9,0.0005,cuda,False,False,4,141,612,0.5589973330497742
fixed_random,2,results_v3_lr0p01,results_v3_lr0p01,small_cnn,sgd,10,128,20000,0.01,0.9,0.0005,cuda,False,False,4,142,613,0.3220539689064026
fixed_random,2,results_v3_lr0p01,results_v3_lr0p01,small_cnn,sgd,10,128,20000,0.01,0.9,0.0005,cuda,False,False,4,143,614,0.33051520586013794
fixed_random,2,results_v3_lr0p01,results_v3_lr0p01,small_cnn,sgd,10,128,20000,0.01,0.9,0.0005,cuda,False,False,4,144,615,0.3681742548942566
fixed_random,2,results_v3_lr0p01,results_v3_lr0p01,small_cnn,sgd,10,128,20000,0.01,0.9,0.0005,cuda,False,False,4,145,616,0.7578997611999512
fixed_random,2,results_v3_lr0p01,results_v3_lr0p01,small_cnn,sgd,10,128,20000,0.01,0.9,0.0005,cuda,False,False,4,146,617,0.4804244637489319
fixed_random,2,results_v3_lr0p01,results_v3_lr0p01,small_cnn,sgd,10,128,20000,0.01,0.9,0.0005,cuda,False,False,4,147,618,0.4031033515930176
fixed_random,2,results_v3_lr0p01,results_v3_lr0p01,small_cnn,sgd,10,128,20000,0.01,0.9,0.0005,cuda,False,False,4,148,619,-0.010678738355636597
fixed_random,2,results_v3_lr0p01,results_v3_lr0p01,small_cnn,sgd,10,128,20000,0.01,0.9,0.0005,cuda,False,False,4,149,620,0.7008886337280273
fixed_random,2,results_v3_lr0p01,results_v3_lr0p01,small_cnn,sgd,10,128,20000,0.01,0.9,0.0005,cuda,False,False,4,150,621,0.6871833801269531
fixed_random,2,results_v3_lr0p01,results_v3_lr0p01,small_cnn,sgd,10,128,20000,0.01,0.9,0.0005,cuda,False,False,4,151,622,0.4978463649749756
fixed_random,2,results_v3_lr0p01,results_v3_lr0p01,small_cnn,sgd,10,128,20000,0.01,0.9,0.0005,cuda,False,False,4,152,623,0.386847585439682
fixed_random,2,results_v3_lr0p01,results_v3_lr0p01,small_cnn,sgd,10,128,20000,0.01,0.9,0.0005,cuda,False,False,4,153,624,0.19452036917209625
fixed_random,2,results_v3_lr0p01,results_v3_lr0p01,small_cnn,sgd,10,128,20000,0.01,0.9,0.0005,cuda,False,False,4,154,625,0.6773297190666199
fixed_random,2,results_v3_lr0p01,results_v3_lr0p01,small_cnn,sgd,10,128,20000,0.01,0.9,0.0005,cuda,False,False,4,155,626,0.7924681305885315
fixed_random,2,results_v3_lr0p01,results_v3_lr0p01,small_cnn,sgd,10,128,20000,0.01,0.9,0.0005,cuda,False,False,4,156,627,0.5943644046783447
fixed_random,2,results_v3_lr0p01,results_v3_lr0p01,small_cnn,sgd,10,128,20000,0.01,0.9,0.0005,cuda,False,False,4,157,628,0.11071538925170898
fixed_random,2,results_v3_lr0p01,results_v3_lr0p01,small_cnn,sgd,10,128,20000,0.01,0.9,0.0005,cuda,False,False,5,1,629,-0.14294539391994476
fixed_random,2,results_v3_lr0p01,results_v3_lr0p01,small_cnn,sgd,10,128,20000,0.01,0.9,0.0005,cuda,False,False,5,2,630,0.7171429395675659
fixed_random,2,results_v3_lr0p01,results_v3_lr0p01,small_cnn,sgd,10,128,20000,0.01,0.9,0.0005,cuda,False,False,5,3,631,0.7226072549819946
fixed_random,2,results_v3_lr0p01,results_v3_lr0p01,small_cnn,sgd,10,128,20000,0.01,0.9,0.0005,cuda,False,False,5,4,632,0.747481644153595
fixed_random,2,results_v3_lr0p01,results_v3_lr0p01,small_cnn,sgd,10,128,20000,0.01,0.9,0.0005,cuda,False,False,5,5,633,0.569023847579956
fixed_random,2,results_v3_lr0p01,results_v3_lr0p01,small_cnn,sgd,10,128,20000,0.01,0.9,0.0005,cuda,False,False,5,6,634,-0.03425866737961769
fixed_random,2,results_v3_lr0p01,results_v3_lr0p01,small_cnn,sgd,10,128,20000,0.01,0.9,0.0005,cuda,False,False,5,7,635,0.215007022023201
fixed_random,2,results_v3_lr0p01,results_v3_lr0p01,small_cnn,sgd,10,128,20000,0.01,0.9,0.0005,cuda,False,False,5,8,636,0.26010385155677795
fixed_random,2,results_v3_lr0p01,results_v3_lr0p01,small_cnn,sgd,10,128,20000,0.01,0.9,0.0005,cuda,False,False,5,9,637,0.6752499341964722
fixed_random,2,results_v3_lr0p01,results_v3_lr0p01,small_cnn,sgd,10,128,20000,0.01,0.9,0.0005,cuda,False,False,5,10,638,0.5086703300476074
fixed_random,2,results_v3_lr0p01,results_v3_lr0p01,small_cnn,sgd,10,128,20000,0.01,0.9,0.0005,cuda,False,False,5,11,639,0.49394506216049194
fixed_random,2,results_v3_lr0p01,results_v3_lr0p01,small_cnn,sgd,10,128,20000,0.01,0.9,0.0005,cuda,False,False,5,12,640,0.5221956968307495
fixed_random,2,results_v3_lr0p01,results_v3_lr0p01,small_cnn,sgd,10,128,20000,0.01,0.9,0.0005,cuda,False,False,5,13,641,0.09938137978315353
fixed_random,2,results_v3_lr0p01,results_v3_lr0p01,small_cnn,sgd,10,128,20000,0.01,0.9,0.0005,cuda,False,False,5,14,642,-0.07471954077482224
fixed_random,2,results_v3_lr0p01,results_v3_lr0p01,small_cnn,sgd,10,128,20000,0.01,0.9,0.0005,cuda,False,False,5,15,643,0.6066923141479492
fixed_random,2,results_v3_lr0p01,results_v3_lr0p01,small_cnn,sgd,10,128,20000,0.01,0.9,0.0005,cuda,False,False,5,16,644,0.4670886993408203
fixed_random,2,results_v3_lr0p01,results_v3_lr0p01,small_cnn,sgd,10,128,20000,0.01,0.9,0.0005,cuda,False,False,5,17,645,0.47357702255249023
fixed_random,2,results_v3_lr0p01,results_v3_lr0p01,small_cnn,sgd,10,128,20000,0.01,0.9,0.0005,cuda,False,False,5,18,646,0.7246453762054443
fixed_random,2,results_v3_lr0p01,results_v3_lr0p01,small_cnn,sgd,10,128,20000,0.01,0.9,0.0005,cuda,False,False,5,19,647,0.05310729891061783
fixed_random,2,results_v3_lr0p01,results_v3_lr0p01,small_cnn,sgd,10,128,20000,0.01,0.9,0.0005,cuda,False,False,5,20,648,0.2533643841743469
fixed_random,2,results_v3_lr0p01,results_v3_lr0p01,small_cnn,sgd,10,128,20000,0.01,0.9,0.0005,cuda,False,False,5,21,649,0.6568223237991333
fixed_random,2,results_v3_lr0p01,results_v3_lr0p01,small_cnn,sgd,10,128,20000,0.01,0.9,0.0005,cuda,False,False,5,22,650,-0.14067953824996948
fixed_random,2,results_v3_lr0p01,results_v3_lr0p01,small_cnn,sgd,10,128,20000,0.01,0.9,0.0005,cuda,False,False,5,23,651,0.2502914071083069
fixed_random,2,results_v3_lr0p01,results_v3_lr0p01,small_cnn,sgd,10,128,20000,0.01,0.9,0.0005,cuda,False,False,5,24,652,0.5826270580291748
fixed_random,2,results_v3_lr0p01,results_v3_lr0p01,small_cnn,sgd,10,128,20000,0.01,0.9,0.0005,cuda,False,False,5,25,653,0.42076820135116577
fixed_random,2,results_v3_lr0p01,results_v3_lr0p01,small_cnn,sgd,10,128,20000,0.01,0.9,0.0005,cuda,False,False,5,26,654,0.6401345729827881
fixed_random,2,results_v3_lr0p01,results_v3_lr0p01,small_cnn,sgd,10,128,20000,0.01,0.9,0.0005,cuda,False,False,5,27,655,0.36340630054473877
fixed_random,2,results_v3_lr0p01,results_v3_lr0p01,small_cnn,sgd,10,128,20000,0.01,0.9,0.0005,cuda,False,False,5,28,656,0.15377262234687805
fixed_random,2,results_v3_lr0p01,results_v3_lr0p01,small_cnn,sgd,10,128,20000,0.01,0.9,0.0005,cuda,False,False,5,29,657,-0.14765872061252594
fixed_random,2,results_v3_lr0p01,results_v3_lr0p01,small_cnn,sgd,10,128,20000,0.01,0.9,0.0005,cuda,False,False,5,30,658,0.6952534914016724
fixed_random,2,results_v3_lr0p01,results_v3_lr0p01,small_cnn,sgd,10,128,20000,0.01,0.9,0.0005,cuda,False,False,5,31,659,0.27437111735343933
fixed_random,2,results_v3_lr0p01,results_v3_lr0p01,small_cnn,sgd,10,128,20000,0.01,0.9,0.0005,cuda,False,False,5,32,660,-0.25331422686576843
fixed_random,2,results_v3_lr0p01,results_v3_lr0p01,small_cnn,sgd,10,128,20000,0.01,0.9,0.0005,cuda,False,False,5,33,661,0.4113176763057709
fixed_random,2,results_v3_lr0p01,results_v3_lr0p01,small_cnn,sgd,10,128,20000,0.01,0.9,0.0005,cuda,False,False,5,34,662,0.2554488778114319
fixed_random,2,results_v3_lr0p01,results_v3_lr0p01,small_cnn,sgd,10,128,20000,0.01,0.9,0.0005,cuda,False,False,5,35,663,0.007237004581838846
fixed_random,2,results_v3_lr0p01,results_v3_lr0p01,small_cnn,sgd,10,128,20000,0.01,0.9,0.0005,cuda,False,False,5,36,664,0.6288081407546997
fixed_random,2,results_v3_lr0p01,results_v3_lr0p01,small_cnn,sgd,10,128,20000,0.01,0.9,0.0005,cuda,False,False,5,37,665,0.5278424024581909
fixed_random,2,results_v3_lr0p01,results_v3_lr0p01,small_cnn,sgd,10,128,20000,0.01,0.9,0.0005,cuda,False,False,5,38,666,0.2955598831176758
fixed_random,2,results_v3_lr0p01,results_v3_lr0p01,small_cnn,sgd,10,128,20000,0.01,0.9,0.0005,cuda,False,False,5,39,667,0.5316041707992554
fixed_random,2,results_v3_lr0p01,results_v3_lr0p01,small_cnn,sgd,10,128,20000,0.01,0.9,0.0005,cuda,False,False,5,40,668,-0.3834518790245056
fixed_random,2,results_v3_lr0p01,results_v3_lr0p01,small_cnn,sgd,10,128,20000,0.01,0.9,0.0005,cuda,False,False,5,41,669,0.41564807295799255
fixed_random,2,results_v3_lr0p01,results_v3_lr0p01,small_cnn,sgd,10,128,20000,0.01,0.9,0.0005,cuda,False,False,5,42,670,0.3010864555835724
fixed_random,2,results_v3_lr0p01,results_v3_lr0p01,small_cnn,sgd,10,128,20000,0.01,0.9,0.0005,cuda,False,False,5,43,671,0.5714220404624939
fixed_random,2,results_v3_lr0p01,results_v3_lr0p01,small_cnn,sgd,10,128,20000,0.01,0.9,0.0005,cuda,False,False,5,44,672,0.5139727592468262
fixed_random,2,results_v3_lr0p01,results_v3_lr0p01,small_cnn,sgd,10,128,20000,0.01,0.9,0.0005,cuda,False,False,5,45,673,-0.2313389629125595
fixed_random,2,results_v3_lr0p01,results_v3_lr0p01,small_cnn,sgd,10,128,20000,0.01,0.9,0.0005,cuda,False,False,5,46,674,0.3104831278324127
fixed_random,2,results_v3_lr0p01,results_v3_lr0p01,small_cnn,sgd,10,128,20000,0.01,0.9,0.0005,cuda,False,False,5,47,675,0.691249430179596
fixed_random,2,results_v3_lr0p01,results_v3_lr0p01,small_cnn,sgd,10,128,20000,0.01,0.9,0.0005,cuda,False,False,5,48,676,0.1473236232995987
fixed_random,2,results_v3_lr0p01,results_v3_lr0p01,small_cnn,sgd,10,128,20000,0.01,0.9,0.0005,cuda,False,False,5,49,677,-0.04454195499420166
fixed_random,2,results_v3_lr0p01,results_v3_lr0p01,small_cnn,sgd,10,128,20000,0.01,0.9,0.0005,cuda,False,False,5,50,678,0.1544075906276703
fixed_random,2,results_v3_lr0p01,results_v3_lr0p01,small_cnn,sgd,10,128,20000,0.01,0.9,0.0005,cuda,False,False,5,51,679,0.2508816719055176
fixed_random,2,results_v3_lr0p01,results_v3_lr0p01,small_cnn,sgd,10,128,20000,0.01,0.9,0.0005,cuda,False,False,5,52,680,-0.25026023387908936
fixed_random,2,results_v3_lr0p01,results_v3_lr0p01,small_cnn,sgd,10,128,20000,0.01,0.9,0.0005,cuda,False,False,5,53,681,-0.15490880608558655
fixed_random,2,results_v3_lr0p01,results_v3_lr0p01,small_cnn,sgd,10,128,20000,0.01,0.9,0.0005,cuda,False,False,5,54,682,0.15214893221855164
fixed_random,2,results_v3_lr0p01,results_v3_lr0p01,small_cnn,sgd,10,128,20000,0.01,0.9,0.0005,cuda,False,False,5,55,683,0.3432820439338684
fixed_random,2,results_v3_lr0p01,results_v3_lr0p01,small_cnn,sgd,10,128,20000,0.01,0.9,0.0005,cuda,False,False,5,56,684,-0.31076517701148987
fixed_random,2,results_v3_lr0p01,results_v3_lr0p01,small_cnn,sgd,10,128,20000,0.01,0.9,0.0005,cuda,False,False,5,57,685,0.4841541349887848
fixed_random,2,results_v3_lr0p01,results_v3_lr0p01,small_cnn,sgd,10,128,20000,0.01,0.9,0.0005,cuda,False,False,5,58,686,-0.09784983843564987
fixed_random,2,results_v3_lr0p01,results_v3_lr0p01,small_cnn,sgd,10,128,20000,0.01,0.9,0.0005,cuda,False,False,5,59,687,0.14127841591835022
fixed_random,2,results_v3_lr0p01,results_v3_lr0p01,small_cnn,sgd,10,128,20000,0.01,0.9,0.0005,cuda,False,False,5,60,688,0.215392604470253
fixed_random,2,results_v3_lr0p01,results_v3_lr0p01,small_cnn,sgd,10,128,20000,0.01,0.9,0.0005,cuda,False,False,5,61,689,-0.2550007700920105
fixed_random,2,results_v3_lr0p01,results_v3_lr0p01,small_cnn,sgd,10,128,20000,0.01,0.9,0.0005,cuda,False,False,5,62,690,0.10654324293136597
fixed_random,2,results_v3_lr0p01,results_v3_lr0p01,small_cnn,sgd,10,128,20000,0.01,0.9,0.0005,cuda,False,False,5,63,691,0.4566783308982849
fixed_random,2,results_v3_lr0p01,results_v3_lr0p01,small_cnn,sgd,10,128,20000,0.01,0.9,0.0005,cuda,False,False,5,64,692,-0.12398514151573181
fixed_random,2,results_v3_lr0p01,results_v3_lr0p01,small_cnn,sgd,10,128,20000,0.01,0.9,0.0005,cuda,False,False,5,65,693,0.17924794554710388
fixed_random,2,results_v3_lr0p01,results_v3_lr0p01,small_cnn,sgd,10,128,20000,0.01,0.9,0.0005,cuda,False,False,5,66,694,0.328582763671875
fixed_random,2,results_v3_lr0p01,results_v3_lr0p01,small_cnn,sgd,10,128,20000,0.01,0.9,0.0005,cuda,False,False,5,67,695,0.03399636596441269
fixed_random,2,results_v3_lr0p01,results_v3_lr0p01,small_cnn,sgd,10,128,20000,0.01,0.9,0.0005,cuda,False,False,5,68,696,0.3215407729148865
fixed_random,2,results_v3_lr0p01,results_v3_lr0p01,small_cnn,sgd,10,128,20000,0.01,0.9,0.0005,cuda,False,False,5,69,697,0.13528530299663544
fixed_random,2,results_v3_lr0p01,results_v3_lr0p01,small_cnn,sgd,10,128,20000,0.01,0.9,0.0005,cuda,False,False,5,70,698,-0.057721205055713654
fixed_random,2,results_v3_lr0p01,results_v3_lr0p01,small_cnn,sgd,10,128,20000,0.01,0.9,0.0005,cuda,False,False,5,71,699,-0.3514706492424011
fixed_random,2,results_v3_lr0p01,results_v3_lr0p01,small_cnn,sgd,10,128,20000,0.01,0.9,0.0005,cuda,False,False,5,72,700,-0.12708641588687897
fixed_random,2,results_v3_lr0p01,results_v3_lr0p01,small_cnn,sgd,10,128,20000,0.01,0.9,0.0005,cuda,False,False,5,73,701,-0.2457822859287262
fixed_random,2,results_v3_lr0p01,results_v3_lr0p01,small_cnn,sgd,10,128,20000,0.01,0.9,0.0005,cuda,False,False,5,74,702,0.04324343055486679
fixed_random,2,results_v3_lr0p01,results_v3_lr0p01,small_cnn,sgd,10,128,20000,0.01,0.9,0.0005,cuda,False,False,5,75,703,0.2836266756057739
fixed_random,2,results_v3_lr0p01,results_v3_lr0p01,small_cnn,sgd,10,128,20000,0.01,0.9,0.0005,cuda,False,False,5,76,704,0.3007761836051941
fixed_random,2,results_v3_lr0p01,results_v3_lr0p01,small_cnn,sgd,10,128,20000,0.01,0.9,0.0005,cuda,False,False,5,77,705,-0.14154569804668427
fixed_random,2,results_v3_lr0p01,results_v3_lr0p01,small_cnn,sgd,10,128,20000,0.01,0.9,0.0005,cuda,False,False,5,78,706,0.4922000765800476
fixed_random,2,results_v3_lr0p01,results_v3_lr0p01,small_cnn,sgd,10,128,20000,0.01,0.9,0.0005,cuda,False,False,5,79,707,0.3751882314682007
fixed_random,2,results_v3_lr0p01,results_v3_lr0p01,small_cnn,sgd,10,128,20000,0.01,0.9,0.0005,cuda,False,False,5,80,708,0.418243944644928
fixed_random,2,results_v3_lr0p01,results_v3_lr0p01,small_cnn,sgd,10,128,20000,0.01,0.9,0.0005,cuda,False,False,5,81,709,0.3604627847671509
fixed_random,2,results_v3_lr0p01,results_v3_lr0p01,small_cnn,sgd,10,128,20000,0.01,0.9,0.0005,cuda,False,False,5,82,710,0.3288617730140686
fixed_random,2,results_v3_lr0p01,results_v3_lr0p01,small_cnn,sgd,10,128,20000,0.01,0.9,0.0005,cuda,False,False,5,83,711,0.023514524102211
fixed_random,2,results_v3_lr0p01,results_v3_lr0p01,small_cnn,sgd,10,128,20000,0.01,0.9,0.0005,cuda,False,False,5,84,712,-0.04620327055454254
fixed_random,2,results_v3_lr0p01,results_v3_lr0p01,small_cnn,sgd,10,128,20000,0.01,0.9,0.0005,cuda,False,False,5,85,713,0.2683233916759491
fixed_random,2,results_v3_lr0p01,results_v3_lr0p01,small_cnn,sgd,10,128,20000,0.01,0.9,0.0005,cuda,False,False,5,86,714,-0.0065355487167835236
fixed_random,2,results_v3_lr0p01,results_v3_lr0p01,small_cnn,sgd,10,128,20000,0.01,0.9,0.0005,cuda,False,False,5,87,715,0.21182480454444885
fixed_random,2,results_v3_lr0p01,results_v3_lr0p01,small_cnn,sgd,10,128,20000,0.01,0.9,0.0005,cuda,False,False,5,88,716,-0.06108357012271881
fixed_random,2,results_v3_lr0p01,results_v3_lr0p01,small_cnn,sgd,10,128,20000,0.01,0.9,0.0005,cuda,False,False,5,89,717,-0.23232021927833557
fixed_random,2,results_v3_lr0p01,results_v3_lr0p01,small_cnn,sgd,10,128,20000,0.01,0.9,0.0005,cuda,False,False,5,90,718,0.12575533986091614
fixed_random,2,results_v3_lr0p01,results_v3_lr0p01,small_cnn,sgd,10,128,20000,0.01,0.9,0.0005,cuda,False,False,5,91,719,0.5593633651733398
fixed_random,2,results_v3_lr0p01,results_v3_lr0p01,small_cnn,sgd,10,128,20000,0.01,0.9,0.0005,cuda,False,False,5,92,720,0.0731293186545372
fixed_random,2,results_v3_lr0p01,results_v3_lr0p01,small_cnn,sgd,10,128,20000,0.01,0.9,0.0005,cuda,False,False,5,93,721,0.06261846423149109
fixed_random,2,results_v3_lr0p01,results_v3_lr0p01,small_cnn,sgd,10,128,20000,0.01,0.9,0.0005,cuda,False,False,5,94,722,0.19182848930358887
fixed_random,2,results_v3_lr0p01,results_v3_lr0p01,small_cnn,sgd,10,128,20000,0.01,0.9,0.0005,cuda,False,False,5,95,723,0.18545222282409668
fixed_random,2,results_v3_lr0p01,results_v3_lr0p01,small_cnn,sgd,10,128,20000,0.01,0.9,0.0005,cuda,False,False,5,96,724,0.5562646389007568
fixed_random,2,results_v3_lr0p01,results_v3_lr0p01,small_cnn,sgd,10,128,20000,0.01,0.9,0.0005,cuda,False,False,5,97,725,-0.16766786575317383
fixed_random,2,results_v3_lr0p01,results_v3_lr0p01,small_cnn,sgd,10,128,20000,0.01,0.9,0.0005,cuda,False,False,5,98,726,0.12864413857460022
fixed_random,2,results_v3_lr0p01,results_v3_lr0p01,small_cnn,sgd,10,128,20000,0.01,0.9,0.0005,cuda,False,False,5,99,727,0.3022392988204956
fixed_random,2,results_v3_lr0p01,results_v3_lr0p01,small_cnn,sgd,10,128,20000,0.01,0.9,0.0005,cuda,False,False,5,100,728,0.4150810241699219
fixed_random,2,results_v3_lr0p01,results_v3_lr0p01,small_cnn,sgd,10,128,20000,0.01,0.9,0.0005,cuda,False,False,5,101,729,0.16691647469997406
fixed_random,2,results_v3_lr0p01,results_v3_lr0p01,small_cnn,sgd,10,128,20000,0.01,0.9,0.0005,cuda,False,False,5,102,730,0.3150041699409485
fixed_random,2,results_v3_lr0p01,results_v3_lr0p01,small_cnn,sgd,10,128,20000,0.01,0.9,0.0005,cuda,False,False,5,103,731,0.5099358558654785
fixed_random,2,results_v3_lr0p01,results_v3_lr0p01,small_cnn,sgd,10,128,20000,0.01,0.9,0.0005,cuda,False,False,5,104,732,-0.6524574756622314
fixed_random,2,results_v3_lr0p01,results_v3_lr0p01,small_cnn,sgd,10,128,20000,0.01,0.9,0.0005,cuda,False,False,5,105,733,0.018878664821386337
fixed_random,2,results_v3_lr0p01,results_v3_lr0p01,small_cnn,sgd,10,128,20000,0.01,0.9,0.0005,cuda,False,False,5,106,734,0.402836412191391
fixed_random,2,results_v3_lr0p01,results_v3_lr0p01,small_cnn,sgd,10,128,20000,0.01,0.9,0.0005,cuda,False,False,5,107,735,0.581389307975769
fixed_random,2,results_v3_lr0p01,results_v3_lr0p01,small_cnn,sgd,10,128,20000,0.01,0.9,0.0005,cuda,False,False,5,108,736,-0.11327186226844788
fixed_random,2,results_v3_lr0p01,results_v3_lr0p01,small_cnn,sgd,10,128,20000,0.01,0.9,0.0005,cuda,False,False,5,109,737,0.2643251419067383
fixed_random,2,results_v3_lr0p01,results_v3_lr0p01,small_cnn,sgd,10,128,20000,0.01,0.9,0.0005,cuda,False,False,5,110,738,-0.17094776034355164
fixed_random,2,results_v3_lr0p01,results_v3_lr0p01,small_cnn,sgd,10,128,20000,0.01,0.9,0.0005,cuda,False,False,5,111,739,0.3930140435695648
fixed_random,2,results_v3_lr0p01,results_v3_lr0p01,small_cnn,sgd,10,128,20000,0.01,0.9,0.0005,cuda,False,False,5,112,740,0.33492493629455566
fixed_random,2,results_v3_lr0p01,results_v3_lr0p01,small_cnn,sgd,10,128,20000,0.01,0.9,0.0005,cuda,False,False,5,113,741,0.5570866465568542
fixed_random,2,results_v3_lr0p01,results_v3_lr0p01,small_cnn,sgd,10,128,20000,0.01,0.9,0.0005,cuda,False,False,5,114,742,-0.1965426802635193
fixed_random,2,results_v3_lr0p01,results_v3_lr0p01,small_cnn,sgd,10,128,20000,0.01,0.9,0.0005,cuda,False,False,5,115,743,0.2921140789985657
fixed_random,2,results_v3_lr0p01,results_v3_lr0p01,small_cnn,sgd,10,128,20000,0.01,0.9,0.0005,cuda,False,False,5,116,744,0.4054564833641052
fixed_random,2,results_v3_lr0p01,results_v3_lr0p01,small_cnn,sgd,10,128,20000,0.01,0.9,0.0005,cuda,False,False,5,117,745,0.6171090602874756
fixed_random,2,results_v3_lr0p01,results_v3_lr0p01,small_cnn,sgd,10,128,20000,0.01,0.9,0.0005,cuda,False,False,5,118,746,0.19392246007919312
fixed_random,2,results_v3_lr0p01,results_v3_lr0p01,small_cnn,sgd,10,128,20000,0.01,0.9,0.0005,cuda,False,False,5,119,747,-0.2944064736366272
fixed_random,2,results_v3_lr0p01,results_v3_lr0p01,small_cnn,sgd,10,128,20000,0.01,0.9,0.0005,cuda,False,False,5,120,748,0.24489949643611908
fixed_random,2,results_v3_lr0p01,results_v3_lr0p01,small_cnn,sgd,10,128,20000,0.01,0.9,0.0005,cuda,False,False,5,121,749,-0.20466019213199615
fixed_random,2,results_v3_lr0p01,results_v3_lr0p01,small_cnn,sgd,10,128,20000,0.01,0.9,0.0005,cuda,False,False,5,122,750,0.03155771642923355
fixed_random,2,results_v3_lr0p01,results_v3_lr0p01,small_cnn,sgd,10,128,20000,0.01,0.9,0.0005,cuda,False,False,5,123,751,0.1524842530488968
fixed_random,2,results_v3_lr0p01,results_v3_lr0p01,small_cnn,sgd,10,128,20000,0.01,0.9,0.0005,cuda,False,False,5,124,752,0.5358228087425232
fixed_random,2,results_v3_lr0p01,results_v3_lr0p01,small_cnn,sgd,10,128,20000,0.01,0.9,0.0005,cuda,False,False,5,125,753,0.001596156507730484
fixed_random,2,results_v3_lr0p01,results_v3_lr0p01,small_cnn,sgd,10,128,20000,0.01,0.9,0.0005,cuda,False,False,5,126,754,0.13255169987678528
fixed_random,2,results_v3_lr0p01,results_v3_lr0p01,small_cnn,sgd,10,128,20000,0.01,0.9,0.0005,cuda,False,False,5,127,755,0.41420266032218933
fixed_random,2,results_v3_lr0p01,results_v3_lr0p01,small_cnn,sgd,10,128,20000,0.01,0.9,0.0005,cuda,False,False,5,128,756,0.6401546597480774
fixed_random,2,results_v3_lr0p01,results_v3_lr0p01,small_cnn,sgd,10,128,20000,0.01,0.9,0.0005,cuda,False,False,5,129,757,0.5557965040206909
fixed_random,2,results_v3_lr0p01,results_v3_lr0p01,small_cnn,sgd,10,128,20000,0.01,0.9,0.0005,cuda,False,False,5,130,758,-0.05555637180805206
fixed_random,2,results_v3_lr0p01,results_v3_lr0p01,small_cnn,sgd,10,128,20000,0.01,0.9,0.0005,cuda,False,False,5,131,759,0.22123867273330688
fixed_random,2,results_v3_lr0p01,results_v3_lr0p01,small_cnn,sgd,10,128,20000,0.01,0.9,0.0005,cuda,False,False,5,132,760,0.5456222295761108
fixed_random,2,results_v3_lr0p01,results_v3_lr0p01,small_cnn,sgd,10,128,20000,0.01,0.9,0.0005,cuda,False,False,5,133,761,0.6457056403160095
fixed_random,2,results_v3_lr0p01,results_v3_lr0p01,small_cnn,sgd,10,128,20000,0.01,0.9,0.0005,cuda,False,False,5,134,762,0.5220066905021667
fixed_random,2,results_v3_lr0p01,results_v3_lr0p01,small_cnn,sgd,10,128,20000,0.01,0.9,0.0005,cuda,False,False,5,135,763,-0.31848764419555664
fixed_random,2,results_v3_lr0p01,results_v3_lr0p01,small_cnn,sgd,10,128,20000,0.01,0.9,0.0005,cuda,False,False,5,136,764,0.5637984275817871
fixed_random,2,results_v3_lr0p01,results_v3_lr0p01,small_cnn,sgd,10,128,20000,0.01,0.9,0.0005,cuda,False,False,5,137,765,0.28690922260284424
fixed_random,2,results_v3_lr0p01,results_v3_lr0p01,small_cnn,sgd,10,128,20000,0.01,0.9,0.0005,cuda,False,False,5,138,766,0.5579147338867188
fixed_random,2,results_v3_lr0p01,results_v3_lr0p01,small_cnn,sgd,10,128,20000,0.01,0.9,0.0005,cuda,False,False,5,139,767,0.06067284196615219
fixed_random,2,results_v3_lr0p01,results_v3_lr0p01,small_cnn,sgd,10,128,20000,0.01,0.9,0.0005,cuda,False,False,5,140,768,0.4701133966445923
fixed_random,2,results_v3_lr0p01,results_v3_lr0p01,small_cnn,sgd,10,128,20000,0.01,0.9,0.0005,cuda,False,False,5,141,769,0.5299462080001831
fixed_random,2,results_v3_lr0p01,results_v3_lr0p01,small_cnn,sgd,10,128,20000,0.01,0.9,0.0005,cuda,False,False,5,142,770,0.2500920295715332
fixed_random,2,results_v3_lr0p01,results_v3_lr0p01,small_cnn,sgd,10,128,20000,0.01,0.9,0.0005,cuda,False,False,5,143,771,0.3221835494041443
fixed_random,2,results_v3_lr0p01,results_v3_lr0p01,small_cnn,sgd,10,128,20000,0.01,0.9,0.0005,cuda,False,False,5,144,772,0.3617447018623352
fixed_random,2,results_v3_lr0p01,results_v3_lr0p01,small_cnn,sgd,10,128,20000,0.01,0.9,0.0005,cuda,False,False,5,145,773,0.7311379313468933
fixed_random,2,results_v3_lr0p01,results_v3_lr0p01,small_cnn,sgd,10,128,20000,0.01,0.9,0.0005,cuda,False,False,5,146,774,0.47487255930900574
fixed_random,2,results_v3_lr0p01,results_v3_lr0p01,small_cnn,sgd,10,128,20000,0.01,0.9,0.0005,cuda,False,False,5,147,775,0.3473416566848755
fixed_random,2,results_v3_lr0p01,results_v3_lr0p01,small_cnn,sgd,10,128,20000,0.01,0.9,0.0005,cuda,False,False,5,148,776,-0.13876873254776
fixed_random,2,results_v3_lr0p01,results_v3_lr0p01,small_cnn,sgd,10,128,20000,0.01,0.9,0.0005,cuda,False,False,5,149,777,0.6274572610855103
fixed_random,2,results_v3_lr0p01,results_v3_lr0p01,small_cnn,sgd,10,128,20000,0.01,0.9,0.0005,cuda,False,False,5,150,778,0.632831335067749
fixed_random,2,results_v3_lr0p01,results_v3_lr0p01,small_cnn,sgd,10,128,20000,0.01,0.9,0.0005,cuda,False,False,5,151,779,0.44522708654403687
fixed_random,2,results_v3_lr0p01,results_v3_lr0p01,small_cnn,sgd,10,128,20000,0.01,0.9,0.0005,cuda,False,False,5,152,780,0.41785579919815063
fixed_random,2,results_v3_lr0p01,results_v3_lr0p01,small_cnn,sgd,10,128,20000,0.01,0.9,0.0005,cuda,False,False,5,153,781,0.11157172918319702
fixed_random,2,results_v3_lr0p01,results_v3_lr0p01,small_cnn,sgd,10,128,20000,0.01,0.9,0.0005,cuda,False,False,5,154,782,0.5544705986976624
fixed_random,2,results_v3_lr0p01,results_v3_lr0p01,small_cnn,sgd,10,128,20000,0.01,0.9,0.0005,cuda,False,False,5,155,783,0.7661736607551575
fixed_random,2,results_v3_lr0p01,results_v3_lr0p01,small_cnn,sgd,10,128,20000,0.01,0.9,0.0005,cuda,False,False,5,156,784,0.6441860198974609
fixed_random,2,results_v3_lr0p01,results_v3_lr0p01,small_cnn,sgd,10,128,20000,0.01,0.9,0.0005,cuda,False,False,5,157,785,0.19332116842269897
fixed_random,2,results_v3_lr0p01,results_v3_lr0p01,small_cnn,sgd,10,128,20000,0.01,0.9,0.0005,cuda,False,False,6,1,786,-0.011574609205126762
fixed_random,2,results_v3_lr0p01,results_v3_lr0p01,small_cnn,sgd,10,128,20000,0.01,0.9,0.0005,cuda,False,False,6,2,787,0.33466947078704834
fixed_random,2,results_v3_lr0p01,results_v3_lr0p01,small_cnn,sgd,10,128,20000,0.01,0.9,0.0005,cuda,False,False,6,3,788,0.614865779876709
fixed_random,2,results_v3_lr0p01,results_v3_lr0p01,small_cnn,sgd,10,128,20000,0.01,0.9,0.0005,cuda,False,False,6,4,789,0.7677891850471497
fixed_random,2,results_v3_lr0p01,results_v3_lr0p01,small_cnn,sgd,10,128,20000,0.01,0.9,0.0005,cuda,False,False,6,5,790,0.5978695154190063
fixed_random,2,results_v3_lr0p01,results_v3_lr0p01,small_cnn,sgd,10,128,20000,0.01,0.9,0.0005,cuda,False,False,6,6,791,0.19811229407787323
fixed_random,2,results_v3_lr0p01,results_v3_lr0p01,small_cnn,sgd,10,128,20000,0.01,0.9,0.0005,cuda,False,False,6,7,792,0.3437531590461731
fixed_random,2,results_v3_lr0p01,results_v3_lr0p01,small_cnn,sgd,10,128,20000,0.01,0.9,0.0005,cuda,False,False,6,8,793,-0.01841198280453682
fixed_random,2,results_v3_lr0p01,results_v3_lr0p01,small_cnn,sgd,10,128,20000,0.01,0.9,0.0005,cuda,False,False,6,9,794,0.36143121123313904
fixed_random,2,results_v3_lr0p01,results_v3_lr0p01,small_cnn,sgd,10,128,20000,0.01,0.9,0.0005,cuda,False,False,6,10,795,0.49639609456062317
fixed_random,2,results_v3_lr0p01,results_v3_lr0p01,small_cnn,sgd,10,128,20000,0.01,0.9,0.0005,cuda,False,False,6,11,796,0.5264385938644409
fixed_random,2,results_v3_lr0p01,results_v3_lr0p01,small_cnn,sgd,10,128,20000,0.01,0.9,0.0005,cuda,False,False,6,12,797,0.5803612470626831
fixed_random,2,results_v3_lr0p01,results_v3_lr0p01,small_cnn,sgd,10,128,20000,0.01,0.9,0.0005,cuda,False,False,6,13,798,0.1753920316696167
fixed_random,2,results_v3_lr0p01,results_v3_lr0p01,small_cnn,sgd,10,128,20000,0.01,0.9,0.0005,cuda,False,False,6,14,799,-0.14089593291282654
fixed_random,2,results_v3_lr0p01,results_v3_lr0p01,small_cnn,sgd,10,128,20000,0.01,0.9,0.0005,cuda,False,False,6,15,800,0.5296056270599365
fixed_random,2,results_v3_lr0p01,results_v3_lr0p01,small_cnn,sgd,10,128,20000,0.01,0.9,0.0005,cuda,False,False,6,16,801,0.38415035605430603
fixed_random,2,results_v3_lr0p01,results_v3_lr0p01,small_cnn,sgd,10,128,20000,0.01,0.9,0.0005,cuda,False,False,6,17,802,0.38866016268730164
fixed_random,2,results_v3_lr0p01,results_v3_lr0p01,small_cnn,sgd,10,128,20000,0.01,0.9,0.0005,cuda,False,False,6,18,803,0.6922730207443237
fixed_random,2,results_v3_lr0p01,results_v3_lr0p01,small_cnn,sgd,10,128,20000,0.01,0.9,0.0005,cuda,False,False,6,19,804,0.0024205483496189117
fixed_random,2,results_v3_lr0p01,results_v3_lr0p01,small_cnn,sgd,10,128,20000,0.01,0.9,0.0005,cuda,False,False,6,20,805,0.34231820702552795
fixed_random,2,results_v3_lr0p01,results_v3_lr0p01,small_cnn,sgd,10,128,20000,0.01,0.9,0.0005,cuda,False,False,6,21,806,0.6767947673797607
fixed_random,2,results_v3_lr0p01,results_v3_lr0p01,small_cnn,sgd,10,128,20000,0.01,0.9,0.0005,cuda,False,False,6,22,807,-0.19266140460968018
fixed_random,2,results_v3_lr0p01,results_v3_lr0p01,small_cnn,sgd,10,128,20000,0.01,0.9,0.0005,cuda,False,False,6,23,808,0.12316277623176575
fixed_random,2,results_v3_lr0p01,results_v3_lr0p01,small_cnn,sgd,10,128,20000,0.01,0.9,0.0005,cuda,False,False,6,24,809,0.16981935501098633
fixed_random,2,results_v3_lr0p01,results_v3_lr0p01,small_cnn,sgd,10,128,20000,0.01,0.9,0.0005,cuda,False,False,6,25,810,0.5254499912261963
fixed_random,2,results_v3_lr0p01,results_v3_lr0p01,small_cnn,sgd,10,128,20000,0.01,0.9,0.0005,cuda,False,False,6,26,811,0.6095936298370361
fixed_random,2,results_v3_lr0p01,results_v3_lr0p01,small_cnn,sgd,10,128,20000,0.01,0.9,0.0005,cuda,False,False,6,27,812,0.4649105966091156
fixed_random,2,results_v3_lr0p01,results_v3_lr0p01,small_cnn,sgd,10,128,20000,0.01,0.9,0.0005,cuda,False,False,6,28,813,0.07706159353256226
fixed_random,2,results_v3_lr0p01,results_v3_lr0p01,small_cnn,sgd,10,128,20000,0.01,0.9,0.0005,cuda,False,False,6,29,814,-0.40483522415161133
fixed_random,2,results_v3_lr0p01,results_v3_lr0p01,small_cnn,sgd,10,128,20000,0.01,0.9,0.0005,cuda,False,False,6,30,815,0.7296810746192932
fixed_random,2,results_v3_lr0p01,results_v3_lr0p01,small_cnn,sgd,10,128,20000,0.01,0.9,0.0005,cuda,False,False,6,31,816,0.40611952543258667
fixed_random,2,results_v3_lr0p01,results_v3_lr0p01,small_cnn,sgd,10,128,20000,0.01,0.9,0.0005,cuda,False,False,6,32,817,-0.2224251627922058
fixed_random,2,results_v3_lr0p01,results_v3_lr0p01,small_cnn,sgd,10,128,20000,0.01,0.9,0.0005,cuda,False,False,6,33,818,0.5736342668533325
fixed_random,2,results_v3_lr0p01,results_v3_lr0p01,small_cnn,sgd,10,128,20000,0.01,0.9,0.0005,cuda,False,False,6,34,819,0.41654500365257263
fixed_random,2,results_v3_lr0p01,results_v3_lr0p01,small_cnn,sgd,10,128,20000,0.01,0.9,0.0005,cuda,False,False,6,35,820,-0.21683721244335175
fixed_random,2,results_v3_lr0p01,results_v3_lr0p01,small_cnn,sgd,10,128,20000,0.01,0.9,0.0005,cuda,False,False,6,36,821,0.6521891355514526
fixed_random,2,results_v3_lr0p01,results_v3_lr0p01,small_cnn,sgd,10,128,20000,0.01,0.9,0.0005,cuda,False,False,6,37,822,0.5196155309677124
fixed_random,2,results_v3_lr0p01,results_v3_lr0p01,small_cnn,sgd,10,128,20000,0.01,0.9,0.0005,cuda,False,False,6,38,823,0.3605045676231384
fixed_random,2,results_v3_lr0p01,results_v3_lr0p01,small_cnn,sgd,10,128,20000,0.01,0.9,0.0005,cuda,False,False,6,39,824,0.6106752157211304
fixed_random,2,results_v3_lr0p01,results_v3_lr0p01,small_cnn,sgd,10,128,20000,0.01,0.9,0.0005,cuda,False,False,6,40,825,-0.24509453773498535
fixed_random,2,results_v3_lr0p01,results_v3_lr0p01,small_cnn,sgd,10,128,20000,0.01,0.9,0.0005,cuda,False,False,6,41,826,0.28175246715545654
fixed_random,2,results_v3_lr0p01,results_v3_lr0p01,small_cnn,sgd,10,128,20000,0.01,0.9,0.0005,cuda,False,False,6,42,827,0.3732120096683502
fixed_random,2,results_v3_lr0p01,results_v3_lr0p01,small_cnn,sgd,10,128,20000,0.01,0.9,0.0005,cuda,False,False,6,43,828,0.5632210373878479
fixed_random,2,results_v3_lr0p01,results_v3_lr0p01,small_cnn,sgd,10,128,20000,0.01,0.9,0.0005,cuda,False,False,6,44,829,0.5146688222885132
fixed_random,2,results_v3_lr0p01,results_v3_lr0p01,small_cnn,sgd,10,128,20000,0.01,0.9,0.0005,cuda,False,False,6,45,830,-0.1203976646065712
fixed_random,2,results_v3_lr0p01,results_v3_lr0p01,small_cnn,sgd,10,128,20000,0.01,0.9,0.0005,cuda,False,False,6,46,831,0.35960954427719116
fixed_random,2,results_v3_lr0p01,results_v3_lr0p01,small_cnn,sgd,10,128,20000,0.01,0.9,0.0005,cuda,False,False,6,47,832,0.6743209362030029
fixed_random,2,results_v3_lr0p01,results_v3_lr0p01,small_cnn,sgd,10,128,20000,0.01,0.9,0.0005,cuda,False,False,6,48,833,0.20433330535888672
fixed_random,2,results_v3_lr0p01,results_v3_lr0p01,small_cnn,sgd,10,128,20000,0.01,0.9,0.0005,cuda,False,False,6,49,834,0.020413905382156372
fixed_random,2,results_v3_lr0p01,results_v3_lr0p01,small_cnn,sgd,10,128,20000,0.01,0.9,0.0005,cuda,False,False,6,50,835,0.2472286820411682
fixed_random,2,results_v3_lr0p01,results_v3_lr0p01,small_cnn,sgd,10,128,20000,0.01,0.9,0.0005,cuda,False,False,6,51,836,0.27019718289375305
fixed_random,2,results_v3_lr0p01,results_v3_lr0p01,small_cnn,sgd,10,128,20000,0.01,0.9,0.0005,cuda,False,False,6,52,837,-0.3642290234565735
fixed_random,2,results_v3_lr0p01,results_v3_lr0p01,small_cnn,sgd,10,128,20000,0.01,0.9,0.0005,cuda,False,False,6,53,838,-0.06189483776688576
fixed_random,2,results_v3_lr0p01,results_v3_lr0p01,small_cnn,sgd,10,128,20000,0.01,0.9,0.0005,cuda,False,False,6,54,839,0.282186359167099
fixed_random,2,results_v3_lr0p01,results_v3_lr0p01,small_cnn,sgd,10,128,20000,0.01,0.9,0.0005,cuda,False,False,6,55,840,0.27785512804985046
fixed_random,2,results_v3_lr0p01,results_v3_lr0p01,small_cnn,sgd,10,128,20000,0.01,0.9,0.0005,cuda,False,False,6,56,841,-0.30567723512649536
fixed_random,2,results_v3_lr0p01,results_v3_lr0p01,small_cnn,sgd,10,128,20000,0.01,0.9,0.0005,cuda,False,False,6,57,842,0.4477040767669678
fixed_random,2,results_v3_lr0p01,results_v3_lr0p01,small_cnn,sgd,10,128,20000,0.01,0.9,0.0005,cuda,False,False,6,58,843,-0.09209142625331879
fixed_random,2,results_v3_lr0p01,results_v3_lr0p01,small_cnn,sgd,10,128,20000,0.01,0.9,0.0005,cuda,False,False,6,59,844,0.05443587899208069
fixed_random,2,results_v3_lr0p01,results_v3_lr0p01,small_cnn,sgd,10,128,20000,0.01,0.9,0.0005,cuda,False,False,6,60,845,0.26603972911834717
fixed_random,2,results_v3_lr0p01,results_v3_lr0p01,small_cnn,sgd,10,128,20000,0.01,0.9,0.0005,cuda,False,False,6,61,846,-0.3018420934677124
fixed_random,2,results_v3_lr0p01,results_v3_lr0p01,small_cnn,sgd,10,128,20000,0.01,0.9,0.0005,cuda,False,False,6,62,847,0.02805626392364502
fixed_random,2,results_v3_lr0p01,results_v3_lr0p01,small_cnn,sgd,10,128,20000,0.01,0.9,0.0005,cuda,False,False,6,63,848,0.37512215971946716
fixed_random,2,results_v3_lr0p01,results_v3_lr0p01,small_cnn,sgd,10,128,20000,0.01,0.9,0.0005,cuda,False,False,6,64,849,-0.18587972223758698
fixed_random,2,results_v3_lr0p01,results_v3_lr0p01,small_cnn,sgd,10,128,20000,0.01,0.9,0.0005,cuda,False,False,6,65,850,0.12006780505180359
fixed_random,2,results_v3_lr0p01,results_v3_lr0p01,small_cnn,sgd,10,128,20000,0.01,0.9,0.0005,cuda,False,False,6,66,851,0.3624779284000397
fixed_random,2,results_v3_lr0p01,results_v3_lr0p01,small_cnn,sgd,10,128,20000,0.01,0.9,0.0005,cuda,False,False,6,67,852,0.17405380308628082
fixed_random,2,results_v3_lr0p01,results_v3_lr0p01,small_cnn,sgd,10,128,20000,0.01,0.9,0.0005,cuda,False,False,6,68,853,0.27385392785072327
fixed_random,2,results_v3_lr0p01,results_v3_lr0p01,small_cnn,sgd,10,128,20000,0.01,0.9,0.0005,cuda,False,False,6,69,854,0.051212720572948456
fixed_random,2,results_v3_lr0p01,results_v3_lr0p01,small_cnn,sgd,10,128,20000,0.01,0.9,0.0005,cuda,False,False,6,70,855,-0.13298091292381287
fixed_random,2,results_v3_lr0p01,results_v3_lr0p01,small_cnn,sgd,10,128,20000,0.01,0.9,0.0005,cuda,False,False,6,71,856,-0.324429988861084
fixed_random,2,results_v3_lr0p01,results_v3_lr0p01,small_cnn,sgd,10,128,20000,0.01,0.9,0.0005,cuda,False,False,6,72,857,-0.10663361847400665
fixed_random,2,results_v3_lr0p01,results_v3_lr0p01,small_cnn,sgd,10,128,20000,0.01,0.9,0.0005,cuda,False,False,6,73,858,-0.3993653655052185
fixed_random,2,results_v3_lr0p01,results_v3_lr0p01,small_cnn,sgd,10,128,20000,0.01,0.9,0.0005,cuda,False,False,6,74,859,-0.08122344315052032
fixed_random,2,results_v3_lr0p01,results_v3_lr0p01,small_cnn,sgd,10,128,20000,0.01,0.9,0.0005,cuda,False,False,6,75,860,0.21996702253818512
fixed_random,2,results_v3_lr0p01,results_v3_lr0p01,small_cnn,sgd,10,128,20000,0.01,0.9,0.0005,cuda,False,False,6,76,861,0.41780462861061096
fixed_random,2,results_v3_lr0p01,results_v3_lr0p01,small_cnn,sgd,10,128,20000,0.01,0.9,0.0005,cuda,False,False,6,77,862,-0.01751437596976757
fixed_random,2,results_v3_lr0p01,results_v3_lr0p01,small_cnn,sgd,10,128,20000,0.01,0.9,0.0005,cuda,False,False,6,78,863,0.6296277642250061
fixed_random,2,results_v3_lr0p01,results_v3_lr0p01,small_cnn,sgd,10,128,20000,0.01,0.9,0.0005,cuda,False,False,6,79,864,0.4061320126056671
fixed_random,2,results_v3_lr0p01,results_v3_lr0p01,small_cnn,sgd,10,128,20000,0.01,0.9,0.0005,cuda,False,False,6,80,865,0.37740832567214966
fixed_random,2,results_v3_lr0p01,results_v3_lr0p01,small_cnn,sgd,10,128,20000,0.01,0.9,0.0005,cuda,False,False,6,81,866,0.28704220056533813
fixed_random,2,results_v3_lr0p01,results_v3_lr0p01,small_cnn,sgd,10,128,20000,0.01,0.9,0.0005,cuda,False,False,6,82,867,0.38486599922180176
fixed_random,2,results_v3_lr0p01,results_v3_lr0p01,small_cnn,sgd,10,128,20000,0.01,0.9,0.0005,cuda,False,False,6,83,868,0.07385377585887909
fixed_random,2,results_v3_lr0p01,results_v3_lr0p01,small_cnn,sgd,10,128,20000,0.01,0.9,0.0005,cuda,False,False,6,84,869,-0.032438211143016815
fixed_random,2,results_v3_lr0p01,results_v3_lr0p01,small_cnn,sgd,10,128,20000,0.01,0.9,0.0005,cuda,False,False,6,85,870,0.3286535143852234
fixed_random,2,results_v3_lr0p01,results_v3_lr0p01,small_cnn,sgd,10,128,20000,0.01,0.9,0.0005,cuda,False,False,6,86,871,0.06353908777236938
fixed_random,2,results_v3_lr0p01,results_v3_lr0p01,small_cnn,sgd,10,128,20000,0.01,0.9,0.0005,cuda,False,False,6,87,872,0.3565581738948822
fixed_random,2,results_v3_lr0p01,results_v3_lr0p01,small_cnn,sgd,10,128,20000,0.01,0.9,0.0005,cuda,False,False,6,88,873,0.00023514963686466217
fixed_random,2,results_v3_lr0p01,results_v3_lr0p01,small_cnn,sgd,10,128,20000,0.01,0.9,0.0005,cuda,False,False,6,89,874,-0.2186642289161682
fixed_random,2,results_v3_lr0p01,results_v3_lr0p01,small_cnn,sgd,10,128,20000,0.01,0.9,0.0005,cuda,False,False,6,90,875,0.14066588878631592
fixed_random,2,results_v3_lr0p01,results_v3_lr0p01,small_cnn,sgd,10,128,20000,0.01,0.9,0.0005,cuda,False,False,6,91,876,0.5789087414741516
fixed_random,2,results_v3_lr0p01,results_v3_lr0p01,small_cnn,sgd,10,128,20000,0.01,0.9,0.0005,cuda,False,False,6,92,877,0.07632558792829514
fixed_random,2,results_v3_lr0p01,results_v3_lr0p01,small_cnn,sgd,10,128,20000,0.01,0.9,0.0005,cuda,False,False,6,93,878,-0.04703830927610397
fixed_random,2,results_v3_lr0p01,results_v3_lr0p01,small_cnn,sgd,10,128,20000,0.01,0.9,0.0005,cuda,False,False,6,94,879,0.20073893666267395
fixed_random,2,results_v3_lr0p01,results_v3_lr0p01,small_cnn,sgd,10,128,20000,0.01,0.9,0.0005,cuda,False,False,6,95,880,0.2931400239467621
fixed_random,2,results_v3_lr0p01,results_v3_lr0p01,small_cnn,sgd,10,128,20000,0.01,0.9,0.0005,cuda,False,False,6,96,881,0.6369801759719849
fixed_random,2,results_v3_lr0p01,results_v3_lr0p01,small_cnn,sgd,10,128,20000,0.01,0.9,0.0005,cuda,False,False,6,97,882,-0.0030327877029776573
fixed_random,2,results_v3_lr0p01,results_v3_lr0p01,small_cnn,sgd,10,128,20000,0.01,0.9,0.0005,cuda,False,False,6,98,883,-0.011574391275644302
fixed_random,2,results_v3_lr0p01,results_v3_lr0p01,small_cnn,sgd,10,128,20000,0.01,0.9,0.0005,cuda,False,False,6,99,884,0.2194293886423111
fixed_random,2,results_v3_lr0p01,results_v3_lr0p01,small_cnn,sgd,10,128,20000,0.01,0.9,0.0005,cuda,False,False,6,100,885,0.3243006467819214
fixed_random,2,results_v3_lr0p01,results_v3_lr0p01,small_cnn,sgd,10,128,20000,0.01,0.9,0.0005,cuda,False,False,6,101,886,0.21835309267044067
fixed_random,2,results_v3_lr0p01,results_v3_lr0p01,small_cnn,sgd,10,128,20000,0.01,0.9,0.0005,cuda,False,False,6,102,887,0.4846176505088806
fixed_random,2,results_v3_lr0p01,results_v3_lr0p01,small_cnn,sgd,10,128,20000,0.01,0.9,0.0005,cuda,False,False,6,103,888,0.5984895825386047
fixed_random,2,results_v3_lr0p01,results_v3_lr0p01,small_cnn,sgd,10,128,20000,0.01,0.9,0.0005,cuda,False,False,6,104,889,-0.7219876050949097
fixed_random,2,results_v3_lr0p01,results_v3_lr0p01,small_cnn,sgd,10,128,20000,0.01,0.9,0.0005,cuda,False,False,6,105,890,0.1867670863866806
fixed_random,2,results_v3_lr0p01,results_v3_lr0p01,small_cnn,sgd,10,128,20000,0.01,0.9,0.0005,cuda,False,False,6,106,891,0.4591521620750427
fixed_random,2,results_v3_lr0p01,results_v3_lr0p01,small_cnn,sgd,10,128,20000,0.01,0.9,0.0005,cuda,False,False,6,107,892,0.6824874877929688
fixed_random,2,results_v3_lr0p01,results_v3_lr0p01,small_cnn,sgd,10,128,20000,0.01,0.9,0.0005,cuda,False,False,6,108,893,0.06459282338619232
fixed_random,2,results_v3_lr0p01,results_v3_lr0p01,small_cnn,sgd,10,128,20000,0.01,0.9,0.0005,cuda,False,False,6,109,894,0.2828351855278015
fixed_random,2,results_v3_lr0p01,results_v3_lr0p01,small_cnn,sgd,10,128,20000,0.01,0.9,0.0005,cuda,False,False,6,110,895,-0.09777713567018509
fixed_random,2,results_v3_lr0p01,results_v3_lr0p01,small_cnn,sgd,10,128,20000,0.01,0.9,0.0005,cuda,False,False,6,111,896,0.2705135941505432
fixed_random,2,results_v3_lr0p01,results_v3_lr0p01,small_cnn,sgd,10,128,20000,0.01,0.9,0.0005,cuda,False,False,6,112,897,0.4145958721637726
fixed_random,2,results_v3_lr0p01,results_v3_lr0p01,small_cnn,sgd,10,128,20000,0.01,0.9,0.0005,cuda,False,False,6,113,898,0.5955176949501038
fixed_random,2,results_v3_lr0p01,results_v3_lr0p01,small_cnn,sgd,10,128,20000,0.01,0.9,0.0005,cuda,False,False,6,114,899,0.13665151596069336
fixed_random,2,results_v3_lr0p01,results_v3_lr0p01,small_cnn,sgd,10,128,20000,0.01,0.9,0.0005,cuda,False,False,6,115,900,0.22040438652038574
fixed_random,2,results_v3_lr0p01,results_v3_lr0p01,small_cnn,sgd,10,128,20000,0.01,0.9,0.0005,cuda,False,False,6,116,901,0.24527761340141296
fixed_random,2,results_v3_lr0p01,results_v3_lr0p01,small_cnn,sgd,10,128,20000,0.01,0.9,0.0005,cuda,False,False,6,117,902,0.6486066579818726
fixed_random,2,results_v3_lr0p01,results_v3_lr0p01,small_cnn,sgd,10,128,20000,0.01,0.9,0.0005,cuda,False,False,6,118,903,0.311134397983551
fixed_random,2,results_v3_lr0p01,results_v3_lr0p01,small_cnn,sgd,10,128,20000,0.01,0.9,0.0005,cuda,False,False,6,119,904,-0.16397368907928467
fixed_random,2,results_v3_lr0p01,results_v3_lr0p01,small_cnn,sgd,10,128,20000,0.01,0.9,0.0005,cuda,False,False,6,120,905,0.16416135430335999
fixed_random,2,results_v3_lr0p01,results_v3_lr0p01,small_cnn,sgd,10,128,20000,0.01,0.9,0.0005,cuda,False,False,6,121,906,-0.24621334671974182
fixed_random,2,results_v3_lr0p01,results_v3_lr0p01,small_cnn,sgd,10,128,20000,0.01,0.9,0.0005,cuda,False,False,6,122,907,0.022417999804019928
fixed_random,2,results_v3_lr0p01,results_v3_lr0p01,small_cnn,sgd,10,128,20000,0.01,0.9,0.0005,cuda,False,False,6,123,908,0.2047261744737625
fixed_random,2,results_v3_lr0p01,results_v3_lr0p01,small_cnn,sgd,10,128,20000,0.01,0.9,0.0005,cuda,False,False,6,124,909,0.48883575201034546
fixed_random,2,results_v3_lr0p01,results_v3_lr0p01,small_cnn,sgd,10,128,20000,0.01,0.9,0.0005,cuda,False,False,6,125,910,0.0707353949546814
fixed_random,2,results_v3_lr0p01,results_v3_lr0p01,small_cnn,sgd,10,128,20000,0.01,0.9,0.0005,cuda,False,False,6,126,911,0.06384546309709549
fixed_random,2,results_v3_lr0p01,results_v3_lr0p01,small_cnn,sgd,10,128,20000,0.01,0.9,0.0005,cuda,False,False,6,127,912,0.4186679422855377
fixed_random,2,results_v3_lr0p01,results_v3_lr0p01,small_cnn,sgd,10,128,20000,0.01,0.9,0.0005,cuda,False,False,6,128,913,0.6773114204406738
fixed_random,2,results_v3_lr0p01,results_v3_lr0p01,small_cnn,sgd,10,128,20000,0.01,0.9,0.0005,cuda,False,False,6,129,914,0.547612190246582
fixed_random,2,results_v3_lr0p01,results_v3_lr0p01,small_cnn,sgd,10,128,20000,0.01,0.9,0.0005,cuda,False,False,6,130,915,0.020403366535902023
fixed_random,2,results_v3_lr0p01,results_v3_lr0p01,small_cnn,sgd,10,128,20000,0.01,0.9,0.0005,cuda,False,False,6,131,916,0.15158270299434662
fixed_random,2,results_v3_lr0p01,results_v3_lr0p01,small_cnn,sgd,10,128,20000,0.01,0.9,0.0005,cuda,False,False,6,132,917,0.5865657329559326
fixed_random,2,results_v3_lr0p01,results_v3_lr0p01,small_cnn,sgd,10,128,20000,0.01,0.9,0.0005,cuda,False,False,6,133,918,0.6546553373336792
fixed_random,2,results_v3_lr0p01,results_v3_lr0p01,small_cnn,sgd,10,128,20000,0.01,0.9,0.0005,cuda,False,False,6,134,919,0.5300989151000977
fixed_random,2,results_v3_lr0p01,results_v3_lr0p01,small_cnn,sgd,10,128,20000,0.01,0.9,0.0005,cuda,False,False,6,135,920,-0.4053800404071808
fixed_random,2,results_v3_lr0p01,results_v3_lr0p01,small_cnn,sgd,10,128,20000,0.01,0.9,0.0005,cuda,False,False,6,136,921,0.4188777804374695
fixed_random,2,results_v3_lr0p01,results_v3_lr0p01,small_cnn,sgd,10,128,20000,0.01,0.9,0.0005,cuda,False,False,6,137,922,0.3046240210533142
fixed_random,2,results_v3_lr0p01,results_v3_lr0p01,small_cnn,sgd,10,128,20000,0.01,0.9,0.0005,cuda,False,False,6,138,923,0.5736587047576904
fixed_random,2,results_v3_lr0p01,results_v3_lr0p01,small_cnn,sgd,10,128,20000,0.01,0.9,0.0005,cuda,False,False,6,139,924,0.1418713629245758
fixed_random,2,results_v3_lr0p01,results_v3_lr0p01,small_cnn,sgd,10,128,20000,0.01,0.9,0.0005,cuda,False,False,6,140,925,0.5112877488136292
fixed_random,2,results_v3_lr0p01,results_v3_lr0p01,small_cnn,sgd,10,128,20000,0.01,0.9,0.0005,cuda,False,False,6,141,926,0.5410036444664001
fixed_random,2,results_v3_lr0p01,results_v3_lr0p01,small_cnn,sgd,10,128,20000,0.01,0.9,0.0005,cuda,False,False,6,142,927,0.1743774563074112
fixed_random,2,results_v3_lr0p01,results_v3_lr0p01,small_cnn,sgd,10,128,20000,0.01,0.9,0.0005,cuda,False,False,6,143,928,0.3362889885902405
fixed_random,2,results_v3_lr0p01,results_v3_lr0p01,small_cnn,sgd,10,128,20000,0.01,0.9,0.0005,cuda,False,False,6,144,929,0.3565047085285187
fixed_random,2,results_v3_lr0p01,results_v3_lr0p01,small_cnn,sgd,10,128,20000,0.01,0.9,0.0005,cuda,False,False,6,145,930,0.6418492794036865
fixed_random,2,results_v3_lr0p01,results_v3_lr0p01,small_cnn,sgd,10,128,20000,0.01,0.9,0.0005,cuda,False,False,6,146,931,0.4478650391101837
fixed_random,2,results_v3_lr0p01,results_v3_lr0p01,small_cnn,sgd,10,128,20000,0.01,0.9,0.0005,cuda,False,False,6,147,932,0.2794402241706848
fixed_random,2,results_v3_lr0p01,results_v3_lr0p01,small_cnn,sgd,10,128,20000,0.01,0.9,0.0005,cuda,False,False,6,148,933,-0.08746249228715897
fixed_random,2,results_v3_lr0p01,results_v3_lr0p01,small_cnn,sgd,10,128,20000,0.01,0.9,0.0005,cuda,False,False,6,149,934,0.561959981918335
fixed_random,2,results_v3_lr0p01,results_v3_lr0p01,small_cnn,sgd,10,128,20000,0.01,0.9,0.0005,cuda,False,False,6,150,935,0.4882935881614685
fixed_random,2,results_v3_lr0p01,results_v3_lr0p01,small_cnn,sgd,10,128,20000,0.01,0.9,0.0005,cuda,False,False,6,151,936,0.3188924193382263
fixed_random,2,results_v3_lr0p01,results_v3_lr0p01,small_cnn,sgd,10,128,20000,0.01,0.9,0.0005,cuda,False,False,6,152,937,0.39608335494995117
fixed_random,2,results_v3_lr0p01,results_v3_lr0p01,small_cnn,sgd,10,128,20000,0.01,0.9,0.0005,cuda,False,False,6,153,938,0.044702839106321335
fixed_random,2,results_v3_lr0p01,results_v3_lr0p01,small_cnn,sgd,10,128,20000,0.01,0.9,0.0005,cuda,False,False,6,154,939,0.5149719715118408
fixed_random,2,results_v3_lr0p01,results_v3_lr0p01,small_cnn,sgd,10,128,20000,0.01,0.9,0.0005,cuda,False,False,6,155,940,0.6974538564682007
fixed_random,2,results_v3_lr0p01,results_v3_lr0p01,small_cnn,sgd,10,128,20000,0.01,0.9,0.0005,cuda,False,False,6,156,941,0.6035127639770508
fixed_random,2,results_v3_lr0p01,results_v3_lr0p01,small_cnn,sgd,10,128,20000,0.01,0.9,0.0005,cuda,False,False,6,157,942,0.27303043007850647
fixed_random,2,results_v3_lr0p01,results_v3_lr0p01,small_cnn,sgd,10,128,20000,0.01,0.9,0.0005,cuda,False,False,7,1,943,0.05878553166985512
fixed_random,2,results_v3_lr0p01,results_v3_lr0p01,small_cnn,sgd,10,128,20000,0.01,0.9,0.0005,cuda,False,False,7,2,944,0.3214573264122009
fixed_random,2,results_v3_lr0p01,results_v3_lr0p01,small_cnn,sgd,10,128,20000,0.01,0.9,0.0005,cuda,False,False,7,3,945,0.5664259195327759
fixed_random,2,results_v3_lr0p01,results_v3_lr0p01,small_cnn,sgd,10,128,20000,0.01,0.9,0.0005,cuda,False,False,7,4,946,0.7399131655693054
fixed_random,2,results_v3_lr0p01,results_v3_lr0p01,small_cnn,sgd,10,128,20000,0.01,0.9,0.0005,cuda,False,False,7,5,947,0.5721807479858398
fixed_random,2,results_v3_lr0p01,results_v3_lr0p01,small_cnn,sgd,10,128,20000,0.01,0.9,0.0005,cuda,False,False,7,6,948,0.24612225592136383
fixed_random,2,results_v3_lr0p01,results_v3_lr0p01,small_cnn,sgd,10,128,20000,0.01,0.9,0.0005,cuda,False,False,7,7,949,0.4816232919692993
fixed_random,2,results_v3_lr0p01,results_v3_lr0p01,small_cnn,sgd,10,128,20000,0.01,0.9,0.0005,cuda,False,False,7,8,950,0.15070247650146484
fixed_random,2,results_v3_lr0p01,results_v3_lr0p01,small_cnn,sgd,10,128,20000,0.01,0.9,0.0005,cuda,False,False,7,9,951,0.20788171887397766
fixed_random,2,results_v3_lr0p01,results_v3_lr0p01,small_cnn,sgd,10,128,20000,0.01,0.9,0.0005,cuda,False,False,7,10,952,0.4223442077636719
fixed_random,2,results_v3_lr0p01,results_v3_lr0p01,small_cnn,sgd,10,128,20000,0.01,0.9,0.0005,cuda,False,False,7,11,953,0.4790438115596771
fixed_random,2,results_v3_lr0p01,results_v3_lr0p01,small_cnn,sgd,10,128,20000,0.01,0.9,0.0005,cuda,False,False,7,12,954,0.6320774555206299
fixed_random,2,results_v3_lr0p01,results_v3_lr0p01,small_cnn,sgd,10,128,20000,0.01,0.9,0.0005,cuda,False,False,7,13,955,0.22782652080059052
fixed_random,2,results_v3_lr0p01,results_v3_lr0p01,small_cnn,sgd,10,128,20000,0.01,0.9,0.0005,cuda,False,False,7,14,956,-0.11152774095535278
fixed_random,2,results_v3_lr0p01,results_v3_lr0p01,small_cnn,sgd,10,128,20000,0.01,0.9,0.0005,cuda,False,False,7,15,957,0.44904521107673645
fixed_random,2,results_v3_lr0p01,results_v3_lr0p01,small_cnn,sgd,10,128,20000,0.01,0.9,0.0005,cuda,False,False,7,16,958,0.34541434049606323
fixed_random,2,results_v3_lr0p01,results_v3_lr0p01,small_cnn,sgd,10,128,20000,0.01,0.9,0.0005,cuda,False,False,7,17,959,0.38074779510498047
fixed_random,2,results_v3_lr0p01,results_v3_lr0p01,small_cnn,sgd,10,128,20000,0.01,0.9,0.0005,cuda,False,False,7,18,960,0.6937450170516968
fixed_random,2,results_v3_lr0p01,results_v3_lr0p01,small_cnn,sgd,10,128,20000,0.01,0.9,0.0005,cuda,False,False,7,19,961,-0.07579171657562256
fixed_random,2,results_v3_lr0p01,results_v3_lr0p01,small_cnn,sgd,10,128,20000,0.01,0.9,0.0005,cuda,False,False,7,20,962,0.3037034869194031
fixed_random,2,results_v3_lr0p01,results_v3_lr0p01,small_cnn,sgd,10,128,20000,0.01,0.9,0.0005,cuda,False,False,7,21,963,0.6518744230270386
fixed_random,2,results_v3_lr0p01,results_v3_lr0p01,small_cnn,sgd,10,128,20000,0.01,0.9,0.0005,cuda,False,False,7,22,964,-0.039449237287044525
fixed_random,2,results_v3_lr0p01,results_v3_lr0p01,small_cnn,sgd,10,128,20000,0.01,0.9,0.0005,cuda,False,False,7,23,965,0.16472375392913818
fixed_random,2,results_v3_lr0p01,results_v3_lr0p01,small_cnn,sgd,10,128,20000,0.01,0.9,0.0005,cuda,False,False,7,24,966,0.05702289566397667
fixed_random,2,results_v3_lr0p01,results_v3_lr0p01,small_cnn,sgd,10,128,20000,0.01,0.9,0.0005,cuda,False,False,7,25,967,0.48069703578948975
fixed_random,2,results_v3_lr0p01,results_v3_lr0p01,small_cnn,sgd,10,128,20000,0.01,0.9,0.0005,cuda,False,False,7,26,968,0.5718478560447693
fixed_random,2,results_v3_lr0p01,results_v3_lr0p01,small_cnn,sgd,10,128,20000,0.01,0.9,0.0005,cuda,False,False,7,27,969,0.627871572971344
fixed_random,2,results_v3_lr0p01,results_v3_lr0p01,small_cnn,sgd,10,128,20000,0.01,0.9,0.0005,cuda,False,False,7,28,970,0.22223041951656342
fixed_random,2,results_v3_lr0p01,results_v3_lr0p01,small_cnn,sgd,10,128,20000,0.01,0.9,0.0005,cuda,False,False,7,29,971,-0.4104122817516327
fixed_random,2,results_v3_lr0p01,results_v3_lr0p01,small_cnn,sgd,10,128,20000,0.01,0.9,0.0005,cuda,False,False,7,30,972,0.7311803102493286
fixed_random,2,results_v3_lr0p01,results_v3_lr0p01,small_cnn,sgd,10,128,20000,0.01,0.9,0.0005,cuda,False,False,7,31,973,0.4504360258579254
fixed_random,2,results_v3_lr0p01,results_v3_lr0p01,small_cnn,sgd,10,128,20000,0.01,0.9,0.0005,cuda,False,False,7,32,974,-0.10719877481460571
fixed_random,2,results_v3_lr0p01,results_v3_lr0p01,small_cnn,sgd,10,128,20000,0.01,0.9,0.0005,cuda,False,False,7,33,975,0.5997797846794128
fixed_random,2,results_v3_lr0p01,results_v3_lr0p01,small_cnn,sgd,10,128,20000,0.01,0.9,0.0005,cuda,False,False,7,34,976,0.4740169048309326
fixed_random,2,results_v3_lr0p01,results_v3_lr0p01,small_cnn,sgd,10,128,20000,0.01,0.9,0.0005,cuda,False,False,7,35,977,-0.26457786560058594
fixed_random,2,results_v3_lr0p01,results_v3_lr0p01,small_cnn,sgd,10,128,20000,0.01,0.9,0.0005,cuda,False,False,7,36,978,0.613611102104187
fixed_random,2,results_v3_lr0p01,results_v3_lr0p01,small_cnn,sgd,10,128,20000,0.01,0.9,0.0005,cuda,False,False,7,37,979,0.6134501099586487
fixed_random,2,results_v3_lr0p01,results_v3_lr0p01,small_cnn,sgd,10,128,20000,0.01,0.9,0.0005,cuda,False,False,7,38,980,0.43620729446411133
fixed_random,2,results_v3_lr0p01,results_v3_lr0p01,small_cnn,sgd,10,128,20000,0.01,0.9,0.0005,cuda,False,False,7,39,981,0.5988352298736572
fixed_random,2,results_v3_lr0p01,results_v3_lr0p01,small_cnn,sgd,10,128,20000,0.01,0.9,0.0005,cuda,False,False,7,40,982,-0.1900159865617752
fixed_random,2,results_v3_lr0p01,results_v3_lr0p01,small_cnn,sgd,10,128,20000,0.01,0.9,0.0005,cuda,False,False,7,41,983,0.26452919840812683
fixed_random,2,results_v3_lr0p01,results_v3_lr0p01,small_cnn,sgd,10,128,20000,0.01,0.9,0.0005,cuda,False,False,7,42,984,0.3768587112426758
fixed_random,2,results_v3_lr0p01,results_v3_lr0p01,small_cnn,sgd,10,128,20000,0.01,0.9,0.0005,cuda,False,False,7,43,985,0.5860959887504578
fixed_random,2,results_v3_lr0p01,results_v3_lr0p01,small_cnn,sgd,10,128,20000,0.01,0.9,0.0005,cuda,False,False,7,44,986,0.5733970403671265
fixed_random,2,results_v3_lr0p01,results_v3_lr0p01,small_cnn,sgd,10,128,20000,0.01,0.9,0.0005,cuda,False,False,7,45,987,-0.11320316791534424
fixed_random,2,results_v3_lr0p01,results_v3_lr0p01,small_cnn,sgd,10,128,20000,0.01,0.9,0.0005,cuda,False,False,7,46,988,0.46366259455680847
fixed_random,2,results_v3_lr0p01,results_v3_lr0p01,small_cnn,sgd,10,128,20000,0.01,0.9,0.0005,cuda,False,False,7,47,989,0.7174828052520752
fixed_random,2,results_v3_lr0p01,results_v3_lr0p01,small_cnn,sgd,10,128,20000,0.01,0.9,0.0005,cuda,False,False,7,48,990,0.2536519169807434
fixed_random,2,results_v3_lr0p01,results_v3_lr0p01,small_cnn,sgd,10,128,20000,0.01,0.9,0.0005,cuda,False,False,7,49,991,1.4510005712509155e-05
fixed_random,2,results_v3_lr0p01,results_v3_lr0p01,small_cnn,sgd,10,128,20000,0.01,0.9,0.0005,cuda,False,False,7,50,992,0.14141786098480225
fixed_random,2,results_v3_lr0p01,results_v3_lr0p01,small_cnn,sgd,10,128,20000,0.01,0.9,0.0005,cuda,False,False,7,51,993,0.27583426237106323
fixed_random,2,results_v3_lr0p01,results_v3_lr0p01,small_cnn,sgd,10,128,20000,0.01,0.9,0.0005,cuda,False,False,7,52,994,-0.38903236389160156
fixed_random,2,results_v3_lr0p01,results_v3_lr0p01,small_cnn,sgd,10,128,20000,0.01,0.9,0.0005,cuda,False,False,7,53,995,-0.04178844392299652
fixed_random,2,results_v3_lr0p01,results_v3_lr0p01,small_cnn,sgd,10,128,20000,0.01,0.9,0.0005,cuda,False,False,7,54,996,0.42163586616516113
fixed_random,2,results_v3_lr0p01,results_v3_lr0p01,small_cnn,sgd,10,128,20000,0.01,0.9,0.0005,cuda,False,False,7,55,997,0.4902823567390442
fixed_random,2,results_v3_lr0p01,results_v3_lr0p01,small_cnn,sgd,10,128,20000,0.01,0.9,0.0005,cuda,False,False,7,56,998,-0.39518308639526367
fixed_random,2,results_v3_lr0p01,results_v3_lr0p01,small_cnn,sgd,10,128,20000,0.01,0.9,0.0005,cuda,False,False,7,57,999,0.43013185262680054
fixed_random,2,results_v3_lr0p01,results_v3_lr0p01,small_cnn,sgd,10,128,20000,0.01,0.9,0.0005,cuda,False,False,7,58,1000,0.0042991600930690765
fixed_random,2,results_v3_lr0p01,results_v3_lr0p01,small_cnn,sgd,10,128,20000,0.01,0.9,0.0005,cuda,False,False,7,59,1001,0.05030786246061325
fixed_random,2,results_v3_lr0p01,results_v3_lr0p01,small_cnn,sgd,10,128,20000,0.01,0.9,0.0005,cuda,False,False,7,60,1002,0.28442278504371643
fixed_random,2,results_v3_lr0p01,results_v3_lr0p01,small_cnn,sgd,10,128,20000,0.01,0.9,0.0005,cuda,False,False,7,61,1003,-0.15395642817020416
fixed_random,2,results_v3_lr0p01,results_v3_lr0p01,small_cnn,sgd,10,128,20000,0.01,0.9,0.0005,cuda,False,False,7,62,1004,-0.18896815180778503
fixed_random,2,results_v3_lr0p01,results_v3_lr0p01,small_cnn,sgd,10,128,20000,0.01,0.9,0.0005,cuda,False,False,7,63,1005,0.18818432092666626
fixed_random,2,results_v3_lr0p01,results_v3_lr0p01,small_cnn,sgd,10,128,20000,0.01,0.9,0.0005,cuda,False,False,7,64,1006,-0.23802483081817627
fixed_random,2,results_v3_lr0p01,results_v3_lr0p01,small_cnn,sgd,10,128,20000,0.01,0.9,0.0005,cuda,False,False,7,65,1007,-0.010950587689876556
fixed_random,2,results_v3_lr0p01,results_v3_lr0p01,small_cnn,sgd,10,128,20000,0.01,0.9,0.0005,cuda,False,False,7,66,1008,0.3622945547103882
fixed_random,2,results_v3_lr0p01,results_v3_lr0p01,small_cnn,sgd,10,128,20000,0.01,0.9,0.0005,cuda,False,False,7,67,1009,0.2731403708457947
fixed_random,2,results_v3_lr0p01,results_v3_lr0p01,small_cnn,sgd,10,128,20000,0.01,0.9,0.0005,cuda,False,False,7,68,1010,0.3680966794490814
fixed_random,2,results_v3_lr0p01,results_v3_lr0p01,small_cnn,sgd,10,128,20000,0.01,0.9,0.0005,cuda,False,False,7,69,1011,-0.1714341640472412
fixed_random,2,results_v3_lr0p01,results_v3_lr0p01,small_cnn,sgd,10,128,20000,0.01,0.9,0.0005,cuda,False,False,7,70,1012,-0.184453085064888
fixed_random,2,results_v3_lr0p01,results_v3_lr0p01,small_cnn,sgd,10,128,20000,0.01,0.9,0.0005,cuda,False,False,7,71,1013,-0.22319138050079346
fixed_random,2,results_v3_lr0p01,results_v3_lr0p01,small_cnn,sgd,10,128,20000,0.01,0.9,0.0005,cuda,False,False,7,72,1014,-0.015458852052688599
fixed_random,2,results_v3_lr0p01,results_v3_lr0p01,small_cnn,sgd,10,128,20000,0.01,0.9,0.0005,cuda,False,False,7,73,1015,-0.31548842787742615
fixed_random,2,results_v3_lr0p01,results_v3_lr0p01,small_cnn,sgd,10,128,20000,0.01,0.9,0.0005,cuda,False,False,7,74,1016,-0.13733921945095062
fixed_random,2,results_v3_lr0p01,results_v3_lr0p01,small_cnn,sgd,10,128,20000,0.01,0.9,0.0005,cuda,False,False,7,75,1017,0.2800111770629883
fixed_random,2,results_v3_lr0p01,results_v3_lr0p01,small_cnn,sgd,10,128,20000,0.01,0.9,0.0005,cuda,False,False,7,76,1018,0.3796059787273407
fixed_random,2,results_v3_lr0p01,results_v3_lr0p01,small_cnn,sgd,10,128,20000,0.01,0.9,0.0005,cuda,False,False,7,77,1019,-0.12113334983587265
fixed_random,2,results_v3_lr0p01,results_v3_lr0p01,small_cnn,sgd,10,128,20000,0.01,0.9,0.0005,cuda,False,False,7,78,1020,0.6986331343650818
fixed_random,2,results_v3_lr0p01,results_v3_lr0p01,small_cnn,sgd,10,128,20000,0.01,0.9,0.0005,cuda,False,False,7,79,1021,0.4890161156654358
fixed_random,2,results_v3_lr0p01,results_v3_lr0p01,small_cnn,sgd,10,128,20000,0.01,0.9,0.0005,cuda,False,False,7,80,1022,0.4590781033039093
fixed_random,2,results_v3_lr0p01,results_v3_lr0p01,small_cnn,sgd,10,128,20000,0.01,0.9,0.0005,cuda,False,False,7,81,1023,0.20401155948638916
fixed_random,2,results_v3_lr0p01,results_v3_lr0p01,small_cnn,sgd,10,128,20000,0.01,0.9,0.0005,cuda,False,False,7,82,1024,0.29192304611206055
fixed_random,2,results_v3_lr0p01,results_v3_lr0p01,small_cnn,sgd,10,128,20000,0.01,0.9,0.0005,cuda,False,False,7,83,1025,0.022718900814652443
fixed_random,2,results_v3_lr0p01,results_v3_lr0p01,small_cnn,sgd,10,128,20000,0.01,0.9,0.0005,cuda,False,False,7,84,1026,0.03903579339385033
fixed_random,2,results_v3_lr0p01,results_v3_lr0p01,small_cnn,sgd,10,128,20000,0.01,0.9,0.0005,cuda,False,False,7,85,1027,0.47034674882888794
fixed_random,2,results_v3_lr0p01,results_v3_lr0p01,small_cnn,sgd,10,128,20000,0.01,0.9,0.0005,cuda,False,False,7,86,1028,0.2036294937133789
fixed_random,2,results_v3_lr0p01,results_v3_lr0p01,small_cnn,sgd,10,128,20000,0.01,0.9,0.0005,cuda,False,False,7,87,1029,0.46777188777923584
fixed_random,2,results_v3_lr0p01,results_v3_lr0p01,small_cnn,sgd,10,128,20000,0.01,0.9,0.0005,cuda,False,False,7,88,1030,-0.02980738878250122
fixed_random,2,results_v3_lr0p01,results_v3_lr0p01,small_cnn,sgd,10,128,20000,0.01,0.9,0.0005,cuda,False,False,7,89,1031,-0.2215648591518402
fixed_random,2,results_v3_lr0p01,results_v3_lr0p01,small_cnn,sgd,10,128,20000,0.01,0.9,0.0005,cuda,False,False,7,90,1032,0.13985218107700348
fixed_random,2,results_v3_lr0p01,results_v3_lr0p01,small_cnn,sgd,10,128,20000,0.01,0.9,0.0005,cuda,False,False,7,91,1033,0.638117253780365
fixed_random,2,results_v3_lr0p01,results_v3_lr0p01,small_cnn,sgd,10,128,20000,0.01,0.9,0.0005,cuda,False,False,7,92,1034,0.1500595211982727
fixed_random,2,results_v3_lr0p01,results_v3_lr0p01,small_cnn,sgd,10,128,20000,0.01,0.9,0.0005,cuda,False,False,7,93,1035,0.01834520325064659
fixed_random,2,results_v3_lr0p01,results_v3_lr0p01,small_cnn,sgd,10,128,20000,0.01,0.9,0.0005,cuda,False,False,7,94,1036,0.1264650523662567
fixed_random,2,results_v3_lr0p01,results_v3_lr0p01,small_cnn,sgd,10,128,20000,0.01,0.9,0.0005,cuda,False,False,7,95,1037,0.24571548402309418
fixed_random,2,results_v3_lr0p01,results_v3_lr0p01,small_cnn,sgd,10,128,20000,0.01,0.9,0.0005,cuda,False,False,7,96,1038,0.6280912756919861
fixed_random,2,results_v3_lr0p01,results_v3_lr0p01,small_cnn,sgd,10,128,20000,0.01,0.9,0.0005,cuda,False,False,7,97,1039,0.15301163494586945
fixed_random,2,results_v3_lr0p01,results_v3_lr0p01,small_cnn,sgd,10,128,20000,0.01,0.9,0.0005,cuda,False,False,7,98,1040,0.09664168208837509
fixed_random,2,results_v3_lr0p01,results_v3_lr0p01,small_cnn,sgd,10,128,20000,0.01,0.9,0.0005,cuda,False,False,7,99,1041,0.138594850897789
fixed_random,2,results_v3_lr0p01,results_v3_lr0p01,small_cnn,sgd,10,128,20000,0.01,0.9,0.0005,cuda,False,False,7,100,1042,0.10320103168487549
fixed_random,2,results_v3_lr0p01,results_v3_lr0p01,small_cnn,sgd,10,128,20000,0.01,0.9,0.0005,cuda,False,False,7,101,1043,0.14565299451351166
fixed_random,2,results_v3_lr0p01,results_v3_lr0p01,small_cnn,sgd,10,128,20000,0.01,0.9,0.0005,cuda,False,False,7,102,1044,0.5219268798828125
fixed_random,2,results_v3_lr0p01,results_v3_lr0p01,small_cnn,sgd,10,128,20000,0.01,0.9,0.0005,cuda,False,False,7,103,1045,0.7020296454429626
fixed_random,2,results_v3_lr0p01,results_v3_lr0p01,small_cnn,sgd,10,128,20000,0.01,0.9,0.0005,cuda,False,False,7,104,1046,-0.584537148475647
fixed_random,2,results_v3_lr0p01,results_v3_lr0p01,small_cnn,sgd,10,128,20000,0.01,0.9,0.0005,cuda,False,False,7,105,1047,0.1400683969259262
fixed_random,2,results_v3_lr0p01,results_v3_lr0p01,small_cnn,sgd,10,128,20000,0.01,0.9,0.0005,cuda,False,False,7,106,1048,0.46077805757522583
fixed_random,2,results_v3_lr0p01,results_v3_lr0p01,small_cnn,sgd,10,128,20000,0.01,0.9,0.0005,cuda,False,False,7,107,1049,0.7077656984329224
fixed_random,2,results_v3_lr0p01,results_v3_lr0p01,small_cnn,sgd,10,128,20000,0.01,0.9,0.0005,cuda,False,False,7,108,1050,0.24457497894763947
fixed_random,2,results_v3_lr0p01,results_v3_lr0p01,small_cnn,sgd,10,128,20000,0.01,0.9,0.0005,cuda,False,False,7,109,1051,0.3094789385795593
fixed_random,2,results_v3_lr0p01,results_v3_lr0p01,small_cnn,sgd,10,128,20000,0.01,0.9,0.0005,cuda,False,False,7,110,1052,-0.1204453632235527
fixed_random,2,results_v3_lr0p01,results_v3_lr0p01,small_cnn,sgd,10,128,20000,0.01,0.9,0.0005,cuda,False,False,7,111,1053,0.15833738446235657
fixed_random,2,results_v3_lr0p01,results_v3_lr0p01,small_cnn,sgd,10,128,20000,0.01,0.9,0.0005,cuda,False,False,7,112,1054,0.4066782593727112
fixed_random,2,results_v3_lr0p01,results_v3_lr0p01,small_cnn,sgd,10,128,20000,0.01,0.9,0.0005,cuda,False,False,7,113,1055,0.5994463562965393
fixed_random,2,results_v3_lr0p01,results_v3_lr0p01,small_cnn,sgd,10,128,20000,0.01,0.9,0.0005,cuda,False,False,7,114,1056,0.25343379378318787
fixed_random,2,results_v3_lr0p01,results_v3_lr0p01,small_cnn,sgd,10,128,20000,0.01,0.9,0.0005,cuda,False,False,7,115,1057,0.2227577269077301
fixed_random,2,results_v3_lr0p01,results_v3_lr0p01,small_cnn,sgd,10,128,20000,0.01,0.9,0.0005,cuda,False,False,7,116,1058,0.007113447412848473
fixed_random,2,results_v3_lr0p01,results_v3_lr0p01,small_cnn,sgd,10,128,20000,0.01,0.9,0.0005,cuda,False,False,7,117,1059,0.5654746294021606
fixed_random,2,results_v3_lr0p01,results_v3_lr0p01,small_cnn,sgd,10,128,20000,0.01,0.9,0.0005,cuda,False,False,7,118,1060,0.3507372736930847
fixed_random,2,results_v3_lr0p01,results_v3_lr0p01,small_cnn,sgd,10,128,20000,0.01,0.9,0.0005,cuda,False,False,7,119,1061,-0.07707066833972931
fixed_random,2,results_v3_lr0p01,results_v3_lr0p01,small_cnn,sgd,10,128,20000,0.01,0.9,0.0005,cuda,False,False,7,120,1062,0.09367530047893524
fixed_random,2,results_v3_lr0p01,results_v3_lr0p01,small_cnn,sgd,10,128,20000,0.01,0.9,0.0005,cuda,False,False,7,121,1063,-0.2688618302345276
fixed_random,2,results_v3_lr0p01,results_v3_lr0p01,small_cnn,sgd,10,128,20000,0.01,0.9,0.0005,cuda,False,False,7,122,1064,-0.010396959260106087
fixed_random,2,results_v3_lr0p01,results_v3_lr0p01,small_cnn,sgd,10,128,20000,0.01,0.9,0.0005,cuda,False,False,7,123,1065,0.06607280671596527
fixed_random,2,results_v3_lr0p01,results_v3_lr0p01,small_cnn,sgd,10,128,20000,0.01,0.9,0.0005,cuda,False,False,7,124,1066,0.5406850576400757
fixed_random,2,results_v3_lr0p01,results_v3_lr0p01,small_cnn,sgd,10,128,20000,0.01,0.9,0.0005,cuda,False,False,7,125,1067,0.07083091884851456
fixed_random,2,results_v3_lr0p01,results_v3_lr0p01,small_cnn,sgd,10,128,20000,0.01,0.9,0.0005,cuda,False,False,7,126,1068,0.26669490337371826
fixed_random,2,results_v3_lr0p01,results_v3_lr0p01,small_cnn,sgd,10,128,20000,0.01,0.9,0.0005,cuda,False,False,7,127,1069,0.5009575486183167
fixed_random,2,results_v3_lr0p01,results_v3_lr0p01,small_cnn,sgd,10,128,20000,0.01,0.9,0.0005,cuda,False,False,7,128,1070,0.7263092994689941
fixed_random,2,results_v3_lr0p01,results_v3_lr0p01,small_cnn,sgd,10,128,20000,0.01,0.9,0.0005,cuda,False,False,7,129,1071,0.5922786593437195
fixed_random,2,results_v3_lr0p01,results_v3_lr0p01,small_cnn,sgd,10,128,20000,0.01,0.9,0.0005,cuda,False,False,7,130,1072,0.18964806199073792
fixed_random,2,results_v3_lr0p01,results_v3_lr0p01,small_cnn,sgd,10,128,20000,0.01,0.9,0.0005,cuda,False,False,7,131,1073,0.011519018560647964
fixed_random,2,results_v3_lr0p01,results_v3_lr0p01,small_cnn,sgd,10,128,20000,0.01,0.9,0.0005,cuda,False,False,7,132,1074,0.609394371509552
fixed_random,2,results_v3_lr0p01,results_v3_lr0p01,small_cnn,sgd,10,128,20000,0.01,0.9,0.0005,cuda,False,False,7,133,1075,0.7000349164009094
fixed_random,2,results_v3_lr0p01,results_v3_lr0p01,small_cnn,sgd,10,128,20000,0.01,0.9,0.0005,cuda,False,False,7,134,1076,0.6157193779945374
fixed_random,2,results_v3_lr0p01,results_v3_lr0p01,small_cnn,sgd,10,128,20000,0.01,0.9,0.0005,cuda,False,False,7,135,1077,-0.3833078444004059
fixed_random,2,results_v3_lr0p01,results_v3_lr0p01,small_cnn,sgd,10,128,20000,0.01,0.9,0.0005,cuda,False,False,7,136,1078,0.37564730644226074
fixed_random,2,results_v3_lr0p01,results_v3_lr0p01,small_cnn,sgd,10,128,20000,0.01,0.9,0.0005,cuda,False,False,7,137,1079,0.26685890555381775
fixed_random,2,results_v3_lr0p01,results_v3_lr0p01,small_cnn,sgd,10,128,20000,0.01,0.9,0.0005,cuda,False,False,7,138,1080,0.5790011286735535
fixed_random,2,results_v3_lr0p01,results_v3_lr0p01,small_cnn,sgd,10,128,20000,0.01,0.9,0.0005,cuda,False,False,7,139,1081,0.1900588870048523
fixed_random,2,results_v3_lr0p01,results_v3_lr0p01,small_cnn,sgd,10,128,20000,0.01,0.9,0.0005,cuda,False,False,7,140,1082,0.5406280159950256
fixed_random,2,results_v3_lr0p01,results_v3_lr0p01,small_cnn,sgd,10,128,20000,0.01,0.9,0.0005,cuda,False,False,7,141,1083,0.5808579921722412
fixed_random,2,results_v3_lr0p01,results_v3_lr0p01,small_cnn,sgd,10,128,20000,0.01,0.9,0.0005,cuda,False,False,7,142,1084,0.1864812672138214
fixed_random,2,results_v3_lr0p01,results_v3_lr0p01,small_cnn,sgd,10,128,20000,0.01,0.9,0.0005,cuda,False,False,7,143,1085,0.32182884216308594
fixed_random,2,results_v3_lr0p01,results_v3_lr0p01,small_cnn,sgd,10,128,20000,0.01,0.9,0.0005,cuda,False,False,7,144,1086,0.3677482306957245
fixed_random,2,results_v3_lr0p01,results_v3_lr0p01,small_cnn,sgd,10,128,20000,0.01,0.9,0.0005,cuda,False,False,7,145,1087,0.652902364730835
fixed_random,2,results_v3_lr0p01,results_v3_lr0p01,small_cnn,sgd,10,128,20000,0.01,0.9,0.0005,cuda,False,False,7,146,1088,0.4930608868598938
fixed_random,2,results_v3_lr0p01,results_v3_lr0p01,small_cnn,sgd,10,128,20000,0.01,0.9,0.0005,cuda,False,False,7,147,1089,0.3132767081260681
fixed_random,2,results_v3_lr0p01,results_v3_lr0p01,small_cnn,sgd,10,128,20000,0.01,0.9,0.0005,cuda,False,False,7,148,1090,-0.19541744887828827
fixed_random,2,results_v3_lr0p01,results_v3_lr0p01,small_cnn,sgd,10,128,20000,0.01,0.9,0.0005,cuda,False,False,7,149,1091,0.5370773077011108
fixed_random,2,results_v3_lr0p01,results_v3_lr0p01,small_cnn,sgd,10,128,20000,0.01,0.9,0.0005,cuda,False,False,7,150,1092,0.4834802746772766
fixed_random,2,results_v3_lr0p01,results_v3_lr0p01,small_cnn,sgd,10,128,20000,0.01,0.9,0.0005,cuda,False,False,7,151,1093,0.2967239022254944
fixed_random,2,results_v3_lr0p01,results_v3_lr0p01,small_cnn,sgd,10,128,20000,0.01,0.9,0.0005,cuda,False,False,7,152,1094,0.4686058759689331
fixed_random,2,results_v3_lr0p01,results_v3_lr0p01,small_cnn,sgd,10,128,20000,0.01,0.9,0.0005,cuda,False,False,7,153,1095,-0.017504500225186348
fixed_random,2,results_v3_lr0p01,results_v3_lr0p01,small_cnn,sgd,10,128,20000,0.01,0.9,0.0005,cuda,False,False,7,154,1096,0.3784584403038025
fixed_random,2,results_v3_lr0p01,results_v3_lr0p01,small_cnn,sgd,10,128,20000,0.01,0.9,0.0005,cuda,False,False,7,155,1097,0.663576602935791
fixed_random,2,results_v3_lr0p01,results_v3_lr0p01,small_cnn,sgd,10,128,20000,0.01,0.9,0.0005,cuda,False,False,7,156,1098,0.6700152158737183
fixed_random,2,results_v3_lr0p01,results_v3_lr0p01,small_cnn,sgd,10,128,20000,0.01,0.9,0.0005,cuda,False,False,7,157,1099,0.38878583908081055
fixed_random,2,results_v3_lr0p01,results_v3_lr0p01,small_cnn,sgd,10,128,20000,0.01,0.9,0.0005,cuda,False,False,8,1,1100,0.1755836308002472
fixed_random,2,results_v3_lr0p01,results_v3_lr0p01,small_cnn,sgd,10,128,20000,0.01,0.9,0.0005,cuda,False,False,8,2,1101,0.17503908276557922
fixed_random,2,results_v3_lr0p01,results_v3_lr0p01,small_cnn,sgd,10,128,20000,0.01,0.9,0.0005,cuda,False,False,8,3,1102,0.521140456199646
fixed_random,2,results_v3_lr0p01,results_v3_lr0p01,small_cnn,sgd,10,128,20000,0.01,0.9,0.0005,cuda,False,False,8,4,1103,0.6917629241943359
fixed_random,2,results_v3_lr0p01,results_v3_lr0p01,small_cnn,sgd,10,128,20000,0.01,0.9,0.0005,cuda,False,False,8,5,1104,0.5753909945487976
fixed_random,2,results_v3_lr0p01,results_v3_lr0p01,small_cnn,sgd,10,128,20000,0.01,0.9,0.0005,cuda,False,False,8,6,1105,0.23139220476150513
fixed_random,2,results_v3_lr0p01,results_v3_lr0p01,small_cnn,sgd,10,128,20000,0.01,0.9,0.0005,cuda,False,False,8,7,1106,0.5290400385856628
fixed_random,2,results_v3_lr0p01,results_v3_lr0p01,small_cnn,sgd,10,128,20000,0.01,0.9,0.0005,cuda,False,False,8,8,1107,0.12050071358680725
fixed_random,2,results_v3_lr0p01,results_v3_lr0p01,small_cnn,sgd,10,128,20000,0.01,0.9,0.0005,cuda,False,False,8,9,1108,0.13913041353225708
fixed_random,2,results_v3_lr0p01,results_v3_lr0p01,small_cnn,sgd,10,128,20000,0.01,0.9,0.0005,cuda,False,False,8,10,1109,0.13261976838111877
fixed_random,2,results_v3_lr0p01,results_v3_lr0p01,small_cnn,sgd,10,128,20000,0.01,0.9,0.0005,cuda,False,False,8,11,1110,0.33732157945632935
fixed_random,2,results_v3_lr0p01,results_v3_lr0p01,small_cnn,sgd,10,128,20000,0.01,0.9,0.0005,cuda,False,False,8,12,1111,0.6528003215789795
fixed_random,2,results_v3_lr0p01,results_v3_lr0p01,small_cnn,sgd,10,128,20000,0.01,0.9,0.0005,cuda,False,False,8,13,1112,0.2873607873916626
fixed_random,2,results_v3_lr0p01,results_v3_lr0p01,small_cnn,sgd,10,128,20000,0.01,0.9,0.0005,cuda,False,False,8,14,1113,-0.16237962245941162
fixed_random,2,results_v3_lr0p01,results_v3_lr0p01,small_cnn,sgd,10,128,20000,0.01,0.9,0.0005,cuda,False,False,8,15,1114,0.5191442370414734
fixed_random,2,results_v3_lr0p01,results_v3_lr0p01,small_cnn,sgd,10,128,20000,0.01,0.9,0.0005,cuda,False,False,8,16,1115,0.3381127119064331
fixed_random,2,results_v3_lr0p01,results_v3_lr0p01,small_cnn,sgd,10,128,20000,0.01,0.9,0.0005,cuda,False,False,8,17,1116,0.3762103021144867
fixed_random,2,results_v3_lr0p01,results_v3_lr0p01,small_cnn,sgd,10,128,20000,0.01,0.9,0.0005,cuda,False,False,8,18,1117,0.6447433829307556
fixed_random,2,results_v3_lr0p01,results_v3_lr0p01,small_cnn,sgd,10,128,20000,0.01,0.9,0.0005,cuda,False,False,8,19,1118,-0.11966636031866074
fixed_random,2,results_v3_lr0p01,results_v3_lr0p01,small_cnn,sgd,10,128,20000,0.01,0.9,0.0005,cuda,False,False,8,20,1119,0.27440932393074036
fixed_random,2,results_v3_lr0p01,results_v3_lr0p01,small_cnn,sgd,10,128,20000,0.01,0.9,0.0005,cuda,False,False,8,21,1120,0.6705748438835144
fixed_random,2,results_v3_lr0p01,results_v3_lr0p01,small_cnn,sgd,10,128,20000,0.01,0.9,0.0005,cuda,False,False,8,22,1121,-0.054169539362192154
fixed_random,2,results_v3_lr0p01,results_v3_lr0p01,small_cnn,sgd,10,128,20000,0.01,0.9,0.0005,cuda,False,False,8,23,1122,0.13417677581310272
fixed_random,2,results_v3_lr0p01,results_v3_lr0p01,small_cnn,sgd,10,128,20000,0.01,0.9,0.0005,cuda,False,False,8,24,1123,0.0026241615414619446
fixed_random,2,results_v3_lr0p01,results_v3_lr0p01,small_cnn,sgd,10,128,20000,0.01,0.9,0.0005,cuda,False,False,8,25,1124,0.44665178656578064
fixed_random,2,results_v3_lr0p01,results_v3_lr0p01,small_cnn,sgd,10,128,20000,0.01,0.9,0.0005,cuda,False,False,8,26,1125,0.5218607187271118
fixed_random,2,results_v3_lr0p01,results_v3_lr0p01,small_cnn,sgd,10,128,20000,0.01,0.9,0.0005,cuda,False,False,8,27,1126,0.6189749836921692
fixed_random,2,results_v3_lr0p01,results_v3_lr0p01,small_cnn,sgd,10,128,20000,0.01,0.9,0.0005,cuda,False,False,8,28,1127,0.25858446955680847
fixed_random,2,results_v3_lr0p01,results_v3_lr0p01,small_cnn,sgd,10,128,20000,0.01,0.9,0.0005,cuda,False,False,8,29,1128,-0.44054731726646423
fixed_random,2,results_v3_lr0p01,results_v3_lr0p01,small_cnn,sgd,10,128,20000,0.01,0.9,0.0005,cuda,False,False,8,30,1129,0.7136110067367554
fixed_random,2,results_v3_lr0p01,results_v3_lr0p01,small_cnn,sgd,10,128,20000,0.01,0.9,0.0005,cuda,False,False,8,31,1130,0.48331159353256226
fixed_random,2,results_v3_lr0p01,results_v3_lr0p01,small_cnn,sgd,10,128,20000,0.01,0.9,0.0005,cuda,False,False,8,32,1131,-0.12089335918426514
fixed_random,2,results_v3_lr0p01,results_v3_lr0p01,small_cnn,sgd,10,128,20000,0.01,0.9,0.0005,cuda,False,False,8,33,1132,0.6620639562606812
fixed_random,2,results_v3_lr0p01,results_v3_lr0p01,small_cnn,sgd,10,128,20000,0.01,0.9,0.0005,cuda,False,False,8,34,1133,0.5250483751296997
fixed_random,2,results_v3_lr0p01,results_v3_lr0p01,small_cnn,sgd,10,128,20000,0.01,0.9,0.0005,cuda,False,False,8,35,1134,-0.294862300157547
fixed_random,2,results_v3_lr0p01,results_v3_lr0p01,small_cnn,sgd,10,128,20000,0.01,0.9,0.0005,cuda,False,False,8,36,1135,0.6246150135993958
fixed_random,2,results_v3_lr0p01,results_v3_lr0p01,small_cnn,sgd,10,128,20000,0.01,0.9,0.0005,cuda,False,False,8,37,1136,0.6252769827842712
fixed_random,2,results_v3_lr0p01,results_v3_lr0p01,small_cnn,sgd,10,128,20000,0.01,0.9,0.0005,cuda,False,False,8,38,1137,0.36511749029159546
fixed_random,2,results_v3_lr0p01,results_v3_lr0p01,small_cnn,sgd,10,128,20000,0.01,0.9,0.0005,cuda,False,False,8,39,1138,0.5240685343742371
fixed_random,2,results_v3_lr0p01,results_v3_lr0p01,small_cnn,sgd,10,128,20000,0.01,0.9,0.0005,cuda,False,False,8,40,1139,-0.11856546998023987
fixed_random,2,results_v3_lr0p01,results_v3_lr0p01,small_cnn,sgd,10,128,20000,0.01,0.9,0.0005,cuda,False,False,8,41,1140,0.2814961075782776
fixed_random,2,results_v3_lr0p01,results_v3_lr0p01,small_cnn,sgd,10,128,20000,0.01,0.9,0.0005,cuda,False,False,8,42,1141,0.41026508808135986
fixed_random,2,results_v3_lr0p01,results_v3_lr0p01,small_cnn,sgd,10,128,20000,0.01,0.9,0.0005,cuda,False,False,8,43,1142,0.6129854917526245
fixed_random,2,results_v3_lr0p01,results_v3_lr0p01,small_cnn,sgd,10,128,20000,0.01,0.9,0.0005,cuda,False,False,8,44,1143,0.5912927389144897
fixed_random,2,results_v3_lr0p01,results_v3_lr0p01,small_cnn,sgd,10,128,20000,0.01,0.9,0.0005,cuda,False,False,8,45,1144,-0.2317270040512085
fixed_random,2,results_v3_lr0p01,results_v3_lr0p01,small_cnn,sgd,10,128,20000,0.01,0.9,0.0005,cuda,False,False,8,46,1145,0.5275311470031738
fixed_random,2,results_v3_lr0p01,results_v3_lr0p01,small_cnn,sgd,10,128,20000,0.01,0.9,0.0005,cuda,False,False,8,47,1146,0.7418062686920166
fixed_random,2,results_v3_lr0p01,results_v3_lr0p01,small_cnn,sgd,10,128,20000,0.01,0.9,0.0005,cuda,False,False,8,48,1147,0.3765646815299988
fixed_random,2,results_v3_lr0p01,results_v3_lr0p01,small_cnn,sgd,10,128,20000,0.01,0.9,0.0005,cuda,False,False,8,49,1148,-0.07003125548362732
fixed_random,2,results_v3_lr0p01,results_v3_lr0p01,small_cnn,sgd,10,128,20000,0.01,0.9,0.0005,cuda,False,False,8,50,1149,0.09425298124551773
fixed_random,2,results_v3_lr0p01,results_v3_lr0p01,small_cnn,sgd,10,128,20000,0.01,0.9,0.0005,cuda,False,False,8,51,1150,0.24018710851669312
fixed_random,2,results_v3_lr0p01,results_v3_lr0p01,small_cnn,sgd,10,128,20000,0.01,0.9,0.0005,cuda,False,False,8,52,1151,-0.33634185791015625
fixed_random,2,results_v3_lr0p01,results_v3_lr0p01,small_cnn,sgd,10,128,20000,0.01,0.9,0.0005,cuda,False,False,8,53,1152,0.028422333300113678
fixed_random,2,results_v3_lr0p01,results_v3_lr0p01,small_cnn,sgd,10,128,20000,0.01,0.9,0.0005,cuda,False,False,8,54,1153,0.43350204825401306
fixed_random,2,results_v3_lr0p01,results_v3_lr0p01,small_cnn,sgd,10,128,20000,0.01,0.9,0.0005,cuda,False,False,8,55,1154,0.5643448829650879
fixed_random,2,results_v3_lr0p01,results_v3_lr0p01,small_cnn,sgd,10,128,20000,0.01,0.9,0.0005,cuda,False,False,8,56,1155,-0.3959836959838867
fixed_random,2,results_v3_lr0p01,results_v3_lr0p01,small_cnn,sgd,10,128,20000,0.01,0.9,0.0005,cuda,False,False,8,57,1156,0.48721370100975037
fixed_random,2,results_v3_lr0p01,results_v3_lr0p01,small_cnn,sgd,10,128,20000,0.01,0.9,0.0005,cuda,False,False,8,58,1157,0.06847608089447021
fixed_random,2,results_v3_lr0p01,results_v3_lr0p01,small_cnn,sgd,10,128,20000,0.01,0.9,0.0005,cuda,False,False,8,59,1158,0.15878926217556
fixed_random,2,results_v3_lr0p01,results_v3_lr0p01,small_cnn,sgd,10,128,20000,0.01,0.9,0.0005,cuda,False,False,8,60,1159,0.25761085748672485
fixed_random,2,results_v3_lr0p01,results_v3_lr0p01,small_cnn,sgd,10,128,20000,0.01,0.9,0.0005,cuda,False,False,8,61,1160,-0.04007367789745331
fixed_random,2,results_v3_lr0p01,results_v3_lr0p01,small_cnn,sgd,10,128,20000,0.01,0.9,0.0005,cuda,False,False,8,62,1161,-0.23474106192588806
fixed_random,2,results_v3_lr0p01,results_v3_lr0p01,small_cnn,sgd,10,128,20000,0.01,0.9,0.0005,cuda,False,False,8,63,1162,0.14465440809726715
fixed_random,2,results_v3_lr0p01,results_v3_lr0p01,small_cnn,sgd,10,128,20000,0.01,0.9,0.0005,cuda,False,False,8,64,1163,-0.2899671196937561
fixed_random,2,results_v3_lr0p01,results_v3_lr0p01,small_cnn,sgd,10,128,20000,0.01,0.9,0.0005,cuda,False,False,8,65,1164,0.02341429889202118
fixed_random,2,results_v3_lr0p01,results_v3_lr0p01,small_cnn,sgd,10,128,20000,0.01,0.9,0.0005,cuda,False,False,8,66,1165,0.3991160988807678
fixed_random,2,results_v3_lr0p01,results_v3_lr0p01,small_cnn,sgd,10,128,20000,0.01,0.9,0.0005,cuda,False,False,8,67,1166,0.2801758646965027
fixed_random,2,results_v3_lr0p01,results_v3_lr0p01,small_cnn,sgd,10,128,20000,0.01,0.9,0.0005,cuda,False,False,8,68,1167,0.34942102432250977
fixed_random,2,results_v3_lr0p01,results_v3_lr0p01,small_cnn,sgd,10,128,20000,0.01,0.9,0.0005,cuda,False,False,8,69,1168,-0.10451153665781021
fixed_random,2,results_v3_lr0p01,results_v3_lr0p01,small_cnn,sgd,10,128,20000,0.01,0.9,0.0005,cuda,False,False,8,70,1169,-0.1285609006881714
fixed_random,2,results_v3_lr0p01,results_v3_lr0p01,small_cnn,sgd,10,128,20000,0.01,0.9,0.0005,cuda,False,False,8,71,1170,-0.2761281430721283
fixed_random,2,results_v3_lr0p01,results_v3_lr0p01,small_cnn,sgd,10,128,20000,0.01,0.9,0.0005,cuda,False,False,8,72,1171,0.1227528527379036
fixed_random,2,results_v3_lr0p01,results_v3_lr0p01,small_cnn,sgd,10,128,20000,0.01,0.9,0.0005,cuda,False,False,8,73,1172,-0.2477387934923172
fixed_random,2,results_v3_lr0p01,results_v3_lr0p01,small_cnn,sgd,10,128,20000,0.01,0.9,0.0005,cuda,False,False,8,74,1173,-0.008405319415032864
fixed_random,2,results_v3_lr0p01,results_v3_lr0p01,small_cnn,sgd,10,128,20000,0.01,0.9,0.0005,cuda,False,False,8,75,1174,0.3238533139228821
fixed_random,2,results_v3_lr0p01,results_v3_lr0p01,small_cnn,sgd,10,128,20000,0.01,0.9,0.0005,cuda,False,False,8,76,1175,0.5145195126533508
fixed_random,2,results_v3_lr0p01,results_v3_lr0p01,small_cnn,sgd,10,128,20000,0.01,0.9,0.0005,cuda,False,False,8,77,1176,-0.09257109463214874
fixed_random,2,results_v3_lr0p01,results_v3_lr0p01,small_cnn,sgd,10,128,20000,0.01,0.9,0.0005,cuda,False,False,8,78,1177,0.6548454761505127
fixed_random,2,results_v3_lr0p01,results_v3_lr0p01,small_cnn,sgd,10,128,20000,0.01,0.9,0.0005,cuda,False,False,8,79,1178,0.5483044385910034
fixed_random,2,results_v3_lr0p01,results_v3_lr0p01,small_cnn,sgd,10,128,20000,0.01,0.9,0.0005,cuda,False,False,8,80,1179,0.5435715913772583
fixed_random,2,results_v3_lr0p01,results_v3_lr0p01,small_cnn,sgd,10,128,20000,0.01,0.9,0.0005,cuda,False,False,8,81,1180,0.3344516158103943
fixed_random,2,results_v3_lr0p01,results_v3_lr0p01,small_cnn,sgd,10,128,20000,0.01,0.9,0.0005,cuda,False,False,8,82,1181,0.40192776918411255
fixed_random,2,results_v3_lr0p01,results_v3_lr0p01,small_cnn,sgd,10,128,20000,0.01,0.9,0.0005,cuda,False,False,8,83,1182,0.04566376283764839
fixed_random,2,results_v3_lr0p01,results_v3_lr0p01,small_cnn,sgd,10,128,20000,0.01,0.9,0.0005,cuda,False,False,8,84,1183,-0.03975779563188553
fixed_random,2,results_v3_lr0p01,results_v3_lr0p01,small_cnn,sgd,10,128,20000,0.01,0.9,0.0005,cuda,False,False,8,85,1184,0.5198625326156616
fixed_random,2,results_v3_lr0p01,results_v3_lr0p01,small_cnn,sgd,10,128,20000,0.01,0.9,0.0005,cuda,False,False,8,86,1185,0.30192407965660095
fixed_random,2,results_v3_lr0p01,results_v3_lr0p01,small_cnn,sgd,10,128,20000,0.01,0.9,0.0005,cuda,False,False,8,87,1186,0.5253759622573853
fixed_random,2,results_v3_lr0p01,results_v3_lr0p01,small_cnn,sgd,10,128,20000,0.01,0.9,0.0005,cuda,False,False,8,88,1187,0.09480103850364685
fixed_random,2,results_v3_lr0p01,results_v3_lr0p01,small_cnn,sgd,10,128,20000,0.01,0.9,0.0005,cuda,False,False,8,89,1188,-0.32193878293037415
fixed_random,2,results_v3_lr0p01,results_v3_lr0p01,small_cnn,sgd,10,128,20000,0.01,0.9,0.0005,cuda,False,False,8,90,1189,0.05077432096004486
fixed_random,2,results_v3_lr0p01,results_v3_lr0p01,small_cnn,sgd,10,128,20000,0.01,0.9,0.0005,cuda,False,False,8,91,1190,0.5702197551727295
fixed_random,2,results_v3_lr0p01,results_v3_lr0p01,small_cnn,sgd,10,128,20000,0.01,0.9,0.0005,cuda,False,False,8,92,1191,0.2315284013748169
fixed_random,2,results_v3_lr0p01,results_v3_lr0p01,small_cnn,sgd,10,128,20000,0.01,0.9,0.0005,cuda,False,False,8,93,1192,0.05754324793815613
fixed_random,2,results_v3_lr0p01,results_v3_lr0p01,small_cnn,sgd,10,128,20000,0.01,0.9,0.0005,cuda,False,False,8,94,1193,0.09865174442529678
fixed_random,2,results_v3_lr0p01,results_v3_lr0p01,small_cnn,sgd,10,128,20000,0.01,0.9,0.0005,cuda,False,False,8,95,1194,0.15899337828159332
fixed_random,2,results_v3_lr0p01,results_v3_lr0p01,small_cnn,sgd,10,128,20000,0.01,0.9,0.0005,cuda,False,False,8,96,1195,0.5891929864883423
fixed_random,2,results_v3_lr0p01,results_v3_lr0p01,small_cnn,sgd,10,128,20000,0.01,0.9,0.0005,cuda,False,False,8,97,1196,0.24012219905853271
fixed_random,2,results_v3_lr0p01,results_v3_lr0p01,small_cnn,sgd,10,128,20000,0.01,0.9,0.0005,cuda,False,False,8,98,1197,0.1914101392030716
fixed_random,2,results_v3_lr0p01,results_v3_lr0p01,small_cnn,sgd,10,128,20000,0.01,0.9,0.0005,cuda,False,False,8,99,1198,0.20553001761436462
fixed_random,2,results_v3_lr0p01,results_v3_lr0p01,small_cnn,sgd,10,128,20000,0.01,0.9,0.0005,cuda,False,False,8,100,1199,-0.06270059943199158
fixed_random,2,results_v3_lr0p01,results_v3_lr0p01,small_cnn,sgd,10,128,20000,0.01,0.9,0.0005,cuda,False,False,8,101,1200,0.03507344424724579
fixed_random,2,results_v3_lr0p01,results_v3_lr0p01,small_cnn,sgd,10,128,20000,0.01,0.9,0.0005,cuda,False,False,8,102,1201,0.45554617047309875
fixed_random,2,results_v3_lr0p01,results_v3_lr0p01,small_cnn,sgd,10,128,20000,0.01,0.9,0.0005,cuda,False,False,8,103,1202,0.7832157611846924
fixed_random,2,results_v3_lr0p01,results_v3_lr0p01,small_cnn,sgd,10,128,20000,0.01,0.9,0.0005,cuda,False,False,8,104,1203,-0.4215177297592163
fixed_random,2,results_v3_lr0p01,results_v3_lr0p01,small_cnn,sgd,10,128,20000,0.01,0.9,0.0005,cuda,False,False,8,105,1204,0.1389932483434677
fixed_random,2,results_v3_lr0p01,results_v3_lr0p01,small_cnn,sgd,10,128,20000,0.01,0.9,0.0005,cuda,False,False,8,106,1205,0.3021615445613861
fixed_random,2,results_v3_lr0p01,results_v3_lr0p01,small_cnn,sgd,10,128,20000,0.01,0.9,0.0005,cuda,False,False,8,107,1206,0.6535571813583374
fixed_random,2,results_v3_lr0p01,results_v3_lr0p01,small_cnn,sgd,10,128,20000,0.01,0.9,0.0005,cuda,False,False,8,108,1207,0.3069297671318054
fixed_random,2,results_v3_lr0p01,results_v3_lr0p01,small_cnn,sgd,10,128,20000,0.01,0.9,0.0005,cuda,False,False,8,109,1208,0.3457416296005249
fixed_random,2,results_v3_lr0p01,results_v3_lr0p01,small_cnn,sgd,10,128,20000,0.01,0.9,0.0005,cuda,False,False,8,110,1209,-0.1196693554520607
fixed_random,2,results_v3_lr0p01,results_v3_lr0p01,small_cnn,sgd,10,128,20000,0.01,0.9,0.0005,cuda,False,False,8,111,1210,0.00845402479171753
fixed_random,2,results_v3_lr0p01,results_v3_lr0p01,small_cnn,sgd,10,128,20000,0.01,0.9,0.0005,cuda,False,False,8,112,1211,0.17982491850852966
fixed_random,2,results_v3_lr0p01,results_v3_lr0p01,small_cnn,sgd,10,128,20000,0.01,0.9,0.0005,cuda,False,False,8,113,1212,0.5541524887084961
fixed_random,2,results_v3_lr0p01,results_v3_lr0p01,small_cnn,sgd,10,128,20000,0.01,0.9,0.0005,cuda,False,False,8,114,1213,0.3335399627685547
fixed_random,2,results_v3_lr0p01,results_v3_lr0p01,small_cnn,sgd,10,128,20000,0.01,0.9,0.0005,cuda,False,False,8,115,1214,0.3521775007247925
fixed_random,2,results_v3_lr0p01,results_v3_lr0p01,small_cnn,sgd,10,128,20000,0.01,0.9,0.0005,cuda,False,False,8,116,1215,-0.19634410738945007
fixed_random,2,results_v3_lr0p01,results_v3_lr0p01,small_cnn,sgd,10,128,20000,0.01,0.9,0.0005,cuda,False,False,8,117,1216,0.4182763695716858
fixed_random,2,results_v3_lr0p01,results_v3_lr0p01,small_cnn,sgd,10,128,20000,0.01,0.9,0.0005,cuda,False,False,8,118,1217,0.26360753178596497
fixed_random,2,results_v3_lr0p01,results_v3_lr0p01,small_cnn,sgd,10,128,20000,0.01,0.9,0.0005,cuda,False,False,8,119,1218,-0.12279486656188965
fixed_random,2,results_v3_lr0p01,results_v3_lr0p01,small_cnn,sgd,10,128,20000,0.01,0.9,0.0005,cuda,False,False,8,120,1219,-0.0733390524983406
fixed_random,2,results_v3_lr0p01,results_v3_lr0p01,small_cnn,sgd,10,128,20000,0.01,0.9,0.0005,cuda,False,False,8,121,1220,-0.2386031448841095
fixed_random,2,results_v3_lr0p01,results_v3_lr0p01,small_cnn,sgd,10,128,20000,0.01,0.9,0.0005,cuda,False,False,8,122,1221,0.015854913741350174
fixed_random,2,results_v3_lr0p01,results_v3_lr0p01,small_cnn,sgd,10,128,20000,0.01,0.9,0.0005,cuda,False,False,8,123,1222,-0.01590140536427498
fixed_random,2,results_v3_lr0p01,results_v3_lr0p01,small_cnn,sgd,10,128,20000,0.01,0.9,0.0005,cuda,False,False,8,124,1223,0.5613894462585449
fixed_random,2,results_v3_lr0p01,results_v3_lr0p01,small_cnn,sgd,10,128,20000,0.01,0.9,0.0005,cuda,False,False,8,125,1224,0.07285666465759277
fixed_random,2,results_v3_lr0p01,results_v3_lr0p01,small_cnn,sgd,10,128,20000,0.01,0.9,0.0005,cuda,False,False,8,126,1225,0.25813528895378113
fixed_random,2,results_v3_lr0p01,results_v3_lr0p01,small_cnn,sgd,10,128,20000,0.01,0.9,0.0005,cuda,False,False,8,127,1226,0.4019045829772949
fixed_random,2,results_v3_lr0p01,results_v3_lr0p01,small_cnn,sgd,10,128,20000,0.01,0.9,0.0005,cuda,False,False,8,128,1227,0.7544667720794678
fixed_random,2,results_v3_lr0p01,results_v3_lr0p01,small_cnn,sgd,10,128,20000,0.01,0.9,0.0005,cuda,False,False,8,129,1228,0.5975924730300903
fixed_random,2,results_v3_lr0p01,results_v3_lr0p01,small_cnn,sgd,10,128,20000,0.01,0.9,0.0005,cuda,False,False,8,130,1229,0.3538363575935364
fixed_random,2,results_v3_lr0p01,results_v3_lr0p01,small_cnn,sgd,10,128,20000,0.01,0.9,0.0005,cuda,False,False,8,131,1230,-0.137992262840271
fixed_random,2,results_v3_lr0p01,results_v3_lr0p01,small_cnn,sgd,10,128,20000,0.01,0.9,0.0005,cuda,False,False,8,132,1231,0.5922039151191711
fixed_random,2,results_v3_lr0p01,results_v3_lr0p01,small_cnn,sgd,10,128,20000,0.01,0.9,0.0005,cuda,False,False,8,133,1232,0.6726446151733398
fixed_random,2,results_v3_lr0p01,results_v3_lr0p01,small_cnn,sgd,10,128,20000,0.01,0.9,0.0005,cuda,False,False,8,134,1233,0.6126453876495361
fixed_random,2,results_v3_lr0p01,results_v3_lr0p01,small_cnn,sgd,10,128,20000,0.01,0.9,0.0005,cuda,False,False,8,135,1234,-0.2728271186351776
fixed_random,2,results_v3_lr0p01,results_v3_lr0p01,small_cnn,sgd,10,128,20000,0.01,0.9,0.0005,cuda,False,False,8,136,1235,0.3391345143318176
fixed_random,2,results_v3_lr0p01,results_v3_lr0p01,small_cnn,sgd,10,128,20000,0.01,0.9,0.0005,cuda,False,False,8,137,1236,0.16973541676998138
fixed_random,2,results_v3_lr0p01,results_v3_lr0p01,small_cnn,sgd,10,128,20000,0.01,0.9,0.0005,cuda,False,False,8,138,1237,0.6314629316329956
fixed_random,2,results_v3_lr0p01,results_v3_lr0p01,small_cnn,sgd,10,128,20000,0.01,0.9,0.0005,cuda,False,False,8,139,1238,0.23832868039608002
fixed_random,2,results_v3_lr0p01,results_v3_lr0p01,small_cnn,sgd,10,128,20000,0.01,0.9,0.0005,cuda,False,False,8,140,1239,0.5345650315284729
fixed_random,2,results_v3_lr0p01,results_v3_lr0p01,small_cnn,sgd,10,128,20000,0.01,0.9,0.0005,cuda,False,False,8,141,1240,0.5362576246261597
fixed_random,2,results_v3_lr0p01,results_v3_lr0p01,small_cnn,sgd,10,128,20000,0.01,0.9,0.0005,cuda,False,False,8,142,1241,0.24510440230369568
fixed_random,2,results_v3_lr0p01,results_v3_lr0p01,small_cnn,sgd,10,128,20000,0.01,0.9,0.0005,cuda,False,False,8,143,1242,0.3187457323074341
fixed_random,2,results_v3_lr0p01,results_v3_lr0p01,small_cnn,sgd,10,128,20000,0.01,0.9,0.0005,cuda,False,False,8,144,1243,0.3760142922401428
fixed_random,2,results_v3_lr0p01,results_v3_lr0p01,small_cnn,sgd,10,128,20000,0.01,0.9,0.0005,cuda,False,False,8,145,1244,0.6321295499801636
fixed_random,2,results_v3_lr0p01,results_v3_lr0p01,small_cnn,sgd,10,128,20000,0.01,0.9,0.0005,cuda,False,False,8,146,1245,0.45342153310775757
fixed_random,2,results_v3_lr0p01,results_v3_lr0p01,small_cnn,sgd,10,128,20000,0.01,0.9,0.0005,cuda,False,False,8,147,1246,0.2852347195148468
fixed_random,2,results_v3_lr0p01,results_v3_lr0p01,small_cnn,sgd,10,128,20000,0.01,0.9,0.0005,cuda,False,False,8,148,1247,-0.17822867631912231
fixed_random,2,results_v3_lr0p01,results_v3_lr0p01,small_cnn,sgd,10,128,20000,0.01,0.9,0.0005,cuda,False,False,8,149,1248,0.4359015226364136
fixed_random,2,results_v3_lr0p01,results_v3_lr0p01,small_cnn,sgd,10,128,20000,0.01,0.9,0.0005,cuda,False,False,8,150,1249,0.4078294634819031
fixed_random,2,results_v3_lr0p01,results_v3_lr0p01,small_cnn,sgd,10,128,20000,0.01,0.9,0.0005,cuda,False,False,8,151,1250,0.24126118421554565
fixed_random,2,results_v3_lr0p01,results_v3_lr0p01,small_cnn,sgd,10,128,20000,0.01,0.9,0.0005,cuda,False,False,8,152,1251,0.5271925926208496
fixed_random,2,results_v3_lr0p01,results_v3_lr0p01,small_cnn,sgd,10,128,20000,0.01,0.9,0.0005,cuda,False,False,8,153,1252,-0.021284319460392
fixed_random,2,results_v3_lr0p01,results_v3_lr0p01,small_cnn,sgd,10,128,20000,0.01,0.9,0.0005,cuda,False,False,8,154,1253,0.23829276859760284
fixed_random,2,results_v3_lr0p01,results_v3_lr0p01,small_cnn,sgd,10,128,20000,0.01,0.9,0.0005,cuda,False,False,8,155,1254,0.5419133305549622
fixed_random,2,results_v3_lr0p01,results_v3_lr0p01,small_cnn,sgd,10,128,20000,0.01,0.9,0.0005,cuda,False,False,8,156,1255,0.6596184372901917
fixed_random,2,results_v3_lr0p01,results_v3_lr0p01,small_cnn,sgd,10,128,20000,0.01,0.9,0.0005,cuda,False,False,8,157,1256,0.3478822112083435
fixed_random,2,results_v3_lr0p01,results_v3_lr0p01,small_cnn,sgd,10,128,20000,0.01,0.9,0.0005,cuda,False,False,9,1,1257,0.2427665740251541
fixed_random,2,results_v3_lr0p01,results_v3_lr0p01,small_cnn,sgd,10,128,20000,0.01,0.9,0.0005,cuda,False,False,9,2,1258,0.14259076118469238
fixed_random,2,results_v3_lr0p01,results_v3_lr0p01,small_cnn,sgd,10,128,20000,0.01,0.9,0.0005,cuda,False,False,9,3,1259,0.47995370626449585
fixed_random,2,results_v3_lr0p01,results_v3_lr0p01,small_cnn,sgd,10,128,20000,0.01,0.9,0.0005,cuda,False,False,9,4,1260,0.5831224322319031
fixed_random,2,results_v3_lr0p01,results_v3_lr0p01,small_cnn,sgd,10,128,20000,0.01,0.9,0.0005,cuda,False,False,9,5,1261,0.5235522985458374
fixed_random,2,results_v3_lr0p01,results_v3_lr0p01,small_cnn,sgd,10,128,20000,0.01,0.9,0.0005,cuda,False,False,9,6,1262,0.2384113371372223
fixed_random,2,results_v3_lr0p01,results_v3_lr0p01,small_cnn,sgd,10,128,20000,0.01,0.9,0.0005,cuda,False,False,9,7,1263,0.5481942892074585
fixed_random,2,results_v3_lr0p01,results_v3_lr0p01,small_cnn,sgd,10,128,20000,0.01,0.9,0.0005,cuda,False,False,9,8,1264,0.23027265071868896
fixed_random,2,results_v3_lr0p01,results_v3_lr0p01,small_cnn,sgd,10,128,20000,0.01,0.9,0.0005,cuda,False,False,9,9,1265,0.221733957529068
fixed_random,2,results_v3_lr0p01,results_v3_lr0p01,small_cnn,sgd,10,128,20000,0.01,0.9,0.0005,cuda,False,False,9,10,1266,0.028534281998872757
fixed_random,2,results_v3_lr0p01,results_v3_lr0p01,small_cnn,sgd,10,128,20000,0.01,0.9,0.0005,cuda,False,False,9,11,1267,0.20034238696098328
fixed_random,2,results_v3_lr0p01,results_v3_lr0p01,small_cnn,sgd,10,128,20000,0.01,0.9,0.0005,cuda,False,False,9,12,1268,0.6663429141044617
fixed_random,2,results_v3_lr0p01,results_v3_lr0p01,small_cnn,sgd,10,128,20000,0.01,0.9,0.0005,cuda,False,False,9,13,1269,0.3307616710662842
fixed_random,2,results_v3_lr0p01,results_v3_lr0p01,small_cnn,sgd,10,128,20000,0.01,0.9,0.0005,cuda,False,False,9,14,1270,-0.03959150239825249
fixed_random,2,results_v3_lr0p01,results_v3_lr0p01,small_cnn,sgd,10,128,20000,0.01,0.9,0.0005,cuda,False,False,9,15,1271,0.5112318992614746
fixed_random,2,results_v3_lr0p01,results_v3_lr0p01,small_cnn,sgd,10,128,20000,0.01,0.9,0.0005,cuda,False,False,9,16,1272,0.22473359107971191
fixed_random,2,results_v3_lr0p01,results_v3_lr0p01,small_cnn,sgd,10,128,20000,0.01,0.9,0.0005,cuda,False,False,9,17,1273,0.29970625042915344
fixed_random,2,results_v3_lr0p01,results_v3_lr0p01,small_cnn,sgd,10,128,20000,0.01,0.9,0.0005,cuda,False,False,9,18,1274,0.564289927482605
fixed_random,2,results_v3_lr0p01,results_v3_lr0p01,small_cnn,sgd,10,128,20000,0.01,0.9,0.0005,cuda,False,False,9,19,1275,-0.052235741168260574
fixed_random,2,results_v3_lr0p01,results_v3_lr0p01,small_cnn,sgd,10,128,20000,0.01,0.9,0.0005,cuda,False,False,9,20,1276,0.24400298297405243
fixed_random,2,results_v3_lr0p01,results_v3_lr0p01,small_cnn,sgd,10,128,20000,0.01,0.9,0.0005,cuda,False,False,9,21,1277,0.6980058550834656
fixed_random,2,results_v3_lr0p01,results_v3_lr0p01,small_cnn,sgd,10,128,20000,0.01,0.9,0.0005,cuda,False,False,9,22,1278,-0.08941128849983215
fixed_random,2,results_v3_lr0p01,results_v3_lr0p01,small_cnn,sgd,10,128,20000,0.01,0.9,0.0005,cuda,False,False,9,23,1279,0.10554556548595428
fixed_random,2,results_v3_lr0p01,results_v3_lr0p01,small_cnn,sgd,10,128,20000,0.01,0.9,0.0005,cuda,False,False,9,24,1280,-0.053404800593853
fixed_random,2,results_v3_lr0p01,results_v3_lr0p01,small_cnn,sgd,10,128,20000,0.01,0.9,0.0005,cuda,False,False,9,25,1281,0.49943190813064575
fixed_random,2,results_v3_lr0p01,results_v3_lr0p01,small_cnn,sgd,10,128,20000,0.01,0.9,0.0005,cuda,False,False,9,26,1282,0.5398588180541992
fixed_random,2,results_v3_lr0p01,results_v3_lr0p01,small_cnn,sgd,10,128,20000,0.01,0.9,0.0005,cuda,False,False,9,27,1283,0.6028735041618347
fixed_random,2,results_v3_lr0p01,results_v3_lr0p01,small_cnn,sgd,10,128,20000,0.01,0.9,0.0005,cuda,False,False,9,28,1284,0.24308936297893524
fixed_random,2,results_v3_lr0p01,results_v3_lr0p01,small_cnn,sgd,10,128,20000,0.01,0.9,0.0005,cuda,False,False,9,29,1285,-0.39622074365615845
fixed_random,2,results_v3_lr0p01,results_v3_lr0p01,small_cnn,sgd,10,128,20000,0.01,0.9,0.0005,cuda,False,False,9,30,1286,0.7489225268363953
fixed_random,2,results_v3_lr0p01,results_v3_lr0p01,small_cnn,sgd,10,128,20000,0.01,0.9,0.0005,cuda,False,False,9,31,1287,0.4538537859916687
fixed_random,2,results_v3_lr0p01,results_v3_lr0p01,small_cnn,sgd,10,128,20000,0.01,0.9,0.0005,cuda,False,False,9,32,1288,-0.09709379076957703
fixed_random,2,results_v3_lr0p01,results_v3_lr0p01,small_cnn,sgd,10,128,20000,0.01,0.9,0.0005,cuda,False,False,9,33,1289,0.6823230981826782
fixed_random,2,results_v3_lr0p01,results_v3_lr0p01,small_cnn,sgd,10,128,20000,0.01,0.9,0.0005,cuda,False,False,9,34,1290,0.5156933069229126
fixed_random,2,results_v3_lr0p01,results_v3_lr0p01,small_cnn,sgd,10,128,20000,0.01,0.9,0.0005,cuda,False,False,9,35,1291,-0.236843079328537
fixed_random,2,results_v3_lr0p01,results_v3_lr0p01,small_cnn,sgd,10,128,20000,0.01,0.9,0.0005,cuda,False,False,9,36,1292,0.6022743582725525
fixed_random,2,results_v3_lr0p01,results_v3_lr0p01,small_cnn,sgd,10,128,20000,0.01,0.9,0.0005,cuda,False,False,9,37,1293,0.6270490884780884
fixed_random,2,results_v3_lr0p01,results_v3_lr0p01,small_cnn,sgd,10,128,20000,0.01,0.9,0.0005,cuda,False,False,9,38,1294,0.34586602449417114
fixed_random,2,results_v3_lr0p01,results_v3_lr0p01,small_cnn,sgd,10,128,20000,0.01,0.9,0.0005,cuda,False,False,9,39,1295,0.4612062871456146
fixed_random,2,results_v3_lr0p01,results_v3_lr0p01,small_cnn,sgd,10,128,20000,0.01,0.9,0.0005,cuda,False,False,9,40,1296,-0.1357157677412033
fixed_random,2,results_v3_lr0p01,results_v3_lr0p01,small_cnn,sgd,10,128,20000,0.01,0.9,0.0005,cuda,False,False,9,41,1297,0.28873777389526367
fixed_random,2,results_v3_lr0p01,results_v3_lr0p01,small_cnn,sgd,10,128,20000,0.01,0.9,0.0005,cuda,False,False,9,42,1298,0.4223988652229309
fixed_random,2,results_v3_lr0p01,results_v3_lr0p01,small_cnn,sgd,10,128,20000,0.01,0.9,0.0005,cuda,False,False,9,43,1299,0.6027461886405945
fixed_random,2,results_v3_lr0p01,results_v3_lr0p01,small_cnn,sgd,10,128,20000,0.01,0.9,0.0005,cuda,False,False,9,44,1300,0.6144441962242126
fixed_random,2,results_v3_lr0p01,results_v3_lr0p01,small_cnn,sgd,10,128,20000,0.01,0.9,0.0005,cuda,False,False,9,45,1301,-0.23180237412452698
fixed_random,2,results_v3_lr0p01,results_v3_lr0p01,small_cnn,sgd,10,128,20000,0.01,0.9,0.0005,cuda,False,False,9,46,1302,0.45934581756591797
fixed_random,2,results_v3_lr0p01,results_v3_lr0p01,small_cnn,sgd,10,128,20000,0.01,0.9,0.0005,cuda,False,False,9,47,1303,0.7114678621292114
fixed_random,2,results_v3_lr0p01,results_v3_lr0p01,small_cnn,sgd,10,128,20000,0.01,0.9,0.0005,cuda,False,False,9,48,1304,0.3686555325984955
fixed_random,2,results_v3_lr0p01,results_v3_lr0p01,small_cnn,sgd,10,128,20000,0.01,0.9,0.0005,cuda,False,False,9,49,1305,-0.10633638501167297
fixed_random,2,results_v3_lr0p01,results_v3_lr0p01,small_cnn,sgd,10,128,20000,0.01,0.9,0.0005,cuda,False,False,9,50,1306,0.13587656617164612
fixed_random,2,results_v3_lr0p01,results_v3_lr0p01,small_cnn,sgd,10,128,20000,0.01,0.9,0.0005,cuda,False,False,9,51,1307,0.3333664834499359
fixed_random,2,results_v3_lr0p01,results_v3_lr0p01,small_cnn,sgd,10,128,20000,0.01,0.9,0.0005,cuda,False,False,9,52,1308,-0.32263681292533875
fixed_random,2,results_v3_lr0p01,results_v3_lr0p01,small_cnn,sgd,10,128,20000,0.01,0.9,0.0005,cuda,False,False,9,53,1309,0.012057755142450333
fixed_random,2,results_v3_lr0p01,results_v3_lr0p01,small_cnn,sgd,10,128,20000,0.01,0.9,0.0005,cuda,False,False,9,54,1310,0.4078466296195984
fixed_random,2,results_v3_lr0p01,results_v3_lr0p01,small_cnn,sgd,10,128,20000,0.01,0.9,0.0005,cuda,False,False,9,55,1311,0.5944918990135193
fixed_random,2,results_v3_lr0p01,results_v3_lr0p01,small_cnn,sgd,10,128,20000,0.01,0.9,0.0005,cuda,False,False,9,56,1312,-0.41353335976600647
fixed_random,2,results_v3_lr0p01,results_v3_lr0p01,small_cnn,sgd,10,128,20000,0.01,0.9,0.0005,cuda,False,False,9,57,1313,0.43256253004074097
fixed_random,2,results_v3_lr0p01,results_v3_lr0p01,small_cnn,sgd,10,128,20000,0.01,0.9,0.0005,cuda,False,False,9,58,1314,0.06192568689584732
fixed_random,2,results_v3_lr0p01,results_v3_lr0p01,small_cnn,sgd,10,128,20000,0.01,0.9,0.0005,cuda,False,False,9,59,1315,0.20685124397277832
fixed_random,2,results_v3_lr0p01,results_v3_lr0p01,small_cnn,sgd,10,128,20000,0.01,0.9,0.0005,cuda,False,False,9,60,1316,0.1847909539937973
fixed_random,2,results_v3_lr0p01,results_v3_lr0p01,small_cnn,sgd,10,128,20000,0.01,0.9,0.0005,cuda,False,False,9,61,1317,-0.06358259916305542
fixed_random,2,results_v3_lr0p01,results_v3_lr0p01,small_cnn,sgd,10,128,20000,0.01,0.9,0.0005,cuda,False,False,9,62,1318,-0.17597618699073792
fixed_random,2,results_v3_lr0p01,results_v3_lr0p01,small_cnn,sgd,10,128,20000,0.01,0.9,0.0005,cuda,False,False,9,63,1319,0.14822004735469818
fixed_random,2,results_v3_lr0p01,results_v3_lr0p01,small_cnn,sgd,10,128,20000,0.01,0.9,0.0005,cuda,False,False,9,64,1320,-0.27606305480003357
fixed_random,2,results_v3_lr0p01,results_v3_lr0p01,small_cnn,sgd,10,128,20000,0.01,0.9,0.0005,cuda,False,False,9,65,1321,0.03994912654161453
fixed_random,2,results_v3_lr0p01,results_v3_lr0p01,small_cnn,sgd,10,128,20000,0.01,0.9,0.0005,cuda,False,False,9,66,1322,0.32196739315986633
fixed_random,2,results_v3_lr0p01,results_v3_lr0p01,small_cnn,sgd,10,128,20000,0.01,0.9,0.0005,cuda,False,False,9,67,1323,0.17592090368270874
fixed_random,2,results_v3_lr0p01,results_v3_lr0p01,small_cnn,sgd,10,128,20000,0.01,0.9,0.0005,cuda,False,False,9,68,1324,0.4377507269382477
fixed_random,2,results_v3_lr0p01,results_v3_lr0p01,small_cnn,sgd,10,128,20000,0.01,0.9,0.0005,cuda,False,False,9,69,1325,-0.13480429351329803
fixed_random,2,results_v3_lr0p01,results_v3_lr0p01,small_cnn,sgd,10,128,20000,0.01,0.9,0.0005,cuda,False,False,9,70,1326,-0.1046971008181572
fixed_random,2,results_v3_lr0p01,results_v3_lr0p01,small_cnn,sgd,10,128,20000,0.01,0.9,0.0005,cuda,False,False,9,71,1327,-0.24025921523571014
fixed_random,2,results_v3_lr0p01,results_v3_lr0p01,small_cnn,sgd,10,128,20000,0.01,0.9,0.0005,cuda,False,False,9,72,1328,0.11301496624946594
fixed_random,2,results_v3_lr0p01,results_v3_lr0p01,small_cnn,sgd,10,128,20000,0.01,0.9,0.0005,cuda,False,False,9,73,1329,-0.22393572330474854
fixed_random,2,results_v3_lr0p01,results_v3_lr0p01,small_cnn,sgd,10,128,20000,0.01,0.9,0.0005,cuda,False,False,9,74,1330,-0.019223380833864212
fixed_random,2,results_v3_lr0p01,results_v3_lr0p01,small_cnn,sgd,10,128,20000,0.01,0.9,0.0005,cuda,False,False,9,75,1331,0.3156508207321167
fixed_random,2,results_v3_lr0p01,results_v3_lr0p01,small_cnn,sgd,10,128,20000,0.01,0.9,0.0005,cuda,False,False,9,76,1332,0.5316720008850098
fixed_random,2,results_v3_lr0p01,results_v3_lr0p01,small_cnn,sgd,10,128,20000,0.01,0.9,0.0005,cuda,False,False,9,77,1333,-0.04447750374674797
fixed_random,2,results_v3_lr0p01,results_v3_lr0p01,small_cnn,sgd,10,128,20000,0.01,0.9,0.0005,cuda,False,False,9,78,1334,0.6210535168647766
fixed_random,2,results_v3_lr0p01,results_v3_lr0p01,small_cnn,sgd,10,128,20000,0.01,0.9,0.0005,cuda,False,False,9,79,1335,0.5185738801956177
fixed_random,2,results_v3_lr0p01,results_v3_lr0p01,small_cnn,sgd,10,128,20000,0.01,0.9,0.0005,cuda,False,False,9,80,1336,0.5869050621986389
fixed_random,2,results_v3_lr0p01,results_v3_lr0p01,small_cnn,sgd,10,128,20000,0.01,0.9,0.0005,cuda,False,False,9,81,1337,0.3798072636127472
fixed_random,2,results_v3_lr0p01,results_v3_lr0p01,small_cnn,sgd,10,128,20000,0.01,0.9,0.0005,cuda,False,False,9,82,1338,0.3988826274871826
fixed_random,2,results_v3_lr0p01,results_v3_lr0p01,small_cnn,sgd,10,128,20000,0.01,0.9,0.0005,cuda,False,False,9,83,1339,0.058373596519231796
fixed_random,2,results_v3_lr0p01,results_v3_lr0p01,small_cnn,sgd,10,128,20000,0.01,0.9,0.0005,cuda,False,False,9,84,1340,-0.12913767993450165
fixed_random,2,results_v3_lr0p01,results_v3_lr0p01,small_cnn,sgd,10,128,20000,0.01,0.9,0.0005,cuda,False,False,9,85,1341,0.5233998894691467
fixed_random,2,results_v3_lr0p01,results_v3_lr0p01,small_cnn,sgd,10,128,20000,0.01,0.9,0.0005,cuda,False,False,9,86,1342,0.2787677049636841
fixed_random,2,results_v3_lr0p01,results_v3_lr0p01,small_cnn,sgd,10,128,20000,0.01,0.9,0.0005,cuda,False,False,9,87,1343,0.5525193214416504
fixed_random,2,results_v3_lr0p01,results_v3_lr0p01,small_cnn,sgd,10,128,20000,0.01,0.9,0.0005,cuda,False,False,9,88,1344,0.17723232507705688
fixed_random,2,results_v3_lr0p01,results_v3_lr0p01,small_cnn,sgd,10,128,20000,0.01,0.9,0.0005,cuda,False,False,9,89,1345,-0.2594447433948517
fixed_random,2,results_v3_lr0p01,results_v3_lr0p01,small_cnn,sgd,10,128,20000,0.01,0.9,0.0005,cuda,False,False,9,90,1346,0.03311566263437271
fixed_random,2,results_v3_lr0p01,results_v3_lr0p01,small_cnn,sgd,10,128,20000,0.01,0.9,0.0005,cuda,False,False,9,91,1347,0.49361452460289
fixed_random,2,results_v3_lr0p01,results_v3_lr0p01,small_cnn,sgd,10,128,20000,0.01,0.9,0.0005,cuda,False,False,9,92,1348,0.24701941013336182
fixed_random,2,results_v3_lr0p01,results_v3_lr0p01,small_cnn,sgd,10,128,20000,0.01,0.9,0.0005,cuda,False,False,9,93,1349,0.048021651804447174
fixed_random,2,results_v3_lr0p01,results_v3_lr0p01,small_cnn,sgd,10,128,20000,0.01,0.9,0.0005,cuda,False,False,9,94,1350,0.12610720098018646
fixed_random,2,results_v3_lr0p01,results_v3_lr0p01,small_cnn,sgd,10,128,20000,0.01,0.9,0.0005,cuda,False,False,9,95,1351,0.14895983040332794
fixed_random,2,results_v3_lr0p01,results_v3_lr0p01,small_cnn,sgd,10,128,20000,0.01,0.9,0.0005,cuda,False,False,9,96,1352,0.5665928721427917
fixed_random,2,results_v3_lr0p01,results_v3_lr0p01,small_cnn,sgd,10,128,20000,0.01,0.9,0.0005,cuda,False,False,9,97,1353,0.10983841121196747
fixed_random,2,results_v3_lr0p01,results_v3_lr0p01,small_cnn,sgd,10,128,20000,0.01,0.9,0.0005,cuda,False,False,9,98,1354,0.26059380173683167
fixed_random,2,results_v3_lr0p01,results_v3_lr0p01,small_cnn,sgd,10,128,20000,0.01,0.9,0.0005,cuda,False,False,9,99,1355,0.2886064946651459
fixed_random,2,results_v3_lr0p01,results_v3_lr0p01,small_cnn,sgd,10,128,20000,0.01,0.9,0.0005,cuda,False,False,9,100,1356,0.009847903624176979
fixed_random,2,results_v3_lr0p01,results_v3_lr0p01,small_cnn,sgd,10,128,20000,0.01,0.9,0.0005,cuda,False,False,9,101,1357,-0.06246090307831764
fixed_random,2,results_v3_lr0p01,results_v3_lr0p01,small_cnn,sgd,10,128,20000,0.01,0.9,0.0005,cuda,False,False,9,102,1358,0.4460415542125702
fixed_random,2,results_v3_lr0p01,results_v3_lr0p01,small_cnn,sgd,10,128,20000,0.01,0.9,0.0005,cuda,False,False,9,103,1359,0.7855915427207947
fixed_random,2,results_v3_lr0p01,results_v3_lr0p01,small_cnn,sgd,10,128,20000,0.01,0.9,0.0005,cuda,False,False,9,104,1360,-0.356671005487442
fixed_random,2,results_v3_lr0p01,results_v3_lr0p01,small_cnn,sgd,10,128,20000,0.01,0.9,0.0005,cuda,False,False,9,105,1361,0.10722821205854416
fixed_random,2,results_v3_lr0p01,results_v3_lr0p01,small_cnn,sgd,10,128,20000,0.01,0.9,0.0005,cuda,False,False,9,106,1362,0.28217437863349915
fixed_random,2,results_v3_lr0p01,results_v3_lr0p01,small_cnn,sgd,10,128,20000,0.01,0.9,0.0005,cuda,False,False,9,107,1363,0.6351382732391357
fixed_random,2,results_v3_lr0p01,results_v3_lr0p01,small_cnn,sgd,10,128,20000,0.01,0.9,0.0005,cuda,False,False,9,108,1364,0.30564239621162415
fixed_random,2,results_v3_lr0p01,results_v3_lr0p01,small_cnn,sgd,10,128,20000,0.01,0.9,0.0005,cuda,False,False,9,109,1365,0.2814350128173828
fixed_random,2,results_v3_lr0p01,results_v3_lr0p01,small_cnn,sgd,10,128,20000,0.01,0.9,0.0005,cuda,False,False,9,110,1366,-0.029727382585406303
fixed_random,2,results_v3_lr0p01,results_v3_lr0p01,small_cnn,sgd,10,128,20000,0.01,0.9,0.0005,cuda,False,False,9,111,1367,-0.02277834713459015
fixed_random,2,results_v3_lr0p01,results_v3_lr0p01,small_cnn,sgd,10,128,20000,0.01,0.9,0.0005,cuda,False,False,9,112,1368,0.23709680140018463
fixed_random,2,results_v3_lr0p01,results_v3_lr0p01,small_cnn,sgd,10,128,20000,0.01,0.9,0.0005,cuda,False,False,9,113,1369,0.5353130102157593
fixed_random,2,results_v3_lr0p01,results_v3_lr0p01,small_cnn,sgd,10,128,20000,0.01,0.9,0.0005,cuda,False,False,9,114,1370,0.33840978145599365
fixed_random,2,results_v3_lr0p01,results_v3_lr0p01,small_cnn,sgd,10,128,20000,0.01,0.9,0.0005,cuda,False,False,9,115,1371,0.37319839000701904
fixed_random,2,results_v3_lr0p01,results_v3_lr0p01,small_cnn,sgd,10,128,20000,0.01,0.9,0.0005,cuda,False,False,9,116,1372,-0.15489497780799866
fixed_random,2,results_v3_lr0p01,results_v3_lr0p01,small_cnn,sgd,10,128,20000,0.01,0.9,0.0005,cuda,False,False,9,117,1373,0.4157625436782837
fixed_random,2,results_v3_lr0p01,results_v3_lr0p01,small_cnn,sgd,10,128,20000,0.01,0.9,0.0005,cuda,False,False,9,118,1374,0.22937597334384918
fixed_random,2,results_v3_lr0p01,results_v3_lr0p01,small_cnn,sgd,10,128,20000,0.01,0.9,0.0005,cuda,False,False,9,119,1375,-0.15159618854522705
fixed_random,2,results_v3_lr0p01,results_v3_lr0p01,small_cnn,sgd,10,128,20000,0.01,0.9,0.0005,cuda,False,False,9,120,1376,-0.0630277693271637
fixed_random,2,results_v3_lr0p01,results_v3_lr0p01,small_cnn,sgd,10,128,20000,0.01,0.9,0.0005,cuda,False,False,9,121,1377,-0.28766483068466187
fixed_random,2,results_v3_lr0p01,results_v3_lr0p01,small_cnn,sgd,10,128,20000,0.01,0.9,0.0005,cuda,False,False,9,122,1378,0.17189481854438782
fixed_random,2,results_v3_lr0p01,results_v3_lr0p01,small_cnn,sgd,10,128,20000,0.01,0.9,0.0005,cuda,False,False,9,123,1379,0.113112673163414
fixed_random,2,results_v3_lr0p01,results_v3_lr0p01,small_cnn,sgd,10,128,20000,0.01,0.9,0.0005,cuda,False,False,9,124,1380,0.6114837527275085
fixed_random,2,results_v3_lr0p01,results_v3_lr0p01,small_cnn,sgd,10,128,20000,0.01,0.9,0.0005,cuda,False,False,9,125,1381,-0.000592496246099472
fixed_random,2,results_v3_lr0p01,results_v3_lr0p01,small_cnn,sgd,10,128,20000,0.01,0.9,0.0005,cuda,False,False,9,126,1382,0.252635657787323
fixed_random,2,results_v3_lr0p01,results_v3_lr0p01,small_cnn,sgd,10,128,20000,0.01,0.9,0.0005,cuda,False,False,9,127,1383,0.4525671601295471
fixed_random,2,results_v3_lr0p01,results_v3_lr0p01,small_cnn,sgd,10,128,20000,0.01,0.9,0.0005,cuda,False,False,9,128,1384,0.717186689376831
fixed_random,2,results_v3_lr0p01,results_v3_lr0p01,small_cnn,sgd,10,128,20000,0.01,0.9,0.0005,cuda,False,False,9,129,1385,0.597032904624939
fixed_random,2,results_v3_lr0p01,results_v3_lr0p01,small_cnn,sgd,10,128,20000,0.01,0.9,0.0005,cuda,False,False,9,130,1386,0.3933507800102234
fixed_random,2,results_v3_lr0p01,results_v3_lr0p01,small_cnn,sgd,10,128,20000,0.01,0.9,0.0005,cuda,False,False,9,131,1387,-0.06925809383392334
fixed_random,2,results_v3_lr0p01,results_v3_lr0p01,small_cnn,sgd,10,128,20000,0.01,0.9,0.0005,cuda,False,False,9,132,1388,0.5076289176940918
fixed_random,2,results_v3_lr0p01,results_v3_lr0p01,small_cnn,sgd,10,128,20000,0.01,0.9,0.0005,cuda,False,False,9,133,1389,0.6629638671875
fixed_random,2,results_v3_lr0p01,results_v3_lr0p01,small_cnn,sgd,10,128,20000,0.01,0.9,0.0005,cuda,False,False,9,134,1390,0.5961397886276245
fixed_random,2,results_v3_lr0p01,results_v3_lr0p01,small_cnn,sgd,10,128,20000,0.01,0.9,0.0005,cuda,False,False,9,135,1391,-0.17648467421531677
fixed_random,2,results_v3_lr0p01,results_v3_lr0p01,small_cnn,sgd,10,128,20000,0.01,0.9,0.0005,cuda,False,False,9,136,1392,0.27628445625305176
fixed_random,2,results_v3_lr0p01,results_v3_lr0p01,small_cnn,sgd,10,128,20000,0.01,0.9,0.0005,cuda,False,False,9,137,1393,0.09044161438941956
fixed_random,2,results_v3_lr0p01,results_v3_lr0p01,small_cnn,sgd,10,128,20000,0.01,0.9,0.0005,cuda,False,False,9,138,1394,0.6220319867134094
fixed_random,2,results_v3_lr0p01,results_v3_lr0p01,small_cnn,sgd,10,128,20000,0.01,0.9,0.0005,cuda,False,False,9,139,1395,0.2689986824989319
fixed_random,2,results_v3_lr0p01,results_v3_lr0p01,small_cnn,sgd,10,128,20000,0.01,0.9,0.0005,cuda,False,False,9,140,1396,0.5062676072120667
fixed_random,2,results_v3_lr0p01,results_v3_lr0p01,small_cnn,sgd,10,128,20000,0.01,0.9,0.0005,cuda,False,False,9,141,1397,0.484261691570282
fixed_random,2,results_v3_lr0p01,results_v3_lr0p01,small_cnn,sgd,10,128,20000,0.01,0.9,0.0005,cuda,False,False,9,142,1398,0.19337427616119385
fixed_random,2,results_v3_lr0p01,results_v3_lr0p01,small_cnn,sgd,10,128,20000,0.01,0.9,0.0005,cuda,False,False,9,143,1399,0.3136923313140869
fixed_random,2,results_v3_lr0p01,results_v3_lr0p01,small_cnn,sgd,10,128,20000,0.01,0.9,0.0005,cuda,False,False,9,144,1400,0.3432416319847107
fixed_random,2,results_v3_lr0p01,results_v3_lr0p01,small_cnn,sgd,10,128,20000,0.01,0.9,0.0005,cuda,False,False,9,145,1401,0.5541681051254272
fixed_random,2,results_v3_lr0p01,results_v3_lr0p01,small_cnn,sgd,10,128,20000,0.01,0.9,0.0005,cuda,False,False,9,146,1402,0.41458356380462646
fixed_random,2,results_v3_lr0p01,results_v3_lr0p01,small_cnn,sgd,10,128,20000,0.01,0.9,0.0005,cuda,False,False,9,147,1403,0.17273187637329102
fixed_random,2,results_v3_lr0p01,results_v3_lr0p01,small_cnn,sgd,10,128,20000,0.01,0.9,0.0005,cuda,False,False,9,148,1404,-0.1111484095454216
fixed_random,2,results_v3_lr0p01,results_v3_lr0p01,small_cnn,sgd,10,128,20000,0.01,0.9,0.0005,cuda,False,False,9,149,1405,0.3825855851173401
fixed_random,2,results_v3_lr0p01,results_v3_lr0p01,small_cnn,sgd,10,128,20000,0.01,0.9,0.0005,cuda,False,False,9,150,1406,0.33574405312538147
fixed_random,2,results_v3_lr0p01,results_v3_lr0p01,small_cnn,sgd,10,128,20000,0.01,0.9,0.0005,cuda,False,False,9,151,1407,0.19600844383239746
fixed_random,2,results_v3_lr0p01,results_v3_lr0p01,small_cnn,sgd,10,128,20000,0.01,0.9,0.0005,cuda,False,False,9,152,1408,0.47978276014328003
fixed_random,2,results_v3_lr0p01,results_v3_lr0p01,small_cnn,sgd,10,128,20000,0.01,0.9,0.0005,cuda,False,False,9,153,1409,0.05863253027200699
fixed_random,2,results_v3_lr0p01,results_v3_lr0p01,small_cnn,sgd,10,128,20000,0.01,0.9,0.0005,cuda,False,False,9,154,1410,0.20990151166915894
fixed_random,2,results_v3_lr0p01,results_v3_lr0p01,small_cnn,sgd,10,128,20000,0.01,0.9,0.0005,cuda,False,False,9,155,1411,0.4890875816345215
fixed_random,2,results_v3_lr0p01,results_v3_lr0p01,small_cnn,sgd,10,128,20000,0.01,0.9,0.0005,cuda,False,False,9,156,1412,0.6028990745544434
fixed_random,2,results_v3_lr0p01,results_v3_lr0p01,small_cnn,sgd,10,128,20000,0.01,0.9,0.0005,cuda,False,False,9,157,1413,0.33651524782180786
fixed_random,2,results_v3_lr0p01,results_v3_lr0p01,small_cnn,sgd,10,128,20000,0.01,0.9,0.0005,cuda,False,False,10,1,1414,0.1850813925266266
fixed_random,2,results_v3_lr0p01,results_v3_lr0p01,small_cnn,sgd,10,128,20000,0.01,0.9,0.0005,cuda,False,False,10,2,1415,0.20138022303581238
fixed_random,2,results_v3_lr0p01,results_v3_lr0p01,small_cnn,sgd,10,128,20000,0.01,0.9,0.0005,cuda,False,False,10,3,1416,0.4697111248970032
fixed_random,2,results_v3_lr0p01,results_v3_lr0p01,small_cnn,sgd,10,128,20000,0.01,0.9,0.0005,cuda,False,False,10,4,1417,0.5405548810958862
fixed_random,2,results_v3_lr0p01,results_v3_lr0p01,small_cnn,sgd,10,128,20000,0.01,0.9,0.0005,cuda,False,False,10,5,1418,0.5110642313957214
fixed_random,2,results_v3_lr0p01,results_v3_lr0p01,small_cnn,sgd,10,128,20000,0.01,0.9,0.0005,cuda,False,False,10,6,1419,0.18993701040744781
fixed_random,2,results_v3_lr0p01,results_v3_lr0p01,small_cnn,sgd,10,128,20000,0.01,0.9,0.0005,cuda,False,False,10,7,1420,0.5880985260009766
fixed_random,2,results_v3_lr0p01,results_v3_lr0p01,small_cnn,sgd,10,128,20000,0.01,0.9,0.0005,cuda,False,False,10,8,1421,0.24833373725414276
fixed_random,2,results_v3_lr0p01,results_v3_lr0p01,small_cnn,sgd,10,128,20000,0.01,0.9,0.0005,cuda,False,False,10,9,1422,0.2610248923301697
fixed_random,2,results_v3_lr0p01,results_v3_lr0p01,small_cnn,sgd,10,128,20000,0.01,0.9,0.0005,cuda,False,False,10,10,1423,-0.050191111862659454
fixed_random,2,results_v3_lr0p01,results_v3_lr0p01,small_cnn,sgd,10,128,20000,0.01,0.9,0.0005,cuda,False,False,10,11,1424,0.16301405429840088
fixed_random,2,results_v3_lr0p01,results_v3_lr0p01,small_cnn,sgd,10,128,20000,0.01,0.9,0.0005,cuda,False,False,10,12,1425,0.6445355415344238
fixed_random,2,results_v3_lr0p01,results_v3_lr0p01,small_cnn,sgd,10,128,20000,0.01,0.9,0.0005,cuda,False,False,10,13,1426,0.31090256571769714
fixed_random,2,results_v3_lr0p01,results_v3_lr0p01,small_cnn,sgd,10,128,20000,0.01,0.9,0.0005,cuda,False,False,10,14,1427,0.06315706670284271
fixed_random,2,results_v3_lr0p01,results_v3_lr0p01,small_cnn,sgd,10,128,20000,0.01,0.9,0.0005,cuda,False,False,10,15,1428,0.48856690526008606
fixed_random,2,results_v3_lr0p01,results_v3_lr0p01,small_cnn,sgd,10,128,20000,0.01,0.9,0.0005,cuda,False,False,10,16,1429,0.26016056537628174
fixed_random,2,results_v3_lr0p01,results_v3_lr0p01,small_cnn,sgd,10,128,20000,0.01,0.9,0.0005,cuda,False,False,10,17,1430,0.312745600938797
fixed_random,2,results_v3_lr0p01,results_v3_lr0p01,small_cnn,sgd,10,128,20000,0.01,0.9,0.0005,cuda,False,False,10,18,1431,0.5241254568099976
fixed_random,2,results_v3_lr0p01,results_v3_lr0p01,small_cnn,sgd,10,128,20000,0.01,0.9,0.0005,cuda,False,False,10,19,1432,-0.03348522260785103
fixed_random,2,results_v3_lr0p01,results_v3_lr0p01,small_cnn,sgd,10,128,20000,0.01,0.9,0.0005,cuda,False,False,10,20,1433,0.19065457582473755
fixed_random,2,results_v3_lr0p01,results_v3_lr0p01,small_cnn,sgd,10,128,20000,0.01,0.9,0.0005,cuda,False,False,10,21,1434,0.6719465255737305
fixed_random,2,results_v3_lr0p01,results_v3_lr0p01,small_cnn,sgd,10,128,20000,0.01,0.9,0.0005,cuda,False,False,10,22,1435,-0.039127789437770844
fixed_random,2,results_v3_lr0p01,results_v3_lr0p01,small_cnn,sgd,10,128,20000,0.01,0.9,0.0005,cuda,False,False,10,23,1436,0.09769174456596375
fixed_random,2,results_v3_lr0p01,results_v3_lr0p01,small_cnn,sgd,10,128,20000,0.01,0.9,0.0005,cuda,False,False,10,24,1437,-0.10536619275808334
fixed_random,2,results_v3_lr0p01,results_v3_lr0p01,small_cnn,sgd,10,128,20000,0.01,0.9,0.0005,cuda,False,False,10,25,1438,0.4446341097354889
fixed_random,2,results_v3_lr0p01,results_v3_lr0p01,small_cnn,sgd,10,128,20000,0.01,0.9,0.0005,cuda,False,False,10,26,1439,0.4973139464855194
fixed_random,2,results_v3_lr0p01,results_v3_lr0p01,small_cnn,sgd,10,128,20000,0.01,0.9,0.0005,cuda,False,False,10,27,1440,0.6378976106643677
fixed_random,2,results_v3_lr0p01,results_v3_lr0p01,small_cnn,sgd,10,128,20000,0.01,0.9,0.0005,cuda,False,False,10,28,1441,0.2541465759277344
fixed_random,2,results_v3_lr0p01,results_v3_lr0p01,small_cnn,sgd,10,128,20000,0.01,0.9,0.0005,cuda,False,False,10,29,1442,-0.27748963236808777
fixed_random,2,results_v3_lr0p01,results_v3_lr0p01,small_cnn,sgd,10,128,20000,0.01,0.9,0.0005,cuda,False,False,10,30,1443,0.7128240466117859
fixed_random,2,results_v3_lr0p01,results_v3_lr0p01,small_cnn,sgd,10,128,20000,0.01,0.9,0.0005,cuda,False,False,10,31,1444,0.43628573417663574
fixed_random,2,results_v3_lr0p01,results_v3_lr0p01,small_cnn,sgd,10,128,20000,0.01,0.9,0.0005,cuda,False,False,10,32,1445,-0.12089187651872635
fixed_random,2,results_v3_lr0p01,results_v3_lr0p01,small_cnn,sgd,10,128,20000,0.01,0.9,0.0005,cuda,False,False,10,33,1446,0.692354142665863
fixed_random,2,results_v3_lr0p01,results_v3_lr0p01,small_cnn,sgd,10,128,20000,0.01,0.9,0.0005,cuda,False,False,10,34,1447,0.5574690699577332
fixed_random,2,results_v3_lr0p01,results_v3_lr0p01,small_cnn,sgd,10,128,20000,0.01,0.9,0.0005,cuda,False,False,10,35,1448,-0.23334935307502747
fixed_random,2,results_v3_lr0p01,results_v3_lr0p01,small_cnn,sgd,10,128,20000,0.01,0.9,0.0005,cuda,False,False,10,36,1449,0.5518001914024353
fixed_random,2,results_v3_lr0p01,results_v3_lr0p01,small_cnn,sgd,10,128,20000,0.01,0.9,0.0005,cuda,False,False,10,37,1450,0.5948318839073181
fixed_random,2,results_v3_lr0p01,results_v3_lr0p01,small_cnn,sgd,10,128,20000,0.01,0.9,0.0005,cuda,False,False,10,38,1451,0.35800856351852417
fixed_random,2,results_v3_lr0p01,results_v3_lr0p01,small_cnn,sgd,10,128,20000,0.01,0.9,0.0005,cuda,False,False,10,39,1452,0.2969396710395813
fixed_random,2,results_v3_lr0p01,results_v3_lr0p01,small_cnn,sgd,10,128,20000,0.01,0.9,0.0005,cuda,False,False,10,40,1453,-0.03851080313324928
fixed_random,2,results_v3_lr0p01,results_v3_lr0p01,small_cnn,sgd,10,128,20000,0.01,0.9,0.0005,cuda,False,False,10,41,1454,0.29164615273475647
fixed_random,2,results_v3_lr0p01,results_v3_lr0p01,small_cnn,sgd,10,128,20000,0.01,0.9,0.0005,cuda,False,False,10,42,1455,0.40565913915634155
fixed_random,2,results_v3_lr0p01,results_v3_lr0p01,small_cnn,sgd,10,128,20000,0.01,0.9,0.0005,cuda,False,False,10,43,1456,0.5596948266029358
fixed_random,2,results_v3_lr0p01,results_v3_lr0p01,small_cnn,sgd,10,128,20000,0.01,0.9,0.0005,cuda,False,False,10,44,1457,0.5648044347763062
fixed_random,2,results_v3_lr0p01,results_v3_lr0p01,small_cnn,sgd,10,128,20000,0.01,0.9,0.0005,cuda,False,False,10,45,1458,-0.2719171345233917
fixed_random,2,results_v3_lr0p01,results_v3_lr0p01,small_cnn,sgd,10,128,20000,0.01,0.9,0.0005,cuda,False,False,10,46,1459,0.453288197517395
fixed_random,2,results_v3_lr0p01,results_v3_lr0p01,small_cnn,sgd,10,128,20000,0.01,0.9,0.0005,cuda,False,False,10,47,1460,0.7025020122528076
fixed_random,2,results_v3_lr0p01,results_v3_lr0p01,small_cnn,sgd,10,128,20000,0.01,0.9,0.0005,cuda,False,False,10,48,1461,0.3693983256816864
fixed_random,2,results_v3_lr0p01,results_v3_lr0p01,small_cnn,sgd,10,128,20000,0.01,0.9,0.0005,cuda,False,False,10,49,1462,-0.02668997459113598
fixed_random,2,results_v3_lr0p01,results_v3_lr0p01,small_cnn,sgd,10,128,20000,0.01,0.9,0.0005,cuda,False,False,10,50,1463,0.24673251807689667
fixed_random,2,results_v3_lr0p01,results_v3_lr0p01,small_cnn,sgd,10,128,20000,0.01,0.9,0.0005,cuda,False,False,10,51,1464,0.3512074947357178
fixed_random,2,results_v3_lr0p01,results_v3_lr0p01,small_cnn,sgd,10,128,20000,0.01,0.9,0.0005,cuda,False,False,10,52,1465,-0.21120715141296387
fixed_random,2,results_v3_lr0p01,results_v3_lr0p01,small_cnn,sgd,10,128,20000,0.01,0.9,0.0005,cuda,False,False,10,53,1466,-0.023971304297447205
fixed_random,2,results_v3_lr0p01,results_v3_lr0p01,small_cnn,sgd,10,128,20000,0.01,0.9,0.0005,cuda,False,False,10,54,1467,0.3973042368888855
fixed_random,2,results_v3_lr0p01,results_v3_lr0p01,small_cnn,sgd,10,128,20000,0.01,0.9,0.0005,cuda,False,False,10,55,1468,0.6050058007240295
fixed_random,2,results_v3_lr0p01,results_v3_lr0p01,small_cnn,sgd,10,128,20000,0.01,0.9,0.0005,cuda,False,False,10,56,1469,-0.298282265663147
fixed_random,2,results_v3_lr0p01,results_v3_lr0p01,small_cnn,sgd,10,128,20000,0.01,0.9,0.0005,cuda,False,False,10,57,1470,0.5092315673828125
fixed_random,2,results_v3_lr0p01,results_v3_lr0p01,small_cnn,sgd,10,128,20000,0.01,0.9,0.0005,cuda,False,False,10,58,1471,0.13994824886322021
fixed_random,2,results_v3_lr0p01,results_v3_lr0p01,small_cnn,sgd,10,128,20000,0.01,0.9,0.0005,cuda,False,False,10,59,1472,0.27818599343299866
fixed_random,2,results_v3_lr0p01,results_v3_lr0p01,small_cnn,sgd,10,128,20000,0.01,0.9,0.0005,cuda,False,False,10,60,1473,0.07755210250616074
fixed_random,2,results_v3_lr0p01,results_v3_lr0p01,small_cnn,sgd,10,128,20000,0.01,0.9,0.0005,cuda,False,False,10,61,1474,-0.043099693953990936
fixed_random,2,results_v3_lr0p01,results_v3_lr0p01,small_cnn,sgd,10,128,20000,0.01,0.9,0.0005,cuda,False,False,10,62,1475,-0.15544737875461578
fixed_random,2,results_v3_lr0p01,results_v3_lr0p01,small_cnn,sgd,10,128,20000,0.01,0.9,0.0005,cuda,False,False,10,63,1476,0.11409583687782288
fixed_random,2,results_v3_lr0p01,results_v3_lr0p01,small_cnn,sgd,10,128,20000,0.01,0.9,0.0005,cuda,False,False,10,64,1477,-0.31765058636665344
fixed_random,2,results_v3_lr0p01,results_v3_lr0p01,small_cnn,sgd,10,128,20000,0.01,0.9,0.0005,cuda,False,False,10,65,1478,0.13094764947891235
fixed_random,2,results_v3_lr0p01,results_v3_lr0p01,small_cnn,sgd,10,128,20000,0.01,0.9,0.0005,cuda,False,False,10,66,1479,0.335456520318985
fixed_random,2,results_v3_lr0p01,results_v3_lr0p01,small_cnn,sgd,10,128,20000,0.01,0.9,0.0005,cuda,False,False,10,67,1480,0.11385445296764374
fixed_random,2,results_v3_lr0p01,results_v3_lr0p01,small_cnn,sgd,10,128,20000,0.01,0.9,0.0005,cuda,False,False,10,68,1481,0.4880233705043793
fixed_random,2,results_v3_lr0p01,results_v3_lr0p01,small_cnn,sgd,10,128,20000,0.01,0.9,0.0005,cuda,False,False,10,69,1482,-0.034841299057006836
fixed_random,2,results_v3_lr0p01,results_v3_lr0p01,small_cnn,sgd,10,128,20000,0.01,0.9,0.0005,cuda,False,False,10,70,1483,-0.028017960488796234
fixed_random,2,results_v3_lr0p01,results_v3_lr0p01,small_cnn,sgd,10,128,20000,0.01,0.9,0.0005,cuda,False,False,10,71,1484,-0.21028319001197815
fixed_random,2,results_v3_lr0p01,results_v3_lr0p01,small_cnn,sgd,10,128,20000,0.01,0.9,0.0005,cuda,False,False,10,72,1485,0.20478495955467224
fixed_random,2,results_v3_lr0p01,results_v3_lr0p01,small_cnn,sgd,10,128,20000,0.01,0.9,0.0005,cuda,False,False,10,73,1486,-0.3273860812187195
fixed_random,2,results_v3_lr0p01,results_v3_lr0p01,small_cnn,sgd,10,128,20000,0.01,0.9,0.0005,cuda,False,False,10,74,1487,-0.03314089775085449
fixed_random,2,results_v3_lr0p01,results_v3_lr0p01,small_cnn,sgd,10,128,20000,0.01,0.9,0.0005,cuda,False,False,10,75,1488,0.26198500394821167
fixed_random,2,results_v3_lr0p01,results_v3_lr0p01,small_cnn,sgd,10,128,20000,0.01,0.9,0.0005,cuda,False,False,10,76,1489,0.590438723564148
fixed_random,2,results_v3_lr0p01,results_v3_lr0p01,small_cnn,sgd,10,128,20000,0.01,0.9,0.0005,cuda,False,False,10,77,1490,0.08969200402498245
fixed_random,2,results_v3_lr0p01,results_v3_lr0p01,small_cnn,sgd,10,128,20000,0.01,0.9,0.0005,cuda,False,False,10,78,1491,0.6160184144973755
fixed_random,2,results_v3_lr0p01,results_v3_lr0p01,small_cnn,sgd,10,128,20000,0.01,0.9,0.0005,cuda,False,False,10,79,1492,0.4914757013320923
fixed_random,2,results_v3_lr0p01,results_v3_lr0p01,small_cnn,sgd,10,128,20000,0.01,0.9,0.0005,cuda,False,False,10,80,1493,0.5841755867004395
fixed_random,2,results_v3_lr0p01,results_v3_lr0p01,small_cnn,sgd,10,128,20000,0.01,0.9,0.0005,cuda,False,False,10,81,1494,0.40293145179748535
fixed_random,2,results_v3_lr0p01,results_v3_lr0p01,small_cnn,sgd,10,128,20000,0.01,0.9,0.0005,cuda,False,False,10,82,1495,0.48690053820610046
fixed_random,2,results_v3_lr0p01,results_v3_lr0p01,small_cnn,sgd,10,128,20000,0.01,0.9,0.0005,cuda,False,False,10,83,1496,0.22797641158103943
fixed_random,2,results_v3_lr0p01,results_v3_lr0p01,small_cnn,sgd,10,128,20000,0.01,0.9,0.0005,cuda,False,False,10,84,1497,-0.18902529776096344
fixed_random,2,results_v3_lr0p01,results_v3_lr0p01,small_cnn,sgd,10,128,20000,0.01,0.9,0.0005,cuda,False,False,10,85,1498,0.4784404933452606
fixed_random,2,results_v3_lr0p01,results_v3_lr0p01,small_cnn,sgd,10,128,20000,0.01,0.9,0.0005,cuda,False,False,10,86,1499,0.24947522580623627
fixed_random,2,results_v3_lr0p01,results_v3_lr0p01,small_cnn,sgd,10,128,20000,0.01,0.9,0.0005,cuda,False,False,10,87,1500,0.5403772592544556
fixed_random,2,results_v3_lr0p01,results_v3_lr0p01,small_cnn,sgd,10,128,20000,0.01,0.9,0.0005,cuda,False,False,10,88,1501,0.28656822443008423
fixed_random,2,results_v3_lr0p01,results_v3_lr0p01,small_cnn,sgd,10,128,20000,0.01,0.9,0.0005,cuda,False,False,10,89,1502,-0.15935763716697693
fixed_random,2,results_v3_lr0p01,results_v3_lr0p01,small_cnn,sgd,10,128,20000,0.01,0.9,0.0005,cuda,False,False,10,90,1503,-0.006465602666139603
fixed_random,2,results_v3_lr0p01,results_v3_lr0p01,small_cnn,sgd,10,128,20000,0.01,0.9,0.0005,cuda,False,False,10,91,1504,0.41200804710388184
fixed_random,2,results_v3_lr0p01,results_v3_lr0p01,small_cnn,sgd,10,128,20000,0.01,0.9,0.0005,cuda,False,False,10,92,1505,0.2993704080581665
fixed_random,2,results_v3_lr0p01,results_v3_lr0p01,small_cnn,sgd,10,128,20000,0.01,0.9,0.0005,cuda,False,False,10,93,1506,0.07526610046625137
fixed_random,2,results_v3_lr0p01,results_v3_lr0p01,small_cnn,sgd,10,128,20000,0.01,0.9,0.0005,cuda,False,False,10,94,1507,0.2014356255531311
fixed_random,2,results_v3_lr0p01,results_v3_lr0p01,small_cnn,sgd,10,128,20000,0.01,0.9,0.0005,cuda,False,False,10,95,1508,0.2244291454553604
fixed_random,2,results_v3_lr0p01,results_v3_lr0p01,small_cnn,sgd,10,128,20000,0.01,0.9,0.0005,cuda,False,False,10,96,1509,0.5665829181671143
fixed_random,2,results_v3_lr0p01,results_v3_lr0p01,small_cnn,sgd,10,128,20000,0.01,0.9,0.0005,cuda,False,False,10,97,1510,0.20383518934249878
fixed_random,2,results_v3_lr0p01,results_v3_lr0p01,small_cnn,sgd,10,128,20000,0.01,0.9,0.0005,cuda,False,False,10,98,1511,0.1377188265323639
fixed_random,2,results_v3_lr0p01,results_v3_lr0p01,small_cnn,sgd,10,128,20000,0.01,0.9,0.0005,cuda,False,False,10,99,1512,0.29158711433410645
fixed_random,2,results_v3_lr0p01,results_v3_lr0p01,small_cnn,sgd,10,128,20000,0.01,0.9,0.0005,cuda,False,False,10,100,1513,0.07355017215013504
fixed_random,2,results_v3_lr0p01,results_v3_lr0p01,small_cnn,sgd,10,128,20000,0.01,0.9,0.0005,cuda,False,False,10,101,1514,-0.03381397947669029
fixed_random,2,results_v3_lr0p01,results_v3_lr0p01,small_cnn,sgd,10,128,20000,0.01,0.9,0.0005,cuda,False,False,10,102,1515,0.47566360235214233
fixed_random,2,results_v3_lr0p01,results_v3_lr0p01,small_cnn,sgd,10,128,20000,0.01,0.9,0.0005,cuda,False,False,10,103,1516,0.7961272597312927
fixed_random,2,results_v3_lr0p01,results_v3_lr0p01,small_cnn,sgd,10,128,20000,0.01,0.9,0.0005,cuda,False,False,10,104,1517,-0.36191147565841675
fixed_random,2,results_v3_lr0p01,results_v3_lr0p01,small_cnn,sgd,10,128,20000,0.01,0.9,0.0005,cuda,False,False,10,105,1518,0.026101846247911453
fixed_random,2,results_v3_lr0p01,results_v3_lr0p01,small_cnn,sgd,10,128,20000,0.01,0.9,0.0005,cuda,False,False,10,106,1519,0.23926927149295807
fixed_random,2,results_v3_lr0p01,results_v3_lr0p01,small_cnn,sgd,10,128,20000,0.01,0.9,0.0005,cuda,False,False,10,107,1520,0.6418293714523315
fixed_random,2,results_v3_lr0p01,results_v3_lr0p01,small_cnn,sgd,10,128,20000,0.01,0.9,0.0005,cuda,False,False,10,108,1521,0.27391356229782104
fixed_random,2,results_v3_lr0p01,results_v3_lr0p01,small_cnn,sgd,10,128,20000,0.01,0.9,0.0005,cuda,False,False,10,109,1522,0.3070997893810272
fixed_random,2,results_v3_lr0p01,results_v3_lr0p01,small_cnn,sgd,10,128,20000,0.01,0.9,0.0005,cuda,False,False,10,110,1523,0.06522118300199509
fixed_random,2,results_v3_lr0p01,results_v3_lr0p01,small_cnn,sgd,10,128,20000,0.01,0.9,0.0005,cuda,False,False,10,111,1524,0.09069167077541351
fixed_random,2,results_v3_lr0p01,results_v3_lr0p01,small_cnn,sgd,10,128,20000,0.01,0.9,0.0005,cuda,False,False,10,112,1525,0.39881518483161926
fixed_random,2,results_v3_lr0p01,results_v3_lr0p01,small_cnn,sgd,10,128,20000,0.01,0.9,0.0005,cuda,False,False,10,113,1526,0.4878019392490387
fixed_random,2,results_v3_lr0p01,results_v3_lr0p01,small_cnn,sgd,10,128,20000,0.01,0.9,0.0005,cuda,False,False,10,114,1527,0.2945976257324219
fixed_random,2,results_v3_lr0p01,results_v3_lr0p01,small_cnn,sgd,10,128,20000,0.01,0.9,0.0005,cuda,False,False,10,115,1528,0.415350079536438
fixed_random,2,results_v3_lr0p01,results_v3_lr0p01,small_cnn,sgd,10,128,20000,0.01,0.9,0.0005,cuda,False,False,10,116,1529,-0.06801361590623856
fixed_random,2,results_v3_lr0p01,results_v3_lr0p01,small_cnn,sgd,10,128,20000,0.01,0.9,0.0005,cuda,False,False,10,117,1530,0.4055030047893524
fixed_random,2,results_v3_lr0p01,results_v3_lr0p01,small_cnn,sgd,10,128,20000,0.01,0.9,0.0005,cuda,False,False,10,118,1531,0.23204723000526428
fixed_random,2,results_v3_lr0p01,results_v3_lr0p01,small_cnn,sgd,10,128,20000,0.01,0.9,0.0005,cuda,False,False,10,119,1532,-0.08185581862926483
fixed_random,2,results_v3_lr0p01,results_v3_lr0p01,small_cnn,sgd,10,128,20000,0.01,0.9,0.0005,cuda,False,False,10,120,1533,-0.011446995660662651
fixed_random,2,results_v3_lr0p01,results_v3_lr0p01,small_cnn,sgd,10,128,20000,0.01,0.9,0.0005,cuda,False,False,10,121,1534,-0.27068930864334106
fixed_random,2,results_v3_lr0p01,results_v3_lr0p01,small_cnn,sgd,10,128,20000,0.01,0.9,0.0005,cuda,False,False,10,122,1535,0.2181541621685028
fixed_random,2,results_v3_lr0p01,results_v3_lr0p01,small_cnn,sgd,10,128,20000,0.01,0.9,0.0005,cuda,False,False,10,123,1536,0.1566961109638214
fixed_random,2,results_v3_lr0p01,results_v3_lr0p01,small_cnn,sgd,10,128,20000,0.01,0.9,0.0005,cuda,False,False,10,124,1537,0.6303305625915527
fixed_random,2,results_v3_lr0p01,results_v3_lr0p01,small_cnn,sgd,10,128,20000,0.01,0.9,0.0005,cuda,False,False,10,125,1538,-0.03996534273028374
fixed_random,2,results_v3_lr0p01,results_v3_lr0p01,small_cnn,sgd,10,128,20000,0.01,0.9,0.0005,cuda,False,False,10,126,1539,0.15223251283168793
fixed_random,2,results_v3_lr0p01,results_v3_lr0p01,small_cnn,sgd,10,128,20000,0.01,0.9,0.0005,cuda,False,False,10,127,1540,0.2708229720592499
fixed_random,2,results_v3_lr0p01,results_v3_lr0p01,small_cnn,sgd,10,128,20000,0.01,0.9,0.0005,cuda,False,False,10,128,1541,0.7420800924301147
fixed_random,2,results_v3_lr0p01,results_v3_lr0p01,small_cnn,sgd,10,128,20000,0.01,0.9,0.0005,cuda,False,False,10,129,1542,0.6157376766204834
fixed_random,2,results_v3_lr0p01,results_v3_lr0p01,small_cnn,sgd,10,128,20000,0.01,0.9,0.0005,cuda,False,False,10,130,1543,0.4403274953365326
fixed_random,2,results_v3_lr0p01,results_v3_lr0p01,small_cnn,sgd,10,128,20000,0.01,0.9,0.0005,cuda,False,False,10,131,1544,0.15402790904045105
fixed_random,2,results_v3_lr0p01,results_v3_lr0p01,small_cnn,sgd,10,128,20000,0.01,0.9,0.0005,cuda,False,False,10,132,1545,0.38144227862358093
fixed_random,2,results_v3_lr0p01,results_v3_lr0p01,small_cnn,sgd,10,128,20000,0.01,0.9,0.0005,cuda,False,False,10,133,1546,0.6565796136856079
fixed_random,2,results_v3_lr0p01,results_v3_lr0p01,small_cnn,sgd,10,128,20000,0.01,0.9,0.0005,cuda,False,False,10,134,1547,0.5637148022651672
fixed_random,2,results_v3_lr0p01,results_v3_lr0p01,small_cnn,sgd,10,128,20000,0.01,0.9,0.0005,cuda,False,False,10,135,1548,-0.010157603770494461
fixed_random,2,results_v3_lr0p01,results_v3_lr0p01,small_cnn,sgd,10,128,20000,0.01,0.9,0.0005,cuda,False,False,10,136,1549,0.28229713439941406
fixed_random,2,results_v3_lr0p01,results_v3_lr0p01,small_cnn,sgd,10,128,20000,0.01,0.9,0.0005,cuda,False,False,10,137,1550,0.07769258320331573
fixed_random,2,results_v3_lr0p01,results_v3_lr0p01,small_cnn,sgd,10,128,20000,0.01,0.9,0.0005,cuda,False,False,10,138,1551,0.6452270746231079
fixed_random,2,results_v3_lr0p01,results_v3_lr0p01,small_cnn,sgd,10,128,20000,0.01,0.9,0.0005,cuda,False,False,10,139,1552,0.2304806411266327
fixed_random,2,results_v3_lr0p01,results_v3_lr0p01,small_cnn,sgd,10,128,20000,0.01,0.9,0.0005,cuda,False,False,10,140,1553,0.4866951107978821
fixed_random,2,results_v3_lr0p01,results_v3_lr0p01,small_cnn,sgd,10,128,20000,0.01,0.9,0.0005,cuda,False,False,10,141,1554,0.43052881956100464
fixed_random,2,results_v3_lr0p01,results_v3_lr0p01,small_cnn,sgd,10,128,20000,0.01,0.9,0.0005,cuda,False,False,10,142,1555,0.33265379071235657
fixed_random,2,results_v3_lr0p01,results_v3_lr0p01,small_cnn,sgd,10,128,20000,0.01,0.9,0.0005,cuda,False,False,10,143,1556,0.38905566930770874
fixed_random,2,results_v3_lr0p01,results_v3_lr0p01,small_cnn,sgd,10,128,20000,0.01,0.9,0.0005,cuda,False,False,10,144,1557,0.2952410578727722
fixed_random,2,results_v3_lr0p01,results_v3_lr0p01,small_cnn,sgd,10,128,20000,0.01,0.9,0.0005,cuda,False,False,10,145,1558,0.415068119764328
fixed_random,2,results_v3_lr0p01,results_v3_lr0p01,small_cnn,sgd,10,128,20000,0.01,0.9,0.0005,cuda,False,False,10,146,1559,0.3602807819843292
fixed_random,2,results_v3_lr0p01,results_v3_lr0p01,small_cnn,sgd,10,128,20000,0.01,0.9,0.0005,cuda,False,False,10,147,1560,0.17281514406204224
fixed_random,2,results_v3_lr0p01,results_v3_lr0p01,small_cnn,sgd,10,128,20000,0.01,0.9,0.0005,cuda,False,False,10,148,1561,-0.11175975203514099
fixed_random,2,results_v3_lr0p01,results_v3_lr0p01,small_cnn,sgd,10,128,20000,0.01,0.9,0.0005,cuda,False,False,10,149,1562,0.17592838406562805
fixed_random,2,results_v3_lr0p01,results_v3_lr0p01,small_cnn,sgd,10,128,20000,0.01,0.9,0.0005,cuda,False,False,10,150,1563,0.230148583650589
fixed_random,2,results_v3_lr0p01,results_v3_lr0p01,small_cnn,sgd,10,128,20000,0.01,0.9,0.0005,cuda,False,False,10,151,1564,0.09123222529888153
fixed_random,2,results_v3_lr0p01,results_v3_lr0p01,small_cnn,sgd,10,128,20000,0.01,0.9,0.0005,cuda,False,False,10,152,1565,0.4705091714859009
fixed_random,2,results_v3_lr0p01,results_v3_lr0p01,small_cnn,sgd,10,128,20000,0.01,0.9,0.0005,cuda,False,False,10,153,1566,0.05273057520389557
fixed_random,2,results_v3_lr0p01,results_v3_lr0p01,small_cnn,sgd,10,128,20000,0.01,0.9,0.0005,cuda,False,False,10,154,1567,0.09415742009878159
fixed_random,2,results_v3_lr0p01,results_v3_lr0p01,small_cnn,sgd,10,128,20000,0.01,0.9,0.0005,cuda,False,False,10,155,1568,0.3254939317703247
fixed_random,2,results_v3_lr0p01,results_v3_lr0p01,small_cnn,sgd,10,128,20000,0.01,0.9,0.0005,cuda,False,False,10,156,1569,0.49608317017555237
fixed_random,2,results_v3_lr0p01,results_v3_lr0p01,small_cnn,sgd,10,128,20000,0.01,0.9,0.0005,cuda,False,False,10,157,1570,0.24431070685386658
