order_mode,seed,experiment_name,output_dir,model,optimizer,epochs,batch_size,max_train_examples,learning_rate,momentum,weight_decay,device,deterministic,save_embeddings,epoch,batch_index,global_step,cosine_similarity
random,1,results_v3_lr0p01,results_v3_lr0p01,small_cnn,sgd,10,128,20000,0.01,0.9,0.0005,cuda,False,False,1,1,1,
random,1,results_v3_lr0p01,results_v3_lr0p01,small_cnn,sgd,10,128,20000,0.01,0.9,0.0005,cuda,False,False,1,2,2,0.7885756492614746
random,1,results_v3_lr0p01,results_v3_lr0p01,small_cnn,sgd,10,128,20000,0.01,0.9,0.0005,cuda,False,False,1,3,3,0.445162832736969
random,1,results_v3_lr0p01,results_v3_lr0p01,small_cnn,sgd,10,128,20000,0.01,0.9,0.0005,cuda,False,False,1,4,4,0.6440566778182983
random,1,results_v3_lr0p01,results_v3_lr0p01,small_cnn,sgd,10,128,20000,0.01,0.9,0.0005,cuda,False,False,1,5,5,0.3719603419303894
random,1,results_v3_lr0p01,results_v3_lr0p01,small_cnn,sgd,10,128,20000,0.01,0.9,0.0005,cuda,False,False,1,6,6,0.5828503370285034
random,1,results_v3_lr0p01,results_v3_lr0p01,small_cnn,sgd,10,128,20000,0.01,0.9,0.0005,cuda,False,False,1,7,7,0.5981928706169128
random,1,results_v3_lr0p01,results_v3_lr0p01,small_cnn,sgd,10,128,20000,0.01,0.9,0.0005,cuda,False,False,1,8,8,0.6094763875007629
random,1,results_v3_lr0p01,results_v3_lr0p01,small_cnn,sgd,10,128,20000,0.01,0.9,0.0005,cuda,False,False,1,9,9,0.4297861158847809
random,1,results_v3_lr0p01,results_v3_lr0p01,small_cnn,sgd,10,128,20000,0.01,0.9,0.0005,cuda,False,False,1,10,10,0.8105602264404297
random,1,results_v3_lr0p01,results_v3_lr0p01,small_cnn,sgd,10,128,20000,0.01,0.9,0.0005,cuda,False,False,1,11,11,0.6393117904663086
random,1,results_v3_lr0p01,results_v3_lr0p01,small_cnn,sgd,10,128,20000,0.01,0.9,0.0005,cuda,False,False,1,12,12,0.6568425297737122
random,1,results_v3_lr0p01,results_v3_lr0p01,small_cnn,sgd,10,128,20000,0.01,0.9,0.0005,cuda,False,False,1,13,13,0.5356212854385376
random,1,results_v3_lr0p01,results_v3_lr0p01,small_cnn,sgd,10,128,20000,0.01,0.9,0.0005,cuda,False,False,1,14,14,0.5881558656692505
random,1,results_v3_lr0p01,results_v3_lr0p01,small_cnn,sgd,10,128,20000,0.01,0.9,0.0005,cuda,False,False,1,15,15,0.588966429233551
random,1,results_v3_lr0p01,results_v3_lr0p01,small_cnn,sgd,10,128,20000,0.01,0.9,0.0005,cuda,False,False,1,16,16,0.5648291110992432
random,1,results_v3_lr0p01,results_v3_lr0p01,small_cnn,sgd,10,128,20000,0.01,0.9,0.0005,cuda,False,False,1,17,17,0.8368942737579346
random,1,results_v3_lr0p01,results_v3_lr0p01,small_cnn,sgd,10,128,20000,0.01,0.9,0.0005,cuda,False,False,1,18,18,0.7813901901245117
random,1,results_v3_lr0p01,results_v3_lr0p01,small_cnn,sgd,10,128,20000,0.01,0.9,0.0005,cuda,False,False,1,19,19,0.5272525548934937
random,1,results_v3_lr0p01,results_v3_lr0p01,small_cnn,sgd,10,128,20000,0.01,0.9,0.0005,cuda,False,False,1,20,20,0.45320820808410645
random,1,results_v3_lr0p01,results_v3_lr0p01,small_cnn,sgd,10,128,20000,0.01,0.9,0.0005,cuda,False,False,1,21,21,0.299410343170166
random,1,results_v3_lr0p01,results_v3_lr0p01,small_cnn,sgd,10,128,20000,0.01,0.9,0.0005,cuda,False,False,1,22,22,0.36064741015434265
random,1,results_v3_lr0p01,results_v3_lr0p01,small_cnn,sgd,10,128,20000,0.01,0.9,0.0005,cuda,False,False,1,23,23,0.668021559715271
random,1,results_v3_lr0p01,results_v3_lr0p01,small_cnn,sgd,10,128,20000,0.01,0.9,0.0005,cuda,False,False,1,24,24,0.23213517665863037
random,1,results_v3_lr0p01,results_v3_lr0p01,small_cnn,sgd,10,128,20000,0.01,0.9,0.0005,cuda,False,False,1,25,25,-0.13126510381698608
random,1,results_v3_lr0p01,results_v3_lr0p01,small_cnn,sgd,10,128,20000,0.01,0.9,0.0005,cuda,False,False,1,26,26,0.4227939248085022
random,1,results_v3_lr0p01,results_v3_lr0p01,small_cnn,sgd,10,128,20000,0.01,0.9,0.0005,cuda,False,False,1,27,27,0.03162584453821182
random,1,results_v3_lr0p01,results_v3_lr0p01,small_cnn,sgd,10,128,20000,0.01,0.9,0.0005,cuda,False,False,1,28,28,0.39354100823402405
random,1,results_v3_lr0p01,results_v3_lr0p01,small_cnn,sgd,10,128,20000,0.01,0.9,0.0005,cuda,False,False,1,29,29,-0.2772735357284546
random,1,results_v3_lr0p01,results_v3_lr0p01,small_cnn,sgd,10,128,20000,0.01,0.9,0.0005,cuda,False,False,1,30,30,0.0006934236735105515
random,1,results_v3_lr0p01,results_v3_lr0p01,small_cnn,sgd,10,128,20000,0.01,0.9,0.0005,cuda,False,False,1,31,31,-0.027592524886131287
random,1,results_v3_lr0p01,results_v3_lr0p01,small_cnn,sgd,10,128,20000,0.01,0.9,0.0005,cuda,False,False,1,32,32,-0.25629866123199463
random,1,results_v3_lr0p01,results_v3_lr0p01,small_cnn,sgd,10,128,20000,0.01,0.9,0.0005,cuda,False,False,1,33,33,0.5871451497077942
random,1,results_v3_lr0p01,results_v3_lr0p01,small_cnn,sgd,10,128,20000,0.01,0.9,0.0005,cuda,False,False,1,34,34,-0.019970078021287918
random,1,results_v3_lr0p01,results_v3_lr0p01,small_cnn,sgd,10,128,20000,0.01,0.9,0.0005,cuda,False,False,1,35,35,-0.1228766143321991
random,1,results_v3_lr0p01,results_v3_lr0p01,small_cnn,sgd,10,128,20000,0.01,0.9,0.0005,cuda,False,False,1,36,36,-0.3745661973953247
random,1,results_v3_lr0p01,results_v3_lr0p01,small_cnn,sgd,10,128,20000,0.01,0.9,0.0005,cuda,False,False,1,37,37,0.665530800819397
random,1,results_v3_lr0p01,results_v3_lr0p01,small_cnn,sgd,10,128,20000,0.01,0.9,0.0005,cuda,False,False,1,38,38,-0.620151698589325
random,1,results_v3_lr0p01,results_v3_lr0p01,small_cnn,sgd,10,128,20000,0.01,0.9,0.0005,cuda,False,False,1,39,39,-0.2723536491394043
random,1,results_v3_lr0p01,results_v3_lr0p01,small_cnn,sgd,10,128,20000,0.01,0.9,0.0005,cuda,False,False,1,40,40,0.550775945186615
random,1,results_v3_lr0p01,results_v3_lr0p01,small_cnn,sgd,10,128,20000,0.01,0.9,0.0005,cuda,False,False,1,41,41,0.16172192990779877
random,1,results_v3_lr0p01,results_v3_lr0p01,small_cnn,sgd,10,128,20000,0.01,0.9,0.0005,cuda,False,False,1,42,42,0.054750461131334305
random,1,results_v3_lr0p01,results_v3_lr0p01,small_cnn,sgd,10,128,20000,0.01,0.9,0.0005,cuda,False,False,1,43,43,0.47323524951934814
random,1,results_v3_lr0p01,results_v3_lr0p01,small_cnn,sgd,10,128,20000,0.01,0.9,0.0005,cuda,False,False,1,44,44,-0.24088232219219208
random,1,results_v3_lr0p01,results_v3_lr0p01,small_cnn,sgd,10,128,20000,0.01,0.9,0.0005,cuda,False,False,1,45,45,0.22652047872543335
random,1,results_v3_lr0p01,results_v3_lr0p01,small_cnn,sgd,10,128,20000,0.01,0.9,0.0005,cuda,False,False,1,46,46,0.5126523375511169
random,1,results_v3_lr0p01,results_v3_lr0p01,small_cnn,sgd,10,128,20000,0.01,0.9,0.0005,cuda,False,False,1,47,47,-0.1752721220254898
random,1,results_v3_lr0p01,results_v3_lr0p01,small_cnn,sgd,10,128,20000,0.01,0.9,0.0005,cuda,False,False,1,48,48,0.6117154359817505
random,1,results_v3_lr0p01,results_v3_lr0p01,small_cnn,sgd,10,128,20000,0.01,0.9,0.0005,cuda,False,False,1,49,49,0.4105738401412964
random,1,results_v3_lr0p01,results_v3_lr0p01,small_cnn,sgd,10,128,20000,0.01,0.9,0.0005,cuda,False,False,1,50,50,0.4304713010787964
random,1,results_v3_lr0p01,results_v3_lr0p01,small_cnn,sgd,10,128,20000,0.01,0.9,0.0005,cuda,False,False,1,51,51,0.6033763885498047
random,1,results_v3_lr0p01,results_v3_lr0p01,small_cnn,sgd,10,128,20000,0.01,0.9,0.0005,cuda,False,False,1,52,52,0.5112854242324829
random,1,results_v3_lr0p01,results_v3_lr0p01,small_cnn,sgd,10,128,20000,0.01,0.9,0.0005,cuda,False,False,1,53,53,-0.023473501205444336
random,1,results_v3_lr0p01,results_v3_lr0p01,small_cnn,sgd,10,128,20000,0.01,0.9,0.0005,cuda,False,False,1,54,54,0.7894957065582275
random,1,results_v3_lr0p01,results_v3_lr0p01,small_cnn,sgd,10,128,20000,0.01,0.9,0.0005,cuda,False,False,1,55,55,0.25595566630363464
random,1,results_v3_lr0p01,results_v3_lr0p01,small_cnn,sgd,10,128,20000,0.01,0.9,0.0005,cuda,False,False,1,56,56,0.6234863996505737
random,1,results_v3_lr0p01,results_v3_lr0p01,small_cnn,sgd,10,128,20000,0.01,0.9,0.0005,cuda,False,False,1,57,57,0.19725453853607178
random,1,results_v3_lr0p01,results_v3_lr0p01,small_cnn,sgd,10,128,20000,0.01,0.9,0.0005,cuda,False,False,1,58,58,0.15749768912792206
random,1,results_v3_lr0p01,results_v3_lr0p01,small_cnn,sgd,10,128,20000,0.01,0.9,0.0005,cuda,False,False,1,59,59,0.30725613236427307
random,1,results_v3_lr0p01,results_v3_lr0p01,small_cnn,sgd,10,128,20000,0.01,0.9,0.0005,cuda,False,False,1,60,60,0.8227553963661194
random,1,results_v3_lr0p01,results_v3_lr0p01,small_cnn,sgd,10,128,20000,0.01,0.9,0.0005,cuda,False,False,1,61,61,-0.17218750715255737
random,1,results_v3_lr0p01,results_v3_lr0p01,small_cnn,sgd,10,128,20000,0.01,0.9,0.0005,cuda,False,False,1,62,62,-0.03589677810668945
random,1,results_v3_lr0p01,results_v3_lr0p01,small_cnn,sgd,10,128,20000,0.01,0.9,0.0005,cuda,False,False,1,63,63,0.5406509637832642
random,1,results_v3_lr0p01,results_v3_lr0p01,small_cnn,sgd,10,128,20000,0.01,0.9,0.0005,cuda,False,False,1,64,64,0.33643558621406555
random,1,results_v3_lr0p01,results_v3_lr0p01,small_cnn,sgd,10,128,20000,0.01,0.9,0.0005,cuda,False,False,1,65,65,0.07654259353876114
random,1,results_v3_lr0p01,results_v3_lr0p01,small_cnn,sgd,10,128,20000,0.01,0.9,0.0005,cuda,False,False,1,66,66,0.5473775863647461
random,1,results_v3_lr0p01,results_v3_lr0p01,small_cnn,sgd,10,128,20000,0.01,0.9,0.0005,cuda,False,False,1,67,67,0.5699169635772705
random,1,results_v3_lr0p01,results_v3_lr0p01,small_cnn,sgd,10,128,20000,0.01,0.9,0.0005,cuda,False,False,1,68,68,0.37437599897384644
random,1,results_v3_lr0p01,results_v3_lr0p01,small_cnn,sgd,10,128,20000,0.01,0.9,0.0005,cuda,False,False,1,69,69,0.22636254131793976
random,1,results_v3_lr0p01,results_v3_lr0p01,small_cnn,sgd,10,128,20000,0.01,0.9,0.0005,cuda,False,False,1,70,70,0.5363275408744812
random,1,results_v3_lr0p01,results_v3_lr0p01,small_cnn,sgd,10,128,20000,0.01,0.9,0.0005,cuda,False,False,1,71,71,0.3499179780483246
random,1,results_v3_lr0p01,results_v3_lr0p01,small_cnn,sgd,10,128,20000,0.01,0.9,0.0005,cuda,False,False,1,72,72,0.42488476634025574
random,1,results_v3_lr0p01,results_v3_lr0p01,small_cnn,sgd,10,128,20000,0.01,0.9,0.0005,cuda,False,False,1,73,73,0.3151492476463318
random,1,results_v3_lr0p01,results_v3_lr0p01,small_cnn,sgd,10,128,20000,0.01,0.9,0.0005,cuda,False,False,1,74,74,0.4066736102104187
random,1,results_v3_lr0p01,results_v3_lr0p01,small_cnn,sgd,10,128,20000,0.01,0.9,0.0005,cuda,False,False,1,75,75,0.3276461362838745
random,1,results_v3_lr0p01,results_v3_lr0p01,small_cnn,sgd,10,128,20000,0.01,0.9,0.0005,cuda,False,False,1,76,76,0.3475426435470581
random,1,results_v3_lr0p01,results_v3_lr0p01,small_cnn,sgd,10,128,20000,0.01,0.9,0.0005,cuda,False,False,1,77,77,-0.06176728755235672
random,1,results_v3_lr0p01,results_v3_lr0p01,small_cnn,sgd,10,128,20000,0.01,0.9,0.0005,cuda,False,False,1,78,78,0.21956154704093933
random,1,results_v3_lr0p01,results_v3_lr0p01,small_cnn,sgd,10,128,20000,0.01,0.9,0.0005,cuda,False,False,1,79,79,0.017489101737737656
random,1,results_v3_lr0p01,results_v3_lr0p01,small_cnn,sgd,10,128,20000,0.01,0.9,0.0005,cuda,False,False,1,80,80,0.1742781102657318
random,1,results_v3_lr0p01,results_v3_lr0p01,small_cnn,sgd,10,128,20000,0.01,0.9,0.0005,cuda,False,False,1,81,81,0.5894150733947754
random,1,results_v3_lr0p01,results_v3_lr0p01,small_cnn,sgd,10,128,20000,0.01,0.9,0.0005,cuda,False,False,1,82,82,0.43817970156669617
random,1,results_v3_lr0p01,results_v3_lr0p01,small_cnn,sgd,10,128,20000,0.01,0.9,0.0005,cuda,False,False,1,83,83,0.0341988131403923
random,1,results_v3_lr0p01,results_v3_lr0p01,small_cnn,sgd,10,128,20000,0.01,0.9,0.0005,cuda,False,False,1,84,84,0.7668623924255371
random,1,results_v3_lr0p01,results_v3_lr0p01,small_cnn,sgd,10,128,20000,0.01,0.9,0.0005,cuda,False,False,1,85,85,0.24842414259910583
random,1,results_v3_lr0p01,results_v3_lr0p01,small_cnn,sgd,10,128,20000,0.01,0.9,0.0005,cuda,False,False,1,86,86,0.37126314640045166
random,1,results_v3_lr0p01,results_v3_lr0p01,small_cnn,sgd,10,128,20000,0.01,0.9,0.0005,cuda,False,False,1,87,87,0.6436697244644165
random,1,results_v3_lr0p01,results_v3_lr0p01,small_cnn,sgd,10,128,20000,0.01,0.9,0.0005,cuda,False,False,1,88,88,-0.49350470304489136
random,1,results_v3_lr0p01,results_v3_lr0p01,small_cnn,sgd,10,128,20000,0.01,0.9,0.0005,cuda,False,False,1,89,89,0.6872317790985107
random,1,results_v3_lr0p01,results_v3_lr0p01,small_cnn,sgd,10,128,20000,0.01,0.9,0.0005,cuda,False,False,1,90,90,0.8791552782058716
random,1,results_v3_lr0p01,results_v3_lr0p01,small_cnn,sgd,10,128,20000,0.01,0.9,0.0005,cuda,False,False,1,91,91,0.032517530024051666
random,1,results_v3_lr0p01,results_v3_lr0p01,small_cnn,sgd,10,128,20000,0.01,0.9,0.0005,cuda,False,False,1,92,92,0.7127134799957275
random,1,results_v3_lr0p01,results_v3_lr0p01,small_cnn,sgd,10,128,20000,0.01,0.9,0.0005,cuda,False,False,1,93,93,0.4741663932800293
random,1,results_v3_lr0p01,results_v3_lr0p01,small_cnn,sgd,10,128,20000,0.01,0.9,0.0005,cuda,False,False,1,94,94,0.6011900901794434
random,1,results_v3_lr0p01,results_v3_lr0p01,small_cnn,sgd,10,128,20000,0.01,0.9,0.0005,cuda,False,False,1,95,95,0.12503281235694885
random,1,results_v3_lr0p01,results_v3_lr0p01,small_cnn,sgd,10,128,20000,0.01,0.9,0.0005,cuda,False,False,1,96,96,0.49811631441116333
random,1,results_v3_lr0p01,results_v3_lr0p01,small_cnn,sgd,10,128,20000,0.01,0.9,0.0005,cuda,False,False,1,97,97,0.08481335639953613
random,1,results_v3_lr0p01,results_v3_lr0p01,small_cnn,sgd,10,128,20000,0.01,0.9,0.0005,cuda,False,False,1,98,98,-0.1051904559135437
random,1,results_v3_lr0p01,results_v3_lr0p01,small_cnn,sgd,10,128,20000,0.01,0.9,0.0005,cuda,False,False,1,99,99,0.13248202204704285
random,1,results_v3_lr0p01,results_v3_lr0p01,small_cnn,sgd,10,128,20000,0.01,0.9,0.0005,cuda,False,False,1,100,100,0.31717541813850403
random,1,results_v3_lr0p01,results_v3_lr0p01,small_cnn,sgd,10,128,20000,0.01,0.9,0.0005,cuda,False,False,1,101,101,0.5359048843383789
random,1,results_v3_lr0p01,results_v3_lr0p01,small_cnn,sgd,10,128,20000,0.01,0.9,0.0005,cuda,False,False,1,102,102,-0.30679959058761597
random,1,results_v3_lr0p01,results_v3_lr0p01,small_cnn,sgd,10,128,20000,0.01,0.9,0.0005,cuda,False,False,1,103,103,0.6293566226959229
random,1,results_v3_lr0p01,results_v3_lr0p01,small_cnn,sgd,10,128,20000,0.01,0.9,0.0005,cuda,False,False,1,104,104,0.7467539310455322
random,1,results_v3_lr0p01,results_v3_lr0p01,small_cnn,sgd,10,128,20000,0.01,0.9,0.0005,cuda,False,False,1,105,105,-0.29034629464149475
random,1,results_v3_lr0p01,results_v3_lr0p01,small_cnn,sgd,10,128,20000,0.01,0.9,0.0005,cuda,False,False,1,106,106,0.4938714802265167
random,1,results_v3_lr0p01,results_v3_lr0p01,small_cnn,sgd,10,128,20000,0.01,0.9,0.0005,cuda,False,False,1,107,107,0.6266332864761353
random,1,results_v3_lr0p01,results_v3_lr0p01,small_cnn,sgd,10,128,20000,0.01,0.9,0.0005,cuda,False,False,1,108,108,0.564519464969635
random,1,results_v3_lr0p01,results_v3_lr0p01,small_cnn,sgd,10,128,20000,0.01,0.9,0.0005,cuda,False,False,1,109,109,0.5096721649169922
random,1,results_v3_lr0p01,results_v3_lr0p01,small_cnn,sgd,10,128,20000,0.01,0.9,0.0005,cuda,False,False,1,110,110,-0.03926943242549896
random,1,results_v3_lr0p01,results_v3_lr0p01,small_cnn,sgd,10,128,20000,0.01,0.9,0.0005,cuda,False,False,1,111,111,0.7208821177482605
random,1,results_v3_lr0p01,results_v3_lr0p01,small_cnn,sgd,10,128,20000,0.01,0.9,0.0005,cuda,False,False,1,112,112,0.5881829261779785
random,1,results_v3_lr0p01,results_v3_lr0p01,small_cnn,sgd,10,128,20000,0.01,0.9,0.0005,cuda,False,False,1,113,113,-0.11929450184106827
random,1,results_v3_lr0p01,results_v3_lr0p01,small_cnn,sgd,10,128,20000,0.01,0.9,0.0005,cuda,False,False,1,114,114,0.7416744232177734
random,1,results_v3_lr0p01,results_v3_lr0p01,small_cnn,sgd,10,128,20000,0.01,0.9,0.0005,cuda,False,False,1,115,115,0.10912241786718369
random,1,results_v3_lr0p01,results_v3_lr0p01,small_cnn,sgd,10,128,20000,0.01,0.9,0.0005,cuda,False,False,1,116,116,0.42327994108200073
random,1,results_v3_lr0p01,results_v3_lr0p01,small_cnn,sgd,10,128,20000,0.01,0.9,0.0005,cuda,False,False,1,117,117,-0.02016282081604004
random,1,results_v3_lr0p01,results_v3_lr0p01,small_cnn,sgd,10,128,20000,0.01,0.9,0.0005,cuda,False,False,1,118,118,0.6548387408256531
random,1,results_v3_lr0p01,results_v3_lr0p01,small_cnn,sgd,10,128,20000,0.01,0.9,0.0005,cuda,False,False,1,119,119,0.5302194952964783
random,1,results_v3_lr0p01,results_v3_lr0p01,small_cnn,sgd,10,128,20000,0.01,0.9,0.0005,cuda,False,False,1,120,120,0.2668885886669159
random,1,results_v3_lr0p01,results_v3_lr0p01,small_cnn,sgd,10,128,20000,0.01,0.9,0.0005,cuda,False,False,1,121,121,0.35588258504867554
random,1,results_v3_lr0p01,results_v3_lr0p01,small_cnn,sgd,10,128,20000,0.01,0.9,0.0005,cuda,False,False,1,122,122,0.7692769169807434
random,1,results_v3_lr0p01,results_v3_lr0p01,small_cnn,sgd,10,128,20000,0.01,0.9,0.0005,cuda,False,False,1,123,123,0.26924970746040344
random,1,results_v3_lr0p01,results_v3_lr0p01,small_cnn,sgd,10,128,20000,0.01,0.9,0.0005,cuda,False,False,1,124,124,0.29389089345932007
random,1,results_v3_lr0p01,results_v3_lr0p01,small_cnn,sgd,10,128,20000,0.01,0.9,0.0005,cuda,False,False,1,125,125,0.49225425720214844
random,1,results_v3_lr0p01,results_v3_lr0p01,small_cnn,sgd,10,128,20000,0.01,0.9,0.0005,cuda,False,False,1,126,126,0.46449190378189087
random,1,results_v3_lr0p01,results_v3_lr0p01,small_cnn,sgd,10,128,20000,0.01,0.9,0.0005,cuda,False,False,1,127,127,0.620651125907898
random,1,results_v3_lr0p01,results_v3_lr0p01,small_cnn,sgd,10,128,20000,0.01,0.9,0.0005,cuda,False,False,1,128,128,0.14448173344135284
random,1,results_v3_lr0p01,results_v3_lr0p01,small_cnn,sgd,10,128,20000,0.01,0.9,0.0005,cuda,False,False,1,129,129,0.11181500554084778
random,1,results_v3_lr0p01,results_v3_lr0p01,small_cnn,sgd,10,128,20000,0.01,0.9,0.0005,cuda,False,False,1,130,130,0.3730631172657013
random,1,results_v3_lr0p01,results_v3_lr0p01,small_cnn,sgd,10,128,20000,0.01,0.9,0.0005,cuda,False,False,1,131,131,0.737697184085846
random,1,results_v3_lr0p01,results_v3_lr0p01,small_cnn,sgd,10,128,20000,0.01,0.9,0.0005,cuda,False,False,1,132,132,0.4301215410232544
random,1,results_v3_lr0p01,results_v3_lr0p01,small_cnn,sgd,10,128,20000,0.01,0.9,0.0005,cuda,False,False,1,133,133,0.12462127208709717
random,1,results_v3_lr0p01,results_v3_lr0p01,small_cnn,sgd,10,128,20000,0.01,0.9,0.0005,cuda,False,False,1,134,134,0.6614943146705627
random,1,results_v3_lr0p01,results_v3_lr0p01,small_cnn,sgd,10,128,20000,0.01,0.9,0.0005,cuda,False,False,1,135,135,0.8134737610816956
random,1,results_v3_lr0p01,results_v3_lr0p01,small_cnn,sgd,10,128,20000,0.01,0.9,0.0005,cuda,False,False,1,136,136,0.7276479601860046
random,1,results_v3_lr0p01,results_v3_lr0p01,small_cnn,sgd,10,128,20000,0.01,0.9,0.0005,cuda,False,False,1,137,137,-0.17209963500499725
random,1,results_v3_lr0p01,results_v3_lr0p01,small_cnn,sgd,10,128,20000,0.01,0.9,0.0005,cuda,False,False,1,138,138,0.6214388012886047
random,1,results_v3_lr0p01,results_v3_lr0p01,small_cnn,sgd,10,128,20000,0.01,0.9,0.0005,cuda,False,False,1,139,139,0.6656545400619507
random,1,results_v3_lr0p01,results_v3_lr0p01,small_cnn,sgd,10,128,20000,0.01,0.9,0.0005,cuda,False,False,1,140,140,0.361052542924881
random,1,results_v3_lr0p01,results_v3_lr0p01,small_cnn,sgd,10,128,20000,0.01,0.9,0.0005,cuda,False,False,1,141,141,0.5612668395042419
random,1,results_v3_lr0p01,results_v3_lr0p01,small_cnn,sgd,10,128,20000,0.01,0.9,0.0005,cuda,False,False,1,142,142,0.0008911043405532837
random,1,results_v3_lr0p01,results_v3_lr0p01,small_cnn,sgd,10,128,20000,0.01,0.9,0.0005,cuda,False,False,1,143,143,0.08516465127468109
random,1,results_v3_lr0p01,results_v3_lr0p01,small_cnn,sgd,10,128,20000,0.01,0.9,0.0005,cuda,False,False,1,144,144,0.29476457834243774
random,1,results_v3_lr0p01,results_v3_lr0p01,small_cnn,sgd,10,128,20000,0.01,0.9,0.0005,cuda,False,False,1,145,145,0.4894034266471863
random,1,results_v3_lr0p01,results_v3_lr0p01,small_cnn,sgd,10,128,20000,0.01,0.9,0.0005,cuda,False,False,1,146,146,0.1388579159975052
random,1,results_v3_lr0p01,results_v3_lr0p01,small_cnn,sgd,10,128,20000,0.01,0.9,0.0005,cuda,False,False,1,147,147,0.4616227149963379
random,1,results_v3_lr0p01,results_v3_lr0p01,small_cnn,sgd,10,128,20000,0.01,0.9,0.0005,cuda,False,False,1,148,148,0.5394724607467651
random,1,results_v3_lr0p01,results_v3_lr0p01,small_cnn,sgd,10,128,20000,0.01,0.9,0.0005,cuda,False,False,1,149,149,0.19819329679012299
random,1,results_v3_lr0p01,results_v3_lr0p01,small_cnn,sgd,10,128,20000,0.01,0.9,0.0005,cuda,False,False,1,150,150,0.49943965673446655
random,1,results_v3_lr0p01,results_v3_lr0p01,small_cnn,sgd,10,128,20000,0.01,0.9,0.0005,cuda,False,False,1,151,151,0.04770196974277496
random,1,results_v3_lr0p01,results_v3_lr0p01,small_cnn,sgd,10,128,20000,0.01,0.9,0.0005,cuda,False,False,1,152,152,0.5241047739982605
random,1,results_v3_lr0p01,results_v3_lr0p01,small_cnn,sgd,10,128,20000,0.01,0.9,0.0005,cuda,False,False,1,153,153,0.41951608657836914
random,1,results_v3_lr0p01,results_v3_lr0p01,small_cnn,sgd,10,128,20000,0.01,0.9,0.0005,cuda,False,False,1,154,154,0.5752506852149963
random,1,results_v3_lr0p01,results_v3_lr0p01,small_cnn,sgd,10,128,20000,0.01,0.9,0.0005,cuda,False,False,1,155,155,0.33897048234939575
random,1,results_v3_lr0p01,results_v3_lr0p01,small_cnn,sgd,10,128,20000,0.01,0.9,0.0005,cuda,False,False,1,156,156,-0.18394067883491516
random,1,results_v3_lr0p01,results_v3_lr0p01,small_cnn,sgd,10,128,20000,0.01,0.9,0.0005,cuda,False,False,1,157,157,0.27744120359420776
random,1,results_v3_lr0p01,results_v3_lr0p01,small_cnn,sgd,10,128,20000,0.01,0.9,0.0005,cuda,False,False,2,1,158,0.13282860815525055
random,1,results_v3_lr0p01,results_v3_lr0p01,small_cnn,sgd,10,128,20000,0.01,0.9,0.0005,cuda,False,False,2,2,159,0.18234524130821228
random,1,results_v3_lr0p01,results_v3_lr0p01,small_cnn,sgd,10,128,20000,0.01,0.9,0.0005,cuda,False,False,2,3,160,0.774702250957489
random,1,results_v3_lr0p01,results_v3_lr0p01,small_cnn,sgd,10,128,20000,0.01,0.9,0.0005,cuda,False,False,2,4,161,0.5349846482276917
random,1,results_v3_lr0p01,results_v3_lr0p01,small_cnn,sgd,10,128,20000,0.01,0.9,0.0005,cuda,False,False,2,5,162,-0.1400931477546692
random,1,results_v3_lr0p01,results_v3_lr0p01,small_cnn,sgd,10,128,20000,0.01,0.9,0.0005,cuda,False,False,2,6,163,0.5928913950920105
random,1,results_v3_lr0p01,results_v3_lr0p01,small_cnn,sgd,10,128,20000,0.01,0.9,0.0005,cuda,False,False,2,7,164,0.6821367740631104
random,1,results_v3_lr0p01,results_v3_lr0p01,small_cnn,sgd,10,128,20000,0.01,0.9,0.0005,cuda,False,False,2,8,165,0.5871850252151489
random,1,results_v3_lr0p01,results_v3_lr0p01,small_cnn,sgd,10,128,20000,0.01,0.9,0.0005,cuda,False,False,2,9,166,0.2963862419128418
random,1,results_v3_lr0p01,results_v3_lr0p01,small_cnn,sgd,10,128,20000,0.01,0.9,0.0005,cuda,False,False,2,10,167,-0.543090283870697
random,1,results_v3_lr0p01,results_v3_lr0p01,small_cnn,sgd,10,128,20000,0.01,0.9,0.0005,cuda,False,False,2,11,168,0.7189421653747559
random,1,results_v3_lr0p01,results_v3_lr0p01,small_cnn,sgd,10,128,20000,0.01,0.9,0.0005,cuda,False,False,2,12,169,0.7909812927246094
random,1,results_v3_lr0p01,results_v3_lr0p01,small_cnn,sgd,10,128,20000,0.01,0.9,0.0005,cuda,False,False,2,13,170,0.5260444283485413
random,1,results_v3_lr0p01,results_v3_lr0p01,small_cnn,sgd,10,128,20000,0.01,0.9,0.0005,cuda,False,False,2,14,171,-0.09990531206130981
random,1,results_v3_lr0p01,results_v3_lr0p01,small_cnn,sgd,10,128,20000,0.01,0.9,0.0005,cuda,False,False,2,15,172,0.4162931740283966
random,1,results_v3_lr0p01,results_v3_lr0p01,small_cnn,sgd,10,128,20000,0.01,0.9,0.0005,cuda,False,False,2,16,173,0.6742994785308838
random,1,results_v3_lr0p01,results_v3_lr0p01,small_cnn,sgd,10,128,20000,0.01,0.9,0.0005,cuda,False,False,2,17,174,0.22917133569717407
random,1,results_v3_lr0p01,results_v3_lr0p01,small_cnn,sgd,10,128,20000,0.01,0.9,0.0005,cuda,False,False,2,18,175,0.34547361731529236
random,1,results_v3_lr0p01,results_v3_lr0p01,small_cnn,sgd,10,128,20000,0.01,0.9,0.0005,cuda,False,False,2,19,176,0.4131888747215271
random,1,results_v3_lr0p01,results_v3_lr0p01,small_cnn,sgd,10,128,20000,0.01,0.9,0.0005,cuda,False,False,2,20,177,0.7827506065368652
random,1,results_v3_lr0p01,results_v3_lr0p01,small_cnn,sgd,10,128,20000,0.01,0.9,0.0005,cuda,False,False,2,21,178,0.7238696813583374
random,1,results_v3_lr0p01,results_v3_lr0p01,small_cnn,sgd,10,128,20000,0.01,0.9,0.0005,cuda,False,False,2,22,179,0.30517545342445374
random,1,results_v3_lr0p01,results_v3_lr0p01,small_cnn,sgd,10,128,20000,0.01,0.9,0.0005,cuda,False,False,2,23,180,-0.24648091197013855
random,1,results_v3_lr0p01,results_v3_lr0p01,small_cnn,sgd,10,128,20000,0.01,0.9,0.0005,cuda,False,False,2,24,181,0.576210081577301
random,1,results_v3_lr0p01,results_v3_lr0p01,small_cnn,sgd,10,128,20000,0.01,0.9,0.0005,cuda,False,False,2,25,182,0.17032817006111145
random,1,results_v3_lr0p01,results_v3_lr0p01,small_cnn,sgd,10,128,20000,0.01,0.9,0.0005,cuda,False,False,2,26,183,0.44549256563186646
random,1,results_v3_lr0p01,results_v3_lr0p01,small_cnn,sgd,10,128,20000,0.01,0.9,0.0005,cuda,False,False,2,27,184,-0.34478896856307983
random,1,results_v3_lr0p01,results_v3_lr0p01,small_cnn,sgd,10,128,20000,0.01,0.9,0.0005,cuda,False,False,2,28,185,0.8107566237449646
random,1,results_v3_lr0p01,results_v3_lr0p01,small_cnn,sgd,10,128,20000,0.01,0.9,0.0005,cuda,False,False,2,29,186,0.45397067070007324
random,1,results_v3_lr0p01,results_v3_lr0p01,small_cnn,sgd,10,128,20000,0.01,0.9,0.0005,cuda,False,False,2,30,187,-0.6147836446762085
random,1,results_v3_lr0p01,results_v3_lr0p01,small_cnn,sgd,10,128,20000,0.01,0.9,0.0005,cuda,False,False,2,31,188,0.5880914330482483
random,1,results_v3_lr0p01,results_v3_lr0p01,small_cnn,sgd,10,128,20000,0.01,0.9,0.0005,cuda,False,False,2,32,189,0.702930212020874
random,1,results_v3_lr0p01,results_v3_lr0p01,small_cnn,sgd,10,128,20000,0.01,0.9,0.0005,cuda,False,False,2,33,190,-0.30399784445762634
random,1,results_v3_lr0p01,results_v3_lr0p01,small_cnn,sgd,10,128,20000,0.01,0.9,0.0005,cuda,False,False,2,34,191,0.3385867476463318
random,1,results_v3_lr0p01,results_v3_lr0p01,small_cnn,sgd,10,128,20000,0.01,0.9,0.0005,cuda,False,False,2,35,192,0.3952251672744751
random,1,results_v3_lr0p01,results_v3_lr0p01,small_cnn,sgd,10,128,20000,0.01,0.9,0.0005,cuda,False,False,2,36,193,0.41532671451568604
random,1,results_v3_lr0p01,results_v3_lr0p01,small_cnn,sgd,10,128,20000,0.01,0.9,0.0005,cuda,False,False,2,37,194,0.11647830903530121
random,1,results_v3_lr0p01,results_v3_lr0p01,small_cnn,sgd,10,128,20000,0.01,0.9,0.0005,cuda,False,False,2,38,195,0.144577756524086
random,1,results_v3_lr0p01,results_v3_lr0p01,small_cnn,sgd,10,128,20000,0.01,0.9,0.0005,cuda,False,False,2,39,196,0.266971617937088
random,1,results_v3_lr0p01,results_v3_lr0p01,small_cnn,sgd,10,128,20000,0.01,0.9,0.0005,cuda,False,False,2,40,197,0.16987201571464539
random,1,results_v3_lr0p01,results_v3_lr0p01,small_cnn,sgd,10,128,20000,0.01,0.9,0.0005,cuda,False,False,2,41,198,0.10746066272258759
random,1,results_v3_lr0p01,results_v3_lr0p01,small_cnn,sgd,10,128,20000,0.01,0.9,0.0005,cuda,False,False,2,42,199,0.5078306198120117
random,1,results_v3_lr0p01,results_v3_lr0p01,small_cnn,sgd,10,128,20000,0.01,0.9,0.0005,cuda,False,False,2,43,200,0.3193129301071167
random,1,results_v3_lr0p01,results_v3_lr0p01,small_cnn,sgd,10,128,20000,0.01,0.9,0.0005,cuda,False,False,2,44,201,0.20110666751861572
random,1,results_v3_lr0p01,results_v3_lr0p01,small_cnn,sgd,10,128,20000,0.01,0.9,0.0005,cuda,False,False,2,45,202,0.06329157948493958
random,1,results_v3_lr0p01,results_v3_lr0p01,small_cnn,sgd,10,128,20000,0.01,0.9,0.0005,cuda,False,False,2,46,203,-0.14335685968399048
random,1,results_v3_lr0p01,results_v3_lr0p01,small_cnn,sgd,10,128,20000,0.01,0.9,0.0005,cuda,False,False,2,47,204,0.4231458902359009
random,1,results_v3_lr0p01,results_v3_lr0p01,small_cnn,sgd,10,128,20000,0.01,0.9,0.0005,cuda,False,False,2,48,205,0.5276560187339783
random,1,results_v3_lr0p01,results_v3_lr0p01,small_cnn,sgd,10,128,20000,0.01,0.9,0.0005,cuda,False,False,2,49,206,0.2761635184288025
random,1,results_v3_lr0p01,results_v3_lr0p01,small_cnn,sgd,10,128,20000,0.01,0.9,0.0005,cuda,False,False,2,50,207,-0.10135844349861145
random,1,results_v3_lr0p01,results_v3_lr0p01,small_cnn,sgd,10,128,20000,0.01,0.9,0.0005,cuda,False,False,2,51,208,-0.20038539171218872
random,1,results_v3_lr0p01,results_v3_lr0p01,small_cnn,sgd,10,128,20000,0.01,0.9,0.0005,cuda,False,False,2,52,209,0.20618301630020142
random,1,results_v3_lr0p01,results_v3_lr0p01,small_cnn,sgd,10,128,20000,0.01,0.9,0.0005,cuda,False,False,2,53,210,0.15914610028266907
random,1,results_v3_lr0p01,results_v3_lr0p01,small_cnn,sgd,10,128,20000,0.01,0.9,0.0005,cuda,False,False,2,54,211,0.0865793377161026
random,1,results_v3_lr0p01,results_v3_lr0p01,small_cnn,sgd,10,128,20000,0.01,0.9,0.0005,cuda,False,False,2,55,212,0.300506591796875
random,1,results_v3_lr0p01,results_v3_lr0p01,small_cnn,sgd,10,128,20000,0.01,0.9,0.0005,cuda,False,False,2,56,213,-0.5417823195457458
random,1,results_v3_lr0p01,results_v3_lr0p01,small_cnn,sgd,10,128,20000,0.01,0.9,0.0005,cuda,False,False,2,57,214,0.5634310245513916
random,1,results_v3_lr0p01,results_v3_lr0p01,small_cnn,sgd,10,128,20000,0.01,0.9,0.0005,cuda,False,False,2,58,215,0.17392970621585846
random,1,results_v3_lr0p01,results_v3_lr0p01,small_cnn,sgd,10,128,20000,0.01,0.9,0.0005,cuda,False,False,2,59,216,0.6161127686500549
random,1,results_v3_lr0p01,results_v3_lr0p01,small_cnn,sgd,10,128,20000,0.01,0.9,0.0005,cuda,False,False,2,60,217,0.280437171459198
random,1,results_v3_lr0p01,results_v3_lr0p01,small_cnn,sgd,10,128,20000,0.01,0.9,0.0005,cuda,False,False,2,61,218,-0.501217782497406
random,1,results_v3_lr0p01,results_v3_lr0p01,small_cnn,sgd,10,128,20000,0.01,0.9,0.0005,cuda,False,False,2,62,219,0.11500553786754608
random,1,results_v3_lr0p01,results_v3_lr0p01,small_cnn,sgd,10,128,20000,0.01,0.9,0.0005,cuda,False,False,2,63,220,0.43959158658981323
random,1,results_v3_lr0p01,results_v3_lr0p01,small_cnn,sgd,10,128,20000,0.01,0.9,0.0005,cuda,False,False,2,64,221,0.6642951369285583
random,1,results_v3_lr0p01,results_v3_lr0p01,small_cnn,sgd,10,128,20000,0.01,0.9,0.0005,cuda,False,False,2,65,222,0.0636720284819603
random,1,results_v3_lr0p01,results_v3_lr0p01,small_cnn,sgd,10,128,20000,0.01,0.9,0.0005,cuda,False,False,2,66,223,0.32265162467956543
random,1,results_v3_lr0p01,results_v3_lr0p01,small_cnn,sgd,10,128,20000,0.01,0.9,0.0005,cuda,False,False,2,67,224,0.07600859552621841
random,1,results_v3_lr0p01,results_v3_lr0p01,small_cnn,sgd,10,128,20000,0.01,0.9,0.0005,cuda,False,False,2,68,225,0.6388806700706482
random,1,results_v3_lr0p01,results_v3_lr0p01,small_cnn,sgd,10,128,20000,0.01,0.9,0.0005,cuda,False,False,2,69,226,0.3422055244445801
random,1,results_v3_lr0p01,results_v3_lr0p01,small_cnn,sgd,10,128,20000,0.01,0.9,0.0005,cuda,False,False,2,70,227,0.35176271200180054
random,1,results_v3_lr0p01,results_v3_lr0p01,small_cnn,sgd,10,128,20000,0.01,0.9,0.0005,cuda,False,False,2,71,228,0.37589383125305176
random,1,results_v3_lr0p01,results_v3_lr0p01,small_cnn,sgd,10,128,20000,0.01,0.9,0.0005,cuda,False,False,2,72,229,0.3951328992843628
random,1,results_v3_lr0p01,results_v3_lr0p01,small_cnn,sgd,10,128,20000,0.01,0.9,0.0005,cuda,False,False,2,73,230,0.3383887708187103
random,1,results_v3_lr0p01,results_v3_lr0p01,small_cnn,sgd,10,128,20000,0.01,0.9,0.0005,cuda,False,False,2,74,231,0.11014923453330994
random,1,results_v3_lr0p01,results_v3_lr0p01,small_cnn,sgd,10,128,20000,0.01,0.9,0.0005,cuda,False,False,2,75,232,0.04939665272831917
random,1,results_v3_lr0p01,results_v3_lr0p01,small_cnn,sgd,10,128,20000,0.01,0.9,0.0005,cuda,False,False,2,76,233,0.5364473462104797
random,1,results_v3_lr0p01,results_v3_lr0p01,small_cnn,sgd,10,128,20000,0.01,0.9,0.0005,cuda,False,False,2,77,234,-0.59395432472229
random,1,results_v3_lr0p01,results_v3_lr0p01,small_cnn,sgd,10,128,20000,0.01,0.9,0.0005,cuda,False,False,2,78,235,-0.02692505717277527
random,1,results_v3_lr0p01,results_v3_lr0p01,small_cnn,sgd,10,128,20000,0.01,0.9,0.0005,cuda,False,False,2,79,236,0.21661701798439026
random,1,results_v3_lr0p01,results_v3_lr0p01,small_cnn,sgd,10,128,20000,0.01,0.9,0.0005,cuda,False,False,2,80,237,0.4733036458492279
random,1,results_v3_lr0p01,results_v3_lr0p01,small_cnn,sgd,10,128,20000,0.01,0.9,0.0005,cuda,False,False,2,81,238,0.23184925317764282
random,1,results_v3_lr0p01,results_v3_lr0p01,small_cnn,sgd,10,128,20000,0.01,0.9,0.0005,cuda,False,False,2,82,239,0.5479370951652527
random,1,results_v3_lr0p01,results_v3_lr0p01,small_cnn,sgd,10,128,20000,0.01,0.9,0.0005,cuda,False,False,2,83,240,-0.09960956871509552
random,1,results_v3_lr0p01,results_v3_lr0p01,small_cnn,sgd,10,128,20000,0.01,0.9,0.0005,cuda,False,False,2,84,241,0.3759874701499939
random,1,results_v3_lr0p01,results_v3_lr0p01,small_cnn,sgd,10,128,20000,0.01,0.9,0.0005,cuda,False,False,2,85,242,-0.12625649571418762
random,1,results_v3_lr0p01,results_v3_lr0p01,small_cnn,sgd,10,128,20000,0.01,0.9,0.0005,cuda,False,False,2,86,243,0.1242414340376854
random,1,results_v3_lr0p01,results_v3_lr0p01,small_cnn,sgd,10,128,20000,0.01,0.9,0.0005,cuda,False,False,2,87,244,0.5243961811065674
random,1,results_v3_lr0p01,results_v3_lr0p01,small_cnn,sgd,10,128,20000,0.01,0.9,0.0005,cuda,False,False,2,88,245,-0.020555268973112106
random,1,results_v3_lr0p01,results_v3_lr0p01,small_cnn,sgd,10,128,20000,0.01,0.9,0.0005,cuda,False,False,2,89,246,0.1927899718284607
random,1,results_v3_lr0p01,results_v3_lr0p01,small_cnn,sgd,10,128,20000,0.01,0.9,0.0005,cuda,False,False,2,90,247,0.4527628719806671
random,1,results_v3_lr0p01,results_v3_lr0p01,small_cnn,sgd,10,128,20000,0.01,0.9,0.0005,cuda,False,False,2,91,248,0.562035858631134
random,1,results_v3_lr0p01,results_v3_lr0p01,small_cnn,sgd,10,128,20000,0.01,0.9,0.0005,cuda,False,False,2,92,249,-0.5082976818084717
random,1,results_v3_lr0p01,results_v3_lr0p01,small_cnn,sgd,10,128,20000,0.01,0.9,0.0005,cuda,False,False,2,93,250,0.623346209526062
random,1,results_v3_lr0p01,results_v3_lr0p01,small_cnn,sgd,10,128,20000,0.01,0.9,0.0005,cuda,False,False,2,94,251,0.3602210283279419
random,1,results_v3_lr0p01,results_v3_lr0p01,small_cnn,sgd,10,128,20000,0.01,0.9,0.0005,cuda,False,False,2,95,252,-0.18170583248138428
random,1,results_v3_lr0p01,results_v3_lr0p01,small_cnn,sgd,10,128,20000,0.01,0.9,0.0005,cuda,False,False,2,96,253,-0.26261499524116516
random,1,results_v3_lr0p01,results_v3_lr0p01,small_cnn,sgd,10,128,20000,0.01,0.9,0.0005,cuda,False,False,2,97,254,0.07695671170949936
random,1,results_v3_lr0p01,results_v3_lr0p01,small_cnn,sgd,10,128,20000,0.01,0.9,0.0005,cuda,False,False,2,98,255,0.17043399810791016
random,1,results_v3_lr0p01,results_v3_lr0p01,small_cnn,sgd,10,128,20000,0.01,0.9,0.0005,cuda,False,False,2,99,256,0.5162338018417358
random,1,results_v3_lr0p01,results_v3_lr0p01,small_cnn,sgd,10,128,20000,0.01,0.9,0.0005,cuda,False,False,2,100,257,0.016763858497142792
random,1,results_v3_lr0p01,results_v3_lr0p01,small_cnn,sgd,10,128,20000,0.01,0.9,0.0005,cuda,False,False,2,101,258,0.4356148838996887
random,1,results_v3_lr0p01,results_v3_lr0p01,small_cnn,sgd,10,128,20000,0.01,0.9,0.0005,cuda,False,False,2,102,259,-0.5189896821975708
random,1,results_v3_lr0p01,results_v3_lr0p01,small_cnn,sgd,10,128,20000,0.01,0.9,0.0005,cuda,False,False,2,103,260,0.2083112895488739
random,1,results_v3_lr0p01,results_v3_lr0p01,small_cnn,sgd,10,128,20000,0.01,0.9,0.0005,cuda,False,False,2,104,261,0.6284341812133789
random,1,results_v3_lr0p01,results_v3_lr0p01,small_cnn,sgd,10,128,20000,0.01,0.9,0.0005,cuda,False,False,2,105,262,0.20997360348701477
random,1,results_v3_lr0p01,results_v3_lr0p01,small_cnn,sgd,10,128,20000,0.01,0.9,0.0005,cuda,False,False,2,106,263,-0.15142561495304108
random,1,results_v3_lr0p01,results_v3_lr0p01,small_cnn,sgd,10,128,20000,0.01,0.9,0.0005,cuda,False,False,2,107,264,-0.05065688490867615
random,1,results_v3_lr0p01,results_v3_lr0p01,small_cnn,sgd,10,128,20000,0.01,0.9,0.0005,cuda,False,False,2,108,265,0.850916862487793
random,1,results_v3_lr0p01,results_v3_lr0p01,small_cnn,sgd,10,128,20000,0.01,0.9,0.0005,cuda,False,False,2,109,266,-0.12860776484012604
random,1,results_v3_lr0p01,results_v3_lr0p01,small_cnn,sgd,10,128,20000,0.01,0.9,0.0005,cuda,False,False,2,110,267,0.243942990899086
random,1,results_v3_lr0p01,results_v3_lr0p01,small_cnn,sgd,10,128,20000,0.01,0.9,0.0005,cuda,False,False,2,111,268,0.2920099198818207
random,1,results_v3_lr0p01,results_v3_lr0p01,small_cnn,sgd,10,128,20000,0.01,0.9,0.0005,cuda,False,False,2,112,269,0.7869131565093994
random,1,results_v3_lr0p01,results_v3_lr0p01,small_cnn,sgd,10,128,20000,0.01,0.9,0.0005,cuda,False,False,2,113,270,0.4361722767353058
random,1,results_v3_lr0p01,results_v3_lr0p01,small_cnn,sgd,10,128,20000,0.01,0.9,0.0005,cuda,False,False,2,114,271,-0.22479411959648132
random,1,results_v3_lr0p01,results_v3_lr0p01,small_cnn,sgd,10,128,20000,0.01,0.9,0.0005,cuda,False,False,2,115,272,-0.16391532123088837
random,1,results_v3_lr0p01,results_v3_lr0p01,small_cnn,sgd,10,128,20000,0.01,0.9,0.0005,cuda,False,False,2,116,273,0.6276816129684448
random,1,results_v3_lr0p01,results_v3_lr0p01,small_cnn,sgd,10,128,20000,0.01,0.9,0.0005,cuda,False,False,2,117,274,0.05555277317762375
random,1,results_v3_lr0p01,results_v3_lr0p01,small_cnn,sgd,10,128,20000,0.01,0.9,0.0005,cuda,False,False,2,118,275,0.26349076628685
random,1,results_v3_lr0p01,results_v3_lr0p01,small_cnn,sgd,10,128,20000,0.01,0.9,0.0005,cuda,False,False,2,119,276,0.4034891128540039
random,1,results_v3_lr0p01,results_v3_lr0p01,small_cnn,sgd,10,128,20000,0.01,0.9,0.0005,cuda,False,False,2,120,277,0.7239206433296204
random,1,results_v3_lr0p01,results_v3_lr0p01,small_cnn,sgd,10,128,20000,0.01,0.9,0.0005,cuda,False,False,2,121,278,-0.09155695885419846
random,1,results_v3_lr0p01,results_v3_lr0p01,small_cnn,sgd,10,128,20000,0.01,0.9,0.0005,cuda,False,False,2,122,279,0.45355451107025146
random,1,results_v3_lr0p01,results_v3_lr0p01,small_cnn,sgd,10,128,20000,0.01,0.9,0.0005,cuda,False,False,2,123,280,0.47735676169395447
random,1,results_v3_lr0p01,results_v3_lr0p01,small_cnn,sgd,10,128,20000,0.01,0.9,0.0005,cuda,False,False,2,124,281,-0.12836210429668427
random,1,results_v3_lr0p01,results_v3_lr0p01,small_cnn,sgd,10,128,20000,0.01,0.9,0.0005,cuda,False,False,2,125,282,0.6228377819061279
random,1,results_v3_lr0p01,results_v3_lr0p01,small_cnn,sgd,10,128,20000,0.01,0.9,0.0005,cuda,False,False,2,126,283,0.3721964359283447
random,1,results_v3_lr0p01,results_v3_lr0p01,small_cnn,sgd,10,128,20000,0.01,0.9,0.0005,cuda,False,False,2,127,284,0.30317386984825134
random,1,results_v3_lr0p01,results_v3_lr0p01,small_cnn,sgd,10,128,20000,0.01,0.9,0.0005,cuda,False,False,2,128,285,0.473408967256546
random,1,results_v3_lr0p01,results_v3_lr0p01,small_cnn,sgd,10,128,20000,0.01,0.9,0.0005,cuda,False,False,2,129,286,0.7373514175415039
random,1,results_v3_lr0p01,results_v3_lr0p01,small_cnn,sgd,10,128,20000,0.01,0.9,0.0005,cuda,False,False,2,130,287,0.23739512264728546
random,1,results_v3_lr0p01,results_v3_lr0p01,small_cnn,sgd,10,128,20000,0.01,0.9,0.0005,cuda,False,False,2,131,288,0.48013293743133545
random,1,results_v3_lr0p01,results_v3_lr0p01,small_cnn,sgd,10,128,20000,0.01,0.9,0.0005,cuda,False,False,2,132,289,0.6791528463363647
random,1,results_v3_lr0p01,results_v3_lr0p01,small_cnn,sgd,10,128,20000,0.01,0.9,0.0005,cuda,False,False,2,133,290,0.28802305459976196
random,1,results_v3_lr0p01,results_v3_lr0p01,small_cnn,sgd,10,128,20000,0.01,0.9,0.0005,cuda,False,False,2,134,291,0.4173584282398224
random,1,results_v3_lr0p01,results_v3_lr0p01,small_cnn,sgd,10,128,20000,0.01,0.9,0.0005,cuda,False,False,2,135,292,-0.1324564516544342
random,1,results_v3_lr0p01,results_v3_lr0p01,small_cnn,sgd,10,128,20000,0.01,0.9,0.0005,cuda,False,False,2,136,293,0.34685730934143066
random,1,results_v3_lr0p01,results_v3_lr0p01,small_cnn,sgd,10,128,20000,0.01,0.9,0.0005,cuda,False,False,2,137,294,0.55838942527771
random,1,results_v3_lr0p01,results_v3_lr0p01,small_cnn,sgd,10,128,20000,0.01,0.9,0.0005,cuda,False,False,2,138,295,-0.023948844522237778
random,1,results_v3_lr0p01,results_v3_lr0p01,small_cnn,sgd,10,128,20000,0.01,0.9,0.0005,cuda,False,False,2,139,296,0.4293306767940521
random,1,results_v3_lr0p01,results_v3_lr0p01,small_cnn,sgd,10,128,20000,0.01,0.9,0.0005,cuda,False,False,2,140,297,-0.2180747240781784
random,1,results_v3_lr0p01,results_v3_lr0p01,small_cnn,sgd,10,128,20000,0.01,0.9,0.0005,cuda,False,False,2,141,298,0.46382755041122437
random,1,results_v3_lr0p01,results_v3_lr0p01,small_cnn,sgd,10,128,20000,0.01,0.9,0.0005,cuda,False,False,2,142,299,0.21347826719284058
random,1,results_v3_lr0p01,results_v3_lr0p01,small_cnn,sgd,10,128,20000,0.01,0.9,0.0005,cuda,False,False,2,143,300,0.5915234088897705
random,1,results_v3_lr0p01,results_v3_lr0p01,small_cnn,sgd,10,128,20000,0.01,0.9,0.0005,cuda,False,False,2,144,301,0.7755898237228394
random,1,results_v3_lr0p01,results_v3_lr0p01,small_cnn,sgd,10,128,20000,0.01,0.9,0.0005,cuda,False,False,2,145,302,0.14730429649353027
random,1,results_v3_lr0p01,results_v3_lr0p01,small_cnn,sgd,10,128,20000,0.01,0.9,0.0005,cuda,False,False,2,146,303,0.263538658618927
random,1,results_v3_lr0p01,results_v3_lr0p01,small_cnn,sgd,10,128,20000,0.01,0.9,0.0005,cuda,False,False,2,147,304,0.7055885791778564
random,1,results_v3_lr0p01,results_v3_lr0p01,small_cnn,sgd,10,128,20000,0.01,0.9,0.0005,cuda,False,False,2,148,305,0.4369879364967346
random,1,results_v3_lr0p01,results_v3_lr0p01,small_cnn,sgd,10,128,20000,0.01,0.9,0.0005,cuda,False,False,2,149,306,0.08920955657958984
random,1,results_v3_lr0p01,results_v3_lr0p01,small_cnn,sgd,10,128,20000,0.01,0.9,0.0005,cuda,False,False,2,150,307,0.5116463899612427
random,1,results_v3_lr0p01,results_v3_lr0p01,small_cnn,sgd,10,128,20000,0.01,0.9,0.0005,cuda,False,False,2,151,308,0.4197588264942169
random,1,results_v3_lr0p01,results_v3_lr0p01,small_cnn,sgd,10,128,20000,0.01,0.9,0.0005,cuda,False,False,2,152,309,0.5832866430282593
random,1,results_v3_lr0p01,results_v3_lr0p01,small_cnn,sgd,10,128,20000,0.01,0.9,0.0005,cuda,False,False,2,153,310,0.0017563924193382263
random,1,results_v3_lr0p01,results_v3_lr0p01,small_cnn,sgd,10,128,20000,0.01,0.9,0.0005,cuda,False,False,2,154,311,0.28046101331710815
random,1,results_v3_lr0p01,results_v3_lr0p01,small_cnn,sgd,10,128,20000,0.01,0.9,0.0005,cuda,False,False,2,155,312,0.21540014445781708
random,1,results_v3_lr0p01,results_v3_lr0p01,small_cnn,sgd,10,128,20000,0.01,0.9,0.0005,cuda,False,False,2,156,313,0.16179293394088745
random,1,results_v3_lr0p01,results_v3_lr0p01,small_cnn,sgd,10,128,20000,0.01,0.9,0.0005,cuda,False,False,2,157,314,0.09062714129686356
random,1,results_v3_lr0p01,results_v3_lr0p01,small_cnn,sgd,10,128,20000,0.01,0.9,0.0005,cuda,False,False,3,1,315,-0.19084155559539795
random,1,results_v3_lr0p01,results_v3_lr0p01,small_cnn,sgd,10,128,20000,0.01,0.9,0.0005,cuda,False,False,3,2,316,0.7296953201293945
random,1,results_v3_lr0p01,results_v3_lr0p01,small_cnn,sgd,10,128,20000,0.01,0.9,0.0005,cuda,False,False,3,3,317,0.36220216751098633
random,1,results_v3_lr0p01,results_v3_lr0p01,small_cnn,sgd,10,128,20000,0.01,0.9,0.0005,cuda,False,False,3,4,318,0.020926177501678467
random,1,results_v3_lr0p01,results_v3_lr0p01,small_cnn,sgd,10,128,20000,0.01,0.9,0.0005,cuda,False,False,3,5,319,0.8720602989196777
random,1,results_v3_lr0p01,results_v3_lr0p01,small_cnn,sgd,10,128,20000,0.01,0.9,0.0005,cuda,False,False,3,6,320,0.610011100769043
random,1,results_v3_lr0p01,results_v3_lr0p01,small_cnn,sgd,10,128,20000,0.01,0.9,0.0005,cuda,False,False,3,7,321,0.25491154193878174
random,1,results_v3_lr0p01,results_v3_lr0p01,small_cnn,sgd,10,128,20000,0.01,0.9,0.0005,cuda,False,False,3,8,322,0.2806375324726105
random,1,results_v3_lr0p01,results_v3_lr0p01,small_cnn,sgd,10,128,20000,0.01,0.9,0.0005,cuda,False,False,3,9,323,0.569074273109436
random,1,results_v3_lr0p01,results_v3_lr0p01,small_cnn,sgd,10,128,20000,0.01,0.9,0.0005,cuda,False,False,3,10,324,0.15991546213626862
random,1,results_v3_lr0p01,results_v3_lr0p01,small_cnn,sgd,10,128,20000,0.01,0.9,0.0005,cuda,False,False,3,11,325,0.24744866788387299
random,1,results_v3_lr0p01,results_v3_lr0p01,small_cnn,sgd,10,128,20000,0.01,0.9,0.0005,cuda,False,False,3,12,326,0.5854864716529846
random,1,results_v3_lr0p01,results_v3_lr0p01,small_cnn,sgd,10,128,20000,0.01,0.9,0.0005,cuda,False,False,3,13,327,0.505397617816925
random,1,results_v3_lr0p01,results_v3_lr0p01,small_cnn,sgd,10,128,20000,0.01,0.9,0.0005,cuda,False,False,3,14,328,0.041050076484680176
random,1,results_v3_lr0p01,results_v3_lr0p01,small_cnn,sgd,10,128,20000,0.01,0.9,0.0005,cuda,False,False,3,15,329,0.07604862749576569
random,1,results_v3_lr0p01,results_v3_lr0p01,small_cnn,sgd,10,128,20000,0.01,0.9,0.0005,cuda,False,False,3,16,330,0.4859967529773712
random,1,results_v3_lr0p01,results_v3_lr0p01,small_cnn,sgd,10,128,20000,0.01,0.9,0.0005,cuda,False,False,3,17,331,-0.33065786957740784
random,1,results_v3_lr0p01,results_v3_lr0p01,small_cnn,sgd,10,128,20000,0.01,0.9,0.0005,cuda,False,False,3,18,332,0.13919346034526825
random,1,results_v3_lr0p01,results_v3_lr0p01,small_cnn,sgd,10,128,20000,0.01,0.9,0.0005,cuda,False,False,3,19,333,0.0961279645562172
random,1,results_v3_lr0p01,results_v3_lr0p01,small_cnn,sgd,10,128,20000,0.01,0.9,0.0005,cuda,False,False,3,20,334,0.03570105880498886
random,1,results_v3_lr0p01,results_v3_lr0p01,small_cnn,sgd,10,128,20000,0.01,0.9,0.0005,cuda,False,False,3,21,335,-0.03449643775820732
random,1,results_v3_lr0p01,results_v3_lr0p01,small_cnn,sgd,10,128,20000,0.01,0.9,0.0005,cuda,False,False,3,22,336,0.6193180084228516
random,1,results_v3_lr0p01,results_v3_lr0p01,small_cnn,sgd,10,128,20000,0.01,0.9,0.0005,cuda,False,False,3,23,337,0.3834174871444702
random,1,results_v3_lr0p01,results_v3_lr0p01,small_cnn,sgd,10,128,20000,0.01,0.9,0.0005,cuda,False,False,3,24,338,0.4839590787887573
random,1,results_v3_lr0p01,results_v3_lr0p01,small_cnn,sgd,10,128,20000,0.01,0.9,0.0005,cuda,False,False,3,25,339,-0.1470527946949005
random,1,results_v3_lr0p01,results_v3_lr0p01,small_cnn,sgd,10,128,20000,0.01,0.9,0.0005,cuda,False,False,3,26,340,-0.01348026655614376
random,1,results_v3_lr0p01,results_v3_lr0p01,small_cnn,sgd,10,128,20000,0.01,0.9,0.0005,cuda,False,False,3,27,341,0.17159156501293182
random,1,results_v3_lr0p01,results_v3_lr0p01,small_cnn,sgd,10,128,20000,0.01,0.9,0.0005,cuda,False,False,3,28,342,0.44724422693252563
random,1,results_v3_lr0p01,results_v3_lr0p01,small_cnn,sgd,10,128,20000,0.01,0.9,0.0005,cuda,False,False,3,29,343,0.10429516434669495
random,1,results_v3_lr0p01,results_v3_lr0p01,small_cnn,sgd,10,128,20000,0.01,0.9,0.0005,cuda,False,False,3,30,344,0.6383940577507019
random,1,results_v3_lr0p01,results_v3_lr0p01,small_cnn,sgd,10,128,20000,0.01,0.9,0.0005,cuda,False,False,3,31,345,0.25043976306915283
random,1,results_v3_lr0p01,results_v3_lr0p01,small_cnn,sgd,10,128,20000,0.01,0.9,0.0005,cuda,False,False,3,32,346,0.07763470709323883
random,1,results_v3_lr0p01,results_v3_lr0p01,small_cnn,sgd,10,128,20000,0.01,0.9,0.0005,cuda,False,False,3,33,347,0.56803297996521
random,1,results_v3_lr0p01,results_v3_lr0p01,small_cnn,sgd,10,128,20000,0.01,0.9,0.0005,cuda,False,False,3,34,348,-0.5372676849365234
random,1,results_v3_lr0p01,results_v3_lr0p01,small_cnn,sgd,10,128,20000,0.01,0.9,0.0005,cuda,False,False,3,35,349,0.8704166412353516
random,1,results_v3_lr0p01,results_v3_lr0p01,small_cnn,sgd,10,128,20000,0.01,0.9,0.0005,cuda,False,False,3,36,350,0.27019456028938293
random,1,results_v3_lr0p01,results_v3_lr0p01,small_cnn,sgd,10,128,20000,0.01,0.9,0.0005,cuda,False,False,3,37,351,0.021163489669561386
random,1,results_v3_lr0p01,results_v3_lr0p01,small_cnn,sgd,10,128,20000,0.01,0.9,0.0005,cuda,False,False,3,38,352,0.4838316738605499
random,1,results_v3_lr0p01,results_v3_lr0p01,small_cnn,sgd,10,128,20000,0.01,0.9,0.0005,cuda,False,False,3,39,353,0.7976112961769104
random,1,results_v3_lr0p01,results_v3_lr0p01,small_cnn,sgd,10,128,20000,0.01,0.9,0.0005,cuda,False,False,3,40,354,0.36333322525024414
random,1,results_v3_lr0p01,results_v3_lr0p01,small_cnn,sgd,10,128,20000,0.01,0.9,0.0005,cuda,False,False,3,41,355,-0.3252143859863281
random,1,results_v3_lr0p01,results_v3_lr0p01,small_cnn,sgd,10,128,20000,0.01,0.9,0.0005,cuda,False,False,3,42,356,-0.1668417900800705
random,1,results_v3_lr0p01,results_v3_lr0p01,small_cnn,sgd,10,128,20000,0.01,0.9,0.0005,cuda,False,False,3,43,357,0.8082100749015808
random,1,results_v3_lr0p01,results_v3_lr0p01,small_cnn,sgd,10,128,20000,0.01,0.9,0.0005,cuda,False,False,3,44,358,0.4323144555091858
random,1,results_v3_lr0p01,results_v3_lr0p01,small_cnn,sgd,10,128,20000,0.01,0.9,0.0005,cuda,False,False,3,45,359,0.26350292563438416
random,1,results_v3_lr0p01,results_v3_lr0p01,small_cnn,sgd,10,128,20000,0.01,0.9,0.0005,cuda,False,False,3,46,360,0.2512163817882538
random,1,results_v3_lr0p01,results_v3_lr0p01,small_cnn,sgd,10,128,20000,0.01,0.9,0.0005,cuda,False,False,3,47,361,-0.23970520496368408
random,1,results_v3_lr0p01,results_v3_lr0p01,small_cnn,sgd,10,128,20000,0.01,0.9,0.0005,cuda,False,False,3,48,362,0.6070483326911926
random,1,results_v3_lr0p01,results_v3_lr0p01,small_cnn,sgd,10,128,20000,0.01,0.9,0.0005,cuda,False,False,3,49,363,0.6396196484565735
random,1,results_v3_lr0p01,results_v3_lr0p01,small_cnn,sgd,10,128,20000,0.01,0.9,0.0005,cuda,False,False,3,50,364,0.7529218196868896
random,1,results_v3_lr0p01,results_v3_lr0p01,small_cnn,sgd,10,128,20000,0.01,0.9,0.0005,cuda,False,False,3,51,365,0.08701007813215256
random,1,results_v3_lr0p01,results_v3_lr0p01,small_cnn,sgd,10,128,20000,0.01,0.9,0.0005,cuda,False,False,3,52,366,0.2942103147506714
random,1,results_v3_lr0p01,results_v3_lr0p01,small_cnn,sgd,10,128,20000,0.01,0.9,0.0005,cuda,False,False,3,53,367,0.6005840301513672
random,1,results_v3_lr0p01,results_v3_lr0p01,small_cnn,sgd,10,128,20000,0.01,0.9,0.0005,cuda,False,False,3,54,368,0.7652298808097839
random,1,results_v3_lr0p01,results_v3_lr0p01,small_cnn,sgd,10,128,20000,0.01,0.9,0.0005,cuda,False,False,3,55,369,0.3075122833251953
random,1,results_v3_lr0p01,results_v3_lr0p01,small_cnn,sgd,10,128,20000,0.01,0.9,0.0005,cuda,False,False,3,56,370,-0.2676539421081543
random,1,results_v3_lr0p01,results_v3_lr0p01,small_cnn,sgd,10,128,20000,0.01,0.9,0.0005,cuda,False,False,3,57,371,0.3682692050933838
random,1,results_v3_lr0p01,results_v3_lr0p01,small_cnn,sgd,10,128,20000,0.01,0.9,0.0005,cuda,False,False,3,58,372,0.6348245739936829
random,1,results_v3_lr0p01,results_v3_lr0p01,small_cnn,sgd,10,128,20000,0.01,0.9,0.0005,cuda,False,False,3,59,373,0.3845978081226349
random,1,results_v3_lr0p01,results_v3_lr0p01,small_cnn,sgd,10,128,20000,0.01,0.9,0.0005,cuda,False,False,3,60,374,0.2074873000383377
random,1,results_v3_lr0p01,results_v3_lr0p01,small_cnn,sgd,10,128,20000,0.01,0.9,0.0005,cuda,False,False,3,61,375,0.29041600227355957
random,1,results_v3_lr0p01,results_v3_lr0p01,small_cnn,sgd,10,128,20000,0.01,0.9,0.0005,cuda,False,False,3,62,376,0.134315624833107
random,1,results_v3_lr0p01,results_v3_lr0p01,small_cnn,sgd,10,128,20000,0.01,0.9,0.0005,cuda,False,False,3,63,377,-0.05150953680276871
random,1,results_v3_lr0p01,results_v3_lr0p01,small_cnn,sgd,10,128,20000,0.01,0.9,0.0005,cuda,False,False,3,64,378,0.8049548864364624
random,1,results_v3_lr0p01,results_v3_lr0p01,small_cnn,sgd,10,128,20000,0.01,0.9,0.0005,cuda,False,False,3,65,379,0.5181987881660461
random,1,results_v3_lr0p01,results_v3_lr0p01,small_cnn,sgd,10,128,20000,0.01,0.9,0.0005,cuda,False,False,3,66,380,0.3577549159526825
random,1,results_v3_lr0p01,results_v3_lr0p01,small_cnn,sgd,10,128,20000,0.01,0.9,0.0005,cuda,False,False,3,67,381,0.43572527170181274
random,1,results_v3_lr0p01,results_v3_lr0p01,small_cnn,sgd,10,128,20000,0.01,0.9,0.0005,cuda,False,False,3,68,382,0.5366811752319336
random,1,results_v3_lr0p01,results_v3_lr0p01,small_cnn,sgd,10,128,20000,0.01,0.9,0.0005,cuda,False,False,3,69,383,0.5407581329345703
random,1,results_v3_lr0p01,results_v3_lr0p01,small_cnn,sgd,10,128,20000,0.01,0.9,0.0005,cuda,False,False,3,70,384,0.5046343803405762
random,1,results_v3_lr0p01,results_v3_lr0p01,small_cnn,sgd,10,128,20000,0.01,0.9,0.0005,cuda,False,False,3,71,385,0.4427165389060974
random,1,results_v3_lr0p01,results_v3_lr0p01,small_cnn,sgd,10,128,20000,0.01,0.9,0.0005,cuda,False,False,3,72,386,0.5004032850265503
random,1,results_v3_lr0p01,results_v3_lr0p01,small_cnn,sgd,10,128,20000,0.01,0.9,0.0005,cuda,False,False,3,73,387,0.05464024096727371
random,1,results_v3_lr0p01,results_v3_lr0p01,small_cnn,sgd,10,128,20000,0.01,0.9,0.0005,cuda,False,False,3,74,388,0.494152307510376
random,1,results_v3_lr0p01,results_v3_lr0p01,small_cnn,sgd,10,128,20000,0.01,0.9,0.0005,cuda,False,False,3,75,389,0.7090979814529419
random,1,results_v3_lr0p01,results_v3_lr0p01,small_cnn,sgd,10,128,20000,0.01,0.9,0.0005,cuda,False,False,3,76,390,0.6191397905349731
random,1,results_v3_lr0p01,results_v3_lr0p01,small_cnn,sgd,10,128,20000,0.01,0.9,0.0005,cuda,False,False,3,77,391,-0.10605999082326889
random,1,results_v3_lr0p01,results_v3_lr0p01,small_cnn,sgd,10,128,20000,0.01,0.9,0.0005,cuda,False,False,3,78,392,0.17733082175254822
random,1,results_v3_lr0p01,results_v3_lr0p01,small_cnn,sgd,10,128,20000,0.01,0.9,0.0005,cuda,False,False,3,79,393,0.8473193645477295
random,1,results_v3_lr0p01,results_v3_lr0p01,small_cnn,sgd,10,128,20000,0.01,0.9,0.0005,cuda,False,False,3,80,394,0.5783653855323792
random,1,results_v3_lr0p01,results_v3_lr0p01,small_cnn,sgd,10,128,20000,0.01,0.9,0.0005,cuda,False,False,3,81,395,0.7711648941040039
random,1,results_v3_lr0p01,results_v3_lr0p01,small_cnn,sgd,10,128,20000,0.01,0.9,0.0005,cuda,False,False,3,82,396,0.489546537399292
random,1,results_v3_lr0p01,results_v3_lr0p01,small_cnn,sgd,10,128,20000,0.01,0.9,0.0005,cuda,False,False,3,83,397,0.16374167799949646
random,1,results_v3_lr0p01,results_v3_lr0p01,small_cnn,sgd,10,128,20000,0.01,0.9,0.0005,cuda,False,False,3,84,398,-0.04760446771979332
random,1,results_v3_lr0p01,results_v3_lr0p01,small_cnn,sgd,10,128,20000,0.01,0.9,0.0005,cuda,False,False,3,85,399,0.6322897672653198
random,1,results_v3_lr0p01,results_v3_lr0p01,small_cnn,sgd,10,128,20000,0.01,0.9,0.0005,cuda,False,False,3,86,400,0.4880897104740143
random,1,results_v3_lr0p01,results_v3_lr0p01,small_cnn,sgd,10,128,20000,0.01,0.9,0.0005,cuda,False,False,3,87,401,0.5087107419967651
random,1,results_v3_lr0p01,results_v3_lr0p01,small_cnn,sgd,10,128,20000,0.01,0.9,0.0005,cuda,False,False,3,88,402,0.023621251806616783
random,1,results_v3_lr0p01,results_v3_lr0p01,small_cnn,sgd,10,128,20000,0.01,0.9,0.0005,cuda,False,False,3,89,403,-0.1768236607313156
random,1,results_v3_lr0p01,results_v3_lr0p01,small_cnn,sgd,10,128,20000,0.01,0.9,0.0005,cuda,False,False,3,90,404,0.266488254070282
random,1,results_v3_lr0p01,results_v3_lr0p01,small_cnn,sgd,10,128,20000,0.01,0.9,0.0005,cuda,False,False,3,91,405,0.6054940223693848
random,1,results_v3_lr0p01,results_v3_lr0p01,small_cnn,sgd,10,128,20000,0.01,0.9,0.0005,cuda,False,False,3,92,406,0.19398236274719238
random,1,results_v3_lr0p01,results_v3_lr0p01,small_cnn,sgd,10,128,20000,0.01,0.9,0.0005,cuda,False,False,3,93,407,0.14507856965065002
random,1,results_v3_lr0p01,results_v3_lr0p01,small_cnn,sgd,10,128,20000,0.01,0.9,0.0005,cuda,False,False,3,94,408,-0.22133907675743103
random,1,results_v3_lr0p01,results_v3_lr0p01,small_cnn,sgd,10,128,20000,0.01,0.9,0.0005,cuda,False,False,3,95,409,0.6785751581192017
random,1,results_v3_lr0p01,results_v3_lr0p01,small_cnn,sgd,10,128,20000,0.01,0.9,0.0005,cuda,False,False,3,96,410,0.6930191516876221
random,1,results_v3_lr0p01,results_v3_lr0p01,small_cnn,sgd,10,128,20000,0.01,0.9,0.0005,cuda,False,False,3,97,411,0.18870291113853455
random,1,results_v3_lr0p01,results_v3_lr0p01,small_cnn,sgd,10,128,20000,0.01,0.9,0.0005,cuda,False,False,3,98,412,0.44228845834732056
random,1,results_v3_lr0p01,results_v3_lr0p01,small_cnn,sgd,10,128,20000,0.01,0.9,0.0005,cuda,False,False,3,99,413,0.49329501390457153
random,1,results_v3_lr0p01,results_v3_lr0p01,small_cnn,sgd,10,128,20000,0.01,0.9,0.0005,cuda,False,False,3,100,414,0.06930480152368546
random,1,results_v3_lr0p01,results_v3_lr0p01,small_cnn,sgd,10,128,20000,0.01,0.9,0.0005,cuda,False,False,3,101,415,0.1291225701570511
random,1,results_v3_lr0p01,results_v3_lr0p01,small_cnn,sgd,10,128,20000,0.01,0.9,0.0005,cuda,False,False,3,102,416,-0.2869190573692322
random,1,results_v3_lr0p01,results_v3_lr0p01,small_cnn,sgd,10,128,20000,0.01,0.9,0.0005,cuda,False,False,3,103,417,0.1498786062002182
random,1,results_v3_lr0p01,results_v3_lr0p01,small_cnn,sgd,10,128,20000,0.01,0.9,0.0005,cuda,False,False,3,104,418,0.4547600746154785
random,1,results_v3_lr0p01,results_v3_lr0p01,small_cnn,sgd,10,128,20000,0.01,0.9,0.0005,cuda,False,False,3,105,419,0.3660867512226105
random,1,results_v3_lr0p01,results_v3_lr0p01,small_cnn,sgd,10,128,20000,0.01,0.9,0.0005,cuda,False,False,3,106,420,0.34893137216567993
random,1,results_v3_lr0p01,results_v3_lr0p01,small_cnn,sgd,10,128,20000,0.01,0.9,0.0005,cuda,False,False,3,107,421,0.12413927912712097
random,1,results_v3_lr0p01,results_v3_lr0p01,small_cnn,sgd,10,128,20000,0.01,0.9,0.0005,cuda,False,False,3,108,422,-0.09912720322608948
random,1,results_v3_lr0p01,results_v3_lr0p01,small_cnn,sgd,10,128,20000,0.01,0.9,0.0005,cuda,False,False,3,109,423,-0.2562078535556793
random,1,results_v3_lr0p01,results_v3_lr0p01,small_cnn,sgd,10,128,20000,0.01,0.9,0.0005,cuda,False,False,3,110,424,0.13214245438575745
random,1,results_v3_lr0p01,results_v3_lr0p01,small_cnn,sgd,10,128,20000,0.01,0.9,0.0005,cuda,False,False,3,111,425,0.1235361397266388
random,1,results_v3_lr0p01,results_v3_lr0p01,small_cnn,sgd,10,128,20000,0.01,0.9,0.0005,cuda,False,False,3,112,426,0.3365561366081238
random,1,results_v3_lr0p01,results_v3_lr0p01,small_cnn,sgd,10,128,20000,0.01,0.9,0.0005,cuda,False,False,3,113,427,0.051444172859191895
random,1,results_v3_lr0p01,results_v3_lr0p01,small_cnn,sgd,10,128,20000,0.01,0.9,0.0005,cuda,False,False,3,114,428,-0.1770433485507965
random,1,results_v3_lr0p01,results_v3_lr0p01,small_cnn,sgd,10,128,20000,0.01,0.9,0.0005,cuda,False,False,3,115,429,0.5925377011299133
random,1,results_v3_lr0p01,results_v3_lr0p01,small_cnn,sgd,10,128,20000,0.01,0.9,0.0005,cuda,False,False,3,116,430,0.4047833979129791
random,1,results_v3_lr0p01,results_v3_lr0p01,small_cnn,sgd,10,128,20000,0.01,0.9,0.0005,cuda,False,False,3,117,431,0.20741628110408783
random,1,results_v3_lr0p01,results_v3_lr0p01,small_cnn,sgd,10,128,20000,0.01,0.9,0.0005,cuda,False,False,3,118,432,0.37212976813316345
random,1,results_v3_lr0p01,results_v3_lr0p01,small_cnn,sgd,10,128,20000,0.01,0.9,0.0005,cuda,False,False,3,119,433,0.07757563143968582
random,1,results_v3_lr0p01,results_v3_lr0p01,small_cnn,sgd,10,128,20000,0.01,0.9,0.0005,cuda,False,False,3,120,434,0.5988168716430664
random,1,results_v3_lr0p01,results_v3_lr0p01,small_cnn,sgd,10,128,20000,0.01,0.9,0.0005,cuda,False,False,3,121,435,0.45547592639923096
random,1,results_v3_lr0p01,results_v3_lr0p01,small_cnn,sgd,10,128,20000,0.01,0.9,0.0005,cuda,False,False,3,122,436,0.5493960380554199
random,1,results_v3_lr0p01,results_v3_lr0p01,small_cnn,sgd,10,128,20000,0.01,0.9,0.0005,cuda,False,False,3,123,437,0.3707064986228943
random,1,results_v3_lr0p01,results_v3_lr0p01,small_cnn,sgd,10,128,20000,0.01,0.9,0.0005,cuda,False,False,3,124,438,0.5204697847366333
random,1,results_v3_lr0p01,results_v3_lr0p01,small_cnn,sgd,10,128,20000,0.01,0.9,0.0005,cuda,False,False,3,125,439,0.5818893909454346
random,1,results_v3_lr0p01,results_v3_lr0p01,small_cnn,sgd,10,128,20000,0.01,0.9,0.0005,cuda,False,False,3,126,440,-0.35608065128326416
random,1,results_v3_lr0p01,results_v3_lr0p01,small_cnn,sgd,10,128,20000,0.01,0.9,0.0005,cuda,False,False,3,127,441,0.01986924558877945
random,1,results_v3_lr0p01,results_v3_lr0p01,small_cnn,sgd,10,128,20000,0.01,0.9,0.0005,cuda,False,False,3,128,442,0.5115898847579956
random,1,results_v3_lr0p01,results_v3_lr0p01,small_cnn,sgd,10,128,20000,0.01,0.9,0.0005,cuda,False,False,3,129,443,0.20768079161643982
random,1,results_v3_lr0p01,results_v3_lr0p01,small_cnn,sgd,10,128,20000,0.01,0.9,0.0005,cuda,False,False,3,130,444,0.47606706619262695
random,1,results_v3_lr0p01,results_v3_lr0p01,small_cnn,sgd,10,128,20000,0.01,0.9,0.0005,cuda,False,False,3,131,445,0.47847867012023926
random,1,results_v3_lr0p01,results_v3_lr0p01,small_cnn,sgd,10,128,20000,0.01,0.9,0.0005,cuda,False,False,3,132,446,0.35084274411201477
random,1,results_v3_lr0p01,results_v3_lr0p01,small_cnn,sgd,10,128,20000,0.01,0.9,0.0005,cuda,False,False,3,133,447,-0.11975331604480743
random,1,results_v3_lr0p01,results_v3_lr0p01,small_cnn,sgd,10,128,20000,0.01,0.9,0.0005,cuda,False,False,3,134,448,0.7138347029685974
random,1,results_v3_lr0p01,results_v3_lr0p01,small_cnn,sgd,10,128,20000,0.01,0.9,0.0005,cuda,False,False,3,135,449,0.2339717149734497
random,1,results_v3_lr0p01,results_v3_lr0p01,small_cnn,sgd,10,128,20000,0.01,0.9,0.0005,cuda,False,False,3,136,450,0.16368325054645538
random,1,results_v3_lr0p01,results_v3_lr0p01,small_cnn,sgd,10,128,20000,0.01,0.9,0.0005,cuda,False,False,3,137,451,0.6169854998588562
random,1,results_v3_lr0p01,results_v3_lr0p01,small_cnn,sgd,10,128,20000,0.01,0.9,0.0005,cuda,False,False,3,138,452,0.33873409032821655
random,1,results_v3_lr0p01,results_v3_lr0p01,small_cnn,sgd,10,128,20000,0.01,0.9,0.0005,cuda,False,False,3,139,453,0.39318037033081055
random,1,results_v3_lr0p01,results_v3_lr0p01,small_cnn,sgd,10,128,20000,0.01,0.9,0.0005,cuda,False,False,3,140,454,0.7053991556167603
random,1,results_v3_lr0p01,results_v3_lr0p01,small_cnn,sgd,10,128,20000,0.01,0.9,0.0005,cuda,False,False,3,141,455,0.4540916979312897
random,1,results_v3_lr0p01,results_v3_lr0p01,small_cnn,sgd,10,128,20000,0.01,0.9,0.0005,cuda,False,False,3,142,456,-0.2687229514122009
random,1,results_v3_lr0p01,results_v3_lr0p01,small_cnn,sgd,10,128,20000,0.01,0.9,0.0005,cuda,False,False,3,143,457,0.05277223885059357
random,1,results_v3_lr0p01,results_v3_lr0p01,small_cnn,sgd,10,128,20000,0.01,0.9,0.0005,cuda,False,False,3,144,458,0.26260873675346375
random,1,results_v3_lr0p01,results_v3_lr0p01,small_cnn,sgd,10,128,20000,0.01,0.9,0.0005,cuda,False,False,3,145,459,0.6231547594070435
random,1,results_v3_lr0p01,results_v3_lr0p01,small_cnn,sgd,10,128,20000,0.01,0.9,0.0005,cuda,False,False,3,146,460,0.31218385696411133
random,1,results_v3_lr0p01,results_v3_lr0p01,small_cnn,sgd,10,128,20000,0.01,0.9,0.0005,cuda,False,False,3,147,461,-0.11163409054279327
random,1,results_v3_lr0p01,results_v3_lr0p01,small_cnn,sgd,10,128,20000,0.01,0.9,0.0005,cuda,False,False,3,148,462,0.564000129699707
random,1,results_v3_lr0p01,results_v3_lr0p01,small_cnn,sgd,10,128,20000,0.01,0.9,0.0005,cuda,False,False,3,149,463,0.030460327863693237
random,1,results_v3_lr0p01,results_v3_lr0p01,small_cnn,sgd,10,128,20000,0.01,0.9,0.0005,cuda,False,False,3,150,464,0.26263663172721863
random,1,results_v3_lr0p01,results_v3_lr0p01,small_cnn,sgd,10,128,20000,0.01,0.9,0.0005,cuda,False,False,3,151,465,0.8320748209953308
random,1,results_v3_lr0p01,results_v3_lr0p01,small_cnn,sgd,10,128,20000,0.01,0.9,0.0005,cuda,False,False,3,152,466,0.6849220395088196
random,1,results_v3_lr0p01,results_v3_lr0p01,small_cnn,sgd,10,128,20000,0.01,0.9,0.0005,cuda,False,False,3,153,467,0.177753284573555
random,1,results_v3_lr0p01,results_v3_lr0p01,small_cnn,sgd,10,128,20000,0.01,0.9,0.0005,cuda,False,False,3,154,468,0.14006051421165466
random,1,results_v3_lr0p01,results_v3_lr0p01,small_cnn,sgd,10,128,20000,0.01,0.9,0.0005,cuda,False,False,3,155,469,0.6889278888702393
random,1,results_v3_lr0p01,results_v3_lr0p01,small_cnn,sgd,10,128,20000,0.01,0.9,0.0005,cuda,False,False,3,156,470,0.6132820248603821
random,1,results_v3_lr0p01,results_v3_lr0p01,small_cnn,sgd,10,128,20000,0.01,0.9,0.0005,cuda,False,False,3,157,471,0.07670988142490387
random,1,results_v3_lr0p01,results_v3_lr0p01,small_cnn,sgd,10,128,20000,0.01,0.9,0.0005,cuda,False,False,4,1,472,0.2511305809020996
random,1,results_v3_lr0p01,results_v3_lr0p01,small_cnn,sgd,10,128,20000,0.01,0.9,0.0005,cuda,False,False,4,2,473,0.5345170497894287
random,1,results_v3_lr0p01,results_v3_lr0p01,small_cnn,sgd,10,128,20000,0.01,0.9,0.0005,cuda,False,False,4,3,474,0.5541078448295593
random,1,results_v3_lr0p01,results_v3_lr0p01,small_cnn,sgd,10,128,20000,0.01,0.9,0.0005,cuda,False,False,4,4,475,-0.11826300621032715
random,1,results_v3_lr0p01,results_v3_lr0p01,small_cnn,sgd,10,128,20000,0.01,0.9,0.0005,cuda,False,False,4,5,476,0.7534995675086975
random,1,results_v3_lr0p01,results_v3_lr0p01,small_cnn,sgd,10,128,20000,0.01,0.9,0.0005,cuda,False,False,4,6,477,0.5673685073852539
random,1,results_v3_lr0p01,results_v3_lr0p01,small_cnn,sgd,10,128,20000,0.01,0.9,0.0005,cuda,False,False,4,7,478,0.24562691152095795
random,1,results_v3_lr0p01,results_v3_lr0p01,small_cnn,sgd,10,128,20000,0.01,0.9,0.0005,cuda,False,False,4,8,479,-0.21065327525138855
random,1,results_v3_lr0p01,results_v3_lr0p01,small_cnn,sgd,10,128,20000,0.01,0.9,0.0005,cuda,False,False,4,9,480,0.5283018946647644
random,1,results_v3_lr0p01,results_v3_lr0p01,small_cnn,sgd,10,128,20000,0.01,0.9,0.0005,cuda,False,False,4,10,481,0.2916281223297119
random,1,results_v3_lr0p01,results_v3_lr0p01,small_cnn,sgd,10,128,20000,0.01,0.9,0.0005,cuda,False,False,4,11,482,0.42728209495544434
random,1,results_v3_lr0p01,results_v3_lr0p01,small_cnn,sgd,10,128,20000,0.01,0.9,0.0005,cuda,False,False,4,12,483,0.7120437026023865
random,1,results_v3_lr0p01,results_v3_lr0p01,small_cnn,sgd,10,128,20000,0.01,0.9,0.0005,cuda,False,False,4,13,484,0.03870457038283348
random,1,results_v3_lr0p01,results_v3_lr0p01,small_cnn,sgd,10,128,20000,0.01,0.9,0.0005,cuda,False,False,4,14,485,-0.03191596642136574
random,1,results_v3_lr0p01,results_v3_lr0p01,small_cnn,sgd,10,128,20000,0.01,0.9,0.0005,cuda,False,False,4,15,486,0.5402024984359741
random,1,results_v3_lr0p01,results_v3_lr0p01,small_cnn,sgd,10,128,20000,0.01,0.9,0.0005,cuda,False,False,4,16,487,0.6706907749176025
random,1,results_v3_lr0p01,results_v3_lr0p01,small_cnn,sgd,10,128,20000,0.01,0.9,0.0005,cuda,False,False,4,17,488,0.5893405675888062
random,1,results_v3_lr0p01,results_v3_lr0p01,small_cnn,sgd,10,128,20000,0.01,0.9,0.0005,cuda,False,False,4,18,489,0.3081660270690918
random,1,results_v3_lr0p01,results_v3_lr0p01,small_cnn,sgd,10,128,20000,0.01,0.9,0.0005,cuda,False,False,4,19,490,-0.09879183024168015
random,1,results_v3_lr0p01,results_v3_lr0p01,small_cnn,sgd,10,128,20000,0.01,0.9,0.0005,cuda,False,False,4,20,491,0.6375867128372192
random,1,results_v3_lr0p01,results_v3_lr0p01,small_cnn,sgd,10,128,20000,0.01,0.9,0.0005,cuda,False,False,4,21,492,0.8029977083206177
random,1,results_v3_lr0p01,results_v3_lr0p01,small_cnn,sgd,10,128,20000,0.01,0.9,0.0005,cuda,False,False,4,22,493,0.5321421027183533
random,1,results_v3_lr0p01,results_v3_lr0p01,small_cnn,sgd,10,128,20000,0.01,0.9,0.0005,cuda,False,False,4,23,494,0.025723110884428024
random,1,results_v3_lr0p01,results_v3_lr0p01,small_cnn,sgd,10,128,20000,0.01,0.9,0.0005,cuda,False,False,4,24,495,0.05705197900533676
random,1,results_v3_lr0p01,results_v3_lr0p01,small_cnn,sgd,10,128,20000,0.01,0.9,0.0005,cuda,False,False,4,25,496,0.6010846495628357
random,1,results_v3_lr0p01,results_v3_lr0p01,small_cnn,sgd,10,128,20000,0.01,0.9,0.0005,cuda,False,False,4,26,497,0.5096001625061035
random,1,results_v3_lr0p01,results_v3_lr0p01,small_cnn,sgd,10,128,20000,0.01,0.9,0.0005,cuda,False,False,4,27,498,0.6582061052322388
random,1,results_v3_lr0p01,results_v3_lr0p01,small_cnn,sgd,10,128,20000,0.01,0.9,0.0005,cuda,False,False,4,28,499,0.3522922396659851
random,1,results_v3_lr0p01,results_v3_lr0p01,small_cnn,sgd,10,128,20000,0.01,0.9,0.0005,cuda,False,False,4,29,500,0.3910582661628723
random,1,results_v3_lr0p01,results_v3_lr0p01,small_cnn,sgd,10,128,20000,0.01,0.9,0.0005,cuda,False,False,4,30,501,-0.037199243903160095
random,1,results_v3_lr0p01,results_v3_lr0p01,small_cnn,sgd,10,128,20000,0.01,0.9,0.0005,cuda,False,False,4,31,502,0.7964781522750854
random,1,results_v3_lr0p01,results_v3_lr0p01,small_cnn,sgd,10,128,20000,0.01,0.9,0.0005,cuda,False,False,4,32,503,0.7239491939544678
random,1,results_v3_lr0p01,results_v3_lr0p01,small_cnn,sgd,10,128,20000,0.01,0.9,0.0005,cuda,False,False,4,33,504,0.6418553590774536
random,1,results_v3_lr0p01,results_v3_lr0p01,small_cnn,sgd,10,128,20000,0.01,0.9,0.0005,cuda,False,False,4,34,505,-0.4297058582305908
random,1,results_v3_lr0p01,results_v3_lr0p01,small_cnn,sgd,10,128,20000,0.01,0.9,0.0005,cuda,False,False,4,35,506,0.5882968306541443
random,1,results_v3_lr0p01,results_v3_lr0p01,small_cnn,sgd,10,128,20000,0.01,0.9,0.0005,cuda,False,False,4,36,507,0.1717963069677353
random,1,results_v3_lr0p01,results_v3_lr0p01,small_cnn,sgd,10,128,20000,0.01,0.9,0.0005,cuda,False,False,4,37,508,-0.3618314266204834
random,1,results_v3_lr0p01,results_v3_lr0p01,small_cnn,sgd,10,128,20000,0.01,0.9,0.0005,cuda,False,False,4,38,509,-0.1401028037071228
random,1,results_v3_lr0p01,results_v3_lr0p01,small_cnn,sgd,10,128,20000,0.01,0.9,0.0005,cuda,False,False,4,39,510,0.031384725123643875
random,1,results_v3_lr0p01,results_v3_lr0p01,small_cnn,sgd,10,128,20000,0.01,0.9,0.0005,cuda,False,False,4,40,511,0.01639338955283165
random,1,results_v3_lr0p01,results_v3_lr0p01,small_cnn,sgd,10,128,20000,0.01,0.9,0.0005,cuda,False,False,4,41,512,0.1941407471895218
random,1,results_v3_lr0p01,results_v3_lr0p01,small_cnn,sgd,10,128,20000,0.01,0.9,0.0005,cuda,False,False,4,42,513,0.19491156935691833
random,1,results_v3_lr0p01,results_v3_lr0p01,small_cnn,sgd,10,128,20000,0.01,0.9,0.0005,cuda,False,False,4,43,514,0.4821484684944153
random,1,results_v3_lr0p01,results_v3_lr0p01,small_cnn,sgd,10,128,20000,0.01,0.9,0.0005,cuda,False,False,4,44,515,-0.03445115685462952
random,1,results_v3_lr0p01,results_v3_lr0p01,small_cnn,sgd,10,128,20000,0.01,0.9,0.0005,cuda,False,False,4,45,516,0.41113394498825073
random,1,results_v3_lr0p01,results_v3_lr0p01,small_cnn,sgd,10,128,20000,0.01,0.9,0.0005,cuda,False,False,4,46,517,-0.12796947360038757
random,1,results_v3_lr0p01,results_v3_lr0p01,small_cnn,sgd,10,128,20000,0.01,0.9,0.0005,cuda,False,False,4,47,518,0.1988290697336197
random,1,results_v3_lr0p01,results_v3_lr0p01,small_cnn,sgd,10,128,20000,0.01,0.9,0.0005,cuda,False,False,4,48,519,0.3212094306945801
random,1,results_v3_lr0p01,results_v3_lr0p01,small_cnn,sgd,10,128,20000,0.01,0.9,0.0005,cuda,False,False,4,49,520,-0.46826741099357605
random,1,results_v3_lr0p01,results_v3_lr0p01,small_cnn,sgd,10,128,20000,0.01,0.9,0.0005,cuda,False,False,4,50,521,0.5823121070861816
random,1,results_v3_lr0p01,results_v3_lr0p01,small_cnn,sgd,10,128,20000,0.01,0.9,0.0005,cuda,False,False,4,51,522,-0.1839178204536438
random,1,results_v3_lr0p01,results_v3_lr0p01,small_cnn,sgd,10,128,20000,0.01,0.9,0.0005,cuda,False,False,4,52,523,-0.1679399013519287
random,1,results_v3_lr0p01,results_v3_lr0p01,small_cnn,sgd,10,128,20000,0.01,0.9,0.0005,cuda,False,False,4,53,524,0.24069595336914062
random,1,results_v3_lr0p01,results_v3_lr0p01,small_cnn,sgd,10,128,20000,0.01,0.9,0.0005,cuda,False,False,4,54,525,0.06597279012203217
random,1,results_v3_lr0p01,results_v3_lr0p01,small_cnn,sgd,10,128,20000,0.01,0.9,0.0005,cuda,False,False,4,55,526,-0.03612492233514786
random,1,results_v3_lr0p01,results_v3_lr0p01,small_cnn,sgd,10,128,20000,0.01,0.9,0.0005,cuda,False,False,4,56,527,-0.5323573350906372
random,1,results_v3_lr0p01,results_v3_lr0p01,small_cnn,sgd,10,128,20000,0.01,0.9,0.0005,cuda,False,False,4,57,528,0.19238905608654022
random,1,results_v3_lr0p01,results_v3_lr0p01,small_cnn,sgd,10,128,20000,0.01,0.9,0.0005,cuda,False,False,4,58,529,-0.12270516157150269
random,1,results_v3_lr0p01,results_v3_lr0p01,small_cnn,sgd,10,128,20000,0.01,0.9,0.0005,cuda,False,False,4,59,530,0.10756701231002808
random,1,results_v3_lr0p01,results_v3_lr0p01,small_cnn,sgd,10,128,20000,0.01,0.9,0.0005,cuda,False,False,4,60,531,0.36806926131248474
random,1,results_v3_lr0p01,results_v3_lr0p01,small_cnn,sgd,10,128,20000,0.01,0.9,0.0005,cuda,False,False,4,61,532,0.10488242655992508
random,1,results_v3_lr0p01,results_v3_lr0p01,small_cnn,sgd,10,128,20000,0.01,0.9,0.0005,cuda,False,False,4,62,533,-0.23332493007183075
random,1,results_v3_lr0p01,results_v3_lr0p01,small_cnn,sgd,10,128,20000,0.01,0.9,0.0005,cuda,False,False,4,63,534,0.2554244101047516
random,1,results_v3_lr0p01,results_v3_lr0p01,small_cnn,sgd,10,128,20000,0.01,0.9,0.0005,cuda,False,False,4,64,535,0.1985258311033249
random,1,results_v3_lr0p01,results_v3_lr0p01,small_cnn,sgd,10,128,20000,0.01,0.9,0.0005,cuda,False,False,4,65,536,0.030654583126306534
random,1,results_v3_lr0p01,results_v3_lr0p01,small_cnn,sgd,10,128,20000,0.01,0.9,0.0005,cuda,False,False,4,66,537,-0.17555280029773712
random,1,results_v3_lr0p01,results_v3_lr0p01,small_cnn,sgd,10,128,20000,0.01,0.9,0.0005,cuda,False,False,4,67,538,0.2019786387681961
random,1,results_v3_lr0p01,results_v3_lr0p01,small_cnn,sgd,10,128,20000,0.01,0.9,0.0005,cuda,False,False,4,68,539,0.14108648896217346
random,1,results_v3_lr0p01,results_v3_lr0p01,small_cnn,sgd,10,128,20000,0.01,0.9,0.0005,cuda,False,False,4,69,540,-0.2151714712381363
random,1,results_v3_lr0p01,results_v3_lr0p01,small_cnn,sgd,10,128,20000,0.01,0.9,0.0005,cuda,False,False,4,70,541,0.023217445239424706
random,1,results_v3_lr0p01,results_v3_lr0p01,small_cnn,sgd,10,128,20000,0.01,0.9,0.0005,cuda,False,False,4,71,542,0.7022485733032227
random,1,results_v3_lr0p01,results_v3_lr0p01,small_cnn,sgd,10,128,20000,0.01,0.9,0.0005,cuda,False,False,4,72,543,-0.017776144668459892
random,1,results_v3_lr0p01,results_v3_lr0p01,small_cnn,sgd,10,128,20000,0.01,0.9,0.0005,cuda,False,False,4,73,544,0.009414248168468475
random,1,results_v3_lr0p01,results_v3_lr0p01,small_cnn,sgd,10,128,20000,0.01,0.9,0.0005,cuda,False,False,4,74,545,0.5927520990371704
random,1,results_v3_lr0p01,results_v3_lr0p01,small_cnn,sgd,10,128,20000,0.01,0.9,0.0005,cuda,False,False,4,75,546,0.44087648391723633
random,1,results_v3_lr0p01,results_v3_lr0p01,small_cnn,sgd,10,128,20000,0.01,0.9,0.0005,cuda,False,False,4,76,547,0.6071020364761353
random,1,results_v3_lr0p01,results_v3_lr0p01,small_cnn,sgd,10,128,20000,0.01,0.9,0.0005,cuda,False,False,4,77,548,-0.28460776805877686
random,1,results_v3_lr0p01,results_v3_lr0p01,small_cnn,sgd,10,128,20000,0.01,0.9,0.0005,cuda,False,False,4,78,549,0.2841246724128723
random,1,results_v3_lr0p01,results_v3_lr0p01,small_cnn,sgd,10,128,20000,0.01,0.9,0.0005,cuda,False,False,4,79,550,0.17607885599136353
random,1,results_v3_lr0p01,results_v3_lr0p01,small_cnn,sgd,10,128,20000,0.01,0.9,0.0005,cuda,False,False,4,80,551,0.33050963282585144
random,1,results_v3_lr0p01,results_v3_lr0p01,small_cnn,sgd,10,128,20000,0.01,0.9,0.0005,cuda,False,False,4,81,552,0.6505988836288452
random,1,results_v3_lr0p01,results_v3_lr0p01,small_cnn,sgd,10,128,20000,0.01,0.9,0.0005,cuda,False,False,4,82,553,0.26147890090942383
random,1,results_v3_lr0p01,results_v3_lr0p01,small_cnn,sgd,10,128,20000,0.01,0.9,0.0005,cuda,False,False,4,83,554,0.21988162398338318
random,1,results_v3_lr0p01,results_v3_lr0p01,small_cnn,sgd,10,128,20000,0.01,0.9,0.0005,cuda,False,False,4,84,555,0.19319267570972443
random,1,results_v3_lr0p01,results_v3_lr0p01,small_cnn,sgd,10,128,20000,0.01,0.9,0.0005,cuda,False,False,4,85,556,0.7575781345367432
random,1,results_v3_lr0p01,results_v3_lr0p01,small_cnn,sgd,10,128,20000,0.01,0.9,0.0005,cuda,False,False,4,86,557,0.42640018463134766
random,1,results_v3_lr0p01,results_v3_lr0p01,small_cnn,sgd,10,128,20000,0.01,0.9,0.0005,cuda,False,False,4,87,558,0.5905042886734009
random,1,results_v3_lr0p01,results_v3_lr0p01,small_cnn,sgd,10,128,20000,0.01,0.9,0.0005,cuda,False,False,4,88,559,-0.450437992811203
random,1,results_v3_lr0p01,results_v3_lr0p01,small_cnn,sgd,10,128,20000,0.01,0.9,0.0005,cuda,False,False,4,89,560,0.7538041472434998
random,1,results_v3_lr0p01,results_v3_lr0p01,small_cnn,sgd,10,128,20000,0.01,0.9,0.0005,cuda,False,False,4,90,561,0.7747228145599365
random,1,results_v3_lr0p01,results_v3_lr0p01,small_cnn,sgd,10,128,20000,0.01,0.9,0.0005,cuda,False,False,4,91,562,0.42648595571517944
random,1,results_v3_lr0p01,results_v3_lr0p01,small_cnn,sgd,10,128,20000,0.01,0.9,0.0005,cuda,False,False,4,92,563,0.24536773562431335
random,1,results_v3_lr0p01,results_v3_lr0p01,small_cnn,sgd,10,128,20000,0.01,0.9,0.0005,cuda,False,False,4,93,564,0.2073538899421692
random,1,results_v3_lr0p01,results_v3_lr0p01,small_cnn,sgd,10,128,20000,0.01,0.9,0.0005,cuda,False,False,4,94,565,0.06454715877771378
random,1,results_v3_lr0p01,results_v3_lr0p01,small_cnn,sgd,10,128,20000,0.01,0.9,0.0005,cuda,False,False,4,95,566,0.8178404569625854
random,1,results_v3_lr0p01,results_v3_lr0p01,small_cnn,sgd,10,128,20000,0.01,0.9,0.0005,cuda,False,False,4,96,567,0.26261401176452637
random,1,results_v3_lr0p01,results_v3_lr0p01,small_cnn,sgd,10,128,20000,0.01,0.9,0.0005,cuda,False,False,4,97,568,0.3160446286201477
random,1,results_v3_lr0p01,results_v3_lr0p01,small_cnn,sgd,10,128,20000,0.01,0.9,0.0005,cuda,False,False,4,98,569,0.5303940773010254
random,1,results_v3_lr0p01,results_v3_lr0p01,small_cnn,sgd,10,128,20000,0.01,0.9,0.0005,cuda,False,False,4,99,570,0.26830482482910156
random,1,results_v3_lr0p01,results_v3_lr0p01,small_cnn,sgd,10,128,20000,0.01,0.9,0.0005,cuda,False,False,4,100,571,0.4228057861328125
random,1,results_v3_lr0p01,results_v3_lr0p01,small_cnn,sgd,10,128,20000,0.01,0.9,0.0005,cuda,False,False,4,101,572,0.45468977093696594
random,1,results_v3_lr0p01,results_v3_lr0p01,small_cnn,sgd,10,128,20000,0.01,0.9,0.0005,cuda,False,False,4,102,573,0.7708488702774048
random,1,results_v3_lr0p01,results_v3_lr0p01,small_cnn,sgd,10,128,20000,0.01,0.9,0.0005,cuda,False,False,4,103,574,0.05761043354868889
random,1,results_v3_lr0p01,results_v3_lr0p01,small_cnn,sgd,10,128,20000,0.01,0.9,0.0005,cuda,False,False,4,104,575,0.4181860387325287
random,1,results_v3_lr0p01,results_v3_lr0p01,small_cnn,sgd,10,128,20000,0.01,0.9,0.0005,cuda,False,False,4,105,576,0.5725787878036499
random,1,results_v3_lr0p01,results_v3_lr0p01,small_cnn,sgd,10,128,20000,0.01,0.9,0.0005,cuda,False,False,4,106,577,-0.4341990351676941
random,1,results_v3_lr0p01,results_v3_lr0p01,small_cnn,sgd,10,128,20000,0.01,0.9,0.0005,cuda,False,False,4,107,578,0.24975848197937012
random,1,results_v3_lr0p01,results_v3_lr0p01,small_cnn,sgd,10,128,20000,0.01,0.9,0.0005,cuda,False,False,4,108,579,0.0344744473695755
random,1,results_v3_lr0p01,results_v3_lr0p01,small_cnn,sgd,10,128,20000,0.01,0.9,0.0005,cuda,False,False,4,109,580,-0.4364805221557617
random,1,results_v3_lr0p01,results_v3_lr0p01,small_cnn,sgd,10,128,20000,0.01,0.9,0.0005,cuda,False,False,4,110,581,-0.13159292936325073
random,1,results_v3_lr0p01,results_v3_lr0p01,small_cnn,sgd,10,128,20000,0.01,0.9,0.0005,cuda,False,False,4,111,582,0.30461567640304565
random,1,results_v3_lr0p01,results_v3_lr0p01,small_cnn,sgd,10,128,20000,0.01,0.9,0.0005,cuda,False,False,4,112,583,0.7346165180206299
random,1,results_v3_lr0p01,results_v3_lr0p01,small_cnn,sgd,10,128,20000,0.01,0.9,0.0005,cuda,False,False,4,113,584,0.7541964054107666
random,1,results_v3_lr0p01,results_v3_lr0p01,small_cnn,sgd,10,128,20000,0.01,0.9,0.0005,cuda,False,False,4,114,585,0.15462461113929749
random,1,results_v3_lr0p01,results_v3_lr0p01,small_cnn,sgd,10,128,20000,0.01,0.9,0.0005,cuda,False,False,4,115,586,-0.009607754647731781
random,1,results_v3_lr0p01,results_v3_lr0p01,small_cnn,sgd,10,128,20000,0.01,0.9,0.0005,cuda,False,False,4,116,587,0.4356510639190674
random,1,results_v3_lr0p01,results_v3_lr0p01,small_cnn,sgd,10,128,20000,0.01,0.9,0.0005,cuda,False,False,4,117,588,0.6055303812026978
random,1,results_v3_lr0p01,results_v3_lr0p01,small_cnn,sgd,10,128,20000,0.01,0.9,0.0005,cuda,False,False,4,118,589,0.45732352137565613
random,1,results_v3_lr0p01,results_v3_lr0p01,small_cnn,sgd,10,128,20000,0.01,0.9,0.0005,cuda,False,False,4,119,590,0.12450184673070908
random,1,results_v3_lr0p01,results_v3_lr0p01,small_cnn,sgd,10,128,20000,0.01,0.9,0.0005,cuda,False,False,4,120,591,0.5821424722671509
random,1,results_v3_lr0p01,results_v3_lr0p01,small_cnn,sgd,10,128,20000,0.01,0.9,0.0005,cuda,False,False,4,121,592,0.3060991168022156
random,1,results_v3_lr0p01,results_v3_lr0p01,small_cnn,sgd,10,128,20000,0.01,0.9,0.0005,cuda,False,False,4,122,593,0.38045695424079895
random,1,results_v3_lr0p01,results_v3_lr0p01,small_cnn,sgd,10,128,20000,0.01,0.9,0.0005,cuda,False,False,4,123,594,0.3692803978919983
random,1,results_v3_lr0p01,results_v3_lr0p01,small_cnn,sgd,10,128,20000,0.01,0.9,0.0005,cuda,False,False,4,124,595,0.004414791241288185
random,1,results_v3_lr0p01,results_v3_lr0p01,small_cnn,sgd,10,128,20000,0.01,0.9,0.0005,cuda,False,False,4,125,596,0.52693772315979
random,1,results_v3_lr0p01,results_v3_lr0p01,small_cnn,sgd,10,128,20000,0.01,0.9,0.0005,cuda,False,False,4,126,597,0.6988954544067383
random,1,results_v3_lr0p01,results_v3_lr0p01,small_cnn,sgd,10,128,20000,0.01,0.9,0.0005,cuda,False,False,4,127,598,0.40853315591812134
random,1,results_v3_lr0p01,results_v3_lr0p01,small_cnn,sgd,10,128,20000,0.01,0.9,0.0005,cuda,False,False,4,128,599,-0.08171667903661728
random,1,results_v3_lr0p01,results_v3_lr0p01,small_cnn,sgd,10,128,20000,0.01,0.9,0.0005,cuda,False,False,4,129,600,0.6301462650299072
random,1,results_v3_lr0p01,results_v3_lr0p01,small_cnn,sgd,10,128,20000,0.01,0.9,0.0005,cuda,False,False,4,130,601,0.24223005771636963
random,1,results_v3_lr0p01,results_v3_lr0p01,small_cnn,sgd,10,128,20000,0.01,0.9,0.0005,cuda,False,False,4,131,602,0.4897652566432953
random,1,results_v3_lr0p01,results_v3_lr0p01,small_cnn,sgd,10,128,20000,0.01,0.9,0.0005,cuda,False,False,4,132,603,0.33712437748908997
random,1,results_v3_lr0p01,results_v3_lr0p01,small_cnn,sgd,10,128,20000,0.01,0.9,0.0005,cuda,False,False,4,133,604,0.4708612561225891
random,1,results_v3_lr0p01,results_v3_lr0p01,small_cnn,sgd,10,128,20000,0.01,0.9,0.0005,cuda,False,False,4,134,605,0.386918306350708
random,1,results_v3_lr0p01,results_v3_lr0p01,small_cnn,sgd,10,128,20000,0.01,0.9,0.0005,cuda,False,False,4,135,606,0.32141515612602234
random,1,results_v3_lr0p01,results_v3_lr0p01,small_cnn,sgd,10,128,20000,0.01,0.9,0.0005,cuda,False,False,4,136,607,-0.015282830223441124
random,1,results_v3_lr0p01,results_v3_lr0p01,small_cnn,sgd,10,128,20000,0.01,0.9,0.0005,cuda,False,False,4,137,608,-0.028773123398423195
random,1,results_v3_lr0p01,results_v3_lr0p01,small_cnn,sgd,10,128,20000,0.01,0.9,0.0005,cuda,False,False,4,138,609,-0.13019628822803497
random,1,results_v3_lr0p01,results_v3_lr0p01,small_cnn,sgd,10,128,20000,0.01,0.9,0.0005,cuda,False,False,4,139,610,0.27980443835258484
random,1,results_v3_lr0p01,results_v3_lr0p01,small_cnn,sgd,10,128,20000,0.01,0.9,0.0005,cuda,False,False,4,140,611,-0.47166359424591064
random,1,results_v3_lr0p01,results_v3_lr0p01,small_cnn,sgd,10,128,20000,0.01,0.9,0.0005,cuda,False,False,4,141,612,0.3941332697868347
random,1,results_v3_lr0p01,results_v3_lr0p01,small_cnn,sgd,10,128,20000,0.01,0.9,0.0005,cuda,False,False,4,142,613,0.34588778018951416
random,1,results_v3_lr0p01,results_v3_lr0p01,small_cnn,sgd,10,128,20000,0.01,0.9,0.0005,cuda,False,False,4,143,614,0.10492660105228424
random,1,results_v3_lr0p01,results_v3_lr0p01,small_cnn,sgd,10,128,20000,0.01,0.9,0.0005,cuda,False,False,4,144,615,-0.08681729435920715
random,1,results_v3_lr0p01,results_v3_lr0p01,small_cnn,sgd,10,128,20000,0.01,0.9,0.0005,cuda,False,False,4,145,616,0.371798574924469
random,1,results_v3_lr0p01,results_v3_lr0p01,small_cnn,sgd,10,128,20000,0.01,0.9,0.0005,cuda,False,False,4,146,617,-0.2483808398246765
random,1,results_v3_lr0p01,results_v3_lr0p01,small_cnn,sgd,10,128,20000,0.01,0.9,0.0005,cuda,False,False,4,147,618,-0.19255675375461578
random,1,results_v3_lr0p01,results_v3_lr0p01,small_cnn,sgd,10,128,20000,0.01,0.9,0.0005,cuda,False,False,4,148,619,0.25517988204956055
random,1,results_v3_lr0p01,results_v3_lr0p01,small_cnn,sgd,10,128,20000,0.01,0.9,0.0005,cuda,False,False,4,149,620,0.5575733184814453
random,1,results_v3_lr0p01,results_v3_lr0p01,small_cnn,sgd,10,128,20000,0.01,0.9,0.0005,cuda,False,False,4,150,621,0.3966543972492218
random,1,results_v3_lr0p01,results_v3_lr0p01,small_cnn,sgd,10,128,20000,0.01,0.9,0.0005,cuda,False,False,4,151,622,0.250512033700943
random,1,results_v3_lr0p01,results_v3_lr0p01,small_cnn,sgd,10,128,20000,0.01,0.9,0.0005,cuda,False,False,4,152,623,-0.22611182928085327
random,1,results_v3_lr0p01,results_v3_lr0p01,small_cnn,sgd,10,128,20000,0.01,0.9,0.0005,cuda,False,False,4,153,624,0.6819864511489868
random,1,results_v3_lr0p01,results_v3_lr0p01,small_cnn,sgd,10,128,20000,0.01,0.9,0.0005,cuda,False,False,4,154,625,0.5630719661712646
random,1,results_v3_lr0p01,results_v3_lr0p01,small_cnn,sgd,10,128,20000,0.01,0.9,0.0005,cuda,False,False,4,155,626,-0.32238247990608215
random,1,results_v3_lr0p01,results_v3_lr0p01,small_cnn,sgd,10,128,20000,0.01,0.9,0.0005,cuda,False,False,4,156,627,-0.17632851004600525
random,1,results_v3_lr0p01,results_v3_lr0p01,small_cnn,sgd,10,128,20000,0.01,0.9,0.0005,cuda,False,False,4,157,628,0.3366631865501404
random,1,results_v3_lr0p01,results_v3_lr0p01,small_cnn,sgd,10,128,20000,0.01,0.9,0.0005,cuda,False,False,5,1,629,-0.012170212343335152
random,1,results_v3_lr0p01,results_v3_lr0p01,small_cnn,sgd,10,128,20000,0.01,0.9,0.0005,cuda,False,False,5,2,630,-0.20190274715423584
random,1,results_v3_lr0p01,results_v3_lr0p01,small_cnn,sgd,10,128,20000,0.01,0.9,0.0005,cuda,False,False,5,3,631,0.5954858660697937
random,1,results_v3_lr0p01,results_v3_lr0p01,small_cnn,sgd,10,128,20000,0.01,0.9,0.0005,cuda,False,False,5,4,632,0.7370193600654602
random,1,results_v3_lr0p01,results_v3_lr0p01,small_cnn,sgd,10,128,20000,0.01,0.9,0.0005,cuda,False,False,5,5,633,-0.0769789069890976
random,1,results_v3_lr0p01,results_v3_lr0p01,small_cnn,sgd,10,128,20000,0.01,0.9,0.0005,cuda,False,False,5,6,634,0.5233390927314758
random,1,results_v3_lr0p01,results_v3_lr0p01,small_cnn,sgd,10,128,20000,0.01,0.9,0.0005,cuda,False,False,5,7,635,0.7232547998428345
random,1,results_v3_lr0p01,results_v3_lr0p01,small_cnn,sgd,10,128,20000,0.01,0.9,0.0005,cuda,False,False,5,8,636,-0.2427605390548706
random,1,results_v3_lr0p01,results_v3_lr0p01,small_cnn,sgd,10,128,20000,0.01,0.9,0.0005,cuda,False,False,5,9,637,0.2637656331062317
random,1,results_v3_lr0p01,results_v3_lr0p01,small_cnn,sgd,10,128,20000,0.01,0.9,0.0005,cuda,False,False,5,10,638,0.47830480337142944
random,1,results_v3_lr0p01,results_v3_lr0p01,small_cnn,sgd,10,128,20000,0.01,0.9,0.0005,cuda,False,False,5,11,639,-0.3564899265766144
random,1,results_v3_lr0p01,results_v3_lr0p01,small_cnn,sgd,10,128,20000,0.01,0.9,0.0005,cuda,False,False,5,12,640,0.2850489616394043
random,1,results_v3_lr0p01,results_v3_lr0p01,small_cnn,sgd,10,128,20000,0.01,0.9,0.0005,cuda,False,False,5,13,641,0.5669314861297607
random,1,results_v3_lr0p01,results_v3_lr0p01,small_cnn,sgd,10,128,20000,0.01,0.9,0.0005,cuda,False,False,5,14,642,0.3078066110610962
random,1,results_v3_lr0p01,results_v3_lr0p01,small_cnn,sgd,10,128,20000,0.01,0.9,0.0005,cuda,False,False,5,15,643,-0.2496064007282257
random,1,results_v3_lr0p01,results_v3_lr0p01,small_cnn,sgd,10,128,20000,0.01,0.9,0.0005,cuda,False,False,5,16,644,-0.1584858000278473
random,1,results_v3_lr0p01,results_v3_lr0p01,small_cnn,sgd,10,128,20000,0.01,0.9,0.0005,cuda,False,False,5,17,645,0.1798306405544281
random,1,results_v3_lr0p01,results_v3_lr0p01,small_cnn,sgd,10,128,20000,0.01,0.9,0.0005,cuda,False,False,5,18,646,-0.1879694163799286
random,1,results_v3_lr0p01,results_v3_lr0p01,small_cnn,sgd,10,128,20000,0.01,0.9,0.0005,cuda,False,False,5,19,647,-0.19858622550964355
random,1,results_v3_lr0p01,results_v3_lr0p01,small_cnn,sgd,10,128,20000,0.01,0.9,0.0005,cuda,False,False,5,20,648,0.3032035827636719
random,1,results_v3_lr0p01,results_v3_lr0p01,small_cnn,sgd,10,128,20000,0.01,0.9,0.0005,cuda,False,False,5,21,649,0.2686104476451874
random,1,results_v3_lr0p01,results_v3_lr0p01,small_cnn,sgd,10,128,20000,0.01,0.9,0.0005,cuda,False,False,5,22,650,-0.09530991315841675
random,1,results_v3_lr0p01,results_v3_lr0p01,small_cnn,sgd,10,128,20000,0.01,0.9,0.0005,cuda,False,False,5,23,651,-0.43958526849746704
random,1,results_v3_lr0p01,results_v3_lr0p01,small_cnn,sgd,10,128,20000,0.01,0.9,0.0005,cuda,False,False,5,24,652,0.7274165749549866
random,1,results_v3_lr0p01,results_v3_lr0p01,small_cnn,sgd,10,128,20000,0.01,0.9,0.0005,cuda,False,False,5,25,653,0.41045063734054565
random,1,results_v3_lr0p01,results_v3_lr0p01,small_cnn,sgd,10,128,20000,0.01,0.9,0.0005,cuda,False,False,5,26,654,0.5945847630500793
random,1,results_v3_lr0p01,results_v3_lr0p01,small_cnn,sgd,10,128,20000,0.01,0.9,0.0005,cuda,False,False,5,27,655,0.02470269426703453
random,1,results_v3_lr0p01,results_v3_lr0p01,small_cnn,sgd,10,128,20000,0.01,0.9,0.0005,cuda,False,False,5,28,656,0.03384614735841751
random,1,results_v3_lr0p01,results_v3_lr0p01,small_cnn,sgd,10,128,20000,0.01,0.9,0.0005,cuda,False,False,5,29,657,0.6462064981460571
random,1,results_v3_lr0p01,results_v3_lr0p01,small_cnn,sgd,10,128,20000,0.01,0.9,0.0005,cuda,False,False,5,30,658,0.25483059883117676
random,1,results_v3_lr0p01,results_v3_lr0p01,small_cnn,sgd,10,128,20000,0.01,0.9,0.0005,cuda,False,False,5,31,659,-0.18850699067115784
random,1,results_v3_lr0p01,results_v3_lr0p01,small_cnn,sgd,10,128,20000,0.01,0.9,0.0005,cuda,False,False,5,32,660,0.5626617670059204
random,1,results_v3_lr0p01,results_v3_lr0p01,small_cnn,sgd,10,128,20000,0.01,0.9,0.0005,cuda,False,False,5,33,661,0.20882871747016907
random,1,results_v3_lr0p01,results_v3_lr0p01,small_cnn,sgd,10,128,20000,0.01,0.9,0.0005,cuda,False,False,5,34,662,0.10459646582603455
random,1,results_v3_lr0p01,results_v3_lr0p01,small_cnn,sgd,10,128,20000,0.01,0.9,0.0005,cuda,False,False,5,35,663,0.6571129560470581
random,1,results_v3_lr0p01,results_v3_lr0p01,small_cnn,sgd,10,128,20000,0.01,0.9,0.0005,cuda,False,False,5,36,664,0.4105590879917145
random,1,results_v3_lr0p01,results_v3_lr0p01,small_cnn,sgd,10,128,20000,0.01,0.9,0.0005,cuda,False,False,5,37,665,0.19140197336673737
random,1,results_v3_lr0p01,results_v3_lr0p01,small_cnn,sgd,10,128,20000,0.01,0.9,0.0005,cuda,False,False,5,38,666,-0.3789297938346863
random,1,results_v3_lr0p01,results_v3_lr0p01,small_cnn,sgd,10,128,20000,0.01,0.9,0.0005,cuda,False,False,5,39,667,0.7689367532730103
random,1,results_v3_lr0p01,results_v3_lr0p01,small_cnn,sgd,10,128,20000,0.01,0.9,0.0005,cuda,False,False,5,40,668,0.7573360204696655
random,1,results_v3_lr0p01,results_v3_lr0p01,small_cnn,sgd,10,128,20000,0.01,0.9,0.0005,cuda,False,False,5,41,669,0.24939975142478943
random,1,results_v3_lr0p01,results_v3_lr0p01,small_cnn,sgd,10,128,20000,0.01,0.9,0.0005,cuda,False,False,5,42,670,0.3628852367401123
random,1,results_v3_lr0p01,results_v3_lr0p01,small_cnn,sgd,10,128,20000,0.01,0.9,0.0005,cuda,False,False,5,43,671,0.5738438367843628
random,1,results_v3_lr0p01,results_v3_lr0p01,small_cnn,sgd,10,128,20000,0.01,0.9,0.0005,cuda,False,False,5,44,672,0.5618880987167358
random,1,results_v3_lr0p01,results_v3_lr0p01,small_cnn,sgd,10,128,20000,0.01,0.9,0.0005,cuda,False,False,5,45,673,0.36850374937057495
random,1,results_v3_lr0p01,results_v3_lr0p01,small_cnn,sgd,10,128,20000,0.01,0.9,0.0005,cuda,False,False,5,46,674,0.49054837226867676
random,1,results_v3_lr0p01,results_v3_lr0p01,small_cnn,sgd,10,128,20000,0.01,0.9,0.0005,cuda,False,False,5,47,675,0.46414726972579956
random,1,results_v3_lr0p01,results_v3_lr0p01,small_cnn,sgd,10,128,20000,0.01,0.9,0.0005,cuda,False,False,5,48,676,0.530286431312561
random,1,results_v3_lr0p01,results_v3_lr0p01,small_cnn,sgd,10,128,20000,0.01,0.9,0.0005,cuda,False,False,5,49,677,0.3276326656341553
random,1,results_v3_lr0p01,results_v3_lr0p01,small_cnn,sgd,10,128,20000,0.01,0.9,0.0005,cuda,False,False,5,50,678,0.4884034991264343
random,1,results_v3_lr0p01,results_v3_lr0p01,small_cnn,sgd,10,128,20000,0.01,0.9,0.0005,cuda,False,False,5,51,679,-0.20147331058979034
random,1,results_v3_lr0p01,results_v3_lr0p01,small_cnn,sgd,10,128,20000,0.01,0.9,0.0005,cuda,False,False,5,52,680,-0.06852968037128448
random,1,results_v3_lr0p01,results_v3_lr0p01,small_cnn,sgd,10,128,20000,0.01,0.9,0.0005,cuda,False,False,5,53,681,0.3561064600944519
random,1,results_v3_lr0p01,results_v3_lr0p01,small_cnn,sgd,10,128,20000,0.01,0.9,0.0005,cuda,False,False,5,54,682,0.013591425493359566
random,1,results_v3_lr0p01,results_v3_lr0p01,small_cnn,sgd,10,128,20000,0.01,0.9,0.0005,cuda,False,False,5,55,683,0.70137619972229
random,1,results_v3_lr0p01,results_v3_lr0p01,small_cnn,sgd,10,128,20000,0.01,0.9,0.0005,cuda,False,False,5,56,684,0.4077325165271759
random,1,results_v3_lr0p01,results_v3_lr0p01,small_cnn,sgd,10,128,20000,0.01,0.9,0.0005,cuda,False,False,5,57,685,-0.22694095969200134
random,1,results_v3_lr0p01,results_v3_lr0p01,small_cnn,sgd,10,128,20000,0.01,0.9,0.0005,cuda,False,False,5,58,686,0.5944927930831909
random,1,results_v3_lr0p01,results_v3_lr0p01,small_cnn,sgd,10,128,20000,0.01,0.9,0.0005,cuda,False,False,5,59,687,0.14739587903022766
random,1,results_v3_lr0p01,results_v3_lr0p01,small_cnn,sgd,10,128,20000,0.01,0.9,0.0005,cuda,False,False,5,60,688,-0.24417626857757568
random,1,results_v3_lr0p01,results_v3_lr0p01,small_cnn,sgd,10,128,20000,0.01,0.9,0.0005,cuda,False,False,5,61,689,0.061594489961862564
random,1,results_v3_lr0p01,results_v3_lr0p01,small_cnn,sgd,10,128,20000,0.01,0.9,0.0005,cuda,False,False,5,62,690,0.21946322917938232
random,1,results_v3_lr0p01,results_v3_lr0p01,small_cnn,sgd,10,128,20000,0.01,0.9,0.0005,cuda,False,False,5,63,691,-0.03486763685941696
random,1,results_v3_lr0p01,results_v3_lr0p01,small_cnn,sgd,10,128,20000,0.01,0.9,0.0005,cuda,False,False,5,64,692,-0.1583959013223648
random,1,results_v3_lr0p01,results_v3_lr0p01,small_cnn,sgd,10,128,20000,0.01,0.9,0.0005,cuda,False,False,5,65,693,0.3413088917732239
random,1,results_v3_lr0p01,results_v3_lr0p01,small_cnn,sgd,10,128,20000,0.01,0.9,0.0005,cuda,False,False,5,66,694,-0.043295372277498245
random,1,results_v3_lr0p01,results_v3_lr0p01,small_cnn,sgd,10,128,20000,0.01,0.9,0.0005,cuda,False,False,5,67,695,0.19514140486717224
random,1,results_v3_lr0p01,results_v3_lr0p01,small_cnn,sgd,10,128,20000,0.01,0.9,0.0005,cuda,False,False,5,68,696,-0.18684729933738708
random,1,results_v3_lr0p01,results_v3_lr0p01,small_cnn,sgd,10,128,20000,0.01,0.9,0.0005,cuda,False,False,5,69,697,-0.2624557614326477
random,1,results_v3_lr0p01,results_v3_lr0p01,small_cnn,sgd,10,128,20000,0.01,0.9,0.0005,cuda,False,False,5,70,698,0.09713687002658844
random,1,results_v3_lr0p01,results_v3_lr0p01,small_cnn,sgd,10,128,20000,0.01,0.9,0.0005,cuda,False,False,5,71,699,0.28518009185791016
random,1,results_v3_lr0p01,results_v3_lr0p01,small_cnn,sgd,10,128,20000,0.01,0.9,0.0005,cuda,False,False,5,72,700,-0.06990347802639008
random,1,results_v3_lr0p01,results_v3_lr0p01,small_cnn,sgd,10,128,20000,0.01,0.9,0.0005,cuda,False,False,5,73,701,-0.05271640047430992
random,1,results_v3_lr0p01,results_v3_lr0p01,small_cnn,sgd,10,128,20000,0.01,0.9,0.0005,cuda,False,False,5,74,702,-0.07488269358873367
random,1,results_v3_lr0p01,results_v3_lr0p01,small_cnn,sgd,10,128,20000,0.01,0.9,0.0005,cuda,False,False,5,75,703,0.24421072006225586
random,1,results_v3_lr0p01,results_v3_lr0p01,small_cnn,sgd,10,128,20000,0.01,0.9,0.0005,cuda,False,False,5,76,704,-0.18074870109558105
random,1,results_v3_lr0p01,results_v3_lr0p01,small_cnn,sgd,10,128,20000,0.01,0.9,0.0005,cuda,False,False,5,77,705,0.39835667610168457
random,1,results_v3_lr0p01,results_v3_lr0p01,small_cnn,sgd,10,128,20000,0.01,0.9,0.0005,cuda,False,False,5,78,706,-0.2213723361492157
random,1,results_v3_lr0p01,results_v3_lr0p01,small_cnn,sgd,10,128,20000,0.01,0.9,0.0005,cuda,False,False,5,79,707,0.3322542607784271
random,1,results_v3_lr0p01,results_v3_lr0p01,small_cnn,sgd,10,128,20000,0.01,0.9,0.0005,cuda,False,False,5,80,708,0.1837477833032608
random,1,results_v3_lr0p01,results_v3_lr0p01,small_cnn,sgd,10,128,20000,0.01,0.9,0.0005,cuda,False,False,5,81,709,0.1515190750360489
random,1,results_v3_lr0p01,results_v3_lr0p01,small_cnn,sgd,10,128,20000,0.01,0.9,0.0005,cuda,False,False,5,82,710,0.06324423849582672
random,1,results_v3_lr0p01,results_v3_lr0p01,small_cnn,sgd,10,128,20000,0.01,0.9,0.0005,cuda,False,False,5,83,711,-0.2545691132545471
random,1,results_v3_lr0p01,results_v3_lr0p01,small_cnn,sgd,10,128,20000,0.01,0.9,0.0005,cuda,False,False,5,84,712,0.34498339891433716
random,1,results_v3_lr0p01,results_v3_lr0p01,small_cnn,sgd,10,128,20000,0.01,0.9,0.0005,cuda,False,False,5,85,713,-0.33714181184768677
random,1,results_v3_lr0p01,results_v3_lr0p01,small_cnn,sgd,10,128,20000,0.01,0.9,0.0005,cuda,False,False,5,86,714,0.2436695396900177
random,1,results_v3_lr0p01,results_v3_lr0p01,small_cnn,sgd,10,128,20000,0.01,0.9,0.0005,cuda,False,False,5,87,715,-0.13039949536323547
random,1,results_v3_lr0p01,results_v3_lr0p01,small_cnn,sgd,10,128,20000,0.01,0.9,0.0005,cuda,False,False,5,88,716,0.06017264351248741
random,1,results_v3_lr0p01,results_v3_lr0p01,small_cnn,sgd,10,128,20000,0.01,0.9,0.0005,cuda,False,False,5,89,717,0.405975878238678
random,1,results_v3_lr0p01,results_v3_lr0p01,small_cnn,sgd,10,128,20000,0.01,0.9,0.0005,cuda,False,False,5,90,718,-0.17124606668949127
random,1,results_v3_lr0p01,results_v3_lr0p01,small_cnn,sgd,10,128,20000,0.01,0.9,0.0005,cuda,False,False,5,91,719,-0.024594109505414963
random,1,results_v3_lr0p01,results_v3_lr0p01,small_cnn,sgd,10,128,20000,0.01,0.9,0.0005,cuda,False,False,5,92,720,0.4248894453048706
random,1,results_v3_lr0p01,results_v3_lr0p01,small_cnn,sgd,10,128,20000,0.01,0.9,0.0005,cuda,False,False,5,93,721,0.22036325931549072
random,1,results_v3_lr0p01,results_v3_lr0p01,small_cnn,sgd,10,128,20000,0.01,0.9,0.0005,cuda,False,False,5,94,722,0.46904805302619934
random,1,results_v3_lr0p01,results_v3_lr0p01,small_cnn,sgd,10,128,20000,0.01,0.9,0.0005,cuda,False,False,5,95,723,0.3315805196762085
random,1,results_v3_lr0p01,results_v3_lr0p01,small_cnn,sgd,10,128,20000,0.01,0.9,0.0005,cuda,False,False,5,96,724,0.46017175912857056
random,1,results_v3_lr0p01,results_v3_lr0p01,small_cnn,sgd,10,128,20000,0.01,0.9,0.0005,cuda,False,False,5,97,725,0.48264288902282715
random,1,results_v3_lr0p01,results_v3_lr0p01,small_cnn,sgd,10,128,20000,0.01,0.9,0.0005,cuda,False,False,5,98,726,0.3125901222229004
random,1,results_v3_lr0p01,results_v3_lr0p01,small_cnn,sgd,10,128,20000,0.01,0.9,0.0005,cuda,False,False,5,99,727,-0.48873844742774963
random,1,results_v3_lr0p01,results_v3_lr0p01,small_cnn,sgd,10,128,20000,0.01,0.9,0.0005,cuda,False,False,5,100,728,-0.12537260353565216
random,1,results_v3_lr0p01,results_v3_lr0p01,small_cnn,sgd,10,128,20000,0.01,0.9,0.0005,cuda,False,False,5,101,729,0.3823089301586151
random,1,results_v3_lr0p01,results_v3_lr0p01,small_cnn,sgd,10,128,20000,0.01,0.9,0.0005,cuda,False,False,5,102,730,-0.06788556277751923
random,1,results_v3_lr0p01,results_v3_lr0p01,small_cnn,sgd,10,128,20000,0.01,0.9,0.0005,cuda,False,False,5,103,731,0.04835759103298187
random,1,results_v3_lr0p01,results_v3_lr0p01,small_cnn,sgd,10,128,20000,0.01,0.9,0.0005,cuda,False,False,5,104,732,0.15739615261554718
random,1,results_v3_lr0p01,results_v3_lr0p01,small_cnn,sgd,10,128,20000,0.01,0.9,0.0005,cuda,False,False,5,105,733,0.17022724449634552
random,1,results_v3_lr0p01,results_v3_lr0p01,small_cnn,sgd,10,128,20000,0.01,0.9,0.0005,cuda,False,False,5,106,734,0.19130799174308777
random,1,results_v3_lr0p01,results_v3_lr0p01,small_cnn,sgd,10,128,20000,0.01,0.9,0.0005,cuda,False,False,5,107,735,0.09210891276597977
random,1,results_v3_lr0p01,results_v3_lr0p01,small_cnn,sgd,10,128,20000,0.01,0.9,0.0005,cuda,False,False,5,108,736,-0.038214825093746185
random,1,results_v3_lr0p01,results_v3_lr0p01,small_cnn,sgd,10,128,20000,0.01,0.9,0.0005,cuda,False,False,5,109,737,0.08916714787483215
random,1,results_v3_lr0p01,results_v3_lr0p01,small_cnn,sgd,10,128,20000,0.01,0.9,0.0005,cuda,False,False,5,110,738,0.35973620414733887
random,1,results_v3_lr0p01,results_v3_lr0p01,small_cnn,sgd,10,128,20000,0.01,0.9,0.0005,cuda,False,False,5,111,739,0.5169850587844849
random,1,results_v3_lr0p01,results_v3_lr0p01,small_cnn,sgd,10,128,20000,0.01,0.9,0.0005,cuda,False,False,5,112,740,-0.5378126502037048
random,1,results_v3_lr0p01,results_v3_lr0p01,small_cnn,sgd,10,128,20000,0.01,0.9,0.0005,cuda,False,False,5,113,741,0.5818073749542236
random,1,results_v3_lr0p01,results_v3_lr0p01,small_cnn,sgd,10,128,20000,0.01,0.9,0.0005,cuda,False,False,5,114,742,0.16012518107891083
random,1,results_v3_lr0p01,results_v3_lr0p01,small_cnn,sgd,10,128,20000,0.01,0.9,0.0005,cuda,False,False,5,115,743,0.2188795953989029
random,1,results_v3_lr0p01,results_v3_lr0p01,small_cnn,sgd,10,128,20000,0.01,0.9,0.0005,cuda,False,False,5,116,744,0.16179624199867249
random,1,results_v3_lr0p01,results_v3_lr0p01,small_cnn,sgd,10,128,20000,0.01,0.9,0.0005,cuda,False,False,5,117,745,0.031183071434497833
random,1,results_v3_lr0p01,results_v3_lr0p01,small_cnn,sgd,10,128,20000,0.01,0.9,0.0005,cuda,False,False,5,118,746,-0.10599300265312195
random,1,results_v3_lr0p01,results_v3_lr0p01,small_cnn,sgd,10,128,20000,0.01,0.9,0.0005,cuda,False,False,5,119,747,0.5062994956970215
random,1,results_v3_lr0p01,results_v3_lr0p01,small_cnn,sgd,10,128,20000,0.01,0.9,0.0005,cuda,False,False,5,120,748,0.500264585018158
random,1,results_v3_lr0p01,results_v3_lr0p01,small_cnn,sgd,10,128,20000,0.01,0.9,0.0005,cuda,False,False,5,121,749,-0.09782914072275162
random,1,results_v3_lr0p01,results_v3_lr0p01,small_cnn,sgd,10,128,20000,0.01,0.9,0.0005,cuda,False,False,5,122,750,0.38140687346458435
random,1,results_v3_lr0p01,results_v3_lr0p01,small_cnn,sgd,10,128,20000,0.01,0.9,0.0005,cuda,False,False,5,123,751,0.05208270996809006
random,1,results_v3_lr0p01,results_v3_lr0p01,small_cnn,sgd,10,128,20000,0.01,0.9,0.0005,cuda,False,False,5,124,752,0.4403592646121979
random,1,results_v3_lr0p01,results_v3_lr0p01,small_cnn,sgd,10,128,20000,0.01,0.9,0.0005,cuda,False,False,5,125,753,-0.2567233443260193
random,1,results_v3_lr0p01,results_v3_lr0p01,small_cnn,sgd,10,128,20000,0.01,0.9,0.0005,cuda,False,False,5,126,754,-0.45473071932792664
random,1,results_v3_lr0p01,results_v3_lr0p01,small_cnn,sgd,10,128,20000,0.01,0.9,0.0005,cuda,False,False,5,127,755,0.037312544882297516
random,1,results_v3_lr0p01,results_v3_lr0p01,small_cnn,sgd,10,128,20000,0.01,0.9,0.0005,cuda,False,False,5,128,756,0.21280701458454132
random,1,results_v3_lr0p01,results_v3_lr0p01,small_cnn,sgd,10,128,20000,0.01,0.9,0.0005,cuda,False,False,5,129,757,0.22692614793777466
random,1,results_v3_lr0p01,results_v3_lr0p01,small_cnn,sgd,10,128,20000,0.01,0.9,0.0005,cuda,False,False,5,130,758,-0.09123782813549042
random,1,results_v3_lr0p01,results_v3_lr0p01,small_cnn,sgd,10,128,20000,0.01,0.9,0.0005,cuda,False,False,5,131,759,0.4829026460647583
random,1,results_v3_lr0p01,results_v3_lr0p01,small_cnn,sgd,10,128,20000,0.01,0.9,0.0005,cuda,False,False,5,132,760,-0.19738075137138367
random,1,results_v3_lr0p01,results_v3_lr0p01,small_cnn,sgd,10,128,20000,0.01,0.9,0.0005,cuda,False,False,5,133,761,0.5279476046562195
random,1,results_v3_lr0p01,results_v3_lr0p01,small_cnn,sgd,10,128,20000,0.01,0.9,0.0005,cuda,False,False,5,134,762,0.026553142815828323
random,1,results_v3_lr0p01,results_v3_lr0p01,small_cnn,sgd,10,128,20000,0.01,0.9,0.0005,cuda,False,False,5,135,763,-0.3244231343269348
random,1,results_v3_lr0p01,results_v3_lr0p01,small_cnn,sgd,10,128,20000,0.01,0.9,0.0005,cuda,False,False,5,136,764,0.19650427997112274
random,1,results_v3_lr0p01,results_v3_lr0p01,small_cnn,sgd,10,128,20000,0.01,0.9,0.0005,cuda,False,False,5,137,765,0.19533580541610718
random,1,results_v3_lr0p01,results_v3_lr0p01,small_cnn,sgd,10,128,20000,0.01,0.9,0.0005,cuda,False,False,5,138,766,0.4747387170791626
random,1,results_v3_lr0p01,results_v3_lr0p01,small_cnn,sgd,10,128,20000,0.01,0.9,0.0005,cuda,False,False,5,139,767,0.43429386615753174
random,1,results_v3_lr0p01,results_v3_lr0p01,small_cnn,sgd,10,128,20000,0.01,0.9,0.0005,cuda,False,False,5,140,768,-0.4661921262741089
random,1,results_v3_lr0p01,results_v3_lr0p01,small_cnn,sgd,10,128,20000,0.01,0.9,0.0005,cuda,False,False,5,141,769,0.26423636078834534
random,1,results_v3_lr0p01,results_v3_lr0p01,small_cnn,sgd,10,128,20000,0.01,0.9,0.0005,cuda,False,False,5,142,770,-0.21121352910995483
random,1,results_v3_lr0p01,results_v3_lr0p01,small_cnn,sgd,10,128,20000,0.01,0.9,0.0005,cuda,False,False,5,143,771,0.31183922290802
random,1,results_v3_lr0p01,results_v3_lr0p01,small_cnn,sgd,10,128,20000,0.01,0.9,0.0005,cuda,False,False,5,144,772,-0.01906299591064453
random,1,results_v3_lr0p01,results_v3_lr0p01,small_cnn,sgd,10,128,20000,0.01,0.9,0.0005,cuda,False,False,5,145,773,0.14994701743125916
random,1,results_v3_lr0p01,results_v3_lr0p01,small_cnn,sgd,10,128,20000,0.01,0.9,0.0005,cuda,False,False,5,146,774,0.5908597707748413
random,1,results_v3_lr0p01,results_v3_lr0p01,small_cnn,sgd,10,128,20000,0.01,0.9,0.0005,cuda,False,False,5,147,775,-0.2217419445514679
random,1,results_v3_lr0p01,results_v3_lr0p01,small_cnn,sgd,10,128,20000,0.01,0.9,0.0005,cuda,False,False,5,148,776,0.38561850786209106
random,1,results_v3_lr0p01,results_v3_lr0p01,small_cnn,sgd,10,128,20000,0.01,0.9,0.0005,cuda,False,False,5,149,777,-0.20161455869674683
random,1,results_v3_lr0p01,results_v3_lr0p01,small_cnn,sgd,10,128,20000,0.01,0.9,0.0005,cuda,False,False,5,150,778,0.3712227940559387
random,1,results_v3_lr0p01,results_v3_lr0p01,small_cnn,sgd,10,128,20000,0.01,0.9,0.0005,cuda,False,False,5,151,779,0.35280779004096985
random,1,results_v3_lr0p01,results_v3_lr0p01,small_cnn,sgd,10,128,20000,0.01,0.9,0.0005,cuda,False,False,5,152,780,0.10357760637998581
random,1,results_v3_lr0p01,results_v3_lr0p01,small_cnn,sgd,10,128,20000,0.01,0.9,0.0005,cuda,False,False,5,153,781,0.08276762813329697
random,1,results_v3_lr0p01,results_v3_lr0p01,small_cnn,sgd,10,128,20000,0.01,0.9,0.0005,cuda,False,False,5,154,782,0.02135559916496277
random,1,results_v3_lr0p01,results_v3_lr0p01,small_cnn,sgd,10,128,20000,0.01,0.9,0.0005,cuda,False,False,5,155,783,-0.23617933690547943
random,1,results_v3_lr0p01,results_v3_lr0p01,small_cnn,sgd,10,128,20000,0.01,0.9,0.0005,cuda,False,False,5,156,784,0.012978795915842056
random,1,results_v3_lr0p01,results_v3_lr0p01,small_cnn,sgd,10,128,20000,0.01,0.9,0.0005,cuda,False,False,5,157,785,-0.253593385219574
random,1,results_v3_lr0p01,results_v3_lr0p01,small_cnn,sgd,10,128,20000,0.01,0.9,0.0005,cuda,False,False,6,1,786,0.26365071535110474
random,1,results_v3_lr0p01,results_v3_lr0p01,small_cnn,sgd,10,128,20000,0.01,0.9,0.0005,cuda,False,False,6,2,787,0.2548319101333618
random,1,results_v3_lr0p01,results_v3_lr0p01,small_cnn,sgd,10,128,20000,0.01,0.9,0.0005,cuda,False,False,6,3,788,0.09705635160207748
random,1,results_v3_lr0p01,results_v3_lr0p01,small_cnn,sgd,10,128,20000,0.01,0.9,0.0005,cuda,False,False,6,4,789,-0.31876397132873535
random,1,results_v3_lr0p01,results_v3_lr0p01,small_cnn,sgd,10,128,20000,0.01,0.9,0.0005,cuda,False,False,6,5,790,0.09087008982896805
random,1,results_v3_lr0p01,results_v3_lr0p01,small_cnn,sgd,10,128,20000,0.01,0.9,0.0005,cuda,False,False,6,6,791,0.29927051067352295
random,1,results_v3_lr0p01,results_v3_lr0p01,small_cnn,sgd,10,128,20000,0.01,0.9,0.0005,cuda,False,False,6,7,792,0.17159855365753174
random,1,results_v3_lr0p01,results_v3_lr0p01,small_cnn,sgd,10,128,20000,0.01,0.9,0.0005,cuda,False,False,6,8,793,-0.11466912925243378
random,1,results_v3_lr0p01,results_v3_lr0p01,small_cnn,sgd,10,128,20000,0.01,0.9,0.0005,cuda,False,False,6,9,794,-0.25904905796051025
random,1,results_v3_lr0p01,results_v3_lr0p01,small_cnn,sgd,10,128,20000,0.01,0.9,0.0005,cuda,False,False,6,10,795,-0.4138503074645996
random,1,results_v3_lr0p01,results_v3_lr0p01,small_cnn,sgd,10,128,20000,0.01,0.9,0.0005,cuda,False,False,6,11,796,0.1626834273338318
random,1,results_v3_lr0p01,results_v3_lr0p01,small_cnn,sgd,10,128,20000,0.01,0.9,0.0005,cuda,False,False,6,12,797,0.19372011721134186
random,1,results_v3_lr0p01,results_v3_lr0p01,small_cnn,sgd,10,128,20000,0.01,0.9,0.0005,cuda,False,False,6,13,798,0.190377876162529
random,1,results_v3_lr0p01,results_v3_lr0p01,small_cnn,sgd,10,128,20000,0.01,0.9,0.0005,cuda,False,False,6,14,799,0.6016010046005249
random,1,results_v3_lr0p01,results_v3_lr0p01,small_cnn,sgd,10,128,20000,0.01,0.9,0.0005,cuda,False,False,6,15,800,-0.12206600606441498
random,1,results_v3_lr0p01,results_v3_lr0p01,small_cnn,sgd,10,128,20000,0.01,0.9,0.0005,cuda,False,False,6,16,801,-0.100462906062603
random,1,results_v3_lr0p01,results_v3_lr0p01,small_cnn,sgd,10,128,20000,0.01,0.9,0.0005,cuda,False,False,6,17,802,0.3558754026889801
random,1,results_v3_lr0p01,results_v3_lr0p01,small_cnn,sgd,10,128,20000,0.01,0.9,0.0005,cuda,False,False,6,18,803,-0.2311931699514389
random,1,results_v3_lr0p01,results_v3_lr0p01,small_cnn,sgd,10,128,20000,0.01,0.9,0.0005,cuda,False,False,6,19,804,-0.0768606886267662
random,1,results_v3_lr0p01,results_v3_lr0p01,small_cnn,sgd,10,128,20000,0.01,0.9,0.0005,cuda,False,False,6,20,805,0.31356745958328247
random,1,results_v3_lr0p01,results_v3_lr0p01,small_cnn,sgd,10,128,20000,0.01,0.9,0.0005,cuda,False,False,6,21,806,0.3668941855430603
random,1,results_v3_lr0p01,results_v3_lr0p01,small_cnn,sgd,10,128,20000,0.01,0.9,0.0005,cuda,False,False,6,22,807,0.3713616132736206
random,1,results_v3_lr0p01,results_v3_lr0p01,small_cnn,sgd,10,128,20000,0.01,0.9,0.0005,cuda,False,False,6,23,808,0.010922103188931942
random,1,results_v3_lr0p01,results_v3_lr0p01,small_cnn,sgd,10,128,20000,0.01,0.9,0.0005,cuda,False,False,6,24,809,0.11424867063760757
random,1,results_v3_lr0p01,results_v3_lr0p01,small_cnn,sgd,10,128,20000,0.01,0.9,0.0005,cuda,False,False,6,25,810,0.23446893692016602
random,1,results_v3_lr0p01,results_v3_lr0p01,small_cnn,sgd,10,128,20000,0.01,0.9,0.0005,cuda,False,False,6,26,811,0.5043059587478638
random,1,results_v3_lr0p01,results_v3_lr0p01,small_cnn,sgd,10,128,20000,0.01,0.9,0.0005,cuda,False,False,6,27,812,0.3453977108001709
random,1,results_v3_lr0p01,results_v3_lr0p01,small_cnn,sgd,10,128,20000,0.01,0.9,0.0005,cuda,False,False,6,28,813,0.6733765602111816
random,1,results_v3_lr0p01,results_v3_lr0p01,small_cnn,sgd,10,128,20000,0.01,0.9,0.0005,cuda,False,False,6,29,814,-0.008817678317427635
random,1,results_v3_lr0p01,results_v3_lr0p01,small_cnn,sgd,10,128,20000,0.01,0.9,0.0005,cuda,False,False,6,30,815,-0.06837648898363113
random,1,results_v3_lr0p01,results_v3_lr0p01,small_cnn,sgd,10,128,20000,0.01,0.9,0.0005,cuda,False,False,6,31,816,0.4932307004928589
random,1,results_v3_lr0p01,results_v3_lr0p01,small_cnn,sgd,10,128,20000,0.01,0.9,0.0005,cuda,False,False,6,32,817,0.6175922751426697
random,1,results_v3_lr0p01,results_v3_lr0p01,small_cnn,sgd,10,128,20000,0.01,0.9,0.0005,cuda,False,False,6,33,818,0.8728108406066895
random,1,results_v3_lr0p01,results_v3_lr0p01,small_cnn,sgd,10,128,20000,0.01,0.9,0.0005,cuda,False,False,6,34,819,0.005293246358633041
random,1,results_v3_lr0p01,results_v3_lr0p01,small_cnn,sgd,10,128,20000,0.01,0.9,0.0005,cuda,False,False,6,35,820,0.10557835549116135
random,1,results_v3_lr0p01,results_v3_lr0p01,small_cnn,sgd,10,128,20000,0.01,0.9,0.0005,cuda,False,False,6,36,821,0.8603118658065796
random,1,results_v3_lr0p01,results_v3_lr0p01,small_cnn,sgd,10,128,20000,0.01,0.9,0.0005,cuda,False,False,6,37,822,0.5512061715126038
random,1,results_v3_lr0p01,results_v3_lr0p01,small_cnn,sgd,10,128,20000,0.01,0.9,0.0005,cuda,False,False,6,38,823,-0.3368334174156189
random,1,results_v3_lr0p01,results_v3_lr0p01,small_cnn,sgd,10,128,20000,0.01,0.9,0.0005,cuda,False,False,6,39,824,0.32013946771621704
random,1,results_v3_lr0p01,results_v3_lr0p01,small_cnn,sgd,10,128,20000,0.01,0.9,0.0005,cuda,False,False,6,40,825,0.47030109167099
random,1,results_v3_lr0p01,results_v3_lr0p01,small_cnn,sgd,10,128,20000,0.01,0.9,0.0005,cuda,False,False,6,41,826,0.6785848140716553
random,1,results_v3_lr0p01,results_v3_lr0p01,small_cnn,sgd,10,128,20000,0.01,0.9,0.0005,cuda,False,False,6,42,827,0.5497063398361206
random,1,results_v3_lr0p01,results_v3_lr0p01,small_cnn,sgd,10,128,20000,0.01,0.9,0.0005,cuda,False,False,6,43,828,0.26059162616729736
random,1,results_v3_lr0p01,results_v3_lr0p01,small_cnn,sgd,10,128,20000,0.01,0.9,0.0005,cuda,False,False,6,44,829,0.5741409063339233
random,1,results_v3_lr0p01,results_v3_lr0p01,small_cnn,sgd,10,128,20000,0.01,0.9,0.0005,cuda,False,False,6,45,830,0.35153913497924805
random,1,results_v3_lr0p01,results_v3_lr0p01,small_cnn,sgd,10,128,20000,0.01,0.9,0.0005,cuda,False,False,6,46,831,0.4531358778476715
random,1,results_v3_lr0p01,results_v3_lr0p01,small_cnn,sgd,10,128,20000,0.01,0.9,0.0005,cuda,False,False,6,47,832,0.6680597066879272
random,1,results_v3_lr0p01,results_v3_lr0p01,small_cnn,sgd,10,128,20000,0.01,0.9,0.0005,cuda,False,False,6,48,833,0.29251930117607117
random,1,results_v3_lr0p01,results_v3_lr0p01,small_cnn,sgd,10,128,20000,0.01,0.9,0.0005,cuda,False,False,6,49,834,0.17137157917022705
random,1,results_v3_lr0p01,results_v3_lr0p01,small_cnn,sgd,10,128,20000,0.01,0.9,0.0005,cuda,False,False,6,50,835,0.2831270098686218
random,1,results_v3_lr0p01,results_v3_lr0p01,small_cnn,sgd,10,128,20000,0.01,0.9,0.0005,cuda,False,False,6,51,836,-0.044265568256378174
random,1,results_v3_lr0p01,results_v3_lr0p01,small_cnn,sgd,10,128,20000,0.01,0.9,0.0005,cuda,False,False,6,52,837,0.3019987642765045
random,1,results_v3_lr0p01,results_v3_lr0p01,small_cnn,sgd,10,128,20000,0.01,0.9,0.0005,cuda,False,False,6,53,838,0.38164573907852173
random,1,results_v3_lr0p01,results_v3_lr0p01,small_cnn,sgd,10,128,20000,0.01,0.9,0.0005,cuda,False,False,6,54,839,0.3281038701534271
random,1,results_v3_lr0p01,results_v3_lr0p01,small_cnn,sgd,10,128,20000,0.01,0.9,0.0005,cuda,False,False,6,55,840,0.07829159498214722
random,1,results_v3_lr0p01,results_v3_lr0p01,small_cnn,sgd,10,128,20000,0.01,0.9,0.0005,cuda,False,False,6,56,841,0.48221904039382935
random,1,results_v3_lr0p01,results_v3_lr0p01,small_cnn,sgd,10,128,20000,0.01,0.9,0.0005,cuda,False,False,6,57,842,0.4645826816558838
random,1,results_v3_lr0p01,results_v3_lr0p01,small_cnn,sgd,10,128,20000,0.01,0.9,0.0005,cuda,False,False,6,58,843,0.013150416314601898
random,1,results_v3_lr0p01,results_v3_lr0p01,small_cnn,sgd,10,128,20000,0.01,0.9,0.0005,cuda,False,False,6,59,844,0.39922595024108887
random,1,results_v3_lr0p01,results_v3_lr0p01,small_cnn,sgd,10,128,20000,0.01,0.9,0.0005,cuda,False,False,6,60,845,-0.27861663699150085
random,1,results_v3_lr0p01,results_v3_lr0p01,small_cnn,sgd,10,128,20000,0.01,0.9,0.0005,cuda,False,False,6,61,846,0.5868946313858032
random,1,results_v3_lr0p01,results_v3_lr0p01,small_cnn,sgd,10,128,20000,0.01,0.9,0.0005,cuda,False,False,6,62,847,0.41422271728515625
random,1,results_v3_lr0p01,results_v3_lr0p01,small_cnn,sgd,10,128,20000,0.01,0.9,0.0005,cuda,False,False,6,63,848,0.5125781297683716
random,1,results_v3_lr0p01,results_v3_lr0p01,small_cnn,sgd,10,128,20000,0.01,0.9,0.0005,cuda,False,False,6,64,849,-0.14098018407821655
random,1,results_v3_lr0p01,results_v3_lr0p01,small_cnn,sgd,10,128,20000,0.01,0.9,0.0005,cuda,False,False,6,65,850,0.6146507263183594
random,1,results_v3_lr0p01,results_v3_lr0p01,small_cnn,sgd,10,128,20000,0.01,0.9,0.0005,cuda,False,False,6,66,851,0.5144332647323608
random,1,results_v3_lr0p01,results_v3_lr0p01,small_cnn,sgd,10,128,20000,0.01,0.9,0.0005,cuda,False,False,6,67,852,0.6560171246528625
random,1,results_v3_lr0p01,results_v3_lr0p01,small_cnn,sgd,10,128,20000,0.01,0.9,0.0005,cuda,False,False,6,68,853,0.4020465016365051
random,1,results_v3_lr0p01,results_v3_lr0p01,small_cnn,sgd,10,128,20000,0.01,0.9,0.0005,cuda,False,False,6,69,854,0.32516396045684814
random,1,results_v3_lr0p01,results_v3_lr0p01,small_cnn,sgd,10,128,20000,0.01,0.9,0.0005,cuda,False,False,6,70,855,-0.09868091344833374
random,1,results_v3_lr0p01,results_v3_lr0p01,small_cnn,sgd,10,128,20000,0.01,0.9,0.0005,cuda,False,False,6,71,856,0.5229828953742981
random,1,results_v3_lr0p01,results_v3_lr0p01,small_cnn,sgd,10,128,20000,0.01,0.9,0.0005,cuda,False,False,6,72,857,0.7401994466781616
random,1,results_v3_lr0p01,results_v3_lr0p01,small_cnn,sgd,10,128,20000,0.01,0.9,0.0005,cuda,False,False,6,73,858,0.4988460838794708
random,1,results_v3_lr0p01,results_v3_lr0p01,small_cnn,sgd,10,128,20000,0.01,0.9,0.0005,cuda,False,False,6,74,859,-0.15359631180763245
random,1,results_v3_lr0p01,results_v3_lr0p01,small_cnn,sgd,10,128,20000,0.01,0.9,0.0005,cuda,False,False,6,75,860,0.7075356245040894
random,1,results_v3_lr0p01,results_v3_lr0p01,small_cnn,sgd,10,128,20000,0.01,0.9,0.0005,cuda,False,False,6,76,861,0.5560412406921387
random,1,results_v3_lr0p01,results_v3_lr0p01,small_cnn,sgd,10,128,20000,0.01,0.9,0.0005,cuda,False,False,6,77,862,0.42009639739990234
random,1,results_v3_lr0p01,results_v3_lr0p01,small_cnn,sgd,10,128,20000,0.01,0.9,0.0005,cuda,False,False,6,78,863,0.4631809890270233
random,1,results_v3_lr0p01,results_v3_lr0p01,small_cnn,sgd,10,128,20000,0.01,0.9,0.0005,cuda,False,False,6,79,864,0.23816318809986115
random,1,results_v3_lr0p01,results_v3_lr0p01,small_cnn,sgd,10,128,20000,0.01,0.9,0.0005,cuda,False,False,6,80,865,0.24823491275310516
random,1,results_v3_lr0p01,results_v3_lr0p01,small_cnn,sgd,10,128,20000,0.01,0.9,0.0005,cuda,False,False,6,81,866,0.7229230999946594
random,1,results_v3_lr0p01,results_v3_lr0p01,small_cnn,sgd,10,128,20000,0.01,0.9,0.0005,cuda,False,False,6,82,867,0.706214964389801
random,1,results_v3_lr0p01,results_v3_lr0p01,small_cnn,sgd,10,128,20000,0.01,0.9,0.0005,cuda,False,False,6,83,868,0.44088947772979736
random,1,results_v3_lr0p01,results_v3_lr0p01,small_cnn,sgd,10,128,20000,0.01,0.9,0.0005,cuda,False,False,6,84,869,0.5653902292251587
random,1,results_v3_lr0p01,results_v3_lr0p01,small_cnn,sgd,10,128,20000,0.01,0.9,0.0005,cuda,False,False,6,85,870,-0.5393596887588501
random,1,results_v3_lr0p01,results_v3_lr0p01,small_cnn,sgd,10,128,20000,0.01,0.9,0.0005,cuda,False,False,6,86,871,0.8353744149208069
random,1,results_v3_lr0p01,results_v3_lr0p01,small_cnn,sgd,10,128,20000,0.01,0.9,0.0005,cuda,False,False,6,87,872,0.4286952018737793
random,1,results_v3_lr0p01,results_v3_lr0p01,small_cnn,sgd,10,128,20000,0.01,0.9,0.0005,cuda,False,False,6,88,873,0.7175828218460083
random,1,results_v3_lr0p01,results_v3_lr0p01,small_cnn,sgd,10,128,20000,0.01,0.9,0.0005,cuda,False,False,6,89,874,0.6007583141326904
random,1,results_v3_lr0p01,results_v3_lr0p01,small_cnn,sgd,10,128,20000,0.01,0.9,0.0005,cuda,False,False,6,90,875,0.13233265280723572
random,1,results_v3_lr0p01,results_v3_lr0p01,small_cnn,sgd,10,128,20000,0.01,0.9,0.0005,cuda,False,False,6,91,876,-0.2148832231760025
random,1,results_v3_lr0p01,results_v3_lr0p01,small_cnn,sgd,10,128,20000,0.01,0.9,0.0005,cuda,False,False,6,92,877,0.13868597149848938
random,1,results_v3_lr0p01,results_v3_lr0p01,small_cnn,sgd,10,128,20000,0.01,0.9,0.0005,cuda,False,False,6,93,878,0.5929893255233765
random,1,results_v3_lr0p01,results_v3_lr0p01,small_cnn,sgd,10,128,20000,0.01,0.9,0.0005,cuda,False,False,6,94,879,0.5792009830474854
random,1,results_v3_lr0p01,results_v3_lr0p01,small_cnn,sgd,10,128,20000,0.01,0.9,0.0005,cuda,False,False,6,95,880,0.6322973370552063
random,1,results_v3_lr0p01,results_v3_lr0p01,small_cnn,sgd,10,128,20000,0.01,0.9,0.0005,cuda,False,False,6,96,881,-0.12466060370206833
random,1,results_v3_lr0p01,results_v3_lr0p01,small_cnn,sgd,10,128,20000,0.01,0.9,0.0005,cuda,False,False,6,97,882,-0.26227444410324097
random,1,results_v3_lr0p01,results_v3_lr0p01,small_cnn,sgd,10,128,20000,0.01,0.9,0.0005,cuda,False,False,6,98,883,0.0439305454492569
random,1,results_v3_lr0p01,results_v3_lr0p01,small_cnn,sgd,10,128,20000,0.01,0.9,0.0005,cuda,False,False,6,99,884,0.548487663269043
random,1,results_v3_lr0p01,results_v3_lr0p01,small_cnn,sgd,10,128,20000,0.01,0.9,0.0005,cuda,False,False,6,100,885,0.5268591642379761
random,1,results_v3_lr0p01,results_v3_lr0p01,small_cnn,sgd,10,128,20000,0.01,0.9,0.0005,cuda,False,False,6,101,886,0.5849987268447876
random,1,results_v3_lr0p01,results_v3_lr0p01,small_cnn,sgd,10,128,20000,0.01,0.9,0.0005,cuda,False,False,6,102,887,0.08716791868209839
random,1,results_v3_lr0p01,results_v3_lr0p01,small_cnn,sgd,10,128,20000,0.01,0.9,0.0005,cuda,False,False,6,103,888,0.19426465034484863
random,1,results_v3_lr0p01,results_v3_lr0p01,small_cnn,sgd,10,128,20000,0.01,0.9,0.0005,cuda,False,False,6,104,889,-0.41580259799957275
random,1,results_v3_lr0p01,results_v3_lr0p01,small_cnn,sgd,10,128,20000,0.01,0.9,0.0005,cuda,False,False,6,105,890,-0.11942178755998611
random,1,results_v3_lr0p01,results_v3_lr0p01,small_cnn,sgd,10,128,20000,0.01,0.9,0.0005,cuda,False,False,6,106,891,0.19783157110214233
random,1,results_v3_lr0p01,results_v3_lr0p01,small_cnn,sgd,10,128,20000,0.01,0.9,0.0005,cuda,False,False,6,107,892,0.34486573934555054
random,1,results_v3_lr0p01,results_v3_lr0p01,small_cnn,sgd,10,128,20000,0.01,0.9,0.0005,cuda,False,False,6,108,893,0.3665981888771057
random,1,results_v3_lr0p01,results_v3_lr0p01,small_cnn,sgd,10,128,20000,0.01,0.9,0.0005,cuda,False,False,6,109,894,0.12992209196090698
random,1,results_v3_lr0p01,results_v3_lr0p01,small_cnn,sgd,10,128,20000,0.01,0.9,0.0005,cuda,False,False,6,110,895,0.2192842960357666
random,1,results_v3_lr0p01,results_v3_lr0p01,small_cnn,sgd,10,128,20000,0.01,0.9,0.0005,cuda,False,False,6,111,896,-0.4418562948703766
random,1,results_v3_lr0p01,results_v3_lr0p01,small_cnn,sgd,10,128,20000,0.01,0.9,0.0005,cuda,False,False,6,112,897,-0.27614283561706543
random,1,results_v3_lr0p01,results_v3_lr0p01,small_cnn,sgd,10,128,20000,0.01,0.9,0.0005,cuda,False,False,6,113,898,0.21202988922595978
random,1,results_v3_lr0p01,results_v3_lr0p01,small_cnn,sgd,10,128,20000,0.01,0.9,0.0005,cuda,False,False,6,114,899,-0.11316068470478058
random,1,results_v3_lr0p01,results_v3_lr0p01,small_cnn,sgd,10,128,20000,0.01,0.9,0.0005,cuda,False,False,6,115,900,0.20425401628017426
random,1,results_v3_lr0p01,results_v3_lr0p01,small_cnn,sgd,10,128,20000,0.01,0.9,0.0005,cuda,False,False,6,116,901,0.41361603140830994
random,1,results_v3_lr0p01,results_v3_lr0p01,small_cnn,sgd,10,128,20000,0.01,0.9,0.0005,cuda,False,False,6,117,902,0.721672773361206
random,1,results_v3_lr0p01,results_v3_lr0p01,small_cnn,sgd,10,128,20000,0.01,0.9,0.0005,cuda,False,False,6,118,903,-0.0948982834815979
random,1,results_v3_lr0p01,results_v3_lr0p01,small_cnn,sgd,10,128,20000,0.01,0.9,0.0005,cuda,False,False,6,119,904,0.26420044898986816
random,1,results_v3_lr0p01,results_v3_lr0p01,small_cnn,sgd,10,128,20000,0.01,0.9,0.0005,cuda,False,False,6,120,905,0.6582396626472473
random,1,results_v3_lr0p01,results_v3_lr0p01,small_cnn,sgd,10,128,20000,0.01,0.9,0.0005,cuda,False,False,6,121,906,0.3648189306259155
random,1,results_v3_lr0p01,results_v3_lr0p01,small_cnn,sgd,10,128,20000,0.01,0.9,0.0005,cuda,False,False,6,122,907,-0.2368510663509369
random,1,results_v3_lr0p01,results_v3_lr0p01,small_cnn,sgd,10,128,20000,0.01,0.9,0.0005,cuda,False,False,6,123,908,0.48560547828674316
random,1,results_v3_lr0p01,results_v3_lr0p01,small_cnn,sgd,10,128,20000,0.01,0.9,0.0005,cuda,False,False,6,124,909,0.6704730987548828
random,1,results_v3_lr0p01,results_v3_lr0p01,small_cnn,sgd,10,128,20000,0.01,0.9,0.0005,cuda,False,False,6,125,910,-0.01698089949786663
random,1,results_v3_lr0p01,results_v3_lr0p01,small_cnn,sgd,10,128,20000,0.01,0.9,0.0005,cuda,False,False,6,126,911,0.13455554842948914
random,1,results_v3_lr0p01,results_v3_lr0p01,small_cnn,sgd,10,128,20000,0.01,0.9,0.0005,cuda,False,False,6,127,912,0.1471967101097107
random,1,results_v3_lr0p01,results_v3_lr0p01,small_cnn,sgd,10,128,20000,0.01,0.9,0.0005,cuda,False,False,6,128,913,0.33822476863861084
random,1,results_v3_lr0p01,results_v3_lr0p01,small_cnn,sgd,10,128,20000,0.01,0.9,0.0005,cuda,False,False,6,129,914,0.4707125127315521
random,1,results_v3_lr0p01,results_v3_lr0p01,small_cnn,sgd,10,128,20000,0.01,0.9,0.0005,cuda,False,False,6,130,915,0.11908362805843353
random,1,results_v3_lr0p01,results_v3_lr0p01,small_cnn,sgd,10,128,20000,0.01,0.9,0.0005,cuda,False,False,6,131,916,0.12076543271541595
random,1,results_v3_lr0p01,results_v3_lr0p01,small_cnn,sgd,10,128,20000,0.01,0.9,0.0005,cuda,False,False,6,132,917,0.27579671144485474
random,1,results_v3_lr0p01,results_v3_lr0p01,small_cnn,sgd,10,128,20000,0.01,0.9,0.0005,cuda,False,False,6,133,918,0.4877699017524719
random,1,results_v3_lr0p01,results_v3_lr0p01,small_cnn,sgd,10,128,20000,0.01,0.9,0.0005,cuda,False,False,6,134,919,0.032682210206985474
random,1,results_v3_lr0p01,results_v3_lr0p01,small_cnn,sgd,10,128,20000,0.01,0.9,0.0005,cuda,False,False,6,135,920,0.42547258734703064
random,1,results_v3_lr0p01,results_v3_lr0p01,small_cnn,sgd,10,128,20000,0.01,0.9,0.0005,cuda,False,False,6,136,921,0.11013936996459961
random,1,results_v3_lr0p01,results_v3_lr0p01,small_cnn,sgd,10,128,20000,0.01,0.9,0.0005,cuda,False,False,6,137,922,0.7272718548774719
random,1,results_v3_lr0p01,results_v3_lr0p01,small_cnn,sgd,10,128,20000,0.01,0.9,0.0005,cuda,False,False,6,138,923,0.47484520077705383
random,1,results_v3_lr0p01,results_v3_lr0p01,small_cnn,sgd,10,128,20000,0.01,0.9,0.0005,cuda,False,False,6,139,924,-0.0321003757417202
random,1,results_v3_lr0p01,results_v3_lr0p01,small_cnn,sgd,10,128,20000,0.01,0.9,0.0005,cuda,False,False,6,140,925,0.6261111497879028
random,1,results_v3_lr0p01,results_v3_lr0p01,small_cnn,sgd,10,128,20000,0.01,0.9,0.0005,cuda,False,False,6,141,926,0.0824175775051117
random,1,results_v3_lr0p01,results_v3_lr0p01,small_cnn,sgd,10,128,20000,0.01,0.9,0.0005,cuda,False,False,6,142,927,0.622626543045044
random,1,results_v3_lr0p01,results_v3_lr0p01,small_cnn,sgd,10,128,20000,0.01,0.9,0.0005,cuda,False,False,6,143,928,0.24064739048480988
random,1,results_v3_lr0p01,results_v3_lr0p01,small_cnn,sgd,10,128,20000,0.01,0.9,0.0005,cuda,False,False,6,144,929,-0.017018232494592667
random,1,results_v3_lr0p01,results_v3_lr0p01,small_cnn,sgd,10,128,20000,0.01,0.9,0.0005,cuda,False,False,6,145,930,-0.07931745052337646
random,1,results_v3_lr0p01,results_v3_lr0p01,small_cnn,sgd,10,128,20000,0.01,0.9,0.0005,cuda,False,False,6,146,931,-0.12273681908845901
random,1,results_v3_lr0p01,results_v3_lr0p01,small_cnn,sgd,10,128,20000,0.01,0.9,0.0005,cuda,False,False,6,147,932,0.08862833678722382
random,1,results_v3_lr0p01,results_v3_lr0p01,small_cnn,sgd,10,128,20000,0.01,0.9,0.0005,cuda,False,False,6,148,933,0.6641340255737305
random,1,results_v3_lr0p01,results_v3_lr0p01,small_cnn,sgd,10,128,20000,0.01,0.9,0.0005,cuda,False,False,6,149,934,0.42851024866104126
random,1,results_v3_lr0p01,results_v3_lr0p01,small_cnn,sgd,10,128,20000,0.01,0.9,0.0005,cuda,False,False,6,150,935,0.27159151434898376
random,1,results_v3_lr0p01,results_v3_lr0p01,small_cnn,sgd,10,128,20000,0.01,0.9,0.0005,cuda,False,False,6,151,936,0.3851926326751709
random,1,results_v3_lr0p01,results_v3_lr0p01,small_cnn,sgd,10,128,20000,0.01,0.9,0.0005,cuda,False,False,6,152,937,0.24618938565254211
random,1,results_v3_lr0p01,results_v3_lr0p01,small_cnn,sgd,10,128,20000,0.01,0.9,0.0005,cuda,False,False,6,153,938,0.39598017930984497
random,1,results_v3_lr0p01,results_v3_lr0p01,small_cnn,sgd,10,128,20000,0.01,0.9,0.0005,cuda,False,False,6,154,939,-0.06350472569465637
random,1,results_v3_lr0p01,results_v3_lr0p01,small_cnn,sgd,10,128,20000,0.01,0.9,0.0005,cuda,False,False,6,155,940,-0.29562824964523315
random,1,results_v3_lr0p01,results_v3_lr0p01,small_cnn,sgd,10,128,20000,0.01,0.9,0.0005,cuda,False,False,6,156,941,0.4629170298576355
random,1,results_v3_lr0p01,results_v3_lr0p01,small_cnn,sgd,10,128,20000,0.01,0.9,0.0005,cuda,False,False,6,157,942,-0.08290785551071167
random,1,results_v3_lr0p01,results_v3_lr0p01,small_cnn,sgd,10,128,20000,0.01,0.9,0.0005,cuda,False,False,7,1,943,0.526559591293335
random,1,results_v3_lr0p01,results_v3_lr0p01,small_cnn,sgd,10,128,20000,0.01,0.9,0.0005,cuda,False,False,7,2,944,-0.4077712595462799
random,1,results_v3_lr0p01,results_v3_lr0p01,small_cnn,sgd,10,128,20000,0.01,0.9,0.0005,cuda,False,False,7,3,945,0.31478655338287354
random,1,results_v3_lr0p01,results_v3_lr0p01,small_cnn,sgd,10,128,20000,0.01,0.9,0.0005,cuda,False,False,7,4,946,0.40844467282295227
random,1,results_v3_lr0p01,results_v3_lr0p01,small_cnn,sgd,10,128,20000,0.01,0.9,0.0005,cuda,False,False,7,5,947,0.21864354610443115
random,1,results_v3_lr0p01,results_v3_lr0p01,small_cnn,sgd,10,128,20000,0.01,0.9,0.0005,cuda,False,False,7,6,948,0.5016029477119446
random,1,results_v3_lr0p01,results_v3_lr0p01,small_cnn,sgd,10,128,20000,0.01,0.9,0.0005,cuda,False,False,7,7,949,-0.186634361743927
random,1,results_v3_lr0p01,results_v3_lr0p01,small_cnn,sgd,10,128,20000,0.01,0.9,0.0005,cuda,False,False,7,8,950,0.2154681384563446
random,1,results_v3_lr0p01,results_v3_lr0p01,small_cnn,sgd,10,128,20000,0.01,0.9,0.0005,cuda,False,False,7,9,951,0.5622743964195251
random,1,results_v3_lr0p01,results_v3_lr0p01,small_cnn,sgd,10,128,20000,0.01,0.9,0.0005,cuda,False,False,7,10,952,0.19463738799095154
random,1,results_v3_lr0p01,results_v3_lr0p01,small_cnn,sgd,10,128,20000,0.01,0.9,0.0005,cuda,False,False,7,11,953,0.38112545013427734
random,1,results_v3_lr0p01,results_v3_lr0p01,small_cnn,sgd,10,128,20000,0.01,0.9,0.0005,cuda,False,False,7,12,954,0.636887788772583
random,1,results_v3_lr0p01,results_v3_lr0p01,small_cnn,sgd,10,128,20000,0.01,0.9,0.0005,cuda,False,False,7,13,955,0.43082696199417114
random,1,results_v3_lr0p01,results_v3_lr0p01,small_cnn,sgd,10,128,20000,0.01,0.9,0.0005,cuda,False,False,7,14,956,0.14312273263931274
random,1,results_v3_lr0p01,results_v3_lr0p01,small_cnn,sgd,10,128,20000,0.01,0.9,0.0005,cuda,False,False,7,15,957,0.35584816336631775
random,1,results_v3_lr0p01,results_v3_lr0p01,small_cnn,sgd,10,128,20000,0.01,0.9,0.0005,cuda,False,False,7,16,958,-0.2115076780319214
random,1,results_v3_lr0p01,results_v3_lr0p01,small_cnn,sgd,10,128,20000,0.01,0.9,0.0005,cuda,False,False,7,17,959,0.2340826392173767
random,1,results_v3_lr0p01,results_v3_lr0p01,small_cnn,sgd,10,128,20000,0.01,0.9,0.0005,cuda,False,False,7,18,960,0.25033092498779297
random,1,results_v3_lr0p01,results_v3_lr0p01,small_cnn,sgd,10,128,20000,0.01,0.9,0.0005,cuda,False,False,7,19,961,-0.15725401043891907
random,1,results_v3_lr0p01,results_v3_lr0p01,small_cnn,sgd,10,128,20000,0.01,0.9,0.0005,cuda,False,False,7,20,962,-0.13559146225452423
random,1,results_v3_lr0p01,results_v3_lr0p01,small_cnn,sgd,10,128,20000,0.01,0.9,0.0005,cuda,False,False,7,21,963,0.44205304980278015
random,1,results_v3_lr0p01,results_v3_lr0p01,small_cnn,sgd,10,128,20000,0.01,0.9,0.0005,cuda,False,False,7,22,964,-0.046997230499982834
random,1,results_v3_lr0p01,results_v3_lr0p01,small_cnn,sgd,10,128,20000,0.01,0.9,0.0005,cuda,False,False,7,23,965,0.6111106872558594
random,1,results_v3_lr0p01,results_v3_lr0p01,small_cnn,sgd,10,128,20000,0.01,0.9,0.0005,cuda,False,False,7,24,966,0.4415079951286316
random,1,results_v3_lr0p01,results_v3_lr0p01,small_cnn,sgd,10,128,20000,0.01,0.9,0.0005,cuda,False,False,7,25,967,0.47962310910224915
random,1,results_v3_lr0p01,results_v3_lr0p01,small_cnn,sgd,10,128,20000,0.01,0.9,0.0005,cuda,False,False,7,26,968,0.0829620286822319
random,1,results_v3_lr0p01,results_v3_lr0p01,small_cnn,sgd,10,128,20000,0.01,0.9,0.0005,cuda,False,False,7,27,969,0.15552091598510742
random,1,results_v3_lr0p01,results_v3_lr0p01,small_cnn,sgd,10,128,20000,0.01,0.9,0.0005,cuda,False,False,7,28,970,0.4256843030452728
random,1,results_v3_lr0p01,results_v3_lr0p01,small_cnn,sgd,10,128,20000,0.01,0.9,0.0005,cuda,False,False,7,29,971,-0.02941114827990532
random,1,results_v3_lr0p01,results_v3_lr0p01,small_cnn,sgd,10,128,20000,0.01,0.9,0.0005,cuda,False,False,7,30,972,-0.023349707946181297
random,1,results_v3_lr0p01,results_v3_lr0p01,small_cnn,sgd,10,128,20000,0.01,0.9,0.0005,cuda,False,False,7,31,973,0.7362042665481567
random,1,results_v3_lr0p01,results_v3_lr0p01,small_cnn,sgd,10,128,20000,0.01,0.9,0.0005,cuda,False,False,7,32,974,0.4301709532737732
random,1,results_v3_lr0p01,results_v3_lr0p01,small_cnn,sgd,10,128,20000,0.01,0.9,0.0005,cuda,False,False,7,33,975,0.504096508026123
random,1,results_v3_lr0p01,results_v3_lr0p01,small_cnn,sgd,10,128,20000,0.01,0.9,0.0005,cuda,False,False,7,34,976,0.3446198105812073
random,1,results_v3_lr0p01,results_v3_lr0p01,small_cnn,sgd,10,128,20000,0.01,0.9,0.0005,cuda,False,False,7,35,977,0.5150036811828613
random,1,results_v3_lr0p01,results_v3_lr0p01,small_cnn,sgd,10,128,20000,0.01,0.9,0.0005,cuda,False,False,7,36,978,0.2210722714662552
random,1,results_v3_lr0p01,results_v3_lr0p01,small_cnn,sgd,10,128,20000,0.01,0.9,0.0005,cuda,False,False,7,37,979,0.4382975399494171
random,1,results_v3_lr0p01,results_v3_lr0p01,small_cnn,sgd,10,128,20000,0.01,0.9,0.0005,cuda,False,False,7,38,980,0.3260223865509033
random,1,results_v3_lr0p01,results_v3_lr0p01,small_cnn,sgd,10,128,20000,0.01,0.9,0.0005,cuda,False,False,7,39,981,0.5257333517074585
random,1,results_v3_lr0p01,results_v3_lr0p01,small_cnn,sgd,10,128,20000,0.01,0.9,0.0005,cuda,False,False,7,40,982,0.7889025211334229
random,1,results_v3_lr0p01,results_v3_lr0p01,small_cnn,sgd,10,128,20000,0.01,0.9,0.0005,cuda,False,False,7,41,983,0.7287648320198059
random,1,results_v3_lr0p01,results_v3_lr0p01,small_cnn,sgd,10,128,20000,0.01,0.9,0.0005,cuda,False,False,7,42,984,-0.08660075068473816
random,1,results_v3_lr0p01,results_v3_lr0p01,small_cnn,sgd,10,128,20000,0.01,0.9,0.0005,cuda,False,False,7,43,985,0.17122933268547058
random,1,results_v3_lr0p01,results_v3_lr0p01,small_cnn,sgd,10,128,20000,0.01,0.9,0.0005,cuda,False,False,7,44,986,0.8168351054191589
random,1,results_v3_lr0p01,results_v3_lr0p01,small_cnn,sgd,10,128,20000,0.01,0.9,0.0005,cuda,False,False,7,45,987,0.7034401893615723
random,1,results_v3_lr0p01,results_v3_lr0p01,small_cnn,sgd,10,128,20000,0.01,0.9,0.0005,cuda,False,False,7,46,988,0.6335138082504272
random,1,results_v3_lr0p01,results_v3_lr0p01,small_cnn,sgd,10,128,20000,0.01,0.9,0.0005,cuda,False,False,7,47,989,0.4340098798274994
random,1,results_v3_lr0p01,results_v3_lr0p01,small_cnn,sgd,10,128,20000,0.01,0.9,0.0005,cuda,False,False,7,48,990,0.5405327677726746
random,1,results_v3_lr0p01,results_v3_lr0p01,small_cnn,sgd,10,128,20000,0.01,0.9,0.0005,cuda,False,False,7,49,991,0.3015887439250946
random,1,results_v3_lr0p01,results_v3_lr0p01,small_cnn,sgd,10,128,20000,0.01,0.9,0.0005,cuda,False,False,7,50,992,0.5212996006011963
random,1,results_v3_lr0p01,results_v3_lr0p01,small_cnn,sgd,10,128,20000,0.01,0.9,0.0005,cuda,False,False,7,51,993,0.05323759466409683
random,1,results_v3_lr0p01,results_v3_lr0p01,small_cnn,sgd,10,128,20000,0.01,0.9,0.0005,cuda,False,False,7,52,994,0.3378961682319641
random,1,results_v3_lr0p01,results_v3_lr0p01,small_cnn,sgd,10,128,20000,0.01,0.9,0.0005,cuda,False,False,7,53,995,0.44412922859191895
random,1,results_v3_lr0p01,results_v3_lr0p01,small_cnn,sgd,10,128,20000,0.01,0.9,0.0005,cuda,False,False,7,54,996,0.40206223726272583
random,1,results_v3_lr0p01,results_v3_lr0p01,small_cnn,sgd,10,128,20000,0.01,0.9,0.0005,cuda,False,False,7,55,997,0.1178378164768219
random,1,results_v3_lr0p01,results_v3_lr0p01,small_cnn,sgd,10,128,20000,0.01,0.9,0.0005,cuda,False,False,7,56,998,0.29658418893814087
random,1,results_v3_lr0p01,results_v3_lr0p01,small_cnn,sgd,10,128,20000,0.01,0.9,0.0005,cuda,False,False,7,57,999,0.30642983317375183
random,1,results_v3_lr0p01,results_v3_lr0p01,small_cnn,sgd,10,128,20000,0.01,0.9,0.0005,cuda,False,False,7,58,1000,0.2978760004043579
random,1,results_v3_lr0p01,results_v3_lr0p01,small_cnn,sgd,10,128,20000,0.01,0.9,0.0005,cuda,False,False,7,59,1001,-0.24213379621505737
random,1,results_v3_lr0p01,results_v3_lr0p01,small_cnn,sgd,10,128,20000,0.01,0.9,0.0005,cuda,False,False,7,60,1002,0.7204413414001465
random,1,results_v3_lr0p01,results_v3_lr0p01,small_cnn,sgd,10,128,20000,0.01,0.9,0.0005,cuda,False,False,7,61,1003,0.10610055923461914
random,1,results_v3_lr0p01,results_v3_lr0p01,small_cnn,sgd,10,128,20000,0.01,0.9,0.0005,cuda,False,False,7,62,1004,0.28211092948913574
random,1,results_v3_lr0p01,results_v3_lr0p01,small_cnn,sgd,10,128,20000,0.01,0.9,0.0005,cuda,False,False,7,63,1005,0.4191841185092926
random,1,results_v3_lr0p01,results_v3_lr0p01,small_cnn,sgd,10,128,20000,0.01,0.9,0.0005,cuda,False,False,7,64,1006,0.27819982171058655
random,1,results_v3_lr0p01,results_v3_lr0p01,small_cnn,sgd,10,128,20000,0.01,0.9,0.0005,cuda,False,False,7,65,1007,-0.08397793769836426
random,1,results_v3_lr0p01,results_v3_lr0p01,small_cnn,sgd,10,128,20000,0.01,0.9,0.0005,cuda,False,False,7,66,1008,0.3331815302371979
random,1,results_v3_lr0p01,results_v3_lr0p01,small_cnn,sgd,10,128,20000,0.01,0.9,0.0005,cuda,False,False,7,67,1009,0.7634862661361694
random,1,results_v3_lr0p01,results_v3_lr0p01,small_cnn,sgd,10,128,20000,0.01,0.9,0.0005,cuda,False,False,7,68,1010,0.6098778247833252
random,1,results_v3_lr0p01,results_v3_lr0p01,small_cnn,sgd,10,128,20000,0.01,0.9,0.0005,cuda,False,False,7,69,1011,-0.0664118304848671
random,1,results_v3_lr0p01,results_v3_lr0p01,small_cnn,sgd,10,128,20000,0.01,0.9,0.0005,cuda,False,False,7,70,1012,0.6089566349983215
random,1,results_v3_lr0p01,results_v3_lr0p01,small_cnn,sgd,10,128,20000,0.01,0.9,0.0005,cuda,False,False,7,71,1013,0.8559123873710632
random,1,results_v3_lr0p01,results_v3_lr0p01,small_cnn,sgd,10,128,20000,0.01,0.9,0.0005,cuda,False,False,7,72,1014,0.5705605745315552
random,1,results_v3_lr0p01,results_v3_lr0p01,small_cnn,sgd,10,128,20000,0.01,0.9,0.0005,cuda,False,False,7,73,1015,0.32584917545318604
random,1,results_v3_lr0p01,results_v3_lr0p01,small_cnn,sgd,10,128,20000,0.01,0.9,0.0005,cuda,False,False,7,74,1016,-0.19362220168113708
random,1,results_v3_lr0p01,results_v3_lr0p01,small_cnn,sgd,10,128,20000,0.01,0.9,0.0005,cuda,False,False,7,75,1017,0.5359099507331848
random,1,results_v3_lr0p01,results_v3_lr0p01,small_cnn,sgd,10,128,20000,0.01,0.9,0.0005,cuda,False,False,7,76,1018,0.5460699200630188
random,1,results_v3_lr0p01,results_v3_lr0p01,small_cnn,sgd,10,128,20000,0.01,0.9,0.0005,cuda,False,False,7,77,1019,0.10467088222503662
random,1,results_v3_lr0p01,results_v3_lr0p01,small_cnn,sgd,10,128,20000,0.01,0.9,0.0005,cuda,False,False,7,78,1020,-0.18832728266716003
random,1,results_v3_lr0p01,results_v3_lr0p01,small_cnn,sgd,10,128,20000,0.01,0.9,0.0005,cuda,False,False,7,79,1021,-0.31685829162597656
random,1,results_v3_lr0p01,results_v3_lr0p01,small_cnn,sgd,10,128,20000,0.01,0.9,0.0005,cuda,False,False,7,80,1022,0.010901695117354393
random,1,results_v3_lr0p01,results_v3_lr0p01,small_cnn,sgd,10,128,20000,0.01,0.9,0.0005,cuda,False,False,7,81,1023,-0.1216561496257782
random,1,results_v3_lr0p01,results_v3_lr0p01,small_cnn,sgd,10,128,20000,0.01,0.9,0.0005,cuda,False,False,7,82,1024,-0.268502414226532
random,1,results_v3_lr0p01,results_v3_lr0p01,small_cnn,sgd,10,128,20000,0.01,0.9,0.0005,cuda,False,False,7,83,1025,0.2903621196746826
random,1,results_v3_lr0p01,results_v3_lr0p01,small_cnn,sgd,10,128,20000,0.01,0.9,0.0005,cuda,False,False,7,84,1026,-0.43908220529556274
random,1,results_v3_lr0p01,results_v3_lr0p01,small_cnn,sgd,10,128,20000,0.01,0.9,0.0005,cuda,False,False,7,85,1027,0.22281886637210846
random,1,results_v3_lr0p01,results_v3_lr0p01,small_cnn,sgd,10,128,20000,0.01,0.9,0.0005,cuda,False,False,7,86,1028,0.1037672758102417
random,1,results_v3_lr0p01,results_v3_lr0p01,small_cnn,sgd,10,128,20000,0.01,0.9,0.0005,cuda,False,False,7,87,1029,0.18823108077049255
random,1,results_v3_lr0p01,results_v3_lr0p01,small_cnn,sgd,10,128,20000,0.01,0.9,0.0005,cuda,False,False,7,88,1030,0.24511133134365082
random,1,results_v3_lr0p01,results_v3_lr0p01,small_cnn,sgd,10,128,20000,0.01,0.9,0.0005,cuda,False,False,7,89,1031,0.0633908286690712
random,1,results_v3_lr0p01,results_v3_lr0p01,small_cnn,sgd,10,128,20000,0.01,0.9,0.0005,cuda,False,False,7,90,1032,0.1661306768655777
random,1,results_v3_lr0p01,results_v3_lr0p01,small_cnn,sgd,10,128,20000,0.01,0.9,0.0005,cuda,False,False,7,91,1033,0.23595087230205536
random,1,results_v3_lr0p01,results_v3_lr0p01,small_cnn,sgd,10,128,20000,0.01,0.9,0.0005,cuda,False,False,7,92,1034,0.2522074580192566
random,1,results_v3_lr0p01,results_v3_lr0p01,small_cnn,sgd,10,128,20000,0.01,0.9,0.0005,cuda,False,False,7,93,1035,0.31211012601852417
random,1,results_v3_lr0p01,results_v3_lr0p01,small_cnn,sgd,10,128,20000,0.01,0.9,0.0005,cuda,False,False,7,94,1036,0.013698751106858253
random,1,results_v3_lr0p01,results_v3_lr0p01,small_cnn,sgd,10,128,20000,0.01,0.9,0.0005,cuda,False,False,7,95,1037,0.03341517969965935
random,1,results_v3_lr0p01,results_v3_lr0p01,small_cnn,sgd,10,128,20000,0.01,0.9,0.0005,cuda,False,False,7,96,1038,0.5471391081809998
random,1,results_v3_lr0p01,results_v3_lr0p01,small_cnn,sgd,10,128,20000,0.01,0.9,0.0005,cuda,False,False,7,97,1039,0.08612771332263947
random,1,results_v3_lr0p01,results_v3_lr0p01,small_cnn,sgd,10,128,20000,0.01,0.9,0.0005,cuda,False,False,7,98,1040,-0.03154046833515167
random,1,results_v3_lr0p01,results_v3_lr0p01,small_cnn,sgd,10,128,20000,0.01,0.9,0.0005,cuda,False,False,7,99,1041,0.38402390480041504
random,1,results_v3_lr0p01,results_v3_lr0p01,small_cnn,sgd,10,128,20000,0.01,0.9,0.0005,cuda,False,False,7,100,1042,0.5922350287437439
random,1,results_v3_lr0p01,results_v3_lr0p01,small_cnn,sgd,10,128,20000,0.01,0.9,0.0005,cuda,False,False,7,101,1043,0.19093134999275208
random,1,results_v3_lr0p01,results_v3_lr0p01,small_cnn,sgd,10,128,20000,0.01,0.9,0.0005,cuda,False,False,7,102,1044,0.06884516775608063
random,1,results_v3_lr0p01,results_v3_lr0p01,small_cnn,sgd,10,128,20000,0.01,0.9,0.0005,cuda,False,False,7,103,1045,-0.07654757052659988
random,1,results_v3_lr0p01,results_v3_lr0p01,small_cnn,sgd,10,128,20000,0.01,0.9,0.0005,cuda,False,False,7,104,1046,0.457094669342041
random,1,results_v3_lr0p01,results_v3_lr0p01,small_cnn,sgd,10,128,20000,0.01,0.9,0.0005,cuda,False,False,7,105,1047,0.26137614250183105
random,1,results_v3_lr0p01,results_v3_lr0p01,small_cnn,sgd,10,128,20000,0.01,0.9,0.0005,cuda,False,False,7,106,1048,0.09800268709659576
random,1,results_v3_lr0p01,results_v3_lr0p01,small_cnn,sgd,10,128,20000,0.01,0.9,0.0005,cuda,False,False,7,107,1049,0.05300689861178398
random,1,results_v3_lr0p01,results_v3_lr0p01,small_cnn,sgd,10,128,20000,0.01,0.9,0.0005,cuda,False,False,7,108,1050,-0.21508269011974335
random,1,results_v3_lr0p01,results_v3_lr0p01,small_cnn,sgd,10,128,20000,0.01,0.9,0.0005,cuda,False,False,7,109,1051,0.1471380889415741
random,1,results_v3_lr0p01,results_v3_lr0p01,small_cnn,sgd,10,128,20000,0.01,0.9,0.0005,cuda,False,False,7,110,1052,-0.0011330991983413696
random,1,results_v3_lr0p01,results_v3_lr0p01,small_cnn,sgd,10,128,20000,0.01,0.9,0.0005,cuda,False,False,7,111,1053,-0.08755837380886078
random,1,results_v3_lr0p01,results_v3_lr0p01,small_cnn,sgd,10,128,20000,0.01,0.9,0.0005,cuda,False,False,7,112,1054,-0.014034256339073181
random,1,results_v3_lr0p01,results_v3_lr0p01,small_cnn,sgd,10,128,20000,0.01,0.9,0.0005,cuda,False,False,7,113,1055,0.19182166457176208
random,1,results_v3_lr0p01,results_v3_lr0p01,small_cnn,sgd,10,128,20000,0.01,0.9,0.0005,cuda,False,False,7,114,1056,-0.2581753730773926
random,1,results_v3_lr0p01,results_v3_lr0p01,small_cnn,sgd,10,128,20000,0.01,0.9,0.0005,cuda,False,False,7,115,1057,0.2353096306324005
random,1,results_v3_lr0p01,results_v3_lr0p01,small_cnn,sgd,10,128,20000,0.01,0.9,0.0005,cuda,False,False,7,116,1058,0.3305743932723999
random,1,results_v3_lr0p01,results_v3_lr0p01,small_cnn,sgd,10,128,20000,0.01,0.9,0.0005,cuda,False,False,7,117,1059,0.5139452219009399
random,1,results_v3_lr0p01,results_v3_lr0p01,small_cnn,sgd,10,128,20000,0.01,0.9,0.0005,cuda,False,False,7,118,1060,0.1245284229516983
random,1,results_v3_lr0p01,results_v3_lr0p01,small_cnn,sgd,10,128,20000,0.01,0.9,0.0005,cuda,False,False,7,119,1061,0.40687862038612366
random,1,results_v3_lr0p01,results_v3_lr0p01,small_cnn,sgd,10,128,20000,0.01,0.9,0.0005,cuda,False,False,7,120,1062,0.6576063632965088
random,1,results_v3_lr0p01,results_v3_lr0p01,small_cnn,sgd,10,128,20000,0.01,0.9,0.0005,cuda,False,False,7,121,1063,-0.21529939770698547
random,1,results_v3_lr0p01,results_v3_lr0p01,small_cnn,sgd,10,128,20000,0.01,0.9,0.0005,cuda,False,False,7,122,1064,0.40594321489334106
random,1,results_v3_lr0p01,results_v3_lr0p01,small_cnn,sgd,10,128,20000,0.01,0.9,0.0005,cuda,False,False,7,123,1065,-0.21960163116455078
random,1,results_v3_lr0p01,results_v3_lr0p01,small_cnn,sgd,10,128,20000,0.01,0.9,0.0005,cuda,False,False,7,124,1066,-0.017234936356544495
random,1,results_v3_lr0p01,results_v3_lr0p01,small_cnn,sgd,10,128,20000,0.01,0.9,0.0005,cuda,False,False,7,125,1067,0.08582241088151932
random,1,results_v3_lr0p01,results_v3_lr0p01,small_cnn,sgd,10,128,20000,0.01,0.9,0.0005,cuda,False,False,7,126,1068,0.037068452686071396
random,1,results_v3_lr0p01,results_v3_lr0p01,small_cnn,sgd,10,128,20000,0.01,0.9,0.0005,cuda,False,False,7,127,1069,0.34560632705688477
random,1,results_v3_lr0p01,results_v3_lr0p01,small_cnn,sgd,10,128,20000,0.01,0.9,0.0005,cuda,False,False,7,128,1070,0.446214497089386
random,1,results_v3_lr0p01,results_v3_lr0p01,small_cnn,sgd,10,128,20000,0.01,0.9,0.0005,cuda,False,False,7,129,1071,0.16278976202011108
random,1,results_v3_lr0p01,results_v3_lr0p01,small_cnn,sgd,10,128,20000,0.01,0.9,0.0005,cuda,False,False,7,130,1072,0.5418311953544617
random,1,results_v3_lr0p01,results_v3_lr0p01,small_cnn,sgd,10,128,20000,0.01,0.9,0.0005,cuda,False,False,7,131,1073,0.05686076730489731
random,1,results_v3_lr0p01,results_v3_lr0p01,small_cnn,sgd,10,128,20000,0.01,0.9,0.0005,cuda,False,False,7,132,1074,0.39086803793907166
random,1,results_v3_lr0p01,results_v3_lr0p01,small_cnn,sgd,10,128,20000,0.01,0.9,0.0005,cuda,False,False,7,133,1075,0.33735179901123047
random,1,results_v3_lr0p01,results_v3_lr0p01,small_cnn,sgd,10,128,20000,0.01,0.9,0.0005,cuda,False,False,7,134,1076,0.06473414599895477
random,1,results_v3_lr0p01,results_v3_lr0p01,small_cnn,sgd,10,128,20000,0.01,0.9,0.0005,cuda,False,False,7,135,1077,0.6657742857933044
random,1,results_v3_lr0p01,results_v3_lr0p01,small_cnn,sgd,10,128,20000,0.01,0.9,0.0005,cuda,False,False,7,136,1078,0.8003840446472168
random,1,results_v3_lr0p01,results_v3_lr0p01,small_cnn,sgd,10,128,20000,0.01,0.9,0.0005,cuda,False,False,7,137,1079,0.19332054257392883
random,1,results_v3_lr0p01,results_v3_lr0p01,small_cnn,sgd,10,128,20000,0.01,0.9,0.0005,cuda,False,False,7,138,1080,-0.12548504769802094
random,1,results_v3_lr0p01,results_v3_lr0p01,small_cnn,sgd,10,128,20000,0.01,0.9,0.0005,cuda,False,False,7,139,1081,0.21342411637306213
random,1,results_v3_lr0p01,results_v3_lr0p01,small_cnn,sgd,10,128,20000,0.01,0.9,0.0005,cuda,False,False,7,140,1082,0.07396845519542694
random,1,results_v3_lr0p01,results_v3_lr0p01,small_cnn,sgd,10,128,20000,0.01,0.9,0.0005,cuda,False,False,7,141,1083,0.11576414853334427
random,1,results_v3_lr0p01,results_v3_lr0p01,small_cnn,sgd,10,128,20000,0.01,0.9,0.0005,cuda,False,False,7,142,1084,0.25794607400894165
random,1,results_v3_lr0p01,results_v3_lr0p01,small_cnn,sgd,10,128,20000,0.01,0.9,0.0005,cuda,False,False,7,143,1085,0.2925925552845001
random,1,results_v3_lr0p01,results_v3_lr0p01,small_cnn,sgd,10,128,20000,0.01,0.9,0.0005,cuda,False,False,7,144,1086,-0.04072605073451996
random,1,results_v3_lr0p01,results_v3_lr0p01,small_cnn,sgd,10,128,20000,0.01,0.9,0.0005,cuda,False,False,7,145,1087,0.5398301482200623
random,1,results_v3_lr0p01,results_v3_lr0p01,small_cnn,sgd,10,128,20000,0.01,0.9,0.0005,cuda,False,False,7,146,1088,0.19101685285568237
random,1,results_v3_lr0p01,results_v3_lr0p01,small_cnn,sgd,10,128,20000,0.01,0.9,0.0005,cuda,False,False,7,147,1089,0.8556691408157349
random,1,results_v3_lr0p01,results_v3_lr0p01,small_cnn,sgd,10,128,20000,0.01,0.9,0.0005,cuda,False,False,7,148,1090,0.45625847578048706
random,1,results_v3_lr0p01,results_v3_lr0p01,small_cnn,sgd,10,128,20000,0.01,0.9,0.0005,cuda,False,False,7,149,1091,-0.09948756545782089
random,1,results_v3_lr0p01,results_v3_lr0p01,small_cnn,sgd,10,128,20000,0.01,0.9,0.0005,cuda,False,False,7,150,1092,0.6099295616149902
random,1,results_v3_lr0p01,results_v3_lr0p01,small_cnn,sgd,10,128,20000,0.01,0.9,0.0005,cuda,False,False,7,151,1093,0.4544704854488373
random,1,results_v3_lr0p01,results_v3_lr0p01,small_cnn,sgd,10,128,20000,0.01,0.9,0.0005,cuda,False,False,7,152,1094,0.5032580494880676
random,1,results_v3_lr0p01,results_v3_lr0p01,small_cnn,sgd,10,128,20000,0.01,0.9,0.0005,cuda,False,False,7,153,1095,0.3414676785469055
random,1,results_v3_lr0p01,results_v3_lr0p01,small_cnn,sgd,10,128,20000,0.01,0.9,0.0005,cuda,False,False,7,154,1096,0.38117048144340515
random,1,results_v3_lr0p01,results_v3_lr0p01,small_cnn,sgd,10,128,20000,0.01,0.9,0.0005,cuda,False,False,7,155,1097,0.6268527507781982
random,1,results_v3_lr0p01,results_v3_lr0p01,small_cnn,sgd,10,128,20000,0.01,0.9,0.0005,cuda,False,False,7,156,1098,0.7351083755493164
random,1,results_v3_lr0p01,results_v3_lr0p01,small_cnn,sgd,10,128,20000,0.01,0.9,0.0005,cuda,False,False,7,157,1099,0.173924520611763
random,1,results_v3_lr0p01,results_v3_lr0p01,small_cnn,sgd,10,128,20000,0.01,0.9,0.0005,cuda,False,False,8,1,1100,0.12471771985292435
random,1,results_v3_lr0p01,results_v3_lr0p01,small_cnn,sgd,10,128,20000,0.01,0.9,0.0005,cuda,False,False,8,2,1101,0.24196647107601166
random,1,results_v3_lr0p01,results_v3_lr0p01,small_cnn,sgd,10,128,20000,0.01,0.9,0.0005,cuda,False,False,8,3,1102,0.6550393104553223
random,1,results_v3_lr0p01,results_v3_lr0p01,small_cnn,sgd,10,128,20000,0.01,0.9,0.0005,cuda,False,False,8,4,1103,0.35610783100128174
random,1,results_v3_lr0p01,results_v3_lr0p01,small_cnn,sgd,10,128,20000,0.01,0.9,0.0005,cuda,False,False,8,5,1104,0.1338585466146469
random,1,results_v3_lr0p01,results_v3_lr0p01,small_cnn,sgd,10,128,20000,0.01,0.9,0.0005,cuda,False,False,8,6,1105,0.21134689450263977
random,1,results_v3_lr0p01,results_v3_lr0p01,small_cnn,sgd,10,128,20000,0.01,0.9,0.0005,cuda,False,False,8,7,1106,-0.2417891025543213
random,1,results_v3_lr0p01,results_v3_lr0p01,small_cnn,sgd,10,128,20000,0.01,0.9,0.0005,cuda,False,False,8,8,1107,-0.2432405650615692
random,1,results_v3_lr0p01,results_v3_lr0p01,small_cnn,sgd,10,128,20000,0.01,0.9,0.0005,cuda,False,False,8,9,1108,0.06034255027770996
random,1,results_v3_lr0p01,results_v3_lr0p01,small_cnn,sgd,10,128,20000,0.01,0.9,0.0005,cuda,False,False,8,10,1109,0.3106641471385956
random,1,results_v3_lr0p01,results_v3_lr0p01,small_cnn,sgd,10,128,20000,0.01,0.9,0.0005,cuda,False,False,8,11,1110,0.299652099609375
random,1,results_v3_lr0p01,results_v3_lr0p01,small_cnn,sgd,10,128,20000,0.01,0.9,0.0005,cuda,False,False,8,12,1111,-0.1800534427165985
random,1,results_v3_lr0p01,results_v3_lr0p01,small_cnn,sgd,10,128,20000,0.01,0.9,0.0005,cuda,False,False,8,13,1112,0.19692379236221313
random,1,results_v3_lr0p01,results_v3_lr0p01,small_cnn,sgd,10,128,20000,0.01,0.9,0.0005,cuda,False,False,8,14,1113,0.21632620692253113
random,1,results_v3_lr0p01,results_v3_lr0p01,small_cnn,sgd,10,128,20000,0.01,0.9,0.0005,cuda,False,False,8,15,1114,0.015994669869542122
random,1,results_v3_lr0p01,results_v3_lr0p01,small_cnn,sgd,10,128,20000,0.01,0.9,0.0005,cuda,False,False,8,16,1115,0.017492562532424927
random,1,results_v3_lr0p01,results_v3_lr0p01,small_cnn,sgd,10,128,20000,0.01,0.9,0.0005,cuda,False,False,8,17,1116,0.2995646297931671
random,1,results_v3_lr0p01,results_v3_lr0p01,small_cnn,sgd,10,128,20000,0.01,0.9,0.0005,cuda,False,False,8,18,1117,-0.1994626820087433
random,1,results_v3_lr0p01,results_v3_lr0p01,small_cnn,sgd,10,128,20000,0.01,0.9,0.0005,cuda,False,False,8,19,1118,0.5204735994338989
random,1,results_v3_lr0p01,results_v3_lr0p01,small_cnn,sgd,10,128,20000,0.01,0.9,0.0005,cuda,False,False,8,20,1119,0.24849137663841248
random,1,results_v3_lr0p01,results_v3_lr0p01,small_cnn,sgd,10,128,20000,0.01,0.9,0.0005,cuda,False,False,8,21,1120,-0.2653874456882477
random,1,results_v3_lr0p01,results_v3_lr0p01,small_cnn,sgd,10,128,20000,0.01,0.9,0.0005,cuda,False,False,8,22,1121,0.5262008905410767
random,1,results_v3_lr0p01,results_v3_lr0p01,small_cnn,sgd,10,128,20000,0.01,0.9,0.0005,cuda,False,False,8,23,1122,0.42786771059036255
random,1,results_v3_lr0p01,results_v3_lr0p01,small_cnn,sgd,10,128,20000,0.01,0.9,0.0005,cuda,False,False,8,24,1123,0.5743016004562378
random,1,results_v3_lr0p01,results_v3_lr0p01,small_cnn,sgd,10,128,20000,0.01,0.9,0.0005,cuda,False,False,8,25,1124,0.5952855348587036
random,1,results_v3_lr0p01,results_v3_lr0p01,small_cnn,sgd,10,128,20000,0.01,0.9,0.0005,cuda,False,False,8,26,1125,0.6141983270645142
random,1,results_v3_lr0p01,results_v3_lr0p01,small_cnn,sgd,10,128,20000,0.01,0.9,0.0005,cuda,False,False,8,27,1126,0.4583730697631836
random,1,results_v3_lr0p01,results_v3_lr0p01,small_cnn,sgd,10,128,20000,0.01,0.9,0.0005,cuda,False,False,8,28,1127,0.5510804057121277
random,1,results_v3_lr0p01,results_v3_lr0p01,small_cnn,sgd,10,128,20000,0.01,0.9,0.0005,cuda,False,False,8,29,1128,0.6881906390190125
random,1,results_v3_lr0p01,results_v3_lr0p01,small_cnn,sgd,10,128,20000,0.01,0.9,0.0005,cuda,False,False,8,30,1129,0.2736639380455017
random,1,results_v3_lr0p01,results_v3_lr0p01,small_cnn,sgd,10,128,20000,0.01,0.9,0.0005,cuda,False,False,8,31,1130,0.21891483664512634
random,1,results_v3_lr0p01,results_v3_lr0p01,small_cnn,sgd,10,128,20000,0.01,0.9,0.0005,cuda,False,False,8,32,1131,0.13734586536884308
random,1,results_v3_lr0p01,results_v3_lr0p01,small_cnn,sgd,10,128,20000,0.01,0.9,0.0005,cuda,False,False,8,33,1132,-0.27212288975715637
random,1,results_v3_lr0p01,results_v3_lr0p01,small_cnn,sgd,10,128,20000,0.01,0.9,0.0005,cuda,False,False,8,34,1133,-0.05545385181903839
random,1,results_v3_lr0p01,results_v3_lr0p01,small_cnn,sgd,10,128,20000,0.01,0.9,0.0005,cuda,False,False,8,35,1134,0.21480822563171387
random,1,results_v3_lr0p01,results_v3_lr0p01,small_cnn,sgd,10,128,20000,0.01,0.9,0.0005,cuda,False,False,8,36,1135,0.4195842444896698
random,1,results_v3_lr0p01,results_v3_lr0p01,small_cnn,sgd,10,128,20000,0.01,0.9,0.0005,cuda,False,False,8,37,1136,0.6721134185791016
random,1,results_v3_lr0p01,results_v3_lr0p01,small_cnn,sgd,10,128,20000,0.01,0.9,0.0005,cuda,False,False,8,38,1137,0.6860878467559814
random,1,results_v3_lr0p01,results_v3_lr0p01,small_cnn,sgd,10,128,20000,0.01,0.9,0.0005,cuda,False,False,8,39,1138,0.5217685103416443
random,1,results_v3_lr0p01,results_v3_lr0p01,small_cnn,sgd,10,128,20000,0.01,0.9,0.0005,cuda,False,False,8,40,1139,0.34113362431526184
random,1,results_v3_lr0p01,results_v3_lr0p01,small_cnn,sgd,10,128,20000,0.01,0.9,0.0005,cuda,False,False,8,41,1140,0.709546685218811
random,1,results_v3_lr0p01,results_v3_lr0p01,small_cnn,sgd,10,128,20000,0.01,0.9,0.0005,cuda,False,False,8,42,1141,0.6123392581939697
random,1,results_v3_lr0p01,results_v3_lr0p01,small_cnn,sgd,10,128,20000,0.01,0.9,0.0005,cuda,False,False,8,43,1142,0.05993176996707916
random,1,results_v3_lr0p01,results_v3_lr0p01,small_cnn,sgd,10,128,20000,0.01,0.9,0.0005,cuda,False,False,8,44,1143,0.48376575112342834
random,1,results_v3_lr0p01,results_v3_lr0p01,small_cnn,sgd,10,128,20000,0.01,0.9,0.0005,cuda,False,False,8,45,1144,0.5588662028312683
random,1,results_v3_lr0p01,results_v3_lr0p01,small_cnn,sgd,10,128,20000,0.01,0.9,0.0005,cuda,False,False,8,46,1145,0.7255446910858154
random,1,results_v3_lr0p01,results_v3_lr0p01,small_cnn,sgd,10,128,20000,0.01,0.9,0.0005,cuda,False,False,8,47,1146,0.5319286584854126
random,1,results_v3_lr0p01,results_v3_lr0p01,small_cnn,sgd,10,128,20000,0.01,0.9,0.0005,cuda,False,False,8,48,1147,-0.4252351224422455
random,1,results_v3_lr0p01,results_v3_lr0p01,small_cnn,sgd,10,128,20000,0.01,0.9,0.0005,cuda,False,False,8,49,1148,0.7326779365539551
random,1,results_v3_lr0p01,results_v3_lr0p01,small_cnn,sgd,10,128,20000,0.01,0.9,0.0005,cuda,False,False,8,50,1149,0.5452197790145874
random,1,results_v3_lr0p01,results_v3_lr0p01,small_cnn,sgd,10,128,20000,0.01,0.9,0.0005,cuda,False,False,8,51,1150,0.35975968837738037
random,1,results_v3_lr0p01,results_v3_lr0p01,small_cnn,sgd,10,128,20000,0.01,0.9,0.0005,cuda,False,False,8,52,1151,0.36974459886550903
random,1,results_v3_lr0p01,results_v3_lr0p01,small_cnn,sgd,10,128,20000,0.01,0.9,0.0005,cuda,False,False,8,53,1152,0.23152771592140198
random,1,results_v3_lr0p01,results_v3_lr0p01,small_cnn,sgd,10,128,20000,0.01,0.9,0.0005,cuda,False,False,8,54,1153,0.43535327911376953
random,1,results_v3_lr0p01,results_v3_lr0p01,small_cnn,sgd,10,128,20000,0.01,0.9,0.0005,cuda,False,False,8,55,1154,-0.19278883934020996
random,1,results_v3_lr0p01,results_v3_lr0p01,small_cnn,sgd,10,128,20000,0.01,0.9,0.0005,cuda,False,False,8,56,1155,0.4510529637336731
random,1,results_v3_lr0p01,results_v3_lr0p01,small_cnn,sgd,10,128,20000,0.01,0.9,0.0005,cuda,False,False,8,57,1156,0.6058533787727356
random,1,results_v3_lr0p01,results_v3_lr0p01,small_cnn,sgd,10,128,20000,0.01,0.9,0.0005,cuda,False,False,8,58,1157,0.3884853720664978
random,1,results_v3_lr0p01,results_v3_lr0p01,small_cnn,sgd,10,128,20000,0.01,0.9,0.0005,cuda,False,False,8,59,1158,-0.0572124645113945
random,1,results_v3_lr0p01,results_v3_lr0p01,small_cnn,sgd,10,128,20000,0.01,0.9,0.0005,cuda,False,False,8,60,1159,-0.053508371114730835
random,1,results_v3_lr0p01,results_v3_lr0p01,small_cnn,sgd,10,128,20000,0.01,0.9,0.0005,cuda,False,False,8,61,1160,0.17296387255191803
random,1,results_v3_lr0p01,results_v3_lr0p01,small_cnn,sgd,10,128,20000,0.01,0.9,0.0005,cuda,False,False,8,62,1161,0.3181929588317871
random,1,results_v3_lr0p01,results_v3_lr0p01,small_cnn,sgd,10,128,20000,0.01,0.9,0.0005,cuda,False,False,8,63,1162,0.02802196890115738
random,1,results_v3_lr0p01,results_v3_lr0p01,small_cnn,sgd,10,128,20000,0.01,0.9,0.0005,cuda,False,False,8,64,1163,0.04997260496020317
random,1,results_v3_lr0p01,results_v3_lr0p01,small_cnn,sgd,10,128,20000,0.01,0.9,0.0005,cuda,False,False,8,65,1164,0.21892017126083374
random,1,results_v3_lr0p01,results_v3_lr0p01,small_cnn,sgd,10,128,20000,0.01,0.9,0.0005,cuda,False,False,8,66,1165,0.31532251834869385
random,1,results_v3_lr0p01,results_v3_lr0p01,small_cnn,sgd,10,128,20000,0.01,0.9,0.0005,cuda,False,False,8,67,1166,0.21381980180740356
random,1,results_v3_lr0p01,results_v3_lr0p01,small_cnn,sgd,10,128,20000,0.01,0.9,0.0005,cuda,False,False,8,68,1167,-0.5364794731140137
random,1,results_v3_lr0p01,results_v3_lr0p01,small_cnn,sgd,10,128,20000,0.01,0.9,0.0005,cuda,False,False,8,69,1168,-0.1824401617050171
random,1,results_v3_lr0p01,results_v3_lr0p01,small_cnn,sgd,10,128,20000,0.01,0.9,0.0005,cuda,False,False,8,70,1169,0.441109836101532
random,1,results_v3_lr0p01,results_v3_lr0p01,small_cnn,sgd,10,128,20000,0.01,0.9,0.0005,cuda,False,False,8,71,1170,0.36966076493263245
random,1,results_v3_lr0p01,results_v3_lr0p01,small_cnn,sgd,10,128,20000,0.01,0.9,0.0005,cuda,False,False,8,72,1171,0.09648355096578598
random,1,results_v3_lr0p01,results_v3_lr0p01,small_cnn,sgd,10,128,20000,0.01,0.9,0.0005,cuda,False,False,8,73,1172,0.11132481694221497
random,1,results_v3_lr0p01,results_v3_lr0p01,small_cnn,sgd,10,128,20000,0.01,0.9,0.0005,cuda,False,False,8,74,1173,-0.017754632979631424
random,1,results_v3_lr0p01,results_v3_lr0p01,small_cnn,sgd,10,128,20000,0.01,0.9,0.0005,cuda,False,False,8,75,1174,0.1539866030216217
random,1,results_v3_lr0p01,results_v3_lr0p01,small_cnn,sgd,10,128,20000,0.01,0.9,0.0005,cuda,False,False,8,76,1175,-0.0006118472665548325
random,1,results_v3_lr0p01,results_v3_lr0p01,small_cnn,sgd,10,128,20000,0.01,0.9,0.0005,cuda,False,False,8,77,1176,-0.006514459848403931
random,1,results_v3_lr0p01,results_v3_lr0p01,small_cnn,sgd,10,128,20000,0.01,0.9,0.0005,cuda,False,False,8,78,1177,0.4682326018810272
random,1,results_v3_lr0p01,results_v3_lr0p01,small_cnn,sgd,10,128,20000,0.01,0.9,0.0005,cuda,False,False,8,79,1178,-0.022328857332468033
random,1,results_v3_lr0p01,results_v3_lr0p01,small_cnn,sgd,10,128,20000,0.01,0.9,0.0005,cuda,False,False,8,80,1179,-0.06735263764858246
random,1,results_v3_lr0p01,results_v3_lr0p01,small_cnn,sgd,10,128,20000,0.01,0.9,0.0005,cuda,False,False,8,81,1180,0.026215611025691032
random,1,results_v3_lr0p01,results_v3_lr0p01,small_cnn,sgd,10,128,20000,0.01,0.9,0.0005,cuda,False,False,8,82,1181,0.1133701428771019
random,1,results_v3_lr0p01,results_v3_lr0p01,small_cnn,sgd,10,128,20000,0.01,0.9,0.0005,cuda,False,False,8,83,1182,0.19460782408714294
random,1,results_v3_lr0p01,results_v3_lr0p01,small_cnn,sgd,10,128,20000,0.01,0.9,0.0005,cuda,False,False,8,84,1183,-0.23527847230434418
random,1,results_v3_lr0p01,results_v3_lr0p01,small_cnn,sgd,10,128,20000,0.01,0.9,0.0005,cuda,False,False,8,85,1184,0.13502824306488037
random,1,results_v3_lr0p01,results_v3_lr0p01,small_cnn,sgd,10,128,20000,0.01,0.9,0.0005,cuda,False,False,8,86,1185,-0.08138098567724228
random,1,results_v3_lr0p01,results_v3_lr0p01,small_cnn,sgd,10,128,20000,0.01,0.9,0.0005,cuda,False,False,8,87,1186,0.06784451007843018
random,1,results_v3_lr0p01,results_v3_lr0p01,small_cnn,sgd,10,128,20000,0.01,0.9,0.0005,cuda,False,False,8,88,1187,0.6677438020706177
random,1,results_v3_lr0p01,results_v3_lr0p01,small_cnn,sgd,10,128,20000,0.01,0.9,0.0005,cuda,False,False,8,89,1188,0.08724327385425568
random,1,results_v3_lr0p01,results_v3_lr0p01,small_cnn,sgd,10,128,20000,0.01,0.9,0.0005,cuda,False,False,8,90,1189,0.4274812340736389
random,1,results_v3_lr0p01,results_v3_lr0p01,small_cnn,sgd,10,128,20000,0.01,0.9,0.0005,cuda,False,False,8,91,1190,0.39506760239601135
random,1,results_v3_lr0p01,results_v3_lr0p01,small_cnn,sgd,10,128,20000,0.01,0.9,0.0005,cuda,False,False,8,92,1191,0.32532012462615967
random,1,results_v3_lr0p01,results_v3_lr0p01,small_cnn,sgd,10,128,20000,0.01,0.9,0.0005,cuda,False,False,8,93,1192,0.4287048876285553
random,1,results_v3_lr0p01,results_v3_lr0p01,small_cnn,sgd,10,128,20000,0.01,0.9,0.0005,cuda,False,False,8,94,1193,0.15431547164916992
random,1,results_v3_lr0p01,results_v3_lr0p01,small_cnn,sgd,10,128,20000,0.01,0.9,0.0005,cuda,False,False,8,95,1194,0.20140820741653442
random,1,results_v3_lr0p01,results_v3_lr0p01,small_cnn,sgd,10,128,20000,0.01,0.9,0.0005,cuda,False,False,8,96,1195,-0.18808434903621674
random,1,results_v3_lr0p01,results_v3_lr0p01,small_cnn,sgd,10,128,20000,0.01,0.9,0.0005,cuda,False,False,8,97,1196,0.40895378589630127
random,1,results_v3_lr0p01,results_v3_lr0p01,small_cnn,sgd,10,128,20000,0.01,0.9,0.0005,cuda,False,False,8,98,1197,-0.04202897101640701
random,1,results_v3_lr0p01,results_v3_lr0p01,small_cnn,sgd,10,128,20000,0.01,0.9,0.0005,cuda,False,False,8,99,1198,0.39312511682510376
random,1,results_v3_lr0p01,results_v3_lr0p01,small_cnn,sgd,10,128,20000,0.01,0.9,0.0005,cuda,False,False,8,100,1199,0.20622402429580688
random,1,results_v3_lr0p01,results_v3_lr0p01,small_cnn,sgd,10,128,20000,0.01,0.9,0.0005,cuda,False,False,8,101,1200,0.22451350092887878
random,1,results_v3_lr0p01,results_v3_lr0p01,small_cnn,sgd,10,128,20000,0.01,0.9,0.0005,cuda,False,False,8,102,1201,0.19509562849998474
random,1,results_v3_lr0p01,results_v3_lr0p01,small_cnn,sgd,10,128,20000,0.01,0.9,0.0005,cuda,False,False,8,103,1202,0.6738835573196411
random,1,results_v3_lr0p01,results_v3_lr0p01,small_cnn,sgd,10,128,20000,0.01,0.9,0.0005,cuda,False,False,8,104,1203,0.458753764629364
random,1,results_v3_lr0p01,results_v3_lr0p01,small_cnn,sgd,10,128,20000,0.01,0.9,0.0005,cuda,False,False,8,105,1204,0.22103415429592133
random,1,results_v3_lr0p01,results_v3_lr0p01,small_cnn,sgd,10,128,20000,0.01,0.9,0.0005,cuda,False,False,8,106,1205,-0.33077573776245117
random,1,results_v3_lr0p01,results_v3_lr0p01,small_cnn,sgd,10,128,20000,0.01,0.9,0.0005,cuda,False,False,8,107,1206,0.37870198488235474
random,1,results_v3_lr0p01,results_v3_lr0p01,small_cnn,sgd,10,128,20000,0.01,0.9,0.0005,cuda,False,False,8,108,1207,0.3282623291015625
random,1,results_v3_lr0p01,results_v3_lr0p01,small_cnn,sgd,10,128,20000,0.01,0.9,0.0005,cuda,False,False,8,109,1208,0.7067334055900574
random,1,results_v3_lr0p01,results_v3_lr0p01,small_cnn,sgd,10,128,20000,0.01,0.9,0.0005,cuda,False,False,8,110,1209,0.2825763523578644
random,1,results_v3_lr0p01,results_v3_lr0p01,small_cnn,sgd,10,128,20000,0.01,0.9,0.0005,cuda,False,False,8,111,1210,-0.23146581649780273
random,1,results_v3_lr0p01,results_v3_lr0p01,small_cnn,sgd,10,128,20000,0.01,0.9,0.0005,cuda,False,False,8,112,1211,0.3006153404712677
random,1,results_v3_lr0p01,results_v3_lr0p01,small_cnn,sgd,10,128,20000,0.01,0.9,0.0005,cuda,False,False,8,113,1212,0.7047469615936279
random,1,results_v3_lr0p01,results_v3_lr0p01,small_cnn,sgd,10,128,20000,0.01,0.9,0.0005,cuda,False,False,8,114,1213,0.1342569887638092
random,1,results_v3_lr0p01,results_v3_lr0p01,small_cnn,sgd,10,128,20000,0.01,0.9,0.0005,cuda,False,False,8,115,1214,0.1411134898662567
random,1,results_v3_lr0p01,results_v3_lr0p01,small_cnn,sgd,10,128,20000,0.01,0.9,0.0005,cuda,False,False,8,116,1215,0.40599197149276733
random,1,results_v3_lr0p01,results_v3_lr0p01,small_cnn,sgd,10,128,20000,0.01,0.9,0.0005,cuda,False,False,8,117,1216,0.46803200244903564
random,1,results_v3_lr0p01,results_v3_lr0p01,small_cnn,sgd,10,128,20000,0.01,0.9,0.0005,cuda,False,False,8,118,1217,0.46636244654655457
random,1,results_v3_lr0p01,results_v3_lr0p01,small_cnn,sgd,10,128,20000,0.01,0.9,0.0005,cuda,False,False,8,119,1218,0.657977819442749
random,1,results_v3_lr0p01,results_v3_lr0p01,small_cnn,sgd,10,128,20000,0.01,0.9,0.0005,cuda,False,False,8,120,1219,-0.21738988161087036
random,1,results_v3_lr0p01,results_v3_lr0p01,small_cnn,sgd,10,128,20000,0.01,0.9,0.0005,cuda,False,False,8,121,1220,0.4153394103050232
random,1,results_v3_lr0p01,results_v3_lr0p01,small_cnn,sgd,10,128,20000,0.01,0.9,0.0005,cuda,False,False,8,122,1221,0.663331925868988
random,1,results_v3_lr0p01,results_v3_lr0p01,small_cnn,sgd,10,128,20000,0.01,0.9,0.0005,cuda,False,False,8,123,1222,0.5312427282333374
random,1,results_v3_lr0p01,results_v3_lr0p01,small_cnn,sgd,10,128,20000,0.01,0.9,0.0005,cuda,False,False,8,124,1223,-0.03467957675457001
random,1,results_v3_lr0p01,results_v3_lr0p01,small_cnn,sgd,10,128,20000,0.01,0.9,0.0005,cuda,False,False,8,125,1224,0.06477878987789154
random,1,results_v3_lr0p01,results_v3_lr0p01,small_cnn,sgd,10,128,20000,0.01,0.9,0.0005,cuda,False,False,8,126,1225,0.014449612237513065
random,1,results_v3_lr0p01,results_v3_lr0p01,small_cnn,sgd,10,128,20000,0.01,0.9,0.0005,cuda,False,False,8,127,1226,-0.02467694878578186
random,1,results_v3_lr0p01,results_v3_lr0p01,small_cnn,sgd,10,128,20000,0.01,0.9,0.0005,cuda,False,False,8,128,1227,0.4217071533203125
random,1,results_v3_lr0p01,results_v3_lr0p01,small_cnn,sgd,10,128,20000,0.01,0.9,0.0005,cuda,False,False,8,129,1228,0.2015579789876938
random,1,results_v3_lr0p01,results_v3_lr0p01,small_cnn,sgd,10,128,20000,0.01,0.9,0.0005,cuda,False,False,8,130,1229,0.46938633918762207
random,1,results_v3_lr0p01,results_v3_lr0p01,small_cnn,sgd,10,128,20000,0.01,0.9,0.0005,cuda,False,False,8,131,1230,-0.09619468450546265
random,1,results_v3_lr0p01,results_v3_lr0p01,small_cnn,sgd,10,128,20000,0.01,0.9,0.0005,cuda,False,False,8,132,1231,-0.20930759608745575
random,1,results_v3_lr0p01,results_v3_lr0p01,small_cnn,sgd,10,128,20000,0.01,0.9,0.0005,cuda,False,False,8,133,1232,0.3110790550708771
random,1,results_v3_lr0p01,results_v3_lr0p01,small_cnn,sgd,10,128,20000,0.01,0.9,0.0005,cuda,False,False,8,134,1233,0.00827724114060402
random,1,results_v3_lr0p01,results_v3_lr0p01,small_cnn,sgd,10,128,20000,0.01,0.9,0.0005,cuda,False,False,8,135,1234,0.3917984664440155
random,1,results_v3_lr0p01,results_v3_lr0p01,small_cnn,sgd,10,128,20000,0.01,0.9,0.0005,cuda,False,False,8,136,1235,0.4088882803916931
random,1,results_v3_lr0p01,results_v3_lr0p01,small_cnn,sgd,10,128,20000,0.01,0.9,0.0005,cuda,False,False,8,137,1236,0.0037614069879055023
random,1,results_v3_lr0p01,results_v3_lr0p01,small_cnn,sgd,10,128,20000,0.01,0.9,0.0005,cuda,False,False,8,138,1237,-0.2791450321674347
random,1,results_v3_lr0p01,results_v3_lr0p01,small_cnn,sgd,10,128,20000,0.01,0.9,0.0005,cuda,False,False,8,139,1238,-0.02058858796954155
random,1,results_v3_lr0p01,results_v3_lr0p01,small_cnn,sgd,10,128,20000,0.01,0.9,0.0005,cuda,False,False,8,140,1239,0.12167850881814957
random,1,results_v3_lr0p01,results_v3_lr0p01,small_cnn,sgd,10,128,20000,0.01,0.9,0.0005,cuda,False,False,8,141,1240,0.1303146928548813
random,1,results_v3_lr0p01,results_v3_lr0p01,small_cnn,sgd,10,128,20000,0.01,0.9,0.0005,cuda,False,False,8,142,1241,-0.26844170689582825
random,1,results_v3_lr0p01,results_v3_lr0p01,small_cnn,sgd,10,128,20000,0.01,0.9,0.0005,cuda,False,False,8,143,1242,-0.013485001400113106
random,1,results_v3_lr0p01,results_v3_lr0p01,small_cnn,sgd,10,128,20000,0.01,0.9,0.0005,cuda,False,False,8,144,1243,0.00232122465968132
random,1,results_v3_lr0p01,results_v3_lr0p01,small_cnn,sgd,10,128,20000,0.01,0.9,0.0005,cuda,False,False,8,145,1244,0.4846091866493225
random,1,results_v3_lr0p01,results_v3_lr0p01,small_cnn,sgd,10,128,20000,0.01,0.9,0.0005,cuda,False,False,8,146,1245,0.5082671046257019
random,1,results_v3_lr0p01,results_v3_lr0p01,small_cnn,sgd,10,128,20000,0.01,0.9,0.0005,cuda,False,False,8,147,1246,-0.03471025452017784
random,1,results_v3_lr0p01,results_v3_lr0p01,small_cnn,sgd,10,128,20000,0.01,0.9,0.0005,cuda,False,False,8,148,1247,0.2024201601743698
random,1,results_v3_lr0p01,results_v3_lr0p01,small_cnn,sgd,10,128,20000,0.01,0.9,0.0005,cuda,False,False,8,149,1248,0.5248022675514221
random,1,results_v3_lr0p01,results_v3_lr0p01,small_cnn,sgd,10,128,20000,0.01,0.9,0.0005,cuda,False,False,8,150,1249,0.48157554864883423
random,1,results_v3_lr0p01,results_v3_lr0p01,small_cnn,sgd,10,128,20000,0.01,0.9,0.0005,cuda,False,False,8,151,1250,0.31346094608306885
random,1,results_v3_lr0p01,results_v3_lr0p01,small_cnn,sgd,10,128,20000,0.01,0.9,0.0005,cuda,False,False,8,152,1251,-0.14568695425987244
random,1,results_v3_lr0p01,results_v3_lr0p01,small_cnn,sgd,10,128,20000,0.01,0.9,0.0005,cuda,False,False,8,153,1252,0.5624331831932068
random,1,results_v3_lr0p01,results_v3_lr0p01,small_cnn,sgd,10,128,20000,0.01,0.9,0.0005,cuda,False,False,8,154,1253,0.1217726394534111
random,1,results_v3_lr0p01,results_v3_lr0p01,small_cnn,sgd,10,128,20000,0.01,0.9,0.0005,cuda,False,False,8,155,1254,0.08474580943584442
random,1,results_v3_lr0p01,results_v3_lr0p01,small_cnn,sgd,10,128,20000,0.01,0.9,0.0005,cuda,False,False,8,156,1255,0.32882604002952576
random,1,results_v3_lr0p01,results_v3_lr0p01,small_cnn,sgd,10,128,20000,0.01,0.9,0.0005,cuda,False,False,8,157,1256,-0.21088247001171112
random,1,results_v3_lr0p01,results_v3_lr0p01,small_cnn,sgd,10,128,20000,0.01,0.9,0.0005,cuda,False,False,9,1,1257,0.17419999837875366
random,1,results_v3_lr0p01,results_v3_lr0p01,small_cnn,sgd,10,128,20000,0.01,0.9,0.0005,cuda,False,False,9,2,1258,0.02818481996655464
random,1,results_v3_lr0p01,results_v3_lr0p01,small_cnn,sgd,10,128,20000,0.01,0.9,0.0005,cuda,False,False,9,3,1259,0.18790090084075928
random,1,results_v3_lr0p01,results_v3_lr0p01,small_cnn,sgd,10,128,20000,0.01,0.9,0.0005,cuda,False,False,9,4,1260,0.21932780742645264
random,1,results_v3_lr0p01,results_v3_lr0p01,small_cnn,sgd,10,128,20000,0.01,0.9,0.0005,cuda,False,False,9,5,1261,-0.040580689907073975
random,1,results_v3_lr0p01,results_v3_lr0p01,small_cnn,sgd,10,128,20000,0.01,0.9,0.0005,cuda,False,False,9,6,1262,0.5649486780166626
random,1,results_v3_lr0p01,results_v3_lr0p01,small_cnn,sgd,10,128,20000,0.01,0.9,0.0005,cuda,False,False,9,7,1263,0.16590231657028198
random,1,results_v3_lr0p01,results_v3_lr0p01,small_cnn,sgd,10,128,20000,0.01,0.9,0.0005,cuda,False,False,9,8,1264,0.27811187505722046
random,1,results_v3_lr0p01,results_v3_lr0p01,small_cnn,sgd,10,128,20000,0.01,0.9,0.0005,cuda,False,False,9,9,1265,0.14457741379737854
random,1,results_v3_lr0p01,results_v3_lr0p01,small_cnn,sgd,10,128,20000,0.01,0.9,0.0005,cuda,False,False,9,10,1266,-0.2576748728752136
random,1,results_v3_lr0p01,results_v3_lr0p01,small_cnn,sgd,10,128,20000,0.01,0.9,0.0005,cuda,False,False,9,11,1267,0.17156952619552612
random,1,results_v3_lr0p01,results_v3_lr0p01,small_cnn,sgd,10,128,20000,0.01,0.9,0.0005,cuda,False,False,9,12,1268,0.49600592255592346
random,1,results_v3_lr0p01,results_v3_lr0p01,small_cnn,sgd,10,128,20000,0.01,0.9,0.0005,cuda,False,False,9,13,1269,0.30998650193214417
random,1,results_v3_lr0p01,results_v3_lr0p01,small_cnn,sgd,10,128,20000,0.01,0.9,0.0005,cuda,False,False,9,14,1270,0.16247797012329102
random,1,results_v3_lr0p01,results_v3_lr0p01,small_cnn,sgd,10,128,20000,0.01,0.9,0.0005,cuda,False,False,9,15,1271,-0.01601618342101574
random,1,results_v3_lr0p01,results_v3_lr0p01,small_cnn,sgd,10,128,20000,0.01,0.9,0.0005,cuda,False,False,9,16,1272,0.4015122652053833
random,1,results_v3_lr0p01,results_v3_lr0p01,small_cnn,sgd,10,128,20000,0.01,0.9,0.0005,cuda,False,False,9,17,1273,0.5530318021774292
random,1,results_v3_lr0p01,results_v3_lr0p01,small_cnn,sgd,10,128,20000,0.01,0.9,0.0005,cuda,False,False,9,18,1274,0.3792949914932251
random,1,results_v3_lr0p01,results_v3_lr0p01,small_cnn,sgd,10,128,20000,0.01,0.9,0.0005,cuda,False,False,9,19,1275,0.2583300769329071
random,1,results_v3_lr0p01,results_v3_lr0p01,small_cnn,sgd,10,128,20000,0.01,0.9,0.0005,cuda,False,False,9,20,1276,0.08381827175617218
random,1,results_v3_lr0p01,results_v3_lr0p01,small_cnn,sgd,10,128,20000,0.01,0.9,0.0005,cuda,False,False,9,21,1277,0.48429790139198303
random,1,results_v3_lr0p01,results_v3_lr0p01,small_cnn,sgd,10,128,20000,0.01,0.9,0.0005,cuda,False,False,9,22,1278,0.1107976958155632
random,1,results_v3_lr0p01,results_v3_lr0p01,small_cnn,sgd,10,128,20000,0.01,0.9,0.0005,cuda,False,False,9,23,1279,-0.18709026277065277
random,1,results_v3_lr0p01,results_v3_lr0p01,small_cnn,sgd,10,128,20000,0.01,0.9,0.0005,cuda,False,False,9,24,1280,0.44642117619514465
random,1,results_v3_lr0p01,results_v3_lr0p01,small_cnn,sgd,10,128,20000,0.01,0.9,0.0005,cuda,False,False,9,25,1281,-0.29517969489097595
random,1,results_v3_lr0p01,results_v3_lr0p01,small_cnn,sgd,10,128,20000,0.01,0.9,0.0005,cuda,False,False,9,26,1282,0.3370818495750427
random,1,results_v3_lr0p01,results_v3_lr0p01,small_cnn,sgd,10,128,20000,0.01,0.9,0.0005,cuda,False,False,9,27,1283,0.14530125260353088
random,1,results_v3_lr0p01,results_v3_lr0p01,small_cnn,sgd,10,128,20000,0.01,0.9,0.0005,cuda,False,False,9,28,1284,0.14956817030906677
random,1,results_v3_lr0p01,results_v3_lr0p01,small_cnn,sgd,10,128,20000,0.01,0.9,0.0005,cuda,False,False,9,29,1285,0.47405552864074707
random,1,results_v3_lr0p01,results_v3_lr0p01,small_cnn,sgd,10,128,20000,0.01,0.9,0.0005,cuda,False,False,9,30,1286,0.2982630133628845
random,1,results_v3_lr0p01,results_v3_lr0p01,small_cnn,sgd,10,128,20000,0.01,0.9,0.0005,cuda,False,False,9,31,1287,-0.3038620054721832
random,1,results_v3_lr0p01,results_v3_lr0p01,small_cnn,sgd,10,128,20000,0.01,0.9,0.0005,cuda,False,False,9,32,1288,0.3217971920967102
random,1,results_v3_lr0p01,results_v3_lr0p01,small_cnn,sgd,10,128,20000,0.01,0.9,0.0005,cuda,False,False,9,33,1289,0.5002158880233765
random,1,results_v3_lr0p01,results_v3_lr0p01,small_cnn,sgd,10,128,20000,0.01,0.9,0.0005,cuda,False,False,9,34,1290,0.17760775983333588
random,1,results_v3_lr0p01,results_v3_lr0p01,small_cnn,sgd,10,128,20000,0.01,0.9,0.0005,cuda,False,False,9,35,1291,0.38710713386535645
random,1,results_v3_lr0p01,results_v3_lr0p01,small_cnn,sgd,10,128,20000,0.01,0.9,0.0005,cuda,False,False,9,36,1292,-0.10596607625484467
random,1,results_v3_lr0p01,results_v3_lr0p01,small_cnn,sgd,10,128,20000,0.01,0.9,0.0005,cuda,False,False,9,37,1293,0.056233324110507965
random,1,results_v3_lr0p01,results_v3_lr0p01,small_cnn,sgd,10,128,20000,0.01,0.9,0.0005,cuda,False,False,9,38,1294,0.2956051826477051
random,1,results_v3_lr0p01,results_v3_lr0p01,small_cnn,sgd,10,128,20000,0.01,0.9,0.0005,cuda,False,False,9,39,1295,0.538601815700531
random,1,results_v3_lr0p01,results_v3_lr0p01,small_cnn,sgd,10,128,20000,0.01,0.9,0.0005,cuda,False,False,9,40,1296,0.40418753027915955
random,1,results_v3_lr0p01,results_v3_lr0p01,small_cnn,sgd,10,128,20000,0.01,0.9,0.0005,cuda,False,False,9,41,1297,-0.10209359228610992
random,1,results_v3_lr0p01,results_v3_lr0p01,small_cnn,sgd,10,128,20000,0.01,0.9,0.0005,cuda,False,False,9,42,1298,0.4016727805137634
random,1,results_v3_lr0p01,results_v3_lr0p01,small_cnn,sgd,10,128,20000,0.01,0.9,0.0005,cuda,False,False,9,43,1299,0.4580821096897125
random,1,results_v3_lr0p01,results_v3_lr0p01,small_cnn,sgd,10,128,20000,0.01,0.9,0.0005,cuda,False,False,9,44,1300,0.2718391418457031
random,1,results_v3_lr0p01,results_v3_lr0p01,small_cnn,sgd,10,128,20000,0.01,0.9,0.0005,cuda,False,False,9,45,1301,0.3300893306732178
random,1,results_v3_lr0p01,results_v3_lr0p01,small_cnn,sgd,10,128,20000,0.01,0.9,0.0005,cuda,False,False,9,46,1302,-0.11650718003511429
random,1,results_v3_lr0p01,results_v3_lr0p01,small_cnn,sgd,10,128,20000,0.01,0.9,0.0005,cuda,False,False,9,47,1303,0.147807314991951
random,1,results_v3_lr0p01,results_v3_lr0p01,small_cnn,sgd,10,128,20000,0.01,0.9,0.0005,cuda,False,False,9,48,1304,0.0035960832610726357
random,1,results_v3_lr0p01,results_v3_lr0p01,small_cnn,sgd,10,128,20000,0.01,0.9,0.0005,cuda,False,False,9,49,1305,0.11736807227134705
random,1,results_v3_lr0p01,results_v3_lr0p01,small_cnn,sgd,10,128,20000,0.01,0.9,0.0005,cuda,False,False,9,50,1306,0.512725830078125
random,1,results_v3_lr0p01,results_v3_lr0p01,small_cnn,sgd,10,128,20000,0.01,0.9,0.0005,cuda,False,False,9,51,1307,0.2153441458940506
random,1,results_v3_lr0p01,results_v3_lr0p01,small_cnn,sgd,10,128,20000,0.01,0.9,0.0005,cuda,False,False,9,52,1308,0.5914602875709534
random,1,results_v3_lr0p01,results_v3_lr0p01,small_cnn,sgd,10,128,20000,0.01,0.9,0.0005,cuda,False,False,9,53,1309,0.04688883200287819
random,1,results_v3_lr0p01,results_v3_lr0p01,small_cnn,sgd,10,128,20000,0.01,0.9,0.0005,cuda,False,False,9,54,1310,0.23129156231880188
random,1,results_v3_lr0p01,results_v3_lr0p01,small_cnn,sgd,10,128,20000,0.01,0.9,0.0005,cuda,False,False,9,55,1311,0.6780813932418823
random,1,results_v3_lr0p01,results_v3_lr0p01,small_cnn,sgd,10,128,20000,0.01,0.9,0.0005,cuda,False,False,9,56,1312,0.058400075882673264
random,1,results_v3_lr0p01,results_v3_lr0p01,small_cnn,sgd,10,128,20000,0.01,0.9,0.0005,cuda,False,False,9,57,1313,-0.11230596154928207
random,1,results_v3_lr0p01,results_v3_lr0p01,small_cnn,sgd,10,128,20000,0.01,0.9,0.0005,cuda,False,False,9,58,1314,0.2871134281158447
random,1,results_v3_lr0p01,results_v3_lr0p01,small_cnn,sgd,10,128,20000,0.01,0.9,0.0005,cuda,False,False,9,59,1315,-0.020886173471808434
random,1,results_v3_lr0p01,results_v3_lr0p01,small_cnn,sgd,10,128,20000,0.01,0.9,0.0005,cuda,False,False,9,60,1316,0.7786145210266113
random,1,results_v3_lr0p01,results_v3_lr0p01,small_cnn,sgd,10,128,20000,0.01,0.9,0.0005,cuda,False,False,9,61,1317,-0.1743689328432083
random,1,results_v3_lr0p01,results_v3_lr0p01,small_cnn,sgd,10,128,20000,0.01,0.9,0.0005,cuda,False,False,9,62,1318,0.45002642273902893
random,1,results_v3_lr0p01,results_v3_lr0p01,small_cnn,sgd,10,128,20000,0.01,0.9,0.0005,cuda,False,False,9,63,1319,0.4765886664390564
random,1,results_v3_lr0p01,results_v3_lr0p01,small_cnn,sgd,10,128,20000,0.01,0.9,0.0005,cuda,False,False,9,64,1320,-0.20563217997550964
random,1,results_v3_lr0p01,results_v3_lr0p01,small_cnn,sgd,10,128,20000,0.01,0.9,0.0005,cuda,False,False,9,65,1321,0.4592798948287964
random,1,results_v3_lr0p01,results_v3_lr0p01,small_cnn,sgd,10,128,20000,0.01,0.9,0.0005,cuda,False,False,9,66,1322,0.30312860012054443
random,1,results_v3_lr0p01,results_v3_lr0p01,small_cnn,sgd,10,128,20000,0.01,0.9,0.0005,cuda,False,False,9,67,1323,0.33423200249671936
random,1,results_v3_lr0p01,results_v3_lr0p01,small_cnn,sgd,10,128,20000,0.01,0.9,0.0005,cuda,False,False,9,68,1324,0.6866450905799866
random,1,results_v3_lr0p01,results_v3_lr0p01,small_cnn,sgd,10,128,20000,0.01,0.9,0.0005,cuda,False,False,9,69,1325,0.12713034451007843
random,1,results_v3_lr0p01,results_v3_lr0p01,small_cnn,sgd,10,128,20000,0.01,0.9,0.0005,cuda,False,False,9,70,1326,0.18465015292167664
random,1,results_v3_lr0p01,results_v3_lr0p01,small_cnn,sgd,10,128,20000,0.01,0.9,0.0005,cuda,False,False,9,71,1327,0.4397955536842346
random,1,results_v3_lr0p01,results_v3_lr0p01,small_cnn,sgd,10,128,20000,0.01,0.9,0.0005,cuda,False,False,9,72,1328,0.48418962955474854
random,1,results_v3_lr0p01,results_v3_lr0p01,small_cnn,sgd,10,128,20000,0.01,0.9,0.0005,cuda,False,False,9,73,1329,0.41748303174972534
random,1,results_v3_lr0p01,results_v3_lr0p01,small_cnn,sgd,10,128,20000,0.01,0.9,0.0005,cuda,False,False,9,74,1330,0.06780283153057098
random,1,results_v3_lr0p01,results_v3_lr0p01,small_cnn,sgd,10,128,20000,0.01,0.9,0.0005,cuda,False,False,9,75,1331,0.6941998600959778
random,1,results_v3_lr0p01,results_v3_lr0p01,small_cnn,sgd,10,128,20000,0.01,0.9,0.0005,cuda,False,False,9,76,1332,0.16660436987876892
random,1,results_v3_lr0p01,results_v3_lr0p01,small_cnn,sgd,10,128,20000,0.01,0.9,0.0005,cuda,False,False,9,77,1333,-0.061030641198158264
random,1,results_v3_lr0p01,results_v3_lr0p01,small_cnn,sgd,10,128,20000,0.01,0.9,0.0005,cuda,False,False,9,78,1334,0.4098844528198242
random,1,results_v3_lr0p01,results_v3_lr0p01,small_cnn,sgd,10,128,20000,0.01,0.9,0.0005,cuda,False,False,9,79,1335,0.29674768447875977
random,1,results_v3_lr0p01,results_v3_lr0p01,small_cnn,sgd,10,128,20000,0.01,0.9,0.0005,cuda,False,False,9,80,1336,0.48309534788131714
random,1,results_v3_lr0p01,results_v3_lr0p01,small_cnn,sgd,10,128,20000,0.01,0.9,0.0005,cuda,False,False,9,81,1337,0.38919806480407715
random,1,results_v3_lr0p01,results_v3_lr0p01,small_cnn,sgd,10,128,20000,0.01,0.9,0.0005,cuda,False,False,9,82,1338,-0.05166352540254593
random,1,results_v3_lr0p01,results_v3_lr0p01,small_cnn,sgd,10,128,20000,0.01,0.9,0.0005,cuda,False,False,9,83,1339,0.10458027571439743
random,1,results_v3_lr0p01,results_v3_lr0p01,small_cnn,sgd,10,128,20000,0.01,0.9,0.0005,cuda,False,False,9,84,1340,-0.41860178112983704
random,1,results_v3_lr0p01,results_v3_lr0p01,small_cnn,sgd,10,128,20000,0.01,0.9,0.0005,cuda,False,False,9,85,1341,0.08751015365123749
random,1,results_v3_lr0p01,results_v3_lr0p01,small_cnn,sgd,10,128,20000,0.01,0.9,0.0005,cuda,False,False,9,86,1342,-0.09569601714611053
random,1,results_v3_lr0p01,results_v3_lr0p01,small_cnn,sgd,10,128,20000,0.01,0.9,0.0005,cuda,False,False,9,87,1343,-0.07917284220457077
random,1,results_v3_lr0p01,results_v3_lr0p01,small_cnn,sgd,10,128,20000,0.01,0.9,0.0005,cuda,False,False,9,88,1344,0.4396323263645172
random,1,results_v3_lr0p01,results_v3_lr0p01,small_cnn,sgd,10,128,20000,0.01,0.9,0.0005,cuda,False,False,9,89,1345,0.0773373693227768
random,1,results_v3_lr0p01,results_v3_lr0p01,small_cnn,sgd,10,128,20000,0.01,0.9,0.0005,cuda,False,False,9,90,1346,-0.14895614981651306
random,1,results_v3_lr0p01,results_v3_lr0p01,small_cnn,sgd,10,128,20000,0.01,0.9,0.0005,cuda,False,False,9,91,1347,-0.23994755744934082
random,1,results_v3_lr0p01,results_v3_lr0p01,small_cnn,sgd,10,128,20000,0.01,0.9,0.0005,cuda,False,False,9,92,1348,-0.20024819672107697
random,1,results_v3_lr0p01,results_v3_lr0p01,small_cnn,sgd,10,128,20000,0.01,0.9,0.0005,cuda,False,False,9,93,1349,0.29543352127075195
random,1,results_v3_lr0p01,results_v3_lr0p01,small_cnn,sgd,10,128,20000,0.01,0.9,0.0005,cuda,False,False,9,94,1350,-0.1383613795042038
random,1,results_v3_lr0p01,results_v3_lr0p01,small_cnn,sgd,10,128,20000,0.01,0.9,0.0005,cuda,False,False,9,95,1351,0.25704851746559143
random,1,results_v3_lr0p01,results_v3_lr0p01,small_cnn,sgd,10,128,20000,0.01,0.9,0.0005,cuda,False,False,9,96,1352,0.08223241567611694
random,1,results_v3_lr0p01,results_v3_lr0p01,small_cnn,sgd,10,128,20000,0.01,0.9,0.0005,cuda,False,False,9,97,1353,-0.1395617127418518
random,1,results_v3_lr0p01,results_v3_lr0p01,small_cnn,sgd,10,128,20000,0.01,0.9,0.0005,cuda,False,False,9,98,1354,0.02945515513420105
random,1,results_v3_lr0p01,results_v3_lr0p01,small_cnn,sgd,10,128,20000,0.01,0.9,0.0005,cuda,False,False,9,99,1355,-0.15504339337348938
random,1,results_v3_lr0p01,results_v3_lr0p01,small_cnn,sgd,10,128,20000,0.01,0.9,0.0005,cuda,False,False,9,100,1356,-0.26463377475738525
random,1,results_v3_lr0p01,results_v3_lr0p01,small_cnn,sgd,10,128,20000,0.01,0.9,0.0005,cuda,False,False,9,101,1357,-0.08018748462200165
random,1,results_v3_lr0p01,results_v3_lr0p01,small_cnn,sgd,10,128,20000,0.01,0.9,0.0005,cuda,False,False,9,102,1358,0.32274043560028076
random,1,results_v3_lr0p01,results_v3_lr0p01,small_cnn,sgd,10,128,20000,0.01,0.9,0.0005,cuda,False,False,9,103,1359,0.37019357085227966
random,1,results_v3_lr0p01,results_v3_lr0p01,small_cnn,sgd,10,128,20000,0.01,0.9,0.0005,cuda,False,False,9,104,1360,0.35184022784233093
random,1,results_v3_lr0p01,results_v3_lr0p01,small_cnn,sgd,10,128,20000,0.01,0.9,0.0005,cuda,False,False,9,105,1361,0.29840707778930664
random,1,results_v3_lr0p01,results_v3_lr0p01,small_cnn,sgd,10,128,20000,0.01,0.9,0.0005,cuda,False,False,9,106,1362,0.19113391637802124
random,1,results_v3_lr0p01,results_v3_lr0p01,small_cnn,sgd,10,128,20000,0.01,0.9,0.0005,cuda,False,False,9,107,1363,-0.5545217990875244
random,1,results_v3_lr0p01,results_v3_lr0p01,small_cnn,sgd,10,128,20000,0.01,0.9,0.0005,cuda,False,False,9,108,1364,-0.5190918445587158
random,1,results_v3_lr0p01,results_v3_lr0p01,small_cnn,sgd,10,128,20000,0.01,0.9,0.0005,cuda,False,False,9,109,1365,0.6293842196464539
random,1,results_v3_lr0p01,results_v3_lr0p01,small_cnn,sgd,10,128,20000,0.01,0.9,0.0005,cuda,False,False,9,110,1366,0.31533730030059814
random,1,results_v3_lr0p01,results_v3_lr0p01,small_cnn,sgd,10,128,20000,0.01,0.9,0.0005,cuda,False,False,9,111,1367,-0.3392127752304077
random,1,results_v3_lr0p01,results_v3_lr0p01,small_cnn,sgd,10,128,20000,0.01,0.9,0.0005,cuda,False,False,9,112,1368,-0.17400017380714417
random,1,results_v3_lr0p01,results_v3_lr0p01,small_cnn,sgd,10,128,20000,0.01,0.9,0.0005,cuda,False,False,9,113,1369,-0.007530272006988525
random,1,results_v3_lr0p01,results_v3_lr0p01,small_cnn,sgd,10,128,20000,0.01,0.9,0.0005,cuda,False,False,9,114,1370,0.1250281184911728
random,1,results_v3_lr0p01,results_v3_lr0p01,small_cnn,sgd,10,128,20000,0.01,0.9,0.0005,cuda,False,False,9,115,1371,0.1318632811307907
random,1,results_v3_lr0p01,results_v3_lr0p01,small_cnn,sgd,10,128,20000,0.01,0.9,0.0005,cuda,False,False,9,116,1372,-0.13244198262691498
random,1,results_v3_lr0p01,results_v3_lr0p01,small_cnn,sgd,10,128,20000,0.01,0.9,0.0005,cuda,False,False,9,117,1373,0.21666087210178375
random,1,results_v3_lr0p01,results_v3_lr0p01,small_cnn,sgd,10,128,20000,0.01,0.9,0.0005,cuda,False,False,9,118,1374,0.2862733006477356
random,1,results_v3_lr0p01,results_v3_lr0p01,small_cnn,sgd,10,128,20000,0.01,0.9,0.0005,cuda,False,False,9,119,1375,0.36058658361434937
random,1,results_v3_lr0p01,results_v3_lr0p01,small_cnn,sgd,10,128,20000,0.01,0.9,0.0005,cuda,False,False,9,120,1376,0.41895800828933716
random,1,results_v3_lr0p01,results_v3_lr0p01,small_cnn,sgd,10,128,20000,0.01,0.9,0.0005,cuda,False,False,9,121,1377,-0.33311447501182556
random,1,results_v3_lr0p01,results_v3_lr0p01,small_cnn,sgd,10,128,20000,0.01,0.9,0.0005,cuda,False,False,9,122,1378,-0.1377755105495453
random,1,results_v3_lr0p01,results_v3_lr0p01,small_cnn,sgd,10,128,20000,0.01,0.9,0.0005,cuda,False,False,9,123,1379,0.2743019163608551
random,1,results_v3_lr0p01,results_v3_lr0p01,small_cnn,sgd,10,128,20000,0.01,0.9,0.0005,cuda,False,False,9,124,1380,0.3241559863090515
random,1,results_v3_lr0p01,results_v3_lr0p01,small_cnn,sgd,10,128,20000,0.01,0.9,0.0005,cuda,False,False,9,125,1381,0.3021802306175232
random,1,results_v3_lr0p01,results_v3_lr0p01,small_cnn,sgd,10,128,20000,0.01,0.9,0.0005,cuda,False,False,9,126,1382,0.5564911365509033
random,1,results_v3_lr0p01,results_v3_lr0p01,small_cnn,sgd,10,128,20000,0.01,0.9,0.0005,cuda,False,False,9,127,1383,0.17866915464401245
random,1,results_v3_lr0p01,results_v3_lr0p01,small_cnn,sgd,10,128,20000,0.01,0.9,0.0005,cuda,False,False,9,128,1384,0.05651773512363434
random,1,results_v3_lr0p01,results_v3_lr0p01,small_cnn,sgd,10,128,20000,0.01,0.9,0.0005,cuda,False,False,9,129,1385,-0.2762492299079895
random,1,results_v3_lr0p01,results_v3_lr0p01,small_cnn,sgd,10,128,20000,0.01,0.9,0.0005,cuda,False,False,9,130,1386,0.43570029735565186
random,1,results_v3_lr0p01,results_v3_lr0p01,small_cnn,sgd,10,128,20000,0.01,0.9,0.0005,cuda,False,False,9,131,1387,0.2053799331188202
random,1,results_v3_lr0p01,results_v3_lr0p01,small_cnn,sgd,10,128,20000,0.01,0.9,0.0005,cuda,False,False,9,132,1388,0.6480123996734619
random,1,results_v3_lr0p01,results_v3_lr0p01,small_cnn,sgd,10,128,20000,0.01,0.9,0.0005,cuda,False,False,9,133,1389,-0.0032267007045447826
random,1,results_v3_lr0p01,results_v3_lr0p01,small_cnn,sgd,10,128,20000,0.01,0.9,0.0005,cuda,False,False,9,134,1390,0.1487027257680893
random,1,results_v3_lr0p01,results_v3_lr0p01,small_cnn,sgd,10,128,20000,0.01,0.9,0.0005,cuda,False,False,9,135,1391,0.3039383888244629
random,1,results_v3_lr0p01,results_v3_lr0p01,small_cnn,sgd,10,128,20000,0.01,0.9,0.0005,cuda,False,False,9,136,1392,0.475551575422287
random,1,results_v3_lr0p01,results_v3_lr0p01,small_cnn,sgd,10,128,20000,0.01,0.9,0.0005,cuda,False,False,9,137,1393,0.4466886520385742
random,1,results_v3_lr0p01,results_v3_lr0p01,small_cnn,sgd,10,128,20000,0.01,0.9,0.0005,cuda,False,False,9,138,1394,0.519320547580719
random,1,results_v3_lr0p01,results_v3_lr0p01,small_cnn,sgd,10,128,20000,0.01,0.9,0.0005,cuda,False,False,9,139,1395,0.1974889636039734
random,1,results_v3_lr0p01,results_v3_lr0p01,small_cnn,sgd,10,128,20000,0.01,0.9,0.0005,cuda,False,False,9,140,1396,0.4212851822376251
random,1,results_v3_lr0p01,results_v3_lr0p01,small_cnn,sgd,10,128,20000,0.01,0.9,0.0005,cuda,False,False,9,141,1397,-0.075302354991436
random,1,results_v3_lr0p01,results_v3_lr0p01,small_cnn,sgd,10,128,20000,0.01,0.9,0.0005,cuda,False,False,9,142,1398,0.49713167548179626
random,1,results_v3_lr0p01,results_v3_lr0p01,small_cnn,sgd,10,128,20000,0.01,0.9,0.0005,cuda,False,False,9,143,1399,0.28231775760650635
random,1,results_v3_lr0p01,results_v3_lr0p01,small_cnn,sgd,10,128,20000,0.01,0.9,0.0005,cuda,False,False,9,144,1400,0.3405087888240814
random,1,results_v3_lr0p01,results_v3_lr0p01,small_cnn,sgd,10,128,20000,0.01,0.9,0.0005,cuda,False,False,9,145,1401,0.4130067229270935
random,1,results_v3_lr0p01,results_v3_lr0p01,small_cnn,sgd,10,128,20000,0.01,0.9,0.0005,cuda,False,False,9,146,1402,-0.02941426821053028
random,1,results_v3_lr0p01,results_v3_lr0p01,small_cnn,sgd,10,128,20000,0.01,0.9,0.0005,cuda,False,False,9,147,1403,0.38965773582458496
random,1,results_v3_lr0p01,results_v3_lr0p01,small_cnn,sgd,10,128,20000,0.01,0.9,0.0005,cuda,False,False,9,148,1404,0.009693585336208344
random,1,results_v3_lr0p01,results_v3_lr0p01,small_cnn,sgd,10,128,20000,0.01,0.9,0.0005,cuda,False,False,9,149,1405,0.11652171611785889
random,1,results_v3_lr0p01,results_v3_lr0p01,small_cnn,sgd,10,128,20000,0.01,0.9,0.0005,cuda,False,False,9,150,1406,0.08685509860515594
random,1,results_v3_lr0p01,results_v3_lr0p01,small_cnn,sgd,10,128,20000,0.01,0.9,0.0005,cuda,False,False,9,151,1407,0.1971142739057541
random,1,results_v3_lr0p01,results_v3_lr0p01,small_cnn,sgd,10,128,20000,0.01,0.9,0.0005,cuda,False,False,9,152,1408,0.09207136929035187
random,1,results_v3_lr0p01,results_v3_lr0p01,small_cnn,sgd,10,128,20000,0.01,0.9,0.0005,cuda,False,False,9,153,1409,0.048678960651159286
random,1,results_v3_lr0p01,results_v3_lr0p01,small_cnn,sgd,10,128,20000,0.01,0.9,0.0005,cuda,False,False,9,154,1410,0.12322983145713806
random,1,results_v3_lr0p01,results_v3_lr0p01,small_cnn,sgd,10,128,20000,0.01,0.9,0.0005,cuda,False,False,9,155,1411,0.17606955766677856
random,1,results_v3_lr0p01,results_v3_lr0p01,small_cnn,sgd,10,128,20000,0.01,0.9,0.0005,cuda,False,False,9,156,1412,0.4607895016670227
random,1,results_v3_lr0p01,results_v3_lr0p01,small_cnn,sgd,10,128,20000,0.01,0.9,0.0005,cuda,False,False,9,157,1413,-0.06400878727436066
random,1,results_v3_lr0p01,results_v3_lr0p01,small_cnn,sgd,10,128,20000,0.01,0.9,0.0005,cuda,False,False,10,1,1414,-0.23583108186721802
random,1,results_v3_lr0p01,results_v3_lr0p01,small_cnn,sgd,10,128,20000,0.01,0.9,0.0005,cuda,False,False,10,2,1415,-0.3466092646121979
random,1,results_v3_lr0p01,results_v3_lr0p01,small_cnn,sgd,10,128,20000,0.01,0.9,0.0005,cuda,False,False,10,3,1416,0.20429576933383942
random,1,results_v3_lr0p01,results_v3_lr0p01,small_cnn,sgd,10,128,20000,0.01,0.9,0.0005,cuda,False,False,10,4,1417,0.24112869799137115
random,1,results_v3_lr0p01,results_v3_lr0p01,small_cnn,sgd,10,128,20000,0.01,0.9,0.0005,cuda,False,False,10,5,1418,0.11006337404251099
random,1,results_v3_lr0p01,results_v3_lr0p01,small_cnn,sgd,10,128,20000,0.01,0.9,0.0005,cuda,False,False,10,6,1419,-0.07714763283729553
random,1,results_v3_lr0p01,results_v3_lr0p01,small_cnn,sgd,10,128,20000,0.01,0.9,0.0005,cuda,False,False,10,7,1420,-0.04420702904462814
random,1,results_v3_lr0p01,results_v3_lr0p01,small_cnn,sgd,10,128,20000,0.01,0.9,0.0005,cuda,False,False,10,8,1421,0.5442280769348145
random,1,results_v3_lr0p01,results_v3_lr0p01,small_cnn,sgd,10,128,20000,0.01,0.9,0.0005,cuda,False,False,10,9,1422,-0.26912423968315125
random,1,results_v3_lr0p01,results_v3_lr0p01,small_cnn,sgd,10,128,20000,0.01,0.9,0.0005,cuda,False,False,10,10,1423,0.27668261528015137
random,1,results_v3_lr0p01,results_v3_lr0p01,small_cnn,sgd,10,128,20000,0.01,0.9,0.0005,cuda,False,False,10,11,1424,0.43022191524505615
random,1,results_v3_lr0p01,results_v3_lr0p01,small_cnn,sgd,10,128,20000,0.01,0.9,0.0005,cuda,False,False,10,12,1425,0.4039306640625
random,1,results_v3_lr0p01,results_v3_lr0p01,small_cnn,sgd,10,128,20000,0.01,0.9,0.0005,cuda,False,False,10,13,1426,-0.5649226307868958
random,1,results_v3_lr0p01,results_v3_lr0p01,small_cnn,sgd,10,128,20000,0.01,0.9,0.0005,cuda,False,False,10,14,1427,0.508310079574585
random,1,results_v3_lr0p01,results_v3_lr0p01,small_cnn,sgd,10,128,20000,0.01,0.9,0.0005,cuda,False,False,10,15,1428,0.3973202407360077
random,1,results_v3_lr0p01,results_v3_lr0p01,small_cnn,sgd,10,128,20000,0.01,0.9,0.0005,cuda,False,False,10,16,1429,0.06039535254240036
random,1,results_v3_lr0p01,results_v3_lr0p01,small_cnn,sgd,10,128,20000,0.01,0.9,0.0005,cuda,False,False,10,17,1430,0.6113370656967163
random,1,results_v3_lr0p01,results_v3_lr0p01,small_cnn,sgd,10,128,20000,0.01,0.9,0.0005,cuda,False,False,10,18,1431,0.19669342041015625
random,1,results_v3_lr0p01,results_v3_lr0p01,small_cnn,sgd,10,128,20000,0.01,0.9,0.0005,cuda,False,False,10,19,1432,-0.4365668296813965
random,1,results_v3_lr0p01,results_v3_lr0p01,small_cnn,sgd,10,128,20000,0.01,0.9,0.0005,cuda,False,False,10,20,1433,0.19764932990074158
random,1,results_v3_lr0p01,results_v3_lr0p01,small_cnn,sgd,10,128,20000,0.01,0.9,0.0005,cuda,False,False,10,21,1434,0.44477325677871704
random,1,results_v3_lr0p01,results_v3_lr0p01,small_cnn,sgd,10,128,20000,0.01,0.9,0.0005,cuda,False,False,10,22,1435,0.6060230731964111
random,1,results_v3_lr0p01,results_v3_lr0p01,small_cnn,sgd,10,128,20000,0.01,0.9,0.0005,cuda,False,False,10,23,1436,-0.028273582458496094
random,1,results_v3_lr0p01,results_v3_lr0p01,small_cnn,sgd,10,128,20000,0.01,0.9,0.0005,cuda,False,False,10,24,1437,0.41183236241340637
random,1,results_v3_lr0p01,results_v3_lr0p01,small_cnn,sgd,10,128,20000,0.01,0.9,0.0005,cuda,False,False,10,25,1438,0.3034241795539856
random,1,results_v3_lr0p01,results_v3_lr0p01,small_cnn,sgd,10,128,20000,0.01,0.9,0.0005,cuda,False,False,10,26,1439,0.5411422848701477
random,1,results_v3_lr0p01,results_v3_lr0p01,small_cnn,sgd,10,128,20000,0.01,0.9,0.0005,cuda,False,False,10,27,1440,0.6634995341300964
random,1,results_v3_lr0p01,results_v3_lr0p01,small_cnn,sgd,10,128,20000,0.01,0.9,0.0005,cuda,False,False,10,28,1441,0.3015822768211365
random,1,results_v3_lr0p01,results_v3_lr0p01,small_cnn,sgd,10,128,20000,0.01,0.9,0.0005,cuda,False,False,10,29,1442,0.5254757404327393
random,1,results_v3_lr0p01,results_v3_lr0p01,small_cnn,sgd,10,128,20000,0.01,0.9,0.0005,cuda,False,False,10,30,1443,0.2808597683906555
random,1,results_v3_lr0p01,results_v3_lr0p01,small_cnn,sgd,10,128,20000,0.01,0.9,0.0005,cuda,False,False,10,31,1444,0.2949998378753662
random,1,results_v3_lr0p01,results_v3_lr0p01,small_cnn,sgd,10,128,20000,0.01,0.9,0.0005,cuda,False,False,10,32,1445,-0.07444018870592117
random,1,results_v3_lr0p01,results_v3_lr0p01,small_cnn,sgd,10,128,20000,0.01,0.9,0.0005,cuda,False,False,10,33,1446,0.0872199609875679
random,1,results_v3_lr0p01,results_v3_lr0p01,small_cnn,sgd,10,128,20000,0.01,0.9,0.0005,cuda,False,False,10,34,1447,-0.09830202907323837
random,1,results_v3_lr0p01,results_v3_lr0p01,small_cnn,sgd,10,128,20000,0.01,0.9,0.0005,cuda,False,False,10,35,1448,0.359749436378479
random,1,results_v3_lr0p01,results_v3_lr0p01,small_cnn,sgd,10,128,20000,0.01,0.9,0.0005,cuda,False,False,10,36,1449,0.2721823453903198
random,1,results_v3_lr0p01,results_v3_lr0p01,small_cnn,sgd,10,128,20000,0.01,0.9,0.0005,cuda,False,False,10,37,1450,0.20296789705753326
random,1,results_v3_lr0p01,results_v3_lr0p01,small_cnn,sgd,10,128,20000,0.01,0.9,0.0005,cuda,False,False,10,38,1451,0.3280983865261078
random,1,results_v3_lr0p01,results_v3_lr0p01,small_cnn,sgd,10,128,20000,0.01,0.9,0.0005,cuda,False,False,10,39,1452,0.241917684674263
random,1,results_v3_lr0p01,results_v3_lr0p01,small_cnn,sgd,10,128,20000,0.01,0.9,0.0005,cuda,False,False,10,40,1453,0.2731320261955261
random,1,results_v3_lr0p01,results_v3_lr0p01,small_cnn,sgd,10,128,20000,0.01,0.9,0.0005,cuda,False,False,10,41,1454,0.4537235200405121
random,1,results_v3_lr0p01,results_v3_lr0p01,small_cnn,sgd,10,128,20000,0.01,0.9,0.0005,cuda,False,False,10,42,1455,0.3021572232246399
random,1,results_v3_lr0p01,results_v3_lr0p01,small_cnn,sgd,10,128,20000,0.01,0.9,0.0005,cuda,False,False,10,43,1456,0.08885818719863892
random,1,results_v3_lr0p01,results_v3_lr0p01,small_cnn,sgd,10,128,20000,0.01,0.9,0.0005,cuda,False,False,10,44,1457,0.2924511432647705
random,1,results_v3_lr0p01,results_v3_lr0p01,small_cnn,sgd,10,128,20000,0.01,0.9,0.0005,cuda,False,False,10,45,1458,0.11218605935573578
random,1,results_v3_lr0p01,results_v3_lr0p01,small_cnn,sgd,10,128,20000,0.01,0.9,0.0005,cuda,False,False,10,46,1459,0.45079505443573
random,1,results_v3_lr0p01,results_v3_lr0p01,small_cnn,sgd,10,128,20000,0.01,0.9,0.0005,cuda,False,False,10,47,1460,0.33050429821014404
random,1,results_v3_lr0p01,results_v3_lr0p01,small_cnn,sgd,10,128,20000,0.01,0.9,0.0005,cuda,False,False,10,48,1461,-0.04613891616463661
random,1,results_v3_lr0p01,results_v3_lr0p01,small_cnn,sgd,10,128,20000,0.01,0.9,0.0005,cuda,False,False,10,49,1462,0.36977675557136536
random,1,results_v3_lr0p01,results_v3_lr0p01,small_cnn,sgd,10,128,20000,0.01,0.9,0.0005,cuda,False,False,10,50,1463,0.26131895184516907
random,1,results_v3_lr0p01,results_v3_lr0p01,small_cnn,sgd,10,128,20000,0.01,0.9,0.0005,cuda,False,False,10,51,1464,-0.013084504753351212
random,1,results_v3_lr0p01,results_v3_lr0p01,small_cnn,sgd,10,128,20000,0.01,0.9,0.0005,cuda,False,False,10,52,1465,0.13244499266147614
random,1,results_v3_lr0p01,results_v3_lr0p01,small_cnn,sgd,10,128,20000,0.01,0.9,0.0005,cuda,False,False,10,53,1466,-0.040181342512369156
random,1,results_v3_lr0p01,results_v3_lr0p01,small_cnn,sgd,10,128,20000,0.01,0.9,0.0005,cuda,False,False,10,54,1467,0.007135607302188873
random,1,results_v3_lr0p01,results_v3_lr0p01,small_cnn,sgd,10,128,20000,0.01,0.9,0.0005,cuda,False,False,10,55,1468,0.1367904394865036
random,1,results_v3_lr0p01,results_v3_lr0p01,small_cnn,sgd,10,128,20000,0.01,0.9,0.0005,cuda,False,False,10,56,1469,-0.10532321035861969
random,1,results_v3_lr0p01,results_v3_lr0p01,small_cnn,sgd,10,128,20000,0.01,0.9,0.0005,cuda,False,False,10,57,1470,-0.010277904570102692
random,1,results_v3_lr0p01,results_v3_lr0p01,small_cnn,sgd,10,128,20000,0.01,0.9,0.0005,cuda,False,False,10,58,1471,0.10763734579086304
random,1,results_v3_lr0p01,results_v3_lr0p01,small_cnn,sgd,10,128,20000,0.01,0.9,0.0005,cuda,False,False,10,59,1472,0.27252739667892456
random,1,results_v3_lr0p01,results_v3_lr0p01,small_cnn,sgd,10,128,20000,0.01,0.9,0.0005,cuda,False,False,10,60,1473,0.48473867774009705
random,1,results_v3_lr0p01,results_v3_lr0p01,small_cnn,sgd,10,128,20000,0.01,0.9,0.0005,cuda,False,False,10,61,1474,-0.21641960740089417
random,1,results_v3_lr0p01,results_v3_lr0p01,small_cnn,sgd,10,128,20000,0.01,0.9,0.0005,cuda,False,False,10,62,1475,0.20795938372612
random,1,results_v3_lr0p01,results_v3_lr0p01,small_cnn,sgd,10,128,20000,0.01,0.9,0.0005,cuda,False,False,10,63,1476,0.4560190737247467
random,1,results_v3_lr0p01,results_v3_lr0p01,small_cnn,sgd,10,128,20000,0.01,0.9,0.0005,cuda,False,False,10,64,1477,0.4367913007736206
random,1,results_v3_lr0p01,results_v3_lr0p01,small_cnn,sgd,10,128,20000,0.01,0.9,0.0005,cuda,False,False,10,65,1478,0.13881421089172363
random,1,results_v3_lr0p01,results_v3_lr0p01,small_cnn,sgd,10,128,20000,0.01,0.9,0.0005,cuda,False,False,10,66,1479,-0.188095822930336
random,1,results_v3_lr0p01,results_v3_lr0p01,small_cnn,sgd,10,128,20000,0.01,0.9,0.0005,cuda,False,False,10,67,1480,0.467913955450058
random,1,results_v3_lr0p01,results_v3_lr0p01,small_cnn,sgd,10,128,20000,0.01,0.9,0.0005,cuda,False,False,10,68,1481,0.12147776037454605
random,1,results_v3_lr0p01,results_v3_lr0p01,small_cnn,sgd,10,128,20000,0.01,0.9,0.0005,cuda,False,False,10,69,1482,0.5351783037185669
random,1,results_v3_lr0p01,results_v3_lr0p01,small_cnn,sgd,10,128,20000,0.01,0.9,0.0005,cuda,False,False,10,70,1483,0.1963728666305542
random,1,results_v3_lr0p01,results_v3_lr0p01,small_cnn,sgd,10,128,20000,0.01,0.9,0.0005,cuda,False,False,10,71,1484,-0.29017817974090576
random,1,results_v3_lr0p01,results_v3_lr0p01,small_cnn,sgd,10,128,20000,0.01,0.9,0.0005,cuda,False,False,10,72,1485,0.3689083158969879
random,1,results_v3_lr0p01,results_v3_lr0p01,small_cnn,sgd,10,128,20000,0.01,0.9,0.0005,cuda,False,False,10,73,1486,-0.15917380154132843
random,1,results_v3_lr0p01,results_v3_lr0p01,small_cnn,sgd,10,128,20000,0.01,0.9,0.0005,cuda,False,False,10,74,1487,0.6403871178627014
random,1,results_v3_lr0p01,results_v3_lr0p01,small_cnn,sgd,10,128,20000,0.01,0.9,0.0005,cuda,False,False,10,75,1488,0.4835319519042969
random,1,results_v3_lr0p01,results_v3_lr0p01,small_cnn,sgd,10,128,20000,0.01,0.9,0.0005,cuda,False,False,10,76,1489,0.34781432151794434
random,1,results_v3_lr0p01,results_v3_lr0p01,small_cnn,sgd,10,128,20000,0.01,0.9,0.0005,cuda,False,False,10,77,1490,0.048458803445100784
random,1,results_v3_lr0p01,results_v3_lr0p01,small_cnn,sgd,10,128,20000,0.01,0.9,0.0005,cuda,False,False,10,78,1491,0.26409703493118286
random,1,results_v3_lr0p01,results_v3_lr0p01,small_cnn,sgd,10,128,20000,0.01,0.9,0.0005,cuda,False,False,10,79,1492,0.19224025309085846
random,1,results_v3_lr0p01,results_v3_lr0p01,small_cnn,sgd,10,128,20000,0.01,0.9,0.0005,cuda,False,False,10,80,1493,0.23260986804962158
random,1,results_v3_lr0p01,results_v3_lr0p01,small_cnn,sgd,10,128,20000,0.01,0.9,0.0005,cuda,False,False,10,81,1494,0.33132612705230713
random,1,results_v3_lr0p01,results_v3_lr0p01,small_cnn,sgd,10,128,20000,0.01,0.9,0.0005,cuda,False,False,10,82,1495,0.45068007707595825
random,1,results_v3_lr0p01,results_v3_lr0p01,small_cnn,sgd,10,128,20000,0.01,0.9,0.0005,cuda,False,False,10,83,1496,0.07072499394416809
random,1,results_v3_lr0p01,results_v3_lr0p01,small_cnn,sgd,10,128,20000,0.01,0.9,0.0005,cuda,False,False,10,84,1497,-0.0803685188293457
random,1,results_v3_lr0p01,results_v3_lr0p01,small_cnn,sgd,10,128,20000,0.01,0.9,0.0005,cuda,False,False,10,85,1498,0.26434966921806335
random,1,results_v3_lr0p01,results_v3_lr0p01,small_cnn,sgd,10,128,20000,0.01,0.9,0.0005,cuda,False,False,10,86,1499,0.22871708869934082
random,1,results_v3_lr0p01,results_v3_lr0p01,small_cnn,sgd,10,128,20000,0.01,0.9,0.0005,cuda,False,False,10,87,1500,0.6108970642089844
random,1,results_v3_lr0p01,results_v3_lr0p01,small_cnn,sgd,10,128,20000,0.01,0.9,0.0005,cuda,False,False,10,88,1501,-0.1884705275297165
random,1,results_v3_lr0p01,results_v3_lr0p01,small_cnn,sgd,10,128,20000,0.01,0.9,0.0005,cuda,False,False,10,89,1502,0.5049175024032593
random,1,results_v3_lr0p01,results_v3_lr0p01,small_cnn,sgd,10,128,20000,0.01,0.9,0.0005,cuda,False,False,10,90,1503,0.5982946753501892
random,1,results_v3_lr0p01,results_v3_lr0p01,small_cnn,sgd,10,128,20000,0.01,0.9,0.0005,cuda,False,False,10,91,1504,0.5101981163024902
random,1,results_v3_lr0p01,results_v3_lr0p01,small_cnn,sgd,10,128,20000,0.01,0.9,0.0005,cuda,False,False,10,92,1505,0.174502894282341
random,1,results_v3_lr0p01,results_v3_lr0p01,small_cnn,sgd,10,128,20000,0.01,0.9,0.0005,cuda,False,False,10,93,1506,-0.028081970289349556
random,1,results_v3_lr0p01,results_v3_lr0p01,small_cnn,sgd,10,128,20000,0.01,0.9,0.0005,cuda,False,False,10,94,1507,0.2767673134803772
random,1,results_v3_lr0p01,results_v3_lr0p01,small_cnn,sgd,10,128,20000,0.01,0.9,0.0005,cuda,False,False,10,95,1508,0.41058385372161865
random,1,results_v3_lr0p01,results_v3_lr0p01,small_cnn,sgd,10,128,20000,0.01,0.9,0.0005,cuda,False,False,10,96,1509,0.4762720465660095
random,1,results_v3_lr0p01,results_v3_lr0p01,small_cnn,sgd,10,128,20000,0.01,0.9,0.0005,cuda,False,False,10,97,1510,0.16279610991477966
random,1,results_v3_lr0p01,results_v3_lr0p01,small_cnn,sgd,10,128,20000,0.01,0.9,0.0005,cuda,False,False,10,98,1511,0.03584356606006622
random,1,results_v3_lr0p01,results_v3_lr0p01,small_cnn,sgd,10,128,20000,0.01,0.9,0.0005,cuda,False,False,10,99,1512,0.5457866787910461
random,1,results_v3_lr0p01,results_v3_lr0p01,small_cnn,sgd,10,128,20000,0.01,0.9,0.0005,cuda,False,False,10,100,1513,0.15899620950222015
random,1,results_v3_lr0p01,results_v3_lr0p01,small_cnn,sgd,10,128,20000,0.01,0.9,0.0005,cuda,False,False,10,101,1514,0.49841463565826416
random,1,results_v3_lr0p01,results_v3_lr0p01,small_cnn,sgd,10,128,20000,0.01,0.9,0.0005,cuda,False,False,10,102,1515,0.4331100285053253
random,1,results_v3_lr0p01,results_v3_lr0p01,small_cnn,sgd,10,128,20000,0.01,0.9,0.0005,cuda,False,False,10,103,1516,-0.5640119314193726
random,1,results_v3_lr0p01,results_v3_lr0p01,small_cnn,sgd,10,128,20000,0.01,0.9,0.0005,cuda,False,False,10,104,1517,0.24210913479328156
random,1,results_v3_lr0p01,results_v3_lr0p01,small_cnn,sgd,10,128,20000,0.01,0.9,0.0005,cuda,False,False,10,105,1518,0.2924354672431946
random,1,results_v3_lr0p01,results_v3_lr0p01,small_cnn,sgd,10,128,20000,0.01,0.9,0.0005,cuda,False,False,10,106,1519,0.35884228348731995
random,1,results_v3_lr0p01,results_v3_lr0p01,small_cnn,sgd,10,128,20000,0.01,0.9,0.0005,cuda,False,False,10,107,1520,0.45132333040237427
random,1,results_v3_lr0p01,results_v3_lr0p01,small_cnn,sgd,10,128,20000,0.01,0.9,0.0005,cuda,False,False,10,108,1521,-0.49843963980674744
random,1,results_v3_lr0p01,results_v3_lr0p01,small_cnn,sgd,10,128,20000,0.01,0.9,0.0005,cuda,False,False,10,109,1522,0.0470835343003273
random,1,results_v3_lr0p01,results_v3_lr0p01,small_cnn,sgd,10,128,20000,0.01,0.9,0.0005,cuda,False,False,10,110,1523,0.28062325716018677
random,1,results_v3_lr0p01,results_v3_lr0p01,small_cnn,sgd,10,128,20000,0.01,0.9,0.0005,cuda,False,False,10,111,1524,0.5883386135101318
random,1,results_v3_lr0p01,results_v3_lr0p01,small_cnn,sgd,10,128,20000,0.01,0.9,0.0005,cuda,False,False,10,112,1525,0.5202010869979858
random,1,results_v3_lr0p01,results_v3_lr0p01,small_cnn,sgd,10,128,20000,0.01,0.9,0.0005,cuda,False,False,10,113,1526,-0.3711107075214386
random,1,results_v3_lr0p01,results_v3_lr0p01,small_cnn,sgd,10,128,20000,0.01,0.9,0.0005,cuda,False,False,10,114,1527,0.5513557195663452
random,1,results_v3_lr0p01,results_v3_lr0p01,small_cnn,sgd,10,128,20000,0.01,0.9,0.0005,cuda,False,False,10,115,1528,0.5871108174324036
random,1,results_v3_lr0p01,results_v3_lr0p01,small_cnn,sgd,10,128,20000,0.01,0.9,0.0005,cuda,False,False,10,116,1529,0.5940972566604614
random,1,results_v3_lr0p01,results_v3_lr0p01,small_cnn,sgd,10,128,20000,0.01,0.9,0.0005,cuda,False,False,10,117,1530,0.3805127441883087
random,1,results_v3_lr0p01,results_v3_lr0p01,small_cnn,sgd,10,128,20000,0.01,0.9,0.0005,cuda,False,False,10,118,1531,-0.10987768322229385
random,1,results_v3_lr0p01,results_v3_lr0p01,small_cnn,sgd,10,128,20000,0.01,0.9,0.0005,cuda,False,False,10,119,1532,0.5886931419372559
random,1,results_v3_lr0p01,results_v3_lr0p01,small_cnn,sgd,10,128,20000,0.01,0.9,0.0005,cuda,False,False,10,120,1533,0.6870645880699158
random,1,results_v3_lr0p01,results_v3_lr0p01,small_cnn,sgd,10,128,20000,0.01,0.9,0.0005,cuda,False,False,10,121,1534,0.12258502840995789
random,1,results_v3_lr0p01,results_v3_lr0p01,small_cnn,sgd,10,128,20000,0.01,0.9,0.0005,cuda,False,False,10,122,1535,0.6625571250915527
random,1,results_v3_lr0p01,results_v3_lr0p01,small_cnn,sgd,10,128,20000,0.01,0.9,0.0005,cuda,False,False,10,123,1536,0.42117220163345337
random,1,results_v3_lr0p01,results_v3_lr0p01,small_cnn,sgd,10,128,20000,0.01,0.9,0.0005,cuda,False,False,10,124,1537,0.5771694779396057
random,1,results_v3_lr0p01,results_v3_lr0p01,small_cnn,sgd,10,128,20000,0.01,0.9,0.0005,cuda,False,False,10,125,1538,0.17533382773399353
random,1,results_v3_lr0p01,results_v3_lr0p01,small_cnn,sgd,10,128,20000,0.01,0.9,0.0005,cuda,False,False,10,126,1539,0.4408666491508484
random,1,results_v3_lr0p01,results_v3_lr0p01,small_cnn,sgd,10,128,20000,0.01,0.9,0.0005,cuda,False,False,10,127,1540,0.4431493580341339
random,1,results_v3_lr0p01,results_v3_lr0p01,small_cnn,sgd,10,128,20000,0.01,0.9,0.0005,cuda,False,False,10,128,1541,0.5862522125244141
random,1,results_v3_lr0p01,results_v3_lr0p01,small_cnn,sgd,10,128,20000,0.01,0.9,0.0005,cuda,False,False,10,129,1542,0.4067835509777069
random,1,results_v3_lr0p01,results_v3_lr0p01,small_cnn,sgd,10,128,20000,0.01,0.9,0.0005,cuda,False,False,10,130,1543,-0.3050330877304077
random,1,results_v3_lr0p01,results_v3_lr0p01,small_cnn,sgd,10,128,20000,0.01,0.9,0.0005,cuda,False,False,10,131,1544,0.15867272019386292
random,1,results_v3_lr0p01,results_v3_lr0p01,small_cnn,sgd,10,128,20000,0.01,0.9,0.0005,cuda,False,False,10,132,1545,0.5491421222686768
random,1,results_v3_lr0p01,results_v3_lr0p01,small_cnn,sgd,10,128,20000,0.01,0.9,0.0005,cuda,False,False,10,133,1546,0.29114824533462524
random,1,results_v3_lr0p01,results_v3_lr0p01,small_cnn,sgd,10,128,20000,0.01,0.9,0.0005,cuda,False,False,10,134,1547,0.28509581089019775
random,1,results_v3_lr0p01,results_v3_lr0p01,small_cnn,sgd,10,128,20000,0.01,0.9,0.0005,cuda,False,False,10,135,1548,0.04524197429418564
random,1,results_v3_lr0p01,results_v3_lr0p01,small_cnn,sgd,10,128,20000,0.01,0.9,0.0005,cuda,False,False,10,136,1549,-0.10923399031162262
random,1,results_v3_lr0p01,results_v3_lr0p01,small_cnn,sgd,10,128,20000,0.01,0.9,0.0005,cuda,False,False,10,137,1550,0.06718716770410538
random,1,results_v3_lr0p01,results_v3_lr0p01,small_cnn,sgd,10,128,20000,0.01,0.9,0.0005,cuda,False,False,10,138,1551,0.40282660722732544
random,1,results_v3_lr0p01,results_v3_lr0p01,small_cnn,sgd,10,128,20000,0.01,0.9,0.0005,cuda,False,False,10,139,1552,0.5463034510612488
random,1,results_v3_lr0p01,results_v3_lr0p01,small_cnn,sgd,10,128,20000,0.01,0.9,0.0005,cuda,False,False,10,140,1553,0.1116776391863823
random,1,results_v3_lr0p01,results_v3_lr0p01,small_cnn,sgd,10,128,20000,0.01,0.9,0.0005,cuda,False,False,10,141,1554,-0.3101314902305603
random,1,results_v3_lr0p01,results_v3_lr0p01,small_cnn,sgd,10,128,20000,0.01,0.9,0.0005,cuda,False,False,10,142,1555,0.5874114036560059
random,1,results_v3_lr0p01,results_v3_lr0p01,small_cnn,sgd,10,128,20000,0.01,0.9,0.0005,cuda,False,False,10,143,1556,0.11414700746536255
random,1,results_v3_lr0p01,results_v3_lr0p01,small_cnn,sgd,10,128,20000,0.01,0.9,0.0005,cuda,False,False,10,144,1557,0.07537154108285904
random,1,results_v3_lr0p01,results_v3_lr0p01,small_cnn,sgd,10,128,20000,0.01,0.9,0.0005,cuda,False,False,10,145,1558,0.28372979164123535
random,1,results_v3_lr0p01,results_v3_lr0p01,small_cnn,sgd,10,128,20000,0.01,0.9,0.0005,cuda,False,False,10,146,1559,0.022184941917657852
random,1,results_v3_lr0p01,results_v3_lr0p01,small_cnn,sgd,10,128,20000,0.01,0.9,0.0005,cuda,False,False,10,147,1560,-0.06524993479251862
random,1,results_v3_lr0p01,results_v3_lr0p01,small_cnn,sgd,10,128,20000,0.01,0.9,0.0005,cuda,False,False,10,148,1561,0.10221290588378906
random,1,results_v3_lr0p01,results_v3_lr0p01,small_cnn,sgd,10,128,20000,0.01,0.9,0.0005,cuda,False,False,10,149,1562,0.4595645070075989
random,1,results_v3_lr0p01,results_v3_lr0p01,small_cnn,sgd,10,128,20000,0.01,0.9,0.0005,cuda,False,False,10,150,1563,0.329314261674881
random,1,results_v3_lr0p01,results_v3_lr0p01,small_cnn,sgd,10,128,20000,0.01,0.9,0.0005,cuda,False,False,10,151,1564,0.011879775673151016
random,1,results_v3_lr0p01,results_v3_lr0p01,small_cnn,sgd,10,128,20000,0.01,0.9,0.0005,cuda,False,False,10,152,1565,0.3799828588962555
random,1,results_v3_lr0p01,results_v3_lr0p01,small_cnn,sgd,10,128,20000,0.01,0.9,0.0005,cuda,False,False,10,153,1566,0.3850407898426056
random,1,results_v3_lr0p01,results_v3_lr0p01,small_cnn,sgd,10,128,20000,0.01,0.9,0.0005,cuda,False,False,10,154,1567,0.03253713995218277
random,1,results_v3_lr0p01,results_v3_lr0p01,small_cnn,sgd,10,128,20000,0.01,0.9,0.0005,cuda,False,False,10,155,1568,-0.04618512839078903
random,1,results_v3_lr0p01,results_v3_lr0p01,small_cnn,sgd,10,128,20000,0.01,0.9,0.0005,cuda,False,False,10,156,1569,0.24680525064468384
random,1,results_v3_lr0p01,results_v3_lr0p01,small_cnn,sgd,10,128,20000,0.01,0.9,0.0005,cuda,False,False,10,157,1570,0.015362411737442017
