order_mode,seed,experiment_name,output_dir,model,optimizer,epochs,batch_size,max_train_examples,learning_rate,momentum,weight_decay,device,deterministic,save_embeddings,epoch,batch_index,global_step,cosine_similarity
curriculum_hard,0,results_v3_main,results_v3_main,small_cnn,sgd,10,128,20000,0.05,0.9,0.0005,cuda,False,True,1,1,1,
curriculum_hard,0,results_v3_main,results_v3_main,small_cnn,sgd,10,128,20000,0.05,0.9,0.0005,cuda,False,True,1,2,2,0.24654774367809296
curriculum_hard,0,results_v3_main,results_v3_main,small_cnn,sgd,10,128,20000,0.05,0.9,0.0005,cuda,False,True,1,3,3,0.6326552629470825
curriculum_hard,0,results_v3_main,results_v3_main,small_cnn,sgd,10,128,20000,0.05,0.9,0.0005,cuda,False,True,1,4,4,0.3642970323562622
curriculum_hard,0,results_v3_main,results_v3_main,small_cnn,sgd,10,128,20000,0.05,0.9,0.0005,cuda,False,True,1,5,5,0.4809390902519226
curriculum_hard,0,results_v3_main,results_v3_main,small_cnn,sgd,10,128,20000,0.05,0.9,0.0005,cuda,False,True,1,6,6,0.6123862266540527
curriculum_hard,0,results_v3_main,results_v3_main,small_cnn,sgd,10,128,20000,0.05,0.9,0.0005,cuda,False,True,1,7,7,0.5749173760414124
curriculum_hard,0,results_v3_main,results_v3_main,small_cnn,sgd,10,128,20000,0.05,0.9,0.0005,cuda,False,True,1,8,8,0.14152073860168457
curriculum_hard,0,results_v3_main,results_v3_main,small_cnn,sgd,10,128,20000,0.05,0.9,0.0005,cuda,False,True,1,9,9,0.36980995535850525
curriculum_hard,0,results_v3_main,results_v3_main,small_cnn,sgd,10,128,20000,0.05,0.9,0.0005,cuda,False,True,1,10,10,-0.0427493080496788
curriculum_hard,0,results_v3_main,results_v3_main,small_cnn,sgd,10,128,20000,0.05,0.9,0.0005,cuda,False,True,1,11,11,0.5619864463806152
curriculum_hard,0,results_v3_main,results_v3_main,small_cnn,sgd,10,128,20000,0.05,0.9,0.0005,cuda,False,True,1,12,12,-0.5597676038742065
curriculum_hard,0,results_v3_main,results_v3_main,small_cnn,sgd,10,128,20000,0.05,0.9,0.0005,cuda,False,True,1,13,13,0.6601201295852661
curriculum_hard,0,results_v3_main,results_v3_main,small_cnn,sgd,10,128,20000,0.05,0.9,0.0005,cuda,False,True,1,14,14,0.09258705377578735
curriculum_hard,0,results_v3_main,results_v3_main,small_cnn,sgd,10,128,20000,0.05,0.9,0.0005,cuda,False,True,1,15,15,0.08770981431007385
curriculum_hard,0,results_v3_main,results_v3_main,small_cnn,sgd,10,128,20000,0.05,0.9,0.0005,cuda,False,True,1,16,16,-0.3487560749053955
curriculum_hard,0,results_v3_main,results_v3_main,small_cnn,sgd,10,128,20000,0.05,0.9,0.0005,cuda,False,True,1,17,17,0.41466736793518066
curriculum_hard,0,results_v3_main,results_v3_main,small_cnn,sgd,10,128,20000,0.05,0.9,0.0005,cuda,False,True,1,18,18,0.49808332324028015
curriculum_hard,0,results_v3_main,results_v3_main,small_cnn,sgd,10,128,20000,0.05,0.9,0.0005,cuda,False,True,1,19,19,-0.12407535314559937
curriculum_hard,0,results_v3_main,results_v3_main,small_cnn,sgd,10,128,20000,0.05,0.9,0.0005,cuda,False,True,1,20,20,0.3418028950691223
curriculum_hard,0,results_v3_main,results_v3_main,small_cnn,sgd,10,128,20000,0.05,0.9,0.0005,cuda,False,True,1,21,21,0.3706108033657074
curriculum_hard,0,results_v3_main,results_v3_main,small_cnn,sgd,10,128,20000,0.05,0.9,0.0005,cuda,False,True,1,22,22,0.512437641620636
curriculum_hard,0,results_v3_main,results_v3_main,small_cnn,sgd,10,128,20000,0.05,0.9,0.0005,cuda,False,True,1,23,23,0.2667069733142853
curriculum_hard,0,results_v3_main,results_v3_main,small_cnn,sgd,10,128,20000,0.05,0.9,0.0005,cuda,False,True,1,24,24,0.63239586353302
curriculum_hard,0,results_v3_main,results_v3_main,small_cnn,sgd,10,128,20000,0.05,0.9,0.0005,cuda,False,True,1,25,25,0.3612483739852905
curriculum_hard,0,results_v3_main,results_v3_main,small_cnn,sgd,10,128,20000,0.05,0.9,0.0005,cuda,False,True,1,26,26,0.7338208556175232
curriculum_hard,0,results_v3_main,results_v3_main,small_cnn,sgd,10,128,20000,0.05,0.9,0.0005,cuda,False,True,1,27,27,0.1681983470916748
curriculum_hard,0,results_v3_main,results_v3_main,small_cnn,sgd,10,128,20000,0.05,0.9,0.0005,cuda,False,True,1,28,28,0.6690559387207031
curriculum_hard,0,results_v3_main,results_v3_main,small_cnn,sgd,10,128,20000,0.05,0.9,0.0005,cuda,False,True,1,29,29,0.6124507784843445
curriculum_hard,0,results_v3_main,results_v3_main,small_cnn,sgd,10,128,20000,0.05,0.9,0.0005,cuda,False,True,1,30,30,0.640906810760498
curriculum_hard,0,results_v3_main,results_v3_main,small_cnn,sgd,10,128,20000,0.05,0.9,0.0005,cuda,False,True,1,31,31,0.20615282654762268
curriculum_hard,0,results_v3_main,results_v3_main,small_cnn,sgd,10,128,20000,0.05,0.9,0.0005,cuda,False,True,1,32,32,0.4818463921546936
curriculum_hard,0,results_v3_main,results_v3_main,small_cnn,sgd,10,128,20000,0.05,0.9,0.0005,cuda,False,True,1,33,33,0.5896451473236084
curriculum_hard,0,results_v3_main,results_v3_main,small_cnn,sgd,10,128,20000,0.05,0.9,0.0005,cuda,False,True,1,34,34,-0.1925770342350006
curriculum_hard,0,results_v3_main,results_v3_main,small_cnn,sgd,10,128,20000,0.05,0.9,0.0005,cuda,False,True,1,35,35,0.7438685297966003
curriculum_hard,0,results_v3_main,results_v3_main,small_cnn,sgd,10,128,20000,0.05,0.9,0.0005,cuda,False,True,1,36,36,0.6449224352836609
curriculum_hard,0,results_v3_main,results_v3_main,small_cnn,sgd,10,128,20000,0.05,0.9,0.0005,cuda,False,True,1,37,37,-0.21719865500926971
curriculum_hard,0,results_v3_main,results_v3_main,small_cnn,sgd,10,128,20000,0.05,0.9,0.0005,cuda,False,True,1,38,38,0.4207928478717804
curriculum_hard,0,results_v3_main,results_v3_main,small_cnn,sgd,10,128,20000,0.05,0.9,0.0005,cuda,False,True,1,39,39,-0.15725289285182953
curriculum_hard,0,results_v3_main,results_v3_main,small_cnn,sgd,10,128,20000,0.05,0.9,0.0005,cuda,False,True,1,40,40,0.32339203357696533
curriculum_hard,0,results_v3_main,results_v3_main,small_cnn,sgd,10,128,20000,0.05,0.9,0.0005,cuda,False,True,1,41,41,0.19229009747505188
curriculum_hard,0,results_v3_main,results_v3_main,small_cnn,sgd,10,128,20000,0.05,0.9,0.0005,cuda,False,True,1,42,42,-0.09116862714290619
curriculum_hard,0,results_v3_main,results_v3_main,small_cnn,sgd,10,128,20000,0.05,0.9,0.0005,cuda,False,True,1,43,43,0.7644515037536621
curriculum_hard,0,results_v3_main,results_v3_main,small_cnn,sgd,10,128,20000,0.05,0.9,0.0005,cuda,False,True,1,44,44,-0.48635727167129517
curriculum_hard,0,results_v3_main,results_v3_main,small_cnn,sgd,10,128,20000,0.05,0.9,0.0005,cuda,False,True,1,45,45,0.6811349987983704
curriculum_hard,0,results_v3_main,results_v3_main,small_cnn,sgd,10,128,20000,0.05,0.9,0.0005,cuda,False,True,1,46,46,0.22655782103538513
curriculum_hard,0,results_v3_main,results_v3_main,small_cnn,sgd,10,128,20000,0.05,0.9,0.0005,cuda,False,True,1,47,47,0.3347257375717163
curriculum_hard,0,results_v3_main,results_v3_main,small_cnn,sgd,10,128,20000,0.05,0.9,0.0005,cuda,False,True,1,48,48,0.5675413608551025
curriculum_hard,0,results_v3_main,results_v3_main,small_cnn,sgd,10,128,20000,0.05,0.9,0.0005,cuda,False,True,1,49,49,0.3139801025390625
curriculum_hard,0,results_v3_main,results_v3_main,small_cnn,sgd,10,128,20000,0.05,0.9,0.0005,cuda,False,True,1,50,50,0.6178748607635498
curriculum_hard,0,results_v3_main,results_v3_main,small_cnn,sgd,10,128,20000,0.05,0.9,0.0005,cuda,False,True,1,51,51,0.6202517747879028
curriculum_hard,0,results_v3_main,results_v3_main,small_cnn,sgd,10,128,20000,0.05,0.9,0.0005,cuda,False,True,1,52,52,-0.2670876979827881
curriculum_hard,0,results_v3_main,results_v3_main,small_cnn,sgd,10,128,20000,0.05,0.9,0.0005,cuda,False,True,1,53,53,0.5202022194862366
curriculum_hard,0,results_v3_main,results_v3_main,small_cnn,sgd,10,128,20000,0.05,0.9,0.0005,cuda,False,True,1,54,54,0.36203429102897644
curriculum_hard,0,results_v3_main,results_v3_main,small_cnn,sgd,10,128,20000,0.05,0.9,0.0005,cuda,False,True,1,55,55,-0.026347994804382324
curriculum_hard,0,results_v3_main,results_v3_main,small_cnn,sgd,10,128,20000,0.05,0.9,0.0005,cuda,False,True,1,56,56,0.37194788455963135
curriculum_hard,0,results_v3_main,results_v3_main,small_cnn,sgd,10,128,20000,0.05,0.9,0.0005,cuda,False,True,1,57,57,0.5178012847900391
curriculum_hard,0,results_v3_main,results_v3_main,small_cnn,sgd,10,128,20000,0.05,0.9,0.0005,cuda,False,True,1,58,58,-0.31348955631256104
curriculum_hard,0,results_v3_main,results_v3_main,small_cnn,sgd,10,128,20000,0.05,0.9,0.0005,cuda,False,True,1,59,59,0.546485185623169
curriculum_hard,0,results_v3_main,results_v3_main,small_cnn,sgd,10,128,20000,0.05,0.9,0.0005,cuda,False,True,1,60,60,-0.21812137961387634
curriculum_hard,0,results_v3_main,results_v3_main,small_cnn,sgd,10,128,20000,0.05,0.9,0.0005,cuda,False,True,1,61,61,0.6603553295135498
curriculum_hard,0,results_v3_main,results_v3_main,small_cnn,sgd,10,128,20000,0.05,0.9,0.0005,cuda,False,True,1,62,62,-0.07786072790622711
curriculum_hard,0,results_v3_main,results_v3_main,small_cnn,sgd,10,128,20000,0.05,0.9,0.0005,cuda,False,True,1,63,63,0.4394771158695221
curriculum_hard,0,results_v3_main,results_v3_main,small_cnn,sgd,10,128,20000,0.05,0.9,0.0005,cuda,False,True,1,64,64,0.6319968104362488
curriculum_hard,0,results_v3_main,results_v3_main,small_cnn,sgd,10,128,20000,0.05,0.9,0.0005,cuda,False,True,1,65,65,0.1992638111114502
curriculum_hard,0,results_v3_main,results_v3_main,small_cnn,sgd,10,128,20000,0.05,0.9,0.0005,cuda,False,True,1,66,66,0.4563301205635071
curriculum_hard,0,results_v3_main,results_v3_main,small_cnn,sgd,10,128,20000,0.05,0.9,0.0005,cuda,False,True,1,67,67,0.7115834355354309
curriculum_hard,0,results_v3_main,results_v3_main,small_cnn,sgd,10,128,20000,0.05,0.9,0.0005,cuda,False,True,1,68,68,0.500895082950592
curriculum_hard,0,results_v3_main,results_v3_main,small_cnn,sgd,10,128,20000,0.05,0.9,0.0005,cuda,False,True,1,69,69,0.05579075217247009
curriculum_hard,0,results_v3_main,results_v3_main,small_cnn,sgd,10,128,20000,0.05,0.9,0.0005,cuda,False,True,1,70,70,0.6032438278198242
curriculum_hard,0,results_v3_main,results_v3_main,small_cnn,sgd,10,128,20000,0.05,0.9,0.0005,cuda,False,True,1,71,71,0.7537256479263306
curriculum_hard,0,results_v3_main,results_v3_main,small_cnn,sgd,10,128,20000,0.05,0.9,0.0005,cuda,False,True,1,72,72,-0.012368401512503624
curriculum_hard,0,results_v3_main,results_v3_main,small_cnn,sgd,10,128,20000,0.05,0.9,0.0005,cuda,False,True,1,73,73,0.37694263458251953
curriculum_hard,0,results_v3_main,results_v3_main,small_cnn,sgd,10,128,20000,0.05,0.9,0.0005,cuda,False,True,1,74,74,0.4427017867565155
curriculum_hard,0,results_v3_main,results_v3_main,small_cnn,sgd,10,128,20000,0.05,0.9,0.0005,cuda,False,True,1,75,75,0.355866014957428
curriculum_hard,0,results_v3_main,results_v3_main,small_cnn,sgd,10,128,20000,0.05,0.9,0.0005,cuda,False,True,1,76,76,0.4613395035266876
curriculum_hard,0,results_v3_main,results_v3_main,small_cnn,sgd,10,128,20000,0.05,0.9,0.0005,cuda,False,True,1,77,77,0.42611873149871826
curriculum_hard,0,results_v3_main,results_v3_main,small_cnn,sgd,10,128,20000,0.05,0.9,0.0005,cuda,False,True,1,78,78,-0.5346511602401733
curriculum_hard,0,results_v3_main,results_v3_main,small_cnn,sgd,10,128,20000,0.05,0.9,0.0005,cuda,False,True,1,79,79,0.6541649103164673
curriculum_hard,0,results_v3_main,results_v3_main,small_cnn,sgd,10,128,20000,0.05,0.9,0.0005,cuda,False,True,1,80,80,0.7297037839889526
curriculum_hard,0,results_v3_main,results_v3_main,small_cnn,sgd,10,128,20000,0.05,0.9,0.0005,cuda,False,True,1,81,81,-0.27725157141685486
curriculum_hard,0,results_v3_main,results_v3_main,small_cnn,sgd,10,128,20000,0.05,0.9,0.0005,cuda,False,True,1,82,82,0.262502521276474
curriculum_hard,0,results_v3_main,results_v3_main,small_cnn,sgd,10,128,20000,0.05,0.9,0.0005,cuda,False,True,1,83,83,0.17714934051036835
curriculum_hard,0,results_v3_main,results_v3_main,small_cnn,sgd,10,128,20000,0.05,0.9,0.0005,cuda,False,True,1,84,84,-0.2991809844970703
curriculum_hard,0,results_v3_main,results_v3_main,small_cnn,sgd,10,128,20000,0.05,0.9,0.0005,cuda,False,True,1,85,85,-0.0026362910866737366
curriculum_hard,0,results_v3_main,results_v3_main,small_cnn,sgd,10,128,20000,0.05,0.9,0.0005,cuda,False,True,1,86,86,0.43823063373565674
curriculum_hard,0,results_v3_main,results_v3_main,small_cnn,sgd,10,128,20000,0.05,0.9,0.0005,cuda,False,True,1,87,87,0.5678445100784302
curriculum_hard,0,results_v3_main,results_v3_main,small_cnn,sgd,10,128,20000,0.05,0.9,0.0005,cuda,False,True,1,88,88,0.5453220009803772
curriculum_hard,0,results_v3_main,results_v3_main,small_cnn,sgd,10,128,20000,0.05,0.9,0.0005,cuda,False,True,1,89,89,0.2015676498413086
curriculum_hard,0,results_v3_main,results_v3_main,small_cnn,sgd,10,128,20000,0.05,0.9,0.0005,cuda,False,True,1,90,90,0.28573840856552124
curriculum_hard,0,results_v3_main,results_v3_main,small_cnn,sgd,10,128,20000,0.05,0.9,0.0005,cuda,False,True,1,91,91,0.6900249719619751
curriculum_hard,0,results_v3_main,results_v3_main,small_cnn,sgd,10,128,20000,0.05,0.9,0.0005,cuda,False,True,1,92,92,0.5065478682518005
curriculum_hard,0,results_v3_main,results_v3_main,small_cnn,sgd,10,128,20000,0.05,0.9,0.0005,cuda,False,True,1,93,93,0.3770707845687866
curriculum_hard,0,results_v3_main,results_v3_main,small_cnn,sgd,10,128,20000,0.05,0.9,0.0005,cuda,False,True,1,94,94,0.6116780042648315
curriculum_hard,0,results_v3_main,results_v3_main,small_cnn,sgd,10,128,20000,0.05,0.9,0.0005,cuda,False,True,1,95,95,0.15843436121940613
curriculum_hard,0,results_v3_main,results_v3_main,small_cnn,sgd,10,128,20000,0.05,0.9,0.0005,cuda,False,True,1,96,96,-0.10044605284929276
curriculum_hard,0,results_v3_main,results_v3_main,small_cnn,sgd,10,128,20000,0.05,0.9,0.0005,cuda,False,True,1,97,97,0.60452800989151
curriculum_hard,0,results_v3_main,results_v3_main,small_cnn,sgd,10,128,20000,0.05,0.9,0.0005,cuda,False,True,1,98,98,-0.2556677758693695
curriculum_hard,0,results_v3_main,results_v3_main,small_cnn,sgd,10,128,20000,0.05,0.9,0.0005,cuda,False,True,1,99,99,0.4833342730998993
curriculum_hard,0,results_v3_main,results_v3_main,small_cnn,sgd,10,128,20000,0.05,0.9,0.0005,cuda,False,True,1,100,100,-0.12205595523118973
curriculum_hard,0,results_v3_main,results_v3_main,small_cnn,sgd,10,128,20000,0.05,0.9,0.0005,cuda,False,True,1,101,101,-0.417366087436676
curriculum_hard,0,results_v3_main,results_v3_main,small_cnn,sgd,10,128,20000,0.05,0.9,0.0005,cuda,False,True,1,102,102,-0.3698177933692932
curriculum_hard,0,results_v3_main,results_v3_main,small_cnn,sgd,10,128,20000,0.05,0.9,0.0005,cuda,False,True,1,103,103,-0.17016911506652832
curriculum_hard,0,results_v3_main,results_v3_main,small_cnn,sgd,10,128,20000,0.05,0.9,0.0005,cuda,False,True,1,104,104,0.021160271018743515
curriculum_hard,0,results_v3_main,results_v3_main,small_cnn,sgd,10,128,20000,0.05,0.9,0.0005,cuda,False,True,1,105,105,0.39982348680496216
curriculum_hard,0,results_v3_main,results_v3_main,small_cnn,sgd,10,128,20000,0.05,0.9,0.0005,cuda,False,True,1,106,106,0.33791622519493103
curriculum_hard,0,results_v3_main,results_v3_main,small_cnn,sgd,10,128,20000,0.05,0.9,0.0005,cuda,False,True,1,107,107,-0.6147908568382263
curriculum_hard,0,results_v3_main,results_v3_main,small_cnn,sgd,10,128,20000,0.05,0.9,0.0005,cuda,False,True,1,108,108,0.4568851888179779
curriculum_hard,0,results_v3_main,results_v3_main,small_cnn,sgd,10,128,20000,0.05,0.9,0.0005,cuda,False,True,1,109,109,0.3655422627925873
curriculum_hard,0,results_v3_main,results_v3_main,small_cnn,sgd,10,128,20000,0.05,0.9,0.0005,cuda,False,True,1,110,110,0.47657594084739685
curriculum_hard,0,results_v3_main,results_v3_main,small_cnn,sgd,10,128,20000,0.05,0.9,0.0005,cuda,False,True,1,111,111,-0.2269108146429062
curriculum_hard,0,results_v3_main,results_v3_main,small_cnn,sgd,10,128,20000,0.05,0.9,0.0005,cuda,False,True,1,112,112,-0.39028680324554443
curriculum_hard,0,results_v3_main,results_v3_main,small_cnn,sgd,10,128,20000,0.05,0.9,0.0005,cuda,False,True,1,113,113,0.6683636903762817
curriculum_hard,0,results_v3_main,results_v3_main,small_cnn,sgd,10,128,20000,0.05,0.9,0.0005,cuda,False,True,1,114,114,0.33768194913864136
curriculum_hard,0,results_v3_main,results_v3_main,small_cnn,sgd,10,128,20000,0.05,0.9,0.0005,cuda,False,True,1,115,115,0.33531704545021057
curriculum_hard,0,results_v3_main,results_v3_main,small_cnn,sgd,10,128,20000,0.05,0.9,0.0005,cuda,False,True,1,116,116,0.5677045583724976
curriculum_hard,0,results_v3_main,results_v3_main,small_cnn,sgd,10,128,20000,0.05,0.9,0.0005,cuda,False,True,1,117,117,0.5003424882888794
curriculum_hard,0,results_v3_main,results_v3_main,small_cnn,sgd,10,128,20000,0.05,0.9,0.0005,cuda,False,True,1,118,118,0.3269139528274536
curriculum_hard,0,results_v3_main,results_v3_main,small_cnn,sgd,10,128,20000,0.05,0.9,0.0005,cuda,False,True,1,119,119,0.5350644588470459
curriculum_hard,0,results_v3_main,results_v3_main,small_cnn,sgd,10,128,20000,0.05,0.9,0.0005,cuda,False,True,1,120,120,0.21902188658714294
curriculum_hard,0,results_v3_main,results_v3_main,small_cnn,sgd,10,128,20000,0.05,0.9,0.0005,cuda,False,True,1,121,121,0.5439268946647644
curriculum_hard,0,results_v3_main,results_v3_main,small_cnn,sgd,10,128,20000,0.05,0.9,0.0005,cuda,False,True,1,122,122,0.3272424340248108
curriculum_hard,0,results_v3_main,results_v3_main,small_cnn,sgd,10,128,20000,0.05,0.9,0.0005,cuda,False,True,1,123,123,-0.08230128884315491
curriculum_hard,0,results_v3_main,results_v3_main,small_cnn,sgd,10,128,20000,0.05,0.9,0.0005,cuda,False,True,1,124,124,-0.15389931201934814
curriculum_hard,0,results_v3_main,results_v3_main,small_cnn,sgd,10,128,20000,0.05,0.9,0.0005,cuda,False,True,1,125,125,0.4510289430618286
curriculum_hard,0,results_v3_main,results_v3_main,small_cnn,sgd,10,128,20000,0.05,0.9,0.0005,cuda,False,True,1,126,126,0.5593520998954773
curriculum_hard,0,results_v3_main,results_v3_main,small_cnn,sgd,10,128,20000,0.05,0.9,0.0005,cuda,False,True,1,127,127,0.6972428560256958
curriculum_hard,0,results_v3_main,results_v3_main,small_cnn,sgd,10,128,20000,0.05,0.9,0.0005,cuda,False,True,1,128,128,-0.03737739473581314
curriculum_hard,0,results_v3_main,results_v3_main,small_cnn,sgd,10,128,20000,0.05,0.9,0.0005,cuda,False,True,1,129,129,0.3219473958015442
curriculum_hard,0,results_v3_main,results_v3_main,small_cnn,sgd,10,128,20000,0.05,0.9,0.0005,cuda,False,True,1,130,130,0.7524988651275635
curriculum_hard,0,results_v3_main,results_v3_main,small_cnn,sgd,10,128,20000,0.05,0.9,0.0005,cuda,False,True,1,131,131,0.30476802587509155
curriculum_hard,0,results_v3_main,results_v3_main,small_cnn,sgd,10,128,20000,0.05,0.9,0.0005,cuda,False,True,1,132,132,0.7544417381286621
curriculum_hard,0,results_v3_main,results_v3_main,small_cnn,sgd,10,128,20000,0.05,0.9,0.0005,cuda,False,True,1,133,133,0.883528470993042
curriculum_hard,0,results_v3_main,results_v3_main,small_cnn,sgd,10,128,20000,0.05,0.9,0.0005,cuda,False,True,1,134,134,0.05538678169250488
curriculum_hard,0,results_v3_main,results_v3_main,small_cnn,sgd,10,128,20000,0.05,0.9,0.0005,cuda,False,True,1,135,135,0.7170683145523071
curriculum_hard,0,results_v3_main,results_v3_main,small_cnn,sgd,10,128,20000,0.05,0.9,0.0005,cuda,False,True,1,136,136,0.46208667755126953
curriculum_hard,0,results_v3_main,results_v3_main,small_cnn,sgd,10,128,20000,0.05,0.9,0.0005,cuda,False,True,1,137,137,0.7359263896942139
curriculum_hard,0,results_v3_main,results_v3_main,small_cnn,sgd,10,128,20000,0.05,0.9,0.0005,cuda,False,True,1,138,138,0.20935779809951782
curriculum_hard,0,results_v3_main,results_v3_main,small_cnn,sgd,10,128,20000,0.05,0.9,0.0005,cuda,False,True,1,139,139,0.7186781167984009
curriculum_hard,0,results_v3_main,results_v3_main,small_cnn,sgd,10,128,20000,0.05,0.9,0.0005,cuda,False,True,1,140,140,0.7777056694030762
curriculum_hard,0,results_v3_main,results_v3_main,small_cnn,sgd,10,128,20000,0.05,0.9,0.0005,cuda,False,True,1,141,141,0.7611172199249268
curriculum_hard,0,results_v3_main,results_v3_main,small_cnn,sgd,10,128,20000,0.05,0.9,0.0005,cuda,False,True,1,142,142,-0.31882762908935547
curriculum_hard,0,results_v3_main,results_v3_main,small_cnn,sgd,10,128,20000,0.05,0.9,0.0005,cuda,False,True,1,143,143,0.5478736162185669
curriculum_hard,0,results_v3_main,results_v3_main,small_cnn,sgd,10,128,20000,0.05,0.9,0.0005,cuda,False,True,1,144,144,0.7255434393882751
curriculum_hard,0,results_v3_main,results_v3_main,small_cnn,sgd,10,128,20000,0.05,0.9,0.0005,cuda,False,True,1,145,145,0.32090187072753906
curriculum_hard,0,results_v3_main,results_v3_main,small_cnn,sgd,10,128,20000,0.05,0.9,0.0005,cuda,False,True,1,146,146,0.6571990847587585
curriculum_hard,0,results_v3_main,results_v3_main,small_cnn,sgd,10,128,20000,0.05,0.9,0.0005,cuda,False,True,1,147,147,-0.6992886662483215
curriculum_hard,0,results_v3_main,results_v3_main,small_cnn,sgd,10,128,20000,0.05,0.9,0.0005,cuda,False,True,1,148,148,0.7666184306144714
curriculum_hard,0,results_v3_main,results_v3_main,small_cnn,sgd,10,128,20000,0.05,0.9,0.0005,cuda,False,True,1,149,149,0.4764919877052307
curriculum_hard,0,results_v3_main,results_v3_main,small_cnn,sgd,10,128,20000,0.05,0.9,0.0005,cuda,False,True,1,150,150,-0.04589606076478958
curriculum_hard,0,results_v3_main,results_v3_main,small_cnn,sgd,10,128,20000,0.05,0.9,0.0005,cuda,False,True,1,151,151,-0.1420861780643463
curriculum_hard,0,results_v3_main,results_v3_main,small_cnn,sgd,10,128,20000,0.05,0.9,0.0005,cuda,False,True,1,152,152,0.8111357688903809
curriculum_hard,0,results_v3_main,results_v3_main,small_cnn,sgd,10,128,20000,0.05,0.9,0.0005,cuda,False,True,1,153,153,0.4711341857910156
curriculum_hard,0,results_v3_main,results_v3_main,small_cnn,sgd,10,128,20000,0.05,0.9,0.0005,cuda,False,True,1,154,154,-0.28271883726119995
curriculum_hard,0,results_v3_main,results_v3_main,small_cnn,sgd,10,128,20000,0.05,0.9,0.0005,cuda,False,True,1,155,155,0.745969831943512
curriculum_hard,0,results_v3_main,results_v3_main,small_cnn,sgd,10,128,20000,0.05,0.9,0.0005,cuda,False,True,1,156,156,0.2990590035915375
curriculum_hard,0,results_v3_main,results_v3_main,small_cnn,sgd,10,128,20000,0.05,0.9,0.0005,cuda,False,True,1,157,157,0.1660183221101761
curriculum_hard,0,results_v3_main,results_v3_main,small_cnn,sgd,10,128,20000,0.05,0.9,0.0005,cuda,False,True,2,1,158,-0.18564581871032715
curriculum_hard,0,results_v3_main,results_v3_main,small_cnn,sgd,10,128,20000,0.05,0.9,0.0005,cuda,False,True,2,2,159,-0.19517174363136292
curriculum_hard,0,results_v3_main,results_v3_main,small_cnn,sgd,10,128,20000,0.05,0.9,0.0005,cuda,False,True,2,3,160,0.7040516138076782
curriculum_hard,0,results_v3_main,results_v3_main,small_cnn,sgd,10,128,20000,0.05,0.9,0.0005,cuda,False,True,2,4,161,-0.1092739850282669
curriculum_hard,0,results_v3_main,results_v3_main,small_cnn,sgd,10,128,20000,0.05,0.9,0.0005,cuda,False,True,2,5,162,0.6747542023658752
curriculum_hard,0,results_v3_main,results_v3_main,small_cnn,sgd,10,128,20000,0.05,0.9,0.0005,cuda,False,True,2,6,163,0.858874499797821
curriculum_hard,0,results_v3_main,results_v3_main,small_cnn,sgd,10,128,20000,0.05,0.9,0.0005,cuda,False,True,2,7,164,0.7194518446922302
curriculum_hard,0,results_v3_main,results_v3_main,small_cnn,sgd,10,128,20000,0.05,0.9,0.0005,cuda,False,True,2,8,165,0.8477500081062317
curriculum_hard,0,results_v3_main,results_v3_main,small_cnn,sgd,10,128,20000,0.05,0.9,0.0005,cuda,False,True,2,9,166,0.43383121490478516
curriculum_hard,0,results_v3_main,results_v3_main,small_cnn,sgd,10,128,20000,0.05,0.9,0.0005,cuda,False,True,2,10,167,0.8556897640228271
curriculum_hard,0,results_v3_main,results_v3_main,small_cnn,sgd,10,128,20000,0.05,0.9,0.0005,cuda,False,True,2,11,168,0.3245057761669159
curriculum_hard,0,results_v3_main,results_v3_main,small_cnn,sgd,10,128,20000,0.05,0.9,0.0005,cuda,False,True,2,12,169,0.2721090316772461
curriculum_hard,0,results_v3_main,results_v3_main,small_cnn,sgd,10,128,20000,0.05,0.9,0.0005,cuda,False,True,2,13,170,0.712234616279602
curriculum_hard,0,results_v3_main,results_v3_main,small_cnn,sgd,10,128,20000,0.05,0.9,0.0005,cuda,False,True,2,14,171,0.7515653967857361
curriculum_hard,0,results_v3_main,results_v3_main,small_cnn,sgd,10,128,20000,0.05,0.9,0.0005,cuda,False,True,2,15,172,0.4735006093978882
curriculum_hard,0,results_v3_main,results_v3_main,small_cnn,sgd,10,128,20000,0.05,0.9,0.0005,cuda,False,True,2,16,173,0.5193110108375549
curriculum_hard,0,results_v3_main,results_v3_main,small_cnn,sgd,10,128,20000,0.05,0.9,0.0005,cuda,False,True,2,17,174,0.010273126885294914
curriculum_hard,0,results_v3_main,results_v3_main,small_cnn,sgd,10,128,20000,0.05,0.9,0.0005,cuda,False,True,2,18,175,0.6976538896560669
curriculum_hard,0,results_v3_main,results_v3_main,small_cnn,sgd,10,128,20000,0.05,0.9,0.0005,cuda,False,True,2,19,176,0.15519721806049347
curriculum_hard,0,results_v3_main,results_v3_main,small_cnn,sgd,10,128,20000,0.05,0.9,0.0005,cuda,False,True,2,20,177,-0.8077861070632935
curriculum_hard,0,results_v3_main,results_v3_main,small_cnn,sgd,10,128,20000,0.05,0.9,0.0005,cuda,False,True,2,21,178,0.5744494199752808
curriculum_hard,0,results_v3_main,results_v3_main,small_cnn,sgd,10,128,20000,0.05,0.9,0.0005,cuda,False,True,2,22,179,-0.22634848952293396
curriculum_hard,0,results_v3_main,results_v3_main,small_cnn,sgd,10,128,20000,0.05,0.9,0.0005,cuda,False,True,2,23,180,0.7612768411636353
curriculum_hard,0,results_v3_main,results_v3_main,small_cnn,sgd,10,128,20000,0.05,0.9,0.0005,cuda,False,True,2,24,181,-0.5098404288291931
curriculum_hard,0,results_v3_main,results_v3_main,small_cnn,sgd,10,128,20000,0.05,0.9,0.0005,cuda,False,True,2,25,182,0.8083877563476562
curriculum_hard,0,results_v3_main,results_v3_main,small_cnn,sgd,10,128,20000,0.05,0.9,0.0005,cuda,False,True,2,26,183,0.12285885214805603
curriculum_hard,0,results_v3_main,results_v3_main,small_cnn,sgd,10,128,20000,0.05,0.9,0.0005,cuda,False,True,2,27,184,0.18645209074020386
curriculum_hard,0,results_v3_main,results_v3_main,small_cnn,sgd,10,128,20000,0.05,0.9,0.0005,cuda,False,True,2,28,185,0.7053540945053101
curriculum_hard,0,results_v3_main,results_v3_main,small_cnn,sgd,10,128,20000,0.05,0.9,0.0005,cuda,False,True,2,29,186,0.5121902227401733
curriculum_hard,0,results_v3_main,results_v3_main,small_cnn,sgd,10,128,20000,0.05,0.9,0.0005,cuda,False,True,2,30,187,0.017167843878269196
curriculum_hard,0,results_v3_main,results_v3_main,small_cnn,sgd,10,128,20000,0.05,0.9,0.0005,cuda,False,True,2,31,188,0.3305415213108063
curriculum_hard,0,results_v3_main,results_v3_main,small_cnn,sgd,10,128,20000,0.05,0.9,0.0005,cuda,False,True,2,32,189,0.517523467540741
curriculum_hard,0,results_v3_main,results_v3_main,small_cnn,sgd,10,128,20000,0.05,0.9,0.0005,cuda,False,True,2,33,190,-0.11956381797790527
curriculum_hard,0,results_v3_main,results_v3_main,small_cnn,sgd,10,128,20000,0.05,0.9,0.0005,cuda,False,True,2,34,191,0.124362513422966
curriculum_hard,0,results_v3_main,results_v3_main,small_cnn,sgd,10,128,20000,0.05,0.9,0.0005,cuda,False,True,2,35,192,0.5541965365409851
curriculum_hard,0,results_v3_main,results_v3_main,small_cnn,sgd,10,128,20000,0.05,0.9,0.0005,cuda,False,True,2,36,193,0.06299691647291183
curriculum_hard,0,results_v3_main,results_v3_main,small_cnn,sgd,10,128,20000,0.05,0.9,0.0005,cuda,False,True,2,37,194,0.5126813650131226
curriculum_hard,0,results_v3_main,results_v3_main,small_cnn,sgd,10,128,20000,0.05,0.9,0.0005,cuda,False,True,2,38,195,-0.19607380032539368
curriculum_hard,0,results_v3_main,results_v3_main,small_cnn,sgd,10,128,20000,0.05,0.9,0.0005,cuda,False,True,2,39,196,0.5171489119529724
curriculum_hard,0,results_v3_main,results_v3_main,small_cnn,sgd,10,128,20000,0.05,0.9,0.0005,cuda,False,True,2,40,197,-0.06867899745702744
curriculum_hard,0,results_v3_main,results_v3_main,small_cnn,sgd,10,128,20000,0.05,0.9,0.0005,cuda,False,True,2,41,198,0.06541543453931808
curriculum_hard,0,results_v3_main,results_v3_main,small_cnn,sgd,10,128,20000,0.05,0.9,0.0005,cuda,False,True,2,42,199,0.4474228024482727
curriculum_hard,0,results_v3_main,results_v3_main,small_cnn,sgd,10,128,20000,0.05,0.9,0.0005,cuda,False,True,2,43,200,-0.24508348107337952
curriculum_hard,0,results_v3_main,results_v3_main,small_cnn,sgd,10,128,20000,0.05,0.9,0.0005,cuda,False,True,2,44,201,0.5503806471824646
curriculum_hard,0,results_v3_main,results_v3_main,small_cnn,sgd,10,128,20000,0.05,0.9,0.0005,cuda,False,True,2,45,202,-0.3390740156173706
curriculum_hard,0,results_v3_main,results_v3_main,small_cnn,sgd,10,128,20000,0.05,0.9,0.0005,cuda,False,True,2,46,203,0.32075756788253784
curriculum_hard,0,results_v3_main,results_v3_main,small_cnn,sgd,10,128,20000,0.05,0.9,0.0005,cuda,False,True,2,47,204,0.46588125824928284
curriculum_hard,0,results_v3_main,results_v3_main,small_cnn,sgd,10,128,20000,0.05,0.9,0.0005,cuda,False,True,2,48,205,0.5046592354774475
curriculum_hard,0,results_v3_main,results_v3_main,small_cnn,sgd,10,128,20000,0.05,0.9,0.0005,cuda,False,True,2,49,206,-0.057213135063648224
curriculum_hard,0,results_v3_main,results_v3_main,small_cnn,sgd,10,128,20000,0.05,0.9,0.0005,cuda,False,True,2,50,207,0.3229265809059143
curriculum_hard,0,results_v3_main,results_v3_main,small_cnn,sgd,10,128,20000,0.05,0.9,0.0005,cuda,False,True,2,51,208,0.6745958924293518
curriculum_hard,0,results_v3_main,results_v3_main,small_cnn,sgd,10,128,20000,0.05,0.9,0.0005,cuda,False,True,2,52,209,0.10564456880092621
curriculum_hard,0,results_v3_main,results_v3_main,small_cnn,sgd,10,128,20000,0.05,0.9,0.0005,cuda,False,True,2,53,210,0.38879910111427307
curriculum_hard,0,results_v3_main,results_v3_main,small_cnn,sgd,10,128,20000,0.05,0.9,0.0005,cuda,False,True,2,54,211,0.6638763546943665
curriculum_hard,0,results_v3_main,results_v3_main,small_cnn,sgd,10,128,20000,0.05,0.9,0.0005,cuda,False,True,2,55,212,0.7147021293640137
curriculum_hard,0,results_v3_main,results_v3_main,small_cnn,sgd,10,128,20000,0.05,0.9,0.0005,cuda,False,True,2,56,213,-0.27072206139564514
curriculum_hard,0,results_v3_main,results_v3_main,small_cnn,sgd,10,128,20000,0.05,0.9,0.0005,cuda,False,True,2,57,214,0.4710037410259247
curriculum_hard,0,results_v3_main,results_v3_main,small_cnn,sgd,10,128,20000,0.05,0.9,0.0005,cuda,False,True,2,58,215,0.5825477838516235
curriculum_hard,0,results_v3_main,results_v3_main,small_cnn,sgd,10,128,20000,0.05,0.9,0.0005,cuda,False,True,2,59,216,0.6935286521911621
curriculum_hard,0,results_v3_main,results_v3_main,small_cnn,sgd,10,128,20000,0.05,0.9,0.0005,cuda,False,True,2,60,217,-0.47876039147377014
curriculum_hard,0,results_v3_main,results_v3_main,small_cnn,sgd,10,128,20000,0.05,0.9,0.0005,cuda,False,True,2,61,218,0.6040328741073608
curriculum_hard,0,results_v3_main,results_v3_main,small_cnn,sgd,10,128,20000,0.05,0.9,0.0005,cuda,False,True,2,62,219,0.4030713140964508
curriculum_hard,0,results_v3_main,results_v3_main,small_cnn,sgd,10,128,20000,0.05,0.9,0.0005,cuda,False,True,2,63,220,0.3967323303222656
curriculum_hard,0,results_v3_main,results_v3_main,small_cnn,sgd,10,128,20000,0.05,0.9,0.0005,cuda,False,True,2,64,221,0.7225557565689087
curriculum_hard,0,results_v3_main,results_v3_main,small_cnn,sgd,10,128,20000,0.05,0.9,0.0005,cuda,False,True,2,65,222,-0.058933451771736145
curriculum_hard,0,results_v3_main,results_v3_main,small_cnn,sgd,10,128,20000,0.05,0.9,0.0005,cuda,False,True,2,66,223,0.33309459686279297
curriculum_hard,0,results_v3_main,results_v3_main,small_cnn,sgd,10,128,20000,0.05,0.9,0.0005,cuda,False,True,2,67,224,0.6378889083862305
curriculum_hard,0,results_v3_main,results_v3_main,small_cnn,sgd,10,128,20000,0.05,0.9,0.0005,cuda,False,True,2,68,225,0.7160345315933228
curriculum_hard,0,results_v3_main,results_v3_main,small_cnn,sgd,10,128,20000,0.05,0.9,0.0005,cuda,False,True,2,69,226,0.5063120126724243
curriculum_hard,0,results_v3_main,results_v3_main,small_cnn,sgd,10,128,20000,0.05,0.9,0.0005,cuda,False,True,2,70,227,-0.2044915109872818
curriculum_hard,0,results_v3_main,results_v3_main,small_cnn,sgd,10,128,20000,0.05,0.9,0.0005,cuda,False,True,2,71,228,0.3540019989013672
curriculum_hard,0,results_v3_main,results_v3_main,small_cnn,sgd,10,128,20000,0.05,0.9,0.0005,cuda,False,True,2,72,229,0.31427937746047974
curriculum_hard,0,results_v3_main,results_v3_main,small_cnn,sgd,10,128,20000,0.05,0.9,0.0005,cuda,False,True,2,73,230,0.5726765394210815
curriculum_hard,0,results_v3_main,results_v3_main,small_cnn,sgd,10,128,20000,0.05,0.9,0.0005,cuda,False,True,2,74,231,0.535514235496521
curriculum_hard,0,results_v3_main,results_v3_main,small_cnn,sgd,10,128,20000,0.05,0.9,0.0005,cuda,False,True,2,75,232,-0.1877235621213913
curriculum_hard,0,results_v3_main,results_v3_main,small_cnn,sgd,10,128,20000,0.05,0.9,0.0005,cuda,False,True,2,76,233,0.6680101156234741
curriculum_hard,0,results_v3_main,results_v3_main,small_cnn,sgd,10,128,20000,0.05,0.9,0.0005,cuda,False,True,2,77,234,0.42927247285842896
curriculum_hard,0,results_v3_main,results_v3_main,small_cnn,sgd,10,128,20000,0.05,0.9,0.0005,cuda,False,True,2,78,235,0.21965816617012024
curriculum_hard,0,results_v3_main,results_v3_main,small_cnn,sgd,10,128,20000,0.05,0.9,0.0005,cuda,False,True,2,79,236,0.10636592656373978
curriculum_hard,0,results_v3_main,results_v3_main,small_cnn,sgd,10,128,20000,0.05,0.9,0.0005,cuda,False,True,2,80,237,0.5314704179763794
curriculum_hard,0,results_v3_main,results_v3_main,small_cnn,sgd,10,128,20000,0.05,0.9,0.0005,cuda,False,True,2,81,238,0.6042317748069763
curriculum_hard,0,results_v3_main,results_v3_main,small_cnn,sgd,10,128,20000,0.05,0.9,0.0005,cuda,False,True,2,82,239,0.37292516231536865
curriculum_hard,0,results_v3_main,results_v3_main,small_cnn,sgd,10,128,20000,0.05,0.9,0.0005,cuda,False,True,2,83,240,-0.36499229073524475
curriculum_hard,0,results_v3_main,results_v3_main,small_cnn,sgd,10,128,20000,0.05,0.9,0.0005,cuda,False,True,2,84,241,0.3357849717140198
curriculum_hard,0,results_v3_main,results_v3_main,small_cnn,sgd,10,128,20000,0.05,0.9,0.0005,cuda,False,True,2,85,242,0.2943960726261139
curriculum_hard,0,results_v3_main,results_v3_main,small_cnn,sgd,10,128,20000,0.05,0.9,0.0005,cuda,False,True,2,86,243,0.2507779896259308
curriculum_hard,0,results_v3_main,results_v3_main,small_cnn,sgd,10,128,20000,0.05,0.9,0.0005,cuda,False,True,2,87,244,0.3284319341182709
curriculum_hard,0,results_v3_main,results_v3_main,small_cnn,sgd,10,128,20000,0.05,0.9,0.0005,cuda,False,True,2,88,245,0.6985623836517334
curriculum_hard,0,results_v3_main,results_v3_main,small_cnn,sgd,10,128,20000,0.05,0.9,0.0005,cuda,False,True,2,89,246,0.4068755507469177
curriculum_hard,0,results_v3_main,results_v3_main,small_cnn,sgd,10,128,20000,0.05,0.9,0.0005,cuda,False,True,2,90,247,-0.04704100266098976
curriculum_hard,0,results_v3_main,results_v3_main,small_cnn,sgd,10,128,20000,0.05,0.9,0.0005,cuda,False,True,2,91,248,0.6049404144287109
curriculum_hard,0,results_v3_main,results_v3_main,small_cnn,sgd,10,128,20000,0.05,0.9,0.0005,cuda,False,True,2,92,249,0.3877508044242859
curriculum_hard,0,results_v3_main,results_v3_main,small_cnn,sgd,10,128,20000,0.05,0.9,0.0005,cuda,False,True,2,93,250,0.656815230846405
curriculum_hard,0,results_v3_main,results_v3_main,small_cnn,sgd,10,128,20000,0.05,0.9,0.0005,cuda,False,True,2,94,251,0.42429983615875244
curriculum_hard,0,results_v3_main,results_v3_main,small_cnn,sgd,10,128,20000,0.05,0.9,0.0005,cuda,False,True,2,95,252,0.504891574382782
curriculum_hard,0,results_v3_main,results_v3_main,small_cnn,sgd,10,128,20000,0.05,0.9,0.0005,cuda,False,True,2,96,253,0.5951100587844849
curriculum_hard,0,results_v3_main,results_v3_main,small_cnn,sgd,10,128,20000,0.05,0.9,0.0005,cuda,False,True,2,97,254,0.5557339191436768
curriculum_hard,0,results_v3_main,results_v3_main,small_cnn,sgd,10,128,20000,0.05,0.9,0.0005,cuda,False,True,2,98,255,0.17635953426361084
curriculum_hard,0,results_v3_main,results_v3_main,small_cnn,sgd,10,128,20000,0.05,0.9,0.0005,cuda,False,True,2,99,256,0.5990296602249146
curriculum_hard,0,results_v3_main,results_v3_main,small_cnn,sgd,10,128,20000,0.05,0.9,0.0005,cuda,False,True,2,100,257,-0.2338414490222931
curriculum_hard,0,results_v3_main,results_v3_main,small_cnn,sgd,10,128,20000,0.05,0.9,0.0005,cuda,False,True,2,101,258,0.5508665442466736
curriculum_hard,0,results_v3_main,results_v3_main,small_cnn,sgd,10,128,20000,0.05,0.9,0.0005,cuda,False,True,2,102,259,0.4547942280769348
curriculum_hard,0,results_v3_main,results_v3_main,small_cnn,sgd,10,128,20000,0.05,0.9,0.0005,cuda,False,True,2,103,260,0.19653308391571045
curriculum_hard,0,results_v3_main,results_v3_main,small_cnn,sgd,10,128,20000,0.05,0.9,0.0005,cuda,False,True,2,104,261,-0.09691758453845978
curriculum_hard,0,results_v3_main,results_v3_main,small_cnn,sgd,10,128,20000,0.05,0.9,0.0005,cuda,False,True,2,105,262,0.4424358308315277
curriculum_hard,0,results_v3_main,results_v3_main,small_cnn,sgd,10,128,20000,0.05,0.9,0.0005,cuda,False,True,2,106,263,0.7296981811523438
curriculum_hard,0,results_v3_main,results_v3_main,small_cnn,sgd,10,128,20000,0.05,0.9,0.0005,cuda,False,True,2,107,264,0.026713378727436066
curriculum_hard,0,results_v3_main,results_v3_main,small_cnn,sgd,10,128,20000,0.05,0.9,0.0005,cuda,False,True,2,108,265,0.5765843391418457
curriculum_hard,0,results_v3_main,results_v3_main,small_cnn,sgd,10,128,20000,0.05,0.9,0.0005,cuda,False,True,2,109,266,0.4279865026473999
curriculum_hard,0,results_v3_main,results_v3_main,small_cnn,sgd,10,128,20000,0.05,0.9,0.0005,cuda,False,True,2,110,267,0.27042320370674133
curriculum_hard,0,results_v3_main,results_v3_main,small_cnn,sgd,10,128,20000,0.05,0.9,0.0005,cuda,False,True,2,111,268,0.5746461749076843
curriculum_hard,0,results_v3_main,results_v3_main,small_cnn,sgd,10,128,20000,0.05,0.9,0.0005,cuda,False,True,2,112,269,0.5121533870697021
curriculum_hard,0,results_v3_main,results_v3_main,small_cnn,sgd,10,128,20000,0.05,0.9,0.0005,cuda,False,True,2,113,270,0.16836243867874146
curriculum_hard,0,results_v3_main,results_v3_main,small_cnn,sgd,10,128,20000,0.05,0.9,0.0005,cuda,False,True,2,114,271,0.5131065845489502
curriculum_hard,0,results_v3_main,results_v3_main,small_cnn,sgd,10,128,20000,0.05,0.9,0.0005,cuda,False,True,2,115,272,0.579438328742981
curriculum_hard,0,results_v3_main,results_v3_main,small_cnn,sgd,10,128,20000,0.05,0.9,0.0005,cuda,False,True,2,116,273,0.40111735463142395
curriculum_hard,0,results_v3_main,results_v3_main,small_cnn,sgd,10,128,20000,0.05,0.9,0.0005,cuda,False,True,2,117,274,0.6023498177528381
curriculum_hard,0,results_v3_main,results_v3_main,small_cnn,sgd,10,128,20000,0.05,0.9,0.0005,cuda,False,True,2,118,275,0.1643432080745697
curriculum_hard,0,results_v3_main,results_v3_main,small_cnn,sgd,10,128,20000,0.05,0.9,0.0005,cuda,False,True,2,119,276,0.4805977940559387
curriculum_hard,0,results_v3_main,results_v3_main,small_cnn,sgd,10,128,20000,0.05,0.9,0.0005,cuda,False,True,2,120,277,0.5416265726089478
curriculum_hard,0,results_v3_main,results_v3_main,small_cnn,sgd,10,128,20000,0.05,0.9,0.0005,cuda,False,True,2,121,278,0.11454951763153076
curriculum_hard,0,results_v3_main,results_v3_main,small_cnn,sgd,10,128,20000,0.05,0.9,0.0005,cuda,False,True,2,122,279,-0.04585671424865723
curriculum_hard,0,results_v3_main,results_v3_main,small_cnn,sgd,10,128,20000,0.05,0.9,0.0005,cuda,False,True,2,123,280,0.16083002090454102
curriculum_hard,0,results_v3_main,results_v3_main,small_cnn,sgd,10,128,20000,0.05,0.9,0.0005,cuda,False,True,2,124,281,0.20524676144123077
curriculum_hard,0,results_v3_main,results_v3_main,small_cnn,sgd,10,128,20000,0.05,0.9,0.0005,cuda,False,True,2,125,282,0.34134161472320557
curriculum_hard,0,results_v3_main,results_v3_main,small_cnn,sgd,10,128,20000,0.05,0.9,0.0005,cuda,False,True,2,126,283,0.6368092894554138
curriculum_hard,0,results_v3_main,results_v3_main,small_cnn,sgd,10,128,20000,0.05,0.9,0.0005,cuda,False,True,2,127,284,0.5806388854980469
curriculum_hard,0,results_v3_main,results_v3_main,small_cnn,sgd,10,128,20000,0.05,0.9,0.0005,cuda,False,True,2,128,285,-0.1401766538619995
curriculum_hard,0,results_v3_main,results_v3_main,small_cnn,sgd,10,128,20000,0.05,0.9,0.0005,cuda,False,True,2,129,286,0.4704720377922058
curriculum_hard,0,results_v3_main,results_v3_main,small_cnn,sgd,10,128,20000,0.05,0.9,0.0005,cuda,False,True,2,130,287,0.6699373722076416
curriculum_hard,0,results_v3_main,results_v3_main,small_cnn,sgd,10,128,20000,0.05,0.9,0.0005,cuda,False,True,2,131,288,0.47747188806533813
curriculum_hard,0,results_v3_main,results_v3_main,small_cnn,sgd,10,128,20000,0.05,0.9,0.0005,cuda,False,True,2,132,289,0.7997629642486572
curriculum_hard,0,results_v3_main,results_v3_main,small_cnn,sgd,10,128,20000,0.05,0.9,0.0005,cuda,False,True,2,133,290,0.7862064838409424
curriculum_hard,0,results_v3_main,results_v3_main,small_cnn,sgd,10,128,20000,0.05,0.9,0.0005,cuda,False,True,2,134,291,-0.008715495467185974
curriculum_hard,0,results_v3_main,results_v3_main,small_cnn,sgd,10,128,20000,0.05,0.9,0.0005,cuda,False,True,2,135,292,0.8123624920845032
curriculum_hard,0,results_v3_main,results_v3_main,small_cnn,sgd,10,128,20000,0.05,0.9,0.0005,cuda,False,True,2,136,293,0.10830580443143845
curriculum_hard,0,results_v3_main,results_v3_main,small_cnn,sgd,10,128,20000,0.05,0.9,0.0005,cuda,False,True,2,137,294,0.7586615085601807
curriculum_hard,0,results_v3_main,results_v3_main,small_cnn,sgd,10,128,20000,0.05,0.9,0.0005,cuda,False,True,2,138,295,0.5023261308670044
curriculum_hard,0,results_v3_main,results_v3_main,small_cnn,sgd,10,128,20000,0.05,0.9,0.0005,cuda,False,True,2,139,296,0.4890328049659729
curriculum_hard,0,results_v3_main,results_v3_main,small_cnn,sgd,10,128,20000,0.05,0.9,0.0005,cuda,False,True,2,140,297,0.6085350513458252
curriculum_hard,0,results_v3_main,results_v3_main,small_cnn,sgd,10,128,20000,0.05,0.9,0.0005,cuda,False,True,2,141,298,-0.5531340837478638
curriculum_hard,0,results_v3_main,results_v3_main,small_cnn,sgd,10,128,20000,0.05,0.9,0.0005,cuda,False,True,2,142,299,0.563460111618042
curriculum_hard,0,results_v3_main,results_v3_main,small_cnn,sgd,10,128,20000,0.05,0.9,0.0005,cuda,False,True,2,143,300,0.7814534902572632
curriculum_hard,0,results_v3_main,results_v3_main,small_cnn,sgd,10,128,20000,0.05,0.9,0.0005,cuda,False,True,2,144,301,0.8345410823822021
curriculum_hard,0,results_v3_main,results_v3_main,small_cnn,sgd,10,128,20000,0.05,0.9,0.0005,cuda,False,True,2,145,302,-0.21867331862449646
curriculum_hard,0,results_v3_main,results_v3_main,small_cnn,sgd,10,128,20000,0.05,0.9,0.0005,cuda,False,True,2,146,303,0.08967000246047974
curriculum_hard,0,results_v3_main,results_v3_main,small_cnn,sgd,10,128,20000,0.05,0.9,0.0005,cuda,False,True,2,147,304,-0.10762876272201538
curriculum_hard,0,results_v3_main,results_v3_main,small_cnn,sgd,10,128,20000,0.05,0.9,0.0005,cuda,False,True,2,148,305,0.7846478223800659
curriculum_hard,0,results_v3_main,results_v3_main,small_cnn,sgd,10,128,20000,0.05,0.9,0.0005,cuda,False,True,2,149,306,0.8212145566940308
curriculum_hard,0,results_v3_main,results_v3_main,small_cnn,sgd,10,128,20000,0.05,0.9,0.0005,cuda,False,True,2,150,307,-0.5886605978012085
curriculum_hard,0,results_v3_main,results_v3_main,small_cnn,sgd,10,128,20000,0.05,0.9,0.0005,cuda,False,True,2,151,308,-0.15994137525558472
curriculum_hard,0,results_v3_main,results_v3_main,small_cnn,sgd,10,128,20000,0.05,0.9,0.0005,cuda,False,True,2,152,309,0.8555068969726562
curriculum_hard,0,results_v3_main,results_v3_main,small_cnn,sgd,10,128,20000,0.05,0.9,0.0005,cuda,False,True,2,153,310,0.1730014830827713
curriculum_hard,0,results_v3_main,results_v3_main,small_cnn,sgd,10,128,20000,0.05,0.9,0.0005,cuda,False,True,2,154,311,0.5798299312591553
curriculum_hard,0,results_v3_main,results_v3_main,small_cnn,sgd,10,128,20000,0.05,0.9,0.0005,cuda,False,True,2,155,312,0.7879530191421509
curriculum_hard,0,results_v3_main,results_v3_main,small_cnn,sgd,10,128,20000,0.05,0.9,0.0005,cuda,False,True,2,156,313,0.07021959125995636
curriculum_hard,0,results_v3_main,results_v3_main,small_cnn,sgd,10,128,20000,0.05,0.9,0.0005,cuda,False,True,2,157,314,0.06465747952461243
curriculum_hard,0,results_v3_main,results_v3_main,small_cnn,sgd,10,128,20000,0.05,0.9,0.0005,cuda,False,True,3,1,315,-0.13394354283809662
curriculum_hard,0,results_v3_main,results_v3_main,small_cnn,sgd,10,128,20000,0.05,0.9,0.0005,cuda,False,True,3,2,316,-0.06688791513442993
curriculum_hard,0,results_v3_main,results_v3_main,small_cnn,sgd,10,128,20000,0.05,0.9,0.0005,cuda,False,True,3,3,317,0.4786064624786377
curriculum_hard,0,results_v3_main,results_v3_main,small_cnn,sgd,10,128,20000,0.05,0.9,0.0005,cuda,False,True,3,4,318,0.6693169474601746
curriculum_hard,0,results_v3_main,results_v3_main,small_cnn,sgd,10,128,20000,0.05,0.9,0.0005,cuda,False,True,3,5,319,0.5429598093032837
curriculum_hard,0,results_v3_main,results_v3_main,small_cnn,sgd,10,128,20000,0.05,0.9,0.0005,cuda,False,True,3,6,320,0.6880939602851868
curriculum_hard,0,results_v3_main,results_v3_main,small_cnn,sgd,10,128,20000,0.05,0.9,0.0005,cuda,False,True,3,7,321,0.7507668137550354
curriculum_hard,0,results_v3_main,results_v3_main,small_cnn,sgd,10,128,20000,0.05,0.9,0.0005,cuda,False,True,3,8,322,0.37844473123550415
curriculum_hard,0,results_v3_main,results_v3_main,small_cnn,sgd,10,128,20000,0.05,0.9,0.0005,cuda,False,True,3,9,323,0.6483131647109985
curriculum_hard,0,results_v3_main,results_v3_main,small_cnn,sgd,10,128,20000,0.05,0.9,0.0005,cuda,False,True,3,10,324,0.4972712993621826
curriculum_hard,0,results_v3_main,results_v3_main,small_cnn,sgd,10,128,20000,0.05,0.9,0.0005,cuda,False,True,3,11,325,0.517791211605072
curriculum_hard,0,results_v3_main,results_v3_main,small_cnn,sgd,10,128,20000,0.05,0.9,0.0005,cuda,False,True,3,12,326,-0.025041654706001282
curriculum_hard,0,results_v3_main,results_v3_main,small_cnn,sgd,10,128,20000,0.05,0.9,0.0005,cuda,False,True,3,13,327,0.438440203666687
curriculum_hard,0,results_v3_main,results_v3_main,small_cnn,sgd,10,128,20000,0.05,0.9,0.0005,cuda,False,True,3,14,328,0.6242040991783142
curriculum_hard,0,results_v3_main,results_v3_main,small_cnn,sgd,10,128,20000,0.05,0.9,0.0005,cuda,False,True,3,15,329,-0.18281903862953186
curriculum_hard,0,results_v3_main,results_v3_main,small_cnn,sgd,10,128,20000,0.05,0.9,0.0005,cuda,False,True,3,16,330,0.370270699262619
curriculum_hard,0,results_v3_main,results_v3_main,small_cnn,sgd,10,128,20000,0.05,0.9,0.0005,cuda,False,True,3,17,331,0.23527544736862183
curriculum_hard,0,results_v3_main,results_v3_main,small_cnn,sgd,10,128,20000,0.05,0.9,0.0005,cuda,False,True,3,18,332,0.07604128122329712
curriculum_hard,0,results_v3_main,results_v3_main,small_cnn,sgd,10,128,20000,0.05,0.9,0.0005,cuda,False,True,3,19,333,0.2856271266937256
curriculum_hard,0,results_v3_main,results_v3_main,small_cnn,sgd,10,128,20000,0.05,0.9,0.0005,cuda,False,True,3,20,334,0.49278515577316284
curriculum_hard,0,results_v3_main,results_v3_main,small_cnn,sgd,10,128,20000,0.05,0.9,0.0005,cuda,False,True,3,21,335,0.0029522553086280823
curriculum_hard,0,results_v3_main,results_v3_main,small_cnn,sgd,10,128,20000,0.05,0.9,0.0005,cuda,False,True,3,22,336,0.27600401639938354
curriculum_hard,0,results_v3_main,results_v3_main,small_cnn,sgd,10,128,20000,0.05,0.9,0.0005,cuda,False,True,3,23,337,0.581767201423645
curriculum_hard,0,results_v3_main,results_v3_main,small_cnn,sgd,10,128,20000,0.05,0.9,0.0005,cuda,False,True,3,24,338,0.47107240557670593
curriculum_hard,0,results_v3_main,results_v3_main,small_cnn,sgd,10,128,20000,0.05,0.9,0.0005,cuda,False,True,3,25,339,-0.17310215532779694
curriculum_hard,0,results_v3_main,results_v3_main,small_cnn,sgd,10,128,20000,0.05,0.9,0.0005,cuda,False,True,3,26,340,0.6793237924575806
curriculum_hard,0,results_v3_main,results_v3_main,small_cnn,sgd,10,128,20000,0.05,0.9,0.0005,cuda,False,True,3,27,341,-0.009433913975954056
curriculum_hard,0,results_v3_main,results_v3_main,small_cnn,sgd,10,128,20000,0.05,0.9,0.0005,cuda,False,True,3,28,342,0.44613295793533325
curriculum_hard,0,results_v3_main,results_v3_main,small_cnn,sgd,10,128,20000,0.05,0.9,0.0005,cuda,False,True,3,29,343,0.5485471487045288
curriculum_hard,0,results_v3_main,results_v3_main,small_cnn,sgd,10,128,20000,0.05,0.9,0.0005,cuda,False,True,3,30,344,0.2622007131576538
curriculum_hard,0,results_v3_main,results_v3_main,small_cnn,sgd,10,128,20000,0.05,0.9,0.0005,cuda,False,True,3,31,345,0.4203219413757324
curriculum_hard,0,results_v3_main,results_v3_main,small_cnn,sgd,10,128,20000,0.05,0.9,0.0005,cuda,False,True,3,32,346,0.6502559185028076
curriculum_hard,0,results_v3_main,results_v3_main,small_cnn,sgd,10,128,20000,0.05,0.9,0.0005,cuda,False,True,3,33,347,-0.05238993093371391
curriculum_hard,0,results_v3_main,results_v3_main,small_cnn,sgd,10,128,20000,0.05,0.9,0.0005,cuda,False,True,3,34,348,-0.017442984506487846
curriculum_hard,0,results_v3_main,results_v3_main,small_cnn,sgd,10,128,20000,0.05,0.9,0.0005,cuda,False,True,3,35,349,0.44984370470046997
curriculum_hard,0,results_v3_main,results_v3_main,small_cnn,sgd,10,128,20000,0.05,0.9,0.0005,cuda,False,True,3,36,350,0.5626125335693359
curriculum_hard,0,results_v3_main,results_v3_main,small_cnn,sgd,10,128,20000,0.05,0.9,0.0005,cuda,False,True,3,37,351,0.4697379171848297
curriculum_hard,0,results_v3_main,results_v3_main,small_cnn,sgd,10,128,20000,0.05,0.9,0.0005,cuda,False,True,3,38,352,0.2991364300251007
curriculum_hard,0,results_v3_main,results_v3_main,small_cnn,sgd,10,128,20000,0.05,0.9,0.0005,cuda,False,True,3,39,353,0.5260061621665955
curriculum_hard,0,results_v3_main,results_v3_main,small_cnn,sgd,10,128,20000,0.05,0.9,0.0005,cuda,False,True,3,40,354,0.4995591640472412
curriculum_hard,0,results_v3_main,results_v3_main,small_cnn,sgd,10,128,20000,0.05,0.9,0.0005,cuda,False,True,3,41,355,0.5527476668357849
curriculum_hard,0,results_v3_main,results_v3_main,small_cnn,sgd,10,128,20000,0.05,0.9,0.0005,cuda,False,True,3,42,356,0.40718287229537964
curriculum_hard,0,results_v3_main,results_v3_main,small_cnn,sgd,10,128,20000,0.05,0.9,0.0005,cuda,False,True,3,43,357,0.18669219315052032
curriculum_hard,0,results_v3_main,results_v3_main,small_cnn,sgd,10,128,20000,0.05,0.9,0.0005,cuda,False,True,3,44,358,0.36783039569854736
curriculum_hard,0,results_v3_main,results_v3_main,small_cnn,sgd,10,128,20000,0.05,0.9,0.0005,cuda,False,True,3,45,359,0.05063183605670929
curriculum_hard,0,results_v3_main,results_v3_main,small_cnn,sgd,10,128,20000,0.05,0.9,0.0005,cuda,False,True,3,46,360,0.4884968101978302
curriculum_hard,0,results_v3_main,results_v3_main,small_cnn,sgd,10,128,20000,0.05,0.9,0.0005,cuda,False,True,3,47,361,0.2569429278373718
curriculum_hard,0,results_v3_main,results_v3_main,small_cnn,sgd,10,128,20000,0.05,0.9,0.0005,cuda,False,True,3,48,362,0.4937402904033661
curriculum_hard,0,results_v3_main,results_v3_main,small_cnn,sgd,10,128,20000,0.05,0.9,0.0005,cuda,False,True,3,49,363,0.217937171459198
curriculum_hard,0,results_v3_main,results_v3_main,small_cnn,sgd,10,128,20000,0.05,0.9,0.0005,cuda,False,True,3,50,364,0.20541031658649445
curriculum_hard,0,results_v3_main,results_v3_main,small_cnn,sgd,10,128,20000,0.05,0.9,0.0005,cuda,False,True,3,51,365,0.48971933126449585
curriculum_hard,0,results_v3_main,results_v3_main,small_cnn,sgd,10,128,20000,0.05,0.9,0.0005,cuda,False,True,3,52,366,0.31990647315979004
curriculum_hard,0,results_v3_main,results_v3_main,small_cnn,sgd,10,128,20000,0.05,0.9,0.0005,cuda,False,True,3,53,367,0.4952751398086548
curriculum_hard,0,results_v3_main,results_v3_main,small_cnn,sgd,10,128,20000,0.05,0.9,0.0005,cuda,False,True,3,54,368,0.4713844954967499
curriculum_hard,0,results_v3_main,results_v3_main,small_cnn,sgd,10,128,20000,0.05,0.9,0.0005,cuda,False,True,3,55,369,0.22697755694389343
curriculum_hard,0,results_v3_main,results_v3_main,small_cnn,sgd,10,128,20000,0.05,0.9,0.0005,cuda,False,True,3,56,370,0.5049852132797241
curriculum_hard,0,results_v3_main,results_v3_main,small_cnn,sgd,10,128,20000,0.05,0.9,0.0005,cuda,False,True,3,57,371,0.162286639213562
curriculum_hard,0,results_v3_main,results_v3_main,small_cnn,sgd,10,128,20000,0.05,0.9,0.0005,cuda,False,True,3,58,372,0.3780600130558014
curriculum_hard,0,results_v3_main,results_v3_main,small_cnn,sgd,10,128,20000,0.05,0.9,0.0005,cuda,False,True,3,59,373,0.49451011419296265
curriculum_hard,0,results_v3_main,results_v3_main,small_cnn,sgd,10,128,20000,0.05,0.9,0.0005,cuda,False,True,3,60,374,-0.365963339805603
curriculum_hard,0,results_v3_main,results_v3_main,small_cnn,sgd,10,128,20000,0.05,0.9,0.0005,cuda,False,True,3,61,375,0.2598486840724945
curriculum_hard,0,results_v3_main,results_v3_main,small_cnn,sgd,10,128,20000,0.05,0.9,0.0005,cuda,False,True,3,62,376,0.6247135400772095
curriculum_hard,0,results_v3_main,results_v3_main,small_cnn,sgd,10,128,20000,0.05,0.9,0.0005,cuda,False,True,3,63,377,0.22715133428573608
curriculum_hard,0,results_v3_main,results_v3_main,small_cnn,sgd,10,128,20000,0.05,0.9,0.0005,cuda,False,True,3,64,378,0.6166893839836121
curriculum_hard,0,results_v3_main,results_v3_main,small_cnn,sgd,10,128,20000,0.05,0.9,0.0005,cuda,False,True,3,65,379,0.4170581102371216
curriculum_hard,0,results_v3_main,results_v3_main,small_cnn,sgd,10,128,20000,0.05,0.9,0.0005,cuda,False,True,3,66,380,0.2943810224533081
curriculum_hard,0,results_v3_main,results_v3_main,small_cnn,sgd,10,128,20000,0.05,0.9,0.0005,cuda,False,True,3,67,381,0.4610757827758789
curriculum_hard,0,results_v3_main,results_v3_main,small_cnn,sgd,10,128,20000,0.05,0.9,0.0005,cuda,False,True,3,68,382,0.5908337831497192
curriculum_hard,0,results_v3_main,results_v3_main,small_cnn,sgd,10,128,20000,0.05,0.9,0.0005,cuda,False,True,3,69,383,0.6563401222229004
curriculum_hard,0,results_v3_main,results_v3_main,small_cnn,sgd,10,128,20000,0.05,0.9,0.0005,cuda,False,True,3,70,384,0.18861551582813263
curriculum_hard,0,results_v3_main,results_v3_main,small_cnn,sgd,10,128,20000,0.05,0.9,0.0005,cuda,False,True,3,71,385,0.2742769122123718
curriculum_hard,0,results_v3_main,results_v3_main,small_cnn,sgd,10,128,20000,0.05,0.9,0.0005,cuda,False,True,3,72,386,0.46745359897613525
curriculum_hard,0,results_v3_main,results_v3_main,small_cnn,sgd,10,128,20000,0.05,0.9,0.0005,cuda,False,True,3,73,387,0.264705091714859
curriculum_hard,0,results_v3_main,results_v3_main,small_cnn,sgd,10,128,20000,0.05,0.9,0.0005,cuda,False,True,3,74,388,0.29829439520835876
curriculum_hard,0,results_v3_main,results_v3_main,small_cnn,sgd,10,128,20000,0.05,0.9,0.0005,cuda,False,True,3,75,389,0.5044693946838379
curriculum_hard,0,results_v3_main,results_v3_main,small_cnn,sgd,10,128,20000,0.05,0.9,0.0005,cuda,False,True,3,76,390,0.6972991228103638
curriculum_hard,0,results_v3_main,results_v3_main,small_cnn,sgd,10,128,20000,0.05,0.9,0.0005,cuda,False,True,3,77,391,-0.4686667323112488
curriculum_hard,0,results_v3_main,results_v3_main,small_cnn,sgd,10,128,20000,0.05,0.9,0.0005,cuda,False,True,3,78,392,0.7113437652587891
curriculum_hard,0,results_v3_main,results_v3_main,small_cnn,sgd,10,128,20000,0.05,0.9,0.0005,cuda,False,True,3,79,393,-0.29902979731559753
curriculum_hard,0,results_v3_main,results_v3_main,small_cnn,sgd,10,128,20000,0.05,0.9,0.0005,cuda,False,True,3,80,394,0.456025630235672
curriculum_hard,0,results_v3_main,results_v3_main,small_cnn,sgd,10,128,20000,0.05,0.9,0.0005,cuda,False,True,3,81,395,0.6627291440963745
curriculum_hard,0,results_v3_main,results_v3_main,small_cnn,sgd,10,128,20000,0.05,0.9,0.0005,cuda,False,True,3,82,396,0.4893312156200409
curriculum_hard,0,results_v3_main,results_v3_main,small_cnn,sgd,10,128,20000,0.05,0.9,0.0005,cuda,False,True,3,83,397,-0.4136701822280884
curriculum_hard,0,results_v3_main,results_v3_main,small_cnn,sgd,10,128,20000,0.05,0.9,0.0005,cuda,False,True,3,84,398,-0.18300026655197144
curriculum_hard,0,results_v3_main,results_v3_main,small_cnn,sgd,10,128,20000,0.05,0.9,0.0005,cuda,False,True,3,85,399,0.14067740738391876
curriculum_hard,0,results_v3_main,results_v3_main,small_cnn,sgd,10,128,20000,0.05,0.9,0.0005,cuda,False,True,3,86,400,0.7071530818939209
curriculum_hard,0,results_v3_main,results_v3_main,small_cnn,sgd,10,128,20000,0.05,0.9,0.0005,cuda,False,True,3,87,401,0.4283566474914551
curriculum_hard,0,results_v3_main,results_v3_main,small_cnn,sgd,10,128,20000,0.05,0.9,0.0005,cuda,False,True,3,88,402,0.3019571900367737
curriculum_hard,0,results_v3_main,results_v3_main,small_cnn,sgd,10,128,20000,0.05,0.9,0.0005,cuda,False,True,3,89,403,0.25702106952667236
curriculum_hard,0,results_v3_main,results_v3_main,small_cnn,sgd,10,128,20000,0.05,0.9,0.0005,cuda,False,True,3,90,404,0.39364951848983765
curriculum_hard,0,results_v3_main,results_v3_main,small_cnn,sgd,10,128,20000,0.05,0.9,0.0005,cuda,False,True,3,91,405,0.22070135176181793
curriculum_hard,0,results_v3_main,results_v3_main,small_cnn,sgd,10,128,20000,0.05,0.9,0.0005,cuda,False,True,3,92,406,0.08346432447433472
curriculum_hard,0,results_v3_main,results_v3_main,small_cnn,sgd,10,128,20000,0.05,0.9,0.0005,cuda,False,True,3,93,407,0.35027047991752625
curriculum_hard,0,results_v3_main,results_v3_main,small_cnn,sgd,10,128,20000,0.05,0.9,0.0005,cuda,False,True,3,94,408,0.175253227353096
curriculum_hard,0,results_v3_main,results_v3_main,small_cnn,sgd,10,128,20000,0.05,0.9,0.0005,cuda,False,True,3,95,409,0.5498796701431274
curriculum_hard,0,results_v3_main,results_v3_main,small_cnn,sgd,10,128,20000,0.05,0.9,0.0005,cuda,False,True,3,96,410,0.3889697194099426
curriculum_hard,0,results_v3_main,results_v3_main,small_cnn,sgd,10,128,20000,0.05,0.9,0.0005,cuda,False,True,3,97,411,-0.11691959947347641
curriculum_hard,0,results_v3_main,results_v3_main,small_cnn,sgd,10,128,20000,0.05,0.9,0.0005,cuda,False,True,3,98,412,0.3680409789085388
curriculum_hard,0,results_v3_main,results_v3_main,small_cnn,sgd,10,128,20000,0.05,0.9,0.0005,cuda,False,True,3,99,413,0.7106409668922424
curriculum_hard,0,results_v3_main,results_v3_main,small_cnn,sgd,10,128,20000,0.05,0.9,0.0005,cuda,False,True,3,100,414,-0.403669148683548
curriculum_hard,0,results_v3_main,results_v3_main,small_cnn,sgd,10,128,20000,0.05,0.9,0.0005,cuda,False,True,3,101,415,0.44266748428344727
curriculum_hard,0,results_v3_main,results_v3_main,small_cnn,sgd,10,128,20000,0.05,0.9,0.0005,cuda,False,True,3,102,416,-0.06323801726102829
curriculum_hard,0,results_v3_main,results_v3_main,small_cnn,sgd,10,128,20000,0.05,0.9,0.0005,cuda,False,True,3,103,417,0.3640438914299011
curriculum_hard,0,results_v3_main,results_v3_main,small_cnn,sgd,10,128,20000,0.05,0.9,0.0005,cuda,False,True,3,104,418,-0.0015885867178440094
curriculum_hard,0,results_v3_main,results_v3_main,small_cnn,sgd,10,128,20000,0.05,0.9,0.0005,cuda,False,True,3,105,419,0.457038551568985
curriculum_hard,0,results_v3_main,results_v3_main,small_cnn,sgd,10,128,20000,0.05,0.9,0.0005,cuda,False,True,3,106,420,0.5870407223701477
curriculum_hard,0,results_v3_main,results_v3_main,small_cnn,sgd,10,128,20000,0.05,0.9,0.0005,cuda,False,True,3,107,421,-0.4527152180671692
curriculum_hard,0,results_v3_main,results_v3_main,small_cnn,sgd,10,128,20000,0.05,0.9,0.0005,cuda,False,True,3,108,422,0.6523105502128601
curriculum_hard,0,results_v3_main,results_v3_main,small_cnn,sgd,10,128,20000,0.05,0.9,0.0005,cuda,False,True,3,109,423,0.2919972836971283
curriculum_hard,0,results_v3_main,results_v3_main,small_cnn,sgd,10,128,20000,0.05,0.9,0.0005,cuda,False,True,3,110,424,0.40713584423065186
curriculum_hard,0,results_v3_main,results_v3_main,small_cnn,sgd,10,128,20000,0.05,0.9,0.0005,cuda,False,True,3,111,425,0.36049413681030273
curriculum_hard,0,results_v3_main,results_v3_main,small_cnn,sgd,10,128,20000,0.05,0.9,0.0005,cuda,False,True,3,112,426,-0.07311196625232697
curriculum_hard,0,results_v3_main,results_v3_main,small_cnn,sgd,10,128,20000,0.05,0.9,0.0005,cuda,False,True,3,113,427,0.6686018705368042
curriculum_hard,0,results_v3_main,results_v3_main,small_cnn,sgd,10,128,20000,0.05,0.9,0.0005,cuda,False,True,3,114,428,0.38789626955986023
curriculum_hard,0,results_v3_main,results_v3_main,small_cnn,sgd,10,128,20000,0.05,0.9,0.0005,cuda,False,True,3,115,429,-0.0018145982176065445
curriculum_hard,0,results_v3_main,results_v3_main,small_cnn,sgd,10,128,20000,0.05,0.9,0.0005,cuda,False,True,3,116,430,0.4489125907421112
curriculum_hard,0,results_v3_main,results_v3_main,small_cnn,sgd,10,128,20000,0.05,0.9,0.0005,cuda,False,True,3,117,431,0.4910597801208496
curriculum_hard,0,results_v3_main,results_v3_main,small_cnn,sgd,10,128,20000,0.05,0.9,0.0005,cuda,False,True,3,118,432,0.2939800024032593
curriculum_hard,0,results_v3_main,results_v3_main,small_cnn,sgd,10,128,20000,0.05,0.9,0.0005,cuda,False,True,3,119,433,0.6586105823516846
curriculum_hard,0,results_v3_main,results_v3_main,small_cnn,sgd,10,128,20000,0.05,0.9,0.0005,cuda,False,True,3,120,434,0.573278546333313
curriculum_hard,0,results_v3_main,results_v3_main,small_cnn,sgd,10,128,20000,0.05,0.9,0.0005,cuda,False,True,3,121,435,-0.5637515187263489
curriculum_hard,0,results_v3_main,results_v3_main,small_cnn,sgd,10,128,20000,0.05,0.9,0.0005,cuda,False,True,3,122,436,-0.3948467969894409
curriculum_hard,0,results_v3_main,results_v3_main,small_cnn,sgd,10,128,20000,0.05,0.9,0.0005,cuda,False,True,3,123,437,-0.21213392913341522
curriculum_hard,0,results_v3_main,results_v3_main,small_cnn,sgd,10,128,20000,0.05,0.9,0.0005,cuda,False,True,3,124,438,-0.1968768984079361
curriculum_hard,0,results_v3_main,results_v3_main,small_cnn,sgd,10,128,20000,0.05,0.9,0.0005,cuda,False,True,3,125,439,0.06638666242361069
curriculum_hard,0,results_v3_main,results_v3_main,small_cnn,sgd,10,128,20000,0.05,0.9,0.0005,cuda,False,True,3,126,440,0.09840714186429977
curriculum_hard,0,results_v3_main,results_v3_main,small_cnn,sgd,10,128,20000,0.05,0.9,0.0005,cuda,False,True,3,127,441,0.32928967475891113
curriculum_hard,0,results_v3_main,results_v3_main,small_cnn,sgd,10,128,20000,0.05,0.9,0.0005,cuda,False,True,3,128,442,0.2487780749797821
curriculum_hard,0,results_v3_main,results_v3_main,small_cnn,sgd,10,128,20000,0.05,0.9,0.0005,cuda,False,True,3,129,443,0.2623492479324341
curriculum_hard,0,results_v3_main,results_v3_main,small_cnn,sgd,10,128,20000,0.05,0.9,0.0005,cuda,False,True,3,130,444,0.5558468699455261
curriculum_hard,0,results_v3_main,results_v3_main,small_cnn,sgd,10,128,20000,0.05,0.9,0.0005,cuda,False,True,3,131,445,0.5315593481063843
curriculum_hard,0,results_v3_main,results_v3_main,small_cnn,sgd,10,128,20000,0.05,0.9,0.0005,cuda,False,True,3,132,446,0.48008495569229126
curriculum_hard,0,results_v3_main,results_v3_main,small_cnn,sgd,10,128,20000,0.05,0.9,0.0005,cuda,False,True,3,133,447,0.8740030527114868
curriculum_hard,0,results_v3_main,results_v3_main,small_cnn,sgd,10,128,20000,0.05,0.9,0.0005,cuda,False,True,3,134,448,0.07137072086334229
curriculum_hard,0,results_v3_main,results_v3_main,small_cnn,sgd,10,128,20000,0.05,0.9,0.0005,cuda,False,True,3,135,449,0.7247179746627808
curriculum_hard,0,results_v3_main,results_v3_main,small_cnn,sgd,10,128,20000,0.05,0.9,0.0005,cuda,False,True,3,136,450,0.0856669694185257
curriculum_hard,0,results_v3_main,results_v3_main,small_cnn,sgd,10,128,20000,0.05,0.9,0.0005,cuda,False,True,3,137,451,0.5287714600563049
curriculum_hard,0,results_v3_main,results_v3_main,small_cnn,sgd,10,128,20000,0.05,0.9,0.0005,cuda,False,True,3,138,452,0.39073336124420166
curriculum_hard,0,results_v3_main,results_v3_main,small_cnn,sgd,10,128,20000,0.05,0.9,0.0005,cuda,False,True,3,139,453,-0.1290193498134613
curriculum_hard,0,results_v3_main,results_v3_main,small_cnn,sgd,10,128,20000,0.05,0.9,0.0005,cuda,False,True,3,140,454,0.07822771370410919
curriculum_hard,0,results_v3_main,results_v3_main,small_cnn,sgd,10,128,20000,0.05,0.9,0.0005,cuda,False,True,3,141,455,-0.01031293161213398
curriculum_hard,0,results_v3_main,results_v3_main,small_cnn,sgd,10,128,20000,0.05,0.9,0.0005,cuda,False,True,3,142,456,0.149666428565979
curriculum_hard,0,results_v3_main,results_v3_main,small_cnn,sgd,10,128,20000,0.05,0.9,0.0005,cuda,False,True,3,143,457,-0.532025933265686
curriculum_hard,0,results_v3_main,results_v3_main,small_cnn,sgd,10,128,20000,0.05,0.9,0.0005,cuda,False,True,3,144,458,0.6577425003051758
curriculum_hard,0,results_v3_main,results_v3_main,small_cnn,sgd,10,128,20000,0.05,0.9,0.0005,cuda,False,True,3,145,459,0.5401766300201416
curriculum_hard,0,results_v3_main,results_v3_main,small_cnn,sgd,10,128,20000,0.05,0.9,0.0005,cuda,False,True,3,146,460,0.20899102091789246
curriculum_hard,0,results_v3_main,results_v3_main,small_cnn,sgd,10,128,20000,0.05,0.9,0.0005,cuda,False,True,3,147,461,-0.3769958019256592
curriculum_hard,0,results_v3_main,results_v3_main,small_cnn,sgd,10,128,20000,0.05,0.9,0.0005,cuda,False,True,3,148,462,0.5840700268745422
curriculum_hard,0,results_v3_main,results_v3_main,small_cnn,sgd,10,128,20000,0.05,0.9,0.0005,cuda,False,True,3,149,463,0.8007246255874634
curriculum_hard,0,results_v3_main,results_v3_main,small_cnn,sgd,10,128,20000,0.05,0.9,0.0005,cuda,False,True,3,150,464,0.5650610327720642
curriculum_hard,0,results_v3_main,results_v3_main,small_cnn,sgd,10,128,20000,0.05,0.9,0.0005,cuda,False,True,3,151,465,-0.13562650978565216
curriculum_hard,0,results_v3_main,results_v3_main,small_cnn,sgd,10,128,20000,0.05,0.9,0.0005,cuda,False,True,3,152,466,0.8675796389579773
curriculum_hard,0,results_v3_main,results_v3_main,small_cnn,sgd,10,128,20000,0.05,0.9,0.0005,cuda,False,True,3,153,467,0.7908248901367188
curriculum_hard,0,results_v3_main,results_v3_main,small_cnn,sgd,10,128,20000,0.05,0.9,0.0005,cuda,False,True,3,154,468,-0.6255303025245667
curriculum_hard,0,results_v3_main,results_v3_main,small_cnn,sgd,10,128,20000,0.05,0.9,0.0005,cuda,False,True,3,155,469,0.29150524735450745
curriculum_hard,0,results_v3_main,results_v3_main,small_cnn,sgd,10,128,20000,0.05,0.9,0.0005,cuda,False,True,3,156,470,0.0765661969780922
curriculum_hard,0,results_v3_main,results_v3_main,small_cnn,sgd,10,128,20000,0.05,0.9,0.0005,cuda,False,True,3,157,471,0.568651020526886
curriculum_hard,0,results_v3_main,results_v3_main,small_cnn,sgd,10,128,20000,0.05,0.9,0.0005,cuda,False,True,4,1,472,-0.05112264305353165
curriculum_hard,0,results_v3_main,results_v3_main,small_cnn,sgd,10,128,20000,0.05,0.9,0.0005,cuda,False,True,4,2,473,-0.13510560989379883
curriculum_hard,0,results_v3_main,results_v3_main,small_cnn,sgd,10,128,20000,0.05,0.9,0.0005,cuda,False,True,4,3,474,0.7927985787391663
curriculum_hard,0,results_v3_main,results_v3_main,small_cnn,sgd,10,128,20000,0.05,0.9,0.0005,cuda,False,True,4,4,475,0.5033605694770813
curriculum_hard,0,results_v3_main,results_v3_main,small_cnn,sgd,10,128,20000,0.05,0.9,0.0005,cuda,False,True,4,5,476,0.47044652700424194
curriculum_hard,0,results_v3_main,results_v3_main,small_cnn,sgd,10,128,20000,0.05,0.9,0.0005,cuda,False,True,4,6,477,0.5013447403907776
curriculum_hard,0,results_v3_main,results_v3_main,small_cnn,sgd,10,128,20000,0.05,0.9,0.0005,cuda,False,True,4,7,478,0.602709949016571
curriculum_hard,0,results_v3_main,results_v3_main,small_cnn,sgd,10,128,20000,0.05,0.9,0.0005,cuda,False,True,4,8,479,0.30232691764831543
curriculum_hard,0,results_v3_main,results_v3_main,small_cnn,sgd,10,128,20000,0.05,0.9,0.0005,cuda,False,True,4,9,480,0.6125244498252869
curriculum_hard,0,results_v3_main,results_v3_main,small_cnn,sgd,10,128,20000,0.05,0.9,0.0005,cuda,False,True,4,10,481,0.4510543942451477
curriculum_hard,0,results_v3_main,results_v3_main,small_cnn,sgd,10,128,20000,0.05,0.9,0.0005,cuda,False,True,4,11,482,0.7548266649246216
curriculum_hard,0,results_v3_main,results_v3_main,small_cnn,sgd,10,128,20000,0.05,0.9,0.0005,cuda,False,True,4,12,483,0.4844273328781128
curriculum_hard,0,results_v3_main,results_v3_main,small_cnn,sgd,10,128,20000,0.05,0.9,0.0005,cuda,False,True,4,13,484,0.5199810266494751
curriculum_hard,0,results_v3_main,results_v3_main,small_cnn,sgd,10,128,20000,0.05,0.9,0.0005,cuda,False,True,4,14,485,0.4085080921649933
curriculum_hard,0,results_v3_main,results_v3_main,small_cnn,sgd,10,128,20000,0.05,0.9,0.0005,cuda,False,True,4,15,486,0.297194242477417
curriculum_hard,0,results_v3_main,results_v3_main,small_cnn,sgd,10,128,20000,0.05,0.9,0.0005,cuda,False,True,4,16,487,0.5395170450210571
curriculum_hard,0,results_v3_main,results_v3_main,small_cnn,sgd,10,128,20000,0.05,0.9,0.0005,cuda,False,True,4,17,488,-0.1622214913368225
curriculum_hard,0,results_v3_main,results_v3_main,small_cnn,sgd,10,128,20000,0.05,0.9,0.0005,cuda,False,True,4,18,489,0.24818935990333557
curriculum_hard,0,results_v3_main,results_v3_main,small_cnn,sgd,10,128,20000,0.05,0.9,0.0005,cuda,False,True,4,19,490,0.4341495931148529
curriculum_hard,0,results_v3_main,results_v3_main,small_cnn,sgd,10,128,20000,0.05,0.9,0.0005,cuda,False,True,4,20,491,0.6283969879150391
curriculum_hard,0,results_v3_main,results_v3_main,small_cnn,sgd,10,128,20000,0.05,0.9,0.0005,cuda,False,True,4,21,492,0.2503760755062103
curriculum_hard,0,results_v3_main,results_v3_main,small_cnn,sgd,10,128,20000,0.05,0.9,0.0005,cuda,False,True,4,22,493,0.16357368230819702
curriculum_hard,0,results_v3_main,results_v3_main,small_cnn,sgd,10,128,20000,0.05,0.9,0.0005,cuda,False,True,4,23,494,0.5813524723052979
curriculum_hard,0,results_v3_main,results_v3_main,small_cnn,sgd,10,128,20000,0.05,0.9,0.0005,cuda,False,True,4,24,495,0.29934120178222656
curriculum_hard,0,results_v3_main,results_v3_main,small_cnn,sgd,10,128,20000,0.05,0.9,0.0005,cuda,False,True,4,25,496,0.07646727561950684
curriculum_hard,0,results_v3_main,results_v3_main,small_cnn,sgd,10,128,20000,0.05,0.9,0.0005,cuda,False,True,4,26,497,0.4005732536315918
curriculum_hard,0,results_v3_main,results_v3_main,small_cnn,sgd,10,128,20000,0.05,0.9,0.0005,cuda,False,True,4,27,498,0.07196925580501556
curriculum_hard,0,results_v3_main,results_v3_main,small_cnn,sgd,10,128,20000,0.05,0.9,0.0005,cuda,False,True,4,28,499,0.1532534509897232
curriculum_hard,0,results_v3_main,results_v3_main,small_cnn,sgd,10,128,20000,0.05,0.9,0.0005,cuda,False,True,4,29,500,0.2795109152793884
curriculum_hard,0,results_v3_main,results_v3_main,small_cnn,sgd,10,128,20000,0.05,0.9,0.0005,cuda,False,True,4,30,501,0.484190970659256
curriculum_hard,0,results_v3_main,results_v3_main,small_cnn,sgd,10,128,20000,0.05,0.9,0.0005,cuda,False,True,4,31,502,0.08150557428598404
curriculum_hard,0,results_v3_main,results_v3_main,small_cnn,sgd,10,128,20000,0.05,0.9,0.0005,cuda,False,True,4,32,503,0.6617209315299988
curriculum_hard,0,results_v3_main,results_v3_main,small_cnn,sgd,10,128,20000,0.05,0.9,0.0005,cuda,False,True,4,33,504,0.650904655456543
curriculum_hard,0,results_v3_main,results_v3_main,small_cnn,sgd,10,128,20000,0.05,0.9,0.0005,cuda,False,True,4,34,505,0.16081805527210236
curriculum_hard,0,results_v3_main,results_v3_main,small_cnn,sgd,10,128,20000,0.05,0.9,0.0005,cuda,False,True,4,35,506,0.15350651741027832
curriculum_hard,0,results_v3_main,results_v3_main,small_cnn,sgd,10,128,20000,0.05,0.9,0.0005,cuda,False,True,4,36,507,0.2772335410118103
curriculum_hard,0,results_v3_main,results_v3_main,small_cnn,sgd,10,128,20000,0.05,0.9,0.0005,cuda,False,True,4,37,508,0.11685914546251297
curriculum_hard,0,results_v3_main,results_v3_main,small_cnn,sgd,10,128,20000,0.05,0.9,0.0005,cuda,False,True,4,38,509,0.6967397928237915
curriculum_hard,0,results_v3_main,results_v3_main,small_cnn,sgd,10,128,20000,0.05,0.9,0.0005,cuda,False,True,4,39,510,0.26203471422195435
curriculum_hard,0,results_v3_main,results_v3_main,small_cnn,sgd,10,128,20000,0.05,0.9,0.0005,cuda,False,True,4,40,511,0.1467970758676529
curriculum_hard,0,results_v3_main,results_v3_main,small_cnn,sgd,10,128,20000,0.05,0.9,0.0005,cuda,False,True,4,41,512,0.14131039381027222
curriculum_hard,0,results_v3_main,results_v3_main,small_cnn,sgd,10,128,20000,0.05,0.9,0.0005,cuda,False,True,4,42,513,0.6180021166801453
curriculum_hard,0,results_v3_main,results_v3_main,small_cnn,sgd,10,128,20000,0.05,0.9,0.0005,cuda,False,True,4,43,514,0.01805465668439865
curriculum_hard,0,results_v3_main,results_v3_main,small_cnn,sgd,10,128,20000,0.05,0.9,0.0005,cuda,False,True,4,44,515,0.15837103128433228
curriculum_hard,0,results_v3_main,results_v3_main,small_cnn,sgd,10,128,20000,0.05,0.9,0.0005,cuda,False,True,4,45,516,0.44225218892097473
curriculum_hard,0,results_v3_main,results_v3_main,small_cnn,sgd,10,128,20000,0.05,0.9,0.0005,cuda,False,True,4,46,517,-0.03863116353750229
curriculum_hard,0,results_v3_main,results_v3_main,small_cnn,sgd,10,128,20000,0.05,0.9,0.0005,cuda,False,True,4,47,518,0.07048871368169785
curriculum_hard,0,results_v3_main,results_v3_main,small_cnn,sgd,10,128,20000,0.05,0.9,0.0005,cuda,False,True,4,48,519,0.5643385052680969
curriculum_hard,0,results_v3_main,results_v3_main,small_cnn,sgd,10,128,20000,0.05,0.9,0.0005,cuda,False,True,4,49,520,0.3095339834690094
curriculum_hard,0,results_v3_main,results_v3_main,small_cnn,sgd,10,128,20000,0.05,0.9,0.0005,cuda,False,True,4,50,521,0.18445941805839539
curriculum_hard,0,results_v3_main,results_v3_main,small_cnn,sgd,10,128,20000,0.05,0.9,0.0005,cuda,False,True,4,51,522,0.21127913892269135
curriculum_hard,0,results_v3_main,results_v3_main,small_cnn,sgd,10,128,20000,0.05,0.9,0.0005,cuda,False,True,4,52,523,0.17118237912654877
curriculum_hard,0,results_v3_main,results_v3_main,small_cnn,sgd,10,128,20000,0.05,0.9,0.0005,cuda,False,True,4,53,524,0.5608718991279602
curriculum_hard,0,results_v3_main,results_v3_main,small_cnn,sgd,10,128,20000,0.05,0.9,0.0005,cuda,False,True,4,54,525,0.44270339608192444
curriculum_hard,0,results_v3_main,results_v3_main,small_cnn,sgd,10,128,20000,0.05,0.9,0.0005,cuda,False,True,4,55,526,0.33710962533950806
curriculum_hard,0,results_v3_main,results_v3_main,small_cnn,sgd,10,128,20000,0.05,0.9,0.0005,cuda,False,True,4,56,527,0.44588297605514526
curriculum_hard,0,results_v3_main,results_v3_main,small_cnn,sgd,10,128,20000,0.05,0.9,0.0005,cuda,False,True,4,57,528,-0.022585256025195122
curriculum_hard,0,results_v3_main,results_v3_main,small_cnn,sgd,10,128,20000,0.05,0.9,0.0005,cuda,False,True,4,58,529,0.5509280562400818
curriculum_hard,0,results_v3_main,results_v3_main,small_cnn,sgd,10,128,20000,0.05,0.9,0.0005,cuda,False,True,4,59,530,0.5882605910301208
curriculum_hard,0,results_v3_main,results_v3_main,small_cnn,sgd,10,128,20000,0.05,0.9,0.0005,cuda,False,True,4,60,531,-0.011281576007604599
curriculum_hard,0,results_v3_main,results_v3_main,small_cnn,sgd,10,128,20000,0.05,0.9,0.0005,cuda,False,True,4,61,532,0.2525201439857483
curriculum_hard,0,results_v3_main,results_v3_main,small_cnn,sgd,10,128,20000,0.05,0.9,0.0005,cuda,False,True,4,62,533,0.4938216209411621
curriculum_hard,0,results_v3_main,results_v3_main,small_cnn,sgd,10,128,20000,0.05,0.9,0.0005,cuda,False,True,4,63,534,0.28087571263313293
curriculum_hard,0,results_v3_main,results_v3_main,small_cnn,sgd,10,128,20000,0.05,0.9,0.0005,cuda,False,True,4,64,535,0.7751534581184387
curriculum_hard,0,results_v3_main,results_v3_main,small_cnn,sgd,10,128,20000,0.05,0.9,0.0005,cuda,False,True,4,65,536,0.41413456201553345
curriculum_hard,0,results_v3_main,results_v3_main,small_cnn,sgd,10,128,20000,0.05,0.9,0.0005,cuda,False,True,4,66,537,0.1902984082698822
curriculum_hard,0,results_v3_main,results_v3_main,small_cnn,sgd,10,128,20000,0.05,0.9,0.0005,cuda,False,True,4,67,538,0.2843453288078308
curriculum_hard,0,results_v3_main,results_v3_main,small_cnn,sgd,10,128,20000,0.05,0.9,0.0005,cuda,False,True,4,68,539,0.41759249567985535
curriculum_hard,0,results_v3_main,results_v3_main,small_cnn,sgd,10,128,20000,0.05,0.9,0.0005,cuda,False,True,4,69,540,0.6682996153831482
curriculum_hard,0,results_v3_main,results_v3_main,small_cnn,sgd,10,128,20000,0.05,0.9,0.0005,cuda,False,True,4,70,541,0.15466150641441345
curriculum_hard,0,results_v3_main,results_v3_main,small_cnn,sgd,10,128,20000,0.05,0.9,0.0005,cuda,False,True,4,71,542,0.18908736109733582
curriculum_hard,0,results_v3_main,results_v3_main,small_cnn,sgd,10,128,20000,0.05,0.9,0.0005,cuda,False,True,4,72,543,0.2960117757320404
curriculum_hard,0,results_v3_main,results_v3_main,small_cnn,sgd,10,128,20000,0.05,0.9,0.0005,cuda,False,True,4,73,544,0.4485986530780792
curriculum_hard,0,results_v3_main,results_v3_main,small_cnn,sgd,10,128,20000,0.05,0.9,0.0005,cuda,False,True,4,74,545,-0.24037978053092957
curriculum_hard,0,results_v3_main,results_v3_main,small_cnn,sgd,10,128,20000,0.05,0.9,0.0005,cuda,False,True,4,75,546,0.31042876839637756
curriculum_hard,0,results_v3_main,results_v3_main,small_cnn,sgd,10,128,20000,0.05,0.9,0.0005,cuda,False,True,4,76,547,0.3373364806175232
curriculum_hard,0,results_v3_main,results_v3_main,small_cnn,sgd,10,128,20000,0.05,0.9,0.0005,cuda,False,True,4,77,548,-0.5620733499526978
curriculum_hard,0,results_v3_main,results_v3_main,small_cnn,sgd,10,128,20000,0.05,0.9,0.0005,cuda,False,True,4,78,549,0.38711410760879517
curriculum_hard,0,results_v3_main,results_v3_main,small_cnn,sgd,10,128,20000,0.05,0.9,0.0005,cuda,False,True,4,79,550,0.21905334293842316
curriculum_hard,0,results_v3_main,results_v3_main,small_cnn,sgd,10,128,20000,0.05,0.9,0.0005,cuda,False,True,4,80,551,0.0561039000749588
curriculum_hard,0,results_v3_main,results_v3_main,small_cnn,sgd,10,128,20000,0.05,0.9,0.0005,cuda,False,True,4,81,552,0.6196224689483643
curriculum_hard,0,results_v3_main,results_v3_main,small_cnn,sgd,10,128,20000,0.05,0.9,0.0005,cuda,False,True,4,82,553,0.5114258527755737
curriculum_hard,0,results_v3_main,results_v3_main,small_cnn,sgd,10,128,20000,0.05,0.9,0.0005,cuda,False,True,4,83,554,-0.05448073521256447
curriculum_hard,0,results_v3_main,results_v3_main,small_cnn,sgd,10,128,20000,0.05,0.9,0.0005,cuda,False,True,4,84,555,-0.2275964915752411
curriculum_hard,0,results_v3_main,results_v3_main,small_cnn,sgd,10,128,20000,0.05,0.9,0.0005,cuda,False,True,4,85,556,-0.11589386314153671
curriculum_hard,0,results_v3_main,results_v3_main,small_cnn,sgd,10,128,20000,0.05,0.9,0.0005,cuda,False,True,4,86,557,0.7459511756896973
curriculum_hard,0,results_v3_main,results_v3_main,small_cnn,sgd,10,128,20000,0.05,0.9,0.0005,cuda,False,True,4,87,558,0.4229274392127991
curriculum_hard,0,results_v3_main,results_v3_main,small_cnn,sgd,10,128,20000,0.05,0.9,0.0005,cuda,False,True,4,88,559,0.06439931690692902
curriculum_hard,0,results_v3_main,results_v3_main,small_cnn,sgd,10,128,20000,0.05,0.9,0.0005,cuda,False,True,4,89,560,0.42290520668029785
curriculum_hard,0,results_v3_main,results_v3_main,small_cnn,sgd,10,128,20000,0.05,0.9,0.0005,cuda,False,True,4,90,561,0.49554482102394104
curriculum_hard,0,results_v3_main,results_v3_main,small_cnn,sgd,10,128,20000,0.05,0.9,0.0005,cuda,False,True,4,91,562,0.09559256583452225
curriculum_hard,0,results_v3_main,results_v3_main,small_cnn,sgd,10,128,20000,0.05,0.9,0.0005,cuda,False,True,4,92,563,0.25372833013534546
curriculum_hard,0,results_v3_main,results_v3_main,small_cnn,sgd,10,128,20000,0.05,0.9,0.0005,cuda,False,True,4,93,564,0.3476247191429138
curriculum_hard,0,results_v3_main,results_v3_main,small_cnn,sgd,10,128,20000,0.05,0.9,0.0005,cuda,False,True,4,94,565,0.04865673929452896
curriculum_hard,0,results_v3_main,results_v3_main,small_cnn,sgd,10,128,20000,0.05,0.9,0.0005,cuda,False,True,4,95,566,0.1426762044429779
curriculum_hard,0,results_v3_main,results_v3_main,small_cnn,sgd,10,128,20000,0.05,0.9,0.0005,cuda,False,True,4,96,567,0.5143288969993591
curriculum_hard,0,results_v3_main,results_v3_main,small_cnn,sgd,10,128,20000,0.05,0.9,0.0005,cuda,False,True,4,97,568,0.06721772998571396
curriculum_hard,0,results_v3_main,results_v3_main,small_cnn,sgd,10,128,20000,0.05,0.9,0.0005,cuda,False,True,4,98,569,-0.07092197984457016
curriculum_hard,0,results_v3_main,results_v3_main,small_cnn,sgd,10,128,20000,0.05,0.9,0.0005,cuda,False,True,4,99,570,0.7589007019996643
curriculum_hard,0,results_v3_main,results_v3_main,small_cnn,sgd,10,128,20000,0.05,0.9,0.0005,cuda,False,True,4,100,571,0.0062362877652049065
curriculum_hard,0,results_v3_main,results_v3_main,small_cnn,sgd,10,128,20000,0.05,0.9,0.0005,cuda,False,True,4,101,572,-0.1417692005634308
curriculum_hard,0,results_v3_main,results_v3_main,small_cnn,sgd,10,128,20000,0.05,0.9,0.0005,cuda,False,True,4,102,573,-0.050762057304382324
curriculum_hard,0,results_v3_main,results_v3_main,small_cnn,sgd,10,128,20000,0.05,0.9,0.0005,cuda,False,True,4,103,574,0.3865540027618408
curriculum_hard,0,results_v3_main,results_v3_main,small_cnn,sgd,10,128,20000,0.05,0.9,0.0005,cuda,False,True,4,104,575,0.05642184615135193
curriculum_hard,0,results_v3_main,results_v3_main,small_cnn,sgd,10,128,20000,0.05,0.9,0.0005,cuda,False,True,4,105,576,0.21482889354228973
curriculum_hard,0,results_v3_main,results_v3_main,small_cnn,sgd,10,128,20000,0.05,0.9,0.0005,cuda,False,True,4,106,577,0.6262807250022888
curriculum_hard,0,results_v3_main,results_v3_main,small_cnn,sgd,10,128,20000,0.05,0.9,0.0005,cuda,False,True,4,107,578,-0.20247280597686768
curriculum_hard,0,results_v3_main,results_v3_main,small_cnn,sgd,10,128,20000,0.05,0.9,0.0005,cuda,False,True,4,108,579,0.5367680788040161
curriculum_hard,0,results_v3_main,results_v3_main,small_cnn,sgd,10,128,20000,0.05,0.9,0.0005,cuda,False,True,4,109,580,0.39773795008659363
curriculum_hard,0,results_v3_main,results_v3_main,small_cnn,sgd,10,128,20000,0.05,0.9,0.0005,cuda,False,True,4,110,581,0.2777283787727356
curriculum_hard,0,results_v3_main,results_v3_main,small_cnn,sgd,10,128,20000,0.05,0.9,0.0005,cuda,False,True,4,111,582,0.018850356340408325
curriculum_hard,0,results_v3_main,results_v3_main,small_cnn,sgd,10,128,20000,0.05,0.9,0.0005,cuda,False,True,4,112,583,-0.2862465977668762
curriculum_hard,0,results_v3_main,results_v3_main,small_cnn,sgd,10,128,20000,0.05,0.9,0.0005,cuda,False,True,4,113,584,0.4059476852416992
curriculum_hard,0,results_v3_main,results_v3_main,small_cnn,sgd,10,128,20000,0.05,0.9,0.0005,cuda,False,True,4,114,585,0.6137465834617615
curriculum_hard,0,results_v3_main,results_v3_main,small_cnn,sgd,10,128,20000,0.05,0.9,0.0005,cuda,False,True,4,115,586,0.7064391374588013
curriculum_hard,0,results_v3_main,results_v3_main,small_cnn,sgd,10,128,20000,0.05,0.9,0.0005,cuda,False,True,4,116,587,0.4609801173210144
curriculum_hard,0,results_v3_main,results_v3_main,small_cnn,sgd,10,128,20000,0.05,0.9,0.0005,cuda,False,True,4,117,588,0.5392579436302185
curriculum_hard,0,results_v3_main,results_v3_main,small_cnn,sgd,10,128,20000,0.05,0.9,0.0005,cuda,False,True,4,118,589,-0.13799862563610077
curriculum_hard,0,results_v3_main,results_v3_main,small_cnn,sgd,10,128,20000,0.05,0.9,0.0005,cuda,False,True,4,119,590,0.7055011987686157
curriculum_hard,0,results_v3_main,results_v3_main,small_cnn,sgd,10,128,20000,0.05,0.9,0.0005,cuda,False,True,4,120,591,0.6908127665519714
curriculum_hard,0,results_v3_main,results_v3_main,small_cnn,sgd,10,128,20000,0.05,0.9,0.0005,cuda,False,True,4,121,592,0.056460510939359665
curriculum_hard,0,results_v3_main,results_v3_main,small_cnn,sgd,10,128,20000,0.05,0.9,0.0005,cuda,False,True,4,122,593,-0.3190611004829407
curriculum_hard,0,results_v3_main,results_v3_main,small_cnn,sgd,10,128,20000,0.05,0.9,0.0005,cuda,False,True,4,123,594,-0.16816502809524536
curriculum_hard,0,results_v3_main,results_v3_main,small_cnn,sgd,10,128,20000,0.05,0.9,0.0005,cuda,False,True,4,124,595,-0.227338045835495
curriculum_hard,0,results_v3_main,results_v3_main,small_cnn,sgd,10,128,20000,0.05,0.9,0.0005,cuda,False,True,4,125,596,0.5538569688796997
curriculum_hard,0,results_v3_main,results_v3_main,small_cnn,sgd,10,128,20000,0.05,0.9,0.0005,cuda,False,True,4,126,597,0.585933268070221
curriculum_hard,0,results_v3_main,results_v3_main,small_cnn,sgd,10,128,20000,0.05,0.9,0.0005,cuda,False,True,4,127,598,0.13039946556091309
curriculum_hard,0,results_v3_main,results_v3_main,small_cnn,sgd,10,128,20000,0.05,0.9,0.0005,cuda,False,True,4,128,599,0.29734551906585693
curriculum_hard,0,results_v3_main,results_v3_main,small_cnn,sgd,10,128,20000,0.05,0.9,0.0005,cuda,False,True,4,129,600,0.1555890440940857
curriculum_hard,0,results_v3_main,results_v3_main,small_cnn,sgd,10,128,20000,0.05,0.9,0.0005,cuda,False,True,4,130,601,0.4700814485549927
curriculum_hard,0,results_v3_main,results_v3_main,small_cnn,sgd,10,128,20000,0.05,0.9,0.0005,cuda,False,True,4,131,602,0.5178642272949219
curriculum_hard,0,results_v3_main,results_v3_main,small_cnn,sgd,10,128,20000,0.05,0.9,0.0005,cuda,False,True,4,132,603,0.439849317073822
curriculum_hard,0,results_v3_main,results_v3_main,small_cnn,sgd,10,128,20000,0.05,0.9,0.0005,cuda,False,True,4,133,604,0.8838387727737427
curriculum_hard,0,results_v3_main,results_v3_main,small_cnn,sgd,10,128,20000,0.05,0.9,0.0005,cuda,False,True,4,134,605,0.435278058052063
curriculum_hard,0,results_v3_main,results_v3_main,small_cnn,sgd,10,128,20000,0.05,0.9,0.0005,cuda,False,True,4,135,606,0.35483884811401367
curriculum_hard,0,results_v3_main,results_v3_main,small_cnn,sgd,10,128,20000,0.05,0.9,0.0005,cuda,False,True,4,136,607,-0.1152404397726059
curriculum_hard,0,results_v3_main,results_v3_main,small_cnn,sgd,10,128,20000,0.05,0.9,0.0005,cuda,False,True,4,137,608,0.41481316089630127
curriculum_hard,0,results_v3_main,results_v3_main,small_cnn,sgd,10,128,20000,0.05,0.9,0.0005,cuda,False,True,4,138,609,0.526198148727417
curriculum_hard,0,results_v3_main,results_v3_main,small_cnn,sgd,10,128,20000,0.05,0.9,0.0005,cuda,False,True,4,139,610,0.4697585105895996
curriculum_hard,0,results_v3_main,results_v3_main,small_cnn,sgd,10,128,20000,0.05,0.9,0.0005,cuda,False,True,4,140,611,0.31442609429359436
curriculum_hard,0,results_v3_main,results_v3_main,small_cnn,sgd,10,128,20000,0.05,0.9,0.0005,cuda,False,True,4,141,612,-0.00038468465209007263
curriculum_hard,0,results_v3_main,results_v3_main,small_cnn,sgd,10,128,20000,0.05,0.9,0.0005,cuda,False,True,4,142,613,0.3145630359649658
curriculum_hard,0,results_v3_main,results_v3_main,small_cnn,sgd,10,128,20000,0.05,0.9,0.0005,cuda,False,True,4,143,614,-0.7411091327667236
curriculum_hard,0,results_v3_main,results_v3_main,small_cnn,sgd,10,128,20000,0.05,0.9,0.0005,cuda,False,True,4,144,615,0.6480358242988586
curriculum_hard,0,results_v3_main,results_v3_main,small_cnn,sgd,10,128,20000,0.05,0.9,0.0005,cuda,False,True,4,145,616,0.738675057888031
curriculum_hard,0,results_v3_main,results_v3_main,small_cnn,sgd,10,128,20000,0.05,0.9,0.0005,cuda,False,True,4,146,617,-0.2931389808654785
curriculum_hard,0,results_v3_main,results_v3_main,small_cnn,sgd,10,128,20000,0.05,0.9,0.0005,cuda,False,True,4,147,618,-0.20952627062797546
curriculum_hard,0,results_v3_main,results_v3_main,small_cnn,sgd,10,128,20000,0.05,0.9,0.0005,cuda,False,True,4,148,619,0.5523812770843506
curriculum_hard,0,results_v3_main,results_v3_main,small_cnn,sgd,10,128,20000,0.05,0.9,0.0005,cuda,False,True,4,149,620,0.6839745044708252
curriculum_hard,0,results_v3_main,results_v3_main,small_cnn,sgd,10,128,20000,0.05,0.9,0.0005,cuda,False,True,4,150,621,0.5784775018692017
curriculum_hard,0,results_v3_main,results_v3_main,small_cnn,sgd,10,128,20000,0.05,0.9,0.0005,cuda,False,True,4,151,622,-0.1602695882320404
curriculum_hard,0,results_v3_main,results_v3_main,small_cnn,sgd,10,128,20000,0.05,0.9,0.0005,cuda,False,True,4,152,623,0.8435682654380798
curriculum_hard,0,results_v3_main,results_v3_main,small_cnn,sgd,10,128,20000,0.05,0.9,0.0005,cuda,False,True,4,153,624,0.812178909778595
curriculum_hard,0,results_v3_main,results_v3_main,small_cnn,sgd,10,128,20000,0.05,0.9,0.0005,cuda,False,True,4,154,625,-0.30128419399261475
curriculum_hard,0,results_v3_main,results_v3_main,small_cnn,sgd,10,128,20000,0.05,0.9,0.0005,cuda,False,True,4,155,626,0.3336922824382782
curriculum_hard,0,results_v3_main,results_v3_main,small_cnn,sgd,10,128,20000,0.05,0.9,0.0005,cuda,False,True,4,156,627,-0.09748908877372742
curriculum_hard,0,results_v3_main,results_v3_main,small_cnn,sgd,10,128,20000,0.05,0.9,0.0005,cuda,False,True,4,157,628,0.7144907712936401
curriculum_hard,0,results_v3_main,results_v3_main,small_cnn,sgd,10,128,20000,0.05,0.9,0.0005,cuda,False,True,5,1,629,-0.08812125772237778
curriculum_hard,0,results_v3_main,results_v3_main,small_cnn,sgd,10,128,20000,0.05,0.9,0.0005,cuda,False,True,5,2,630,0.01170002669095993
curriculum_hard,0,results_v3_main,results_v3_main,small_cnn,sgd,10,128,20000,0.05,0.9,0.0005,cuda,False,True,5,3,631,0.6097760200500488
curriculum_hard,0,results_v3_main,results_v3_main,small_cnn,sgd,10,128,20000,0.05,0.9,0.0005,cuda,False,True,5,4,632,0.5096109509468079
curriculum_hard,0,results_v3_main,results_v3_main,small_cnn,sgd,10,128,20000,0.05,0.9,0.0005,cuda,False,True,5,5,633,0.24118873476982117
curriculum_hard,0,results_v3_main,results_v3_main,small_cnn,sgd,10,128,20000,0.05,0.9,0.0005,cuda,False,True,5,6,634,0.5717247724533081
curriculum_hard,0,results_v3_main,results_v3_main,small_cnn,sgd,10,128,20000,0.05,0.9,0.0005,cuda,False,True,5,7,635,0.6158301830291748
curriculum_hard,0,results_v3_main,results_v3_main,small_cnn,sgd,10,128,20000,0.05,0.9,0.0005,cuda,False,True,5,8,636,0.4203369617462158
curriculum_hard,0,results_v3_main,results_v3_main,small_cnn,sgd,10,128,20000,0.05,0.9,0.0005,cuda,False,True,5,9,637,0.36470019817352295
curriculum_hard,0,results_v3_main,results_v3_main,small_cnn,sgd,10,128,20000,0.05,0.9,0.0005,cuda,False,True,5,10,638,0.2909306287765503
curriculum_hard,0,results_v3_main,results_v3_main,small_cnn,sgd,10,128,20000,0.05,0.9,0.0005,cuda,False,True,5,11,639,0.01696673035621643
curriculum_hard,0,results_v3_main,results_v3_main,small_cnn,sgd,10,128,20000,0.05,0.9,0.0005,cuda,False,True,5,12,640,0.2170613557100296
curriculum_hard,0,results_v3_main,results_v3_main,small_cnn,sgd,10,128,20000,0.05,0.9,0.0005,cuda,False,True,5,13,641,0.4395042657852173
curriculum_hard,0,results_v3_main,results_v3_main,small_cnn,sgd,10,128,20000,0.05,0.9,0.0005,cuda,False,True,5,14,642,0.40096229314804077
curriculum_hard,0,results_v3_main,results_v3_main,small_cnn,sgd,10,128,20000,0.05,0.9,0.0005,cuda,False,True,5,15,643,0.37461057305336
curriculum_hard,0,results_v3_main,results_v3_main,small_cnn,sgd,10,128,20000,0.05,0.9,0.0005,cuda,False,True,5,16,644,0.5391052961349487
curriculum_hard,0,results_v3_main,results_v3_main,small_cnn,sgd,10,128,20000,0.05,0.9,0.0005,cuda,False,True,5,17,645,0.2115752249956131
curriculum_hard,0,results_v3_main,results_v3_main,small_cnn,sgd,10,128,20000,0.05,0.9,0.0005,cuda,False,True,5,18,646,0.4206320643424988
curriculum_hard,0,results_v3_main,results_v3_main,small_cnn,sgd,10,128,20000,0.05,0.9,0.0005,cuda,False,True,5,19,647,0.42431893944740295
curriculum_hard,0,results_v3_main,results_v3_main,small_cnn,sgd,10,128,20000,0.05,0.9,0.0005,cuda,False,True,5,20,648,0.6012746691703796
curriculum_hard,0,results_v3_main,results_v3_main,small_cnn,sgd,10,128,20000,0.05,0.9,0.0005,cuda,False,True,5,21,649,0.2954111695289612
curriculum_hard,0,results_v3_main,results_v3_main,small_cnn,sgd,10,128,20000,0.05,0.9,0.0005,cuda,False,True,5,22,650,0.11252930760383606
curriculum_hard,0,results_v3_main,results_v3_main,small_cnn,sgd,10,128,20000,0.05,0.9,0.0005,cuda,False,True,5,23,651,0.3618371784687042
curriculum_hard,0,results_v3_main,results_v3_main,small_cnn,sgd,10,128,20000,0.05,0.9,0.0005,cuda,False,True,5,24,652,0.39314061403274536
curriculum_hard,0,results_v3_main,results_v3_main,small_cnn,sgd,10,128,20000,0.05,0.9,0.0005,cuda,False,True,5,25,653,0.15338939428329468
curriculum_hard,0,results_v3_main,results_v3_main,small_cnn,sgd,10,128,20000,0.05,0.9,0.0005,cuda,False,True,5,26,654,0.027742743492126465
curriculum_hard,0,results_v3_main,results_v3_main,small_cnn,sgd,10,128,20000,0.05,0.9,0.0005,cuda,False,True,5,27,655,0.006298545747995377
curriculum_hard,0,results_v3_main,results_v3_main,small_cnn,sgd,10,128,20000,0.05,0.9,0.0005,cuda,False,True,5,28,656,0.370667040348053
curriculum_hard,0,results_v3_main,results_v3_main,small_cnn,sgd,10,128,20000,0.05,0.9,0.0005,cuda,False,True,5,29,657,0.23668746650218964
curriculum_hard,0,results_v3_main,results_v3_main,small_cnn,sgd,10,128,20000,0.05,0.9,0.0005,cuda,False,True,5,30,658,0.2334498167037964
curriculum_hard,0,results_v3_main,results_v3_main,small_cnn,sgd,10,128,20000,0.05,0.9,0.0005,cuda,False,True,5,31,659,0.35668379068374634
curriculum_hard,0,results_v3_main,results_v3_main,small_cnn,sgd,10,128,20000,0.05,0.9,0.0005,cuda,False,True,5,32,660,0.3801213502883911
curriculum_hard,0,results_v3_main,results_v3_main,small_cnn,sgd,10,128,20000,0.05,0.9,0.0005,cuda,False,True,5,33,661,0.05748240649700165
curriculum_hard,0,results_v3_main,results_v3_main,small_cnn,sgd,10,128,20000,0.05,0.9,0.0005,cuda,False,True,5,34,662,0.04412192851305008
curriculum_hard,0,results_v3_main,results_v3_main,small_cnn,sgd,10,128,20000,0.05,0.9,0.0005,cuda,False,True,5,35,663,0.21316492557525635
curriculum_hard,0,results_v3_main,results_v3_main,small_cnn,sgd,10,128,20000,0.05,0.9,0.0005,cuda,False,True,5,36,664,0.1708458811044693
curriculum_hard,0,results_v3_main,results_v3_main,small_cnn,sgd,10,128,20000,0.05,0.9,0.0005,cuda,False,True,5,37,665,0.18871334195137024
curriculum_hard,0,results_v3_main,results_v3_main,small_cnn,sgd,10,128,20000,0.05,0.9,0.0005,cuda,False,True,5,38,666,0.08639880269765854
curriculum_hard,0,results_v3_main,results_v3_main,small_cnn,sgd,10,128,20000,0.05,0.9,0.0005,cuda,False,True,5,39,667,0.3655889630317688
curriculum_hard,0,results_v3_main,results_v3_main,small_cnn,sgd,10,128,20000,0.05,0.9,0.0005,cuda,False,True,5,40,668,0.09958353638648987
curriculum_hard,0,results_v3_main,results_v3_main,small_cnn,sgd,10,128,20000,0.05,0.9,0.0005,cuda,False,True,5,41,669,-0.34282186627388
curriculum_hard,0,results_v3_main,results_v3_main,small_cnn,sgd,10,128,20000,0.05,0.9,0.0005,cuda,False,True,5,42,670,0.39617788791656494
curriculum_hard,0,results_v3_main,results_v3_main,small_cnn,sgd,10,128,20000,0.05,0.9,0.0005,cuda,False,True,5,43,671,-0.2116651087999344
curriculum_hard,0,results_v3_main,results_v3_main,small_cnn,sgd,10,128,20000,0.05,0.9,0.0005,cuda,False,True,5,44,672,0.06508530676364899
curriculum_hard,0,results_v3_main,results_v3_main,small_cnn,sgd,10,128,20000,0.05,0.9,0.0005,cuda,False,True,5,45,673,0.31456512212753296
curriculum_hard,0,results_v3_main,results_v3_main,small_cnn,sgd,10,128,20000,0.05,0.9,0.0005,cuda,False,True,5,46,674,-0.12464097142219543
curriculum_hard,0,results_v3_main,results_v3_main,small_cnn,sgd,10,128,20000,0.05,0.9,0.0005,cuda,False,True,5,47,675,-0.07913002371788025
curriculum_hard,0,results_v3_main,results_v3_main,small_cnn,sgd,10,128,20000,0.05,0.9,0.0005,cuda,False,True,5,48,676,0.558533251285553
curriculum_hard,0,results_v3_main,results_v3_main,small_cnn,sgd,10,128,20000,0.05,0.9,0.0005,cuda,False,True,5,49,677,-0.11403901129961014
curriculum_hard,0,results_v3_main,results_v3_main,small_cnn,sgd,10,128,20000,0.05,0.9,0.0005,cuda,False,True,5,50,678,0.12959618866443634
curriculum_hard,0,results_v3_main,results_v3_main,small_cnn,sgd,10,128,20000,0.05,0.9,0.0005,cuda,False,True,5,51,679,0.5135722160339355
curriculum_hard,0,results_v3_main,results_v3_main,small_cnn,sgd,10,128,20000,0.05,0.9,0.0005,cuda,False,True,5,52,680,-0.17128971219062805
curriculum_hard,0,results_v3_main,results_v3_main,small_cnn,sgd,10,128,20000,0.05,0.9,0.0005,cuda,False,True,5,53,681,0.4595452845096588
curriculum_hard,0,results_v3_main,results_v3_main,small_cnn,sgd,10,128,20000,0.05,0.9,0.0005,cuda,False,True,5,54,682,0.46319130063056946
curriculum_hard,0,results_v3_main,results_v3_main,small_cnn,sgd,10,128,20000,0.05,0.9,0.0005,cuda,False,True,5,55,683,0.37009987235069275
curriculum_hard,0,results_v3_main,results_v3_main,small_cnn,sgd,10,128,20000,0.05,0.9,0.0005,cuda,False,True,5,56,684,-0.17697909474372864
curriculum_hard,0,results_v3_main,results_v3_main,small_cnn,sgd,10,128,20000,0.05,0.9,0.0005,cuda,False,True,5,57,685,0.3322807550430298
curriculum_hard,0,results_v3_main,results_v3_main,small_cnn,sgd,10,128,20000,0.05,0.9,0.0005,cuda,False,True,5,58,686,0.41276735067367554
curriculum_hard,0,results_v3_main,results_v3_main,small_cnn,sgd,10,128,20000,0.05,0.9,0.0005,cuda,False,True,5,59,687,0.6308799982070923
curriculum_hard,0,results_v3_main,results_v3_main,small_cnn,sgd,10,128,20000,0.05,0.9,0.0005,cuda,False,True,5,60,688,-0.06213144585490227
curriculum_hard,0,results_v3_main,results_v3_main,small_cnn,sgd,10,128,20000,0.05,0.9,0.0005,cuda,False,True,5,61,689,0.4860461950302124
curriculum_hard,0,results_v3_main,results_v3_main,small_cnn,sgd,10,128,20000,0.05,0.9,0.0005,cuda,False,True,5,62,690,-0.005311725661158562
curriculum_hard,0,results_v3_main,results_v3_main,small_cnn,sgd,10,128,20000,0.05,0.9,0.0005,cuda,False,True,5,63,691,0.4325191378593445
curriculum_hard,0,results_v3_main,results_v3_main,small_cnn,sgd,10,128,20000,0.05,0.9,0.0005,cuda,False,True,5,64,692,0.6926308870315552
curriculum_hard,0,results_v3_main,results_v3_main,small_cnn,sgd,10,128,20000,0.05,0.9,0.0005,cuda,False,True,5,65,693,0.29695597290992737
curriculum_hard,0,results_v3_main,results_v3_main,small_cnn,sgd,10,128,20000,0.05,0.9,0.0005,cuda,False,True,5,66,694,0.06291195005178452
curriculum_hard,0,results_v3_main,results_v3_main,small_cnn,sgd,10,128,20000,0.05,0.9,0.0005,cuda,False,True,5,67,695,0.34830254316329956
curriculum_hard,0,results_v3_main,results_v3_main,small_cnn,sgd,10,128,20000,0.05,0.9,0.0005,cuda,False,True,5,68,696,0.37725913524627686
curriculum_hard,0,results_v3_main,results_v3_main,small_cnn,sgd,10,128,20000,0.05,0.9,0.0005,cuda,False,True,5,69,697,0.6698126792907715
curriculum_hard,0,results_v3_main,results_v3_main,small_cnn,sgd,10,128,20000,0.05,0.9,0.0005,cuda,False,True,5,70,698,0.10105403512716293
curriculum_hard,0,results_v3_main,results_v3_main,small_cnn,sgd,10,128,20000,0.05,0.9,0.0005,cuda,False,True,5,71,699,0.3858110308647156
curriculum_hard,0,results_v3_main,results_v3_main,small_cnn,sgd,10,128,20000,0.05,0.9,0.0005,cuda,False,True,5,72,700,-0.23678293824195862
curriculum_hard,0,results_v3_main,results_v3_main,small_cnn,sgd,10,128,20000,0.05,0.9,0.0005,cuda,False,True,5,73,701,0.5583932399749756
curriculum_hard,0,results_v3_main,results_v3_main,small_cnn,sgd,10,128,20000,0.05,0.9,0.0005,cuda,False,True,5,74,702,0.5115934014320374
curriculum_hard,0,results_v3_main,results_v3_main,small_cnn,sgd,10,128,20000,0.05,0.9,0.0005,cuda,False,True,5,75,703,-0.07093428075313568
curriculum_hard,0,results_v3_main,results_v3_main,small_cnn,sgd,10,128,20000,0.05,0.9,0.0005,cuda,False,True,5,76,704,0.09889093786478043
curriculum_hard,0,results_v3_main,results_v3_main,small_cnn,sgd,10,128,20000,0.05,0.9,0.0005,cuda,False,True,5,77,705,0.09038202464580536
curriculum_hard,0,results_v3_main,results_v3_main,small_cnn,sgd,10,128,20000,0.05,0.9,0.0005,cuda,False,True,5,78,706,0.4483166038990021
curriculum_hard,0,results_v3_main,results_v3_main,small_cnn,sgd,10,128,20000,0.05,0.9,0.0005,cuda,False,True,5,79,707,0.4671240746974945
curriculum_hard,0,results_v3_main,results_v3_main,small_cnn,sgd,10,128,20000,0.05,0.9,0.0005,cuda,False,True,5,80,708,0.39335575699806213
curriculum_hard,0,results_v3_main,results_v3_main,small_cnn,sgd,10,128,20000,0.05,0.9,0.0005,cuda,False,True,5,81,709,0.5471459031105042
curriculum_hard,0,results_v3_main,results_v3_main,small_cnn,sgd,10,128,20000,0.05,0.9,0.0005,cuda,False,True,5,82,710,0.6095030903816223
curriculum_hard,0,results_v3_main,results_v3_main,small_cnn,sgd,10,128,20000,0.05,0.9,0.0005,cuda,False,True,5,83,711,0.4557912349700928
curriculum_hard,0,results_v3_main,results_v3_main,small_cnn,sgd,10,128,20000,0.05,0.9,0.0005,cuda,False,True,5,84,712,0.5578728914260864
curriculum_hard,0,results_v3_main,results_v3_main,small_cnn,sgd,10,128,20000,0.05,0.9,0.0005,cuda,False,True,5,85,713,-0.4486185312271118
curriculum_hard,0,results_v3_main,results_v3_main,small_cnn,sgd,10,128,20000,0.05,0.9,0.0005,cuda,False,True,5,86,714,0.6862366199493408
curriculum_hard,0,results_v3_main,results_v3_main,small_cnn,sgd,10,128,20000,0.05,0.9,0.0005,cuda,False,True,5,87,715,0.5558836460113525
curriculum_hard,0,results_v3_main,results_v3_main,small_cnn,sgd,10,128,20000,0.05,0.9,0.0005,cuda,False,True,5,88,716,0.6329144835472107
curriculum_hard,0,results_v3_main,results_v3_main,small_cnn,sgd,10,128,20000,0.05,0.9,0.0005,cuda,False,True,5,89,717,-0.0019035860896110535
curriculum_hard,0,results_v3_main,results_v3_main,small_cnn,sgd,10,128,20000,0.05,0.9,0.0005,cuda,False,True,5,90,718,-0.10475365817546844
curriculum_hard,0,results_v3_main,results_v3_main,small_cnn,sgd,10,128,20000,0.05,0.9,0.0005,cuda,False,True,5,91,719,0.40213966369628906
curriculum_hard,0,results_v3_main,results_v3_main,small_cnn,sgd,10,128,20000,0.05,0.9,0.0005,cuda,False,True,5,92,720,0.005151319317519665
curriculum_hard,0,results_v3_main,results_v3_main,small_cnn,sgd,10,128,20000,0.05,0.9,0.0005,cuda,False,True,5,93,721,-0.040811799466609955
curriculum_hard,0,results_v3_main,results_v3_main,small_cnn,sgd,10,128,20000,0.05,0.9,0.0005,cuda,False,True,5,94,722,0.31806114315986633
curriculum_hard,0,results_v3_main,results_v3_main,small_cnn,sgd,10,128,20000,0.05,0.9,0.0005,cuda,False,True,5,95,723,0.0027102679014205933
curriculum_hard,0,results_v3_main,results_v3_main,small_cnn,sgd,10,128,20000,0.05,0.9,0.0005,cuda,False,True,5,96,724,0.33868834376335144
curriculum_hard,0,results_v3_main,results_v3_main,small_cnn,sgd,10,128,20000,0.05,0.9,0.0005,cuda,False,True,5,97,725,0.3359432816505432
curriculum_hard,0,results_v3_main,results_v3_main,small_cnn,sgd,10,128,20000,0.05,0.9,0.0005,cuda,False,True,5,98,726,-0.5043914318084717
curriculum_hard,0,results_v3_main,results_v3_main,small_cnn,sgd,10,128,20000,0.05,0.9,0.0005,cuda,False,True,5,99,727,0.42492908239364624
curriculum_hard,0,results_v3_main,results_v3_main,small_cnn,sgd,10,128,20000,0.05,0.9,0.0005,cuda,False,True,5,100,728,-0.05877238139510155
curriculum_hard,0,results_v3_main,results_v3_main,small_cnn,sgd,10,128,20000,0.05,0.9,0.0005,cuda,False,True,5,101,729,-0.11629530042409897
curriculum_hard,0,results_v3_main,results_v3_main,small_cnn,sgd,10,128,20000,0.05,0.9,0.0005,cuda,False,True,5,102,730,-0.1309015154838562
curriculum_hard,0,results_v3_main,results_v3_main,small_cnn,sgd,10,128,20000,0.05,0.9,0.0005,cuda,False,True,5,103,731,-0.28772518038749695
curriculum_hard,0,results_v3_main,results_v3_main,small_cnn,sgd,10,128,20000,0.05,0.9,0.0005,cuda,False,True,5,104,732,0.23497384786605835
curriculum_hard,0,results_v3_main,results_v3_main,small_cnn,sgd,10,128,20000,0.05,0.9,0.0005,cuda,False,True,5,105,733,-0.041752889752388
curriculum_hard,0,results_v3_main,results_v3_main,small_cnn,sgd,10,128,20000,0.05,0.9,0.0005,cuda,False,True,5,106,734,0.5059080123901367
curriculum_hard,0,results_v3_main,results_v3_main,small_cnn,sgd,10,128,20000,0.05,0.9,0.0005,cuda,False,True,5,107,735,-0.25589415431022644
curriculum_hard,0,results_v3_main,results_v3_main,small_cnn,sgd,10,128,20000,0.05,0.9,0.0005,cuda,False,True,5,108,736,0.5574401617050171
curriculum_hard,0,results_v3_main,results_v3_main,small_cnn,sgd,10,128,20000,0.05,0.9,0.0005,cuda,False,True,5,109,737,0.5705509185791016
curriculum_hard,0,results_v3_main,results_v3_main,small_cnn,sgd,10,128,20000,0.05,0.9,0.0005,cuda,False,True,5,110,738,0.3650934100151062
curriculum_hard,0,results_v3_main,results_v3_main,small_cnn,sgd,10,128,20000,0.05,0.9,0.0005,cuda,False,True,5,111,739,0.27897918224334717
curriculum_hard,0,results_v3_main,results_v3_main,small_cnn,sgd,10,128,20000,0.05,0.9,0.0005,cuda,False,True,5,112,740,-0.227587029337883
curriculum_hard,0,results_v3_main,results_v3_main,small_cnn,sgd,10,128,20000,0.05,0.9,0.0005,cuda,False,True,5,113,741,0.3391008675098419
curriculum_hard,0,results_v3_main,results_v3_main,small_cnn,sgd,10,128,20000,0.05,0.9,0.0005,cuda,False,True,5,114,742,0.5826309323310852
curriculum_hard,0,results_v3_main,results_v3_main,small_cnn,sgd,10,128,20000,0.05,0.9,0.0005,cuda,False,True,5,115,743,0.5525848865509033
curriculum_hard,0,results_v3_main,results_v3_main,small_cnn,sgd,10,128,20000,0.05,0.9,0.0005,cuda,False,True,5,116,744,0.5354078412055969
curriculum_hard,0,results_v3_main,results_v3_main,small_cnn,sgd,10,128,20000,0.05,0.9,0.0005,cuda,False,True,5,117,745,0.5561014413833618
curriculum_hard,0,results_v3_main,results_v3_main,small_cnn,sgd,10,128,20000,0.05,0.9,0.0005,cuda,False,True,5,118,746,-0.17848627269268036
curriculum_hard,0,results_v3_main,results_v3_main,small_cnn,sgd,10,128,20000,0.05,0.9,0.0005,cuda,False,True,5,119,747,0.6295785307884216
curriculum_hard,0,results_v3_main,results_v3_main,small_cnn,sgd,10,128,20000,0.05,0.9,0.0005,cuda,False,True,5,120,748,0.6431987285614014
curriculum_hard,0,results_v3_main,results_v3_main,small_cnn,sgd,10,128,20000,0.05,0.9,0.0005,cuda,False,True,5,121,749,-0.06761474162340164
curriculum_hard,0,results_v3_main,results_v3_main,small_cnn,sgd,10,128,20000,0.05,0.9,0.0005,cuda,False,True,5,122,750,-0.30574512481689453
curriculum_hard,0,results_v3_main,results_v3_main,small_cnn,sgd,10,128,20000,0.05,0.9,0.0005,cuda,False,True,5,123,751,-0.17597642540931702
curriculum_hard,0,results_v3_main,results_v3_main,small_cnn,sgd,10,128,20000,0.05,0.9,0.0005,cuda,False,True,5,124,752,-0.331559419631958
curriculum_hard,0,results_v3_main,results_v3_main,small_cnn,sgd,10,128,20000,0.05,0.9,0.0005,cuda,False,True,5,125,753,0.056746773421764374
curriculum_hard,0,results_v3_main,results_v3_main,small_cnn,sgd,10,128,20000,0.05,0.9,0.0005,cuda,False,True,5,126,754,0.26958733797073364
curriculum_hard,0,results_v3_main,results_v3_main,small_cnn,sgd,10,128,20000,0.05,0.9,0.0005,cuda,False,True,5,127,755,0.3940761089324951
curriculum_hard,0,results_v3_main,results_v3_main,small_cnn,sgd,10,128,20000,0.05,0.9,0.0005,cuda,False,True,5,128,756,0.3359071910381317
curriculum_hard,0,results_v3_main,results_v3_main,small_cnn,sgd,10,128,20000,0.05,0.9,0.0005,cuda,False,True,5,129,757,-0.09157928824424744
curriculum_hard,0,results_v3_main,results_v3_main,small_cnn,sgd,10,128,20000,0.05,0.9,0.0005,cuda,False,True,5,130,758,0.5396708846092224
curriculum_hard,0,results_v3_main,results_v3_main,small_cnn,sgd,10,128,20000,0.05,0.9,0.0005,cuda,False,True,5,131,759,0.5942800045013428
curriculum_hard,0,results_v3_main,results_v3_main,small_cnn,sgd,10,128,20000,0.05,0.9,0.0005,cuda,False,True,5,132,760,0.18467620015144348
curriculum_hard,0,results_v3_main,results_v3_main,small_cnn,sgd,10,128,20000,0.05,0.9,0.0005,cuda,False,True,5,133,761,0.6612533330917358
curriculum_hard,0,results_v3_main,results_v3_main,small_cnn,sgd,10,128,20000,0.05,0.9,0.0005,cuda,False,True,5,134,762,-0.14951148629188538
curriculum_hard,0,results_v3_main,results_v3_main,small_cnn,sgd,10,128,20000,0.05,0.9,0.0005,cuda,False,True,5,135,763,0.7119910717010498
curriculum_hard,0,results_v3_main,results_v3_main,small_cnn,sgd,10,128,20000,0.05,0.9,0.0005,cuda,False,True,5,136,764,0.05376683175563812
curriculum_hard,0,results_v3_main,results_v3_main,small_cnn,sgd,10,128,20000,0.05,0.9,0.0005,cuda,False,True,5,137,765,0.282442569732666
curriculum_hard,0,results_v3_main,results_v3_main,small_cnn,sgd,10,128,20000,0.05,0.9,0.0005,cuda,False,True,5,138,766,0.47048524022102356
curriculum_hard,0,results_v3_main,results_v3_main,small_cnn,sgd,10,128,20000,0.05,0.9,0.0005,cuda,False,True,5,139,767,0.3194601237773895
curriculum_hard,0,results_v3_main,results_v3_main,small_cnn,sgd,10,128,20000,0.05,0.9,0.0005,cuda,False,True,5,140,768,0.2925420105457306
curriculum_hard,0,results_v3_main,results_v3_main,small_cnn,sgd,10,128,20000,0.05,0.9,0.0005,cuda,False,True,5,141,769,-0.09195289015769958
curriculum_hard,0,results_v3_main,results_v3_main,small_cnn,sgd,10,128,20000,0.05,0.9,0.0005,cuda,False,True,5,142,770,0.1610977053642273
curriculum_hard,0,results_v3_main,results_v3_main,small_cnn,sgd,10,128,20000,0.05,0.9,0.0005,cuda,False,True,5,143,771,-0.6110036969184875
curriculum_hard,0,results_v3_main,results_v3_main,small_cnn,sgd,10,128,20000,0.05,0.9,0.0005,cuda,False,True,5,144,772,0.18679121136665344
curriculum_hard,0,results_v3_main,results_v3_main,small_cnn,sgd,10,128,20000,0.05,0.9,0.0005,cuda,False,True,5,145,773,0.41609540581703186
curriculum_hard,0,results_v3_main,results_v3_main,small_cnn,sgd,10,128,20000,0.05,0.9,0.0005,cuda,False,True,5,146,774,-0.33149969577789307
curriculum_hard,0,results_v3_main,results_v3_main,small_cnn,sgd,10,128,20000,0.05,0.9,0.0005,cuda,False,True,5,147,775,-0.4079095125198364
curriculum_hard,0,results_v3_main,results_v3_main,small_cnn,sgd,10,128,20000,0.05,0.9,0.0005,cuda,False,True,5,148,776,0.70088791847229
curriculum_hard,0,results_v3_main,results_v3_main,small_cnn,sgd,10,128,20000,0.05,0.9,0.0005,cuda,False,True,5,149,777,0.664483368396759
curriculum_hard,0,results_v3_main,results_v3_main,small_cnn,sgd,10,128,20000,0.05,0.9,0.0005,cuda,False,True,5,150,778,0.534424901008606
curriculum_hard,0,results_v3_main,results_v3_main,small_cnn,sgd,10,128,20000,0.05,0.9,0.0005,cuda,False,True,5,151,779,-0.2610741853713989
curriculum_hard,0,results_v3_main,results_v3_main,small_cnn,sgd,10,128,20000,0.05,0.9,0.0005,cuda,False,True,5,152,780,0.8269548416137695
curriculum_hard,0,results_v3_main,results_v3_main,small_cnn,sgd,10,128,20000,0.05,0.9,0.0005,cuda,False,True,5,153,781,0.8066245317459106
curriculum_hard,0,results_v3_main,results_v3_main,small_cnn,sgd,10,128,20000,0.05,0.9,0.0005,cuda,False,True,5,154,782,-0.07977211475372314
curriculum_hard,0,results_v3_main,results_v3_main,small_cnn,sgd,10,128,20000,0.05,0.9,0.0005,cuda,False,True,5,155,783,0.20207394659519196
curriculum_hard,0,results_v3_main,results_v3_main,small_cnn,sgd,10,128,20000,0.05,0.9,0.0005,cuda,False,True,5,156,784,0.2757328748703003
curriculum_hard,0,results_v3_main,results_v3_main,small_cnn,sgd,10,128,20000,0.05,0.9,0.0005,cuda,False,True,5,157,785,0.7126202583312988
curriculum_hard,0,results_v3_main,results_v3_main,small_cnn,sgd,10,128,20000,0.05,0.9,0.0005,cuda,False,True,6,1,786,-0.04507577419281006
curriculum_hard,0,results_v3_main,results_v3_main,small_cnn,sgd,10,128,20000,0.05,0.9,0.0005,cuda,False,True,6,2,787,0.2936137914657593
curriculum_hard,0,results_v3_main,results_v3_main,small_cnn,sgd,10,128,20000,0.05,0.9,0.0005,cuda,False,True,6,3,788,0.5045634508132935
curriculum_hard,0,results_v3_main,results_v3_main,small_cnn,sgd,10,128,20000,0.05,0.9,0.0005,cuda,False,True,6,4,789,0.2599220275878906
curriculum_hard,0,results_v3_main,results_v3_main,small_cnn,sgd,10,128,20000,0.05,0.9,0.0005,cuda,False,True,6,5,790,0.6216180324554443
curriculum_hard,0,results_v3_main,results_v3_main,small_cnn,sgd,10,128,20000,0.05,0.9,0.0005,cuda,False,True,6,6,791,0.7661420106887817
curriculum_hard,0,results_v3_main,results_v3_main,small_cnn,sgd,10,128,20000,0.05,0.9,0.0005,cuda,False,True,6,7,792,0.5032512545585632
curriculum_hard,0,results_v3_main,results_v3_main,small_cnn,sgd,10,128,20000,0.05,0.9,0.0005,cuda,False,True,6,8,793,0.7443950772285461
curriculum_hard,0,results_v3_main,results_v3_main,small_cnn,sgd,10,128,20000,0.05,0.9,0.0005,cuda,False,True,6,9,794,0.38382619619369507
curriculum_hard,0,results_v3_main,results_v3_main,small_cnn,sgd,10,128,20000,0.05,0.9,0.0005,cuda,False,True,6,10,795,0.29839083552360535
curriculum_hard,0,results_v3_main,results_v3_main,small_cnn,sgd,10,128,20000,0.05,0.9,0.0005,cuda,False,True,6,11,796,0.28129035234451294
curriculum_hard,0,results_v3_main,results_v3_main,small_cnn,sgd,10,128,20000,0.05,0.9,0.0005,cuda,False,True,6,12,797,0.31852859258651733
curriculum_hard,0,results_v3_main,results_v3_main,small_cnn,sgd,10,128,20000,0.05,0.9,0.0005,cuda,False,True,6,13,798,0.5037508606910706
curriculum_hard,0,results_v3_main,results_v3_main,small_cnn,sgd,10,128,20000,0.05,0.9,0.0005,cuda,False,True,6,14,799,0.3746919333934784
curriculum_hard,0,results_v3_main,results_v3_main,small_cnn,sgd,10,128,20000,0.05,0.9,0.0005,cuda,False,True,6,15,800,0.34899473190307617
curriculum_hard,0,results_v3_main,results_v3_main,small_cnn,sgd,10,128,20000,0.05,0.9,0.0005,cuda,False,True,6,16,801,0.2865602970123291
curriculum_hard,0,results_v3_main,results_v3_main,small_cnn,sgd,10,128,20000,0.05,0.9,0.0005,cuda,False,True,6,17,802,-0.13548731803894043
curriculum_hard,0,results_v3_main,results_v3_main,small_cnn,sgd,10,128,20000,0.05,0.9,0.0005,cuda,False,True,6,18,803,0.16768589615821838
curriculum_hard,0,results_v3_main,results_v3_main,small_cnn,sgd,10,128,20000,0.05,0.9,0.0005,cuda,False,True,6,19,804,0.1721661388874054
curriculum_hard,0,results_v3_main,results_v3_main,small_cnn,sgd,10,128,20000,0.05,0.9,0.0005,cuda,False,True,6,20,805,0.6257117390632629
curriculum_hard,0,results_v3_main,results_v3_main,small_cnn,sgd,10,128,20000,0.05,0.9,0.0005,cuda,False,True,6,21,806,0.37522584199905396
curriculum_hard,0,results_v3_main,results_v3_main,small_cnn,sgd,10,128,20000,0.05,0.9,0.0005,cuda,False,True,6,22,807,0.06298428773880005
curriculum_hard,0,results_v3_main,results_v3_main,small_cnn,sgd,10,128,20000,0.05,0.9,0.0005,cuda,False,True,6,23,808,0.1769751012325287
curriculum_hard,0,results_v3_main,results_v3_main,small_cnn,sgd,10,128,20000,0.05,0.9,0.0005,cuda,False,True,6,24,809,0.3729369640350342
curriculum_hard,0,results_v3_main,results_v3_main,small_cnn,sgd,10,128,20000,0.05,0.9,0.0005,cuda,False,True,6,25,810,0.3178574740886688
curriculum_hard,0,results_v3_main,results_v3_main,small_cnn,sgd,10,128,20000,0.05,0.9,0.0005,cuda,False,True,6,26,811,0.266903817653656
curriculum_hard,0,results_v3_main,results_v3_main,small_cnn,sgd,10,128,20000,0.05,0.9,0.0005,cuda,False,True,6,27,812,0.375970721244812
curriculum_hard,0,results_v3_main,results_v3_main,small_cnn,sgd,10,128,20000,0.05,0.9,0.0005,cuda,False,True,6,28,813,0.0457831546664238
curriculum_hard,0,results_v3_main,results_v3_main,small_cnn,sgd,10,128,20000,0.05,0.9,0.0005,cuda,False,True,6,29,814,0.2583581507205963
curriculum_hard,0,results_v3_main,results_v3_main,small_cnn,sgd,10,128,20000,0.05,0.9,0.0005,cuda,False,True,6,30,815,0.539145827293396
curriculum_hard,0,results_v3_main,results_v3_main,small_cnn,sgd,10,128,20000,0.05,0.9,0.0005,cuda,False,True,6,31,816,0.545626163482666
curriculum_hard,0,results_v3_main,results_v3_main,small_cnn,sgd,10,128,20000,0.05,0.9,0.0005,cuda,False,True,6,32,817,0.5396726131439209
curriculum_hard,0,results_v3_main,results_v3_main,small_cnn,sgd,10,128,20000,0.05,0.9,0.0005,cuda,False,True,6,33,818,0.10097861289978027
curriculum_hard,0,results_v3_main,results_v3_main,small_cnn,sgd,10,128,20000,0.05,0.9,0.0005,cuda,False,True,6,34,819,0.158181294798851
curriculum_hard,0,results_v3_main,results_v3_main,small_cnn,sgd,10,128,20000,0.05,0.9,0.0005,cuda,False,True,6,35,820,0.1353023201227188
curriculum_hard,0,results_v3_main,results_v3_main,small_cnn,sgd,10,128,20000,0.05,0.9,0.0005,cuda,False,True,6,36,821,0.1329304724931717
curriculum_hard,0,results_v3_main,results_v3_main,small_cnn,sgd,10,128,20000,0.05,0.9,0.0005,cuda,False,True,6,37,822,0.46392810344696045
curriculum_hard,0,results_v3_main,results_v3_main,small_cnn,sgd,10,128,20000,0.05,0.9,0.0005,cuda,False,True,6,38,823,-0.053615838289260864
curriculum_hard,0,results_v3_main,results_v3_main,small_cnn,sgd,10,128,20000,0.05,0.9,0.0005,cuda,False,True,6,39,824,0.47241801023483276
curriculum_hard,0,results_v3_main,results_v3_main,small_cnn,sgd,10,128,20000,0.05,0.9,0.0005,cuda,False,True,6,40,825,0.2898901402950287
curriculum_hard,0,results_v3_main,results_v3_main,small_cnn,sgd,10,128,20000,0.05,0.9,0.0005,cuda,False,True,6,41,826,-0.18093807995319366
curriculum_hard,0,results_v3_main,results_v3_main,small_cnn,sgd,10,128,20000,0.05,0.9,0.0005,cuda,False,True,6,42,827,0.21117796003818512
curriculum_hard,0,results_v3_main,results_v3_main,small_cnn,sgd,10,128,20000,0.05,0.9,0.0005,cuda,False,True,6,43,828,0.03903191536664963
curriculum_hard,0,results_v3_main,results_v3_main,small_cnn,sgd,10,128,20000,0.05,0.9,0.0005,cuda,False,True,6,44,829,-0.05043017491698265
curriculum_hard,0,results_v3_main,results_v3_main,small_cnn,sgd,10,128,20000,0.05,0.9,0.0005,cuda,False,True,6,45,830,0.27027010917663574
curriculum_hard,0,results_v3_main,results_v3_main,small_cnn,sgd,10,128,20000,0.05,0.9,0.0005,cuda,False,True,6,46,831,-0.2145071029663086
curriculum_hard,0,results_v3_main,results_v3_main,small_cnn,sgd,10,128,20000,0.05,0.9,0.0005,cuda,False,True,6,47,832,-0.029687166213989258
curriculum_hard,0,results_v3_main,results_v3_main,small_cnn,sgd,10,128,20000,0.05,0.9,0.0005,cuda,False,True,6,48,833,0.23753416538238525
curriculum_hard,0,results_v3_main,results_v3_main,small_cnn,sgd,10,128,20000,0.05,0.9,0.0005,cuda,False,True,6,49,834,0.06109185889363289
curriculum_hard,0,results_v3_main,results_v3_main,small_cnn,sgd,10,128,20000,0.05,0.9,0.0005,cuda,False,True,6,50,835,0.023512987419962883
curriculum_hard,0,results_v3_main,results_v3_main,small_cnn,sgd,10,128,20000,0.05,0.9,0.0005,cuda,False,True,6,51,836,0.3889418840408325
curriculum_hard,0,results_v3_main,results_v3_main,small_cnn,sgd,10,128,20000,0.05,0.9,0.0005,cuda,False,True,6,52,837,-0.28913578391075134
curriculum_hard,0,results_v3_main,results_v3_main,small_cnn,sgd,10,128,20000,0.05,0.9,0.0005,cuda,False,True,6,53,838,0.601887583732605
curriculum_hard,0,results_v3_main,results_v3_main,small_cnn,sgd,10,128,20000,0.05,0.9,0.0005,cuda,False,True,6,54,839,0.5548880100250244
curriculum_hard,0,results_v3_main,results_v3_main,small_cnn,sgd,10,128,20000,0.05,0.9,0.0005,cuda,False,True,6,55,840,-0.0414922758936882
curriculum_hard,0,results_v3_main,results_v3_main,small_cnn,sgd,10,128,20000,0.05,0.9,0.0005,cuda,False,True,6,56,841,0.26969462633132935
curriculum_hard,0,results_v3_main,results_v3_main,small_cnn,sgd,10,128,20000,0.05,0.9,0.0005,cuda,False,True,6,57,842,-0.009070411324501038
curriculum_hard,0,results_v3_main,results_v3_main,small_cnn,sgd,10,128,20000,0.05,0.9,0.0005,cuda,False,True,6,58,843,0.041450805962085724
curriculum_hard,0,results_v3_main,results_v3_main,small_cnn,sgd,10,128,20000,0.05,0.9,0.0005,cuda,False,True,6,59,844,0.5364186763763428
curriculum_hard,0,results_v3_main,results_v3_main,small_cnn,sgd,10,128,20000,0.05,0.9,0.0005,cuda,False,True,6,60,845,-0.27051687240600586
curriculum_hard,0,results_v3_main,results_v3_main,small_cnn,sgd,10,128,20000,0.05,0.9,0.0005,cuda,False,True,6,61,846,-0.027465224266052246
curriculum_hard,0,results_v3_main,results_v3_main,small_cnn,sgd,10,128,20000,0.05,0.9,0.0005,cuda,False,True,6,62,847,0.6086342334747314
curriculum_hard,0,results_v3_main,results_v3_main,small_cnn,sgd,10,128,20000,0.05,0.9,0.0005,cuda,False,True,6,63,848,0.08528853207826614
curriculum_hard,0,results_v3_main,results_v3_main,small_cnn,sgd,10,128,20000,0.05,0.9,0.0005,cuda,False,True,6,64,849,0.5362153649330139
curriculum_hard,0,results_v3_main,results_v3_main,small_cnn,sgd,10,128,20000,0.05,0.9,0.0005,cuda,False,True,6,65,850,0.4723431169986725
curriculum_hard,0,results_v3_main,results_v3_main,small_cnn,sgd,10,128,20000,0.05,0.9,0.0005,cuda,False,True,6,66,851,0.33071812987327576
curriculum_hard,0,results_v3_main,results_v3_main,small_cnn,sgd,10,128,20000,0.05,0.9,0.0005,cuda,False,True,6,67,852,0.18936119973659515
curriculum_hard,0,results_v3_main,results_v3_main,small_cnn,sgd,10,128,20000,0.05,0.9,0.0005,cuda,False,True,6,68,853,0.21750229597091675
curriculum_hard,0,results_v3_main,results_v3_main,small_cnn,sgd,10,128,20000,0.05,0.9,0.0005,cuda,False,True,6,69,854,0.7913195490837097
curriculum_hard,0,results_v3_main,results_v3_main,small_cnn,sgd,10,128,20000,0.05,0.9,0.0005,cuda,False,True,6,70,855,0.26969850063323975
curriculum_hard,0,results_v3_main,results_v3_main,small_cnn,sgd,10,128,20000,0.05,0.9,0.0005,cuda,False,True,6,71,856,0.2880656123161316
curriculum_hard,0,results_v3_main,results_v3_main,small_cnn,sgd,10,128,20000,0.05,0.9,0.0005,cuda,False,True,6,72,857,0.3167264461517334
curriculum_hard,0,results_v3_main,results_v3_main,small_cnn,sgd,10,128,20000,0.05,0.9,0.0005,cuda,False,True,6,73,858,0.3596460223197937
curriculum_hard,0,results_v3_main,results_v3_main,small_cnn,sgd,10,128,20000,0.05,0.9,0.0005,cuda,False,True,6,74,859,0.27406132221221924
curriculum_hard,0,results_v3_main,results_v3_main,small_cnn,sgd,10,128,20000,0.05,0.9,0.0005,cuda,False,True,6,75,860,-0.046754613518714905
curriculum_hard,0,results_v3_main,results_v3_main,small_cnn,sgd,10,128,20000,0.05,0.9,0.0005,cuda,False,True,6,76,861,-0.04413546621799469
curriculum_hard,0,results_v3_main,results_v3_main,small_cnn,sgd,10,128,20000,0.05,0.9,0.0005,cuda,False,True,6,77,862,-0.14665643870830536
curriculum_hard,0,results_v3_main,results_v3_main,small_cnn,sgd,10,128,20000,0.05,0.9,0.0005,cuda,False,True,6,78,863,0.24874016642570496
curriculum_hard,0,results_v3_main,results_v3_main,small_cnn,sgd,10,128,20000,0.05,0.9,0.0005,cuda,False,True,6,79,864,0.5566022992134094
curriculum_hard,0,results_v3_main,results_v3_main,small_cnn,sgd,10,128,20000,0.05,0.9,0.0005,cuda,False,True,6,80,865,0.147342249751091
curriculum_hard,0,results_v3_main,results_v3_main,small_cnn,sgd,10,128,20000,0.05,0.9,0.0005,cuda,False,True,6,81,866,0.30257055163383484
curriculum_hard,0,results_v3_main,results_v3_main,small_cnn,sgd,10,128,20000,0.05,0.9,0.0005,cuda,False,True,6,82,867,0.4634492099285126
curriculum_hard,0,results_v3_main,results_v3_main,small_cnn,sgd,10,128,20000,0.05,0.9,0.0005,cuda,False,True,6,83,868,0.1780431866645813
curriculum_hard,0,results_v3_main,results_v3_main,small_cnn,sgd,10,128,20000,0.05,0.9,0.0005,cuda,False,True,6,84,869,0.34000399708747864
curriculum_hard,0,results_v3_main,results_v3_main,small_cnn,sgd,10,128,20000,0.05,0.9,0.0005,cuda,False,True,6,85,870,-0.24519896507263184
curriculum_hard,0,results_v3_main,results_v3_main,small_cnn,sgd,10,128,20000,0.05,0.9,0.0005,cuda,False,True,6,86,871,0.5776308178901672
curriculum_hard,0,results_v3_main,results_v3_main,small_cnn,sgd,10,128,20000,0.05,0.9,0.0005,cuda,False,True,6,87,872,0.11834275722503662
curriculum_hard,0,results_v3_main,results_v3_main,small_cnn,sgd,10,128,20000,0.05,0.9,0.0005,cuda,False,True,6,88,873,0.4319418668746948
curriculum_hard,0,results_v3_main,results_v3_main,small_cnn,sgd,10,128,20000,0.05,0.9,0.0005,cuda,False,True,6,89,874,0.12873145937919617
curriculum_hard,0,results_v3_main,results_v3_main,small_cnn,sgd,10,128,20000,0.05,0.9,0.0005,cuda,False,True,6,90,875,-0.08404421806335449
curriculum_hard,0,results_v3_main,results_v3_main,small_cnn,sgd,10,128,20000,0.05,0.9,0.0005,cuda,False,True,6,91,876,0.2559201121330261
curriculum_hard,0,results_v3_main,results_v3_main,small_cnn,sgd,10,128,20000,0.05,0.9,0.0005,cuda,False,True,6,92,877,0.023288873955607414
curriculum_hard,0,results_v3_main,results_v3_main,small_cnn,sgd,10,128,20000,0.05,0.9,0.0005,cuda,False,True,6,93,878,-0.09475123882293701
curriculum_hard,0,results_v3_main,results_v3_main,small_cnn,sgd,10,128,20000,0.05,0.9,0.0005,cuda,False,True,6,94,879,0.29123759269714355
curriculum_hard,0,results_v3_main,results_v3_main,small_cnn,sgd,10,128,20000,0.05,0.9,0.0005,cuda,False,True,6,95,880,-0.10860925912857056
curriculum_hard,0,results_v3_main,results_v3_main,small_cnn,sgd,10,128,20000,0.05,0.9,0.0005,cuda,False,True,6,96,881,0.423310786485672
curriculum_hard,0,results_v3_main,results_v3_main,small_cnn,sgd,10,128,20000,0.05,0.9,0.0005,cuda,False,True,6,97,882,0.3941752314567566
curriculum_hard,0,results_v3_main,results_v3_main,small_cnn,sgd,10,128,20000,0.05,0.9,0.0005,cuda,False,True,6,98,883,-0.34198397397994995
curriculum_hard,0,results_v3_main,results_v3_main,small_cnn,sgd,10,128,20000,0.05,0.9,0.0005,cuda,False,True,6,99,884,0.4849998950958252
curriculum_hard,0,results_v3_main,results_v3_main,small_cnn,sgd,10,128,20000,0.05,0.9,0.0005,cuda,False,True,6,100,885,-0.11652795225381851
curriculum_hard,0,results_v3_main,results_v3_main,small_cnn,sgd,10,128,20000,0.05,0.9,0.0005,cuda,False,True,6,101,886,-0.08366018533706665
curriculum_hard,0,results_v3_main,results_v3_main,small_cnn,sgd,10,128,20000,0.05,0.9,0.0005,cuda,False,True,6,102,887,-0.28036749362945557
curriculum_hard,0,results_v3_main,results_v3_main,small_cnn,sgd,10,128,20000,0.05,0.9,0.0005,cuda,False,True,6,103,888,-0.18823620676994324
curriculum_hard,0,results_v3_main,results_v3_main,small_cnn,sgd,10,128,20000,0.05,0.9,0.0005,cuda,False,True,6,104,889,0.3320574164390564
curriculum_hard,0,results_v3_main,results_v3_main,small_cnn,sgd,10,128,20000,0.05,0.9,0.0005,cuda,False,True,6,105,890,0.47631826996803284
curriculum_hard,0,results_v3_main,results_v3_main,small_cnn,sgd,10,128,20000,0.05,0.9,0.0005,cuda,False,True,6,106,891,0.3489382863044739
curriculum_hard,0,results_v3_main,results_v3_main,small_cnn,sgd,10,128,20000,0.05,0.9,0.0005,cuda,False,True,6,107,892,-0.2671794295310974
curriculum_hard,0,results_v3_main,results_v3_main,small_cnn,sgd,10,128,20000,0.05,0.9,0.0005,cuda,False,True,6,108,893,0.309918612241745
curriculum_hard,0,results_v3_main,results_v3_main,small_cnn,sgd,10,128,20000,0.05,0.9,0.0005,cuda,False,True,6,109,894,0.48437583446502686
curriculum_hard,0,results_v3_main,results_v3_main,small_cnn,sgd,10,128,20000,0.05,0.9,0.0005,cuda,False,True,6,110,895,0.5168734192848206
curriculum_hard,0,results_v3_main,results_v3_main,small_cnn,sgd,10,128,20000,0.05,0.9,0.0005,cuda,False,True,6,111,896,0.32746317982673645
curriculum_hard,0,results_v3_main,results_v3_main,small_cnn,sgd,10,128,20000,0.05,0.9,0.0005,cuda,False,True,6,112,897,-0.472886860370636
curriculum_hard,0,results_v3_main,results_v3_main,small_cnn,sgd,10,128,20000,0.05,0.9,0.0005,cuda,False,True,6,113,898,0.42044082283973694
curriculum_hard,0,results_v3_main,results_v3_main,small_cnn,sgd,10,128,20000,0.05,0.9,0.0005,cuda,False,True,6,114,899,0.5110928416252136
curriculum_hard,0,results_v3_main,results_v3_main,small_cnn,sgd,10,128,20000,0.05,0.9,0.0005,cuda,False,True,6,115,900,0.5916727185249329
curriculum_hard,0,results_v3_main,results_v3_main,small_cnn,sgd,10,128,20000,0.05,0.9,0.0005,cuda,False,True,6,116,901,0.3701132833957672
curriculum_hard,0,results_v3_main,results_v3_main,small_cnn,sgd,10,128,20000,0.05,0.9,0.0005,cuda,False,True,6,117,902,0.45164987444877625
curriculum_hard,0,results_v3_main,results_v3_main,small_cnn,sgd,10,128,20000,0.05,0.9,0.0005,cuda,False,True,6,118,903,-0.1114387959241867
curriculum_hard,0,results_v3_main,results_v3_main,small_cnn,sgd,10,128,20000,0.05,0.9,0.0005,cuda,False,True,6,119,904,0.6064437031745911
curriculum_hard,0,results_v3_main,results_v3_main,small_cnn,sgd,10,128,20000,0.05,0.9,0.0005,cuda,False,True,6,120,905,0.5934202671051025
curriculum_hard,0,results_v3_main,results_v3_main,small_cnn,sgd,10,128,20000,0.05,0.9,0.0005,cuda,False,True,6,121,906,-0.05416543036699295
curriculum_hard,0,results_v3_main,results_v3_main,small_cnn,sgd,10,128,20000,0.05,0.9,0.0005,cuda,False,True,6,122,907,-0.3590969443321228
curriculum_hard,0,results_v3_main,results_v3_main,small_cnn,sgd,10,128,20000,0.05,0.9,0.0005,cuda,False,True,6,123,908,-0.23519815504550934
curriculum_hard,0,results_v3_main,results_v3_main,small_cnn,sgd,10,128,20000,0.05,0.9,0.0005,cuda,False,True,6,124,909,-0.2734089493751526
curriculum_hard,0,results_v3_main,results_v3_main,small_cnn,sgd,10,128,20000,0.05,0.9,0.0005,cuda,False,True,6,125,910,0.07560759037733078
curriculum_hard,0,results_v3_main,results_v3_main,small_cnn,sgd,10,128,20000,0.05,0.9,0.0005,cuda,False,True,6,126,911,0.07955152541399002
curriculum_hard,0,results_v3_main,results_v3_main,small_cnn,sgd,10,128,20000,0.05,0.9,0.0005,cuda,False,True,6,127,912,0.6698829531669617
curriculum_hard,0,results_v3_main,results_v3_main,small_cnn,sgd,10,128,20000,0.05,0.9,0.0005,cuda,False,True,6,128,913,0.41474437713623047
curriculum_hard,0,results_v3_main,results_v3_main,small_cnn,sgd,10,128,20000,0.05,0.9,0.0005,cuda,False,True,6,129,914,-0.02306494489312172
curriculum_hard,0,results_v3_main,results_v3_main,small_cnn,sgd,10,128,20000,0.05,0.9,0.0005,cuda,False,True,6,130,915,0.6585221290588379
curriculum_hard,0,results_v3_main,results_v3_main,small_cnn,sgd,10,128,20000,0.05,0.9,0.0005,cuda,False,True,6,131,916,0.524436354637146
curriculum_hard,0,results_v3_main,results_v3_main,small_cnn,sgd,10,128,20000,0.05,0.9,0.0005,cuda,False,True,6,132,917,0.21901021897792816
curriculum_hard,0,results_v3_main,results_v3_main,small_cnn,sgd,10,128,20000,0.05,0.9,0.0005,cuda,False,True,6,133,918,0.4392605721950531
curriculum_hard,0,results_v3_main,results_v3_main,small_cnn,sgd,10,128,20000,0.05,0.9,0.0005,cuda,False,True,6,134,919,-0.2762949466705322
curriculum_hard,0,results_v3_main,results_v3_main,small_cnn,sgd,10,128,20000,0.05,0.9,0.0005,cuda,False,True,6,135,920,0.8396588563919067
curriculum_hard,0,results_v3_main,results_v3_main,small_cnn,sgd,10,128,20000,0.05,0.9,0.0005,cuda,False,True,6,136,921,-0.25335654616355896
curriculum_hard,0,results_v3_main,results_v3_main,small_cnn,sgd,10,128,20000,0.05,0.9,0.0005,cuda,False,True,6,137,922,-0.023737868294119835
curriculum_hard,0,results_v3_main,results_v3_main,small_cnn,sgd,10,128,20000,0.05,0.9,0.0005,cuda,False,True,6,138,923,0.15756385028362274
curriculum_hard,0,results_v3_main,results_v3_main,small_cnn,sgd,10,128,20000,0.05,0.9,0.0005,cuda,False,True,6,139,924,0.25787270069122314
curriculum_hard,0,results_v3_main,results_v3_main,small_cnn,sgd,10,128,20000,0.05,0.9,0.0005,cuda,False,True,6,140,925,0.18282899260520935
curriculum_hard,0,results_v3_main,results_v3_main,small_cnn,sgd,10,128,20000,0.05,0.9,0.0005,cuda,False,True,6,141,926,0.025268331170082092
curriculum_hard,0,results_v3_main,results_v3_main,small_cnn,sgd,10,128,20000,0.05,0.9,0.0005,cuda,False,True,6,142,927,0.35874515771865845
curriculum_hard,0,results_v3_main,results_v3_main,small_cnn,sgd,10,128,20000,0.05,0.9,0.0005,cuda,False,True,6,143,928,-0.20253759622573853
curriculum_hard,0,results_v3_main,results_v3_main,small_cnn,sgd,10,128,20000,0.05,0.9,0.0005,cuda,False,True,6,144,929,0.2739202380180359
curriculum_hard,0,results_v3_main,results_v3_main,small_cnn,sgd,10,128,20000,0.05,0.9,0.0005,cuda,False,True,6,145,930,0.7090423703193665
curriculum_hard,0,results_v3_main,results_v3_main,small_cnn,sgd,10,128,20000,0.05,0.9,0.0005,cuda,False,True,6,146,931,-0.21492701768875122
curriculum_hard,0,results_v3_main,results_v3_main,small_cnn,sgd,10,128,20000,0.05,0.9,0.0005,cuda,False,True,6,147,932,-0.3652779459953308
curriculum_hard,0,results_v3_main,results_v3_main,small_cnn,sgd,10,128,20000,0.05,0.9,0.0005,cuda,False,True,6,148,933,0.5790473222732544
curriculum_hard,0,results_v3_main,results_v3_main,small_cnn,sgd,10,128,20000,0.05,0.9,0.0005,cuda,False,True,6,149,934,0.32469677925109863
curriculum_hard,0,results_v3_main,results_v3_main,small_cnn,sgd,10,128,20000,0.05,0.9,0.0005,cuda,False,True,6,150,935,0.1525629460811615
curriculum_hard,0,results_v3_main,results_v3_main,small_cnn,sgd,10,128,20000,0.05,0.9,0.0005,cuda,False,True,6,151,936,-0.21682660281658173
curriculum_hard,0,results_v3_main,results_v3_main,small_cnn,sgd,10,128,20000,0.05,0.9,0.0005,cuda,False,True,6,152,937,0.7589957118034363
curriculum_hard,0,results_v3_main,results_v3_main,small_cnn,sgd,10,128,20000,0.05,0.9,0.0005,cuda,False,True,6,153,938,0.6272632479667664
curriculum_hard,0,results_v3_main,results_v3_main,small_cnn,sgd,10,128,20000,0.05,0.9,0.0005,cuda,False,True,6,154,939,-0.20152901113033295
curriculum_hard,0,results_v3_main,results_v3_main,small_cnn,sgd,10,128,20000,0.05,0.9,0.0005,cuda,False,True,6,155,940,0.38018760085105896
curriculum_hard,0,results_v3_main,results_v3_main,small_cnn,sgd,10,128,20000,0.05,0.9,0.0005,cuda,False,True,6,156,941,0.5553659200668335
curriculum_hard,0,results_v3_main,results_v3_main,small_cnn,sgd,10,128,20000,0.05,0.9,0.0005,cuda,False,True,6,157,942,0.7306256294250488
curriculum_hard,0,results_v3_main,results_v3_main,small_cnn,sgd,10,128,20000,0.05,0.9,0.0005,cuda,False,True,7,1,943,0.007619867101311684
curriculum_hard,0,results_v3_main,results_v3_main,small_cnn,sgd,10,128,20000,0.05,0.9,0.0005,cuda,False,True,7,2,944,0.3953048586845398
curriculum_hard,0,results_v3_main,results_v3_main,small_cnn,sgd,10,128,20000,0.05,0.9,0.0005,cuda,False,True,7,3,945,0.6253622770309448
curriculum_hard,0,results_v3_main,results_v3_main,small_cnn,sgd,10,128,20000,0.05,0.9,0.0005,cuda,False,True,7,4,946,0.322517991065979
curriculum_hard,0,results_v3_main,results_v3_main,small_cnn,sgd,10,128,20000,0.05,0.9,0.0005,cuda,False,True,7,5,947,0.6275056004524231
curriculum_hard,0,results_v3_main,results_v3_main,small_cnn,sgd,10,128,20000,0.05,0.9,0.0005,cuda,False,True,7,6,948,0.5714693665504456
curriculum_hard,0,results_v3_main,results_v3_main,small_cnn,sgd,10,128,20000,0.05,0.9,0.0005,cuda,False,True,7,7,949,0.46810489892959595
curriculum_hard,0,results_v3_main,results_v3_main,small_cnn,sgd,10,128,20000,0.05,0.9,0.0005,cuda,False,True,7,8,950,0.20234376192092896
curriculum_hard,0,results_v3_main,results_v3_main,small_cnn,sgd,10,128,20000,0.05,0.9,0.0005,cuda,False,True,7,9,951,0.3239516019821167
curriculum_hard,0,results_v3_main,results_v3_main,small_cnn,sgd,10,128,20000,0.05,0.9,0.0005,cuda,False,True,7,10,952,0.28413236141204834
curriculum_hard,0,results_v3_main,results_v3_main,small_cnn,sgd,10,128,20000,0.05,0.9,0.0005,cuda,False,True,7,11,953,0.5281758308410645
curriculum_hard,0,results_v3_main,results_v3_main,small_cnn,sgd,10,128,20000,0.05,0.9,0.0005,cuda,False,True,7,12,954,0.19817766547203064
curriculum_hard,0,results_v3_main,results_v3_main,small_cnn,sgd,10,128,20000,0.05,0.9,0.0005,cuda,False,True,7,13,955,0.2764502763748169
curriculum_hard,0,results_v3_main,results_v3_main,small_cnn,sgd,10,128,20000,0.05,0.9,0.0005,cuda,False,True,7,14,956,0.3744264245033264
curriculum_hard,0,results_v3_main,results_v3_main,small_cnn,sgd,10,128,20000,0.05,0.9,0.0005,cuda,False,True,7,15,957,0.30260196328163147
curriculum_hard,0,results_v3_main,results_v3_main,small_cnn,sgd,10,128,20000,0.05,0.9,0.0005,cuda,False,True,7,16,958,0.30980783700942993
curriculum_hard,0,results_v3_main,results_v3_main,small_cnn,sgd,10,128,20000,0.05,0.9,0.0005,cuda,False,True,7,17,959,0.3045412600040436
curriculum_hard,0,results_v3_main,results_v3_main,small_cnn,sgd,10,128,20000,0.05,0.9,0.0005,cuda,False,True,7,18,960,0.28024348616600037
curriculum_hard,0,results_v3_main,results_v3_main,small_cnn,sgd,10,128,20000,0.05,0.9,0.0005,cuda,False,True,7,19,961,-0.04372471570968628
curriculum_hard,0,results_v3_main,results_v3_main,small_cnn,sgd,10,128,20000,0.05,0.9,0.0005,cuda,False,True,7,20,962,0.3067169487476349
curriculum_hard,0,results_v3_main,results_v3_main,small_cnn,sgd,10,128,20000,0.05,0.9,0.0005,cuda,False,True,7,21,963,0.6613006591796875
curriculum_hard,0,results_v3_main,results_v3_main,small_cnn,sgd,10,128,20000,0.05,0.9,0.0005,cuda,False,True,7,22,964,0.16369405388832092
curriculum_hard,0,results_v3_main,results_v3_main,small_cnn,sgd,10,128,20000,0.05,0.9,0.0005,cuda,False,True,7,23,965,0.16670729219913483
curriculum_hard,0,results_v3_main,results_v3_main,small_cnn,sgd,10,128,20000,0.05,0.9,0.0005,cuda,False,True,7,24,966,0.3726511597633362
curriculum_hard,0,results_v3_main,results_v3_main,small_cnn,sgd,10,128,20000,0.05,0.9,0.0005,cuda,False,True,7,25,967,0.3137202560901642
curriculum_hard,0,results_v3_main,results_v3_main,small_cnn,sgd,10,128,20000,0.05,0.9,0.0005,cuda,False,True,7,26,968,0.43752533197402954
curriculum_hard,0,results_v3_main,results_v3_main,small_cnn,sgd,10,128,20000,0.05,0.9,0.0005,cuda,False,True,7,27,969,0.13388091325759888
curriculum_hard,0,results_v3_main,results_v3_main,small_cnn,sgd,10,128,20000,0.05,0.9,0.0005,cuda,False,True,7,28,970,0.4243922531604767
curriculum_hard,0,results_v3_main,results_v3_main,small_cnn,sgd,10,128,20000,0.05,0.9,0.0005,cuda,False,True,7,29,971,-0.10818541795015335
curriculum_hard,0,results_v3_main,results_v3_main,small_cnn,sgd,10,128,20000,0.05,0.9,0.0005,cuda,False,True,7,30,972,0.28969013690948486
curriculum_hard,0,results_v3_main,results_v3_main,small_cnn,sgd,10,128,20000,0.05,0.9,0.0005,cuda,False,True,7,31,973,0.4047229290008545
curriculum_hard,0,results_v3_main,results_v3_main,small_cnn,sgd,10,128,20000,0.05,0.9,0.0005,cuda,False,True,7,32,974,0.47410374879837036
curriculum_hard,0,results_v3_main,results_v3_main,small_cnn,sgd,10,128,20000,0.05,0.9,0.0005,cuda,False,True,7,33,975,-0.008373688906431198
curriculum_hard,0,results_v3_main,results_v3_main,small_cnn,sgd,10,128,20000,0.05,0.9,0.0005,cuda,False,True,7,34,976,-0.22094057500362396
curriculum_hard,0,results_v3_main,results_v3_main,small_cnn,sgd,10,128,20000,0.05,0.9,0.0005,cuda,False,True,7,35,977,0.19727784395217896
curriculum_hard,0,results_v3_main,results_v3_main,small_cnn,sgd,10,128,20000,0.05,0.9,0.0005,cuda,False,True,7,36,978,0.052817653864622116
curriculum_hard,0,results_v3_main,results_v3_main,small_cnn,sgd,10,128,20000,0.05,0.9,0.0005,cuda,False,True,7,37,979,0.5614980459213257
curriculum_hard,0,results_v3_main,results_v3_main,small_cnn,sgd,10,128,20000,0.05,0.9,0.0005,cuda,False,True,7,38,980,-0.20800082385540009
curriculum_hard,0,results_v3_main,results_v3_main,small_cnn,sgd,10,128,20000,0.05,0.9,0.0005,cuda,False,True,7,39,981,0.46970677375793457
curriculum_hard,0,results_v3_main,results_v3_main,small_cnn,sgd,10,128,20000,0.05,0.9,0.0005,cuda,False,True,7,40,982,0.2911835312843323
curriculum_hard,0,results_v3_main,results_v3_main,small_cnn,sgd,10,128,20000,0.05,0.9,0.0005,cuda,False,True,7,41,983,-0.1667294204235077
curriculum_hard,0,results_v3_main,results_v3_main,small_cnn,sgd,10,128,20000,0.05,0.9,0.0005,cuda,False,True,7,42,984,0.4267396926879883
curriculum_hard,0,results_v3_main,results_v3_main,small_cnn,sgd,10,128,20000,0.05,0.9,0.0005,cuda,False,True,7,43,985,-0.18733039498329163
curriculum_hard,0,results_v3_main,results_v3_main,small_cnn,sgd,10,128,20000,0.05,0.9,0.0005,cuda,False,True,7,44,986,-0.12626253068447113
curriculum_hard,0,results_v3_main,results_v3_main,small_cnn,sgd,10,128,20000,0.05,0.9,0.0005,cuda,False,True,7,45,987,0.27622583508491516
curriculum_hard,0,results_v3_main,results_v3_main,small_cnn,sgd,10,128,20000,0.05,0.9,0.0005,cuda,False,True,7,46,988,-0.05046795681118965
curriculum_hard,0,results_v3_main,results_v3_main,small_cnn,sgd,10,128,20000,0.05,0.9,0.0005,cuda,False,True,7,47,989,-0.25038012862205505
curriculum_hard,0,results_v3_main,results_v3_main,small_cnn,sgd,10,128,20000,0.05,0.9,0.0005,cuda,False,True,7,48,990,0.3792411983013153
curriculum_hard,0,results_v3_main,results_v3_main,small_cnn,sgd,10,128,20000,0.05,0.9,0.0005,cuda,False,True,7,49,991,0.44843822717666626
curriculum_hard,0,results_v3_main,results_v3_main,small_cnn,sgd,10,128,20000,0.05,0.9,0.0005,cuda,False,True,7,50,992,0.4782000184059143
curriculum_hard,0,results_v3_main,results_v3_main,small_cnn,sgd,10,128,20000,0.05,0.9,0.0005,cuda,False,True,7,51,993,0.5088100433349609
curriculum_hard,0,results_v3_main,results_v3_main,small_cnn,sgd,10,128,20000,0.05,0.9,0.0005,cuda,False,True,7,52,994,-0.4142288565635681
curriculum_hard,0,results_v3_main,results_v3_main,small_cnn,sgd,10,128,20000,0.05,0.9,0.0005,cuda,False,True,7,53,995,0.6559087038040161
curriculum_hard,0,results_v3_main,results_v3_main,small_cnn,sgd,10,128,20000,0.05,0.9,0.0005,cuda,False,True,7,54,996,0.6736656427383423
curriculum_hard,0,results_v3_main,results_v3_main,small_cnn,sgd,10,128,20000,0.05,0.9,0.0005,cuda,False,True,7,55,997,0.4495338797569275
curriculum_hard,0,results_v3_main,results_v3_main,small_cnn,sgd,10,128,20000,0.05,0.9,0.0005,cuda,False,True,7,56,998,-0.038331590592861176
curriculum_hard,0,results_v3_main,results_v3_main,small_cnn,sgd,10,128,20000,0.05,0.9,0.0005,cuda,False,True,7,57,999,0.07796531915664673
curriculum_hard,0,results_v3_main,results_v3_main,small_cnn,sgd,10,128,20000,0.05,0.9,0.0005,cuda,False,True,7,58,1000,0.42155927419662476
curriculum_hard,0,results_v3_main,results_v3_main,small_cnn,sgd,10,128,20000,0.05,0.9,0.0005,cuda,False,True,7,59,1001,0.6026372909545898
curriculum_hard,0,results_v3_main,results_v3_main,small_cnn,sgd,10,128,20000,0.05,0.9,0.0005,cuda,False,True,7,60,1002,-0.008651699870824814
curriculum_hard,0,results_v3_main,results_v3_main,small_cnn,sgd,10,128,20000,0.05,0.9,0.0005,cuda,False,True,7,61,1003,0.19787248969078064
curriculum_hard,0,results_v3_main,results_v3_main,small_cnn,sgd,10,128,20000,0.05,0.9,0.0005,cuda,False,True,7,62,1004,0.5584086179733276
curriculum_hard,0,results_v3_main,results_v3_main,small_cnn,sgd,10,128,20000,0.05,0.9,0.0005,cuda,False,True,7,63,1005,0.4936313033103943
curriculum_hard,0,results_v3_main,results_v3_main,small_cnn,sgd,10,128,20000,0.05,0.9,0.0005,cuda,False,True,7,64,1006,0.4930551052093506
curriculum_hard,0,results_v3_main,results_v3_main,small_cnn,sgd,10,128,20000,0.05,0.9,0.0005,cuda,False,True,7,65,1007,0.4454583525657654
curriculum_hard,0,results_v3_main,results_v3_main,small_cnn,sgd,10,128,20000,0.05,0.9,0.0005,cuda,False,True,7,66,1008,-0.002104084938764572
curriculum_hard,0,results_v3_main,results_v3_main,small_cnn,sgd,10,128,20000,0.05,0.9,0.0005,cuda,False,True,7,67,1009,0.28718286752700806
curriculum_hard,0,results_v3_main,results_v3_main,small_cnn,sgd,10,128,20000,0.05,0.9,0.0005,cuda,False,True,7,68,1010,0.5267000198364258
curriculum_hard,0,results_v3_main,results_v3_main,small_cnn,sgd,10,128,20000,0.05,0.9,0.0005,cuda,False,True,7,69,1011,0.46357083320617676
curriculum_hard,0,results_v3_main,results_v3_main,small_cnn,sgd,10,128,20000,0.05,0.9,0.0005,cuda,False,True,7,70,1012,0.4031423032283783
curriculum_hard,0,results_v3_main,results_v3_main,small_cnn,sgd,10,128,20000,0.05,0.9,0.0005,cuda,False,True,7,71,1013,-0.0944068431854248
curriculum_hard,0,results_v3_main,results_v3_main,small_cnn,sgd,10,128,20000,0.05,0.9,0.0005,cuda,False,True,7,72,1014,0.2047528326511383
curriculum_hard,0,results_v3_main,results_v3_main,small_cnn,sgd,10,128,20000,0.05,0.9,0.0005,cuda,False,True,7,73,1015,0.4988422989845276
curriculum_hard,0,results_v3_main,results_v3_main,small_cnn,sgd,10,128,20000,0.05,0.9,0.0005,cuda,False,True,7,74,1016,0.1783844381570816
curriculum_hard,0,results_v3_main,results_v3_main,small_cnn,sgd,10,128,20000,0.05,0.9,0.0005,cuda,False,True,7,75,1017,0.028618300333619118
curriculum_hard,0,results_v3_main,results_v3_main,small_cnn,sgd,10,128,20000,0.05,0.9,0.0005,cuda,False,True,7,76,1018,0.21004340052604675
curriculum_hard,0,results_v3_main,results_v3_main,small_cnn,sgd,10,128,20000,0.05,0.9,0.0005,cuda,False,True,7,77,1019,-0.0487351231276989
curriculum_hard,0,results_v3_main,results_v3_main,small_cnn,sgd,10,128,20000,0.05,0.9,0.0005,cuda,False,True,7,78,1020,0.3001316785812378
curriculum_hard,0,results_v3_main,results_v3_main,small_cnn,sgd,10,128,20000,0.05,0.9,0.0005,cuda,False,True,7,79,1021,0.5090595483779907
curriculum_hard,0,results_v3_main,results_v3_main,small_cnn,sgd,10,128,20000,0.05,0.9,0.0005,cuda,False,True,7,80,1022,0.101397305727005
curriculum_hard,0,results_v3_main,results_v3_main,small_cnn,sgd,10,128,20000,0.05,0.9,0.0005,cuda,False,True,7,81,1023,0.3952464759349823
curriculum_hard,0,results_v3_main,results_v3_main,small_cnn,sgd,10,128,20000,0.05,0.9,0.0005,cuda,False,True,7,82,1024,0.6008237600326538
curriculum_hard,0,results_v3_main,results_v3_main,small_cnn,sgd,10,128,20000,0.05,0.9,0.0005,cuda,False,True,7,83,1025,0.2938370108604431
curriculum_hard,0,results_v3_main,results_v3_main,small_cnn,sgd,10,128,20000,0.05,0.9,0.0005,cuda,False,True,7,84,1026,0.17948171496391296
curriculum_hard,0,results_v3_main,results_v3_main,small_cnn,sgd,10,128,20000,0.05,0.9,0.0005,cuda,False,True,7,85,1027,-0.37893056869506836
curriculum_hard,0,results_v3_main,results_v3_main,small_cnn,sgd,10,128,20000,0.05,0.9,0.0005,cuda,False,True,7,86,1028,0.5345208644866943
curriculum_hard,0,results_v3_main,results_v3_main,small_cnn,sgd,10,128,20000,0.05,0.9,0.0005,cuda,False,True,7,87,1029,0.4942537546157837
curriculum_hard,0,results_v3_main,results_v3_main,small_cnn,sgd,10,128,20000,0.05,0.9,0.0005,cuda,False,True,7,88,1030,0.42660677433013916
curriculum_hard,0,results_v3_main,results_v3_main,small_cnn,sgd,10,128,20000,0.05,0.9,0.0005,cuda,False,True,7,89,1031,0.025092344731092453
curriculum_hard,0,results_v3_main,results_v3_main,small_cnn,sgd,10,128,20000,0.05,0.9,0.0005,cuda,False,True,7,90,1032,0.16662311553955078
curriculum_hard,0,results_v3_main,results_v3_main,small_cnn,sgd,10,128,20000,0.05,0.9,0.0005,cuda,False,True,7,91,1033,0.030383463948965073
curriculum_hard,0,results_v3_main,results_v3_main,small_cnn,sgd,10,128,20000,0.05,0.9,0.0005,cuda,False,True,7,92,1034,0.07074836641550064
curriculum_hard,0,results_v3_main,results_v3_main,small_cnn,sgd,10,128,20000,0.05,0.9,0.0005,cuda,False,True,7,93,1035,0.2918699085712433
curriculum_hard,0,results_v3_main,results_v3_main,small_cnn,sgd,10,128,20000,0.05,0.9,0.0005,cuda,False,True,7,94,1036,0.3689378798007965
curriculum_hard,0,results_v3_main,results_v3_main,small_cnn,sgd,10,128,20000,0.05,0.9,0.0005,cuda,False,True,7,95,1037,-0.23942092061042786
curriculum_hard,0,results_v3_main,results_v3_main,small_cnn,sgd,10,128,20000,0.05,0.9,0.0005,cuda,False,True,7,96,1038,0.37200629711151123
curriculum_hard,0,results_v3_main,results_v3_main,small_cnn,sgd,10,128,20000,0.05,0.9,0.0005,cuda,False,True,7,97,1039,0.3828228712081909
curriculum_hard,0,results_v3_main,results_v3_main,small_cnn,sgd,10,128,20000,0.05,0.9,0.0005,cuda,False,True,7,98,1040,-0.3739555776119232
curriculum_hard,0,results_v3_main,results_v3_main,small_cnn,sgd,10,128,20000,0.05,0.9,0.0005,cuda,False,True,7,99,1041,0.27819594740867615
curriculum_hard,0,results_v3_main,results_v3_main,small_cnn,sgd,10,128,20000,0.05,0.9,0.0005,cuda,False,True,7,100,1042,-0.23620378971099854
curriculum_hard,0,results_v3_main,results_v3_main,small_cnn,sgd,10,128,20000,0.05,0.9,0.0005,cuda,False,True,7,101,1043,0.1934209167957306
curriculum_hard,0,results_v3_main,results_v3_main,small_cnn,sgd,10,128,20000,0.05,0.9,0.0005,cuda,False,True,7,102,1044,-0.07509546726942062
curriculum_hard,0,results_v3_main,results_v3_main,small_cnn,sgd,10,128,20000,0.05,0.9,0.0005,cuda,False,True,7,103,1045,-0.06662732362747192
curriculum_hard,0,results_v3_main,results_v3_main,small_cnn,sgd,10,128,20000,0.05,0.9,0.0005,cuda,False,True,7,104,1046,0.5761235952377319
curriculum_hard,0,results_v3_main,results_v3_main,small_cnn,sgd,10,128,20000,0.05,0.9,0.0005,cuda,False,True,7,105,1047,-0.08936992287635803
curriculum_hard,0,results_v3_main,results_v3_main,small_cnn,sgd,10,128,20000,0.05,0.9,0.0005,cuda,False,True,7,106,1048,0.5926228165626526
curriculum_hard,0,results_v3_main,results_v3_main,small_cnn,sgd,10,128,20000,0.05,0.9,0.0005,cuda,False,True,7,107,1049,0.0389406681060791
curriculum_hard,0,results_v3_main,results_v3_main,small_cnn,sgd,10,128,20000,0.05,0.9,0.0005,cuda,False,True,7,108,1050,0.12656503915786743
curriculum_hard,0,results_v3_main,results_v3_main,small_cnn,sgd,10,128,20000,0.05,0.9,0.0005,cuda,False,True,7,109,1051,0.5229144096374512
curriculum_hard,0,results_v3_main,results_v3_main,small_cnn,sgd,10,128,20000,0.05,0.9,0.0005,cuda,False,True,7,110,1052,0.400273859500885
curriculum_hard,0,results_v3_main,results_v3_main,small_cnn,sgd,10,128,20000,0.05,0.9,0.0005,cuda,False,True,7,111,1053,0.3962944746017456
curriculum_hard,0,results_v3_main,results_v3_main,small_cnn,sgd,10,128,20000,0.05,0.9,0.0005,cuda,False,True,7,112,1054,-0.02428308129310608
curriculum_hard,0,results_v3_main,results_v3_main,small_cnn,sgd,10,128,20000,0.05,0.9,0.0005,cuda,False,True,7,113,1055,0.5141537189483643
curriculum_hard,0,results_v3_main,results_v3_main,small_cnn,sgd,10,128,20000,0.05,0.9,0.0005,cuda,False,True,7,114,1056,0.3608143925666809
curriculum_hard,0,results_v3_main,results_v3_main,small_cnn,sgd,10,128,20000,0.05,0.9,0.0005,cuda,False,True,7,115,1057,0.4303796887397766
curriculum_hard,0,results_v3_main,results_v3_main,small_cnn,sgd,10,128,20000,0.05,0.9,0.0005,cuda,False,True,7,116,1058,0.23532022535800934
curriculum_hard,0,results_v3_main,results_v3_main,small_cnn,sgd,10,128,20000,0.05,0.9,0.0005,cuda,False,True,7,117,1059,0.6240739822387695
curriculum_hard,0,results_v3_main,results_v3_main,small_cnn,sgd,10,128,20000,0.05,0.9,0.0005,cuda,False,True,7,118,1060,-0.14910200238227844
curriculum_hard,0,results_v3_main,results_v3_main,small_cnn,sgd,10,128,20000,0.05,0.9,0.0005,cuda,False,True,7,119,1061,0.5336273312568665
curriculum_hard,0,results_v3_main,results_v3_main,small_cnn,sgd,10,128,20000,0.05,0.9,0.0005,cuda,False,True,7,120,1062,0.6959766149520874
curriculum_hard,0,results_v3_main,results_v3_main,small_cnn,sgd,10,128,20000,0.05,0.9,0.0005,cuda,False,True,7,121,1063,-0.14958181977272034
curriculum_hard,0,results_v3_main,results_v3_main,small_cnn,sgd,10,128,20000,0.05,0.9,0.0005,cuda,False,True,7,122,1064,-0.1614338755607605
curriculum_hard,0,results_v3_main,results_v3_main,small_cnn,sgd,10,128,20000,0.05,0.9,0.0005,cuda,False,True,7,123,1065,-0.017369406297802925
curriculum_hard,0,results_v3_main,results_v3_main,small_cnn,sgd,10,128,20000,0.05,0.9,0.0005,cuda,False,True,7,124,1066,-0.15609975159168243
curriculum_hard,0,results_v3_main,results_v3_main,small_cnn,sgd,10,128,20000,0.05,0.9,0.0005,cuda,False,True,7,125,1067,0.07066558301448822
curriculum_hard,0,results_v3_main,results_v3_main,small_cnn,sgd,10,128,20000,0.05,0.9,0.0005,cuda,False,True,7,126,1068,-0.04458537697792053
curriculum_hard,0,results_v3_main,results_v3_main,small_cnn,sgd,10,128,20000,0.05,0.9,0.0005,cuda,False,True,7,127,1069,0.7266354560852051
curriculum_hard,0,results_v3_main,results_v3_main,small_cnn,sgd,10,128,20000,0.05,0.9,0.0005,cuda,False,True,7,128,1070,0.6982992887496948
curriculum_hard,0,results_v3_main,results_v3_main,small_cnn,sgd,10,128,20000,0.05,0.9,0.0005,cuda,False,True,7,129,1071,-0.2760261297225952
curriculum_hard,0,results_v3_main,results_v3_main,small_cnn,sgd,10,128,20000,0.05,0.9,0.0005,cuda,False,True,7,130,1072,0.11999936401844025
curriculum_hard,0,results_v3_main,results_v3_main,small_cnn,sgd,10,128,20000,0.05,0.9,0.0005,cuda,False,True,7,131,1073,0.35571056604385376
curriculum_hard,0,results_v3_main,results_v3_main,small_cnn,sgd,10,128,20000,0.05,0.9,0.0005,cuda,False,True,7,132,1074,0.6543357372283936
curriculum_hard,0,results_v3_main,results_v3_main,small_cnn,sgd,10,128,20000,0.05,0.9,0.0005,cuda,False,True,7,133,1075,0.7521727681159973
curriculum_hard,0,results_v3_main,results_v3_main,small_cnn,sgd,10,128,20000,0.05,0.9,0.0005,cuda,False,True,7,134,1076,0.17297662794589996
curriculum_hard,0,results_v3_main,results_v3_main,small_cnn,sgd,10,128,20000,0.05,0.9,0.0005,cuda,False,True,7,135,1077,0.39549028873443604
curriculum_hard,0,results_v3_main,results_v3_main,small_cnn,sgd,10,128,20000,0.05,0.9,0.0005,cuda,False,True,7,136,1078,-0.09014908224344254
curriculum_hard,0,results_v3_main,results_v3_main,small_cnn,sgd,10,128,20000,0.05,0.9,0.0005,cuda,False,True,7,137,1079,-0.12395171821117401
curriculum_hard,0,results_v3_main,results_v3_main,small_cnn,sgd,10,128,20000,0.05,0.9,0.0005,cuda,False,True,7,138,1080,0.12795978784561157
curriculum_hard,0,results_v3_main,results_v3_main,small_cnn,sgd,10,128,20000,0.05,0.9,0.0005,cuda,False,True,7,139,1081,0.59184730052948
curriculum_hard,0,results_v3_main,results_v3_main,small_cnn,sgd,10,128,20000,0.05,0.9,0.0005,cuda,False,True,7,140,1082,0.32484909892082214
curriculum_hard,0,results_v3_main,results_v3_main,small_cnn,sgd,10,128,20000,0.05,0.9,0.0005,cuda,False,True,7,141,1083,0.11735865473747253
curriculum_hard,0,results_v3_main,results_v3_main,small_cnn,sgd,10,128,20000,0.05,0.9,0.0005,cuda,False,True,7,142,1084,0.4844207763671875
curriculum_hard,0,results_v3_main,results_v3_main,small_cnn,sgd,10,128,20000,0.05,0.9,0.0005,cuda,False,True,7,143,1085,-0.5784198045730591
curriculum_hard,0,results_v3_main,results_v3_main,small_cnn,sgd,10,128,20000,0.05,0.9,0.0005,cuda,False,True,7,144,1086,0.1303640753030777
curriculum_hard,0,results_v3_main,results_v3_main,small_cnn,sgd,10,128,20000,0.05,0.9,0.0005,cuda,False,True,7,145,1087,-0.18287792801856995
curriculum_hard,0,results_v3_main,results_v3_main,small_cnn,sgd,10,128,20000,0.05,0.9,0.0005,cuda,False,True,7,146,1088,0.09318649023771286
curriculum_hard,0,results_v3_main,results_v3_main,small_cnn,sgd,10,128,20000,0.05,0.9,0.0005,cuda,False,True,7,147,1089,-0.3898753523826599
curriculum_hard,0,results_v3_main,results_v3_main,small_cnn,sgd,10,128,20000,0.05,0.9,0.0005,cuda,False,True,7,148,1090,0.47253888845443726
curriculum_hard,0,results_v3_main,results_v3_main,small_cnn,sgd,10,128,20000,0.05,0.9,0.0005,cuda,False,True,7,149,1091,0.6566058397293091
curriculum_hard,0,results_v3_main,results_v3_main,small_cnn,sgd,10,128,20000,0.05,0.9,0.0005,cuda,False,True,7,150,1092,0.732187807559967
curriculum_hard,0,results_v3_main,results_v3_main,small_cnn,sgd,10,128,20000,0.05,0.9,0.0005,cuda,False,True,7,151,1093,0.041867226362228394
curriculum_hard,0,results_v3_main,results_v3_main,small_cnn,sgd,10,128,20000,0.05,0.9,0.0005,cuda,False,True,7,152,1094,0.6841472387313843
curriculum_hard,0,results_v3_main,results_v3_main,small_cnn,sgd,10,128,20000,0.05,0.9,0.0005,cuda,False,True,7,153,1095,0.752435564994812
curriculum_hard,0,results_v3_main,results_v3_main,small_cnn,sgd,10,128,20000,0.05,0.9,0.0005,cuda,False,True,7,154,1096,0.02281472086906433
curriculum_hard,0,results_v3_main,results_v3_main,small_cnn,sgd,10,128,20000,0.05,0.9,0.0005,cuda,False,True,7,155,1097,0.27800267934799194
curriculum_hard,0,results_v3_main,results_v3_main,small_cnn,sgd,10,128,20000,0.05,0.9,0.0005,cuda,False,True,7,156,1098,0.5709184408187866
curriculum_hard,0,results_v3_main,results_v3_main,small_cnn,sgd,10,128,20000,0.05,0.9,0.0005,cuda,False,True,7,157,1099,0.5336630940437317
curriculum_hard,0,results_v3_main,results_v3_main,small_cnn,sgd,10,128,20000,0.05,0.9,0.0005,cuda,False,True,8,1,1100,-0.12016890943050385
curriculum_hard,0,results_v3_main,results_v3_main,small_cnn,sgd,10,128,20000,0.05,0.9,0.0005,cuda,False,True,8,2,1101,0.3800934851169586
curriculum_hard,0,results_v3_main,results_v3_main,small_cnn,sgd,10,128,20000,0.05,0.9,0.0005,cuda,False,True,8,3,1102,0.6237151026725769
curriculum_hard,0,results_v3_main,results_v3_main,small_cnn,sgd,10,128,20000,0.05,0.9,0.0005,cuda,False,True,8,4,1103,0.18795742094516754
curriculum_hard,0,results_v3_main,results_v3_main,small_cnn,sgd,10,128,20000,0.05,0.9,0.0005,cuda,False,True,8,5,1104,0.41808339953422546
curriculum_hard,0,results_v3_main,results_v3_main,small_cnn,sgd,10,128,20000,0.05,0.9,0.0005,cuda,False,True,8,6,1105,0.7143101692199707
curriculum_hard,0,results_v3_main,results_v3_main,small_cnn,sgd,10,128,20000,0.05,0.9,0.0005,cuda,False,True,8,7,1106,0.4228631258010864
curriculum_hard,0,results_v3_main,results_v3_main,small_cnn,sgd,10,128,20000,0.05,0.9,0.0005,cuda,False,True,8,8,1107,0.4135553240776062
curriculum_hard,0,results_v3_main,results_v3_main,small_cnn,sgd,10,128,20000,0.05,0.9,0.0005,cuda,False,True,8,9,1108,0.3475399911403656
curriculum_hard,0,results_v3_main,results_v3_main,small_cnn,sgd,10,128,20000,0.05,0.9,0.0005,cuda,False,True,8,10,1109,0.23055610060691833
curriculum_hard,0,results_v3_main,results_v3_main,small_cnn,sgd,10,128,20000,0.05,0.9,0.0005,cuda,False,True,8,11,1110,0.3892281651496887
curriculum_hard,0,results_v3_main,results_v3_main,small_cnn,sgd,10,128,20000,0.05,0.9,0.0005,cuda,False,True,8,12,1111,0.41282889246940613
curriculum_hard,0,results_v3_main,results_v3_main,small_cnn,sgd,10,128,20000,0.05,0.9,0.0005,cuda,False,True,8,13,1112,0.6016941666603088
curriculum_hard,0,results_v3_main,results_v3_main,small_cnn,sgd,10,128,20000,0.05,0.9,0.0005,cuda,False,True,8,14,1113,0.5477742552757263
curriculum_hard,0,results_v3_main,results_v3_main,small_cnn,sgd,10,128,20000,0.05,0.9,0.0005,cuda,False,True,8,15,1114,0.21182939410209656
curriculum_hard,0,results_v3_main,results_v3_main,small_cnn,sgd,10,128,20000,0.05,0.9,0.0005,cuda,False,True,8,16,1115,0.5543505549430847
curriculum_hard,0,results_v3_main,results_v3_main,small_cnn,sgd,10,128,20000,0.05,0.9,0.0005,cuda,False,True,8,17,1116,0.3923436999320984
curriculum_hard,0,results_v3_main,results_v3_main,small_cnn,sgd,10,128,20000,0.05,0.9,0.0005,cuda,False,True,8,18,1117,0.3912910223007202
curriculum_hard,0,results_v3_main,results_v3_main,small_cnn,sgd,10,128,20000,0.05,0.9,0.0005,cuda,False,True,8,19,1118,0.2692188024520874
curriculum_hard,0,results_v3_main,results_v3_main,small_cnn,sgd,10,128,20000,0.05,0.9,0.0005,cuda,False,True,8,20,1119,0.3519848585128784
curriculum_hard,0,results_v3_main,results_v3_main,small_cnn,sgd,10,128,20000,0.05,0.9,0.0005,cuda,False,True,8,21,1120,0.43682214617729187
curriculum_hard,0,results_v3_main,results_v3_main,small_cnn,sgd,10,128,20000,0.05,0.9,0.0005,cuda,False,True,8,22,1121,0.4822009205818176
curriculum_hard,0,results_v3_main,results_v3_main,small_cnn,sgd,10,128,20000,0.05,0.9,0.0005,cuda,False,True,8,23,1122,0.4851047396659851
curriculum_hard,0,results_v3_main,results_v3_main,small_cnn,sgd,10,128,20000,0.05,0.9,0.0005,cuda,False,True,8,24,1123,0.29932260513305664
curriculum_hard,0,results_v3_main,results_v3_main,small_cnn,sgd,10,128,20000,0.05,0.9,0.0005,cuda,False,True,8,25,1124,0.26351386308670044
curriculum_hard,0,results_v3_main,results_v3_main,small_cnn,sgd,10,128,20000,0.05,0.9,0.0005,cuda,False,True,8,26,1125,0.3001459836959839
curriculum_hard,0,results_v3_main,results_v3_main,small_cnn,sgd,10,128,20000,0.05,0.9,0.0005,cuda,False,True,8,27,1126,0.1931636780500412
curriculum_hard,0,results_v3_main,results_v3_main,small_cnn,sgd,10,128,20000,0.05,0.9,0.0005,cuda,False,True,8,28,1127,0.4990902245044708
curriculum_hard,0,results_v3_main,results_v3_main,small_cnn,sgd,10,128,20000,0.05,0.9,0.0005,cuda,False,True,8,29,1128,0.23692238330841064
curriculum_hard,0,results_v3_main,results_v3_main,small_cnn,sgd,10,128,20000,0.05,0.9,0.0005,cuda,False,True,8,30,1129,0.3486928939819336
curriculum_hard,0,results_v3_main,results_v3_main,small_cnn,sgd,10,128,20000,0.05,0.9,0.0005,cuda,False,True,8,31,1130,0.4649122357368469
curriculum_hard,0,results_v3_main,results_v3_main,small_cnn,sgd,10,128,20000,0.05,0.9,0.0005,cuda,False,True,8,32,1131,0.5528728365898132
curriculum_hard,0,results_v3_main,results_v3_main,small_cnn,sgd,10,128,20000,0.05,0.9,0.0005,cuda,False,True,8,33,1132,0.009905874729156494
curriculum_hard,0,results_v3_main,results_v3_main,small_cnn,sgd,10,128,20000,0.05,0.9,0.0005,cuda,False,True,8,34,1133,-0.15633845329284668
curriculum_hard,0,results_v3_main,results_v3_main,small_cnn,sgd,10,128,20000,0.05,0.9,0.0005,cuda,False,True,8,35,1134,-0.0013231346383690834
curriculum_hard,0,results_v3_main,results_v3_main,small_cnn,sgd,10,128,20000,0.05,0.9,0.0005,cuda,False,True,8,36,1135,-0.1406797468662262
curriculum_hard,0,results_v3_main,results_v3_main,small_cnn,sgd,10,128,20000,0.05,0.9,0.0005,cuda,False,True,8,37,1136,-0.05271733179688454
curriculum_hard,0,results_v3_main,results_v3_main,small_cnn,sgd,10,128,20000,0.05,0.9,0.0005,cuda,False,True,8,38,1137,0.16586646437644958
curriculum_hard,0,results_v3_main,results_v3_main,small_cnn,sgd,10,128,20000,0.05,0.9,0.0005,cuda,False,True,8,39,1138,0.29592812061309814
curriculum_hard,0,results_v3_main,results_v3_main,small_cnn,sgd,10,128,20000,0.05,0.9,0.0005,cuda,False,True,8,40,1139,0.07123733311891556
curriculum_hard,0,results_v3_main,results_v3_main,small_cnn,sgd,10,128,20000,0.05,0.9,0.0005,cuda,False,True,8,41,1140,-0.09900805354118347
curriculum_hard,0,results_v3_main,results_v3_main,small_cnn,sgd,10,128,20000,0.05,0.9,0.0005,cuda,False,True,8,42,1141,-0.07982104271650314
curriculum_hard,0,results_v3_main,results_v3_main,small_cnn,sgd,10,128,20000,0.05,0.9,0.0005,cuda,False,True,8,43,1142,-0.12177019566297531
curriculum_hard,0,results_v3_main,results_v3_main,small_cnn,sgd,10,128,20000,0.05,0.9,0.0005,cuda,False,True,8,44,1143,-0.025442257523536682
curriculum_hard,0,results_v3_main,results_v3_main,small_cnn,sgd,10,128,20000,0.05,0.9,0.0005,cuda,False,True,8,45,1144,0.4462519586086273
curriculum_hard,0,results_v3_main,results_v3_main,small_cnn,sgd,10,128,20000,0.05,0.9,0.0005,cuda,False,True,8,46,1145,0.1275048702955246
curriculum_hard,0,results_v3_main,results_v3_main,small_cnn,sgd,10,128,20000,0.05,0.9,0.0005,cuda,False,True,8,47,1146,-0.20544803142547607
curriculum_hard,0,results_v3_main,results_v3_main,small_cnn,sgd,10,128,20000,0.05,0.9,0.0005,cuda,False,True,8,48,1147,0.3637528717517853
curriculum_hard,0,results_v3_main,results_v3_main,small_cnn,sgd,10,128,20000,0.05,0.9,0.0005,cuda,False,True,8,49,1148,0.16467921435832977
curriculum_hard,0,results_v3_main,results_v3_main,small_cnn,sgd,10,128,20000,0.05,0.9,0.0005,cuda,False,True,8,50,1149,0.39849621057510376
curriculum_hard,0,results_v3_main,results_v3_main,small_cnn,sgd,10,128,20000,0.05,0.9,0.0005,cuda,False,True,8,51,1150,0.5458208322525024
curriculum_hard,0,results_v3_main,results_v3_main,small_cnn,sgd,10,128,20000,0.05,0.9,0.0005,cuda,False,True,8,52,1151,-0.37621748447418213
curriculum_hard,0,results_v3_main,results_v3_main,small_cnn,sgd,10,128,20000,0.05,0.9,0.0005,cuda,False,True,8,53,1152,0.35083669424057007
curriculum_hard,0,results_v3_main,results_v3_main,small_cnn,sgd,10,128,20000,0.05,0.9,0.0005,cuda,False,True,8,54,1153,0.5590113401412964
curriculum_hard,0,results_v3_main,results_v3_main,small_cnn,sgd,10,128,20000,0.05,0.9,0.0005,cuda,False,True,8,55,1154,0.46790045499801636
curriculum_hard,0,results_v3_main,results_v3_main,small_cnn,sgd,10,128,20000,0.05,0.9,0.0005,cuda,False,True,8,56,1155,0.017332958057522774
curriculum_hard,0,results_v3_main,results_v3_main,small_cnn,sgd,10,128,20000,0.05,0.9,0.0005,cuda,False,True,8,57,1156,0.10211087763309479
curriculum_hard,0,results_v3_main,results_v3_main,small_cnn,sgd,10,128,20000,0.05,0.9,0.0005,cuda,False,True,8,58,1157,-0.05504690110683441
curriculum_hard,0,results_v3_main,results_v3_main,small_cnn,sgd,10,128,20000,0.05,0.9,0.0005,cuda,False,True,8,59,1158,0.4481680691242218
curriculum_hard,0,results_v3_main,results_v3_main,small_cnn,sgd,10,128,20000,0.05,0.9,0.0005,cuda,False,True,8,60,1159,0.38332676887512207
curriculum_hard,0,results_v3_main,results_v3_main,small_cnn,sgd,10,128,20000,0.05,0.9,0.0005,cuda,False,True,8,61,1160,0.026538217440247536
curriculum_hard,0,results_v3_main,results_v3_main,small_cnn,sgd,10,128,20000,0.05,0.9,0.0005,cuda,False,True,8,62,1161,0.5315099358558655
curriculum_hard,0,results_v3_main,results_v3_main,small_cnn,sgd,10,128,20000,0.05,0.9,0.0005,cuda,False,True,8,63,1162,0.26826703548431396
curriculum_hard,0,results_v3_main,results_v3_main,small_cnn,sgd,10,128,20000,0.05,0.9,0.0005,cuda,False,True,8,64,1163,0.37338095903396606
curriculum_hard,0,results_v3_main,results_v3_main,small_cnn,sgd,10,128,20000,0.05,0.9,0.0005,cuda,False,True,8,65,1164,0.4239702820777893
curriculum_hard,0,results_v3_main,results_v3_main,small_cnn,sgd,10,128,20000,0.05,0.9,0.0005,cuda,False,True,8,66,1165,0.45050448179244995
curriculum_hard,0,results_v3_main,results_v3_main,small_cnn,sgd,10,128,20000,0.05,0.9,0.0005,cuda,False,True,8,67,1166,0.37304991483688354
curriculum_hard,0,results_v3_main,results_v3_main,small_cnn,sgd,10,128,20000,0.05,0.9,0.0005,cuda,False,True,8,68,1167,0.08754931390285492
curriculum_hard,0,results_v3_main,results_v3_main,small_cnn,sgd,10,128,20000,0.05,0.9,0.0005,cuda,False,True,8,69,1168,0.1362467259168625
curriculum_hard,0,results_v3_main,results_v3_main,small_cnn,sgd,10,128,20000,0.05,0.9,0.0005,cuda,False,True,8,70,1169,0.5283646583557129
curriculum_hard,0,results_v3_main,results_v3_main,small_cnn,sgd,10,128,20000,0.05,0.9,0.0005,cuda,False,True,8,71,1170,0.47153401374816895
curriculum_hard,0,results_v3_main,results_v3_main,small_cnn,sgd,10,128,20000,0.05,0.9,0.0005,cuda,False,True,8,72,1171,0.09955769777297974
curriculum_hard,0,results_v3_main,results_v3_main,small_cnn,sgd,10,128,20000,0.05,0.9,0.0005,cuda,False,True,8,73,1172,0.058042239397764206
curriculum_hard,0,results_v3_main,results_v3_main,small_cnn,sgd,10,128,20000,0.05,0.9,0.0005,cuda,False,True,8,74,1173,0.1447676420211792
curriculum_hard,0,results_v3_main,results_v3_main,small_cnn,sgd,10,128,20000,0.05,0.9,0.0005,cuda,False,True,8,75,1174,-0.1280708909034729
curriculum_hard,0,results_v3_main,results_v3_main,small_cnn,sgd,10,128,20000,0.05,0.9,0.0005,cuda,False,True,8,76,1175,0.12473147362470627
curriculum_hard,0,results_v3_main,results_v3_main,small_cnn,sgd,10,128,20000,0.05,0.9,0.0005,cuda,False,True,8,77,1176,-0.4109470844268799
curriculum_hard,0,results_v3_main,results_v3_main,small_cnn,sgd,10,128,20000,0.05,0.9,0.0005,cuda,False,True,8,78,1177,0.4152935743331909
curriculum_hard,0,results_v3_main,results_v3_main,small_cnn,sgd,10,128,20000,0.05,0.9,0.0005,cuda,False,True,8,79,1178,0.5013386011123657
curriculum_hard,0,results_v3_main,results_v3_main,small_cnn,sgd,10,128,20000,0.05,0.9,0.0005,cuda,False,True,8,80,1179,0.1523737907409668
curriculum_hard,0,results_v3_main,results_v3_main,small_cnn,sgd,10,128,20000,0.05,0.9,0.0005,cuda,False,True,8,81,1180,0.13786417245864868
curriculum_hard,0,results_v3_main,results_v3_main,small_cnn,sgd,10,128,20000,0.05,0.9,0.0005,cuda,False,True,8,82,1181,0.4829246997833252
curriculum_hard,0,results_v3_main,results_v3_main,small_cnn,sgd,10,128,20000,0.05,0.9,0.0005,cuda,False,True,8,83,1182,0.47410356998443604
curriculum_hard,0,results_v3_main,results_v3_main,small_cnn,sgd,10,128,20000,0.05,0.9,0.0005,cuda,False,True,8,84,1183,0.4407994747161865
curriculum_hard,0,results_v3_main,results_v3_main,small_cnn,sgd,10,128,20000,0.05,0.9,0.0005,cuda,False,True,8,85,1184,-0.005964300595223904
curriculum_hard,0,results_v3_main,results_v3_main,small_cnn,sgd,10,128,20000,0.05,0.9,0.0005,cuda,False,True,8,86,1185,0.2526340186595917
curriculum_hard,0,results_v3_main,results_v3_main,small_cnn,sgd,10,128,20000,0.05,0.9,0.0005,cuda,False,True,8,87,1186,0.3066971004009247
curriculum_hard,0,results_v3_main,results_v3_main,small_cnn,sgd,10,128,20000,0.05,0.9,0.0005,cuda,False,True,8,88,1187,0.22509241104125977
curriculum_hard,0,results_v3_main,results_v3_main,small_cnn,sgd,10,128,20000,0.05,0.9,0.0005,cuda,False,True,8,89,1188,0.4004189372062683
curriculum_hard,0,results_v3_main,results_v3_main,small_cnn,sgd,10,128,20000,0.05,0.9,0.0005,cuda,False,True,8,90,1189,0.4155620336532593
curriculum_hard,0,results_v3_main,results_v3_main,small_cnn,sgd,10,128,20000,0.05,0.9,0.0005,cuda,False,True,8,91,1190,-0.0708613470196724
curriculum_hard,0,results_v3_main,results_v3_main,small_cnn,sgd,10,128,20000,0.05,0.9,0.0005,cuda,False,True,8,92,1191,0.027004824951291084
curriculum_hard,0,results_v3_main,results_v3_main,small_cnn,sgd,10,128,20000,0.05,0.9,0.0005,cuda,False,True,8,93,1192,0.12585684657096863
curriculum_hard,0,results_v3_main,results_v3_main,small_cnn,sgd,10,128,20000,0.05,0.9,0.0005,cuda,False,True,8,94,1193,0.33979910612106323
curriculum_hard,0,results_v3_main,results_v3_main,small_cnn,sgd,10,128,20000,0.05,0.9,0.0005,cuda,False,True,8,95,1194,0.14208759367465973
curriculum_hard,0,results_v3_main,results_v3_main,small_cnn,sgd,10,128,20000,0.05,0.9,0.0005,cuda,False,True,8,96,1195,0.18482176959514618
curriculum_hard,0,results_v3_main,results_v3_main,small_cnn,sgd,10,128,20000,0.05,0.9,0.0005,cuda,False,True,8,97,1196,-0.009534470736980438
curriculum_hard,0,results_v3_main,results_v3_main,small_cnn,sgd,10,128,20000,0.05,0.9,0.0005,cuda,False,True,8,98,1197,-0.4532354772090912
curriculum_hard,0,results_v3_main,results_v3_main,small_cnn,sgd,10,128,20000,0.05,0.9,0.0005,cuda,False,True,8,99,1198,-0.230730339884758
curriculum_hard,0,results_v3_main,results_v3_main,small_cnn,sgd,10,128,20000,0.05,0.9,0.0005,cuda,False,True,8,100,1199,0.10052867233753204
curriculum_hard,0,results_v3_main,results_v3_main,small_cnn,sgd,10,128,20000,0.05,0.9,0.0005,cuda,False,True,8,101,1200,0.03728840500116348
curriculum_hard,0,results_v3_main,results_v3_main,small_cnn,sgd,10,128,20000,0.05,0.9,0.0005,cuda,False,True,8,102,1201,-0.4414849281311035
curriculum_hard,0,results_v3_main,results_v3_main,small_cnn,sgd,10,128,20000,0.05,0.9,0.0005,cuda,False,True,8,103,1202,-0.16320525109767914
curriculum_hard,0,results_v3_main,results_v3_main,small_cnn,sgd,10,128,20000,0.05,0.9,0.0005,cuda,False,True,8,104,1203,0.31998899579048157
curriculum_hard,0,results_v3_main,results_v3_main,small_cnn,sgd,10,128,20000,0.05,0.9,0.0005,cuda,False,True,8,105,1204,0.1242578998208046
curriculum_hard,0,results_v3_main,results_v3_main,small_cnn,sgd,10,128,20000,0.05,0.9,0.0005,cuda,False,True,8,106,1205,0.42798659205436707
curriculum_hard,0,results_v3_main,results_v3_main,small_cnn,sgd,10,128,20000,0.05,0.9,0.0005,cuda,False,True,8,107,1206,-0.050112634897232056
curriculum_hard,0,results_v3_main,results_v3_main,small_cnn,sgd,10,128,20000,0.05,0.9,0.0005,cuda,False,True,8,108,1207,-0.15207183361053467
curriculum_hard,0,results_v3_main,results_v3_main,small_cnn,sgd,10,128,20000,0.05,0.9,0.0005,cuda,False,True,8,109,1208,0.388985276222229
curriculum_hard,0,results_v3_main,results_v3_main,small_cnn,sgd,10,128,20000,0.05,0.9,0.0005,cuda,False,True,8,110,1209,0.5928704738616943
curriculum_hard,0,results_v3_main,results_v3_main,small_cnn,sgd,10,128,20000,0.05,0.9,0.0005,cuda,False,True,8,111,1210,0.495078444480896
curriculum_hard,0,results_v3_main,results_v3_main,small_cnn,sgd,10,128,20000,0.05,0.9,0.0005,cuda,False,True,8,112,1211,-0.33124610781669617
curriculum_hard,0,results_v3_main,results_v3_main,small_cnn,sgd,10,128,20000,0.05,0.9,0.0005,cuda,False,True,8,113,1212,0.30869612097740173
curriculum_hard,0,results_v3_main,results_v3_main,small_cnn,sgd,10,128,20000,0.05,0.9,0.0005,cuda,False,True,8,114,1213,0.46919766068458557
curriculum_hard,0,results_v3_main,results_v3_main,small_cnn,sgd,10,128,20000,0.05,0.9,0.0005,cuda,False,True,8,115,1214,0.5807639360427856
curriculum_hard,0,results_v3_main,results_v3_main,small_cnn,sgd,10,128,20000,0.05,0.9,0.0005,cuda,False,True,8,116,1215,0.2869167625904083
curriculum_hard,0,results_v3_main,results_v3_main,small_cnn,sgd,10,128,20000,0.05,0.9,0.0005,cuda,False,True,8,117,1216,0.5866861939430237
curriculum_hard,0,results_v3_main,results_v3_main,small_cnn,sgd,10,128,20000,0.05,0.9,0.0005,cuda,False,True,8,118,1217,-0.11227057129144669
curriculum_hard,0,results_v3_main,results_v3_main,small_cnn,sgd,10,128,20000,0.05,0.9,0.0005,cuda,False,True,8,119,1218,0.5390161275863647
curriculum_hard,0,results_v3_main,results_v3_main,small_cnn,sgd,10,128,20000,0.05,0.9,0.0005,cuda,False,True,8,120,1219,0.7454034090042114
curriculum_hard,0,results_v3_main,results_v3_main,small_cnn,sgd,10,128,20000,0.05,0.9,0.0005,cuda,False,True,8,121,1220,-0.0012301057577133179
curriculum_hard,0,results_v3_main,results_v3_main,small_cnn,sgd,10,128,20000,0.05,0.9,0.0005,cuda,False,True,8,122,1221,-0.17051255702972412
curriculum_hard,0,results_v3_main,results_v3_main,small_cnn,sgd,10,128,20000,0.05,0.9,0.0005,cuda,False,True,8,123,1222,-0.3249289393424988
curriculum_hard,0,results_v3_main,results_v3_main,small_cnn,sgd,10,128,20000,0.05,0.9,0.0005,cuda,False,True,8,124,1223,-0.3236243724822998
curriculum_hard,0,results_v3_main,results_v3_main,small_cnn,sgd,10,128,20000,0.05,0.9,0.0005,cuda,False,True,8,125,1224,-0.18095466494560242
curriculum_hard,0,results_v3_main,results_v3_main,small_cnn,sgd,10,128,20000,0.05,0.9,0.0005,cuda,False,True,8,126,1225,0.09087814390659332
curriculum_hard,0,results_v3_main,results_v3_main,small_cnn,sgd,10,128,20000,0.05,0.9,0.0005,cuda,False,True,8,127,1226,0.5717511773109436
curriculum_hard,0,results_v3_main,results_v3_main,small_cnn,sgd,10,128,20000,0.05,0.9,0.0005,cuda,False,True,8,128,1227,0.6210613250732422
curriculum_hard,0,results_v3_main,results_v3_main,small_cnn,sgd,10,128,20000,0.05,0.9,0.0005,cuda,False,True,8,129,1228,-0.03352498635649681
curriculum_hard,0,results_v3_main,results_v3_main,small_cnn,sgd,10,128,20000,0.05,0.9,0.0005,cuda,False,True,8,130,1229,0.11375497281551361
curriculum_hard,0,results_v3_main,results_v3_main,small_cnn,sgd,10,128,20000,0.05,0.9,0.0005,cuda,False,True,8,131,1230,0.1992805153131485
curriculum_hard,0,results_v3_main,results_v3_main,small_cnn,sgd,10,128,20000,0.05,0.9,0.0005,cuda,False,True,8,132,1231,0.4961217939853668
curriculum_hard,0,results_v3_main,results_v3_main,small_cnn,sgd,10,128,20000,0.05,0.9,0.0005,cuda,False,True,8,133,1232,0.5039861798286438
curriculum_hard,0,results_v3_main,results_v3_main,small_cnn,sgd,10,128,20000,0.05,0.9,0.0005,cuda,False,True,8,134,1233,0.015508383512496948
curriculum_hard,0,results_v3_main,results_v3_main,small_cnn,sgd,10,128,20000,0.05,0.9,0.0005,cuda,False,True,8,135,1234,0.46573156118392944
curriculum_hard,0,results_v3_main,results_v3_main,small_cnn,sgd,10,128,20000,0.05,0.9,0.0005,cuda,False,True,8,136,1235,-0.2200619876384735
curriculum_hard,0,results_v3_main,results_v3_main,small_cnn,sgd,10,128,20000,0.05,0.9,0.0005,cuda,False,True,8,137,1236,-0.2019314020872116
curriculum_hard,0,results_v3_main,results_v3_main,small_cnn,sgd,10,128,20000,0.05,0.9,0.0005,cuda,False,True,8,138,1237,0.026057280600070953
curriculum_hard,0,results_v3_main,results_v3_main,small_cnn,sgd,10,128,20000,0.05,0.9,0.0005,cuda,False,True,8,139,1238,0.29969117045402527
curriculum_hard,0,results_v3_main,results_v3_main,small_cnn,sgd,10,128,20000,0.05,0.9,0.0005,cuda,False,True,8,140,1239,0.019686415791511536
curriculum_hard,0,results_v3_main,results_v3_main,small_cnn,sgd,10,128,20000,0.05,0.9,0.0005,cuda,False,True,8,141,1240,-0.016058649867773056
curriculum_hard,0,results_v3_main,results_v3_main,small_cnn,sgd,10,128,20000,0.05,0.9,0.0005,cuda,False,True,8,142,1241,0.36933109164237976
curriculum_hard,0,results_v3_main,results_v3_main,small_cnn,sgd,10,128,20000,0.05,0.9,0.0005,cuda,False,True,8,143,1242,-0.6321868896484375
curriculum_hard,0,results_v3_main,results_v3_main,small_cnn,sgd,10,128,20000,0.05,0.9,0.0005,cuda,False,True,8,144,1243,-0.2260109931230545
curriculum_hard,0,results_v3_main,results_v3_main,small_cnn,sgd,10,128,20000,0.05,0.9,0.0005,cuda,False,True,8,145,1244,-0.28269532322883606
curriculum_hard,0,results_v3_main,results_v3_main,small_cnn,sgd,10,128,20000,0.05,0.9,0.0005,cuda,False,True,8,146,1245,-0.14215059578418732
curriculum_hard,0,results_v3_main,results_v3_main,small_cnn,sgd,10,128,20000,0.05,0.9,0.0005,cuda,False,True,8,147,1246,-0.37027454376220703
curriculum_hard,0,results_v3_main,results_v3_main,small_cnn,sgd,10,128,20000,0.05,0.9,0.0005,cuda,False,True,8,148,1247,0.608745276927948
curriculum_hard,0,results_v3_main,results_v3_main,small_cnn,sgd,10,128,20000,0.05,0.9,0.0005,cuda,False,True,8,149,1248,0.6171437501907349
curriculum_hard,0,results_v3_main,results_v3_main,small_cnn,sgd,10,128,20000,0.05,0.9,0.0005,cuda,False,True,8,150,1249,0.5700605511665344
curriculum_hard,0,results_v3_main,results_v3_main,small_cnn,sgd,10,128,20000,0.05,0.9,0.0005,cuda,False,True,8,151,1250,-0.11058937013149261
curriculum_hard,0,results_v3_main,results_v3_main,small_cnn,sgd,10,128,20000,0.05,0.9,0.0005,cuda,False,True,8,152,1251,0.785712718963623
curriculum_hard,0,results_v3_main,results_v3_main,small_cnn,sgd,10,128,20000,0.05,0.9,0.0005,cuda,False,True,8,153,1252,0.8281961679458618
curriculum_hard,0,results_v3_main,results_v3_main,small_cnn,sgd,10,128,20000,0.05,0.9,0.0005,cuda,False,True,8,154,1253,0.020990606397390366
curriculum_hard,0,results_v3_main,results_v3_main,small_cnn,sgd,10,128,20000,0.05,0.9,0.0005,cuda,False,True,8,155,1254,0.6040518283843994
curriculum_hard,0,results_v3_main,results_v3_main,small_cnn,sgd,10,128,20000,0.05,0.9,0.0005,cuda,False,True,8,156,1255,0.6209697127342224
curriculum_hard,0,results_v3_main,results_v3_main,small_cnn,sgd,10,128,20000,0.05,0.9,0.0005,cuda,False,True,8,157,1256,0.6128374934196472
curriculum_hard,0,results_v3_main,results_v3_main,small_cnn,sgd,10,128,20000,0.05,0.9,0.0005,cuda,False,True,9,1,1257,-0.028854984790086746
curriculum_hard,0,results_v3_main,results_v3_main,small_cnn,sgd,10,128,20000,0.05,0.9,0.0005,cuda,False,True,9,2,1258,0.4177902340888977
curriculum_hard,0,results_v3_main,results_v3_main,small_cnn,sgd,10,128,20000,0.05,0.9,0.0005,cuda,False,True,9,3,1259,0.5325340032577515
curriculum_hard,0,results_v3_main,results_v3_main,small_cnn,sgd,10,128,20000,0.05,0.9,0.0005,cuda,False,True,9,4,1260,0.14742882549762726
curriculum_hard,0,results_v3_main,results_v3_main,small_cnn,sgd,10,128,20000,0.05,0.9,0.0005,cuda,False,True,9,5,1261,0.5648282170295715
curriculum_hard,0,results_v3_main,results_v3_main,small_cnn,sgd,10,128,20000,0.05,0.9,0.0005,cuda,False,True,9,6,1262,0.5471524596214294
curriculum_hard,0,results_v3_main,results_v3_main,small_cnn,sgd,10,128,20000,0.05,0.9,0.0005,cuda,False,True,9,7,1263,0.5048573017120361
curriculum_hard,0,results_v3_main,results_v3_main,small_cnn,sgd,10,128,20000,0.05,0.9,0.0005,cuda,False,True,9,8,1264,0.4003363251686096
curriculum_hard,0,results_v3_main,results_v3_main,small_cnn,sgd,10,128,20000,0.05,0.9,0.0005,cuda,False,True,9,9,1265,0.5104458332061768
curriculum_hard,0,results_v3_main,results_v3_main,small_cnn,sgd,10,128,20000,0.05,0.9,0.0005,cuda,False,True,9,10,1266,0.42744991183280945
curriculum_hard,0,results_v3_main,results_v3_main,small_cnn,sgd,10,128,20000,0.05,0.9,0.0005,cuda,False,True,9,11,1267,0.2294045090675354
curriculum_hard,0,results_v3_main,results_v3_main,small_cnn,sgd,10,128,20000,0.05,0.9,0.0005,cuda,False,True,9,12,1268,0.196478471159935
curriculum_hard,0,results_v3_main,results_v3_main,small_cnn,sgd,10,128,20000,0.05,0.9,0.0005,cuda,False,True,9,13,1269,0.39921149611473083
curriculum_hard,0,results_v3_main,results_v3_main,small_cnn,sgd,10,128,20000,0.05,0.9,0.0005,cuda,False,True,9,14,1270,0.4243563115596771
curriculum_hard,0,results_v3_main,results_v3_main,small_cnn,sgd,10,128,20000,0.05,0.9,0.0005,cuda,False,True,9,15,1271,0.4071123003959656
curriculum_hard,0,results_v3_main,results_v3_main,small_cnn,sgd,10,128,20000,0.05,0.9,0.0005,cuda,False,True,9,16,1272,0.24753248691558838
curriculum_hard,0,results_v3_main,results_v3_main,small_cnn,sgd,10,128,20000,0.05,0.9,0.0005,cuda,False,True,9,17,1273,0.4081713855266571
curriculum_hard,0,results_v3_main,results_v3_main,small_cnn,sgd,10,128,20000,0.05,0.9,0.0005,cuda,False,True,9,18,1274,0.4469311237335205
curriculum_hard,0,results_v3_main,results_v3_main,small_cnn,sgd,10,128,20000,0.05,0.9,0.0005,cuda,False,True,9,19,1275,0.39277321100234985
curriculum_hard,0,results_v3_main,results_v3_main,small_cnn,sgd,10,128,20000,0.05,0.9,0.0005,cuda,False,True,9,20,1276,0.3972893953323364
curriculum_hard,0,results_v3_main,results_v3_main,small_cnn,sgd,10,128,20000,0.05,0.9,0.0005,cuda,False,True,9,21,1277,0.3613130450248718
curriculum_hard,0,results_v3_main,results_v3_main,small_cnn,sgd,10,128,20000,0.05,0.9,0.0005,cuda,False,True,9,22,1278,0.3363316059112549
curriculum_hard,0,results_v3_main,results_v3_main,small_cnn,sgd,10,128,20000,0.05,0.9,0.0005,cuda,False,True,9,23,1279,0.2067958563566208
curriculum_hard,0,results_v3_main,results_v3_main,small_cnn,sgd,10,128,20000,0.05,0.9,0.0005,cuda,False,True,9,24,1280,0.399800181388855
curriculum_hard,0,results_v3_main,results_v3_main,small_cnn,sgd,10,128,20000,0.05,0.9,0.0005,cuda,False,True,9,25,1281,0.39191681146621704
curriculum_hard,0,results_v3_main,results_v3_main,small_cnn,sgd,10,128,20000,0.05,0.9,0.0005,cuda,False,True,9,26,1282,0.5430442094802856
curriculum_hard,0,results_v3_main,results_v3_main,small_cnn,sgd,10,128,20000,0.05,0.9,0.0005,cuda,False,True,9,27,1283,0.32108747959136963
curriculum_hard,0,results_v3_main,results_v3_main,small_cnn,sgd,10,128,20000,0.05,0.9,0.0005,cuda,False,True,9,28,1284,0.5060255527496338
curriculum_hard,0,results_v3_main,results_v3_main,small_cnn,sgd,10,128,20000,0.05,0.9,0.0005,cuda,False,True,9,29,1285,0.4239416718482971
curriculum_hard,0,results_v3_main,results_v3_main,small_cnn,sgd,10,128,20000,0.05,0.9,0.0005,cuda,False,True,9,30,1286,0.24231432378292084
curriculum_hard,0,results_v3_main,results_v3_main,small_cnn,sgd,10,128,20000,0.05,0.9,0.0005,cuda,False,True,9,31,1287,0.06429857015609741
curriculum_hard,0,results_v3_main,results_v3_main,small_cnn,sgd,10,128,20000,0.05,0.9,0.0005,cuda,False,True,9,32,1288,0.5816537737846375
curriculum_hard,0,results_v3_main,results_v3_main,small_cnn,sgd,10,128,20000,0.05,0.9,0.0005,cuda,False,True,9,33,1289,0.21170753240585327
curriculum_hard,0,results_v3_main,results_v3_main,small_cnn,sgd,10,128,20000,0.05,0.9,0.0005,cuda,False,True,9,34,1290,0.22373484075069427
curriculum_hard,0,results_v3_main,results_v3_main,small_cnn,sgd,10,128,20000,0.05,0.9,0.0005,cuda,False,True,9,35,1291,0.3267619013786316
curriculum_hard,0,results_v3_main,results_v3_main,small_cnn,sgd,10,128,20000,0.05,0.9,0.0005,cuda,False,True,9,36,1292,-0.30031538009643555
curriculum_hard,0,results_v3_main,results_v3_main,small_cnn,sgd,10,128,20000,0.05,0.9,0.0005,cuda,False,True,9,37,1293,0.1946902871131897
curriculum_hard,0,results_v3_main,results_v3_main,small_cnn,sgd,10,128,20000,0.05,0.9,0.0005,cuda,False,True,9,38,1294,-0.12552239000797272
curriculum_hard,0,results_v3_main,results_v3_main,small_cnn,sgd,10,128,20000,0.05,0.9,0.0005,cuda,False,True,9,39,1295,0.2943442761898041
curriculum_hard,0,results_v3_main,results_v3_main,small_cnn,sgd,10,128,20000,0.05,0.9,0.0005,cuda,False,True,9,40,1296,0.31198981404304504
curriculum_hard,0,results_v3_main,results_v3_main,small_cnn,sgd,10,128,20000,0.05,0.9,0.0005,cuda,False,True,9,41,1297,0.014223560690879822
curriculum_hard,0,results_v3_main,results_v3_main,small_cnn,sgd,10,128,20000,0.05,0.9,0.0005,cuda,False,True,9,42,1298,-0.03816888481378555
curriculum_hard,0,results_v3_main,results_v3_main,small_cnn,sgd,10,128,20000,0.05,0.9,0.0005,cuda,False,True,9,43,1299,-0.20611107349395752
curriculum_hard,0,results_v3_main,results_v3_main,small_cnn,sgd,10,128,20000,0.05,0.9,0.0005,cuda,False,True,9,44,1300,0.12433144450187683
curriculum_hard,0,results_v3_main,results_v3_main,small_cnn,sgd,10,128,20000,0.05,0.9,0.0005,cuda,False,True,9,45,1301,0.48258811235427856
curriculum_hard,0,results_v3_main,results_v3_main,small_cnn,sgd,10,128,20000,0.05,0.9,0.0005,cuda,False,True,9,46,1302,-0.213654026389122
curriculum_hard,0,results_v3_main,results_v3_main,small_cnn,sgd,10,128,20000,0.05,0.9,0.0005,cuda,False,True,9,47,1303,0.2320401966571808
curriculum_hard,0,results_v3_main,results_v3_main,small_cnn,sgd,10,128,20000,0.05,0.9,0.0005,cuda,False,True,9,48,1304,0.5130942463874817
curriculum_hard,0,results_v3_main,results_v3_main,small_cnn,sgd,10,128,20000,0.05,0.9,0.0005,cuda,False,True,9,49,1305,-0.3021779954433441
curriculum_hard,0,results_v3_main,results_v3_main,small_cnn,sgd,10,128,20000,0.05,0.9,0.0005,cuda,False,True,9,50,1306,0.4532861113548279
curriculum_hard,0,results_v3_main,results_v3_main,small_cnn,sgd,10,128,20000,0.05,0.9,0.0005,cuda,False,True,9,51,1307,0.49518129229545593
curriculum_hard,0,results_v3_main,results_v3_main,small_cnn,sgd,10,128,20000,0.05,0.9,0.0005,cuda,False,True,9,52,1308,-0.1162322610616684
curriculum_hard,0,results_v3_main,results_v3_main,small_cnn,sgd,10,128,20000,0.05,0.9,0.0005,cuda,False,True,9,53,1309,0.25588998198509216
curriculum_hard,0,results_v3_main,results_v3_main,small_cnn,sgd,10,128,20000,0.05,0.9,0.0005,cuda,False,True,9,54,1310,0.4345037341117859
curriculum_hard,0,results_v3_main,results_v3_main,small_cnn,sgd,10,128,20000,0.05,0.9,0.0005,cuda,False,True,9,55,1311,0.34499505162239075
curriculum_hard,0,results_v3_main,results_v3_main,small_cnn,sgd,10,128,20000,0.05,0.9,0.0005,cuda,False,True,9,56,1312,0.052953921258449554
curriculum_hard,0,results_v3_main,results_v3_main,small_cnn,sgd,10,128,20000,0.05,0.9,0.0005,cuda,False,True,9,57,1313,0.003538709133863449
curriculum_hard,0,results_v3_main,results_v3_main,small_cnn,sgd,10,128,20000,0.05,0.9,0.0005,cuda,False,True,9,58,1314,-0.02197616919875145
curriculum_hard,0,results_v3_main,results_v3_main,small_cnn,sgd,10,128,20000,0.05,0.9,0.0005,cuda,False,True,9,59,1315,0.6818857192993164
curriculum_hard,0,results_v3_main,results_v3_main,small_cnn,sgd,10,128,20000,0.05,0.9,0.0005,cuda,False,True,9,60,1316,0.41816550493240356
curriculum_hard,0,results_v3_main,results_v3_main,small_cnn,sgd,10,128,20000,0.05,0.9,0.0005,cuda,False,True,9,61,1317,-0.022211892530322075
curriculum_hard,0,results_v3_main,results_v3_main,small_cnn,sgd,10,128,20000,0.05,0.9,0.0005,cuda,False,True,9,62,1318,0.3700568377971649
curriculum_hard,0,results_v3_main,results_v3_main,small_cnn,sgd,10,128,20000,0.05,0.9,0.0005,cuda,False,True,9,63,1319,0.11531727761030197
curriculum_hard,0,results_v3_main,results_v3_main,small_cnn,sgd,10,128,20000,0.05,0.9,0.0005,cuda,False,True,9,64,1320,0.3324110209941864
curriculum_hard,0,results_v3_main,results_v3_main,small_cnn,sgd,10,128,20000,0.05,0.9,0.0005,cuda,False,True,9,65,1321,0.33225348591804504
curriculum_hard,0,results_v3_main,results_v3_main,small_cnn,sgd,10,128,20000,0.05,0.9,0.0005,cuda,False,True,9,66,1322,0.32231149077415466
curriculum_hard,0,results_v3_main,results_v3_main,small_cnn,sgd,10,128,20000,0.05,0.9,0.0005,cuda,False,True,9,67,1323,0.3393627107143402
curriculum_hard,0,results_v3_main,results_v3_main,small_cnn,sgd,10,128,20000,0.05,0.9,0.0005,cuda,False,True,9,68,1324,0.08711443841457367
curriculum_hard,0,results_v3_main,results_v3_main,small_cnn,sgd,10,128,20000,0.05,0.9,0.0005,cuda,False,True,9,69,1325,0.24207031726837158
curriculum_hard,0,results_v3_main,results_v3_main,small_cnn,sgd,10,128,20000,0.05,0.9,0.0005,cuda,False,True,9,70,1326,0.4371475279331207
curriculum_hard,0,results_v3_main,results_v3_main,small_cnn,sgd,10,128,20000,0.05,0.9,0.0005,cuda,False,True,9,71,1327,0.40564417839050293
curriculum_hard,0,results_v3_main,results_v3_main,small_cnn,sgd,10,128,20000,0.05,0.9,0.0005,cuda,False,True,9,72,1328,-0.0629592090845108
curriculum_hard,0,results_v3_main,results_v3_main,small_cnn,sgd,10,128,20000,0.05,0.9,0.0005,cuda,False,True,9,73,1329,0.029798168689012527
curriculum_hard,0,results_v3_main,results_v3_main,small_cnn,sgd,10,128,20000,0.05,0.9,0.0005,cuda,False,True,9,74,1330,0.0013690143823623657
curriculum_hard,0,results_v3_main,results_v3_main,small_cnn,sgd,10,128,20000,0.05,0.9,0.0005,cuda,False,True,9,75,1331,-0.28066015243530273
curriculum_hard,0,results_v3_main,results_v3_main,small_cnn,sgd,10,128,20000,0.05,0.9,0.0005,cuda,False,True,9,76,1332,0.3510127365589142
curriculum_hard,0,results_v3_main,results_v3_main,small_cnn,sgd,10,128,20000,0.05,0.9,0.0005,cuda,False,True,9,77,1333,-0.38856467604637146
curriculum_hard,0,results_v3_main,results_v3_main,small_cnn,sgd,10,128,20000,0.05,0.9,0.0005,cuda,False,True,9,78,1334,0.32806941866874695
curriculum_hard,0,results_v3_main,results_v3_main,small_cnn,sgd,10,128,20000,0.05,0.9,0.0005,cuda,False,True,9,79,1335,0.46230199933052063
curriculum_hard,0,results_v3_main,results_v3_main,small_cnn,sgd,10,128,20000,0.05,0.9,0.0005,cuda,False,True,9,80,1336,0.16641701757907867
curriculum_hard,0,results_v3_main,results_v3_main,small_cnn,sgd,10,128,20000,0.05,0.9,0.0005,cuda,False,True,9,81,1337,0.035165559500455856
curriculum_hard,0,results_v3_main,results_v3_main,small_cnn,sgd,10,128,20000,0.05,0.9,0.0005,cuda,False,True,9,82,1338,0.5674879550933838
curriculum_hard,0,results_v3_main,results_v3_main,small_cnn,sgd,10,128,20000,0.05,0.9,0.0005,cuda,False,True,9,83,1339,0.3104335069656372
curriculum_hard,0,results_v3_main,results_v3_main,small_cnn,sgd,10,128,20000,0.05,0.9,0.0005,cuda,False,True,9,84,1340,0.2767920196056366
curriculum_hard,0,results_v3_main,results_v3_main,small_cnn,sgd,10,128,20000,0.05,0.9,0.0005,cuda,False,True,9,85,1341,-0.17711058259010315
curriculum_hard,0,results_v3_main,results_v3_main,small_cnn,sgd,10,128,20000,0.05,0.9,0.0005,cuda,False,True,9,86,1342,0.3469384014606476
curriculum_hard,0,results_v3_main,results_v3_main,small_cnn,sgd,10,128,20000,0.05,0.9,0.0005,cuda,False,True,9,87,1343,0.4053497612476349
curriculum_hard,0,results_v3_main,results_v3_main,small_cnn,sgd,10,128,20000,0.05,0.9,0.0005,cuda,False,True,9,88,1344,0.3637929856777191
curriculum_hard,0,results_v3_main,results_v3_main,small_cnn,sgd,10,128,20000,0.05,0.9,0.0005,cuda,False,True,9,89,1345,0.45825302600860596
curriculum_hard,0,results_v3_main,results_v3_main,small_cnn,sgd,10,128,20000,0.05,0.9,0.0005,cuda,False,True,9,90,1346,0.05385721102356911
curriculum_hard,0,results_v3_main,results_v3_main,small_cnn,sgd,10,128,20000,0.05,0.9,0.0005,cuda,False,True,9,91,1347,0.18683454394340515
curriculum_hard,0,results_v3_main,results_v3_main,small_cnn,sgd,10,128,20000,0.05,0.9,0.0005,cuda,False,True,9,92,1348,0.04130066931247711
curriculum_hard,0,results_v3_main,results_v3_main,small_cnn,sgd,10,128,20000,0.05,0.9,0.0005,cuda,False,True,9,93,1349,0.2829275131225586
curriculum_hard,0,results_v3_main,results_v3_main,small_cnn,sgd,10,128,20000,0.05,0.9,0.0005,cuda,False,True,9,94,1350,0.3444335460662842
curriculum_hard,0,results_v3_main,results_v3_main,small_cnn,sgd,10,128,20000,0.05,0.9,0.0005,cuda,False,True,9,95,1351,-0.33833813667297363
curriculum_hard,0,results_v3_main,results_v3_main,small_cnn,sgd,10,128,20000,0.05,0.9,0.0005,cuda,False,True,9,96,1352,0.27208733558654785
curriculum_hard,0,results_v3_main,results_v3_main,small_cnn,sgd,10,128,20000,0.05,0.9,0.0005,cuda,False,True,9,97,1353,0.34287673234939575
curriculum_hard,0,results_v3_main,results_v3_main,small_cnn,sgd,10,128,20000,0.05,0.9,0.0005,cuda,False,True,9,98,1354,-0.29494860768318176
curriculum_hard,0,results_v3_main,results_v3_main,small_cnn,sgd,10,128,20000,0.05,0.9,0.0005,cuda,False,True,9,99,1355,0.44792652130126953
curriculum_hard,0,results_v3_main,results_v3_main,small_cnn,sgd,10,128,20000,0.05,0.9,0.0005,cuda,False,True,9,100,1356,-0.26020652055740356
curriculum_hard,0,results_v3_main,results_v3_main,small_cnn,sgd,10,128,20000,0.05,0.9,0.0005,cuda,False,True,9,101,1357,0.02187332883477211
curriculum_hard,0,results_v3_main,results_v3_main,small_cnn,sgd,10,128,20000,0.05,0.9,0.0005,cuda,False,True,9,102,1358,-0.03774021938443184
curriculum_hard,0,results_v3_main,results_v3_main,small_cnn,sgd,10,128,20000,0.05,0.9,0.0005,cuda,False,True,9,103,1359,-0.1918845772743225
curriculum_hard,0,results_v3_main,results_v3_main,small_cnn,sgd,10,128,20000,0.05,0.9,0.0005,cuda,False,True,9,104,1360,0.3105027377605438
curriculum_hard,0,results_v3_main,results_v3_main,small_cnn,sgd,10,128,20000,0.05,0.9,0.0005,cuda,False,True,9,105,1361,0.14686700701713562
curriculum_hard,0,results_v3_main,results_v3_main,small_cnn,sgd,10,128,20000,0.05,0.9,0.0005,cuda,False,True,9,106,1362,0.3807503581047058
curriculum_hard,0,results_v3_main,results_v3_main,small_cnn,sgd,10,128,20000,0.05,0.9,0.0005,cuda,False,True,9,107,1363,0.29725757241249084
curriculum_hard,0,results_v3_main,results_v3_main,small_cnn,sgd,10,128,20000,0.05,0.9,0.0005,cuda,False,True,9,108,1364,-0.18861731886863708
curriculum_hard,0,results_v3_main,results_v3_main,small_cnn,sgd,10,128,20000,0.05,0.9,0.0005,cuda,False,True,9,109,1365,0.5632615685462952
curriculum_hard,0,results_v3_main,results_v3_main,small_cnn,sgd,10,128,20000,0.05,0.9,0.0005,cuda,False,True,9,110,1366,0.695544421672821
curriculum_hard,0,results_v3_main,results_v3_main,small_cnn,sgd,10,128,20000,0.05,0.9,0.0005,cuda,False,True,9,111,1367,0.5851109027862549
curriculum_hard,0,results_v3_main,results_v3_main,small_cnn,sgd,10,128,20000,0.05,0.9,0.0005,cuda,False,True,9,112,1368,-0.3295786678791046
curriculum_hard,0,results_v3_main,results_v3_main,small_cnn,sgd,10,128,20000,0.05,0.9,0.0005,cuda,False,True,9,113,1369,0.33077991008758545
curriculum_hard,0,results_v3_main,results_v3_main,small_cnn,sgd,10,128,20000,0.05,0.9,0.0005,cuda,False,True,9,114,1370,0.5359682440757751
curriculum_hard,0,results_v3_main,results_v3_main,small_cnn,sgd,10,128,20000,0.05,0.9,0.0005,cuda,False,True,9,115,1371,0.4801310896873474
curriculum_hard,0,results_v3_main,results_v3_main,small_cnn,sgd,10,128,20000,0.05,0.9,0.0005,cuda,False,True,9,116,1372,0.31932124495506287
curriculum_hard,0,results_v3_main,results_v3_main,small_cnn,sgd,10,128,20000,0.05,0.9,0.0005,cuda,False,True,9,117,1373,0.5410098433494568
curriculum_hard,0,results_v3_main,results_v3_main,small_cnn,sgd,10,128,20000,0.05,0.9,0.0005,cuda,False,True,9,118,1374,0.03408462181687355
curriculum_hard,0,results_v3_main,results_v3_main,small_cnn,sgd,10,128,20000,0.05,0.9,0.0005,cuda,False,True,9,119,1375,0.3338412046432495
curriculum_hard,0,results_v3_main,results_v3_main,small_cnn,sgd,10,128,20000,0.05,0.9,0.0005,cuda,False,True,9,120,1376,0.562712550163269
curriculum_hard,0,results_v3_main,results_v3_main,small_cnn,sgd,10,128,20000,0.05,0.9,0.0005,cuda,False,True,9,121,1377,0.45989990234375
curriculum_hard,0,results_v3_main,results_v3_main,small_cnn,sgd,10,128,20000,0.05,0.9,0.0005,cuda,False,True,9,122,1378,0.19537749886512756
curriculum_hard,0,results_v3_main,results_v3_main,small_cnn,sgd,10,128,20000,0.05,0.9,0.0005,cuda,False,True,9,123,1379,-0.1465773731470108
curriculum_hard,0,results_v3_main,results_v3_main,small_cnn,sgd,10,128,20000,0.05,0.9,0.0005,cuda,False,True,9,124,1380,-0.3270154595375061
curriculum_hard,0,results_v3_main,results_v3_main,small_cnn,sgd,10,128,20000,0.05,0.9,0.0005,cuda,False,True,9,125,1381,-0.16560028493404388
curriculum_hard,0,results_v3_main,results_v3_main,small_cnn,sgd,10,128,20000,0.05,0.9,0.0005,cuda,False,True,9,126,1382,-0.09659382700920105
curriculum_hard,0,results_v3_main,results_v3_main,small_cnn,sgd,10,128,20000,0.05,0.9,0.0005,cuda,False,True,9,127,1383,0.5964211821556091
curriculum_hard,0,results_v3_main,results_v3_main,small_cnn,sgd,10,128,20000,0.05,0.9,0.0005,cuda,False,True,9,128,1384,0.5211332440376282
curriculum_hard,0,results_v3_main,results_v3_main,small_cnn,sgd,10,128,20000,0.05,0.9,0.0005,cuda,False,True,9,129,1385,-0.014596186578273773
curriculum_hard,0,results_v3_main,results_v3_main,small_cnn,sgd,10,128,20000,0.05,0.9,0.0005,cuda,False,True,9,130,1386,0.38679271936416626
curriculum_hard,0,results_v3_main,results_v3_main,small_cnn,sgd,10,128,20000,0.05,0.9,0.0005,cuda,False,True,9,131,1387,0.6350107192993164
curriculum_hard,0,results_v3_main,results_v3_main,small_cnn,sgd,10,128,20000,0.05,0.9,0.0005,cuda,False,True,9,132,1388,0.58730149269104
curriculum_hard,0,results_v3_main,results_v3_main,small_cnn,sgd,10,128,20000,0.05,0.9,0.0005,cuda,False,True,9,133,1389,0.509398341178894
curriculum_hard,0,results_v3_main,results_v3_main,small_cnn,sgd,10,128,20000,0.05,0.9,0.0005,cuda,False,True,9,134,1390,-0.14114171266555786
curriculum_hard,0,results_v3_main,results_v3_main,small_cnn,sgd,10,128,20000,0.05,0.9,0.0005,cuda,False,True,9,135,1391,0.6486673355102539
curriculum_hard,0,results_v3_main,results_v3_main,small_cnn,sgd,10,128,20000,0.05,0.9,0.0005,cuda,False,True,9,136,1392,0.058306507766246796
curriculum_hard,0,results_v3_main,results_v3_main,small_cnn,sgd,10,128,20000,0.05,0.9,0.0005,cuda,False,True,9,137,1393,-0.12247053533792496
curriculum_hard,0,results_v3_main,results_v3_main,small_cnn,sgd,10,128,20000,0.05,0.9,0.0005,cuda,False,True,9,138,1394,0.2601672112941742
curriculum_hard,0,results_v3_main,results_v3_main,small_cnn,sgd,10,128,20000,0.05,0.9,0.0005,cuda,False,True,9,139,1395,0.26440194249153137
curriculum_hard,0,results_v3_main,results_v3_main,small_cnn,sgd,10,128,20000,0.05,0.9,0.0005,cuda,False,True,9,140,1396,0.13931426405906677
curriculum_hard,0,results_v3_main,results_v3_main,small_cnn,sgd,10,128,20000,0.05,0.9,0.0005,cuda,False,True,9,141,1397,0.15386268496513367
curriculum_hard,0,results_v3_main,results_v3_main,small_cnn,sgd,10,128,20000,0.05,0.9,0.0005,cuda,False,True,9,142,1398,0.5086641311645508
curriculum_hard,0,results_v3_main,results_v3_main,small_cnn,sgd,10,128,20000,0.05,0.9,0.0005,cuda,False,True,9,143,1399,-0.36683791875839233
curriculum_hard,0,results_v3_main,results_v3_main,small_cnn,sgd,10,128,20000,0.05,0.9,0.0005,cuda,False,True,9,144,1400,0.1588398814201355
curriculum_hard,0,results_v3_main,results_v3_main,small_cnn,sgd,10,128,20000,0.05,0.9,0.0005,cuda,False,True,9,145,1401,-0.09168920665979385
curriculum_hard,0,results_v3_main,results_v3_main,small_cnn,sgd,10,128,20000,0.05,0.9,0.0005,cuda,False,True,9,146,1402,-0.11094682663679123
curriculum_hard,0,results_v3_main,results_v3_main,small_cnn,sgd,10,128,20000,0.05,0.9,0.0005,cuda,False,True,9,147,1403,-0.39171475172042847
curriculum_hard,0,results_v3_main,results_v3_main,small_cnn,sgd,10,128,20000,0.05,0.9,0.0005,cuda,False,True,9,148,1404,0.5262986421585083
curriculum_hard,0,results_v3_main,results_v3_main,small_cnn,sgd,10,128,20000,0.05,0.9,0.0005,cuda,False,True,9,149,1405,0.6162834167480469
curriculum_hard,0,results_v3_main,results_v3_main,small_cnn,sgd,10,128,20000,0.05,0.9,0.0005,cuda,False,True,9,150,1406,0.4969293177127838
curriculum_hard,0,results_v3_main,results_v3_main,small_cnn,sgd,10,128,20000,0.05,0.9,0.0005,cuda,False,True,9,151,1407,-0.18998689949512482
curriculum_hard,0,results_v3_main,results_v3_main,small_cnn,sgd,10,128,20000,0.05,0.9,0.0005,cuda,False,True,9,152,1408,0.8111153244972229
curriculum_hard,0,results_v3_main,results_v3_main,small_cnn,sgd,10,128,20000,0.05,0.9,0.0005,cuda,False,True,9,153,1409,0.8305455446243286
curriculum_hard,0,results_v3_main,results_v3_main,small_cnn,sgd,10,128,20000,0.05,0.9,0.0005,cuda,False,True,9,154,1410,-0.20457567274570465
curriculum_hard,0,results_v3_main,results_v3_main,small_cnn,sgd,10,128,20000,0.05,0.9,0.0005,cuda,False,True,9,155,1411,0.24673734605312347
curriculum_hard,0,results_v3_main,results_v3_main,small_cnn,sgd,10,128,20000,0.05,0.9,0.0005,cuda,False,True,9,156,1412,0.38056638836860657
curriculum_hard,0,results_v3_main,results_v3_main,small_cnn,sgd,10,128,20000,0.05,0.9,0.0005,cuda,False,True,9,157,1413,0.4810406565666199
curriculum_hard,0,results_v3_main,results_v3_main,small_cnn,sgd,10,128,20000,0.05,0.9,0.0005,cuda,False,True,10,1,1414,0.08882901072502136
curriculum_hard,0,results_v3_main,results_v3_main,small_cnn,sgd,10,128,20000,0.05,0.9,0.0005,cuda,False,True,10,2,1415,0.27877718210220337
curriculum_hard,0,results_v3_main,results_v3_main,small_cnn,sgd,10,128,20000,0.05,0.9,0.0005,cuda,False,True,10,3,1416,0.5737439393997192
curriculum_hard,0,results_v3_main,results_v3_main,small_cnn,sgd,10,128,20000,0.05,0.9,0.0005,cuda,False,True,10,4,1417,0.3223682940006256
curriculum_hard,0,results_v3_main,results_v3_main,small_cnn,sgd,10,128,20000,0.05,0.9,0.0005,cuda,False,True,10,5,1418,0.2929016947746277
curriculum_hard,0,results_v3_main,results_v3_main,small_cnn,sgd,10,128,20000,0.05,0.9,0.0005,cuda,False,True,10,6,1419,0.5630749464035034
curriculum_hard,0,results_v3_main,results_v3_main,small_cnn,sgd,10,128,20000,0.05,0.9,0.0005,cuda,False,True,10,7,1420,0.48344680666923523
curriculum_hard,0,results_v3_main,results_v3_main,small_cnn,sgd,10,128,20000,0.05,0.9,0.0005,cuda,False,True,10,8,1421,0.46708112955093384
curriculum_hard,0,results_v3_main,results_v3_main,small_cnn,sgd,10,128,20000,0.05,0.9,0.0005,cuda,False,True,10,9,1422,0.44814664125442505
curriculum_hard,0,results_v3_main,results_v3_main,small_cnn,sgd,10,128,20000,0.05,0.9,0.0005,cuda,False,True,10,10,1423,0.29883983731269836
curriculum_hard,0,results_v3_main,results_v3_main,small_cnn,sgd,10,128,20000,0.05,0.9,0.0005,cuda,False,True,10,11,1424,0.09660971909761429
curriculum_hard,0,results_v3_main,results_v3_main,small_cnn,sgd,10,128,20000,0.05,0.9,0.0005,cuda,False,True,10,12,1425,0.13543666899204254
curriculum_hard,0,results_v3_main,results_v3_main,small_cnn,sgd,10,128,20000,0.05,0.9,0.0005,cuda,False,True,10,13,1426,0.3865833878517151
curriculum_hard,0,results_v3_main,results_v3_main,small_cnn,sgd,10,128,20000,0.05,0.9,0.0005,cuda,False,True,10,14,1427,0.1485409140586853
curriculum_hard,0,results_v3_main,results_v3_main,small_cnn,sgd,10,128,20000,0.05,0.9,0.0005,cuda,False,True,10,15,1428,0.2735537588596344
curriculum_hard,0,results_v3_main,results_v3_main,small_cnn,sgd,10,128,20000,0.05,0.9,0.0005,cuda,False,True,10,16,1429,0.08740513771772385
curriculum_hard,0,results_v3_main,results_v3_main,small_cnn,sgd,10,128,20000,0.05,0.9,0.0005,cuda,False,True,10,17,1430,-0.16269567608833313
curriculum_hard,0,results_v3_main,results_v3_main,small_cnn,sgd,10,128,20000,0.05,0.9,0.0005,cuda,False,True,10,18,1431,0.24429640173912048
curriculum_hard,0,results_v3_main,results_v3_main,small_cnn,sgd,10,128,20000,0.05,0.9,0.0005,cuda,False,True,10,19,1432,0.015005113556981087
curriculum_hard,0,results_v3_main,results_v3_main,small_cnn,sgd,10,128,20000,0.05,0.9,0.0005,cuda,False,True,10,20,1433,0.327587366104126
curriculum_hard,0,results_v3_main,results_v3_main,small_cnn,sgd,10,128,20000,0.05,0.9,0.0005,cuda,False,True,10,21,1434,0.12821702659130096
curriculum_hard,0,results_v3_main,results_v3_main,small_cnn,sgd,10,128,20000,0.05,0.9,0.0005,cuda,False,True,10,22,1435,0.09714533388614655
curriculum_hard,0,results_v3_main,results_v3_main,small_cnn,sgd,10,128,20000,0.05,0.9,0.0005,cuda,False,True,10,23,1436,0.10799680650234222
curriculum_hard,0,results_v3_main,results_v3_main,small_cnn,sgd,10,128,20000,0.05,0.9,0.0005,cuda,False,True,10,24,1437,0.4538459777832031
curriculum_hard,0,results_v3_main,results_v3_main,small_cnn,sgd,10,128,20000,0.05,0.9,0.0005,cuda,False,True,10,25,1438,0.1993262767791748
curriculum_hard,0,results_v3_main,results_v3_main,small_cnn,sgd,10,128,20000,0.05,0.9,0.0005,cuda,False,True,10,26,1439,0.27281901240348816
curriculum_hard,0,results_v3_main,results_v3_main,small_cnn,sgd,10,128,20000,0.05,0.9,0.0005,cuda,False,True,10,27,1440,0.15462368726730347
curriculum_hard,0,results_v3_main,results_v3_main,small_cnn,sgd,10,128,20000,0.05,0.9,0.0005,cuda,False,True,10,28,1441,0.29722774028778076
curriculum_hard,0,results_v3_main,results_v3_main,small_cnn,sgd,10,128,20000,0.05,0.9,0.0005,cuda,False,True,10,29,1442,0.43606725335121155
curriculum_hard,0,results_v3_main,results_v3_main,small_cnn,sgd,10,128,20000,0.05,0.9,0.0005,cuda,False,True,10,30,1443,0.3900868892669678
curriculum_hard,0,results_v3_main,results_v3_main,small_cnn,sgd,10,128,20000,0.05,0.9,0.0005,cuda,False,True,10,31,1444,0.052146557718515396
curriculum_hard,0,results_v3_main,results_v3_main,small_cnn,sgd,10,128,20000,0.05,0.9,0.0005,cuda,False,True,10,32,1445,0.037480682134628296
curriculum_hard,0,results_v3_main,results_v3_main,small_cnn,sgd,10,128,20000,0.05,0.9,0.0005,cuda,False,True,10,33,1446,0.039837513118982315
curriculum_hard,0,results_v3_main,results_v3_main,small_cnn,sgd,10,128,20000,0.05,0.9,0.0005,cuda,False,True,10,34,1447,-0.003312937915325165
curriculum_hard,0,results_v3_main,results_v3_main,small_cnn,sgd,10,128,20000,0.05,0.9,0.0005,cuda,False,True,10,35,1448,0.16260458528995514
curriculum_hard,0,results_v3_main,results_v3_main,small_cnn,sgd,10,128,20000,0.05,0.9,0.0005,cuda,False,True,10,36,1449,-0.06138687580823898
curriculum_hard,0,results_v3_main,results_v3_main,small_cnn,sgd,10,128,20000,0.05,0.9,0.0005,cuda,False,True,10,37,1450,0.29467687010765076
curriculum_hard,0,results_v3_main,results_v3_main,small_cnn,sgd,10,128,20000,0.05,0.9,0.0005,cuda,False,True,10,38,1451,0.2344968616962433
curriculum_hard,0,results_v3_main,results_v3_main,small_cnn,sgd,10,128,20000,0.05,0.9,0.0005,cuda,False,True,10,39,1452,-0.01173415593802929
curriculum_hard,0,results_v3_main,results_v3_main,small_cnn,sgd,10,128,20000,0.05,0.9,0.0005,cuda,False,True,10,40,1453,-0.061892032623291016
curriculum_hard,0,results_v3_main,results_v3_main,small_cnn,sgd,10,128,20000,0.05,0.9,0.0005,cuda,False,True,10,41,1454,-0.27422451972961426
curriculum_hard,0,results_v3_main,results_v3_main,small_cnn,sgd,10,128,20000,0.05,0.9,0.0005,cuda,False,True,10,42,1455,0.0990164503455162
curriculum_hard,0,results_v3_main,results_v3_main,small_cnn,sgd,10,128,20000,0.05,0.9,0.0005,cuda,False,True,10,43,1456,-0.023837871849536896
curriculum_hard,0,results_v3_main,results_v3_main,small_cnn,sgd,10,128,20000,0.05,0.9,0.0005,cuda,False,True,10,44,1457,0.2000533938407898
curriculum_hard,0,results_v3_main,results_v3_main,small_cnn,sgd,10,128,20000,0.05,0.9,0.0005,cuda,False,True,10,45,1458,0.17100486159324646
curriculum_hard,0,results_v3_main,results_v3_main,small_cnn,sgd,10,128,20000,0.05,0.9,0.0005,cuda,False,True,10,46,1459,0.21540567278862
curriculum_hard,0,results_v3_main,results_v3_main,small_cnn,sgd,10,128,20000,0.05,0.9,0.0005,cuda,False,True,10,47,1460,0.2574816942214966
curriculum_hard,0,results_v3_main,results_v3_main,small_cnn,sgd,10,128,20000,0.05,0.9,0.0005,cuda,False,True,10,48,1461,0.3716815412044525
curriculum_hard,0,results_v3_main,results_v3_main,small_cnn,sgd,10,128,20000,0.05,0.9,0.0005,cuda,False,True,10,49,1462,0.11321431398391724
curriculum_hard,0,results_v3_main,results_v3_main,small_cnn,sgd,10,128,20000,0.05,0.9,0.0005,cuda,False,True,10,50,1463,0.3003886044025421
curriculum_hard,0,results_v3_main,results_v3_main,small_cnn,sgd,10,128,20000,0.05,0.9,0.0005,cuda,False,True,10,51,1464,0.5360730886459351
curriculum_hard,0,results_v3_main,results_v3_main,small_cnn,sgd,10,128,20000,0.05,0.9,0.0005,cuda,False,True,10,52,1465,-0.05266397446393967
curriculum_hard,0,results_v3_main,results_v3_main,small_cnn,sgd,10,128,20000,0.05,0.9,0.0005,cuda,False,True,10,53,1466,0.09291298687458038
curriculum_hard,0,results_v3_main,results_v3_main,small_cnn,sgd,10,128,20000,0.05,0.9,0.0005,cuda,False,True,10,54,1467,0.489524245262146
curriculum_hard,0,results_v3_main,results_v3_main,small_cnn,sgd,10,128,20000,0.05,0.9,0.0005,cuda,False,True,10,55,1468,0.5933735370635986
curriculum_hard,0,results_v3_main,results_v3_main,small_cnn,sgd,10,128,20000,0.05,0.9,0.0005,cuda,False,True,10,56,1469,0.3210913836956024
curriculum_hard,0,results_v3_main,results_v3_main,small_cnn,sgd,10,128,20000,0.05,0.9,0.0005,cuda,False,True,10,57,1470,0.1908894181251526
curriculum_hard,0,results_v3_main,results_v3_main,small_cnn,sgd,10,128,20000,0.05,0.9,0.0005,cuda,False,True,10,58,1471,0.20098187029361725
curriculum_hard,0,results_v3_main,results_v3_main,small_cnn,sgd,10,128,20000,0.05,0.9,0.0005,cuda,False,True,10,59,1472,0.3672613799571991
curriculum_hard,0,results_v3_main,results_v3_main,small_cnn,sgd,10,128,20000,0.05,0.9,0.0005,cuda,False,True,10,60,1473,0.40966135263442993
curriculum_hard,0,results_v3_main,results_v3_main,small_cnn,sgd,10,128,20000,0.05,0.9,0.0005,cuda,False,True,10,61,1474,0.1576898843050003
curriculum_hard,0,results_v3_main,results_v3_main,small_cnn,sgd,10,128,20000,0.05,0.9,0.0005,cuda,False,True,10,62,1475,0.5744612216949463
curriculum_hard,0,results_v3_main,results_v3_main,small_cnn,sgd,10,128,20000,0.05,0.9,0.0005,cuda,False,True,10,63,1476,0.26492786407470703
curriculum_hard,0,results_v3_main,results_v3_main,small_cnn,sgd,10,128,20000,0.05,0.9,0.0005,cuda,False,True,10,64,1477,0.10337118804454803
curriculum_hard,0,results_v3_main,results_v3_main,small_cnn,sgd,10,128,20000,0.05,0.9,0.0005,cuda,False,True,10,65,1478,0.3837684988975525
curriculum_hard,0,results_v3_main,results_v3_main,small_cnn,sgd,10,128,20000,0.05,0.9,0.0005,cuda,False,True,10,66,1479,0.22135712206363678
curriculum_hard,0,results_v3_main,results_v3_main,small_cnn,sgd,10,128,20000,0.05,0.9,0.0005,cuda,False,True,10,67,1480,0.6803019046783447
curriculum_hard,0,results_v3_main,results_v3_main,small_cnn,sgd,10,128,20000,0.05,0.9,0.0005,cuda,False,True,10,68,1481,0.40764832496643066
curriculum_hard,0,results_v3_main,results_v3_main,small_cnn,sgd,10,128,20000,0.05,0.9,0.0005,cuda,False,True,10,69,1482,-0.09898132085800171
curriculum_hard,0,results_v3_main,results_v3_main,small_cnn,sgd,10,128,20000,0.05,0.9,0.0005,cuda,False,True,10,70,1483,0.4101789891719818
curriculum_hard,0,results_v3_main,results_v3_main,small_cnn,sgd,10,128,20000,0.05,0.9,0.0005,cuda,False,True,10,71,1484,0.4070228934288025
curriculum_hard,0,results_v3_main,results_v3_main,small_cnn,sgd,10,128,20000,0.05,0.9,0.0005,cuda,False,True,10,72,1485,-0.08310534805059433
curriculum_hard,0,results_v3_main,results_v3_main,small_cnn,sgd,10,128,20000,0.05,0.9,0.0005,cuda,False,True,10,73,1486,0.08068107813596725
curriculum_hard,0,results_v3_main,results_v3_main,small_cnn,sgd,10,128,20000,0.05,0.9,0.0005,cuda,False,True,10,74,1487,0.02695772983133793
curriculum_hard,0,results_v3_main,results_v3_main,small_cnn,sgd,10,128,20000,0.05,0.9,0.0005,cuda,False,True,10,75,1488,0.01409589871764183
curriculum_hard,0,results_v3_main,results_v3_main,small_cnn,sgd,10,128,20000,0.05,0.9,0.0005,cuda,False,True,10,76,1489,0.40368521213531494
curriculum_hard,0,results_v3_main,results_v3_main,small_cnn,sgd,10,128,20000,0.05,0.9,0.0005,cuda,False,True,10,77,1490,-0.3140729069709778
curriculum_hard,0,results_v3_main,results_v3_main,small_cnn,sgd,10,128,20000,0.05,0.9,0.0005,cuda,False,True,10,78,1491,0.3688724637031555
curriculum_hard,0,results_v3_main,results_v3_main,small_cnn,sgd,10,128,20000,0.05,0.9,0.0005,cuda,False,True,10,79,1492,0.5127235054969788
curriculum_hard,0,results_v3_main,results_v3_main,small_cnn,sgd,10,128,20000,0.05,0.9,0.0005,cuda,False,True,10,80,1493,0.04999559745192528
curriculum_hard,0,results_v3_main,results_v3_main,small_cnn,sgd,10,128,20000,0.05,0.9,0.0005,cuda,False,True,10,81,1494,0.20239713788032532
curriculum_hard,0,results_v3_main,results_v3_main,small_cnn,sgd,10,128,20000,0.05,0.9,0.0005,cuda,False,True,10,82,1495,0.2614893913269043
curriculum_hard,0,results_v3_main,results_v3_main,small_cnn,sgd,10,128,20000,0.05,0.9,0.0005,cuda,False,True,10,83,1496,0.17516539990901947
curriculum_hard,0,results_v3_main,results_v3_main,small_cnn,sgd,10,128,20000,0.05,0.9,0.0005,cuda,False,True,10,84,1497,0.14441990852355957
curriculum_hard,0,results_v3_main,results_v3_main,small_cnn,sgd,10,128,20000,0.05,0.9,0.0005,cuda,False,True,10,85,1498,-0.06719464808702469
curriculum_hard,0,results_v3_main,results_v3_main,small_cnn,sgd,10,128,20000,0.05,0.9,0.0005,cuda,False,True,10,86,1499,0.342267781496048
curriculum_hard,0,results_v3_main,results_v3_main,small_cnn,sgd,10,128,20000,0.05,0.9,0.0005,cuda,False,True,10,87,1500,0.2690935730934143
curriculum_hard,0,results_v3_main,results_v3_main,small_cnn,sgd,10,128,20000,0.05,0.9,0.0005,cuda,False,True,10,88,1501,0.18600651621818542
curriculum_hard,0,results_v3_main,results_v3_main,small_cnn,sgd,10,128,20000,0.05,0.9,0.0005,cuda,False,True,10,89,1502,0.4744358956813812
curriculum_hard,0,results_v3_main,results_v3_main,small_cnn,sgd,10,128,20000,0.05,0.9,0.0005,cuda,False,True,10,90,1503,0.1501135677099228
curriculum_hard,0,results_v3_main,results_v3_main,small_cnn,sgd,10,128,20000,0.05,0.9,0.0005,cuda,False,True,10,91,1504,0.024725906550884247
curriculum_hard,0,results_v3_main,results_v3_main,small_cnn,sgd,10,128,20000,0.05,0.9,0.0005,cuda,False,True,10,92,1505,0.16442859172821045
curriculum_hard,0,results_v3_main,results_v3_main,small_cnn,sgd,10,128,20000,0.05,0.9,0.0005,cuda,False,True,10,93,1506,0.21506176888942719
curriculum_hard,0,results_v3_main,results_v3_main,small_cnn,sgd,10,128,20000,0.05,0.9,0.0005,cuda,False,True,10,94,1507,0.27076956629753113
curriculum_hard,0,results_v3_main,results_v3_main,small_cnn,sgd,10,128,20000,0.05,0.9,0.0005,cuda,False,True,10,95,1508,-0.35911303758621216
curriculum_hard,0,results_v3_main,results_v3_main,small_cnn,sgd,10,128,20000,0.05,0.9,0.0005,cuda,False,True,10,96,1509,0.39905846118927
curriculum_hard,0,results_v3_main,results_v3_main,small_cnn,sgd,10,128,20000,0.05,0.9,0.0005,cuda,False,True,10,97,1510,0.45155513286590576
curriculum_hard,0,results_v3_main,results_v3_main,small_cnn,sgd,10,128,20000,0.05,0.9,0.0005,cuda,False,True,10,98,1511,-0.29141706228256226
curriculum_hard,0,results_v3_main,results_v3_main,small_cnn,sgd,10,128,20000,0.05,0.9,0.0005,cuda,False,True,10,99,1512,0.3172808587551117
curriculum_hard,0,results_v3_main,results_v3_main,small_cnn,sgd,10,128,20000,0.05,0.9,0.0005,cuda,False,True,10,100,1513,-0.11837095022201538
curriculum_hard,0,results_v3_main,results_v3_main,small_cnn,sgd,10,128,20000,0.05,0.9,0.0005,cuda,False,True,10,101,1514,0.279786616563797
curriculum_hard,0,results_v3_main,results_v3_main,small_cnn,sgd,10,128,20000,0.05,0.9,0.0005,cuda,False,True,10,102,1515,-0.2307731658220291
curriculum_hard,0,results_v3_main,results_v3_main,small_cnn,sgd,10,128,20000,0.05,0.9,0.0005,cuda,False,True,10,103,1516,-0.009833505377173424
curriculum_hard,0,results_v3_main,results_v3_main,small_cnn,sgd,10,128,20000,0.05,0.9,0.0005,cuda,False,True,10,104,1517,0.45361194014549255
curriculum_hard,0,results_v3_main,results_v3_main,small_cnn,sgd,10,128,20000,0.05,0.9,0.0005,cuda,False,True,10,105,1518,0.07468128949403763
curriculum_hard,0,results_v3_main,results_v3_main,small_cnn,sgd,10,128,20000,0.05,0.9,0.0005,cuda,False,True,10,106,1519,0.2654232680797577
curriculum_hard,0,results_v3_main,results_v3_main,small_cnn,sgd,10,128,20000,0.05,0.9,0.0005,cuda,False,True,10,107,1520,0.5740152597427368
curriculum_hard,0,results_v3_main,results_v3_main,small_cnn,sgd,10,128,20000,0.05,0.9,0.0005,cuda,False,True,10,108,1521,0.40540701150894165
curriculum_hard,0,results_v3_main,results_v3_main,small_cnn,sgd,10,128,20000,0.05,0.9,0.0005,cuda,False,True,10,109,1522,0.2864980399608612
curriculum_hard,0,results_v3_main,results_v3_main,small_cnn,sgd,10,128,20000,0.05,0.9,0.0005,cuda,False,True,10,110,1523,0.5227601528167725
curriculum_hard,0,results_v3_main,results_v3_main,small_cnn,sgd,10,128,20000,0.05,0.9,0.0005,cuda,False,True,10,111,1524,0.530297040939331
curriculum_hard,0,results_v3_main,results_v3_main,small_cnn,sgd,10,128,20000,0.05,0.9,0.0005,cuda,False,True,10,112,1525,0.22868022322654724
curriculum_hard,0,results_v3_main,results_v3_main,small_cnn,sgd,10,128,20000,0.05,0.9,0.0005,cuda,False,True,10,113,1526,0.18981577455997467
curriculum_hard,0,results_v3_main,results_v3_main,small_cnn,sgd,10,128,20000,0.05,0.9,0.0005,cuda,False,True,10,114,1527,0.3738420009613037
curriculum_hard,0,results_v3_main,results_v3_main,small_cnn,sgd,10,128,20000,0.05,0.9,0.0005,cuda,False,True,10,115,1528,0.5471294522285461
curriculum_hard,0,results_v3_main,results_v3_main,small_cnn,sgd,10,128,20000,0.05,0.9,0.0005,cuda,False,True,10,116,1529,0.32920709252357483
curriculum_hard,0,results_v3_main,results_v3_main,small_cnn,sgd,10,128,20000,0.05,0.9,0.0005,cuda,False,True,10,117,1530,0.6836400628089905
curriculum_hard,0,results_v3_main,results_v3_main,small_cnn,sgd,10,128,20000,0.05,0.9,0.0005,cuda,False,True,10,118,1531,0.19069677591323853
curriculum_hard,0,results_v3_main,results_v3_main,small_cnn,sgd,10,128,20000,0.05,0.9,0.0005,cuda,False,True,10,119,1532,0.02480495348572731
curriculum_hard,0,results_v3_main,results_v3_main,small_cnn,sgd,10,128,20000,0.05,0.9,0.0005,cuda,False,True,10,120,1533,0.6566372513771057
curriculum_hard,0,results_v3_main,results_v3_main,small_cnn,sgd,10,128,20000,0.05,0.9,0.0005,cuda,False,True,10,121,1534,0.4275659918785095
curriculum_hard,0,results_v3_main,results_v3_main,small_cnn,sgd,10,128,20000,0.05,0.9,0.0005,cuda,False,True,10,122,1535,0.28634926676750183
curriculum_hard,0,results_v3_main,results_v3_main,small_cnn,sgd,10,128,20000,0.05,0.9,0.0005,cuda,False,True,10,123,1536,0.16971199214458466
curriculum_hard,0,results_v3_main,results_v3_main,small_cnn,sgd,10,128,20000,0.05,0.9,0.0005,cuda,False,True,10,124,1537,0.07358470559120178
curriculum_hard,0,results_v3_main,results_v3_main,small_cnn,sgd,10,128,20000,0.05,0.9,0.0005,cuda,False,True,10,125,1538,-0.04899584874510765
curriculum_hard,0,results_v3_main,results_v3_main,small_cnn,sgd,10,128,20000,0.05,0.9,0.0005,cuda,False,True,10,126,1539,-0.1370290219783783
curriculum_hard,0,results_v3_main,results_v3_main,small_cnn,sgd,10,128,20000,0.05,0.9,0.0005,cuda,False,True,10,127,1540,0.6590325236320496
curriculum_hard,0,results_v3_main,results_v3_main,small_cnn,sgd,10,128,20000,0.05,0.9,0.0005,cuda,False,True,10,128,1541,0.6044023633003235
curriculum_hard,0,results_v3_main,results_v3_main,small_cnn,sgd,10,128,20000,0.05,0.9,0.0005,cuda,False,True,10,129,1542,0.2486659288406372
curriculum_hard,0,results_v3_main,results_v3_main,small_cnn,sgd,10,128,20000,0.05,0.9,0.0005,cuda,False,True,10,130,1543,0.09597505629062653
curriculum_hard,0,results_v3_main,results_v3_main,small_cnn,sgd,10,128,20000,0.05,0.9,0.0005,cuda,False,True,10,131,1544,0.2557576894760132
curriculum_hard,0,results_v3_main,results_v3_main,small_cnn,sgd,10,128,20000,0.05,0.9,0.0005,cuda,False,True,10,132,1545,0.653905987739563
curriculum_hard,0,results_v3_main,results_v3_main,small_cnn,sgd,10,128,20000,0.05,0.9,0.0005,cuda,False,True,10,133,1546,0.5570298433303833
curriculum_hard,0,results_v3_main,results_v3_main,small_cnn,sgd,10,128,20000,0.05,0.9,0.0005,cuda,False,True,10,134,1547,-0.03980741649866104
curriculum_hard,0,results_v3_main,results_v3_main,small_cnn,sgd,10,128,20000,0.05,0.9,0.0005,cuda,False,True,10,135,1548,0.3255308270454407
curriculum_hard,0,results_v3_main,results_v3_main,small_cnn,sgd,10,128,20000,0.05,0.9,0.0005,cuda,False,True,10,136,1549,0.20887203514575958
curriculum_hard,0,results_v3_main,results_v3_main,small_cnn,sgd,10,128,20000,0.05,0.9,0.0005,cuda,False,True,10,137,1550,-0.046951256692409515
curriculum_hard,0,results_v3_main,results_v3_main,small_cnn,sgd,10,128,20000,0.05,0.9,0.0005,cuda,False,True,10,138,1551,0.2212594449520111
curriculum_hard,0,results_v3_main,results_v3_main,small_cnn,sgd,10,128,20000,0.05,0.9,0.0005,cuda,False,True,10,139,1552,0.4743189811706543
curriculum_hard,0,results_v3_main,results_v3_main,small_cnn,sgd,10,128,20000,0.05,0.9,0.0005,cuda,False,True,10,140,1553,0.1314190775156021
curriculum_hard,0,results_v3_main,results_v3_main,small_cnn,sgd,10,128,20000,0.05,0.9,0.0005,cuda,False,True,10,141,1554,0.11338688433170319
curriculum_hard,0,results_v3_main,results_v3_main,small_cnn,sgd,10,128,20000,0.05,0.9,0.0005,cuda,False,True,10,142,1555,0.44630730152130127
curriculum_hard,0,results_v3_main,results_v3_main,small_cnn,sgd,10,128,20000,0.05,0.9,0.0005,cuda,False,True,10,143,1556,-0.5304531455039978
curriculum_hard,0,results_v3_main,results_v3_main,small_cnn,sgd,10,128,20000,0.05,0.9,0.0005,cuda,False,True,10,144,1557,-0.06721590459346771
curriculum_hard,0,results_v3_main,results_v3_main,small_cnn,sgd,10,128,20000,0.05,0.9,0.0005,cuda,False,True,10,145,1558,-0.16772618889808655
curriculum_hard,0,results_v3_main,results_v3_main,small_cnn,sgd,10,128,20000,0.05,0.9,0.0005,cuda,False,True,10,146,1559,0.07076432555913925
curriculum_hard,0,results_v3_main,results_v3_main,small_cnn,sgd,10,128,20000,0.05,0.9,0.0005,cuda,False,True,10,147,1560,-0.2015184909105301
curriculum_hard,0,results_v3_main,results_v3_main,small_cnn,sgd,10,128,20000,0.05,0.9,0.0005,cuda,False,True,10,148,1561,0.14331166446208954
curriculum_hard,0,results_v3_main,results_v3_main,small_cnn,sgd,10,128,20000,0.05,0.9,0.0005,cuda,False,True,10,149,1562,0.5082923173904419
curriculum_hard,0,results_v3_main,results_v3_main,small_cnn,sgd,10,128,20000,0.05,0.9,0.0005,cuda,False,True,10,150,1563,0.4381721615791321
curriculum_hard,0,results_v3_main,results_v3_main,small_cnn,sgd,10,128,20000,0.05,0.9,0.0005,cuda,False,True,10,151,1564,0.0628126785159111
curriculum_hard,0,results_v3_main,results_v3_main,small_cnn,sgd,10,128,20000,0.05,0.9,0.0005,cuda,False,True,10,152,1565,0.6935654878616333
curriculum_hard,0,results_v3_main,results_v3_main,small_cnn,sgd,10,128,20000,0.05,0.9,0.0005,cuda,False,True,10,153,1566,0.8199098110198975
curriculum_hard,0,results_v3_main,results_v3_main,small_cnn,sgd,10,128,20000,0.05,0.9,0.0005,cuda,False,True,10,154,1567,-0.020307842642068863
curriculum_hard,0,results_v3_main,results_v3_main,small_cnn,sgd,10,128,20000,0.05,0.9,0.0005,cuda,False,True,10,155,1568,0.3504217267036438
curriculum_hard,0,results_v3_main,results_v3_main,small_cnn,sgd,10,128,20000,0.05,0.9,0.0005,cuda,False,True,10,156,1569,0.30472758412361145
curriculum_hard,0,results_v3_main,results_v3_main,small_cnn,sgd,10,128,20000,0.05,0.9,0.0005,cuda,False,True,10,157,1570,0.39834028482437134
