order_mode,seed,experiment_name,output_dir,model,optimizer,epochs,batch_size,max_train_examples,learning_rate,momentum,weight_decay,device,deterministic,save_embeddings,epoch,batch_index,global_step,cosine_similarity
fixed_random,1,results_v3_main,results_v3_main,small_cnn,sgd,10,128,20000,0.05,0.9,0.0005,cuda,False,True,1,1,1,
fixed_random,1,results_v3_main,results_v3_main,small_cnn,sgd,10,128,20000,0.05,0.9,0.0005,cuda,False,True,1,2,2,0.4137902855873108
fixed_random,1,results_v3_main,results_v3_main,small_cnn,sgd,10,128,20000,0.05,0.9,0.0005,cuda,False,True,1,3,3,0.47604623436927795
fixed_random,1,results_v3_main,results_v3_main,small_cnn,sgd,10,128,20000,0.05,0.9,0.0005,cuda,False,True,1,4,4,0.5491188764572144
fixed_random,1,results_v3_main,results_v3_main,small_cnn,sgd,10,128,20000,0.05,0.9,0.0005,cuda,False,True,1,5,5,0.3578333258628845
fixed_random,1,results_v3_main,results_v3_main,small_cnn,sgd,10,128,20000,0.05,0.9,0.0005,cuda,False,True,1,6,6,0.3738904595375061
fixed_random,1,results_v3_main,results_v3_main,small_cnn,sgd,10,128,20000,0.05,0.9,0.0005,cuda,False,True,1,7,7,0.4012331962585449
fixed_random,1,results_v3_main,results_v3_main,small_cnn,sgd,10,128,20000,0.05,0.9,0.0005,cuda,False,True,1,8,8,0.14942622184753418
fixed_random,1,results_v3_main,results_v3_main,small_cnn,sgd,10,128,20000,0.05,0.9,0.0005,cuda,False,True,1,9,9,0.1277906596660614
fixed_random,1,results_v3_main,results_v3_main,small_cnn,sgd,10,128,20000,0.05,0.9,0.0005,cuda,False,True,1,10,10,-0.2546690106391907
fixed_random,1,results_v3_main,results_v3_main,small_cnn,sgd,10,128,20000,0.05,0.9,0.0005,cuda,False,True,1,11,11,-0.33681195974349976
fixed_random,1,results_v3_main,results_v3_main,small_cnn,sgd,10,128,20000,0.05,0.9,0.0005,cuda,False,True,1,12,12,-0.43702608346939087
fixed_random,1,results_v3_main,results_v3_main,small_cnn,sgd,10,128,20000,0.05,0.9,0.0005,cuda,False,True,1,13,13,-0.25029659271240234
fixed_random,1,results_v3_main,results_v3_main,small_cnn,sgd,10,128,20000,0.05,0.9,0.0005,cuda,False,True,1,14,14,-0.00799335166811943
fixed_random,1,results_v3_main,results_v3_main,small_cnn,sgd,10,128,20000,0.05,0.9,0.0005,cuda,False,True,1,15,15,0.1785382330417633
fixed_random,1,results_v3_main,results_v3_main,small_cnn,sgd,10,128,20000,0.05,0.9,0.0005,cuda,False,True,1,16,16,0.25389236211776733
fixed_random,1,results_v3_main,results_v3_main,small_cnn,sgd,10,128,20000,0.05,0.9,0.0005,cuda,False,True,1,17,17,0.6023555994033813
fixed_random,1,results_v3_main,results_v3_main,small_cnn,sgd,10,128,20000,0.05,0.9,0.0005,cuda,False,True,1,18,18,0.8549455404281616
fixed_random,1,results_v3_main,results_v3_main,small_cnn,sgd,10,128,20000,0.05,0.9,0.0005,cuda,False,True,1,19,19,0.8387709259986877
fixed_random,1,results_v3_main,results_v3_main,small_cnn,sgd,10,128,20000,0.05,0.9,0.0005,cuda,False,True,1,20,20,0.8269917964935303
fixed_random,1,results_v3_main,results_v3_main,small_cnn,sgd,10,128,20000,0.05,0.9,0.0005,cuda,False,True,1,21,21,0.5039817094802856
fixed_random,1,results_v3_main,results_v3_main,small_cnn,sgd,10,128,20000,0.05,0.9,0.0005,cuda,False,True,1,22,22,0.6215149164199829
fixed_random,1,results_v3_main,results_v3_main,small_cnn,sgd,10,128,20000,0.05,0.9,0.0005,cuda,False,True,1,23,23,0.7156926393508911
fixed_random,1,results_v3_main,results_v3_main,small_cnn,sgd,10,128,20000,0.05,0.9,0.0005,cuda,False,True,1,24,24,0.1724437177181244
fixed_random,1,results_v3_main,results_v3_main,small_cnn,sgd,10,128,20000,0.05,0.9,0.0005,cuda,False,True,1,25,25,0.665932834148407
fixed_random,1,results_v3_main,results_v3_main,small_cnn,sgd,10,128,20000,0.05,0.9,0.0005,cuda,False,True,1,26,26,0.02447352558374405
fixed_random,1,results_v3_main,results_v3_main,small_cnn,sgd,10,128,20000,0.05,0.9,0.0005,cuda,False,True,1,27,27,0.33849793672561646
fixed_random,1,results_v3_main,results_v3_main,small_cnn,sgd,10,128,20000,0.05,0.9,0.0005,cuda,False,True,1,28,28,-0.34246450662612915
fixed_random,1,results_v3_main,results_v3_main,small_cnn,sgd,10,128,20000,0.05,0.9,0.0005,cuda,False,True,1,29,29,-0.6730350255966187
fixed_random,1,results_v3_main,results_v3_main,small_cnn,sgd,10,128,20000,0.05,0.9,0.0005,cuda,False,True,1,30,30,-0.4366617798805237
fixed_random,1,results_v3_main,results_v3_main,small_cnn,sgd,10,128,20000,0.05,0.9,0.0005,cuda,False,True,1,31,31,-0.3356083333492279
fixed_random,1,results_v3_main,results_v3_main,small_cnn,sgd,10,128,20000,0.05,0.9,0.0005,cuda,False,True,1,32,32,0.005217494443058968
fixed_random,1,results_v3_main,results_v3_main,small_cnn,sgd,10,128,20000,0.05,0.9,0.0005,cuda,False,True,1,33,33,0.4443339407444
fixed_random,1,results_v3_main,results_v3_main,small_cnn,sgd,10,128,20000,0.05,0.9,0.0005,cuda,False,True,1,34,34,-0.33838820457458496
fixed_random,1,results_v3_main,results_v3_main,small_cnn,sgd,10,128,20000,0.05,0.9,0.0005,cuda,False,True,1,35,35,0.4556728005409241
fixed_random,1,results_v3_main,results_v3_main,small_cnn,sgd,10,128,20000,0.05,0.9,0.0005,cuda,False,True,1,36,36,0.7600370049476624
fixed_random,1,results_v3_main,results_v3_main,small_cnn,sgd,10,128,20000,0.05,0.9,0.0005,cuda,False,True,1,37,37,0.5772688984870911
fixed_random,1,results_v3_main,results_v3_main,small_cnn,sgd,10,128,20000,0.05,0.9,0.0005,cuda,False,True,1,38,38,0.501665472984314
fixed_random,1,results_v3_main,results_v3_main,small_cnn,sgd,10,128,20000,0.05,0.9,0.0005,cuda,False,True,1,39,39,0.7783719301223755
fixed_random,1,results_v3_main,results_v3_main,small_cnn,sgd,10,128,20000,0.05,0.9,0.0005,cuda,False,True,1,40,40,0.6080052256584167
fixed_random,1,results_v3_main,results_v3_main,small_cnn,sgd,10,128,20000,0.05,0.9,0.0005,cuda,False,True,1,41,41,0.4179532527923584
fixed_random,1,results_v3_main,results_v3_main,small_cnn,sgd,10,128,20000,0.05,0.9,0.0005,cuda,False,True,1,42,42,-0.41105854511260986
fixed_random,1,results_v3_main,results_v3_main,small_cnn,sgd,10,128,20000,0.05,0.9,0.0005,cuda,False,True,1,43,43,0.6795984506607056
fixed_random,1,results_v3_main,results_v3_main,small_cnn,sgd,10,128,20000,0.05,0.9,0.0005,cuda,False,True,1,44,44,0.4167167544364929
fixed_random,1,results_v3_main,results_v3_main,small_cnn,sgd,10,128,20000,0.05,0.9,0.0005,cuda,False,True,1,45,45,-0.24869556725025177
fixed_random,1,results_v3_main,results_v3_main,small_cnn,sgd,10,128,20000,0.05,0.9,0.0005,cuda,False,True,1,46,46,0.09423014521598816
fixed_random,1,results_v3_main,results_v3_main,small_cnn,sgd,10,128,20000,0.05,0.9,0.0005,cuda,False,True,1,47,47,0.3110847771167755
fixed_random,1,results_v3_main,results_v3_main,small_cnn,sgd,10,128,20000,0.05,0.9,0.0005,cuda,False,True,1,48,48,0.349400132894516
fixed_random,1,results_v3_main,results_v3_main,small_cnn,sgd,10,128,20000,0.05,0.9,0.0005,cuda,False,True,1,49,49,0.17529743909835815
fixed_random,1,results_v3_main,results_v3_main,small_cnn,sgd,10,128,20000,0.05,0.9,0.0005,cuda,False,True,1,50,50,0.04299620911478996
fixed_random,1,results_v3_main,results_v3_main,small_cnn,sgd,10,128,20000,0.05,0.9,0.0005,cuda,False,True,1,51,51,0.019565466791391373
fixed_random,1,results_v3_main,results_v3_main,small_cnn,sgd,10,128,20000,0.05,0.9,0.0005,cuda,False,True,1,52,52,0.4864732027053833
fixed_random,1,results_v3_main,results_v3_main,small_cnn,sgd,10,128,20000,0.05,0.9,0.0005,cuda,False,True,1,53,53,-0.041795533150434494
fixed_random,1,results_v3_main,results_v3_main,small_cnn,sgd,10,128,20000,0.05,0.9,0.0005,cuda,False,True,1,54,54,0.20738708972930908
fixed_random,1,results_v3_main,results_v3_main,small_cnn,sgd,10,128,20000,0.05,0.9,0.0005,cuda,False,True,1,55,55,-0.062009282410144806
fixed_random,1,results_v3_main,results_v3_main,small_cnn,sgd,10,128,20000,0.05,0.9,0.0005,cuda,False,True,1,56,56,0.35954129695892334
fixed_random,1,results_v3_main,results_v3_main,small_cnn,sgd,10,128,20000,0.05,0.9,0.0005,cuda,False,True,1,57,57,0.757343053817749
fixed_random,1,results_v3_main,results_v3_main,small_cnn,sgd,10,128,20000,0.05,0.9,0.0005,cuda,False,True,1,58,58,0.11542119085788727
fixed_random,1,results_v3_main,results_v3_main,small_cnn,sgd,10,128,20000,0.05,0.9,0.0005,cuda,False,True,1,59,59,0.031533434987068176
fixed_random,1,results_v3_main,results_v3_main,small_cnn,sgd,10,128,20000,0.05,0.9,0.0005,cuda,False,True,1,60,60,0.354157954454422
fixed_random,1,results_v3_main,results_v3_main,small_cnn,sgd,10,128,20000,0.05,0.9,0.0005,cuda,False,True,1,61,61,0.27546900510787964
fixed_random,1,results_v3_main,results_v3_main,small_cnn,sgd,10,128,20000,0.05,0.9,0.0005,cuda,False,True,1,62,62,0.3202756643295288
fixed_random,1,results_v3_main,results_v3_main,small_cnn,sgd,10,128,20000,0.05,0.9,0.0005,cuda,False,True,1,63,63,-0.30423450469970703
fixed_random,1,results_v3_main,results_v3_main,small_cnn,sgd,10,128,20000,0.05,0.9,0.0005,cuda,False,True,1,64,64,0.5734034180641174
fixed_random,1,results_v3_main,results_v3_main,small_cnn,sgd,10,128,20000,0.05,0.9,0.0005,cuda,False,True,1,65,65,0.39015650749206543
fixed_random,1,results_v3_main,results_v3_main,small_cnn,sgd,10,128,20000,0.05,0.9,0.0005,cuda,False,True,1,66,66,-0.26965904235839844
fixed_random,1,results_v3_main,results_v3_main,small_cnn,sgd,10,128,20000,0.05,0.9,0.0005,cuda,False,True,1,67,67,-0.16247707605361938
fixed_random,1,results_v3_main,results_v3_main,small_cnn,sgd,10,128,20000,0.05,0.9,0.0005,cuda,False,True,1,68,68,0.21579107642173767
fixed_random,1,results_v3_main,results_v3_main,small_cnn,sgd,10,128,20000,0.05,0.9,0.0005,cuda,False,True,1,69,69,0.4397585690021515
fixed_random,1,results_v3_main,results_v3_main,small_cnn,sgd,10,128,20000,0.05,0.9,0.0005,cuda,False,True,1,70,70,0.1281331181526184
fixed_random,1,results_v3_main,results_v3_main,small_cnn,sgd,10,128,20000,0.05,0.9,0.0005,cuda,False,True,1,71,71,0.2566803991794586
fixed_random,1,results_v3_main,results_v3_main,small_cnn,sgd,10,128,20000,0.05,0.9,0.0005,cuda,False,True,1,72,72,0.3698244094848633
fixed_random,1,results_v3_main,results_v3_main,small_cnn,sgd,10,128,20000,0.05,0.9,0.0005,cuda,False,True,1,73,73,0.6245330572128296
fixed_random,1,results_v3_main,results_v3_main,small_cnn,sgd,10,128,20000,0.05,0.9,0.0005,cuda,False,True,1,74,74,-0.20359006524085999
fixed_random,1,results_v3_main,results_v3_main,small_cnn,sgd,10,128,20000,0.05,0.9,0.0005,cuda,False,True,1,75,75,0.12235643714666367
fixed_random,1,results_v3_main,results_v3_main,small_cnn,sgd,10,128,20000,0.05,0.9,0.0005,cuda,False,True,1,76,76,0.3820614814758301
fixed_random,1,results_v3_main,results_v3_main,small_cnn,sgd,10,128,20000,0.05,0.9,0.0005,cuda,False,True,1,77,77,-0.2705378830432892
fixed_random,1,results_v3_main,results_v3_main,small_cnn,sgd,10,128,20000,0.05,0.9,0.0005,cuda,False,True,1,78,78,0.6227303147315979
fixed_random,1,results_v3_main,results_v3_main,small_cnn,sgd,10,128,20000,0.05,0.9,0.0005,cuda,False,True,1,79,79,0.6423546075820923
fixed_random,1,results_v3_main,results_v3_main,small_cnn,sgd,10,128,20000,0.05,0.9,0.0005,cuda,False,True,1,80,80,0.4446392059326172
fixed_random,1,results_v3_main,results_v3_main,small_cnn,sgd,10,128,20000,0.05,0.9,0.0005,cuda,False,True,1,81,81,0.3649805188179016
fixed_random,1,results_v3_main,results_v3_main,small_cnn,sgd,10,128,20000,0.05,0.9,0.0005,cuda,False,True,1,82,82,0.18724006414413452
fixed_random,1,results_v3_main,results_v3_main,small_cnn,sgd,10,128,20000,0.05,0.9,0.0005,cuda,False,True,1,83,83,0.6116072535514832
fixed_random,1,results_v3_main,results_v3_main,small_cnn,sgd,10,128,20000,0.05,0.9,0.0005,cuda,False,True,1,84,84,-0.09791780263185501
fixed_random,1,results_v3_main,results_v3_main,small_cnn,sgd,10,128,20000,0.05,0.9,0.0005,cuda,False,True,1,85,85,0.5521771311759949
fixed_random,1,results_v3_main,results_v3_main,small_cnn,sgd,10,128,20000,0.05,0.9,0.0005,cuda,False,True,1,86,86,0.6248942613601685
fixed_random,1,results_v3_main,results_v3_main,small_cnn,sgd,10,128,20000,0.05,0.9,0.0005,cuda,False,True,1,87,87,0.11970869451761246
fixed_random,1,results_v3_main,results_v3_main,small_cnn,sgd,10,128,20000,0.05,0.9,0.0005,cuda,False,True,1,88,88,0.062051985412836075
fixed_random,1,results_v3_main,results_v3_main,small_cnn,sgd,10,128,20000,0.05,0.9,0.0005,cuda,False,True,1,89,89,0.4516279995441437
fixed_random,1,results_v3_main,results_v3_main,small_cnn,sgd,10,128,20000,0.05,0.9,0.0005,cuda,False,True,1,90,90,0.7841434478759766
fixed_random,1,results_v3_main,results_v3_main,small_cnn,sgd,10,128,20000,0.05,0.9,0.0005,cuda,False,True,1,91,91,0.5230701565742493
fixed_random,1,results_v3_main,results_v3_main,small_cnn,sgd,10,128,20000,0.05,0.9,0.0005,cuda,False,True,1,92,92,-0.08097391575574875
fixed_random,1,results_v3_main,results_v3_main,small_cnn,sgd,10,128,20000,0.05,0.9,0.0005,cuda,False,True,1,93,93,0.5051267743110657
fixed_random,1,results_v3_main,results_v3_main,small_cnn,sgd,10,128,20000,0.05,0.9,0.0005,cuda,False,True,1,94,94,0.6630978584289551
fixed_random,1,results_v3_main,results_v3_main,small_cnn,sgd,10,128,20000,0.05,0.9,0.0005,cuda,False,True,1,95,95,0.788200318813324
fixed_random,1,results_v3_main,results_v3_main,small_cnn,sgd,10,128,20000,0.05,0.9,0.0005,cuda,False,True,1,96,96,0.1747857630252838
fixed_random,1,results_v3_main,results_v3_main,small_cnn,sgd,10,128,20000,0.05,0.9,0.0005,cuda,False,True,1,97,97,0.05909816175699234
fixed_random,1,results_v3_main,results_v3_main,small_cnn,sgd,10,128,20000,0.05,0.9,0.0005,cuda,False,True,1,98,98,0.34582799673080444
fixed_random,1,results_v3_main,results_v3_main,small_cnn,sgd,10,128,20000,0.05,0.9,0.0005,cuda,False,True,1,99,99,0.47857439517974854
fixed_random,1,results_v3_main,results_v3_main,small_cnn,sgd,10,128,20000,0.05,0.9,0.0005,cuda,False,True,1,100,100,0.26326847076416016
fixed_random,1,results_v3_main,results_v3_main,small_cnn,sgd,10,128,20000,0.05,0.9,0.0005,cuda,False,True,1,101,101,0.22547397017478943
fixed_random,1,results_v3_main,results_v3_main,small_cnn,sgd,10,128,20000,0.05,0.9,0.0005,cuda,False,True,1,102,102,0.14441531896591187
fixed_random,1,results_v3_main,results_v3_main,small_cnn,sgd,10,128,20000,0.05,0.9,0.0005,cuda,False,True,1,103,103,0.38209235668182373
fixed_random,1,results_v3_main,results_v3_main,small_cnn,sgd,10,128,20000,0.05,0.9,0.0005,cuda,False,True,1,104,104,0.10737437009811401
fixed_random,1,results_v3_main,results_v3_main,small_cnn,sgd,10,128,20000,0.05,0.9,0.0005,cuda,False,True,1,105,105,0.3326355516910553
fixed_random,1,results_v3_main,results_v3_main,small_cnn,sgd,10,128,20000,0.05,0.9,0.0005,cuda,False,True,1,106,106,0.22899165749549866
fixed_random,1,results_v3_main,results_v3_main,small_cnn,sgd,10,128,20000,0.05,0.9,0.0005,cuda,False,True,1,107,107,0.18995654582977295
fixed_random,1,results_v3_main,results_v3_main,small_cnn,sgd,10,128,20000,0.05,0.9,0.0005,cuda,False,True,1,108,108,-0.012170754373073578
fixed_random,1,results_v3_main,results_v3_main,small_cnn,sgd,10,128,20000,0.05,0.9,0.0005,cuda,False,True,1,109,109,0.09498356282711029
fixed_random,1,results_v3_main,results_v3_main,small_cnn,sgd,10,128,20000,0.05,0.9,0.0005,cuda,False,True,1,110,110,0.13029645383358002
fixed_random,1,results_v3_main,results_v3_main,small_cnn,sgd,10,128,20000,0.05,0.9,0.0005,cuda,False,True,1,111,111,0.039734721183776855
fixed_random,1,results_v3_main,results_v3_main,small_cnn,sgd,10,128,20000,0.05,0.9,0.0005,cuda,False,True,1,112,112,0.48633939027786255
fixed_random,1,results_v3_main,results_v3_main,small_cnn,sgd,10,128,20000,0.05,0.9,0.0005,cuda,False,True,1,113,113,-0.09704917669296265
fixed_random,1,results_v3_main,results_v3_main,small_cnn,sgd,10,128,20000,0.05,0.9,0.0005,cuda,False,True,1,114,114,0.25429293513298035
fixed_random,1,results_v3_main,results_v3_main,small_cnn,sgd,10,128,20000,0.05,0.9,0.0005,cuda,False,True,1,115,115,0.480999231338501
fixed_random,1,results_v3_main,results_v3_main,small_cnn,sgd,10,128,20000,0.05,0.9,0.0005,cuda,False,True,1,116,116,0.20432697236537933
fixed_random,1,results_v3_main,results_v3_main,small_cnn,sgd,10,128,20000,0.05,0.9,0.0005,cuda,False,True,1,117,117,0.1465785801410675
fixed_random,1,results_v3_main,results_v3_main,small_cnn,sgd,10,128,20000,0.05,0.9,0.0005,cuda,False,True,1,118,118,0.371005654335022
fixed_random,1,results_v3_main,results_v3_main,small_cnn,sgd,10,128,20000,0.05,0.9,0.0005,cuda,False,True,1,119,119,0.12663909792900085
fixed_random,1,results_v3_main,results_v3_main,small_cnn,sgd,10,128,20000,0.05,0.9,0.0005,cuda,False,True,1,120,120,0.19238349795341492
fixed_random,1,results_v3_main,results_v3_main,small_cnn,sgd,10,128,20000,0.05,0.9,0.0005,cuda,False,True,1,121,121,0.2130240499973297
fixed_random,1,results_v3_main,results_v3_main,small_cnn,sgd,10,128,20000,0.05,0.9,0.0005,cuda,False,True,1,122,122,-0.032452549785375595
fixed_random,1,results_v3_main,results_v3_main,small_cnn,sgd,10,128,20000,0.05,0.9,0.0005,cuda,False,True,1,123,123,0.6031413078308105
fixed_random,1,results_v3_main,results_v3_main,small_cnn,sgd,10,128,20000,0.05,0.9,0.0005,cuda,False,True,1,124,124,-0.012608382850885391
fixed_random,1,results_v3_main,results_v3_main,small_cnn,sgd,10,128,20000,0.05,0.9,0.0005,cuda,False,True,1,125,125,0.26138830184936523
fixed_random,1,results_v3_main,results_v3_main,small_cnn,sgd,10,128,20000,0.05,0.9,0.0005,cuda,False,True,1,126,126,0.323886513710022
fixed_random,1,results_v3_main,results_v3_main,small_cnn,sgd,10,128,20000,0.05,0.9,0.0005,cuda,False,True,1,127,127,0.23459717631340027
fixed_random,1,results_v3_main,results_v3_main,small_cnn,sgd,10,128,20000,0.05,0.9,0.0005,cuda,False,True,1,128,128,0.11993494629859924
fixed_random,1,results_v3_main,results_v3_main,small_cnn,sgd,10,128,20000,0.05,0.9,0.0005,cuda,False,True,1,129,129,0.17188525199890137
fixed_random,1,results_v3_main,results_v3_main,small_cnn,sgd,10,128,20000,0.05,0.9,0.0005,cuda,False,True,1,130,130,0.6243947744369507
fixed_random,1,results_v3_main,results_v3_main,small_cnn,sgd,10,128,20000,0.05,0.9,0.0005,cuda,False,True,1,131,131,0.5728322863578796
fixed_random,1,results_v3_main,results_v3_main,small_cnn,sgd,10,128,20000,0.05,0.9,0.0005,cuda,False,True,1,132,132,0.1487094759941101
fixed_random,1,results_v3_main,results_v3_main,small_cnn,sgd,10,128,20000,0.05,0.9,0.0005,cuda,False,True,1,133,133,0.12123788148164749
fixed_random,1,results_v3_main,results_v3_main,small_cnn,sgd,10,128,20000,0.05,0.9,0.0005,cuda,False,True,1,134,134,0.22298423945903778
fixed_random,1,results_v3_main,results_v3_main,small_cnn,sgd,10,128,20000,0.05,0.9,0.0005,cuda,False,True,1,135,135,0.1930835247039795
fixed_random,1,results_v3_main,results_v3_main,small_cnn,sgd,10,128,20000,0.05,0.9,0.0005,cuda,False,True,1,136,136,-0.5291398167610168
fixed_random,1,results_v3_main,results_v3_main,small_cnn,sgd,10,128,20000,0.05,0.9,0.0005,cuda,False,True,1,137,137,-0.04154243320226669
fixed_random,1,results_v3_main,results_v3_main,small_cnn,sgd,10,128,20000,0.05,0.9,0.0005,cuda,False,True,1,138,138,0.10631474107503891
fixed_random,1,results_v3_main,results_v3_main,small_cnn,sgd,10,128,20000,0.05,0.9,0.0005,cuda,False,True,1,139,139,0.1807822585105896
fixed_random,1,results_v3_main,results_v3_main,small_cnn,sgd,10,128,20000,0.05,0.9,0.0005,cuda,False,True,1,140,140,0.3463857173919678
fixed_random,1,results_v3_main,results_v3_main,small_cnn,sgd,10,128,20000,0.05,0.9,0.0005,cuda,False,True,1,141,141,0.20958028733730316
fixed_random,1,results_v3_main,results_v3_main,small_cnn,sgd,10,128,20000,0.05,0.9,0.0005,cuda,False,True,1,142,142,-0.1000116616487503
fixed_random,1,results_v3_main,results_v3_main,small_cnn,sgd,10,128,20000,0.05,0.9,0.0005,cuda,False,True,1,143,143,0.3191582262516022
fixed_random,1,results_v3_main,results_v3_main,small_cnn,sgd,10,128,20000,0.05,0.9,0.0005,cuda,False,True,1,144,144,-0.07539139688014984
fixed_random,1,results_v3_main,results_v3_main,small_cnn,sgd,10,128,20000,0.05,0.9,0.0005,cuda,False,True,1,145,145,-0.1250721961259842
fixed_random,1,results_v3_main,results_v3_main,small_cnn,sgd,10,128,20000,0.05,0.9,0.0005,cuda,False,True,1,146,146,0.21168282628059387
fixed_random,1,results_v3_main,results_v3_main,small_cnn,sgd,10,128,20000,0.05,0.9,0.0005,cuda,False,True,1,147,147,0.355950266122818
fixed_random,1,results_v3_main,results_v3_main,small_cnn,sgd,10,128,20000,0.05,0.9,0.0005,cuda,False,True,1,148,148,0.6237574815750122
fixed_random,1,results_v3_main,results_v3_main,small_cnn,sgd,10,128,20000,0.05,0.9,0.0005,cuda,False,True,1,149,149,0.31385883688926697
fixed_random,1,results_v3_main,results_v3_main,small_cnn,sgd,10,128,20000,0.05,0.9,0.0005,cuda,False,True,1,150,150,0.014116570353507996
fixed_random,1,results_v3_main,results_v3_main,small_cnn,sgd,10,128,20000,0.05,0.9,0.0005,cuda,False,True,1,151,151,0.336742639541626
fixed_random,1,results_v3_main,results_v3_main,small_cnn,sgd,10,128,20000,0.05,0.9,0.0005,cuda,False,True,1,152,152,0.48365259170532227
fixed_random,1,results_v3_main,results_v3_main,small_cnn,sgd,10,128,20000,0.05,0.9,0.0005,cuda,False,True,1,153,153,0.37954166531562805
fixed_random,1,results_v3_main,results_v3_main,small_cnn,sgd,10,128,20000,0.05,0.9,0.0005,cuda,False,True,1,154,154,0.041447900235652924
fixed_random,1,results_v3_main,results_v3_main,small_cnn,sgd,10,128,20000,0.05,0.9,0.0005,cuda,False,True,1,155,155,0.044616833329200745
fixed_random,1,results_v3_main,results_v3_main,small_cnn,sgd,10,128,20000,0.05,0.9,0.0005,cuda,False,True,1,156,156,0.6051971912384033
fixed_random,1,results_v3_main,results_v3_main,small_cnn,sgd,10,128,20000,0.05,0.9,0.0005,cuda,False,True,1,157,157,0.24401749670505524
fixed_random,1,results_v3_main,results_v3_main,small_cnn,sgd,10,128,20000,0.05,0.9,0.0005,cuda,False,True,2,1,158,0.00918224360793829
fixed_random,1,results_v3_main,results_v3_main,small_cnn,sgd,10,128,20000,0.05,0.9,0.0005,cuda,False,True,2,2,159,0.5947253704071045
fixed_random,1,results_v3_main,results_v3_main,small_cnn,sgd,10,128,20000,0.05,0.9,0.0005,cuda,False,True,2,3,160,0.222456157207489
fixed_random,1,results_v3_main,results_v3_main,small_cnn,sgd,10,128,20000,0.05,0.9,0.0005,cuda,False,True,2,4,161,0.5900483131408691
fixed_random,1,results_v3_main,results_v3_main,small_cnn,sgd,10,128,20000,0.05,0.9,0.0005,cuda,False,True,2,5,162,-0.2850950360298157
fixed_random,1,results_v3_main,results_v3_main,small_cnn,sgd,10,128,20000,0.05,0.9,0.0005,cuda,False,True,2,6,163,0.4290198087692261
fixed_random,1,results_v3_main,results_v3_main,small_cnn,sgd,10,128,20000,0.05,0.9,0.0005,cuda,False,True,2,7,164,-0.0539371557533741
fixed_random,1,results_v3_main,results_v3_main,small_cnn,sgd,10,128,20000,0.05,0.9,0.0005,cuda,False,True,2,8,165,-0.06871907413005829
fixed_random,1,results_v3_main,results_v3_main,small_cnn,sgd,10,128,20000,0.05,0.9,0.0005,cuda,False,True,2,9,166,0.1499311327934265
fixed_random,1,results_v3_main,results_v3_main,small_cnn,sgd,10,128,20000,0.05,0.9,0.0005,cuda,False,True,2,10,167,0.2295217365026474
fixed_random,1,results_v3_main,results_v3_main,small_cnn,sgd,10,128,20000,0.05,0.9,0.0005,cuda,False,True,2,11,168,0.08987148106098175
fixed_random,1,results_v3_main,results_v3_main,small_cnn,sgd,10,128,20000,0.05,0.9,0.0005,cuda,False,True,2,12,169,-0.03057672455906868
fixed_random,1,results_v3_main,results_v3_main,small_cnn,sgd,10,128,20000,0.05,0.9,0.0005,cuda,False,True,2,13,170,0.3630242645740509
fixed_random,1,results_v3_main,results_v3_main,small_cnn,sgd,10,128,20000,0.05,0.9,0.0005,cuda,False,True,2,14,171,0.45707350969314575
fixed_random,1,results_v3_main,results_v3_main,small_cnn,sgd,10,128,20000,0.05,0.9,0.0005,cuda,False,True,2,15,172,-0.14526066184043884
fixed_random,1,results_v3_main,results_v3_main,small_cnn,sgd,10,128,20000,0.05,0.9,0.0005,cuda,False,True,2,16,173,0.11171415448188782
fixed_random,1,results_v3_main,results_v3_main,small_cnn,sgd,10,128,20000,0.05,0.9,0.0005,cuda,False,True,2,17,174,0.3243653178215027
fixed_random,1,results_v3_main,results_v3_main,small_cnn,sgd,10,128,20000,0.05,0.9,0.0005,cuda,False,True,2,18,175,0.03433480113744736
fixed_random,1,results_v3_main,results_v3_main,small_cnn,sgd,10,128,20000,0.05,0.9,0.0005,cuda,False,True,2,19,176,0.21448063850402832
fixed_random,1,results_v3_main,results_v3_main,small_cnn,sgd,10,128,20000,0.05,0.9,0.0005,cuda,False,True,2,20,177,-0.04845833033323288
fixed_random,1,results_v3_main,results_v3_main,small_cnn,sgd,10,128,20000,0.05,0.9,0.0005,cuda,False,True,2,21,178,-0.1610264778137207
fixed_random,1,results_v3_main,results_v3_main,small_cnn,sgd,10,128,20000,0.05,0.9,0.0005,cuda,False,True,2,22,179,0.41021326184272766
fixed_random,1,results_v3_main,results_v3_main,small_cnn,sgd,10,128,20000,0.05,0.9,0.0005,cuda,False,True,2,23,180,-0.020726067945361137
fixed_random,1,results_v3_main,results_v3_main,small_cnn,sgd,10,128,20000,0.05,0.9,0.0005,cuda,False,True,2,24,181,0.16641336679458618
fixed_random,1,results_v3_main,results_v3_main,small_cnn,sgd,10,128,20000,0.05,0.9,0.0005,cuda,False,True,2,25,182,0.3715178370475769
fixed_random,1,results_v3_main,results_v3_main,small_cnn,sgd,10,128,20000,0.05,0.9,0.0005,cuda,False,True,2,26,183,0.19616340100765228
fixed_random,1,results_v3_main,results_v3_main,small_cnn,sgd,10,128,20000,0.05,0.9,0.0005,cuda,False,True,2,27,184,-0.27841198444366455
fixed_random,1,results_v3_main,results_v3_main,small_cnn,sgd,10,128,20000,0.05,0.9,0.0005,cuda,False,True,2,28,185,0.37075722217559814
fixed_random,1,results_v3_main,results_v3_main,small_cnn,sgd,10,128,20000,0.05,0.9,0.0005,cuda,False,True,2,29,186,0.4778062701225281
fixed_random,1,results_v3_main,results_v3_main,small_cnn,sgd,10,128,20000,0.05,0.9,0.0005,cuda,False,True,2,30,187,0.19454330205917358
fixed_random,1,results_v3_main,results_v3_main,small_cnn,sgd,10,128,20000,0.05,0.9,0.0005,cuda,False,True,2,31,188,-0.3926633596420288
fixed_random,1,results_v3_main,results_v3_main,small_cnn,sgd,10,128,20000,0.05,0.9,0.0005,cuda,False,True,2,32,189,0.6483464241027832
fixed_random,1,results_v3_main,results_v3_main,small_cnn,sgd,10,128,20000,0.05,0.9,0.0005,cuda,False,True,2,33,190,-0.2650949954986572
fixed_random,1,results_v3_main,results_v3_main,small_cnn,sgd,10,128,20000,0.05,0.9,0.0005,cuda,False,True,2,34,191,-0.381925493478775
fixed_random,1,results_v3_main,results_v3_main,small_cnn,sgd,10,128,20000,0.05,0.9,0.0005,cuda,False,True,2,35,192,0.04516872018575668
fixed_random,1,results_v3_main,results_v3_main,small_cnn,sgd,10,128,20000,0.05,0.9,0.0005,cuda,False,True,2,36,193,0.338351845741272
fixed_random,1,results_v3_main,results_v3_main,small_cnn,sgd,10,128,20000,0.05,0.9,0.0005,cuda,False,True,2,37,194,0.5248987674713135
fixed_random,1,results_v3_main,results_v3_main,small_cnn,sgd,10,128,20000,0.05,0.9,0.0005,cuda,False,True,2,38,195,-0.1659717857837677
fixed_random,1,results_v3_main,results_v3_main,small_cnn,sgd,10,128,20000,0.05,0.9,0.0005,cuda,False,True,2,39,196,0.1789647489786148
fixed_random,1,results_v3_main,results_v3_main,small_cnn,sgd,10,128,20000,0.05,0.9,0.0005,cuda,False,True,2,40,197,0.5193848013877869
fixed_random,1,results_v3_main,results_v3_main,small_cnn,sgd,10,128,20000,0.05,0.9,0.0005,cuda,False,True,2,41,198,0.26674771308898926
fixed_random,1,results_v3_main,results_v3_main,small_cnn,sgd,10,128,20000,0.05,0.9,0.0005,cuda,False,True,2,42,199,-0.20585305988788605
fixed_random,1,results_v3_main,results_v3_main,small_cnn,sgd,10,128,20000,0.05,0.9,0.0005,cuda,False,True,2,43,200,0.6246206760406494
fixed_random,1,results_v3_main,results_v3_main,small_cnn,sgd,10,128,20000,0.05,0.9,0.0005,cuda,False,True,2,44,201,0.49274829030036926
fixed_random,1,results_v3_main,results_v3_main,small_cnn,sgd,10,128,20000,0.05,0.9,0.0005,cuda,False,True,2,45,202,-0.2035364806652069
fixed_random,1,results_v3_main,results_v3_main,small_cnn,sgd,10,128,20000,0.05,0.9,0.0005,cuda,False,True,2,46,203,0.5056581497192383
fixed_random,1,results_v3_main,results_v3_main,small_cnn,sgd,10,128,20000,0.05,0.9,0.0005,cuda,False,True,2,47,204,0.06865762174129486
fixed_random,1,results_v3_main,results_v3_main,small_cnn,sgd,10,128,20000,0.05,0.9,0.0005,cuda,False,True,2,48,205,0.44110003113746643
fixed_random,1,results_v3_main,results_v3_main,small_cnn,sgd,10,128,20000,0.05,0.9,0.0005,cuda,False,True,2,49,206,0.40003401041030884
fixed_random,1,results_v3_main,results_v3_main,small_cnn,sgd,10,128,20000,0.05,0.9,0.0005,cuda,False,True,2,50,207,-0.1851278394460678
fixed_random,1,results_v3_main,results_v3_main,small_cnn,sgd,10,128,20000,0.05,0.9,0.0005,cuda,False,True,2,51,208,0.02635735459625721
fixed_random,1,results_v3_main,results_v3_main,small_cnn,sgd,10,128,20000,0.05,0.9,0.0005,cuda,False,True,2,52,209,-0.10134485363960266
fixed_random,1,results_v3_main,results_v3_main,small_cnn,sgd,10,128,20000,0.05,0.9,0.0005,cuda,False,True,2,53,210,0.07353199273347855
fixed_random,1,results_v3_main,results_v3_main,small_cnn,sgd,10,128,20000,0.05,0.9,0.0005,cuda,False,True,2,54,211,0.16018308699131012
fixed_random,1,results_v3_main,results_v3_main,small_cnn,sgd,10,128,20000,0.05,0.9,0.0005,cuda,False,True,2,55,212,0.39042988419532776
fixed_random,1,results_v3_main,results_v3_main,small_cnn,sgd,10,128,20000,0.05,0.9,0.0005,cuda,False,True,2,56,213,-0.20254337787628174
fixed_random,1,results_v3_main,results_v3_main,small_cnn,sgd,10,128,20000,0.05,0.9,0.0005,cuda,False,True,2,57,214,0.6036490201950073
fixed_random,1,results_v3_main,results_v3_main,small_cnn,sgd,10,128,20000,0.05,0.9,0.0005,cuda,False,True,2,58,215,0.3050783574581146
fixed_random,1,results_v3_main,results_v3_main,small_cnn,sgd,10,128,20000,0.05,0.9,0.0005,cuda,False,True,2,59,216,0.4163743555545807
fixed_random,1,results_v3_main,results_v3_main,small_cnn,sgd,10,128,20000,0.05,0.9,0.0005,cuda,False,True,2,60,217,-0.29307758808135986
fixed_random,1,results_v3_main,results_v3_main,small_cnn,sgd,10,128,20000,0.05,0.9,0.0005,cuda,False,True,2,61,218,0.29884761571884155
fixed_random,1,results_v3_main,results_v3_main,small_cnn,sgd,10,128,20000,0.05,0.9,0.0005,cuda,False,True,2,62,219,0.37878158688545227
fixed_random,1,results_v3_main,results_v3_main,small_cnn,sgd,10,128,20000,0.05,0.9,0.0005,cuda,False,True,2,63,220,0.06543298065662384
fixed_random,1,results_v3_main,results_v3_main,small_cnn,sgd,10,128,20000,0.05,0.9,0.0005,cuda,False,True,2,64,221,0.02088719978928566
fixed_random,1,results_v3_main,results_v3_main,small_cnn,sgd,10,128,20000,0.05,0.9,0.0005,cuda,False,True,2,65,222,0.23270252346992493
fixed_random,1,results_v3_main,results_v3_main,small_cnn,sgd,10,128,20000,0.05,0.9,0.0005,cuda,False,True,2,66,223,0.1755923479795456
fixed_random,1,results_v3_main,results_v3_main,small_cnn,sgd,10,128,20000,0.05,0.9,0.0005,cuda,False,True,2,67,224,0.07879956066608429
fixed_random,1,results_v3_main,results_v3_main,small_cnn,sgd,10,128,20000,0.05,0.9,0.0005,cuda,False,True,2,68,225,0.37822210788726807
fixed_random,1,results_v3_main,results_v3_main,small_cnn,sgd,10,128,20000,0.05,0.9,0.0005,cuda,False,True,2,69,226,-0.0011937692761421204
fixed_random,1,results_v3_main,results_v3_main,small_cnn,sgd,10,128,20000,0.05,0.9,0.0005,cuda,False,True,2,70,227,0.1065412163734436
fixed_random,1,results_v3_main,results_v3_main,small_cnn,sgd,10,128,20000,0.05,0.9,0.0005,cuda,False,True,2,71,228,0.5901746153831482
fixed_random,1,results_v3_main,results_v3_main,small_cnn,sgd,10,128,20000,0.05,0.9,0.0005,cuda,False,True,2,72,229,0.38175225257873535
fixed_random,1,results_v3_main,results_v3_main,small_cnn,sgd,10,128,20000,0.05,0.9,0.0005,cuda,False,True,2,73,230,0.43593013286590576
fixed_random,1,results_v3_main,results_v3_main,small_cnn,sgd,10,128,20000,0.05,0.9,0.0005,cuda,False,True,2,74,231,0.4427856504917145
fixed_random,1,results_v3_main,results_v3_main,small_cnn,sgd,10,128,20000,0.05,0.9,0.0005,cuda,False,True,2,75,232,-0.2011370062828064
fixed_random,1,results_v3_main,results_v3_main,small_cnn,sgd,10,128,20000,0.05,0.9,0.0005,cuda,False,True,2,76,233,0.11522586643695831
fixed_random,1,results_v3_main,results_v3_main,small_cnn,sgd,10,128,20000,0.05,0.9,0.0005,cuda,False,True,2,77,234,0.056813646107912064
fixed_random,1,results_v3_main,results_v3_main,small_cnn,sgd,10,128,20000,0.05,0.9,0.0005,cuda,False,True,2,78,235,0.34584179520606995
fixed_random,1,results_v3_main,results_v3_main,small_cnn,sgd,10,128,20000,0.05,0.9,0.0005,cuda,False,True,2,79,236,0.2889229953289032
fixed_random,1,results_v3_main,results_v3_main,small_cnn,sgd,10,128,20000,0.05,0.9,0.0005,cuda,False,True,2,80,237,0.5810509920120239
fixed_random,1,results_v3_main,results_v3_main,small_cnn,sgd,10,128,20000,0.05,0.9,0.0005,cuda,False,True,2,81,238,0.5215038657188416
fixed_random,1,results_v3_main,results_v3_main,small_cnn,sgd,10,128,20000,0.05,0.9,0.0005,cuda,False,True,2,82,239,0.21570105850696564
fixed_random,1,results_v3_main,results_v3_main,small_cnn,sgd,10,128,20000,0.05,0.9,0.0005,cuda,False,True,2,83,240,0.45896607637405396
fixed_random,1,results_v3_main,results_v3_main,small_cnn,sgd,10,128,20000,0.05,0.9,0.0005,cuda,False,True,2,84,241,-0.04844135791063309
fixed_random,1,results_v3_main,results_v3_main,small_cnn,sgd,10,128,20000,0.05,0.9,0.0005,cuda,False,True,2,85,242,0.27525874972343445
fixed_random,1,results_v3_main,results_v3_main,small_cnn,sgd,10,128,20000,0.05,0.9,0.0005,cuda,False,True,2,86,243,0.2454405426979065
fixed_random,1,results_v3_main,results_v3_main,small_cnn,sgd,10,128,20000,0.05,0.9,0.0005,cuda,False,True,2,87,244,0.4760704040527344
fixed_random,1,results_v3_main,results_v3_main,small_cnn,sgd,10,128,20000,0.05,0.9,0.0005,cuda,False,True,2,88,245,0.18910333514213562
fixed_random,1,results_v3_main,results_v3_main,small_cnn,sgd,10,128,20000,0.05,0.9,0.0005,cuda,False,True,2,89,246,-0.07273520529270172
fixed_random,1,results_v3_main,results_v3_main,small_cnn,sgd,10,128,20000,0.05,0.9,0.0005,cuda,False,True,2,90,247,0.282236248254776
fixed_random,1,results_v3_main,results_v3_main,small_cnn,sgd,10,128,20000,0.05,0.9,0.0005,cuda,False,True,2,91,248,0.1876530647277832
fixed_random,1,results_v3_main,results_v3_main,small_cnn,sgd,10,128,20000,0.05,0.9,0.0005,cuda,False,True,2,92,249,0.3297051191329956
fixed_random,1,results_v3_main,results_v3_main,small_cnn,sgd,10,128,20000,0.05,0.9,0.0005,cuda,False,True,2,93,250,-0.03889811411499977
fixed_random,1,results_v3_main,results_v3_main,small_cnn,sgd,10,128,20000,0.05,0.9,0.0005,cuda,False,True,2,94,251,0.21516138315200806
fixed_random,1,results_v3_main,results_v3_main,small_cnn,sgd,10,128,20000,0.05,0.9,0.0005,cuda,False,True,2,95,252,0.613262414932251
fixed_random,1,results_v3_main,results_v3_main,small_cnn,sgd,10,128,20000,0.05,0.9,0.0005,cuda,False,True,2,96,253,0.35167813301086426
fixed_random,1,results_v3_main,results_v3_main,small_cnn,sgd,10,128,20000,0.05,0.9,0.0005,cuda,False,True,2,97,254,0.013008417561650276
fixed_random,1,results_v3_main,results_v3_main,small_cnn,sgd,10,128,20000,0.05,0.9,0.0005,cuda,False,True,2,98,255,0.10282130539417267
fixed_random,1,results_v3_main,results_v3_main,small_cnn,sgd,10,128,20000,0.05,0.9,0.0005,cuda,False,True,2,99,256,0.2808225750923157
fixed_random,1,results_v3_main,results_v3_main,small_cnn,sgd,10,128,20000,0.05,0.9,0.0005,cuda,False,True,2,100,257,-0.0227946937084198
fixed_random,1,results_v3_main,results_v3_main,small_cnn,sgd,10,128,20000,0.05,0.9,0.0005,cuda,False,True,2,101,258,0.10467031598091125
fixed_random,1,results_v3_main,results_v3_main,small_cnn,sgd,10,128,20000,0.05,0.9,0.0005,cuda,False,True,2,102,259,0.2679838240146637
fixed_random,1,results_v3_main,results_v3_main,small_cnn,sgd,10,128,20000,0.05,0.9,0.0005,cuda,False,True,2,103,260,0.16778327524662018
fixed_random,1,results_v3_main,results_v3_main,small_cnn,sgd,10,128,20000,0.05,0.9,0.0005,cuda,False,True,2,104,261,0.3673419952392578
fixed_random,1,results_v3_main,results_v3_main,small_cnn,sgd,10,128,20000,0.05,0.9,0.0005,cuda,False,True,2,105,262,0.3771990239620209
fixed_random,1,results_v3_main,results_v3_main,small_cnn,sgd,10,128,20000,0.05,0.9,0.0005,cuda,False,True,2,106,263,0.32756221294403076
fixed_random,1,results_v3_main,results_v3_main,small_cnn,sgd,10,128,20000,0.05,0.9,0.0005,cuda,False,True,2,107,264,-0.18199464678764343
fixed_random,1,results_v3_main,results_v3_main,small_cnn,sgd,10,128,20000,0.05,0.9,0.0005,cuda,False,True,2,108,265,0.251038134098053
fixed_random,1,results_v3_main,results_v3_main,small_cnn,sgd,10,128,20000,0.05,0.9,0.0005,cuda,False,True,2,109,266,0.3681810796260834
fixed_random,1,results_v3_main,results_v3_main,small_cnn,sgd,10,128,20000,0.05,0.9,0.0005,cuda,False,True,2,110,267,0.4261137843132019
fixed_random,1,results_v3_main,results_v3_main,small_cnn,sgd,10,128,20000,0.05,0.9,0.0005,cuda,False,True,2,111,268,-0.09958883374929428
fixed_random,1,results_v3_main,results_v3_main,small_cnn,sgd,10,128,20000,0.05,0.9,0.0005,cuda,False,True,2,112,269,0.23712792992591858
fixed_random,1,results_v3_main,results_v3_main,small_cnn,sgd,10,128,20000,0.05,0.9,0.0005,cuda,False,True,2,113,270,-0.07410483062267303
fixed_random,1,results_v3_main,results_v3_main,small_cnn,sgd,10,128,20000,0.05,0.9,0.0005,cuda,False,True,2,114,271,0.545551598072052
fixed_random,1,results_v3_main,results_v3_main,small_cnn,sgd,10,128,20000,0.05,0.9,0.0005,cuda,False,True,2,115,272,0.52107834815979
fixed_random,1,results_v3_main,results_v3_main,small_cnn,sgd,10,128,20000,0.05,0.9,0.0005,cuda,False,True,2,116,273,0.3073212504386902
fixed_random,1,results_v3_main,results_v3_main,small_cnn,sgd,10,128,20000,0.05,0.9,0.0005,cuda,False,True,2,117,274,-0.23271329700946808
fixed_random,1,results_v3_main,results_v3_main,small_cnn,sgd,10,128,20000,0.05,0.9,0.0005,cuda,False,True,2,118,275,0.24519670009613037
fixed_random,1,results_v3_main,results_v3_main,small_cnn,sgd,10,128,20000,0.05,0.9,0.0005,cuda,False,True,2,119,276,-0.4144062399864197
fixed_random,1,results_v3_main,results_v3_main,small_cnn,sgd,10,128,20000,0.05,0.9,0.0005,cuda,False,True,2,120,277,0.34555596113204956
fixed_random,1,results_v3_main,results_v3_main,small_cnn,sgd,10,128,20000,0.05,0.9,0.0005,cuda,False,True,2,121,278,0.3550475835800171
fixed_random,1,results_v3_main,results_v3_main,small_cnn,sgd,10,128,20000,0.05,0.9,0.0005,cuda,False,True,2,122,279,0.03064388781785965
fixed_random,1,results_v3_main,results_v3_main,small_cnn,sgd,10,128,20000,0.05,0.9,0.0005,cuda,False,True,2,123,280,0.4439915418624878
fixed_random,1,results_v3_main,results_v3_main,small_cnn,sgd,10,128,20000,0.05,0.9,0.0005,cuda,False,True,2,124,281,0.07238704711198807
fixed_random,1,results_v3_main,results_v3_main,small_cnn,sgd,10,128,20000,0.05,0.9,0.0005,cuda,False,True,2,125,282,0.2593488395214081
fixed_random,1,results_v3_main,results_v3_main,small_cnn,sgd,10,128,20000,0.05,0.9,0.0005,cuda,False,True,2,126,283,0.22881637513637543
fixed_random,1,results_v3_main,results_v3_main,small_cnn,sgd,10,128,20000,0.05,0.9,0.0005,cuda,False,True,2,127,284,0.2457660734653473
fixed_random,1,results_v3_main,results_v3_main,small_cnn,sgd,10,128,20000,0.05,0.9,0.0005,cuda,False,True,2,128,285,0.34986060857772827
fixed_random,1,results_v3_main,results_v3_main,small_cnn,sgd,10,128,20000,0.05,0.9,0.0005,cuda,False,True,2,129,286,0.30669552087783813
fixed_random,1,results_v3_main,results_v3_main,small_cnn,sgd,10,128,20000,0.05,0.9,0.0005,cuda,False,True,2,130,287,0.22573691606521606
fixed_random,1,results_v3_main,results_v3_main,small_cnn,sgd,10,128,20000,0.05,0.9,0.0005,cuda,False,True,2,131,288,0.7255765199661255
fixed_random,1,results_v3_main,results_v3_main,small_cnn,sgd,10,128,20000,0.05,0.9,0.0005,cuda,False,True,2,132,289,0.266140878200531
fixed_random,1,results_v3_main,results_v3_main,small_cnn,sgd,10,128,20000,0.05,0.9,0.0005,cuda,False,True,2,133,290,0.0035568727180361748
fixed_random,1,results_v3_main,results_v3_main,small_cnn,sgd,10,128,20000,0.05,0.9,0.0005,cuda,False,True,2,134,291,0.09433034807443619
fixed_random,1,results_v3_main,results_v3_main,small_cnn,sgd,10,128,20000,0.05,0.9,0.0005,cuda,False,True,2,135,292,-0.058053627610206604
fixed_random,1,results_v3_main,results_v3_main,small_cnn,sgd,10,128,20000,0.05,0.9,0.0005,cuda,False,True,2,136,293,-0.45324331521987915
fixed_random,1,results_v3_main,results_v3_main,small_cnn,sgd,10,128,20000,0.05,0.9,0.0005,cuda,False,True,2,137,294,-0.298256516456604
fixed_random,1,results_v3_main,results_v3_main,small_cnn,sgd,10,128,20000,0.05,0.9,0.0005,cuda,False,True,2,138,295,-0.2553806006908417
fixed_random,1,results_v3_main,results_v3_main,small_cnn,sgd,10,128,20000,0.05,0.9,0.0005,cuda,False,True,2,139,296,0.30348438024520874
fixed_random,1,results_v3_main,results_v3_main,small_cnn,sgd,10,128,20000,0.05,0.9,0.0005,cuda,False,True,2,140,297,0.3630799651145935
fixed_random,1,results_v3_main,results_v3_main,small_cnn,sgd,10,128,20000,0.05,0.9,0.0005,cuda,False,True,2,141,298,0.19994647800922394
fixed_random,1,results_v3_main,results_v3_main,small_cnn,sgd,10,128,20000,0.05,0.9,0.0005,cuda,False,True,2,142,299,0.11152222752571106
fixed_random,1,results_v3_main,results_v3_main,small_cnn,sgd,10,128,20000,0.05,0.9,0.0005,cuda,False,True,2,143,300,-0.12421124428510666
fixed_random,1,results_v3_main,results_v3_main,small_cnn,sgd,10,128,20000,0.05,0.9,0.0005,cuda,False,True,2,144,301,0.3062570095062256
fixed_random,1,results_v3_main,results_v3_main,small_cnn,sgd,10,128,20000,0.05,0.9,0.0005,cuda,False,True,2,145,302,-0.03391043096780777
fixed_random,1,results_v3_main,results_v3_main,small_cnn,sgd,10,128,20000,0.05,0.9,0.0005,cuda,False,True,2,146,303,0.08009306341409683
fixed_random,1,results_v3_main,results_v3_main,small_cnn,sgd,10,128,20000,0.05,0.9,0.0005,cuda,False,True,2,147,304,0.33522558212280273
fixed_random,1,results_v3_main,results_v3_main,small_cnn,sgd,10,128,20000,0.05,0.9,0.0005,cuda,False,True,2,148,305,0.39239221811294556
fixed_random,1,results_v3_main,results_v3_main,small_cnn,sgd,10,128,20000,0.05,0.9,0.0005,cuda,False,True,2,149,306,0.3414822816848755
fixed_random,1,results_v3_main,results_v3_main,small_cnn,sgd,10,128,20000,0.05,0.9,0.0005,cuda,False,True,2,150,307,0.01979803666472435
fixed_random,1,results_v3_main,results_v3_main,small_cnn,sgd,10,128,20000,0.05,0.9,0.0005,cuda,False,True,2,151,308,0.09197591245174408
fixed_random,1,results_v3_main,results_v3_main,small_cnn,sgd,10,128,20000,0.05,0.9,0.0005,cuda,False,True,2,152,309,0.21875283122062683
fixed_random,1,results_v3_main,results_v3_main,small_cnn,sgd,10,128,20000,0.05,0.9,0.0005,cuda,False,True,2,153,310,0.019041582942008972
fixed_random,1,results_v3_main,results_v3_main,small_cnn,sgd,10,128,20000,0.05,0.9,0.0005,cuda,False,True,2,154,311,0.06712373346090317
fixed_random,1,results_v3_main,results_v3_main,small_cnn,sgd,10,128,20000,0.05,0.9,0.0005,cuda,False,True,2,155,312,-0.2437828928232193
fixed_random,1,results_v3_main,results_v3_main,small_cnn,sgd,10,128,20000,0.05,0.9,0.0005,cuda,False,True,2,156,313,0.1665232926607132
fixed_random,1,results_v3_main,results_v3_main,small_cnn,sgd,10,128,20000,0.05,0.9,0.0005,cuda,False,True,2,157,314,0.11953963339328766
fixed_random,1,results_v3_main,results_v3_main,small_cnn,sgd,10,128,20000,0.05,0.9,0.0005,cuda,False,True,3,1,315,-0.12147756665945053
fixed_random,1,results_v3_main,results_v3_main,small_cnn,sgd,10,128,20000,0.05,0.9,0.0005,cuda,False,True,3,2,316,-0.08818089962005615
fixed_random,1,results_v3_main,results_v3_main,small_cnn,sgd,10,128,20000,0.05,0.9,0.0005,cuda,False,True,3,3,317,0.16311334073543549
fixed_random,1,results_v3_main,results_v3_main,small_cnn,sgd,10,128,20000,0.05,0.9,0.0005,cuda,False,True,3,4,318,0.47284525632858276
fixed_random,1,results_v3_main,results_v3_main,small_cnn,sgd,10,128,20000,0.05,0.9,0.0005,cuda,False,True,3,5,319,-0.03250144049525261
fixed_random,1,results_v3_main,results_v3_main,small_cnn,sgd,10,128,20000,0.05,0.9,0.0005,cuda,False,True,3,6,320,-0.19235892593860626
fixed_random,1,results_v3_main,results_v3_main,small_cnn,sgd,10,128,20000,0.05,0.9,0.0005,cuda,False,True,3,7,321,0.3323795199394226
fixed_random,1,results_v3_main,results_v3_main,small_cnn,sgd,10,128,20000,0.05,0.9,0.0005,cuda,False,True,3,8,322,0.19605785608291626
fixed_random,1,results_v3_main,results_v3_main,small_cnn,sgd,10,128,20000,0.05,0.9,0.0005,cuda,False,True,3,9,323,0.5812727212905884
fixed_random,1,results_v3_main,results_v3_main,small_cnn,sgd,10,128,20000,0.05,0.9,0.0005,cuda,False,True,3,10,324,-0.06104157119989395
fixed_random,1,results_v3_main,results_v3_main,small_cnn,sgd,10,128,20000,0.05,0.9,0.0005,cuda,False,True,3,11,325,0.1024022027850151
fixed_random,1,results_v3_main,results_v3_main,small_cnn,sgd,10,128,20000,0.05,0.9,0.0005,cuda,False,True,3,12,326,0.24428732693195343
fixed_random,1,results_v3_main,results_v3_main,small_cnn,sgd,10,128,20000,0.05,0.9,0.0005,cuda,False,True,3,13,327,0.6247916221618652
fixed_random,1,results_v3_main,results_v3_main,small_cnn,sgd,10,128,20000,0.05,0.9,0.0005,cuda,False,True,3,14,328,0.09780654311180115
fixed_random,1,results_v3_main,results_v3_main,small_cnn,sgd,10,128,20000,0.05,0.9,0.0005,cuda,False,True,3,15,329,0.14792439341545105
fixed_random,1,results_v3_main,results_v3_main,small_cnn,sgd,10,128,20000,0.05,0.9,0.0005,cuda,False,True,3,16,330,0.5793130993843079
fixed_random,1,results_v3_main,results_v3_main,small_cnn,sgd,10,128,20000,0.05,0.9,0.0005,cuda,False,True,3,17,331,0.4032479524612427
fixed_random,1,results_v3_main,results_v3_main,small_cnn,sgd,10,128,20000,0.05,0.9,0.0005,cuda,False,True,3,18,332,-0.1579938679933548
fixed_random,1,results_v3_main,results_v3_main,small_cnn,sgd,10,128,20000,0.05,0.9,0.0005,cuda,False,True,3,19,333,0.3486025929450989
fixed_random,1,results_v3_main,results_v3_main,small_cnn,sgd,10,128,20000,0.05,0.9,0.0005,cuda,False,True,3,20,334,0.2856954336166382
fixed_random,1,results_v3_main,results_v3_main,small_cnn,sgd,10,128,20000,0.05,0.9,0.0005,cuda,False,True,3,21,335,-0.24337077140808105
fixed_random,1,results_v3_main,results_v3_main,small_cnn,sgd,10,128,20000,0.05,0.9,0.0005,cuda,False,True,3,22,336,0.40191084146499634
fixed_random,1,results_v3_main,results_v3_main,small_cnn,sgd,10,128,20000,0.05,0.9,0.0005,cuda,False,True,3,23,337,0.35447797179222107
fixed_random,1,results_v3_main,results_v3_main,small_cnn,sgd,10,128,20000,0.05,0.9,0.0005,cuda,False,True,3,24,338,0.45063334703445435
fixed_random,1,results_v3_main,results_v3_main,small_cnn,sgd,10,128,20000,0.05,0.9,0.0005,cuda,False,True,3,25,339,0.5636489391326904
fixed_random,1,results_v3_main,results_v3_main,small_cnn,sgd,10,128,20000,0.05,0.9,0.0005,cuda,False,True,3,26,340,0.3945831060409546
fixed_random,1,results_v3_main,results_v3_main,small_cnn,sgd,10,128,20000,0.05,0.9,0.0005,cuda,False,True,3,27,341,-0.2523394227027893
fixed_random,1,results_v3_main,results_v3_main,small_cnn,sgd,10,128,20000,0.05,0.9,0.0005,cuda,False,True,3,28,342,0.4076237678527832
fixed_random,1,results_v3_main,results_v3_main,small_cnn,sgd,10,128,20000,0.05,0.9,0.0005,cuda,False,True,3,29,343,0.3303161859512329
fixed_random,1,results_v3_main,results_v3_main,small_cnn,sgd,10,128,20000,0.05,0.9,0.0005,cuda,False,True,3,30,344,0.445461243391037
fixed_random,1,results_v3_main,results_v3_main,small_cnn,sgd,10,128,20000,0.05,0.9,0.0005,cuda,False,True,3,31,345,0.023942794650793076
fixed_random,1,results_v3_main,results_v3_main,small_cnn,sgd,10,128,20000,0.05,0.9,0.0005,cuda,False,True,3,32,346,0.07610956579446793
fixed_random,1,results_v3_main,results_v3_main,small_cnn,sgd,10,128,20000,0.05,0.9,0.0005,cuda,False,True,3,33,347,0.2707563638687134
fixed_random,1,results_v3_main,results_v3_main,small_cnn,sgd,10,128,20000,0.05,0.9,0.0005,cuda,False,True,3,34,348,-0.3647032380104065
fixed_random,1,results_v3_main,results_v3_main,small_cnn,sgd,10,128,20000,0.05,0.9,0.0005,cuda,False,True,3,35,349,0.5288026928901672
fixed_random,1,results_v3_main,results_v3_main,small_cnn,sgd,10,128,20000,0.05,0.9,0.0005,cuda,False,True,3,36,350,0.6283929347991943
fixed_random,1,results_v3_main,results_v3_main,small_cnn,sgd,10,128,20000,0.05,0.9,0.0005,cuda,False,True,3,37,351,0.050025396049022675
fixed_random,1,results_v3_main,results_v3_main,small_cnn,sgd,10,128,20000,0.05,0.9,0.0005,cuda,False,True,3,38,352,0.19678716361522675
fixed_random,1,results_v3_main,results_v3_main,small_cnn,sgd,10,128,20000,0.05,0.9,0.0005,cuda,False,True,3,39,353,0.16337423026561737
fixed_random,1,results_v3_main,results_v3_main,small_cnn,sgd,10,128,20000,0.05,0.9,0.0005,cuda,False,True,3,40,354,0.37606528401374817
fixed_random,1,results_v3_main,results_v3_main,small_cnn,sgd,10,128,20000,0.05,0.9,0.0005,cuda,False,True,3,41,355,0.2701229155063629
fixed_random,1,results_v3_main,results_v3_main,small_cnn,sgd,10,128,20000,0.05,0.9,0.0005,cuda,False,True,3,42,356,-0.22625969350337982
fixed_random,1,results_v3_main,results_v3_main,small_cnn,sgd,10,128,20000,0.05,0.9,0.0005,cuda,False,True,3,43,357,0.1643638014793396
fixed_random,1,results_v3_main,results_v3_main,small_cnn,sgd,10,128,20000,0.05,0.9,0.0005,cuda,False,True,3,44,358,0.3933996558189392
fixed_random,1,results_v3_main,results_v3_main,small_cnn,sgd,10,128,20000,0.05,0.9,0.0005,cuda,False,True,3,45,359,0.1486882120370865
fixed_random,1,results_v3_main,results_v3_main,small_cnn,sgd,10,128,20000,0.05,0.9,0.0005,cuda,False,True,3,46,360,0.18829509615898132
fixed_random,1,results_v3_main,results_v3_main,small_cnn,sgd,10,128,20000,0.05,0.9,0.0005,cuda,False,True,3,47,361,0.1511766016483307
fixed_random,1,results_v3_main,results_v3_main,small_cnn,sgd,10,128,20000,0.05,0.9,0.0005,cuda,False,True,3,48,362,0.22055020928382874
fixed_random,1,results_v3_main,results_v3_main,small_cnn,sgd,10,128,20000,0.05,0.9,0.0005,cuda,False,True,3,49,363,0.04440354183316231
fixed_random,1,results_v3_main,results_v3_main,small_cnn,sgd,10,128,20000,0.05,0.9,0.0005,cuda,False,True,3,50,364,-0.11410500109195709
fixed_random,1,results_v3_main,results_v3_main,small_cnn,sgd,10,128,20000,0.05,0.9,0.0005,cuda,False,True,3,51,365,-0.33737021684646606
fixed_random,1,results_v3_main,results_v3_main,small_cnn,sgd,10,128,20000,0.05,0.9,0.0005,cuda,False,True,3,52,366,-0.1562739610671997
fixed_random,1,results_v3_main,results_v3_main,small_cnn,sgd,10,128,20000,0.05,0.9,0.0005,cuda,False,True,3,53,367,0.03940922021865845
fixed_random,1,results_v3_main,results_v3_main,small_cnn,sgd,10,128,20000,0.05,0.9,0.0005,cuda,False,True,3,54,368,-0.04096924886107445
fixed_random,1,results_v3_main,results_v3_main,small_cnn,sgd,10,128,20000,0.05,0.9,0.0005,cuda,False,True,3,55,369,0.27540352940559387
fixed_random,1,results_v3_main,results_v3_main,small_cnn,sgd,10,128,20000,0.05,0.9,0.0005,cuda,False,True,3,56,370,0.012597952038049698
fixed_random,1,results_v3_main,results_v3_main,small_cnn,sgd,10,128,20000,0.05,0.9,0.0005,cuda,False,True,3,57,371,0.49533534049987793
fixed_random,1,results_v3_main,results_v3_main,small_cnn,sgd,10,128,20000,0.05,0.9,0.0005,cuda,False,True,3,58,372,-0.047800567001104355
fixed_random,1,results_v3_main,results_v3_main,small_cnn,sgd,10,128,20000,0.05,0.9,0.0005,cuda,False,True,3,59,373,0.13251708447933197
fixed_random,1,results_v3_main,results_v3_main,small_cnn,sgd,10,128,20000,0.05,0.9,0.0005,cuda,False,True,3,60,374,-0.008309749886393547
fixed_random,1,results_v3_main,results_v3_main,small_cnn,sgd,10,128,20000,0.05,0.9,0.0005,cuda,False,True,3,61,375,0.018493007868528366
fixed_random,1,results_v3_main,results_v3_main,small_cnn,sgd,10,128,20000,0.05,0.9,0.0005,cuda,False,True,3,62,376,0.32867684960365295
fixed_random,1,results_v3_main,results_v3_main,small_cnn,sgd,10,128,20000,0.05,0.9,0.0005,cuda,False,True,3,63,377,0.21277394890785217
fixed_random,1,results_v3_main,results_v3_main,small_cnn,sgd,10,128,20000,0.05,0.9,0.0005,cuda,False,True,3,64,378,-0.19571995735168457
fixed_random,1,results_v3_main,results_v3_main,small_cnn,sgd,10,128,20000,0.05,0.9,0.0005,cuda,False,True,3,65,379,-0.050305478274822235
fixed_random,1,results_v3_main,results_v3_main,small_cnn,sgd,10,128,20000,0.05,0.9,0.0005,cuda,False,True,3,66,380,0.09597507864236832
fixed_random,1,results_v3_main,results_v3_main,small_cnn,sgd,10,128,20000,0.05,0.9,0.0005,cuda,False,True,3,67,381,-0.06229976564645767
fixed_random,1,results_v3_main,results_v3_main,small_cnn,sgd,10,128,20000,0.05,0.9,0.0005,cuda,False,True,3,68,382,0.3183843493461609
fixed_random,1,results_v3_main,results_v3_main,small_cnn,sgd,10,128,20000,0.05,0.9,0.0005,cuda,False,True,3,69,383,0.18270492553710938
fixed_random,1,results_v3_main,results_v3_main,small_cnn,sgd,10,128,20000,0.05,0.9,0.0005,cuda,False,True,3,70,384,0.2840675413608551
fixed_random,1,results_v3_main,results_v3_main,small_cnn,sgd,10,128,20000,0.05,0.9,0.0005,cuda,False,True,3,71,385,0.14517349004745483
fixed_random,1,results_v3_main,results_v3_main,small_cnn,sgd,10,128,20000,0.05,0.9,0.0005,cuda,False,True,3,72,386,0.20272651314735413
fixed_random,1,results_v3_main,results_v3_main,small_cnn,sgd,10,128,20000,0.05,0.9,0.0005,cuda,False,True,3,73,387,0.38055410981178284
fixed_random,1,results_v3_main,results_v3_main,small_cnn,sgd,10,128,20000,0.05,0.9,0.0005,cuda,False,True,3,74,388,0.4131855368614197
fixed_random,1,results_v3_main,results_v3_main,small_cnn,sgd,10,128,20000,0.05,0.9,0.0005,cuda,False,True,3,75,389,-0.032516010105609894
fixed_random,1,results_v3_main,results_v3_main,small_cnn,sgd,10,128,20000,0.05,0.9,0.0005,cuda,False,True,3,76,390,-0.08321193605661392
fixed_random,1,results_v3_main,results_v3_main,small_cnn,sgd,10,128,20000,0.05,0.9,0.0005,cuda,False,True,3,77,391,-0.03441828489303589
fixed_random,1,results_v3_main,results_v3_main,small_cnn,sgd,10,128,20000,0.05,0.9,0.0005,cuda,False,True,3,78,392,0.03015553206205368
fixed_random,1,results_v3_main,results_v3_main,small_cnn,sgd,10,128,20000,0.05,0.9,0.0005,cuda,False,True,3,79,393,0.031193766742944717
fixed_random,1,results_v3_main,results_v3_main,small_cnn,sgd,10,128,20000,0.05,0.9,0.0005,cuda,False,True,3,80,394,0.5122625231742859
fixed_random,1,results_v3_main,results_v3_main,small_cnn,sgd,10,128,20000,0.05,0.9,0.0005,cuda,False,True,3,81,395,0.4935372769832611
fixed_random,1,results_v3_main,results_v3_main,small_cnn,sgd,10,128,20000,0.05,0.9,0.0005,cuda,False,True,3,82,396,0.13770420849323273
fixed_random,1,results_v3_main,results_v3_main,small_cnn,sgd,10,128,20000,0.05,0.9,0.0005,cuda,False,True,3,83,397,0.25416386127471924
fixed_random,1,results_v3_main,results_v3_main,small_cnn,sgd,10,128,20000,0.05,0.9,0.0005,cuda,False,True,3,84,398,-0.1383325606584549
fixed_random,1,results_v3_main,results_v3_main,small_cnn,sgd,10,128,20000,0.05,0.9,0.0005,cuda,False,True,3,85,399,0.012119073420763016
fixed_random,1,results_v3_main,results_v3_main,small_cnn,sgd,10,128,20000,0.05,0.9,0.0005,cuda,False,True,3,86,400,-0.07640521228313446
fixed_random,1,results_v3_main,results_v3_main,small_cnn,sgd,10,128,20000,0.05,0.9,0.0005,cuda,False,True,3,87,401,0.022189592942595482
fixed_random,1,results_v3_main,results_v3_main,small_cnn,sgd,10,128,20000,0.05,0.9,0.0005,cuda,False,True,3,88,402,-0.15191562473773956
fixed_random,1,results_v3_main,results_v3_main,small_cnn,sgd,10,128,20000,0.05,0.9,0.0005,cuda,False,True,3,89,403,0.03270021453499794
fixed_random,1,results_v3_main,results_v3_main,small_cnn,sgd,10,128,20000,0.05,0.9,0.0005,cuda,False,True,3,90,404,0.43850991129875183
fixed_random,1,results_v3_main,results_v3_main,small_cnn,sgd,10,128,20000,0.05,0.9,0.0005,cuda,False,True,3,91,405,0.16714441776275635
fixed_random,1,results_v3_main,results_v3_main,small_cnn,sgd,10,128,20000,0.05,0.9,0.0005,cuda,False,True,3,92,406,0.34731146693229675
fixed_random,1,results_v3_main,results_v3_main,small_cnn,sgd,10,128,20000,0.05,0.9,0.0005,cuda,False,True,3,93,407,-0.32144662737846375
fixed_random,1,results_v3_main,results_v3_main,small_cnn,sgd,10,128,20000,0.05,0.9,0.0005,cuda,False,True,3,94,408,0.27063512802124023
fixed_random,1,results_v3_main,results_v3_main,small_cnn,sgd,10,128,20000,0.05,0.9,0.0005,cuda,False,True,3,95,409,0.5658692121505737
fixed_random,1,results_v3_main,results_v3_main,small_cnn,sgd,10,128,20000,0.05,0.9,0.0005,cuda,False,True,3,96,410,0.3702348470687866
fixed_random,1,results_v3_main,results_v3_main,small_cnn,sgd,10,128,20000,0.05,0.9,0.0005,cuda,False,True,3,97,411,0.09579895436763763
fixed_random,1,results_v3_main,results_v3_main,small_cnn,sgd,10,128,20000,0.05,0.9,0.0005,cuda,False,True,3,98,412,0.23000818490982056
fixed_random,1,results_v3_main,results_v3_main,small_cnn,sgd,10,128,20000,0.05,0.9,0.0005,cuda,False,True,3,99,413,-0.1806502491235733
fixed_random,1,results_v3_main,results_v3_main,small_cnn,sgd,10,128,20000,0.05,0.9,0.0005,cuda,False,True,3,100,414,-0.037127479910850525
fixed_random,1,results_v3_main,results_v3_main,small_cnn,sgd,10,128,20000,0.05,0.9,0.0005,cuda,False,True,3,101,415,0.12556791305541992
fixed_random,1,results_v3_main,results_v3_main,small_cnn,sgd,10,128,20000,0.05,0.9,0.0005,cuda,False,True,3,102,416,0.34054630994796753
fixed_random,1,results_v3_main,results_v3_main,small_cnn,sgd,10,128,20000,0.05,0.9,0.0005,cuda,False,True,3,103,417,0.2931360602378845
fixed_random,1,results_v3_main,results_v3_main,small_cnn,sgd,10,128,20000,0.05,0.9,0.0005,cuda,False,True,3,104,418,0.3637906610965729
fixed_random,1,results_v3_main,results_v3_main,small_cnn,sgd,10,128,20000,0.05,0.9,0.0005,cuda,False,True,3,105,419,0.490889310836792
fixed_random,1,results_v3_main,results_v3_main,small_cnn,sgd,10,128,20000,0.05,0.9,0.0005,cuda,False,True,3,106,420,0.4320605993270874
fixed_random,1,results_v3_main,results_v3_main,small_cnn,sgd,10,128,20000,0.05,0.9,0.0005,cuda,False,True,3,107,421,-0.18341383337974548
fixed_random,1,results_v3_main,results_v3_main,small_cnn,sgd,10,128,20000,0.05,0.9,0.0005,cuda,False,True,3,108,422,0.1257142424583435
fixed_random,1,results_v3_main,results_v3_main,small_cnn,sgd,10,128,20000,0.05,0.9,0.0005,cuda,False,True,3,109,423,0.18744352459907532
fixed_random,1,results_v3_main,results_v3_main,small_cnn,sgd,10,128,20000,0.05,0.9,0.0005,cuda,False,True,3,110,424,0.5064896941184998
fixed_random,1,results_v3_main,results_v3_main,small_cnn,sgd,10,128,20000,0.05,0.9,0.0005,cuda,False,True,3,111,425,0.0843399167060852
fixed_random,1,results_v3_main,results_v3_main,small_cnn,sgd,10,128,20000,0.05,0.9,0.0005,cuda,False,True,3,112,426,0.2692567706108093
fixed_random,1,results_v3_main,results_v3_main,small_cnn,sgd,10,128,20000,0.05,0.9,0.0005,cuda,False,True,3,113,427,-0.09470241516828537
fixed_random,1,results_v3_main,results_v3_main,small_cnn,sgd,10,128,20000,0.05,0.9,0.0005,cuda,False,True,3,114,428,-0.30240389704704285
fixed_random,1,results_v3_main,results_v3_main,small_cnn,sgd,10,128,20000,0.05,0.9,0.0005,cuda,False,True,3,115,429,0.5830483436584473
fixed_random,1,results_v3_main,results_v3_main,small_cnn,sgd,10,128,20000,0.05,0.9,0.0005,cuda,False,True,3,116,430,0.3848588764667511
fixed_random,1,results_v3_main,results_v3_main,small_cnn,sgd,10,128,20000,0.05,0.9,0.0005,cuda,False,True,3,117,431,0.2560892403125763
fixed_random,1,results_v3_main,results_v3_main,small_cnn,sgd,10,128,20000,0.05,0.9,0.0005,cuda,False,True,3,118,432,0.22814692556858063
fixed_random,1,results_v3_main,results_v3_main,small_cnn,sgd,10,128,20000,0.05,0.9,0.0005,cuda,False,True,3,119,433,-0.3311605453491211
fixed_random,1,results_v3_main,results_v3_main,small_cnn,sgd,10,128,20000,0.05,0.9,0.0005,cuda,False,True,3,120,434,0.23109765350818634
fixed_random,1,results_v3_main,results_v3_main,small_cnn,sgd,10,128,20000,0.05,0.9,0.0005,cuda,False,True,3,121,435,0.26867708563804626
fixed_random,1,results_v3_main,results_v3_main,small_cnn,sgd,10,128,20000,0.05,0.9,0.0005,cuda,False,True,3,122,436,0.14384742081165314
fixed_random,1,results_v3_main,results_v3_main,small_cnn,sgd,10,128,20000,0.05,0.9,0.0005,cuda,False,True,3,123,437,0.4886249899864197
fixed_random,1,results_v3_main,results_v3_main,small_cnn,sgd,10,128,20000,0.05,0.9,0.0005,cuda,False,True,3,124,438,-0.09988246858119965
fixed_random,1,results_v3_main,results_v3_main,small_cnn,sgd,10,128,20000,0.05,0.9,0.0005,cuda,False,True,3,125,439,0.04054063931107521
fixed_random,1,results_v3_main,results_v3_main,small_cnn,sgd,10,128,20000,0.05,0.9,0.0005,cuda,False,True,3,126,440,0.3245663642883301
fixed_random,1,results_v3_main,results_v3_main,small_cnn,sgd,10,128,20000,0.05,0.9,0.0005,cuda,False,True,3,127,441,-0.24643169343471527
fixed_random,1,results_v3_main,results_v3_main,small_cnn,sgd,10,128,20000,0.05,0.9,0.0005,cuda,False,True,3,128,442,0.5837012529373169
fixed_random,1,results_v3_main,results_v3_main,small_cnn,sgd,10,128,20000,0.05,0.9,0.0005,cuda,False,True,3,129,443,0.19500450789928436
fixed_random,1,results_v3_main,results_v3_main,small_cnn,sgd,10,128,20000,0.05,0.9,0.0005,cuda,False,True,3,130,444,0.09490446746349335
fixed_random,1,results_v3_main,results_v3_main,small_cnn,sgd,10,128,20000,0.05,0.9,0.0005,cuda,False,True,3,131,445,0.6784841418266296
fixed_random,1,results_v3_main,results_v3_main,small_cnn,sgd,10,128,20000,0.05,0.9,0.0005,cuda,False,True,3,132,446,0.45898380875587463
fixed_random,1,results_v3_main,results_v3_main,small_cnn,sgd,10,128,20000,0.05,0.9,0.0005,cuda,False,True,3,133,447,-0.24473682045936584
fixed_random,1,results_v3_main,results_v3_main,small_cnn,sgd,10,128,20000,0.05,0.9,0.0005,cuda,False,True,3,134,448,-0.03510981798171997
fixed_random,1,results_v3_main,results_v3_main,small_cnn,sgd,10,128,20000,0.05,0.9,0.0005,cuda,False,True,3,135,449,0.10883801430463791
fixed_random,1,results_v3_main,results_v3_main,small_cnn,sgd,10,128,20000,0.05,0.9,0.0005,cuda,False,True,3,136,450,-0.48078060150146484
fixed_random,1,results_v3_main,results_v3_main,small_cnn,sgd,10,128,20000,0.05,0.9,0.0005,cuda,False,True,3,137,451,-0.2886733114719391
fixed_random,1,results_v3_main,results_v3_main,small_cnn,sgd,10,128,20000,0.05,0.9,0.0005,cuda,False,True,3,138,452,-0.23848998546600342
fixed_random,1,results_v3_main,results_v3_main,small_cnn,sgd,10,128,20000,0.05,0.9,0.0005,cuda,False,True,3,139,453,0.39976799488067627
fixed_random,1,results_v3_main,results_v3_main,small_cnn,sgd,10,128,20000,0.05,0.9,0.0005,cuda,False,True,3,140,454,0.13782992959022522
fixed_random,1,results_v3_main,results_v3_main,small_cnn,sgd,10,128,20000,0.05,0.9,0.0005,cuda,False,True,3,141,455,0.20404526591300964
fixed_random,1,results_v3_main,results_v3_main,small_cnn,sgd,10,128,20000,0.05,0.9,0.0005,cuda,False,True,3,142,456,0.26533186435699463
fixed_random,1,results_v3_main,results_v3_main,small_cnn,sgd,10,128,20000,0.05,0.9,0.0005,cuda,False,True,3,143,457,-0.2016236037015915
fixed_random,1,results_v3_main,results_v3_main,small_cnn,sgd,10,128,20000,0.05,0.9,0.0005,cuda,False,True,3,144,458,0.3180069625377655
fixed_random,1,results_v3_main,results_v3_main,small_cnn,sgd,10,128,20000,0.05,0.9,0.0005,cuda,False,True,3,145,459,-0.14978085458278656
fixed_random,1,results_v3_main,results_v3_main,small_cnn,sgd,10,128,20000,0.05,0.9,0.0005,cuda,False,True,3,146,460,0.24476616084575653
fixed_random,1,results_v3_main,results_v3_main,small_cnn,sgd,10,128,20000,0.05,0.9,0.0005,cuda,False,True,3,147,461,0.46963435411453247
fixed_random,1,results_v3_main,results_v3_main,small_cnn,sgd,10,128,20000,0.05,0.9,0.0005,cuda,False,True,3,148,462,0.4294966757297516
fixed_random,1,results_v3_main,results_v3_main,small_cnn,sgd,10,128,20000,0.05,0.9,0.0005,cuda,False,True,3,149,463,-0.008748028427362442
fixed_random,1,results_v3_main,results_v3_main,small_cnn,sgd,10,128,20000,0.05,0.9,0.0005,cuda,False,True,3,150,464,0.11808320879936218
fixed_random,1,results_v3_main,results_v3_main,small_cnn,sgd,10,128,20000,0.05,0.9,0.0005,cuda,False,True,3,151,465,0.3816288709640503
fixed_random,1,results_v3_main,results_v3_main,small_cnn,sgd,10,128,20000,0.05,0.9,0.0005,cuda,False,True,3,152,466,0.20491726696491241
fixed_random,1,results_v3_main,results_v3_main,small_cnn,sgd,10,128,20000,0.05,0.9,0.0005,cuda,False,True,3,153,467,-0.07279013097286224
fixed_random,1,results_v3_main,results_v3_main,small_cnn,sgd,10,128,20000,0.05,0.9,0.0005,cuda,False,True,3,154,468,0.03234595060348511
fixed_random,1,results_v3_main,results_v3_main,small_cnn,sgd,10,128,20000,0.05,0.9,0.0005,cuda,False,True,3,155,469,-0.38986873626708984
fixed_random,1,results_v3_main,results_v3_main,small_cnn,sgd,10,128,20000,0.05,0.9,0.0005,cuda,False,True,3,156,470,0.262874573469162
fixed_random,1,results_v3_main,results_v3_main,small_cnn,sgd,10,128,20000,0.05,0.9,0.0005,cuda,False,True,3,157,471,0.21078160405158997
fixed_random,1,results_v3_main,results_v3_main,small_cnn,sgd,10,128,20000,0.05,0.9,0.0005,cuda,False,True,4,1,472,0.39588767290115356
fixed_random,1,results_v3_main,results_v3_main,small_cnn,sgd,10,128,20000,0.05,0.9,0.0005,cuda,False,True,4,2,473,-0.2154332548379898
fixed_random,1,results_v3_main,results_v3_main,small_cnn,sgd,10,128,20000,0.05,0.9,0.0005,cuda,False,True,4,3,474,0.012133903801441193
fixed_random,1,results_v3_main,results_v3_main,small_cnn,sgd,10,128,20000,0.05,0.9,0.0005,cuda,False,True,4,4,475,0.4357861876487732
fixed_random,1,results_v3_main,results_v3_main,small_cnn,sgd,10,128,20000,0.05,0.9,0.0005,cuda,False,True,4,5,476,0.3201294243335724
fixed_random,1,results_v3_main,results_v3_main,small_cnn,sgd,10,128,20000,0.05,0.9,0.0005,cuda,False,True,4,6,477,0.289219468832016
fixed_random,1,results_v3_main,results_v3_main,small_cnn,sgd,10,128,20000,0.05,0.9,0.0005,cuda,False,True,4,7,478,0.1762203872203827
fixed_random,1,results_v3_main,results_v3_main,small_cnn,sgd,10,128,20000,0.05,0.9,0.0005,cuda,False,True,4,8,479,-0.2926563024520874
fixed_random,1,results_v3_main,results_v3_main,small_cnn,sgd,10,128,20000,0.05,0.9,0.0005,cuda,False,True,4,9,480,0.6919081211090088
fixed_random,1,results_v3_main,results_v3_main,small_cnn,sgd,10,128,20000,0.05,0.9,0.0005,cuda,False,True,4,10,481,0.4988146424293518
fixed_random,1,results_v3_main,results_v3_main,small_cnn,sgd,10,128,20000,0.05,0.9,0.0005,cuda,False,True,4,11,482,0.7533631324768066
fixed_random,1,results_v3_main,results_v3_main,small_cnn,sgd,10,128,20000,0.05,0.9,0.0005,cuda,False,True,4,12,483,-0.3445564806461334
fixed_random,1,results_v3_main,results_v3_main,small_cnn,sgd,10,128,20000,0.05,0.9,0.0005,cuda,False,True,4,13,484,0.4418291449546814
fixed_random,1,results_v3_main,results_v3_main,small_cnn,sgd,10,128,20000,0.05,0.9,0.0005,cuda,False,True,4,14,485,0.7493706941604614
fixed_random,1,results_v3_main,results_v3_main,small_cnn,sgd,10,128,20000,0.05,0.9,0.0005,cuda,False,True,4,15,486,0.5237820744514465
fixed_random,1,results_v3_main,results_v3_main,small_cnn,sgd,10,128,20000,0.05,0.9,0.0005,cuda,False,True,4,16,487,-0.016356058418750763
fixed_random,1,results_v3_main,results_v3_main,small_cnn,sgd,10,128,20000,0.05,0.9,0.0005,cuda,False,True,4,17,488,0.3463866412639618
fixed_random,1,results_v3_main,results_v3_main,small_cnn,sgd,10,128,20000,0.05,0.9,0.0005,cuda,False,True,4,18,489,0.5420032143592834
fixed_random,1,results_v3_main,results_v3_main,small_cnn,sgd,10,128,20000,0.05,0.9,0.0005,cuda,False,True,4,19,490,0.1311466544866562
fixed_random,1,results_v3_main,results_v3_main,small_cnn,sgd,10,128,20000,0.05,0.9,0.0005,cuda,False,True,4,20,491,0.6454243659973145
fixed_random,1,results_v3_main,results_v3_main,small_cnn,sgd,10,128,20000,0.05,0.9,0.0005,cuda,False,True,4,21,492,-0.05314910411834717
fixed_random,1,results_v3_main,results_v3_main,small_cnn,sgd,10,128,20000,0.05,0.9,0.0005,cuda,False,True,4,22,493,0.2054261714220047
fixed_random,1,results_v3_main,results_v3_main,small_cnn,sgd,10,128,20000,0.05,0.9,0.0005,cuda,False,True,4,23,494,0.4688533842563629
fixed_random,1,results_v3_main,results_v3_main,small_cnn,sgd,10,128,20000,0.05,0.9,0.0005,cuda,False,True,4,24,495,0.5391093492507935
fixed_random,1,results_v3_main,results_v3_main,small_cnn,sgd,10,128,20000,0.05,0.9,0.0005,cuda,False,True,4,25,496,0.7058864831924438
fixed_random,1,results_v3_main,results_v3_main,small_cnn,sgd,10,128,20000,0.05,0.9,0.0005,cuda,False,True,4,26,497,-0.27434617280960083
fixed_random,1,results_v3_main,results_v3_main,small_cnn,sgd,10,128,20000,0.05,0.9,0.0005,cuda,False,True,4,27,498,0.1865304708480835
fixed_random,1,results_v3_main,results_v3_main,small_cnn,sgd,10,128,20000,0.05,0.9,0.0005,cuda,False,True,4,28,499,0.14481961727142334
fixed_random,1,results_v3_main,results_v3_main,small_cnn,sgd,10,128,20000,0.05,0.9,0.0005,cuda,False,True,4,29,500,0.36410656571388245
fixed_random,1,results_v3_main,results_v3_main,small_cnn,sgd,10,128,20000,0.05,0.9,0.0005,cuda,False,True,4,30,501,0.36366209387779236
fixed_random,1,results_v3_main,results_v3_main,small_cnn,sgd,10,128,20000,0.05,0.9,0.0005,cuda,False,True,4,31,502,0.3908841609954834
fixed_random,1,results_v3_main,results_v3_main,small_cnn,sgd,10,128,20000,0.05,0.9,0.0005,cuda,False,True,4,32,503,0.3038364350795746
fixed_random,1,results_v3_main,results_v3_main,small_cnn,sgd,10,128,20000,0.05,0.9,0.0005,cuda,False,True,4,33,504,-0.11266627162694931
fixed_random,1,results_v3_main,results_v3_main,small_cnn,sgd,10,128,20000,0.05,0.9,0.0005,cuda,False,True,4,34,505,0.13668936491012573
fixed_random,1,results_v3_main,results_v3_main,small_cnn,sgd,10,128,20000,0.05,0.9,0.0005,cuda,False,True,4,35,506,0.03969892859458923
fixed_random,1,results_v3_main,results_v3_main,small_cnn,sgd,10,128,20000,0.05,0.9,0.0005,cuda,False,True,4,36,507,0.06811675429344177
fixed_random,1,results_v3_main,results_v3_main,small_cnn,sgd,10,128,20000,0.05,0.9,0.0005,cuda,False,True,4,37,508,0.37084662914276123
fixed_random,1,results_v3_main,results_v3_main,small_cnn,sgd,10,128,20000,0.05,0.9,0.0005,cuda,False,True,4,38,509,0.09231515228748322
fixed_random,1,results_v3_main,results_v3_main,small_cnn,sgd,10,128,20000,0.05,0.9,0.0005,cuda,False,True,4,39,510,0.29847586154937744
fixed_random,1,results_v3_main,results_v3_main,small_cnn,sgd,10,128,20000,0.05,0.9,0.0005,cuda,False,True,4,40,511,0.2702096104621887
fixed_random,1,results_v3_main,results_v3_main,small_cnn,sgd,10,128,20000,0.05,0.9,0.0005,cuda,False,True,4,41,512,0.31880322098731995
fixed_random,1,results_v3_main,results_v3_main,small_cnn,sgd,10,128,20000,0.05,0.9,0.0005,cuda,False,True,4,42,513,-0.060564544051885605
fixed_random,1,results_v3_main,results_v3_main,small_cnn,sgd,10,128,20000,0.05,0.9,0.0005,cuda,False,True,4,43,514,0.32647833228111267
fixed_random,1,results_v3_main,results_v3_main,small_cnn,sgd,10,128,20000,0.05,0.9,0.0005,cuda,False,True,4,44,515,0.43911057710647583
fixed_random,1,results_v3_main,results_v3_main,small_cnn,sgd,10,128,20000,0.05,0.9,0.0005,cuda,False,True,4,45,516,0.07797924429178238
fixed_random,1,results_v3_main,results_v3_main,small_cnn,sgd,10,128,20000,0.05,0.9,0.0005,cuda,False,True,4,46,517,-0.07724103331565857
fixed_random,1,results_v3_main,results_v3_main,small_cnn,sgd,10,128,20000,0.05,0.9,0.0005,cuda,False,True,4,47,518,0.48649200797080994
fixed_random,1,results_v3_main,results_v3_main,small_cnn,sgd,10,128,20000,0.05,0.9,0.0005,cuda,False,True,4,48,519,0.21197082102298737
fixed_random,1,results_v3_main,results_v3_main,small_cnn,sgd,10,128,20000,0.05,0.9,0.0005,cuda,False,True,4,49,520,-0.07822947204113007
fixed_random,1,results_v3_main,results_v3_main,small_cnn,sgd,10,128,20000,0.05,0.9,0.0005,cuda,False,True,4,50,521,0.1754787713289261
fixed_random,1,results_v3_main,results_v3_main,small_cnn,sgd,10,128,20000,0.05,0.9,0.0005,cuda,False,True,4,51,522,-0.23103153705596924
fixed_random,1,results_v3_main,results_v3_main,small_cnn,sgd,10,128,20000,0.05,0.9,0.0005,cuda,False,True,4,52,523,0.04492281749844551
fixed_random,1,results_v3_main,results_v3_main,small_cnn,sgd,10,128,20000,0.05,0.9,0.0005,cuda,False,True,4,53,524,0.005693864077329636
fixed_random,1,results_v3_main,results_v3_main,small_cnn,sgd,10,128,20000,0.05,0.9,0.0005,cuda,False,True,4,54,525,0.24964861571788788
fixed_random,1,results_v3_main,results_v3_main,small_cnn,sgd,10,128,20000,0.05,0.9,0.0005,cuda,False,True,4,55,526,0.24190956354141235
fixed_random,1,results_v3_main,results_v3_main,small_cnn,sgd,10,128,20000,0.05,0.9,0.0005,cuda,False,True,4,56,527,0.2324163019657135
fixed_random,1,results_v3_main,results_v3_main,small_cnn,sgd,10,128,20000,0.05,0.9,0.0005,cuda,False,True,4,57,528,0.3057481646537781
fixed_random,1,results_v3_main,results_v3_main,small_cnn,sgd,10,128,20000,0.05,0.9,0.0005,cuda,False,True,4,58,529,0.0481814406812191
fixed_random,1,results_v3_main,results_v3_main,small_cnn,sgd,10,128,20000,0.05,0.9,0.0005,cuda,False,True,4,59,530,0.21129561960697174
fixed_random,1,results_v3_main,results_v3_main,small_cnn,sgd,10,128,20000,0.05,0.9,0.0005,cuda,False,True,4,60,531,-0.07626727968454361
fixed_random,1,results_v3_main,results_v3_main,small_cnn,sgd,10,128,20000,0.05,0.9,0.0005,cuda,False,True,4,61,532,-0.047534819692373276
fixed_random,1,results_v3_main,results_v3_main,small_cnn,sgd,10,128,20000,0.05,0.9,0.0005,cuda,False,True,4,62,533,0.25018399953842163
fixed_random,1,results_v3_main,results_v3_main,small_cnn,sgd,10,128,20000,0.05,0.9,0.0005,cuda,False,True,4,63,534,0.1612725555896759
fixed_random,1,results_v3_main,results_v3_main,small_cnn,sgd,10,128,20000,0.05,0.9,0.0005,cuda,False,True,4,64,535,0.18972626328468323
fixed_random,1,results_v3_main,results_v3_main,small_cnn,sgd,10,128,20000,0.05,0.9,0.0005,cuda,False,True,4,65,536,-0.2601333558559418
fixed_random,1,results_v3_main,results_v3_main,small_cnn,sgd,10,128,20000,0.05,0.9,0.0005,cuda,False,True,4,66,537,0.12575848400592804
fixed_random,1,results_v3_main,results_v3_main,small_cnn,sgd,10,128,20000,0.05,0.9,0.0005,cuda,False,True,4,67,538,-0.08389478176832199
fixed_random,1,results_v3_main,results_v3_main,small_cnn,sgd,10,128,20000,0.05,0.9,0.0005,cuda,False,True,4,68,539,0.11589920520782471
fixed_random,1,results_v3_main,results_v3_main,small_cnn,sgd,10,128,20000,0.05,0.9,0.0005,cuda,False,True,4,69,540,0.37416917085647583
fixed_random,1,results_v3_main,results_v3_main,small_cnn,sgd,10,128,20000,0.05,0.9,0.0005,cuda,False,True,4,70,541,0.2824113070964813
fixed_random,1,results_v3_main,results_v3_main,small_cnn,sgd,10,128,20000,0.05,0.9,0.0005,cuda,False,True,4,71,542,0.17372050881385803
fixed_random,1,results_v3_main,results_v3_main,small_cnn,sgd,10,128,20000,0.05,0.9,0.0005,cuda,False,True,4,72,543,0.10848940908908844
fixed_random,1,results_v3_main,results_v3_main,small_cnn,sgd,10,128,20000,0.05,0.9,0.0005,cuda,False,True,4,73,544,0.1240198016166687
fixed_random,1,results_v3_main,results_v3_main,small_cnn,sgd,10,128,20000,0.05,0.9,0.0005,cuda,False,True,4,74,545,0.05803993344306946
fixed_random,1,results_v3_main,results_v3_main,small_cnn,sgd,10,128,20000,0.05,0.9,0.0005,cuda,False,True,4,75,546,-0.042970240116119385
fixed_random,1,results_v3_main,results_v3_main,small_cnn,sgd,10,128,20000,0.05,0.9,0.0005,cuda,False,True,4,76,547,-0.11610426008701324
fixed_random,1,results_v3_main,results_v3_main,small_cnn,sgd,10,128,20000,0.05,0.9,0.0005,cuda,False,True,4,77,548,0.1688070297241211
fixed_random,1,results_v3_main,results_v3_main,small_cnn,sgd,10,128,20000,0.05,0.9,0.0005,cuda,False,True,4,78,549,0.2344135344028473
fixed_random,1,results_v3_main,results_v3_main,small_cnn,sgd,10,128,20000,0.05,0.9,0.0005,cuda,False,True,4,79,550,0.10018030554056168
fixed_random,1,results_v3_main,results_v3_main,small_cnn,sgd,10,128,20000,0.05,0.9,0.0005,cuda,False,True,4,80,551,0.24493728578090668
fixed_random,1,results_v3_main,results_v3_main,small_cnn,sgd,10,128,20000,0.05,0.9,0.0005,cuda,False,True,4,81,552,0.5448551177978516
fixed_random,1,results_v3_main,results_v3_main,small_cnn,sgd,10,128,20000,0.05,0.9,0.0005,cuda,False,True,4,82,553,0.3431367874145508
fixed_random,1,results_v3_main,results_v3_main,small_cnn,sgd,10,128,20000,0.05,0.9,0.0005,cuda,False,True,4,83,554,-0.020360516384243965
fixed_random,1,results_v3_main,results_v3_main,small_cnn,sgd,10,128,20000,0.05,0.9,0.0005,cuda,False,True,4,84,555,0.15516188740730286
fixed_random,1,results_v3_main,results_v3_main,small_cnn,sgd,10,128,20000,0.05,0.9,0.0005,cuda,False,True,4,85,556,-0.04057372361421585
fixed_random,1,results_v3_main,results_v3_main,small_cnn,sgd,10,128,20000,0.05,0.9,0.0005,cuda,False,True,4,86,557,-0.007671041414141655
fixed_random,1,results_v3_main,results_v3_main,small_cnn,sgd,10,128,20000,0.05,0.9,0.0005,cuda,False,True,4,87,558,-0.047307088971138
fixed_random,1,results_v3_main,results_v3_main,small_cnn,sgd,10,128,20000,0.05,0.9,0.0005,cuda,False,True,4,88,559,0.04455918073654175
fixed_random,1,results_v3_main,results_v3_main,small_cnn,sgd,10,128,20000,0.05,0.9,0.0005,cuda,False,True,4,89,560,0.07893499732017517
fixed_random,1,results_v3_main,results_v3_main,small_cnn,sgd,10,128,20000,0.05,0.9,0.0005,cuda,False,True,4,90,561,0.4373130798339844
fixed_random,1,results_v3_main,results_v3_main,small_cnn,sgd,10,128,20000,0.05,0.9,0.0005,cuda,False,True,4,91,562,0.3052498400211334
fixed_random,1,results_v3_main,results_v3_main,small_cnn,sgd,10,128,20000,0.05,0.9,0.0005,cuda,False,True,4,92,563,0.204552561044693
fixed_random,1,results_v3_main,results_v3_main,small_cnn,sgd,10,128,20000,0.05,0.9,0.0005,cuda,False,True,4,93,564,-0.47319287061691284
fixed_random,1,results_v3_main,results_v3_main,small_cnn,sgd,10,128,20000,0.05,0.9,0.0005,cuda,False,True,4,94,565,0.14094001054763794
fixed_random,1,results_v3_main,results_v3_main,small_cnn,sgd,10,128,20000,0.05,0.9,0.0005,cuda,False,True,4,95,566,0.5162798762321472
fixed_random,1,results_v3_main,results_v3_main,small_cnn,sgd,10,128,20000,0.05,0.9,0.0005,cuda,False,True,4,96,567,0.27074873447418213
fixed_random,1,results_v3_main,results_v3_main,small_cnn,sgd,10,128,20000,0.05,0.9,0.0005,cuda,False,True,4,97,568,0.13028718531131744
fixed_random,1,results_v3_main,results_v3_main,small_cnn,sgd,10,128,20000,0.05,0.9,0.0005,cuda,False,True,4,98,569,0.2847502529621124
fixed_random,1,results_v3_main,results_v3_main,small_cnn,sgd,10,128,20000,0.05,0.9,0.0005,cuda,False,True,4,99,570,-0.12153711169958115
fixed_random,1,results_v3_main,results_v3_main,small_cnn,sgd,10,128,20000,0.05,0.9,0.0005,cuda,False,True,4,100,571,-0.06188265606760979
fixed_random,1,results_v3_main,results_v3_main,small_cnn,sgd,10,128,20000,0.05,0.9,0.0005,cuda,False,True,4,101,572,0.2839580774307251
fixed_random,1,results_v3_main,results_v3_main,small_cnn,sgd,10,128,20000,0.05,0.9,0.0005,cuda,False,True,4,102,573,0.45278632640838623
fixed_random,1,results_v3_main,results_v3_main,small_cnn,sgd,10,128,20000,0.05,0.9,0.0005,cuda,False,True,4,103,574,0.072327621281147
fixed_random,1,results_v3_main,results_v3_main,small_cnn,sgd,10,128,20000,0.05,0.9,0.0005,cuda,False,True,4,104,575,0.39649319648742676
fixed_random,1,results_v3_main,results_v3_main,small_cnn,sgd,10,128,20000,0.05,0.9,0.0005,cuda,False,True,4,105,576,0.4776402413845062
fixed_random,1,results_v3_main,results_v3_main,small_cnn,sgd,10,128,20000,0.05,0.9,0.0005,cuda,False,True,4,106,577,0.3052944839000702
fixed_random,1,results_v3_main,results_v3_main,small_cnn,sgd,10,128,20000,0.05,0.9,0.0005,cuda,False,True,4,107,578,-0.25934478640556335
fixed_random,1,results_v3_main,results_v3_main,small_cnn,sgd,10,128,20000,0.05,0.9,0.0005,cuda,False,True,4,108,579,0.13909292221069336
fixed_random,1,results_v3_main,results_v3_main,small_cnn,sgd,10,128,20000,0.05,0.9,0.0005,cuda,False,True,4,109,580,0.06549765169620514
fixed_random,1,results_v3_main,results_v3_main,small_cnn,sgd,10,128,20000,0.05,0.9,0.0005,cuda,False,True,4,110,581,0.4961884319782257
fixed_random,1,results_v3_main,results_v3_main,small_cnn,sgd,10,128,20000,0.05,0.9,0.0005,cuda,False,True,4,111,582,0.021396633237600327
fixed_random,1,results_v3_main,results_v3_main,small_cnn,sgd,10,128,20000,0.05,0.9,0.0005,cuda,False,True,4,112,583,0.19185805320739746
fixed_random,1,results_v3_main,results_v3_main,small_cnn,sgd,10,128,20000,0.05,0.9,0.0005,cuda,False,True,4,113,584,0.21807724237442017
fixed_random,1,results_v3_main,results_v3_main,small_cnn,sgd,10,128,20000,0.05,0.9,0.0005,cuda,False,True,4,114,585,-0.1805250197649002
fixed_random,1,results_v3_main,results_v3_main,small_cnn,sgd,10,128,20000,0.05,0.9,0.0005,cuda,False,True,4,115,586,0.4980134665966034
fixed_random,1,results_v3_main,results_v3_main,small_cnn,sgd,10,128,20000,0.05,0.9,0.0005,cuda,False,True,4,116,587,0.37846076488494873
fixed_random,1,results_v3_main,results_v3_main,small_cnn,sgd,10,128,20000,0.05,0.9,0.0005,cuda,False,True,4,117,588,0.2927677631378174
fixed_random,1,results_v3_main,results_v3_main,small_cnn,sgd,10,128,20000,0.05,0.9,0.0005,cuda,False,True,4,118,589,0.05569760501384735
fixed_random,1,results_v3_main,results_v3_main,small_cnn,sgd,10,128,20000,0.05,0.9,0.0005,cuda,False,True,4,119,590,-0.11969904601573944
fixed_random,1,results_v3_main,results_v3_main,small_cnn,sgd,10,128,20000,0.05,0.9,0.0005,cuda,False,True,4,120,591,0.1815260797739029
fixed_random,1,results_v3_main,results_v3_main,small_cnn,sgd,10,128,20000,0.05,0.9,0.0005,cuda,False,True,4,121,592,0.35588911175727844
fixed_random,1,results_v3_main,results_v3_main,small_cnn,sgd,10,128,20000,0.05,0.9,0.0005,cuda,False,True,4,122,593,0.24601666629314423
fixed_random,1,results_v3_main,results_v3_main,small_cnn,sgd,10,128,20000,0.05,0.9,0.0005,cuda,False,True,4,123,594,0.3782517611980438
fixed_random,1,results_v3_main,results_v3_main,small_cnn,sgd,10,128,20000,0.05,0.9,0.0005,cuda,False,True,4,124,595,0.00586247444152832
fixed_random,1,results_v3_main,results_v3_main,small_cnn,sgd,10,128,20000,0.05,0.9,0.0005,cuda,False,True,4,125,596,-0.0058813551440835
fixed_random,1,results_v3_main,results_v3_main,small_cnn,sgd,10,128,20000,0.05,0.9,0.0005,cuda,False,True,4,126,597,0.3718622624874115
fixed_random,1,results_v3_main,results_v3_main,small_cnn,sgd,10,128,20000,0.05,0.9,0.0005,cuda,False,True,4,127,598,-0.5186355710029602
fixed_random,1,results_v3_main,results_v3_main,small_cnn,sgd,10,128,20000,0.05,0.9,0.0005,cuda,False,True,4,128,599,0.4355336129665375
fixed_random,1,results_v3_main,results_v3_main,small_cnn,sgd,10,128,20000,0.05,0.9,0.0005,cuda,False,True,4,129,600,0.414226770401001
fixed_random,1,results_v3_main,results_v3_main,small_cnn,sgd,10,128,20000,0.05,0.9,0.0005,cuda,False,True,4,130,601,0.2308303564786911
fixed_random,1,results_v3_main,results_v3_main,small_cnn,sgd,10,128,20000,0.05,0.9,0.0005,cuda,False,True,4,131,602,0.08661656081676483
fixed_random,1,results_v3_main,results_v3_main,small_cnn,sgd,10,128,20000,0.05,0.9,0.0005,cuda,False,True,4,132,603,0.4331052005290985
fixed_random,1,results_v3_main,results_v3_main,small_cnn,sgd,10,128,20000,0.05,0.9,0.0005,cuda,False,True,4,133,604,0.14047366380691528
fixed_random,1,results_v3_main,results_v3_main,small_cnn,sgd,10,128,20000,0.05,0.9,0.0005,cuda,False,True,4,134,605,-0.05060427635908127
fixed_random,1,results_v3_main,results_v3_main,small_cnn,sgd,10,128,20000,0.05,0.9,0.0005,cuda,False,True,4,135,606,-0.6031314134597778
fixed_random,1,results_v3_main,results_v3_main,small_cnn,sgd,10,128,20000,0.05,0.9,0.0005,cuda,False,True,4,136,607,0.18159067630767822
fixed_random,1,results_v3_main,results_v3_main,small_cnn,sgd,10,128,20000,0.05,0.9,0.0005,cuda,False,True,4,137,608,0.05991555377840996
fixed_random,1,results_v3_main,results_v3_main,small_cnn,sgd,10,128,20000,0.05,0.9,0.0005,cuda,False,True,4,138,609,0.10240160673856735
fixed_random,1,results_v3_main,results_v3_main,small_cnn,sgd,10,128,20000,0.05,0.9,0.0005,cuda,False,True,4,139,610,0.11400757730007172
fixed_random,1,results_v3_main,results_v3_main,small_cnn,sgd,10,128,20000,0.05,0.9,0.0005,cuda,False,True,4,140,611,0.4878617525100708
fixed_random,1,results_v3_main,results_v3_main,small_cnn,sgd,10,128,20000,0.05,0.9,0.0005,cuda,False,True,4,141,612,0.4707757234573364
fixed_random,1,results_v3_main,results_v3_main,small_cnn,sgd,10,128,20000,0.05,0.9,0.0005,cuda,False,True,4,142,613,0.41755732893943787
fixed_random,1,results_v3_main,results_v3_main,small_cnn,sgd,10,128,20000,0.05,0.9,0.0005,cuda,False,True,4,143,614,0.11813808977603912
fixed_random,1,results_v3_main,results_v3_main,small_cnn,sgd,10,128,20000,0.05,0.9,0.0005,cuda,False,True,4,144,615,0.5162118673324585
fixed_random,1,results_v3_main,results_v3_main,small_cnn,sgd,10,128,20000,0.05,0.9,0.0005,cuda,False,True,4,145,616,0.15885384380817413
fixed_random,1,results_v3_main,results_v3_main,small_cnn,sgd,10,128,20000,0.05,0.9,0.0005,cuda,False,True,4,146,617,0.221649631857872
fixed_random,1,results_v3_main,results_v3_main,small_cnn,sgd,10,128,20000,0.05,0.9,0.0005,cuda,False,True,4,147,618,0.550835371017456
fixed_random,1,results_v3_main,results_v3_main,small_cnn,sgd,10,128,20000,0.05,0.9,0.0005,cuda,False,True,4,148,619,0.4599395990371704
fixed_random,1,results_v3_main,results_v3_main,small_cnn,sgd,10,128,20000,0.05,0.9,0.0005,cuda,False,True,4,149,620,0.24977514147758484
fixed_random,1,results_v3_main,results_v3_main,small_cnn,sgd,10,128,20000,0.05,0.9,0.0005,cuda,False,True,4,150,621,0.365928590297699
fixed_random,1,results_v3_main,results_v3_main,small_cnn,sgd,10,128,20000,0.05,0.9,0.0005,cuda,False,True,4,151,622,0.19391700625419617
fixed_random,1,results_v3_main,results_v3_main,small_cnn,sgd,10,128,20000,0.05,0.9,0.0005,cuda,False,True,4,152,623,0.09361790865659714
fixed_random,1,results_v3_main,results_v3_main,small_cnn,sgd,10,128,20000,0.05,0.9,0.0005,cuda,False,True,4,153,624,0.19103586673736572
fixed_random,1,results_v3_main,results_v3_main,small_cnn,sgd,10,128,20000,0.05,0.9,0.0005,cuda,False,True,4,154,625,0.19618545472621918
fixed_random,1,results_v3_main,results_v3_main,small_cnn,sgd,10,128,20000,0.05,0.9,0.0005,cuda,False,True,4,155,626,0.05249599367380142
fixed_random,1,results_v3_main,results_v3_main,small_cnn,sgd,10,128,20000,0.05,0.9,0.0005,cuda,False,True,4,156,627,0.17915278673171997
fixed_random,1,results_v3_main,results_v3_main,small_cnn,sgd,10,128,20000,0.05,0.9,0.0005,cuda,False,True,4,157,628,-0.052796583622694016
fixed_random,1,results_v3_main,results_v3_main,small_cnn,sgd,10,128,20000,0.05,0.9,0.0005,cuda,False,True,5,1,629,0.40381336212158203
fixed_random,1,results_v3_main,results_v3_main,small_cnn,sgd,10,128,20000,0.05,0.9,0.0005,cuda,False,True,5,2,630,0.19573107361793518
fixed_random,1,results_v3_main,results_v3_main,small_cnn,sgd,10,128,20000,0.05,0.9,0.0005,cuda,False,True,5,3,631,0.06566698104143143
fixed_random,1,results_v3_main,results_v3_main,small_cnn,sgd,10,128,20000,0.05,0.9,0.0005,cuda,False,True,5,4,632,0.21696597337722778
fixed_random,1,results_v3_main,results_v3_main,small_cnn,sgd,10,128,20000,0.05,0.9,0.0005,cuda,False,True,5,5,633,0.14970488846302032
fixed_random,1,results_v3_main,results_v3_main,small_cnn,sgd,10,128,20000,0.05,0.9,0.0005,cuda,False,True,5,6,634,0.01065946277230978
fixed_random,1,results_v3_main,results_v3_main,small_cnn,sgd,10,128,20000,0.05,0.9,0.0005,cuda,False,True,5,7,635,0.3141801655292511
fixed_random,1,results_v3_main,results_v3_main,small_cnn,sgd,10,128,20000,0.05,0.9,0.0005,cuda,False,True,5,8,636,0.1722424328327179
fixed_random,1,results_v3_main,results_v3_main,small_cnn,sgd,10,128,20000,0.05,0.9,0.0005,cuda,False,True,5,9,637,0.4484339654445648
fixed_random,1,results_v3_main,results_v3_main,small_cnn,sgd,10,128,20000,0.05,0.9,0.0005,cuda,False,True,5,10,638,0.2299271672964096
fixed_random,1,results_v3_main,results_v3_main,small_cnn,sgd,10,128,20000,0.05,0.9,0.0005,cuda,False,True,5,11,639,0.6752938032150269
fixed_random,1,results_v3_main,results_v3_main,small_cnn,sgd,10,128,20000,0.05,0.9,0.0005,cuda,False,True,5,12,640,-0.10673128068447113
fixed_random,1,results_v3_main,results_v3_main,small_cnn,sgd,10,128,20000,0.05,0.9,0.0005,cuda,False,True,5,13,641,0.04849664866924286
fixed_random,1,results_v3_main,results_v3_main,small_cnn,sgd,10,128,20000,0.05,0.9,0.0005,cuda,False,True,5,14,642,0.6369563341140747
fixed_random,1,results_v3_main,results_v3_main,small_cnn,sgd,10,128,20000,0.05,0.9,0.0005,cuda,False,True,5,15,643,0.34468477964401245
fixed_random,1,results_v3_main,results_v3_main,small_cnn,sgd,10,128,20000,0.05,0.9,0.0005,cuda,False,True,5,16,644,0.2641247510910034
fixed_random,1,results_v3_main,results_v3_main,small_cnn,sgd,10,128,20000,0.05,0.9,0.0005,cuda,False,True,5,17,645,0.052010126411914825
fixed_random,1,results_v3_main,results_v3_main,small_cnn,sgd,10,128,20000,0.05,0.9,0.0005,cuda,False,True,5,18,646,0.4486349821090698
fixed_random,1,results_v3_main,results_v3_main,small_cnn,sgd,10,128,20000,0.05,0.9,0.0005,cuda,False,True,5,19,647,-0.004912402480840683
fixed_random,1,results_v3_main,results_v3_main,small_cnn,sgd,10,128,20000,0.05,0.9,0.0005,cuda,False,True,5,20,648,0.5690239667892456
fixed_random,1,results_v3_main,results_v3_main,small_cnn,sgd,10,128,20000,0.05,0.9,0.0005,cuda,False,True,5,21,649,0.017296202480793
fixed_random,1,results_v3_main,results_v3_main,small_cnn,sgd,10,128,20000,0.05,0.9,0.0005,cuda,False,True,5,22,650,0.1965479999780655
fixed_random,1,results_v3_main,results_v3_main,small_cnn,sgd,10,128,20000,0.05,0.9,0.0005,cuda,False,True,5,23,651,0.31247594952583313
fixed_random,1,results_v3_main,results_v3_main,small_cnn,sgd,10,128,20000,0.05,0.9,0.0005,cuda,False,True,5,24,652,0.4491393566131592
fixed_random,1,results_v3_main,results_v3_main,small_cnn,sgd,10,128,20000,0.05,0.9,0.0005,cuda,False,True,5,25,653,0.5893762111663818
fixed_random,1,results_v3_main,results_v3_main,small_cnn,sgd,10,128,20000,0.05,0.9,0.0005,cuda,False,True,5,26,654,-0.04632275179028511
fixed_random,1,results_v3_main,results_v3_main,small_cnn,sgd,10,128,20000,0.05,0.9,0.0005,cuda,False,True,5,27,655,-0.040244508534669876
fixed_random,1,results_v3_main,results_v3_main,small_cnn,sgd,10,128,20000,0.05,0.9,0.0005,cuda,False,True,5,28,656,0.28937986493110657
fixed_random,1,results_v3_main,results_v3_main,small_cnn,sgd,10,128,20000,0.05,0.9,0.0005,cuda,False,True,5,29,657,0.294451504945755
fixed_random,1,results_v3_main,results_v3_main,small_cnn,sgd,10,128,20000,0.05,0.9,0.0005,cuda,False,True,5,30,658,0.3715691864490509
fixed_random,1,results_v3_main,results_v3_main,small_cnn,sgd,10,128,20000,0.05,0.9,0.0005,cuda,False,True,5,31,659,0.45859140157699585
fixed_random,1,results_v3_main,results_v3_main,small_cnn,sgd,10,128,20000,0.05,0.9,0.0005,cuda,False,True,5,32,660,0.2481984943151474
fixed_random,1,results_v3_main,results_v3_main,small_cnn,sgd,10,128,20000,0.05,0.9,0.0005,cuda,False,True,5,33,661,-0.0844198688864708
fixed_random,1,results_v3_main,results_v3_main,small_cnn,sgd,10,128,20000,0.05,0.9,0.0005,cuda,False,True,5,34,662,-0.03376328572630882
fixed_random,1,results_v3_main,results_v3_main,small_cnn,sgd,10,128,20000,0.05,0.9,0.0005,cuda,False,True,5,35,663,0.017534807324409485
fixed_random,1,results_v3_main,results_v3_main,small_cnn,sgd,10,128,20000,0.05,0.9,0.0005,cuda,False,True,5,36,664,-0.0407923199236393
fixed_random,1,results_v3_main,results_v3_main,small_cnn,sgd,10,128,20000,0.05,0.9,0.0005,cuda,False,True,5,37,665,0.39145901799201965
fixed_random,1,results_v3_main,results_v3_main,small_cnn,sgd,10,128,20000,0.05,0.9,0.0005,cuda,False,True,5,38,666,0.24669316411018372
fixed_random,1,results_v3_main,results_v3_main,small_cnn,sgd,10,128,20000,0.05,0.9,0.0005,cuda,False,True,5,39,667,-0.10075214505195618
fixed_random,1,results_v3_main,results_v3_main,small_cnn,sgd,10,128,20000,0.05,0.9,0.0005,cuda,False,True,5,40,668,0.33253002166748047
fixed_random,1,results_v3_main,results_v3_main,small_cnn,sgd,10,128,20000,0.05,0.9,0.0005,cuda,False,True,5,41,669,0.5552539229393005
fixed_random,1,results_v3_main,results_v3_main,small_cnn,sgd,10,128,20000,0.05,0.9,0.0005,cuda,False,True,5,42,670,-0.12744596600532532
fixed_random,1,results_v3_main,results_v3_main,small_cnn,sgd,10,128,20000,0.05,0.9,0.0005,cuda,False,True,5,43,671,0.460299551486969
fixed_random,1,results_v3_main,results_v3_main,small_cnn,sgd,10,128,20000,0.05,0.9,0.0005,cuda,False,True,5,44,672,0.600864827632904
fixed_random,1,results_v3_main,results_v3_main,small_cnn,sgd,10,128,20000,0.05,0.9,0.0005,cuda,False,True,5,45,673,0.0047353170812129974
fixed_random,1,results_v3_main,results_v3_main,small_cnn,sgd,10,128,20000,0.05,0.9,0.0005,cuda,False,True,5,46,674,-0.09308816492557526
fixed_random,1,results_v3_main,results_v3_main,small_cnn,sgd,10,128,20000,0.05,0.9,0.0005,cuda,False,True,5,47,675,0.5696165561676025
fixed_random,1,results_v3_main,results_v3_main,small_cnn,sgd,10,128,20000,0.05,0.9,0.0005,cuda,False,True,5,48,676,0.3718318045139313
fixed_random,1,results_v3_main,results_v3_main,small_cnn,sgd,10,128,20000,0.05,0.9,0.0005,cuda,False,True,5,49,677,-0.21965770423412323
fixed_random,1,results_v3_main,results_v3_main,small_cnn,sgd,10,128,20000,0.05,0.9,0.0005,cuda,False,True,5,50,678,0.0970582589507103
fixed_random,1,results_v3_main,results_v3_main,small_cnn,sgd,10,128,20000,0.05,0.9,0.0005,cuda,False,True,5,51,679,-0.07580658793449402
fixed_random,1,results_v3_main,results_v3_main,small_cnn,sgd,10,128,20000,0.05,0.9,0.0005,cuda,False,True,5,52,680,0.21880032122135162
fixed_random,1,results_v3_main,results_v3_main,small_cnn,sgd,10,128,20000,0.05,0.9,0.0005,cuda,False,True,5,53,681,0.04522106423974037
fixed_random,1,results_v3_main,results_v3_main,small_cnn,sgd,10,128,20000,0.05,0.9,0.0005,cuda,False,True,5,54,682,0.18767312169075012
fixed_random,1,results_v3_main,results_v3_main,small_cnn,sgd,10,128,20000,0.05,0.9,0.0005,cuda,False,True,5,55,683,0.17440104484558105
fixed_random,1,results_v3_main,results_v3_main,small_cnn,sgd,10,128,20000,0.05,0.9,0.0005,cuda,False,True,5,56,684,0.2733975648880005
fixed_random,1,results_v3_main,results_v3_main,small_cnn,sgd,10,128,20000,0.05,0.9,0.0005,cuda,False,True,5,57,685,0.30738234519958496
fixed_random,1,results_v3_main,results_v3_main,small_cnn,sgd,10,128,20000,0.05,0.9,0.0005,cuda,False,True,5,58,686,0.1624475121498108
fixed_random,1,results_v3_main,results_v3_main,small_cnn,sgd,10,128,20000,0.05,0.9,0.0005,cuda,False,True,5,59,687,0.3605596125125885
fixed_random,1,results_v3_main,results_v3_main,small_cnn,sgd,10,128,20000,0.05,0.9,0.0005,cuda,False,True,5,60,688,-0.28195032477378845
fixed_random,1,results_v3_main,results_v3_main,small_cnn,sgd,10,128,20000,0.05,0.9,0.0005,cuda,False,True,5,61,689,-0.28495973348617554
fixed_random,1,results_v3_main,results_v3_main,small_cnn,sgd,10,128,20000,0.05,0.9,0.0005,cuda,False,True,5,62,690,0.3669136166572571
fixed_random,1,results_v3_main,results_v3_main,small_cnn,sgd,10,128,20000,0.05,0.9,0.0005,cuda,False,True,5,63,691,0.2126021385192871
fixed_random,1,results_v3_main,results_v3_main,small_cnn,sgd,10,128,20000,0.05,0.9,0.0005,cuda,False,True,5,64,692,0.1527295857667923
fixed_random,1,results_v3_main,results_v3_main,small_cnn,sgd,10,128,20000,0.05,0.9,0.0005,cuda,False,True,5,65,693,0.01799018867313862
fixed_random,1,results_v3_main,results_v3_main,small_cnn,sgd,10,128,20000,0.05,0.9,0.0005,cuda,False,True,5,66,694,-0.04564794525504112
fixed_random,1,results_v3_main,results_v3_main,small_cnn,sgd,10,128,20000,0.05,0.9,0.0005,cuda,False,True,5,67,695,0.10295690596103668
fixed_random,1,results_v3_main,results_v3_main,small_cnn,sgd,10,128,20000,0.05,0.9,0.0005,cuda,False,True,5,68,696,-0.00887552835047245
fixed_random,1,results_v3_main,results_v3_main,small_cnn,sgd,10,128,20000,0.05,0.9,0.0005,cuda,False,True,5,69,697,0.34230250120162964
fixed_random,1,results_v3_main,results_v3_main,small_cnn,sgd,10,128,20000,0.05,0.9,0.0005,cuda,False,True,5,70,698,0.10896183550357819
fixed_random,1,results_v3_main,results_v3_main,small_cnn,sgd,10,128,20000,0.05,0.9,0.0005,cuda,False,True,5,71,699,0.12997134029865265
fixed_random,1,results_v3_main,results_v3_main,small_cnn,sgd,10,128,20000,0.05,0.9,0.0005,cuda,False,True,5,72,700,0.09066715091466904
fixed_random,1,results_v3_main,results_v3_main,small_cnn,sgd,10,128,20000,0.05,0.9,0.0005,cuda,False,True,5,73,701,0.2843133807182312
fixed_random,1,results_v3_main,results_v3_main,small_cnn,sgd,10,128,20000,0.05,0.9,0.0005,cuda,False,True,5,74,702,-0.14201849699020386
fixed_random,1,results_v3_main,results_v3_main,small_cnn,sgd,10,128,20000,0.05,0.9,0.0005,cuda,False,True,5,75,703,-0.05266834795475006
fixed_random,1,results_v3_main,results_v3_main,small_cnn,sgd,10,128,20000,0.05,0.9,0.0005,cuda,False,True,5,76,704,-0.08893667161464691
fixed_random,1,results_v3_main,results_v3_main,small_cnn,sgd,10,128,20000,0.05,0.9,0.0005,cuda,False,True,5,77,705,0.2179577350616455
fixed_random,1,results_v3_main,results_v3_main,small_cnn,sgd,10,128,20000,0.05,0.9,0.0005,cuda,False,True,5,78,706,0.10482707619667053
fixed_random,1,results_v3_main,results_v3_main,small_cnn,sgd,10,128,20000,0.05,0.9,0.0005,cuda,False,True,5,79,707,0.17275410890579224
fixed_random,1,results_v3_main,results_v3_main,small_cnn,sgd,10,128,20000,0.05,0.9,0.0005,cuda,False,True,5,80,708,0.11110356450080872
fixed_random,1,results_v3_main,results_v3_main,small_cnn,sgd,10,128,20000,0.05,0.9,0.0005,cuda,False,True,5,81,709,0.5977110862731934
fixed_random,1,results_v3_main,results_v3_main,small_cnn,sgd,10,128,20000,0.05,0.9,0.0005,cuda,False,True,5,82,710,0.3945486545562744
fixed_random,1,results_v3_main,results_v3_main,small_cnn,sgd,10,128,20000,0.05,0.9,0.0005,cuda,False,True,5,83,711,-0.18411245942115784
fixed_random,1,results_v3_main,results_v3_main,small_cnn,sgd,10,128,20000,0.05,0.9,0.0005,cuda,False,True,5,84,712,0.2845557928085327
fixed_random,1,results_v3_main,results_v3_main,small_cnn,sgd,10,128,20000,0.05,0.9,0.0005,cuda,False,True,5,85,713,-0.11604632437229156
fixed_random,1,results_v3_main,results_v3_main,small_cnn,sgd,10,128,20000,0.05,0.9,0.0005,cuda,False,True,5,86,714,-0.06938356906175613
fixed_random,1,results_v3_main,results_v3_main,small_cnn,sgd,10,128,20000,0.05,0.9,0.0005,cuda,False,True,5,87,715,0.08659283816814423
fixed_random,1,results_v3_main,results_v3_main,small_cnn,sgd,10,128,20000,0.05,0.9,0.0005,cuda,False,True,5,88,716,-0.035408299416303635
fixed_random,1,results_v3_main,results_v3_main,small_cnn,sgd,10,128,20000,0.05,0.9,0.0005,cuda,False,True,5,89,717,0.0016953926533460617
fixed_random,1,results_v3_main,results_v3_main,small_cnn,sgd,10,128,20000,0.05,0.9,0.0005,cuda,False,True,5,90,718,0.1079108864068985
fixed_random,1,results_v3_main,results_v3_main,small_cnn,sgd,10,128,20000,0.05,0.9,0.0005,cuda,False,True,5,91,719,0.13676029443740845
fixed_random,1,results_v3_main,results_v3_main,small_cnn,sgd,10,128,20000,0.05,0.9,0.0005,cuda,False,True,5,92,720,0.032446615397930145
fixed_random,1,results_v3_main,results_v3_main,small_cnn,sgd,10,128,20000,0.05,0.9,0.0005,cuda,False,True,5,93,721,-0.5019152760505676
fixed_random,1,results_v3_main,results_v3_main,small_cnn,sgd,10,128,20000,0.05,0.9,0.0005,cuda,False,True,5,94,722,0.2135230004787445
fixed_random,1,results_v3_main,results_v3_main,small_cnn,sgd,10,128,20000,0.05,0.9,0.0005,cuda,False,True,5,95,723,0.4413914382457733
fixed_random,1,results_v3_main,results_v3_main,small_cnn,sgd,10,128,20000,0.05,0.9,0.0005,cuda,False,True,5,96,724,0.27772533893585205
fixed_random,1,results_v3_main,results_v3_main,small_cnn,sgd,10,128,20000,0.05,0.9,0.0005,cuda,False,True,5,97,725,0.1863834708929062
fixed_random,1,results_v3_main,results_v3_main,small_cnn,sgd,10,128,20000,0.05,0.9,0.0005,cuda,False,True,5,98,726,0.2920120656490326
fixed_random,1,results_v3_main,results_v3_main,small_cnn,sgd,10,128,20000,0.05,0.9,0.0005,cuda,False,True,5,99,727,-0.09562428295612335
fixed_random,1,results_v3_main,results_v3_main,small_cnn,sgd,10,128,20000,0.05,0.9,0.0005,cuda,False,True,5,100,728,-0.023831628262996674
fixed_random,1,results_v3_main,results_v3_main,small_cnn,sgd,10,128,20000,0.05,0.9,0.0005,cuda,False,True,5,101,729,0.3954586386680603
fixed_random,1,results_v3_main,results_v3_main,small_cnn,sgd,10,128,20000,0.05,0.9,0.0005,cuda,False,True,5,102,730,0.5543689727783203
fixed_random,1,results_v3_main,results_v3_main,small_cnn,sgd,10,128,20000,0.05,0.9,0.0005,cuda,False,True,5,103,731,0.08223768323659897
fixed_random,1,results_v3_main,results_v3_main,small_cnn,sgd,10,128,20000,0.05,0.9,0.0005,cuda,False,True,5,104,732,0.24111372232437134
fixed_random,1,results_v3_main,results_v3_main,small_cnn,sgd,10,128,20000,0.05,0.9,0.0005,cuda,False,True,5,105,733,0.36636728048324585
fixed_random,1,results_v3_main,results_v3_main,small_cnn,sgd,10,128,20000,0.05,0.9,0.0005,cuda,False,True,5,106,734,0.24497884511947632
fixed_random,1,results_v3_main,results_v3_main,small_cnn,sgd,10,128,20000,0.05,0.9,0.0005,cuda,False,True,5,107,735,-0.2365415394306183
fixed_random,1,results_v3_main,results_v3_main,small_cnn,sgd,10,128,20000,0.05,0.9,0.0005,cuda,False,True,5,108,736,0.038071196526288986
fixed_random,1,results_v3_main,results_v3_main,small_cnn,sgd,10,128,20000,0.05,0.9,0.0005,cuda,False,True,5,109,737,0.014941591769456863
fixed_random,1,results_v3_main,results_v3_main,small_cnn,sgd,10,128,20000,0.05,0.9,0.0005,cuda,False,True,5,110,738,0.5801954865455627
fixed_random,1,results_v3_main,results_v3_main,small_cnn,sgd,10,128,20000,0.05,0.9,0.0005,cuda,False,True,5,111,739,0.07008499652147293
fixed_random,1,results_v3_main,results_v3_main,small_cnn,sgd,10,128,20000,0.05,0.9,0.0005,cuda,False,True,5,112,740,0.008630717173218727
fixed_random,1,results_v3_main,results_v3_main,small_cnn,sgd,10,128,20000,0.05,0.9,0.0005,cuda,False,True,5,113,741,0.23981590569019318
fixed_random,1,results_v3_main,results_v3_main,small_cnn,sgd,10,128,20000,0.05,0.9,0.0005,cuda,False,True,5,114,742,-0.11513134837150574
fixed_random,1,results_v3_main,results_v3_main,small_cnn,sgd,10,128,20000,0.05,0.9,0.0005,cuda,False,True,5,115,743,0.43661388754844666
fixed_random,1,results_v3_main,results_v3_main,small_cnn,sgd,10,128,20000,0.05,0.9,0.0005,cuda,False,True,5,116,744,0.4407595694065094
fixed_random,1,results_v3_main,results_v3_main,small_cnn,sgd,10,128,20000,0.05,0.9,0.0005,cuda,False,True,5,117,745,0.34672898054122925
fixed_random,1,results_v3_main,results_v3_main,small_cnn,sgd,10,128,20000,0.05,0.9,0.0005,cuda,False,True,5,118,746,0.11859296262264252
fixed_random,1,results_v3_main,results_v3_main,small_cnn,sgd,10,128,20000,0.05,0.9,0.0005,cuda,False,True,5,119,747,-0.1662534773349762
fixed_random,1,results_v3_main,results_v3_main,small_cnn,sgd,10,128,20000,0.05,0.9,0.0005,cuda,False,True,5,120,748,0.015186036005616188
fixed_random,1,results_v3_main,results_v3_main,small_cnn,sgd,10,128,20000,0.05,0.9,0.0005,cuda,False,True,5,121,749,0.266620397567749
fixed_random,1,results_v3_main,results_v3_main,small_cnn,sgd,10,128,20000,0.05,0.9,0.0005,cuda,False,True,5,122,750,0.2675139904022217
fixed_random,1,results_v3_main,results_v3_main,small_cnn,sgd,10,128,20000,0.05,0.9,0.0005,cuda,False,True,5,123,751,0.3416447639465332
fixed_random,1,results_v3_main,results_v3_main,small_cnn,sgd,10,128,20000,0.05,0.9,0.0005,cuda,False,True,5,124,752,0.17844130098819733
fixed_random,1,results_v3_main,results_v3_main,small_cnn,sgd,10,128,20000,0.05,0.9,0.0005,cuda,False,True,5,125,753,-0.03483099490404129
fixed_random,1,results_v3_main,results_v3_main,small_cnn,sgd,10,128,20000,0.05,0.9,0.0005,cuda,False,True,5,126,754,0.2741919159889221
fixed_random,1,results_v3_main,results_v3_main,small_cnn,sgd,10,128,20000,0.05,0.9,0.0005,cuda,False,True,5,127,755,-0.324645072221756
fixed_random,1,results_v3_main,results_v3_main,small_cnn,sgd,10,128,20000,0.05,0.9,0.0005,cuda,False,True,5,128,756,0.4798392057418823
fixed_random,1,results_v3_main,results_v3_main,small_cnn,sgd,10,128,20000,0.05,0.9,0.0005,cuda,False,True,5,129,757,0.35766440629959106
fixed_random,1,results_v3_main,results_v3_main,small_cnn,sgd,10,128,20000,0.05,0.9,0.0005,cuda,False,True,5,130,758,0.23908187448978424
fixed_random,1,results_v3_main,results_v3_main,small_cnn,sgd,10,128,20000,0.05,0.9,0.0005,cuda,False,True,5,131,759,-0.1480790376663208
fixed_random,1,results_v3_main,results_v3_main,small_cnn,sgd,10,128,20000,0.05,0.9,0.0005,cuda,False,True,5,132,760,0.39826101064682007
fixed_random,1,results_v3_main,results_v3_main,small_cnn,sgd,10,128,20000,0.05,0.9,0.0005,cuda,False,True,5,133,761,0.15813776850700378
fixed_random,1,results_v3_main,results_v3_main,small_cnn,sgd,10,128,20000,0.05,0.9,0.0005,cuda,False,True,5,134,762,0.21402840316295624
fixed_random,1,results_v3_main,results_v3_main,small_cnn,sgd,10,128,20000,0.05,0.9,0.0005,cuda,False,True,5,135,763,-0.6063555479049683
fixed_random,1,results_v3_main,results_v3_main,small_cnn,sgd,10,128,20000,0.05,0.9,0.0005,cuda,False,True,5,136,764,0.19984929263591766
fixed_random,1,results_v3_main,results_v3_main,small_cnn,sgd,10,128,20000,0.05,0.9,0.0005,cuda,False,True,5,137,765,0.042391788214445114
fixed_random,1,results_v3_main,results_v3_main,small_cnn,sgd,10,128,20000,0.05,0.9,0.0005,cuda,False,True,5,138,766,0.27505064010620117
fixed_random,1,results_v3_main,results_v3_main,small_cnn,sgd,10,128,20000,0.05,0.9,0.0005,cuda,False,True,5,139,767,-0.13709378242492676
fixed_random,1,results_v3_main,results_v3_main,small_cnn,sgd,10,128,20000,0.05,0.9,0.0005,cuda,False,True,5,140,768,0.4076666831970215
fixed_random,1,results_v3_main,results_v3_main,small_cnn,sgd,10,128,20000,0.05,0.9,0.0005,cuda,False,True,5,141,769,0.6058938503265381
fixed_random,1,results_v3_main,results_v3_main,small_cnn,sgd,10,128,20000,0.05,0.9,0.0005,cuda,False,True,5,142,770,0.4980611205101013
fixed_random,1,results_v3_main,results_v3_main,small_cnn,sgd,10,128,20000,0.05,0.9,0.0005,cuda,False,True,5,143,771,0.1481258124113083
fixed_random,1,results_v3_main,results_v3_main,small_cnn,sgd,10,128,20000,0.05,0.9,0.0005,cuda,False,True,5,144,772,0.43483766913414
fixed_random,1,results_v3_main,results_v3_main,small_cnn,sgd,10,128,20000,0.05,0.9,0.0005,cuda,False,True,5,145,773,0.35097771883010864
fixed_random,1,results_v3_main,results_v3_main,small_cnn,sgd,10,128,20000,0.05,0.9,0.0005,cuda,False,True,5,146,774,0.22929337620735168
fixed_random,1,results_v3_main,results_v3_main,small_cnn,sgd,10,128,20000,0.05,0.9,0.0005,cuda,False,True,5,147,775,0.5295932292938232
fixed_random,1,results_v3_main,results_v3_main,small_cnn,sgd,10,128,20000,0.05,0.9,0.0005,cuda,False,True,5,148,776,0.5204372406005859
fixed_random,1,results_v3_main,results_v3_main,small_cnn,sgd,10,128,20000,0.05,0.9,0.0005,cuda,False,True,5,149,777,0.2754034996032715
fixed_random,1,results_v3_main,results_v3_main,small_cnn,sgd,10,128,20000,0.05,0.9,0.0005,cuda,False,True,5,150,778,0.36128371953964233
fixed_random,1,results_v3_main,results_v3_main,small_cnn,sgd,10,128,20000,0.05,0.9,0.0005,cuda,False,True,5,151,779,0.38328275084495544
fixed_random,1,results_v3_main,results_v3_main,small_cnn,sgd,10,128,20000,0.05,0.9,0.0005,cuda,False,True,5,152,780,0.07463575899600983
fixed_random,1,results_v3_main,results_v3_main,small_cnn,sgd,10,128,20000,0.05,0.9,0.0005,cuda,False,True,5,153,781,0.3161974549293518
fixed_random,1,results_v3_main,results_v3_main,small_cnn,sgd,10,128,20000,0.05,0.9,0.0005,cuda,False,True,5,154,782,0.3975079655647278
fixed_random,1,results_v3_main,results_v3_main,small_cnn,sgd,10,128,20000,0.05,0.9,0.0005,cuda,False,True,5,155,783,0.27688634395599365
fixed_random,1,results_v3_main,results_v3_main,small_cnn,sgd,10,128,20000,0.05,0.9,0.0005,cuda,False,True,5,156,784,0.4394752085208893
fixed_random,1,results_v3_main,results_v3_main,small_cnn,sgd,10,128,20000,0.05,0.9,0.0005,cuda,False,True,5,157,785,-0.05144365876913071
fixed_random,1,results_v3_main,results_v3_main,small_cnn,sgd,10,128,20000,0.05,0.9,0.0005,cuda,False,True,6,1,786,0.1706942617893219
fixed_random,1,results_v3_main,results_v3_main,small_cnn,sgd,10,128,20000,0.05,0.9,0.0005,cuda,False,True,6,2,787,0.48923245072364807
fixed_random,1,results_v3_main,results_v3_main,small_cnn,sgd,10,128,20000,0.05,0.9,0.0005,cuda,False,True,6,3,788,0.3642396032810211
fixed_random,1,results_v3_main,results_v3_main,small_cnn,sgd,10,128,20000,0.05,0.9,0.0005,cuda,False,True,6,4,789,0.49995145201683044
fixed_random,1,results_v3_main,results_v3_main,small_cnn,sgd,10,128,20000,0.05,0.9,0.0005,cuda,False,True,6,5,790,0.3428497314453125
fixed_random,1,results_v3_main,results_v3_main,small_cnn,sgd,10,128,20000,0.05,0.9,0.0005,cuda,False,True,6,6,791,0.1717556118965149
fixed_random,1,results_v3_main,results_v3_main,small_cnn,sgd,10,128,20000,0.05,0.9,0.0005,cuda,False,True,6,7,792,0.19438275694847107
fixed_random,1,results_v3_main,results_v3_main,small_cnn,sgd,10,128,20000,0.05,0.9,0.0005,cuda,False,True,6,8,793,0.38843467831611633
fixed_random,1,results_v3_main,results_v3_main,small_cnn,sgd,10,128,20000,0.05,0.9,0.0005,cuda,False,True,6,9,794,0.3788490295410156
fixed_random,1,results_v3_main,results_v3_main,small_cnn,sgd,10,128,20000,0.05,0.9,0.0005,cuda,False,True,6,10,795,0.13060596585273743
fixed_random,1,results_v3_main,results_v3_main,small_cnn,sgd,10,128,20000,0.05,0.9,0.0005,cuda,False,True,6,11,796,0.1085488572716713
fixed_random,1,results_v3_main,results_v3_main,small_cnn,sgd,10,128,20000,0.05,0.9,0.0005,cuda,False,True,6,12,797,0.10718686878681183
fixed_random,1,results_v3_main,results_v3_main,small_cnn,sgd,10,128,20000,0.05,0.9,0.0005,cuda,False,True,6,13,798,0.08664259314537048
fixed_random,1,results_v3_main,results_v3_main,small_cnn,sgd,10,128,20000,0.05,0.9,0.0005,cuda,False,True,6,14,799,0.30139195919036865
fixed_random,1,results_v3_main,results_v3_main,small_cnn,sgd,10,128,20000,0.05,0.9,0.0005,cuda,False,True,6,15,800,0.24346467852592468
fixed_random,1,results_v3_main,results_v3_main,small_cnn,sgd,10,128,20000,0.05,0.9,0.0005,cuda,False,True,6,16,801,0.11674776673316956
fixed_random,1,results_v3_main,results_v3_main,small_cnn,sgd,10,128,20000,0.05,0.9,0.0005,cuda,False,True,6,17,802,0.05952140688896179
fixed_random,1,results_v3_main,results_v3_main,small_cnn,sgd,10,128,20000,0.05,0.9,0.0005,cuda,False,True,6,18,803,0.129946768283844
fixed_random,1,results_v3_main,results_v3_main,small_cnn,sgd,10,128,20000,0.05,0.9,0.0005,cuda,False,True,6,19,804,0.07765211164951324
fixed_random,1,results_v3_main,results_v3_main,small_cnn,sgd,10,128,20000,0.05,0.9,0.0005,cuda,False,True,6,20,805,0.4664006233215332
fixed_random,1,results_v3_main,results_v3_main,small_cnn,sgd,10,128,20000,0.05,0.9,0.0005,cuda,False,True,6,21,806,-0.25810104608535767
fixed_random,1,results_v3_main,results_v3_main,small_cnn,sgd,10,128,20000,0.05,0.9,0.0005,cuda,False,True,6,22,807,0.3288494050502777
fixed_random,1,results_v3_main,results_v3_main,small_cnn,sgd,10,128,20000,0.05,0.9,0.0005,cuda,False,True,6,23,808,0.2941517233848572
fixed_random,1,results_v3_main,results_v3_main,small_cnn,sgd,10,128,20000,0.05,0.9,0.0005,cuda,False,True,6,24,809,0.2700726389884949
fixed_random,1,results_v3_main,results_v3_main,small_cnn,sgd,10,128,20000,0.05,0.9,0.0005,cuda,False,True,6,25,810,0.34273529052734375
fixed_random,1,results_v3_main,results_v3_main,small_cnn,sgd,10,128,20000,0.05,0.9,0.0005,cuda,False,True,6,26,811,0.2539936900138855
fixed_random,1,results_v3_main,results_v3_main,small_cnn,sgd,10,128,20000,0.05,0.9,0.0005,cuda,False,True,6,27,812,-0.16668826341629028
fixed_random,1,results_v3_main,results_v3_main,small_cnn,sgd,10,128,20000,0.05,0.9,0.0005,cuda,False,True,6,28,813,0.34540876746177673
fixed_random,1,results_v3_main,results_v3_main,small_cnn,sgd,10,128,20000,0.05,0.9,0.0005,cuda,False,True,6,29,814,-0.05035712569952011
fixed_random,1,results_v3_main,results_v3_main,small_cnn,sgd,10,128,20000,0.05,0.9,0.0005,cuda,False,True,6,30,815,-0.21254968643188477
fixed_random,1,results_v3_main,results_v3_main,small_cnn,sgd,10,128,20000,0.05,0.9,0.0005,cuda,False,True,6,31,816,0.07898697257041931
fixed_random,1,results_v3_main,results_v3_main,small_cnn,sgd,10,128,20000,0.05,0.9,0.0005,cuda,False,True,6,32,817,0.17551761865615845
fixed_random,1,results_v3_main,results_v3_main,small_cnn,sgd,10,128,20000,0.05,0.9,0.0005,cuda,False,True,6,33,818,-0.01366233080625534
fixed_random,1,results_v3_main,results_v3_main,small_cnn,sgd,10,128,20000,0.05,0.9,0.0005,cuda,False,True,6,34,819,-0.08564934134483337
fixed_random,1,results_v3_main,results_v3_main,small_cnn,sgd,10,128,20000,0.05,0.9,0.0005,cuda,False,True,6,35,820,0.16819541156291962
fixed_random,1,results_v3_main,results_v3_main,small_cnn,sgd,10,128,20000,0.05,0.9,0.0005,cuda,False,True,6,36,821,0.2167748659849167
fixed_random,1,results_v3_main,results_v3_main,small_cnn,sgd,10,128,20000,0.05,0.9,0.0005,cuda,False,True,6,37,822,0.2120397984981537
fixed_random,1,results_v3_main,results_v3_main,small_cnn,sgd,10,128,20000,0.05,0.9,0.0005,cuda,False,True,6,38,823,0.23251159489154816
fixed_random,1,results_v3_main,results_v3_main,small_cnn,sgd,10,128,20000,0.05,0.9,0.0005,cuda,False,True,6,39,824,-0.01836319826543331
fixed_random,1,results_v3_main,results_v3_main,small_cnn,sgd,10,128,20000,0.05,0.9,0.0005,cuda,False,True,6,40,825,0.19269278645515442
fixed_random,1,results_v3_main,results_v3_main,small_cnn,sgd,10,128,20000,0.05,0.9,0.0005,cuda,False,True,6,41,826,0.42358800768852234
fixed_random,1,results_v3_main,results_v3_main,small_cnn,sgd,10,128,20000,0.05,0.9,0.0005,cuda,False,True,6,42,827,0.07317977398633957
fixed_random,1,results_v3_main,results_v3_main,small_cnn,sgd,10,128,20000,0.05,0.9,0.0005,cuda,False,True,6,43,828,0.08298423886299133
fixed_random,1,results_v3_main,results_v3_main,small_cnn,sgd,10,128,20000,0.05,0.9,0.0005,cuda,False,True,6,44,829,0.15303075313568115
fixed_random,1,results_v3_main,results_v3_main,small_cnn,sgd,10,128,20000,0.05,0.9,0.0005,cuda,False,True,6,45,830,0.13769382238388062
fixed_random,1,results_v3_main,results_v3_main,small_cnn,sgd,10,128,20000,0.05,0.9,0.0005,cuda,False,True,6,46,831,-0.03818603232502937
fixed_random,1,results_v3_main,results_v3_main,small_cnn,sgd,10,128,20000,0.05,0.9,0.0005,cuda,False,True,6,47,832,0.5459052920341492
fixed_random,1,results_v3_main,results_v3_main,small_cnn,sgd,10,128,20000,0.05,0.9,0.0005,cuda,False,True,6,48,833,0.168996661901474
fixed_random,1,results_v3_main,results_v3_main,small_cnn,sgd,10,128,20000,0.05,0.9,0.0005,cuda,False,True,6,49,834,0.06381355971097946
fixed_random,1,results_v3_main,results_v3_main,small_cnn,sgd,10,128,20000,0.05,0.9,0.0005,cuda,False,True,6,50,835,-0.00485256128013134
fixed_random,1,results_v3_main,results_v3_main,small_cnn,sgd,10,128,20000,0.05,0.9,0.0005,cuda,False,True,6,51,836,0.004872611723840237
fixed_random,1,results_v3_main,results_v3_main,small_cnn,sgd,10,128,20000,0.05,0.9,0.0005,cuda,False,True,6,52,837,0.09137291461229324
fixed_random,1,results_v3_main,results_v3_main,small_cnn,sgd,10,128,20000,0.05,0.9,0.0005,cuda,False,True,6,53,838,0.1458054482936859
fixed_random,1,results_v3_main,results_v3_main,small_cnn,sgd,10,128,20000,0.05,0.9,0.0005,cuda,False,True,6,54,839,0.32019907236099243
fixed_random,1,results_v3_main,results_v3_main,small_cnn,sgd,10,128,20000,0.05,0.9,0.0005,cuda,False,True,6,55,840,0.3446579575538635
fixed_random,1,results_v3_main,results_v3_main,small_cnn,sgd,10,128,20000,0.05,0.9,0.0005,cuda,False,True,6,56,841,0.18301893770694733
fixed_random,1,results_v3_main,results_v3_main,small_cnn,sgd,10,128,20000,0.05,0.9,0.0005,cuda,False,True,6,57,842,0.03066602721810341
fixed_random,1,results_v3_main,results_v3_main,small_cnn,sgd,10,128,20000,0.05,0.9,0.0005,cuda,False,True,6,58,843,0.1331363320350647
fixed_random,1,results_v3_main,results_v3_main,small_cnn,sgd,10,128,20000,0.05,0.9,0.0005,cuda,False,True,6,59,844,0.32294362783432007
fixed_random,1,results_v3_main,results_v3_main,small_cnn,sgd,10,128,20000,0.05,0.9,0.0005,cuda,False,True,6,60,845,-0.10181742161512375
fixed_random,1,results_v3_main,results_v3_main,small_cnn,sgd,10,128,20000,0.05,0.9,0.0005,cuda,False,True,6,61,846,-0.4578971862792969
fixed_random,1,results_v3_main,results_v3_main,small_cnn,sgd,10,128,20000,0.05,0.9,0.0005,cuda,False,True,6,62,847,0.3240251839160919
fixed_random,1,results_v3_main,results_v3_main,small_cnn,sgd,10,128,20000,0.05,0.9,0.0005,cuda,False,True,6,63,848,-0.1315780133008957
fixed_random,1,results_v3_main,results_v3_main,small_cnn,sgd,10,128,20000,0.05,0.9,0.0005,cuda,False,True,6,64,849,0.1758660525083542
fixed_random,1,results_v3_main,results_v3_main,small_cnn,sgd,10,128,20000,0.05,0.9,0.0005,cuda,False,True,6,65,850,0.1716027706861496
fixed_random,1,results_v3_main,results_v3_main,small_cnn,sgd,10,128,20000,0.05,0.9,0.0005,cuda,False,True,6,66,851,0.0672718808054924
fixed_random,1,results_v3_main,results_v3_main,small_cnn,sgd,10,128,20000,0.05,0.9,0.0005,cuda,False,True,6,67,852,0.07077184319496155
fixed_random,1,results_v3_main,results_v3_main,small_cnn,sgd,10,128,20000,0.05,0.9,0.0005,cuda,False,True,6,68,853,-0.08801834285259247
fixed_random,1,results_v3_main,results_v3_main,small_cnn,sgd,10,128,20000,0.05,0.9,0.0005,cuda,False,True,6,69,854,0.26063692569732666
fixed_random,1,results_v3_main,results_v3_main,small_cnn,sgd,10,128,20000,0.05,0.9,0.0005,cuda,False,True,6,70,855,0.16882815957069397
fixed_random,1,results_v3_main,results_v3_main,small_cnn,sgd,10,128,20000,0.05,0.9,0.0005,cuda,False,True,6,71,856,0.28227898478507996
fixed_random,1,results_v3_main,results_v3_main,small_cnn,sgd,10,128,20000,0.05,0.9,0.0005,cuda,False,True,6,72,857,0.14401988685131073
fixed_random,1,results_v3_main,results_v3_main,small_cnn,sgd,10,128,20000,0.05,0.9,0.0005,cuda,False,True,6,73,858,0.3170816898345947
fixed_random,1,results_v3_main,results_v3_main,small_cnn,sgd,10,128,20000,0.05,0.9,0.0005,cuda,False,True,6,74,859,-0.11479995399713516
fixed_random,1,results_v3_main,results_v3_main,small_cnn,sgd,10,128,20000,0.05,0.9,0.0005,cuda,False,True,6,75,860,-0.024425674229860306
fixed_random,1,results_v3_main,results_v3_main,small_cnn,sgd,10,128,20000,0.05,0.9,0.0005,cuda,False,True,6,76,861,0.02320016548037529
fixed_random,1,results_v3_main,results_v3_main,small_cnn,sgd,10,128,20000,0.05,0.9,0.0005,cuda,False,True,6,77,862,-0.026291264221072197
fixed_random,1,results_v3_main,results_v3_main,small_cnn,sgd,10,128,20000,0.05,0.9,0.0005,cuda,False,True,6,78,863,-0.027719279751181602
fixed_random,1,results_v3_main,results_v3_main,small_cnn,sgd,10,128,20000,0.05,0.9,0.0005,cuda,False,True,6,79,864,0.18487675487995148
fixed_random,1,results_v3_main,results_v3_main,small_cnn,sgd,10,128,20000,0.05,0.9,0.0005,cuda,False,True,6,80,865,-0.15685176849365234
fixed_random,1,results_v3_main,results_v3_main,small_cnn,sgd,10,128,20000,0.05,0.9,0.0005,cuda,False,True,6,81,866,0.4749292731285095
fixed_random,1,results_v3_main,results_v3_main,small_cnn,sgd,10,128,20000,0.05,0.9,0.0005,cuda,False,True,6,82,867,0.49230408668518066
fixed_random,1,results_v3_main,results_v3_main,small_cnn,sgd,10,128,20000,0.05,0.9,0.0005,cuda,False,True,6,83,868,-0.09603278338909149
fixed_random,1,results_v3_main,results_v3_main,small_cnn,sgd,10,128,20000,0.05,0.9,0.0005,cuda,False,True,6,84,869,0.2119569480419159
fixed_random,1,results_v3_main,results_v3_main,small_cnn,sgd,10,128,20000,0.05,0.9,0.0005,cuda,False,True,6,85,870,0.08587053418159485
fixed_random,1,results_v3_main,results_v3_main,small_cnn,sgd,10,128,20000,0.05,0.9,0.0005,cuda,False,True,6,86,871,-0.1331026256084442
fixed_random,1,results_v3_main,results_v3_main,small_cnn,sgd,10,128,20000,0.05,0.9,0.0005,cuda,False,True,6,87,872,0.0946362167596817
fixed_random,1,results_v3_main,results_v3_main,small_cnn,sgd,10,128,20000,0.05,0.9,0.0005,cuda,False,True,6,88,873,-0.058085281401872635
fixed_random,1,results_v3_main,results_v3_main,small_cnn,sgd,10,128,20000,0.05,0.9,0.0005,cuda,False,True,6,89,874,-0.011929849162697792
fixed_random,1,results_v3_main,results_v3_main,small_cnn,sgd,10,128,20000,0.05,0.9,0.0005,cuda,False,True,6,90,875,0.010474078357219696
fixed_random,1,results_v3_main,results_v3_main,small_cnn,sgd,10,128,20000,0.05,0.9,0.0005,cuda,False,True,6,91,876,-0.04295540601015091
fixed_random,1,results_v3_main,results_v3_main,small_cnn,sgd,10,128,20000,0.05,0.9,0.0005,cuda,False,True,6,92,877,0.19953691959381104
fixed_random,1,results_v3_main,results_v3_main,small_cnn,sgd,10,128,20000,0.05,0.9,0.0005,cuda,False,True,6,93,878,-0.26359400153160095
fixed_random,1,results_v3_main,results_v3_main,small_cnn,sgd,10,128,20000,0.05,0.9,0.0005,cuda,False,True,6,94,879,0.21453718841075897
fixed_random,1,results_v3_main,results_v3_main,small_cnn,sgd,10,128,20000,0.05,0.9,0.0005,cuda,False,True,6,95,880,0.3569209575653076
fixed_random,1,results_v3_main,results_v3_main,small_cnn,sgd,10,128,20000,0.05,0.9,0.0005,cuda,False,True,6,96,881,0.24576056003570557
fixed_random,1,results_v3_main,results_v3_main,small_cnn,sgd,10,128,20000,0.05,0.9,0.0005,cuda,False,True,6,97,882,0.13534627854824066
fixed_random,1,results_v3_main,results_v3_main,small_cnn,sgd,10,128,20000,0.05,0.9,0.0005,cuda,False,True,6,98,883,0.3807397186756134
fixed_random,1,results_v3_main,results_v3_main,small_cnn,sgd,10,128,20000,0.05,0.9,0.0005,cuda,False,True,6,99,884,-0.053950387984514236
fixed_random,1,results_v3_main,results_v3_main,small_cnn,sgd,10,128,20000,0.05,0.9,0.0005,cuda,False,True,6,100,885,0.019974876195192337
fixed_random,1,results_v3_main,results_v3_main,small_cnn,sgd,10,128,20000,0.05,0.9,0.0005,cuda,False,True,6,101,886,0.17596694827079773
fixed_random,1,results_v3_main,results_v3_main,small_cnn,sgd,10,128,20000,0.05,0.9,0.0005,cuda,False,True,6,102,887,0.43028897047042847
fixed_random,1,results_v3_main,results_v3_main,small_cnn,sgd,10,128,20000,0.05,0.9,0.0005,cuda,False,True,6,103,888,0.16834746301174164
fixed_random,1,results_v3_main,results_v3_main,small_cnn,sgd,10,128,20000,0.05,0.9,0.0005,cuda,False,True,6,104,889,0.24144747853279114
fixed_random,1,results_v3_main,results_v3_main,small_cnn,sgd,10,128,20000,0.05,0.9,0.0005,cuda,False,True,6,105,890,0.28606271743774414
fixed_random,1,results_v3_main,results_v3_main,small_cnn,sgd,10,128,20000,0.05,0.9,0.0005,cuda,False,True,6,106,891,-0.04764046519994736
fixed_random,1,results_v3_main,results_v3_main,small_cnn,sgd,10,128,20000,0.05,0.9,0.0005,cuda,False,True,6,107,892,-0.27808111906051636
fixed_random,1,results_v3_main,results_v3_main,small_cnn,sgd,10,128,20000,0.05,0.9,0.0005,cuda,False,True,6,108,893,-0.19168592989444733
fixed_random,1,results_v3_main,results_v3_main,small_cnn,sgd,10,128,20000,0.05,0.9,0.0005,cuda,False,True,6,109,894,0.035910796374082565
fixed_random,1,results_v3_main,results_v3_main,small_cnn,sgd,10,128,20000,0.05,0.9,0.0005,cuda,False,True,6,110,895,0.25882211327552795
fixed_random,1,results_v3_main,results_v3_main,small_cnn,sgd,10,128,20000,0.05,0.9,0.0005,cuda,False,True,6,111,896,0.05754628777503967
fixed_random,1,results_v3_main,results_v3_main,small_cnn,sgd,10,128,20000,0.05,0.9,0.0005,cuda,False,True,6,112,897,-0.07113112509250641
fixed_random,1,results_v3_main,results_v3_main,small_cnn,sgd,10,128,20000,0.05,0.9,0.0005,cuda,False,True,6,113,898,-0.09304586797952652
fixed_random,1,results_v3_main,results_v3_main,small_cnn,sgd,10,128,20000,0.05,0.9,0.0005,cuda,False,True,6,114,899,-0.21101155877113342
fixed_random,1,results_v3_main,results_v3_main,small_cnn,sgd,10,128,20000,0.05,0.9,0.0005,cuda,False,True,6,115,900,0.45358332991600037
fixed_random,1,results_v3_main,results_v3_main,small_cnn,sgd,10,128,20000,0.05,0.9,0.0005,cuda,False,True,6,116,901,0.34254762530326843
fixed_random,1,results_v3_main,results_v3_main,small_cnn,sgd,10,128,20000,0.05,0.9,0.0005,cuda,False,True,6,117,902,0.27792495489120483
fixed_random,1,results_v3_main,results_v3_main,small_cnn,sgd,10,128,20000,0.05,0.9,0.0005,cuda,False,True,6,118,903,-0.16214245557785034
fixed_random,1,results_v3_main,results_v3_main,small_cnn,sgd,10,128,20000,0.05,0.9,0.0005,cuda,False,True,6,119,904,-0.3705975413322449
fixed_random,1,results_v3_main,results_v3_main,small_cnn,sgd,10,128,20000,0.05,0.9,0.0005,cuda,False,True,6,120,905,0.12293343245983124
fixed_random,1,results_v3_main,results_v3_main,small_cnn,sgd,10,128,20000,0.05,0.9,0.0005,cuda,False,True,6,121,906,0.10430921614170074
fixed_random,1,results_v3_main,results_v3_main,small_cnn,sgd,10,128,20000,0.05,0.9,0.0005,cuda,False,True,6,122,907,0.17912113666534424
fixed_random,1,results_v3_main,results_v3_main,small_cnn,sgd,10,128,20000,0.05,0.9,0.0005,cuda,False,True,6,123,908,0.07672444730997086
fixed_random,1,results_v3_main,results_v3_main,small_cnn,sgd,10,128,20000,0.05,0.9,0.0005,cuda,False,True,6,124,909,0.1318129152059555
fixed_random,1,results_v3_main,results_v3_main,small_cnn,sgd,10,128,20000,0.05,0.9,0.0005,cuda,False,True,6,125,910,0.07121370732784271
fixed_random,1,results_v3_main,results_v3_main,small_cnn,sgd,10,128,20000,0.05,0.9,0.0005,cuda,False,True,6,126,911,0.21738922595977783
fixed_random,1,results_v3_main,results_v3_main,small_cnn,sgd,10,128,20000,0.05,0.9,0.0005,cuda,False,True,6,127,912,-0.3528253436088562
fixed_random,1,results_v3_main,results_v3_main,small_cnn,sgd,10,128,20000,0.05,0.9,0.0005,cuda,False,True,6,128,913,0.2809370458126068
fixed_random,1,results_v3_main,results_v3_main,small_cnn,sgd,10,128,20000,0.05,0.9,0.0005,cuda,False,True,6,129,914,0.16534936428070068
fixed_random,1,results_v3_main,results_v3_main,small_cnn,sgd,10,128,20000,0.05,0.9,0.0005,cuda,False,True,6,130,915,0.13780416548252106
fixed_random,1,results_v3_main,results_v3_main,small_cnn,sgd,10,128,20000,0.05,0.9,0.0005,cuda,False,True,6,131,916,0.019352246075868607
fixed_random,1,results_v3_main,results_v3_main,small_cnn,sgd,10,128,20000,0.05,0.9,0.0005,cuda,False,True,6,132,917,0.14578844606876373
fixed_random,1,results_v3_main,results_v3_main,small_cnn,sgd,10,128,20000,0.05,0.9,0.0005,cuda,False,True,6,133,918,0.04613207280635834
fixed_random,1,results_v3_main,results_v3_main,small_cnn,sgd,10,128,20000,0.05,0.9,0.0005,cuda,False,True,6,134,919,-0.1893298625946045
fixed_random,1,results_v3_main,results_v3_main,small_cnn,sgd,10,128,20000,0.05,0.9,0.0005,cuda,False,True,6,135,920,-0.49186596274375916
fixed_random,1,results_v3_main,results_v3_main,small_cnn,sgd,10,128,20000,0.05,0.9,0.0005,cuda,False,True,6,136,921,0.09302479028701782
fixed_random,1,results_v3_main,results_v3_main,small_cnn,sgd,10,128,20000,0.05,0.9,0.0005,cuda,False,True,6,137,922,-0.15282219648361206
fixed_random,1,results_v3_main,results_v3_main,small_cnn,sgd,10,128,20000,0.05,0.9,0.0005,cuda,False,True,6,138,923,0.07802442461252213
fixed_random,1,results_v3_main,results_v3_main,small_cnn,sgd,10,128,20000,0.05,0.9,0.0005,cuda,False,True,6,139,924,0.10503147542476654
fixed_random,1,results_v3_main,results_v3_main,small_cnn,sgd,10,128,20000,0.05,0.9,0.0005,cuda,False,True,6,140,925,0.18810373544692993
fixed_random,1,results_v3_main,results_v3_main,small_cnn,sgd,10,128,20000,0.05,0.9,0.0005,cuda,False,True,6,141,926,0.32619956135749817
fixed_random,1,results_v3_main,results_v3_main,small_cnn,sgd,10,128,20000,0.05,0.9,0.0005,cuda,False,True,6,142,927,0.41455239057540894
fixed_random,1,results_v3_main,results_v3_main,small_cnn,sgd,10,128,20000,0.05,0.9,0.0005,cuda,False,True,6,143,928,0.35346391797065735
fixed_random,1,results_v3_main,results_v3_main,small_cnn,sgd,10,128,20000,0.05,0.9,0.0005,cuda,False,True,6,144,929,0.43971025943756104
fixed_random,1,results_v3_main,results_v3_main,small_cnn,sgd,10,128,20000,0.05,0.9,0.0005,cuda,False,True,6,145,930,0.4375370740890503
fixed_random,1,results_v3_main,results_v3_main,small_cnn,sgd,10,128,20000,0.05,0.9,0.0005,cuda,False,True,6,146,931,0.12708508968353271
fixed_random,1,results_v3_main,results_v3_main,small_cnn,sgd,10,128,20000,0.05,0.9,0.0005,cuda,False,True,6,147,932,0.4910363554954529
fixed_random,1,results_v3_main,results_v3_main,small_cnn,sgd,10,128,20000,0.05,0.9,0.0005,cuda,False,True,6,148,933,0.5476453304290771
fixed_random,1,results_v3_main,results_v3_main,small_cnn,sgd,10,128,20000,0.05,0.9,0.0005,cuda,False,True,6,149,934,0.291949987411499
fixed_random,1,results_v3_main,results_v3_main,small_cnn,sgd,10,128,20000,0.05,0.9,0.0005,cuda,False,True,6,150,935,0.19339624047279358
fixed_random,1,results_v3_main,results_v3_main,small_cnn,sgd,10,128,20000,0.05,0.9,0.0005,cuda,False,True,6,151,936,0.4426581561565399
fixed_random,1,results_v3_main,results_v3_main,small_cnn,sgd,10,128,20000,0.05,0.9,0.0005,cuda,False,True,6,152,937,0.3258947432041168
fixed_random,1,results_v3_main,results_v3_main,small_cnn,sgd,10,128,20000,0.05,0.9,0.0005,cuda,False,True,6,153,938,0.4400315284729004
fixed_random,1,results_v3_main,results_v3_main,small_cnn,sgd,10,128,20000,0.05,0.9,0.0005,cuda,False,True,6,154,939,0.3585768938064575
fixed_random,1,results_v3_main,results_v3_main,small_cnn,sgd,10,128,20000,0.05,0.9,0.0005,cuda,False,True,6,155,940,0.32719504833221436
fixed_random,1,results_v3_main,results_v3_main,small_cnn,sgd,10,128,20000,0.05,0.9,0.0005,cuda,False,True,6,156,941,0.46751701831817627
fixed_random,1,results_v3_main,results_v3_main,small_cnn,sgd,10,128,20000,0.05,0.9,0.0005,cuda,False,True,6,157,942,-0.12079612910747528
fixed_random,1,results_v3_main,results_v3_main,small_cnn,sgd,10,128,20000,0.05,0.9,0.0005,cuda,False,True,7,1,943,0.33060702681541443
fixed_random,1,results_v3_main,results_v3_main,small_cnn,sgd,10,128,20000,0.05,0.9,0.0005,cuda,False,True,7,2,944,0.4896613359451294
fixed_random,1,results_v3_main,results_v3_main,small_cnn,sgd,10,128,20000,0.05,0.9,0.0005,cuda,False,True,7,3,945,0.1465318500995636
fixed_random,1,results_v3_main,results_v3_main,small_cnn,sgd,10,128,20000,0.05,0.9,0.0005,cuda,False,True,7,4,946,0.3646334707736969
fixed_random,1,results_v3_main,results_v3_main,small_cnn,sgd,10,128,20000,0.05,0.9,0.0005,cuda,False,True,7,5,947,0.3276863396167755
fixed_random,1,results_v3_main,results_v3_main,small_cnn,sgd,10,128,20000,0.05,0.9,0.0005,cuda,False,True,7,6,948,0.022250331938266754
fixed_random,1,results_v3_main,results_v3_main,small_cnn,sgd,10,128,20000,0.05,0.9,0.0005,cuda,False,True,7,7,949,0.01698833890259266
fixed_random,1,results_v3_main,results_v3_main,small_cnn,sgd,10,128,20000,0.05,0.9,0.0005,cuda,False,True,7,8,950,0.1818656176328659
fixed_random,1,results_v3_main,results_v3_main,small_cnn,sgd,10,128,20000,0.05,0.9,0.0005,cuda,False,True,7,9,951,0.17315609753131866
fixed_random,1,results_v3_main,results_v3_main,small_cnn,sgd,10,128,20000,0.05,0.9,0.0005,cuda,False,True,7,10,952,0.051193639636039734
fixed_random,1,results_v3_main,results_v3_main,small_cnn,sgd,10,128,20000,0.05,0.9,0.0005,cuda,False,True,7,11,953,0.2024986892938614
fixed_random,1,results_v3_main,results_v3_main,small_cnn,sgd,10,128,20000,0.05,0.9,0.0005,cuda,False,True,7,12,954,0.18402430415153503
fixed_random,1,results_v3_main,results_v3_main,small_cnn,sgd,10,128,20000,0.05,0.9,0.0005,cuda,False,True,7,13,955,0.026673024520277977
fixed_random,1,results_v3_main,results_v3_main,small_cnn,sgd,10,128,20000,0.05,0.9,0.0005,cuda,False,True,7,14,956,0.37138423323631287
fixed_random,1,results_v3_main,results_v3_main,small_cnn,sgd,10,128,20000,0.05,0.9,0.0005,cuda,False,True,7,15,957,0.17710542678833008
fixed_random,1,results_v3_main,results_v3_main,small_cnn,sgd,10,128,20000,0.05,0.9,0.0005,cuda,False,True,7,16,958,0.09456513077020645
fixed_random,1,results_v3_main,results_v3_main,small_cnn,sgd,10,128,20000,0.05,0.9,0.0005,cuda,False,True,7,17,959,0.027621176093816757
fixed_random,1,results_v3_main,results_v3_main,small_cnn,sgd,10,128,20000,0.05,0.9,0.0005,cuda,False,True,7,18,960,0.08582538366317749
fixed_random,1,results_v3_main,results_v3_main,small_cnn,sgd,10,128,20000,0.05,0.9,0.0005,cuda,False,True,7,19,961,0.039862290024757385
fixed_random,1,results_v3_main,results_v3_main,small_cnn,sgd,10,128,20000,0.05,0.9,0.0005,cuda,False,True,7,20,962,0.2164066880941391
fixed_random,1,results_v3_main,results_v3_main,small_cnn,sgd,10,128,20000,0.05,0.9,0.0005,cuda,False,True,7,21,963,-0.10033449530601501
fixed_random,1,results_v3_main,results_v3_main,small_cnn,sgd,10,128,20000,0.05,0.9,0.0005,cuda,False,True,7,22,964,0.2375594675540924
fixed_random,1,results_v3_main,results_v3_main,small_cnn,sgd,10,128,20000,0.05,0.9,0.0005,cuda,False,True,7,23,965,-0.05984468013048172
fixed_random,1,results_v3_main,results_v3_main,small_cnn,sgd,10,128,20000,0.05,0.9,0.0005,cuda,False,True,7,24,966,0.056337542831897736
fixed_random,1,results_v3_main,results_v3_main,small_cnn,sgd,10,128,20000,0.05,0.9,0.0005,cuda,False,True,7,25,967,0.201410174369812
fixed_random,1,results_v3_main,results_v3_main,small_cnn,sgd,10,128,20000,0.05,0.9,0.0005,cuda,False,True,7,26,968,0.16728708148002625
fixed_random,1,results_v3_main,results_v3_main,small_cnn,sgd,10,128,20000,0.05,0.9,0.0005,cuda,False,True,7,27,969,-0.2849864065647125
fixed_random,1,results_v3_main,results_v3_main,small_cnn,sgd,10,128,20000,0.05,0.9,0.0005,cuda,False,True,7,28,970,0.13814854621887207
fixed_random,1,results_v3_main,results_v3_main,small_cnn,sgd,10,128,20000,0.05,0.9,0.0005,cuda,False,True,7,29,971,0.05701977014541626
fixed_random,1,results_v3_main,results_v3_main,small_cnn,sgd,10,128,20000,0.05,0.9,0.0005,cuda,False,True,7,30,972,-0.2471969723701477
fixed_random,1,results_v3_main,results_v3_main,small_cnn,sgd,10,128,20000,0.05,0.9,0.0005,cuda,False,True,7,31,973,0.11262726038694382
fixed_random,1,results_v3_main,results_v3_main,small_cnn,sgd,10,128,20000,0.05,0.9,0.0005,cuda,False,True,7,32,974,0.3283284902572632
fixed_random,1,results_v3_main,results_v3_main,small_cnn,sgd,10,128,20000,0.05,0.9,0.0005,cuda,False,True,7,33,975,0.03041616454720497
fixed_random,1,results_v3_main,results_v3_main,small_cnn,sgd,10,128,20000,0.05,0.9,0.0005,cuda,False,True,7,34,976,-0.1824650913476944
fixed_random,1,results_v3_main,results_v3_main,small_cnn,sgd,10,128,20000,0.05,0.9,0.0005,cuda,False,True,7,35,977,0.05925748497247696
fixed_random,1,results_v3_main,results_v3_main,small_cnn,sgd,10,128,20000,0.05,0.9,0.0005,cuda,False,True,7,36,978,0.20328056812286377
fixed_random,1,results_v3_main,results_v3_main,small_cnn,sgd,10,128,20000,0.05,0.9,0.0005,cuda,False,True,7,37,979,0.3088483214378357
fixed_random,1,results_v3_main,results_v3_main,small_cnn,sgd,10,128,20000,0.05,0.9,0.0005,cuda,False,True,7,38,980,0.2534436583518982
fixed_random,1,results_v3_main,results_v3_main,small_cnn,sgd,10,128,20000,0.05,0.9,0.0005,cuda,False,True,7,39,981,0.09164555370807648
fixed_random,1,results_v3_main,results_v3_main,small_cnn,sgd,10,128,20000,0.05,0.9,0.0005,cuda,False,True,7,40,982,0.033155180513858795
fixed_random,1,results_v3_main,results_v3_main,small_cnn,sgd,10,128,20000,0.05,0.9,0.0005,cuda,False,True,7,41,983,0.3734878599643707
fixed_random,1,results_v3_main,results_v3_main,small_cnn,sgd,10,128,20000,0.05,0.9,0.0005,cuda,False,True,7,42,984,0.08535243570804596
fixed_random,1,results_v3_main,results_v3_main,small_cnn,sgd,10,128,20000,0.05,0.9,0.0005,cuda,False,True,7,43,985,0.16102352738380432
fixed_random,1,results_v3_main,results_v3_main,small_cnn,sgd,10,128,20000,0.05,0.9,0.0005,cuda,False,True,7,44,986,0.20188499987125397
fixed_random,1,results_v3_main,results_v3_main,small_cnn,sgd,10,128,20000,0.05,0.9,0.0005,cuda,False,True,7,45,987,0.046701379120349884
fixed_random,1,results_v3_main,results_v3_main,small_cnn,sgd,10,128,20000,0.05,0.9,0.0005,cuda,False,True,7,46,988,-0.20225629210472107
fixed_random,1,results_v3_main,results_v3_main,small_cnn,sgd,10,128,20000,0.05,0.9,0.0005,cuda,False,True,7,47,989,0.5390193462371826
fixed_random,1,results_v3_main,results_v3_main,small_cnn,sgd,10,128,20000,0.05,0.9,0.0005,cuda,False,True,7,48,990,0.14571018517017365
fixed_random,1,results_v3_main,results_v3_main,small_cnn,sgd,10,128,20000,0.05,0.9,0.0005,cuda,False,True,7,49,991,0.002508426085114479
fixed_random,1,results_v3_main,results_v3_main,small_cnn,sgd,10,128,20000,0.05,0.9,0.0005,cuda,False,True,7,50,992,-0.05614232271909714
fixed_random,1,results_v3_main,results_v3_main,small_cnn,sgd,10,128,20000,0.05,0.9,0.0005,cuda,False,True,7,51,993,-0.0997472032904625
fixed_random,1,results_v3_main,results_v3_main,small_cnn,sgd,10,128,20000,0.05,0.9,0.0005,cuda,False,True,7,52,994,-0.09117303043603897
fixed_random,1,results_v3_main,results_v3_main,small_cnn,sgd,10,128,20000,0.05,0.9,0.0005,cuda,False,True,7,53,995,-0.03446340560913086
fixed_random,1,results_v3_main,results_v3_main,small_cnn,sgd,10,128,20000,0.05,0.9,0.0005,cuda,False,True,7,54,996,0.2768443524837494
fixed_random,1,results_v3_main,results_v3_main,small_cnn,sgd,10,128,20000,0.05,0.9,0.0005,cuda,False,True,7,55,997,0.37410035729408264
fixed_random,1,results_v3_main,results_v3_main,small_cnn,sgd,10,128,20000,0.05,0.9,0.0005,cuda,False,True,7,56,998,0.0707317441701889
fixed_random,1,results_v3_main,results_v3_main,small_cnn,sgd,10,128,20000,0.05,0.9,0.0005,cuda,False,True,7,57,999,0.14759525656700134
fixed_random,1,results_v3_main,results_v3_main,small_cnn,sgd,10,128,20000,0.05,0.9,0.0005,cuda,False,True,7,58,1000,0.07084528356790543
fixed_random,1,results_v3_main,results_v3_main,small_cnn,sgd,10,128,20000,0.05,0.9,0.0005,cuda,False,True,7,59,1001,0.11226896196603775
fixed_random,1,results_v3_main,results_v3_main,small_cnn,sgd,10,128,20000,0.05,0.9,0.0005,cuda,False,True,7,60,1002,-0.13814648985862732
fixed_random,1,results_v3_main,results_v3_main,small_cnn,sgd,10,128,20000,0.05,0.9,0.0005,cuda,False,True,7,61,1003,-0.39840370416641235
fixed_random,1,results_v3_main,results_v3_main,small_cnn,sgd,10,128,20000,0.05,0.9,0.0005,cuda,False,True,7,62,1004,0.27230405807495117
fixed_random,1,results_v3_main,results_v3_main,small_cnn,sgd,10,128,20000,0.05,0.9,0.0005,cuda,False,True,7,63,1005,-0.05135935917496681
fixed_random,1,results_v3_main,results_v3_main,small_cnn,sgd,10,128,20000,0.05,0.9,0.0005,cuda,False,True,7,64,1006,0.13926154375076294
fixed_random,1,results_v3_main,results_v3_main,small_cnn,sgd,10,128,20000,0.05,0.9,0.0005,cuda,False,True,7,65,1007,0.16607290506362915
fixed_random,1,results_v3_main,results_v3_main,small_cnn,sgd,10,128,20000,0.05,0.9,0.0005,cuda,False,True,7,66,1008,0.06416082382202148
fixed_random,1,results_v3_main,results_v3_main,small_cnn,sgd,10,128,20000,0.05,0.9,0.0005,cuda,False,True,7,67,1009,0.12426313757896423
fixed_random,1,results_v3_main,results_v3_main,small_cnn,sgd,10,128,20000,0.05,0.9,0.0005,cuda,False,True,7,68,1010,-0.022723378613591194
fixed_random,1,results_v3_main,results_v3_main,small_cnn,sgd,10,128,20000,0.05,0.9,0.0005,cuda,False,True,7,69,1011,0.1155920997262001
fixed_random,1,results_v3_main,results_v3_main,small_cnn,sgd,10,128,20000,0.05,0.9,0.0005,cuda,False,True,7,70,1012,0.13381843268871307
fixed_random,1,results_v3_main,results_v3_main,small_cnn,sgd,10,128,20000,0.05,0.9,0.0005,cuda,False,True,7,71,1013,0.30317699909210205
fixed_random,1,results_v3_main,results_v3_main,small_cnn,sgd,10,128,20000,0.05,0.9,0.0005,cuda,False,True,7,72,1014,0.15737996995449066
fixed_random,1,results_v3_main,results_v3_main,small_cnn,sgd,10,128,20000,0.05,0.9,0.0005,cuda,False,True,7,73,1015,0.3644193410873413
fixed_random,1,results_v3_main,results_v3_main,small_cnn,sgd,10,128,20000,0.05,0.9,0.0005,cuda,False,True,7,74,1016,0.0866691991686821
fixed_random,1,results_v3_main,results_v3_main,small_cnn,sgd,10,128,20000,0.05,0.9,0.0005,cuda,False,True,7,75,1017,-0.1285049468278885
fixed_random,1,results_v3_main,results_v3_main,small_cnn,sgd,10,128,20000,0.05,0.9,0.0005,cuda,False,True,7,76,1018,0.2050681710243225
fixed_random,1,results_v3_main,results_v3_main,small_cnn,sgd,10,128,20000,0.05,0.9,0.0005,cuda,False,True,7,77,1019,0.018659237772226334
fixed_random,1,results_v3_main,results_v3_main,small_cnn,sgd,10,128,20000,0.05,0.9,0.0005,cuda,False,True,7,78,1020,0.06660079210996628
fixed_random,1,results_v3_main,results_v3_main,small_cnn,sgd,10,128,20000,0.05,0.9,0.0005,cuda,False,True,7,79,1021,0.13253217935562134
fixed_random,1,results_v3_main,results_v3_main,small_cnn,sgd,10,128,20000,0.05,0.9,0.0005,cuda,False,True,7,80,1022,-0.15289047360420227
fixed_random,1,results_v3_main,results_v3_main,small_cnn,sgd,10,128,20000,0.05,0.9,0.0005,cuda,False,True,7,81,1023,0.4519273042678833
fixed_random,1,results_v3_main,results_v3_main,small_cnn,sgd,10,128,20000,0.05,0.9,0.0005,cuda,False,True,7,82,1024,0.4648241698741913
fixed_random,1,results_v3_main,results_v3_main,small_cnn,sgd,10,128,20000,0.05,0.9,0.0005,cuda,False,True,7,83,1025,-0.22547563910484314
fixed_random,1,results_v3_main,results_v3_main,small_cnn,sgd,10,128,20000,0.05,0.9,0.0005,cuda,False,True,7,84,1026,0.467068076133728
fixed_random,1,results_v3_main,results_v3_main,small_cnn,sgd,10,128,20000,0.05,0.9,0.0005,cuda,False,True,7,85,1027,-0.01937202364206314
fixed_random,1,results_v3_main,results_v3_main,small_cnn,sgd,10,128,20000,0.05,0.9,0.0005,cuda,False,True,7,86,1028,0.04166286066174507
fixed_random,1,results_v3_main,results_v3_main,small_cnn,sgd,10,128,20000,0.05,0.9,0.0005,cuda,False,True,7,87,1029,0.30561307072639465
fixed_random,1,results_v3_main,results_v3_main,small_cnn,sgd,10,128,20000,0.05,0.9,0.0005,cuda,False,True,7,88,1030,0.18640361726284027
fixed_random,1,results_v3_main,results_v3_main,small_cnn,sgd,10,128,20000,0.05,0.9,0.0005,cuda,False,True,7,89,1031,-0.09179946780204773
fixed_random,1,results_v3_main,results_v3_main,small_cnn,sgd,10,128,20000,0.05,0.9,0.0005,cuda,False,True,7,90,1032,0.09480682015419006
fixed_random,1,results_v3_main,results_v3_main,small_cnn,sgd,10,128,20000,0.05,0.9,0.0005,cuda,False,True,7,91,1033,0.3649107813835144
fixed_random,1,results_v3_main,results_v3_main,small_cnn,sgd,10,128,20000,0.05,0.9,0.0005,cuda,False,True,7,92,1034,0.20560713112354279
fixed_random,1,results_v3_main,results_v3_main,small_cnn,sgd,10,128,20000,0.05,0.9,0.0005,cuda,False,True,7,93,1035,-0.06066136062145233
fixed_random,1,results_v3_main,results_v3_main,small_cnn,sgd,10,128,20000,0.05,0.9,0.0005,cuda,False,True,7,94,1036,0.18824808299541473
fixed_random,1,results_v3_main,results_v3_main,small_cnn,sgd,10,128,20000,0.05,0.9,0.0005,cuda,False,True,7,95,1037,0.3982078731060028
fixed_random,1,results_v3_main,results_v3_main,small_cnn,sgd,10,128,20000,0.05,0.9,0.0005,cuda,False,True,7,96,1038,0.49422869086265564
fixed_random,1,results_v3_main,results_v3_main,small_cnn,sgd,10,128,20000,0.05,0.9,0.0005,cuda,False,True,7,97,1039,-0.011646103113889694
fixed_random,1,results_v3_main,results_v3_main,small_cnn,sgd,10,128,20000,0.05,0.9,0.0005,cuda,False,True,7,98,1040,0.2424323856830597
fixed_random,1,results_v3_main,results_v3_main,small_cnn,sgd,10,128,20000,0.05,0.9,0.0005,cuda,False,True,7,99,1041,-0.055849455296993256
fixed_random,1,results_v3_main,results_v3_main,small_cnn,sgd,10,128,20000,0.05,0.9,0.0005,cuda,False,True,7,100,1042,0.1943807452917099
fixed_random,1,results_v3_main,results_v3_main,small_cnn,sgd,10,128,20000,0.05,0.9,0.0005,cuda,False,True,7,101,1043,0.08222426474094391
fixed_random,1,results_v3_main,results_v3_main,small_cnn,sgd,10,128,20000,0.05,0.9,0.0005,cuda,False,True,7,102,1044,0.30945736169815063
fixed_random,1,results_v3_main,results_v3_main,small_cnn,sgd,10,128,20000,0.05,0.9,0.0005,cuda,False,True,7,103,1045,0.3593764007091522
fixed_random,1,results_v3_main,results_v3_main,small_cnn,sgd,10,128,20000,0.05,0.9,0.0005,cuda,False,True,7,104,1046,0.27178439497947693
fixed_random,1,results_v3_main,results_v3_main,small_cnn,sgd,10,128,20000,0.05,0.9,0.0005,cuda,False,True,7,105,1047,0.32770591974258423
fixed_random,1,results_v3_main,results_v3_main,small_cnn,sgd,10,128,20000,0.05,0.9,0.0005,cuda,False,True,7,106,1048,-0.2780097723007202
fixed_random,1,results_v3_main,results_v3_main,small_cnn,sgd,10,128,20000,0.05,0.9,0.0005,cuda,False,True,7,107,1049,-0.1768181324005127
fixed_random,1,results_v3_main,results_v3_main,small_cnn,sgd,10,128,20000,0.05,0.9,0.0005,cuda,False,True,7,108,1050,-0.18916729092597961
fixed_random,1,results_v3_main,results_v3_main,small_cnn,sgd,10,128,20000,0.05,0.9,0.0005,cuda,False,True,7,109,1051,-0.0012122690677642822
fixed_random,1,results_v3_main,results_v3_main,small_cnn,sgd,10,128,20000,0.05,0.9,0.0005,cuda,False,True,7,110,1052,-0.09813523292541504
fixed_random,1,results_v3_main,results_v3_main,small_cnn,sgd,10,128,20000,0.05,0.9,0.0005,cuda,False,True,7,111,1053,-0.15343789756298065
fixed_random,1,results_v3_main,results_v3_main,small_cnn,sgd,10,128,20000,0.05,0.9,0.0005,cuda,False,True,7,112,1054,0.23076105117797852
fixed_random,1,results_v3_main,results_v3_main,small_cnn,sgd,10,128,20000,0.05,0.9,0.0005,cuda,False,True,7,113,1055,-0.3328579068183899
fixed_random,1,results_v3_main,results_v3_main,small_cnn,sgd,10,128,20000,0.05,0.9,0.0005,cuda,False,True,7,114,1056,-0.20346370339393616
fixed_random,1,results_v3_main,results_v3_main,small_cnn,sgd,10,128,20000,0.05,0.9,0.0005,cuda,False,True,7,115,1057,0.2655136287212372
fixed_random,1,results_v3_main,results_v3_main,small_cnn,sgd,10,128,20000,0.05,0.9,0.0005,cuda,False,True,7,116,1058,0.2228914201259613
fixed_random,1,results_v3_main,results_v3_main,small_cnn,sgd,10,128,20000,0.05,0.9,0.0005,cuda,False,True,7,117,1059,0.16639573872089386
fixed_random,1,results_v3_main,results_v3_main,small_cnn,sgd,10,128,20000,0.05,0.9,0.0005,cuda,False,True,7,118,1060,-0.006836548447608948
fixed_random,1,results_v3_main,results_v3_main,small_cnn,sgd,10,128,20000,0.05,0.9,0.0005,cuda,False,True,7,119,1061,-0.22981636226177216
fixed_random,1,results_v3_main,results_v3_main,small_cnn,sgd,10,128,20000,0.05,0.9,0.0005,cuda,False,True,7,120,1062,0.26254406571388245
fixed_random,1,results_v3_main,results_v3_main,small_cnn,sgd,10,128,20000,0.05,0.9,0.0005,cuda,False,True,7,121,1063,-0.08465160429477692
fixed_random,1,results_v3_main,results_v3_main,small_cnn,sgd,10,128,20000,0.05,0.9,0.0005,cuda,False,True,7,122,1064,0.2725335359573364
fixed_random,1,results_v3_main,results_v3_main,small_cnn,sgd,10,128,20000,0.05,0.9,0.0005,cuda,False,True,7,123,1065,-0.06406354904174805
fixed_random,1,results_v3_main,results_v3_main,small_cnn,sgd,10,128,20000,0.05,0.9,0.0005,cuda,False,True,7,124,1066,0.09898906201124191
fixed_random,1,results_v3_main,results_v3_main,small_cnn,sgd,10,128,20000,0.05,0.9,0.0005,cuda,False,True,7,125,1067,0.2059336155653
fixed_random,1,results_v3_main,results_v3_main,small_cnn,sgd,10,128,20000,0.05,0.9,0.0005,cuda,False,True,7,126,1068,0.2003575563430786
fixed_random,1,results_v3_main,results_v3_main,small_cnn,sgd,10,128,20000,0.05,0.9,0.0005,cuda,False,True,7,127,1069,-0.16052880883216858
fixed_random,1,results_v3_main,results_v3_main,small_cnn,sgd,10,128,20000,0.05,0.9,0.0005,cuda,False,True,7,128,1070,0.1836700141429901
fixed_random,1,results_v3_main,results_v3_main,small_cnn,sgd,10,128,20000,0.05,0.9,0.0005,cuda,False,True,7,129,1071,0.02410747855901718
fixed_random,1,results_v3_main,results_v3_main,small_cnn,sgd,10,128,20000,0.05,0.9,0.0005,cuda,False,True,7,130,1072,0.27776986360549927
fixed_random,1,results_v3_main,results_v3_main,small_cnn,sgd,10,128,20000,0.05,0.9,0.0005,cuda,False,True,7,131,1073,-0.049992673099040985
fixed_random,1,results_v3_main,results_v3_main,small_cnn,sgd,10,128,20000,0.05,0.9,0.0005,cuda,False,True,7,132,1074,0.08224567770957947
fixed_random,1,results_v3_main,results_v3_main,small_cnn,sgd,10,128,20000,0.05,0.9,0.0005,cuda,False,True,7,133,1075,0.27471691370010376
fixed_random,1,results_v3_main,results_v3_main,small_cnn,sgd,10,128,20000,0.05,0.9,0.0005,cuda,False,True,7,134,1076,-0.1543189287185669
fixed_random,1,results_v3_main,results_v3_main,small_cnn,sgd,10,128,20000,0.05,0.9,0.0005,cuda,False,True,7,135,1077,-0.25778499245643616
fixed_random,1,results_v3_main,results_v3_main,small_cnn,sgd,10,128,20000,0.05,0.9,0.0005,cuda,False,True,7,136,1078,0.09465879201889038
fixed_random,1,results_v3_main,results_v3_main,small_cnn,sgd,10,128,20000,0.05,0.9,0.0005,cuda,False,True,7,137,1079,-0.09268690645694733
fixed_random,1,results_v3_main,results_v3_main,small_cnn,sgd,10,128,20000,0.05,0.9,0.0005,cuda,False,True,7,138,1080,0.335401713848114
fixed_random,1,results_v3_main,results_v3_main,small_cnn,sgd,10,128,20000,0.05,0.9,0.0005,cuda,False,True,7,139,1081,-0.03897097706794739
fixed_random,1,results_v3_main,results_v3_main,small_cnn,sgd,10,128,20000,0.05,0.9,0.0005,cuda,False,True,7,140,1082,0.07915991544723511
fixed_random,1,results_v3_main,results_v3_main,small_cnn,sgd,10,128,20000,0.05,0.9,0.0005,cuda,False,True,7,141,1083,0.16473019123077393
fixed_random,1,results_v3_main,results_v3_main,small_cnn,sgd,10,128,20000,0.05,0.9,0.0005,cuda,False,True,7,142,1084,0.5232376456260681
fixed_random,1,results_v3_main,results_v3_main,small_cnn,sgd,10,128,20000,0.05,0.9,0.0005,cuda,False,True,7,143,1085,0.25235429406166077
fixed_random,1,results_v3_main,results_v3_main,small_cnn,sgd,10,128,20000,0.05,0.9,0.0005,cuda,False,True,7,144,1086,0.4309064447879791
fixed_random,1,results_v3_main,results_v3_main,small_cnn,sgd,10,128,20000,0.05,0.9,0.0005,cuda,False,True,7,145,1087,0.3697974681854248
fixed_random,1,results_v3_main,results_v3_main,small_cnn,sgd,10,128,20000,0.05,0.9,0.0005,cuda,False,True,7,146,1088,0.18336822092533112
fixed_random,1,results_v3_main,results_v3_main,small_cnn,sgd,10,128,20000,0.05,0.9,0.0005,cuda,False,True,7,147,1089,0.2548859417438507
fixed_random,1,results_v3_main,results_v3_main,small_cnn,sgd,10,128,20000,0.05,0.9,0.0005,cuda,False,True,7,148,1090,0.3954717218875885
fixed_random,1,results_v3_main,results_v3_main,small_cnn,sgd,10,128,20000,0.05,0.9,0.0005,cuda,False,True,7,149,1091,0.24354945123195648
fixed_random,1,results_v3_main,results_v3_main,small_cnn,sgd,10,128,20000,0.05,0.9,0.0005,cuda,False,True,7,150,1092,0.20029720664024353
fixed_random,1,results_v3_main,results_v3_main,small_cnn,sgd,10,128,20000,0.05,0.9,0.0005,cuda,False,True,7,151,1093,0.304981529712677
fixed_random,1,results_v3_main,results_v3_main,small_cnn,sgd,10,128,20000,0.05,0.9,0.0005,cuda,False,True,7,152,1094,-0.07040177285671234
fixed_random,1,results_v3_main,results_v3_main,small_cnn,sgd,10,128,20000,0.05,0.9,0.0005,cuda,False,True,7,153,1095,0.18097808957099915
fixed_random,1,results_v3_main,results_v3_main,small_cnn,sgd,10,128,20000,0.05,0.9,0.0005,cuda,False,True,7,154,1096,0.25784948468208313
fixed_random,1,results_v3_main,results_v3_main,small_cnn,sgd,10,128,20000,0.05,0.9,0.0005,cuda,False,True,7,155,1097,0.3821752369403839
fixed_random,1,results_v3_main,results_v3_main,small_cnn,sgd,10,128,20000,0.05,0.9,0.0005,cuda,False,True,7,156,1098,0.41305413842201233
fixed_random,1,results_v3_main,results_v3_main,small_cnn,sgd,10,128,20000,0.05,0.9,0.0005,cuda,False,True,7,157,1099,-0.15061736106872559
fixed_random,1,results_v3_main,results_v3_main,small_cnn,sgd,10,128,20000,0.05,0.9,0.0005,cuda,False,True,8,1,1100,0.4231361746788025
fixed_random,1,results_v3_main,results_v3_main,small_cnn,sgd,10,128,20000,0.05,0.9,0.0005,cuda,False,True,8,2,1101,0.4698655605316162
fixed_random,1,results_v3_main,results_v3_main,small_cnn,sgd,10,128,20000,0.05,0.9,0.0005,cuda,False,True,8,3,1102,-0.19191744923591614
fixed_random,1,results_v3_main,results_v3_main,small_cnn,sgd,10,128,20000,0.05,0.9,0.0005,cuda,False,True,8,4,1103,0.16494759917259216
fixed_random,1,results_v3_main,results_v3_main,small_cnn,sgd,10,128,20000,0.05,0.9,0.0005,cuda,False,True,8,5,1104,0.16020731627941132
fixed_random,1,results_v3_main,results_v3_main,small_cnn,sgd,10,128,20000,0.05,0.9,0.0005,cuda,False,True,8,6,1105,0.10930991172790527
fixed_random,1,results_v3_main,results_v3_main,small_cnn,sgd,10,128,20000,0.05,0.9,0.0005,cuda,False,True,8,7,1106,0.27000191807746887
fixed_random,1,results_v3_main,results_v3_main,small_cnn,sgd,10,128,20000,0.05,0.9,0.0005,cuda,False,True,8,8,1107,0.2196749746799469
fixed_random,1,results_v3_main,results_v3_main,small_cnn,sgd,10,128,20000,0.05,0.9,0.0005,cuda,False,True,8,9,1108,0.14453347027301788
fixed_random,1,results_v3_main,results_v3_main,small_cnn,sgd,10,128,20000,0.05,0.9,0.0005,cuda,False,True,8,10,1109,-0.05502009391784668
fixed_random,1,results_v3_main,results_v3_main,small_cnn,sgd,10,128,20000,0.05,0.9,0.0005,cuda,False,True,8,11,1110,0.2143562138080597
fixed_random,1,results_v3_main,results_v3_main,small_cnn,sgd,10,128,20000,0.05,0.9,0.0005,cuda,False,True,8,12,1111,0.032761938869953156
fixed_random,1,results_v3_main,results_v3_main,small_cnn,sgd,10,128,20000,0.05,0.9,0.0005,cuda,False,True,8,13,1112,0.01654333434998989
fixed_random,1,results_v3_main,results_v3_main,small_cnn,sgd,10,128,20000,0.05,0.9,0.0005,cuda,False,True,8,14,1113,0.27880701422691345
fixed_random,1,results_v3_main,results_v3_main,small_cnn,sgd,10,128,20000,0.05,0.9,0.0005,cuda,False,True,8,15,1114,0.0979236364364624
fixed_random,1,results_v3_main,results_v3_main,small_cnn,sgd,10,128,20000,0.05,0.9,0.0005,cuda,False,True,8,16,1115,-0.09726366400718689
fixed_random,1,results_v3_main,results_v3_main,small_cnn,sgd,10,128,20000,0.05,0.9,0.0005,cuda,False,True,8,17,1116,0.08937026560306549
fixed_random,1,results_v3_main,results_v3_main,small_cnn,sgd,10,128,20000,0.05,0.9,0.0005,cuda,False,True,8,18,1117,0.20015954971313477
fixed_random,1,results_v3_main,results_v3_main,small_cnn,sgd,10,128,20000,0.05,0.9,0.0005,cuda,False,True,8,19,1118,-0.06959701329469681
fixed_random,1,results_v3_main,results_v3_main,small_cnn,sgd,10,128,20000,0.05,0.9,0.0005,cuda,False,True,8,20,1119,0.3385082185268402
fixed_random,1,results_v3_main,results_v3_main,small_cnn,sgd,10,128,20000,0.05,0.9,0.0005,cuda,False,True,8,21,1120,0.11096230149269104
fixed_random,1,results_v3_main,results_v3_main,small_cnn,sgd,10,128,20000,0.05,0.9,0.0005,cuda,False,True,8,22,1121,0.19655808806419373
fixed_random,1,results_v3_main,results_v3_main,small_cnn,sgd,10,128,20000,0.05,0.9,0.0005,cuda,False,True,8,23,1122,0.22370918095111847
fixed_random,1,results_v3_main,results_v3_main,small_cnn,sgd,10,128,20000,0.05,0.9,0.0005,cuda,False,True,8,24,1123,0.36139699816703796
fixed_random,1,results_v3_main,results_v3_main,small_cnn,sgd,10,128,20000,0.05,0.9,0.0005,cuda,False,True,8,25,1124,0.2819924056529999
fixed_random,1,results_v3_main,results_v3_main,small_cnn,sgd,10,128,20000,0.05,0.9,0.0005,cuda,False,True,8,26,1125,0.11381447315216064
fixed_random,1,results_v3_main,results_v3_main,small_cnn,sgd,10,128,20000,0.05,0.9,0.0005,cuda,False,True,8,27,1126,-0.31615960597991943
fixed_random,1,results_v3_main,results_v3_main,small_cnn,sgd,10,128,20000,0.05,0.9,0.0005,cuda,False,True,8,28,1127,0.17801138758659363
fixed_random,1,results_v3_main,results_v3_main,small_cnn,sgd,10,128,20000,0.05,0.9,0.0005,cuda,False,True,8,29,1128,0.065083809196949
fixed_random,1,results_v3_main,results_v3_main,small_cnn,sgd,10,128,20000,0.05,0.9,0.0005,cuda,False,True,8,30,1129,0.23125103116035461
fixed_random,1,results_v3_main,results_v3_main,small_cnn,sgd,10,128,20000,0.05,0.9,0.0005,cuda,False,True,8,31,1130,0.3380593955516815
fixed_random,1,results_v3_main,results_v3_main,small_cnn,sgd,10,128,20000,0.05,0.9,0.0005,cuda,False,True,8,32,1131,0.25902509689331055
fixed_random,1,results_v3_main,results_v3_main,small_cnn,sgd,10,128,20000,0.05,0.9,0.0005,cuda,False,True,8,33,1132,0.23993751406669617
fixed_random,1,results_v3_main,results_v3_main,small_cnn,sgd,10,128,20000,0.05,0.9,0.0005,cuda,False,True,8,34,1133,0.16051043570041656
fixed_random,1,results_v3_main,results_v3_main,small_cnn,sgd,10,128,20000,0.05,0.9,0.0005,cuda,False,True,8,35,1134,0.00906277447938919
fixed_random,1,results_v3_main,results_v3_main,small_cnn,sgd,10,128,20000,0.05,0.9,0.0005,cuda,False,True,8,36,1135,0.08585130423307419
fixed_random,1,results_v3_main,results_v3_main,small_cnn,sgd,10,128,20000,0.05,0.9,0.0005,cuda,False,True,8,37,1136,0.3178291320800781
fixed_random,1,results_v3_main,results_v3_main,small_cnn,sgd,10,128,20000,0.05,0.9,0.0005,cuda,False,True,8,38,1137,0.2343052178621292
fixed_random,1,results_v3_main,results_v3_main,small_cnn,sgd,10,128,20000,0.05,0.9,0.0005,cuda,False,True,8,39,1138,0.02470342442393303
fixed_random,1,results_v3_main,results_v3_main,small_cnn,sgd,10,128,20000,0.05,0.9,0.0005,cuda,False,True,8,40,1139,0.0443463958799839
fixed_random,1,results_v3_main,results_v3_main,small_cnn,sgd,10,128,20000,0.05,0.9,0.0005,cuda,False,True,8,41,1140,-0.02122437208890915
fixed_random,1,results_v3_main,results_v3_main,small_cnn,sgd,10,128,20000,0.05,0.9,0.0005,cuda,False,True,8,42,1141,-0.010639638639986515
fixed_random,1,results_v3_main,results_v3_main,small_cnn,sgd,10,128,20000,0.05,0.9,0.0005,cuda,False,True,8,43,1142,-0.011610269546508789
fixed_random,1,results_v3_main,results_v3_main,small_cnn,sgd,10,128,20000,0.05,0.9,0.0005,cuda,False,True,8,44,1143,-0.17945191264152527
fixed_random,1,results_v3_main,results_v3_main,small_cnn,sgd,10,128,20000,0.05,0.9,0.0005,cuda,False,True,8,45,1144,0.0693918764591217
fixed_random,1,results_v3_main,results_v3_main,small_cnn,sgd,10,128,20000,0.05,0.9,0.0005,cuda,False,True,8,46,1145,-0.04407758265733719
fixed_random,1,results_v3_main,results_v3_main,small_cnn,sgd,10,128,20000,0.05,0.9,0.0005,cuda,False,True,8,47,1146,0.5012587308883667
fixed_random,1,results_v3_main,results_v3_main,small_cnn,sgd,10,128,20000,0.05,0.9,0.0005,cuda,False,True,8,48,1147,-0.22258572280406952
fixed_random,1,results_v3_main,results_v3_main,small_cnn,sgd,10,128,20000,0.05,0.9,0.0005,cuda,False,True,8,49,1148,0.06556837260723114
fixed_random,1,results_v3_main,results_v3_main,small_cnn,sgd,10,128,20000,0.05,0.9,0.0005,cuda,False,True,8,50,1149,0.15219782292842865
fixed_random,1,results_v3_main,results_v3_main,small_cnn,sgd,10,128,20000,0.05,0.9,0.0005,cuda,False,True,8,51,1150,0.3406394124031067
fixed_random,1,results_v3_main,results_v3_main,small_cnn,sgd,10,128,20000,0.05,0.9,0.0005,cuda,False,True,8,52,1151,-0.22331835329532623
fixed_random,1,results_v3_main,results_v3_main,small_cnn,sgd,10,128,20000,0.05,0.9,0.0005,cuda,False,True,8,53,1152,-0.05886072292923927
fixed_random,1,results_v3_main,results_v3_main,small_cnn,sgd,10,128,20000,0.05,0.9,0.0005,cuda,False,True,8,54,1153,0.49247127771377563
fixed_random,1,results_v3_main,results_v3_main,small_cnn,sgd,10,128,20000,0.05,0.9,0.0005,cuda,False,True,8,55,1154,0.3968889117240906
fixed_random,1,results_v3_main,results_v3_main,small_cnn,sgd,10,128,20000,0.05,0.9,0.0005,cuda,False,True,8,56,1155,-0.0823948085308075
fixed_random,1,results_v3_main,results_v3_main,small_cnn,sgd,10,128,20000,0.05,0.9,0.0005,cuda,False,True,8,57,1156,0.2860173285007477
fixed_random,1,results_v3_main,results_v3_main,small_cnn,sgd,10,128,20000,0.05,0.9,0.0005,cuda,False,True,8,58,1157,0.25041210651397705
fixed_random,1,results_v3_main,results_v3_main,small_cnn,sgd,10,128,20000,0.05,0.9,0.0005,cuda,False,True,8,59,1158,0.20861302316188812
fixed_random,1,results_v3_main,results_v3_main,small_cnn,sgd,10,128,20000,0.05,0.9,0.0005,cuda,False,True,8,60,1159,-0.2230667769908905
fixed_random,1,results_v3_main,results_v3_main,small_cnn,sgd,10,128,20000,0.05,0.9,0.0005,cuda,False,True,8,61,1160,-0.22186172008514404
fixed_random,1,results_v3_main,results_v3_main,small_cnn,sgd,10,128,20000,0.05,0.9,0.0005,cuda,False,True,8,62,1161,0.35356736183166504
fixed_random,1,results_v3_main,results_v3_main,small_cnn,sgd,10,128,20000,0.05,0.9,0.0005,cuda,False,True,8,63,1162,0.014285188168287277
fixed_random,1,results_v3_main,results_v3_main,small_cnn,sgd,10,128,20000,0.05,0.9,0.0005,cuda,False,True,8,64,1163,0.09082770347595215
fixed_random,1,results_v3_main,results_v3_main,small_cnn,sgd,10,128,20000,0.05,0.9,0.0005,cuda,False,True,8,65,1164,0.17286202311515808
fixed_random,1,results_v3_main,results_v3_main,small_cnn,sgd,10,128,20000,0.05,0.9,0.0005,cuda,False,True,8,66,1165,0.12239739298820496
fixed_random,1,results_v3_main,results_v3_main,small_cnn,sgd,10,128,20000,0.05,0.9,0.0005,cuda,False,True,8,67,1166,0.13106583058834076
fixed_random,1,results_v3_main,results_v3_main,small_cnn,sgd,10,128,20000,0.05,0.9,0.0005,cuda,False,True,8,68,1167,-0.0016644960269331932
fixed_random,1,results_v3_main,results_v3_main,small_cnn,sgd,10,128,20000,0.05,0.9,0.0005,cuda,False,True,8,69,1168,0.2601254880428314
fixed_random,1,results_v3_main,results_v3_main,small_cnn,sgd,10,128,20000,0.05,0.9,0.0005,cuda,False,True,8,70,1169,0.1683044284582138
fixed_random,1,results_v3_main,results_v3_main,small_cnn,sgd,10,128,20000,0.05,0.9,0.0005,cuda,False,True,8,71,1170,0.356151819229126
fixed_random,1,results_v3_main,results_v3_main,small_cnn,sgd,10,128,20000,0.05,0.9,0.0005,cuda,False,True,8,72,1171,-0.07459939271211624
fixed_random,1,results_v3_main,results_v3_main,small_cnn,sgd,10,128,20000,0.05,0.9,0.0005,cuda,False,True,8,73,1172,0.3039514124393463
fixed_random,1,results_v3_main,results_v3_main,small_cnn,sgd,10,128,20000,0.05,0.9,0.0005,cuda,False,True,8,74,1173,0.2538771331310272
fixed_random,1,results_v3_main,results_v3_main,small_cnn,sgd,10,128,20000,0.05,0.9,0.0005,cuda,False,True,8,75,1174,-0.20182719826698303
fixed_random,1,results_v3_main,results_v3_main,small_cnn,sgd,10,128,20000,0.05,0.9,0.0005,cuda,False,True,8,76,1175,0.22175860404968262
fixed_random,1,results_v3_main,results_v3_main,small_cnn,sgd,10,128,20000,0.05,0.9,0.0005,cuda,False,True,8,77,1176,-0.12492048740386963
fixed_random,1,results_v3_main,results_v3_main,small_cnn,sgd,10,128,20000,0.05,0.9,0.0005,cuda,False,True,8,78,1177,0.04689757898449898
fixed_random,1,results_v3_main,results_v3_main,small_cnn,sgd,10,128,20000,0.05,0.9,0.0005,cuda,False,True,8,79,1178,0.23787429928779602
fixed_random,1,results_v3_main,results_v3_main,small_cnn,sgd,10,128,20000,0.05,0.9,0.0005,cuda,False,True,8,80,1179,-0.01227308064699173
fixed_random,1,results_v3_main,results_v3_main,small_cnn,sgd,10,128,20000,0.05,0.9,0.0005,cuda,False,True,8,81,1180,0.3753950595855713
fixed_random,1,results_v3_main,results_v3_main,small_cnn,sgd,10,128,20000,0.05,0.9,0.0005,cuda,False,True,8,82,1181,0.547581672668457
fixed_random,1,results_v3_main,results_v3_main,small_cnn,sgd,10,128,20000,0.05,0.9,0.0005,cuda,False,True,8,83,1182,-0.23222395777702332
fixed_random,1,results_v3_main,results_v3_main,small_cnn,sgd,10,128,20000,0.05,0.9,0.0005,cuda,False,True,8,84,1183,0.3862481117248535
fixed_random,1,results_v3_main,results_v3_main,small_cnn,sgd,10,128,20000,0.05,0.9,0.0005,cuda,False,True,8,85,1184,0.12613290548324585
fixed_random,1,results_v3_main,results_v3_main,small_cnn,sgd,10,128,20000,0.05,0.9,0.0005,cuda,False,True,8,86,1185,-0.018973518162965775
fixed_random,1,results_v3_main,results_v3_main,small_cnn,sgd,10,128,20000,0.05,0.9,0.0005,cuda,False,True,8,87,1186,0.19114094972610474
fixed_random,1,results_v3_main,results_v3_main,small_cnn,sgd,10,128,20000,0.05,0.9,0.0005,cuda,False,True,8,88,1187,0.07040519267320633
fixed_random,1,results_v3_main,results_v3_main,small_cnn,sgd,10,128,20000,0.05,0.9,0.0005,cuda,False,True,8,89,1188,0.03147066384553909
fixed_random,1,results_v3_main,results_v3_main,small_cnn,sgd,10,128,20000,0.05,0.9,0.0005,cuda,False,True,8,90,1189,0.010252823121845722
fixed_random,1,results_v3_main,results_v3_main,small_cnn,sgd,10,128,20000,0.05,0.9,0.0005,cuda,False,True,8,91,1190,0.2621075510978699
fixed_random,1,results_v3_main,results_v3_main,small_cnn,sgd,10,128,20000,0.05,0.9,0.0005,cuda,False,True,8,92,1191,-0.08513329923152924
fixed_random,1,results_v3_main,results_v3_main,small_cnn,sgd,10,128,20000,0.05,0.9,0.0005,cuda,False,True,8,93,1192,0.1785358339548111
fixed_random,1,results_v3_main,results_v3_main,small_cnn,sgd,10,128,20000,0.05,0.9,0.0005,cuda,False,True,8,94,1193,0.18905611336231232
fixed_random,1,results_v3_main,results_v3_main,small_cnn,sgd,10,128,20000,0.05,0.9,0.0005,cuda,False,True,8,95,1194,0.42578449845314026
fixed_random,1,results_v3_main,results_v3_main,small_cnn,sgd,10,128,20000,0.05,0.9,0.0005,cuda,False,True,8,96,1195,0.25275978446006775
fixed_random,1,results_v3_main,results_v3_main,small_cnn,sgd,10,128,20000,0.05,0.9,0.0005,cuda,False,True,8,97,1196,0.1282029002904892
fixed_random,1,results_v3_main,results_v3_main,small_cnn,sgd,10,128,20000,0.05,0.9,0.0005,cuda,False,True,8,98,1197,0.3342014253139496
fixed_random,1,results_v3_main,results_v3_main,small_cnn,sgd,10,128,20000,0.05,0.9,0.0005,cuda,False,True,8,99,1198,0.15294939279556274
fixed_random,1,results_v3_main,results_v3_main,small_cnn,sgd,10,128,20000,0.05,0.9,0.0005,cuda,False,True,8,100,1199,0.2101747691631317
fixed_random,1,results_v3_main,results_v3_main,small_cnn,sgd,10,128,20000,0.05,0.9,0.0005,cuda,False,True,8,101,1200,-0.19377939403057098
fixed_random,1,results_v3_main,results_v3_main,small_cnn,sgd,10,128,20000,0.05,0.9,0.0005,cuda,False,True,8,102,1201,0.45176029205322266
fixed_random,1,results_v3_main,results_v3_main,small_cnn,sgd,10,128,20000,0.05,0.9,0.0005,cuda,False,True,8,103,1202,0.12740887701511383
fixed_random,1,results_v3_main,results_v3_main,small_cnn,sgd,10,128,20000,0.05,0.9,0.0005,cuda,False,True,8,104,1203,0.2735917270183563
fixed_random,1,results_v3_main,results_v3_main,small_cnn,sgd,10,128,20000,0.05,0.9,0.0005,cuda,False,True,8,105,1204,0.22702766954898834
fixed_random,1,results_v3_main,results_v3_main,small_cnn,sgd,10,128,20000,0.05,0.9,0.0005,cuda,False,True,8,106,1205,-0.05568161606788635
fixed_random,1,results_v3_main,results_v3_main,small_cnn,sgd,10,128,20000,0.05,0.9,0.0005,cuda,False,True,8,107,1206,0.04189974069595337
fixed_random,1,results_v3_main,results_v3_main,small_cnn,sgd,10,128,20000,0.05,0.9,0.0005,cuda,False,True,8,108,1207,-0.1519632339477539
fixed_random,1,results_v3_main,results_v3_main,small_cnn,sgd,10,128,20000,0.05,0.9,0.0005,cuda,False,True,8,109,1208,0.0010741343721747398
fixed_random,1,results_v3_main,results_v3_main,small_cnn,sgd,10,128,20000,0.05,0.9,0.0005,cuda,False,True,8,110,1209,-0.06301257759332657
fixed_random,1,results_v3_main,results_v3_main,small_cnn,sgd,10,128,20000,0.05,0.9,0.0005,cuda,False,True,8,111,1210,0.1516578495502472
fixed_random,1,results_v3_main,results_v3_main,small_cnn,sgd,10,128,20000,0.05,0.9,0.0005,cuda,False,True,8,112,1211,0.25162631273269653
fixed_random,1,results_v3_main,results_v3_main,small_cnn,sgd,10,128,20000,0.05,0.9,0.0005,cuda,False,True,8,113,1212,-0.026696141809225082
fixed_random,1,results_v3_main,results_v3_main,small_cnn,sgd,10,128,20000,0.05,0.9,0.0005,cuda,False,True,8,114,1213,-0.17785342037677765
fixed_random,1,results_v3_main,results_v3_main,small_cnn,sgd,10,128,20000,0.05,0.9,0.0005,cuda,False,True,8,115,1214,0.37246793508529663
fixed_random,1,results_v3_main,results_v3_main,small_cnn,sgd,10,128,20000,0.05,0.9,0.0005,cuda,False,True,8,116,1215,0.21000775694847107
fixed_random,1,results_v3_main,results_v3_main,small_cnn,sgd,10,128,20000,0.05,0.9,0.0005,cuda,False,True,8,117,1216,0.3049897253513336
fixed_random,1,results_v3_main,results_v3_main,small_cnn,sgd,10,128,20000,0.05,0.9,0.0005,cuda,False,True,8,118,1217,0.12489800155162811
fixed_random,1,results_v3_main,results_v3_main,small_cnn,sgd,10,128,20000,0.05,0.9,0.0005,cuda,False,True,8,119,1218,0.056420229375362396
fixed_random,1,results_v3_main,results_v3_main,small_cnn,sgd,10,128,20000,0.05,0.9,0.0005,cuda,False,True,8,120,1219,0.2783781886100769
fixed_random,1,results_v3_main,results_v3_main,small_cnn,sgd,10,128,20000,0.05,0.9,0.0005,cuda,False,True,8,121,1220,-0.12903420627117157
fixed_random,1,results_v3_main,results_v3_main,small_cnn,sgd,10,128,20000,0.05,0.9,0.0005,cuda,False,True,8,122,1221,0.39709919691085815
fixed_random,1,results_v3_main,results_v3_main,small_cnn,sgd,10,128,20000,0.05,0.9,0.0005,cuda,False,True,8,123,1222,0.2688020169734955
fixed_random,1,results_v3_main,results_v3_main,small_cnn,sgd,10,128,20000,0.05,0.9,0.0005,cuda,False,True,8,124,1223,0.22014185786247253
fixed_random,1,results_v3_main,results_v3_main,small_cnn,sgd,10,128,20000,0.05,0.9,0.0005,cuda,False,True,8,125,1224,0.300186425447464
fixed_random,1,results_v3_main,results_v3_main,small_cnn,sgd,10,128,20000,0.05,0.9,0.0005,cuda,False,True,8,126,1225,0.28379026055336
fixed_random,1,results_v3_main,results_v3_main,small_cnn,sgd,10,128,20000,0.05,0.9,0.0005,cuda,False,True,8,127,1226,-0.28275349736213684
fixed_random,1,results_v3_main,results_v3_main,small_cnn,sgd,10,128,20000,0.05,0.9,0.0005,cuda,False,True,8,128,1227,0.24076607823371887
fixed_random,1,results_v3_main,results_v3_main,small_cnn,sgd,10,128,20000,0.05,0.9,0.0005,cuda,False,True,8,129,1228,0.22762268781661987
fixed_random,1,results_v3_main,results_v3_main,small_cnn,sgd,10,128,20000,0.05,0.9,0.0005,cuda,False,True,8,130,1229,0.10939237475395203
fixed_random,1,results_v3_main,results_v3_main,small_cnn,sgd,10,128,20000,0.05,0.9,0.0005,cuda,False,True,8,131,1230,0.1008199155330658
fixed_random,1,results_v3_main,results_v3_main,small_cnn,sgd,10,128,20000,0.05,0.9,0.0005,cuda,False,True,8,132,1231,0.061989132314920425
fixed_random,1,results_v3_main,results_v3_main,small_cnn,sgd,10,128,20000,0.05,0.9,0.0005,cuda,False,True,8,133,1232,0.31041383743286133
fixed_random,1,results_v3_main,results_v3_main,small_cnn,sgd,10,128,20000,0.05,0.9,0.0005,cuda,False,True,8,134,1233,-0.11770197004079819
fixed_random,1,results_v3_main,results_v3_main,small_cnn,sgd,10,128,20000,0.05,0.9,0.0005,cuda,False,True,8,135,1234,-0.08839503675699234
fixed_random,1,results_v3_main,results_v3_main,small_cnn,sgd,10,128,20000,0.05,0.9,0.0005,cuda,False,True,8,136,1235,-0.026969939470291138
fixed_random,1,results_v3_main,results_v3_main,small_cnn,sgd,10,128,20000,0.05,0.9,0.0005,cuda,False,True,8,137,1236,-0.09172526001930237
fixed_random,1,results_v3_main,results_v3_main,small_cnn,sgd,10,128,20000,0.05,0.9,0.0005,cuda,False,True,8,138,1237,0.25527453422546387
fixed_random,1,results_v3_main,results_v3_main,small_cnn,sgd,10,128,20000,0.05,0.9,0.0005,cuda,False,True,8,139,1238,-0.004177123308181763
fixed_random,1,results_v3_main,results_v3_main,small_cnn,sgd,10,128,20000,0.05,0.9,0.0005,cuda,False,True,8,140,1239,0.10890336334705353
fixed_random,1,results_v3_main,results_v3_main,small_cnn,sgd,10,128,20000,0.05,0.9,0.0005,cuda,False,True,8,141,1240,0.10755468159914017
fixed_random,1,results_v3_main,results_v3_main,small_cnn,sgd,10,128,20000,0.05,0.9,0.0005,cuda,False,True,8,142,1241,0.26857879757881165
fixed_random,1,results_v3_main,results_v3_main,small_cnn,sgd,10,128,20000,0.05,0.9,0.0005,cuda,False,True,8,143,1242,0.14374355971813202
fixed_random,1,results_v3_main,results_v3_main,small_cnn,sgd,10,128,20000,0.05,0.9,0.0005,cuda,False,True,8,144,1243,0.33027297258377075
fixed_random,1,results_v3_main,results_v3_main,small_cnn,sgd,10,128,20000,0.05,0.9,0.0005,cuda,False,True,8,145,1244,0.4847697913646698
fixed_random,1,results_v3_main,results_v3_main,small_cnn,sgd,10,128,20000,0.05,0.9,0.0005,cuda,False,True,8,146,1245,0.0047204564325511456
fixed_random,1,results_v3_main,results_v3_main,small_cnn,sgd,10,128,20000,0.05,0.9,0.0005,cuda,False,True,8,147,1246,0.22518394887447357
fixed_random,1,results_v3_main,results_v3_main,small_cnn,sgd,10,128,20000,0.05,0.9,0.0005,cuda,False,True,8,148,1247,0.4729868471622467
fixed_random,1,results_v3_main,results_v3_main,small_cnn,sgd,10,128,20000,0.05,0.9,0.0005,cuda,False,True,8,149,1248,0.31620660424232483
fixed_random,1,results_v3_main,results_v3_main,small_cnn,sgd,10,128,20000,0.05,0.9,0.0005,cuda,False,True,8,150,1249,0.2012162208557129
fixed_random,1,results_v3_main,results_v3_main,small_cnn,sgd,10,128,20000,0.05,0.9,0.0005,cuda,False,True,8,151,1250,0.3134791851043701
fixed_random,1,results_v3_main,results_v3_main,small_cnn,sgd,10,128,20000,0.05,0.9,0.0005,cuda,False,True,8,152,1251,0.07960638403892517
fixed_random,1,results_v3_main,results_v3_main,small_cnn,sgd,10,128,20000,0.05,0.9,0.0005,cuda,False,True,8,153,1252,0.21573114395141602
fixed_random,1,results_v3_main,results_v3_main,small_cnn,sgd,10,128,20000,0.05,0.9,0.0005,cuda,False,True,8,154,1253,0.1953769028186798
fixed_random,1,results_v3_main,results_v3_main,small_cnn,sgd,10,128,20000,0.05,0.9,0.0005,cuda,False,True,8,155,1254,0.34141868352890015
fixed_random,1,results_v3_main,results_v3_main,small_cnn,sgd,10,128,20000,0.05,0.9,0.0005,cuda,False,True,8,156,1255,0.46034321188926697
fixed_random,1,results_v3_main,results_v3_main,small_cnn,sgd,10,128,20000,0.05,0.9,0.0005,cuda,False,True,8,157,1256,0.06582581251859665
fixed_random,1,results_v3_main,results_v3_main,small_cnn,sgd,10,128,20000,0.05,0.9,0.0005,cuda,False,True,9,1,1257,0.1640450656414032
fixed_random,1,results_v3_main,results_v3_main,small_cnn,sgd,10,128,20000,0.05,0.9,0.0005,cuda,False,True,9,2,1258,0.514825701713562
fixed_random,1,results_v3_main,results_v3_main,small_cnn,sgd,10,128,20000,0.05,0.9,0.0005,cuda,False,True,9,3,1259,0.17774754762649536
fixed_random,1,results_v3_main,results_v3_main,small_cnn,sgd,10,128,20000,0.05,0.9,0.0005,cuda,False,True,9,4,1260,0.44602644443511963
fixed_random,1,results_v3_main,results_v3_main,small_cnn,sgd,10,128,20000,0.05,0.9,0.0005,cuda,False,True,9,5,1261,0.04441028833389282
fixed_random,1,results_v3_main,results_v3_main,small_cnn,sgd,10,128,20000,0.05,0.9,0.0005,cuda,False,True,9,6,1262,0.286211222410202
fixed_random,1,results_v3_main,results_v3_main,small_cnn,sgd,10,128,20000,0.05,0.9,0.0005,cuda,False,True,9,7,1263,0.13435739278793335
fixed_random,1,results_v3_main,results_v3_main,small_cnn,sgd,10,128,20000,0.05,0.9,0.0005,cuda,False,True,9,8,1264,0.16110944747924805
fixed_random,1,results_v3_main,results_v3_main,small_cnn,sgd,10,128,20000,0.05,0.9,0.0005,cuda,False,True,9,9,1265,0.07255462557077408
fixed_random,1,results_v3_main,results_v3_main,small_cnn,sgd,10,128,20000,0.05,0.9,0.0005,cuda,False,True,9,10,1266,-0.12644465267658234
fixed_random,1,results_v3_main,results_v3_main,small_cnn,sgd,10,128,20000,0.05,0.9,0.0005,cuda,False,True,9,11,1267,-0.08854923397302628
fixed_random,1,results_v3_main,results_v3_main,small_cnn,sgd,10,128,20000,0.05,0.9,0.0005,cuda,False,True,9,12,1268,0.15307404100894928
fixed_random,1,results_v3_main,results_v3_main,small_cnn,sgd,10,128,20000,0.05,0.9,0.0005,cuda,False,True,9,13,1269,0.07678164541721344
fixed_random,1,results_v3_main,results_v3_main,small_cnn,sgd,10,128,20000,0.05,0.9,0.0005,cuda,False,True,9,14,1270,0.26825156807899475
fixed_random,1,results_v3_main,results_v3_main,small_cnn,sgd,10,128,20000,0.05,0.9,0.0005,cuda,False,True,9,15,1271,0.39761030673980713
fixed_random,1,results_v3_main,results_v3_main,small_cnn,sgd,10,128,20000,0.05,0.9,0.0005,cuda,False,True,9,16,1272,-0.035436809062957764
fixed_random,1,results_v3_main,results_v3_main,small_cnn,sgd,10,128,20000,0.05,0.9,0.0005,cuda,False,True,9,17,1273,0.03779017925262451
fixed_random,1,results_v3_main,results_v3_main,small_cnn,sgd,10,128,20000,0.05,0.9,0.0005,cuda,False,True,9,18,1274,0.3451682925224304
fixed_random,1,results_v3_main,results_v3_main,small_cnn,sgd,10,128,20000,0.05,0.9,0.0005,cuda,False,True,9,19,1275,0.1251811981201172
fixed_random,1,results_v3_main,results_v3_main,small_cnn,sgd,10,128,20000,0.05,0.9,0.0005,cuda,False,True,9,20,1276,0.33143824338912964
fixed_random,1,results_v3_main,results_v3_main,small_cnn,sgd,10,128,20000,0.05,0.9,0.0005,cuda,False,True,9,21,1277,0.2681090235710144
fixed_random,1,results_v3_main,results_v3_main,small_cnn,sgd,10,128,20000,0.05,0.9,0.0005,cuda,False,True,9,22,1278,-0.20397526025772095
fixed_random,1,results_v3_main,results_v3_main,small_cnn,sgd,10,128,20000,0.05,0.9,0.0005,cuda,False,True,9,23,1279,0.28886449337005615
fixed_random,1,results_v3_main,results_v3_main,small_cnn,sgd,10,128,20000,0.05,0.9,0.0005,cuda,False,True,9,24,1280,0.33950895071029663
fixed_random,1,results_v3_main,results_v3_main,small_cnn,sgd,10,128,20000,0.05,0.9,0.0005,cuda,False,True,9,25,1281,0.5162041187286377
fixed_random,1,results_v3_main,results_v3_main,small_cnn,sgd,10,128,20000,0.05,0.9,0.0005,cuda,False,True,9,26,1282,0.3738883435726166
fixed_random,1,results_v3_main,results_v3_main,small_cnn,sgd,10,128,20000,0.05,0.9,0.0005,cuda,False,True,9,27,1283,-0.3709685206413269
fixed_random,1,results_v3_main,results_v3_main,small_cnn,sgd,10,128,20000,0.05,0.9,0.0005,cuda,False,True,9,28,1284,0.4745832085609436
fixed_random,1,results_v3_main,results_v3_main,small_cnn,sgd,10,128,20000,0.05,0.9,0.0005,cuda,False,True,9,29,1285,0.2267945408821106
fixed_random,1,results_v3_main,results_v3_main,small_cnn,sgd,10,128,20000,0.05,0.9,0.0005,cuda,False,True,9,30,1286,0.2078677862882614
fixed_random,1,results_v3_main,results_v3_main,small_cnn,sgd,10,128,20000,0.05,0.9,0.0005,cuda,False,True,9,31,1287,0.4093831181526184
fixed_random,1,results_v3_main,results_v3_main,small_cnn,sgd,10,128,20000,0.05,0.9,0.0005,cuda,False,True,9,32,1288,0.19436100125312805
fixed_random,1,results_v3_main,results_v3_main,small_cnn,sgd,10,128,20000,0.05,0.9,0.0005,cuda,False,True,9,33,1289,0.33990445733070374
fixed_random,1,results_v3_main,results_v3_main,small_cnn,sgd,10,128,20000,0.05,0.9,0.0005,cuda,False,True,9,34,1290,0.2357138842344284
fixed_random,1,results_v3_main,results_v3_main,small_cnn,sgd,10,128,20000,0.05,0.9,0.0005,cuda,False,True,9,35,1291,0.1504063606262207
fixed_random,1,results_v3_main,results_v3_main,small_cnn,sgd,10,128,20000,0.05,0.9,0.0005,cuda,False,True,9,36,1292,0.15623264014720917
fixed_random,1,results_v3_main,results_v3_main,small_cnn,sgd,10,128,20000,0.05,0.9,0.0005,cuda,False,True,9,37,1293,0.20584148168563843
fixed_random,1,results_v3_main,results_v3_main,small_cnn,sgd,10,128,20000,0.05,0.9,0.0005,cuda,False,True,9,38,1294,0.38509076833724976
fixed_random,1,results_v3_main,results_v3_main,small_cnn,sgd,10,128,20000,0.05,0.9,0.0005,cuda,False,True,9,39,1295,0.2557184100151062
fixed_random,1,results_v3_main,results_v3_main,small_cnn,sgd,10,128,20000,0.05,0.9,0.0005,cuda,False,True,9,40,1296,0.4637424945831299
fixed_random,1,results_v3_main,results_v3_main,small_cnn,sgd,10,128,20000,0.05,0.9,0.0005,cuda,False,True,9,41,1297,0.013787539675831795
fixed_random,1,results_v3_main,results_v3_main,small_cnn,sgd,10,128,20000,0.05,0.9,0.0005,cuda,False,True,9,42,1298,0.06264009326696396
fixed_random,1,results_v3_main,results_v3_main,small_cnn,sgd,10,128,20000,0.05,0.9,0.0005,cuda,False,True,9,43,1299,0.25087493658065796
fixed_random,1,results_v3_main,results_v3_main,small_cnn,sgd,10,128,20000,0.05,0.9,0.0005,cuda,False,True,9,44,1300,0.5292717814445496
fixed_random,1,results_v3_main,results_v3_main,small_cnn,sgd,10,128,20000,0.05,0.9,0.0005,cuda,False,True,9,45,1301,0.29058638215065
fixed_random,1,results_v3_main,results_v3_main,small_cnn,sgd,10,128,20000,0.05,0.9,0.0005,cuda,False,True,9,46,1302,-0.11183521896600723
fixed_random,1,results_v3_main,results_v3_main,small_cnn,sgd,10,128,20000,0.05,0.9,0.0005,cuda,False,True,9,47,1303,0.5359238982200623
fixed_random,1,results_v3_main,results_v3_main,small_cnn,sgd,10,128,20000,0.05,0.9,0.0005,cuda,False,True,9,48,1304,0.11483798921108246
fixed_random,1,results_v3_main,results_v3_main,small_cnn,sgd,10,128,20000,0.05,0.9,0.0005,cuda,False,True,9,49,1305,-0.033834245055913925
fixed_random,1,results_v3_main,results_v3_main,small_cnn,sgd,10,128,20000,0.05,0.9,0.0005,cuda,False,True,9,50,1306,0.2584005892276764
fixed_random,1,results_v3_main,results_v3_main,small_cnn,sgd,10,128,20000,0.05,0.9,0.0005,cuda,False,True,9,51,1307,0.10548678040504456
fixed_random,1,results_v3_main,results_v3_main,small_cnn,sgd,10,128,20000,0.05,0.9,0.0005,cuda,False,True,9,52,1308,0.07940859347581863
fixed_random,1,results_v3_main,results_v3_main,small_cnn,sgd,10,128,20000,0.05,0.9,0.0005,cuda,False,True,9,53,1309,-0.13459312915802002
fixed_random,1,results_v3_main,results_v3_main,small_cnn,sgd,10,128,20000,0.05,0.9,0.0005,cuda,False,True,9,54,1310,0.28380686044692993
fixed_random,1,results_v3_main,results_v3_main,small_cnn,sgd,10,128,20000,0.05,0.9,0.0005,cuda,False,True,9,55,1311,0.2756221890449524
fixed_random,1,results_v3_main,results_v3_main,small_cnn,sgd,10,128,20000,0.05,0.9,0.0005,cuda,False,True,9,56,1312,0.11210930347442627
fixed_random,1,results_v3_main,results_v3_main,small_cnn,sgd,10,128,20000,0.05,0.9,0.0005,cuda,False,True,9,57,1313,0.36479225754737854
fixed_random,1,results_v3_main,results_v3_main,small_cnn,sgd,10,128,20000,0.05,0.9,0.0005,cuda,False,True,9,58,1314,-0.13342416286468506
fixed_random,1,results_v3_main,results_v3_main,small_cnn,sgd,10,128,20000,0.05,0.9,0.0005,cuda,False,True,9,59,1315,-0.036473143845796585
fixed_random,1,results_v3_main,results_v3_main,small_cnn,sgd,10,128,20000,0.05,0.9,0.0005,cuda,False,True,9,60,1316,0.09121306240558624
fixed_random,1,results_v3_main,results_v3_main,small_cnn,sgd,10,128,20000,0.05,0.9,0.0005,cuda,False,True,9,61,1317,-0.21550320088863373
fixed_random,1,results_v3_main,results_v3_main,small_cnn,sgd,10,128,20000,0.05,0.9,0.0005,cuda,False,True,9,62,1318,0.24428918957710266
fixed_random,1,results_v3_main,results_v3_main,small_cnn,sgd,10,128,20000,0.05,0.9,0.0005,cuda,False,True,9,63,1319,0.26186224818229675
fixed_random,1,results_v3_main,results_v3_main,small_cnn,sgd,10,128,20000,0.05,0.9,0.0005,cuda,False,True,9,64,1320,0.10893504321575165
fixed_random,1,results_v3_main,results_v3_main,small_cnn,sgd,10,128,20000,0.05,0.9,0.0005,cuda,False,True,9,65,1321,0.021949809044599533
fixed_random,1,results_v3_main,results_v3_main,small_cnn,sgd,10,128,20000,0.05,0.9,0.0005,cuda,False,True,9,66,1322,0.2518748342990875
fixed_random,1,results_v3_main,results_v3_main,small_cnn,sgd,10,128,20000,0.05,0.9,0.0005,cuda,False,True,9,67,1323,0.13749736547470093
fixed_random,1,results_v3_main,results_v3_main,small_cnn,sgd,10,128,20000,0.05,0.9,0.0005,cuda,False,True,9,68,1324,0.06220359727740288
fixed_random,1,results_v3_main,results_v3_main,small_cnn,sgd,10,128,20000,0.05,0.9,0.0005,cuda,False,True,9,69,1325,0.2941923141479492
fixed_random,1,results_v3_main,results_v3_main,small_cnn,sgd,10,128,20000,0.05,0.9,0.0005,cuda,False,True,9,70,1326,0.23840367794036865
fixed_random,1,results_v3_main,results_v3_main,small_cnn,sgd,10,128,20000,0.05,0.9,0.0005,cuda,False,True,9,71,1327,0.3156279921531677
fixed_random,1,results_v3_main,results_v3_main,small_cnn,sgd,10,128,20000,0.05,0.9,0.0005,cuda,False,True,9,72,1328,-0.03161948546767235
fixed_random,1,results_v3_main,results_v3_main,small_cnn,sgd,10,128,20000,0.05,0.9,0.0005,cuda,False,True,9,73,1329,0.17941778898239136
fixed_random,1,results_v3_main,results_v3_main,small_cnn,sgd,10,128,20000,0.05,0.9,0.0005,cuda,False,True,9,74,1330,0.27958184480667114
fixed_random,1,results_v3_main,results_v3_main,small_cnn,sgd,10,128,20000,0.05,0.9,0.0005,cuda,False,True,9,75,1331,0.11935899406671524
fixed_random,1,results_v3_main,results_v3_main,small_cnn,sgd,10,128,20000,0.05,0.9,0.0005,cuda,False,True,9,76,1332,0.09316542744636536
fixed_random,1,results_v3_main,results_v3_main,small_cnn,sgd,10,128,20000,0.05,0.9,0.0005,cuda,False,True,9,77,1333,0.03635895997285843
fixed_random,1,results_v3_main,results_v3_main,small_cnn,sgd,10,128,20000,0.05,0.9,0.0005,cuda,False,True,9,78,1334,0.1956651657819748
fixed_random,1,results_v3_main,results_v3_main,small_cnn,sgd,10,128,20000,0.05,0.9,0.0005,cuda,False,True,9,79,1335,0.1821490228176117
fixed_random,1,results_v3_main,results_v3_main,small_cnn,sgd,10,128,20000,0.05,0.9,0.0005,cuda,False,True,9,80,1336,-0.08477752655744553
fixed_random,1,results_v3_main,results_v3_main,small_cnn,sgd,10,128,20000,0.05,0.9,0.0005,cuda,False,True,9,81,1337,0.3517756760120392
fixed_random,1,results_v3_main,results_v3_main,small_cnn,sgd,10,128,20000,0.05,0.9,0.0005,cuda,False,True,9,82,1338,0.38771623373031616
fixed_random,1,results_v3_main,results_v3_main,small_cnn,sgd,10,128,20000,0.05,0.9,0.0005,cuda,False,True,9,83,1339,0.23556241393089294
fixed_random,1,results_v3_main,results_v3_main,small_cnn,sgd,10,128,20000,0.05,0.9,0.0005,cuda,False,True,9,84,1340,-0.05560813099145889
fixed_random,1,results_v3_main,results_v3_main,small_cnn,sgd,10,128,20000,0.05,0.9,0.0005,cuda,False,True,9,85,1341,0.34042102098464966
fixed_random,1,results_v3_main,results_v3_main,small_cnn,sgd,10,128,20000,0.05,0.9,0.0005,cuda,False,True,9,86,1342,-0.1303521692752838
fixed_random,1,results_v3_main,results_v3_main,small_cnn,sgd,10,128,20000,0.05,0.9,0.0005,cuda,False,True,9,87,1343,0.45734405517578125
fixed_random,1,results_v3_main,results_v3_main,small_cnn,sgd,10,128,20000,0.05,0.9,0.0005,cuda,False,True,9,88,1344,0.06973357498645782
fixed_random,1,results_v3_main,results_v3_main,small_cnn,sgd,10,128,20000,0.05,0.9,0.0005,cuda,False,True,9,89,1345,0.14982186257839203
fixed_random,1,results_v3_main,results_v3_main,small_cnn,sgd,10,128,20000,0.05,0.9,0.0005,cuda,False,True,9,90,1346,0.41794803738594055
fixed_random,1,results_v3_main,results_v3_main,small_cnn,sgd,10,128,20000,0.05,0.9,0.0005,cuda,False,True,9,91,1347,0.45577970147132874
fixed_random,1,results_v3_main,results_v3_main,small_cnn,sgd,10,128,20000,0.05,0.9,0.0005,cuda,False,True,9,92,1348,-0.03235996514558792
fixed_random,1,results_v3_main,results_v3_main,small_cnn,sgd,10,128,20000,0.05,0.9,0.0005,cuda,False,True,9,93,1349,-0.03320860490202904
fixed_random,1,results_v3_main,results_v3_main,small_cnn,sgd,10,128,20000,0.05,0.9,0.0005,cuda,False,True,9,94,1350,0.40975379943847656
fixed_random,1,results_v3_main,results_v3_main,small_cnn,sgd,10,128,20000,0.05,0.9,0.0005,cuda,False,True,9,95,1351,0.355316698551178
fixed_random,1,results_v3_main,results_v3_main,small_cnn,sgd,10,128,20000,0.05,0.9,0.0005,cuda,False,True,9,96,1352,0.42037853598594666
fixed_random,1,results_v3_main,results_v3_main,small_cnn,sgd,10,128,20000,0.05,0.9,0.0005,cuda,False,True,9,97,1353,0.18981751799583435
fixed_random,1,results_v3_main,results_v3_main,small_cnn,sgd,10,128,20000,0.05,0.9,0.0005,cuda,False,True,9,98,1354,0.19211912155151367
fixed_random,1,results_v3_main,results_v3_main,small_cnn,sgd,10,128,20000,0.05,0.9,0.0005,cuda,False,True,9,99,1355,-0.009161479771137238
fixed_random,1,results_v3_main,results_v3_main,small_cnn,sgd,10,128,20000,0.05,0.9,0.0005,cuda,False,True,9,100,1356,0.14212501049041748
fixed_random,1,results_v3_main,results_v3_main,small_cnn,sgd,10,128,20000,0.05,0.9,0.0005,cuda,False,True,9,101,1357,0.22791223227977753
fixed_random,1,results_v3_main,results_v3_main,small_cnn,sgd,10,128,20000,0.05,0.9,0.0005,cuda,False,True,9,102,1358,0.09222698211669922
fixed_random,1,results_v3_main,results_v3_main,small_cnn,sgd,10,128,20000,0.05,0.9,0.0005,cuda,False,True,9,103,1359,0.343428373336792
fixed_random,1,results_v3_main,results_v3_main,small_cnn,sgd,10,128,20000,0.05,0.9,0.0005,cuda,False,True,9,104,1360,0.08717095851898193
fixed_random,1,results_v3_main,results_v3_main,small_cnn,sgd,10,128,20000,0.05,0.9,0.0005,cuda,False,True,9,105,1361,0.03089226223528385
fixed_random,1,results_v3_main,results_v3_main,small_cnn,sgd,10,128,20000,0.05,0.9,0.0005,cuda,False,True,9,106,1362,0.005464908201247454
fixed_random,1,results_v3_main,results_v3_main,small_cnn,sgd,10,128,20000,0.05,0.9,0.0005,cuda,False,True,9,107,1363,-0.040434446185827255
fixed_random,1,results_v3_main,results_v3_main,small_cnn,sgd,10,128,20000,0.05,0.9,0.0005,cuda,False,True,9,108,1364,0.23259010910987854
fixed_random,1,results_v3_main,results_v3_main,small_cnn,sgd,10,128,20000,0.05,0.9,0.0005,cuda,False,True,9,109,1365,0.22133280336856842
fixed_random,1,results_v3_main,results_v3_main,small_cnn,sgd,10,128,20000,0.05,0.9,0.0005,cuda,False,True,9,110,1366,-0.13179229199886322
fixed_random,1,results_v3_main,results_v3_main,small_cnn,sgd,10,128,20000,0.05,0.9,0.0005,cuda,False,True,9,111,1367,0.19490692019462585
fixed_random,1,results_v3_main,results_v3_main,small_cnn,sgd,10,128,20000,0.05,0.9,0.0005,cuda,False,True,9,112,1368,0.2620961368083954
fixed_random,1,results_v3_main,results_v3_main,small_cnn,sgd,10,128,20000,0.05,0.9,0.0005,cuda,False,True,9,113,1369,0.09267903864383698
fixed_random,1,results_v3_main,results_v3_main,small_cnn,sgd,10,128,20000,0.05,0.9,0.0005,cuda,False,True,9,114,1370,-0.17427588999271393
fixed_random,1,results_v3_main,results_v3_main,small_cnn,sgd,10,128,20000,0.05,0.9,0.0005,cuda,False,True,9,115,1371,0.2543262541294098
fixed_random,1,results_v3_main,results_v3_main,small_cnn,sgd,10,128,20000,0.05,0.9,0.0005,cuda,False,True,9,116,1372,0.04927247390151024
fixed_random,1,results_v3_main,results_v3_main,small_cnn,sgd,10,128,20000,0.05,0.9,0.0005,cuda,False,True,9,117,1373,0.24563436210155487
fixed_random,1,results_v3_main,results_v3_main,small_cnn,sgd,10,128,20000,0.05,0.9,0.0005,cuda,False,True,9,118,1374,0.3820856213569641
fixed_random,1,results_v3_main,results_v3_main,small_cnn,sgd,10,128,20000,0.05,0.9,0.0005,cuda,False,True,9,119,1375,-0.4320487976074219
fixed_random,1,results_v3_main,results_v3_main,small_cnn,sgd,10,128,20000,0.05,0.9,0.0005,cuda,False,True,9,120,1376,0.47717976570129395
fixed_random,1,results_v3_main,results_v3_main,small_cnn,sgd,10,128,20000,0.05,0.9,0.0005,cuda,False,True,9,121,1377,0.1296515166759491
fixed_random,1,results_v3_main,results_v3_main,small_cnn,sgd,10,128,20000,0.05,0.9,0.0005,cuda,False,True,9,122,1378,0.20201444625854492
fixed_random,1,results_v3_main,results_v3_main,small_cnn,sgd,10,128,20000,0.05,0.9,0.0005,cuda,False,True,9,123,1379,0.22479347884655
fixed_random,1,results_v3_main,results_v3_main,small_cnn,sgd,10,128,20000,0.05,0.9,0.0005,cuda,False,True,9,124,1380,0.1007329598069191
fixed_random,1,results_v3_main,results_v3_main,small_cnn,sgd,10,128,20000,0.05,0.9,0.0005,cuda,False,True,9,125,1381,-0.15865886211395264
fixed_random,1,results_v3_main,results_v3_main,small_cnn,sgd,10,128,20000,0.05,0.9,0.0005,cuda,False,True,9,126,1382,0.12718987464904785
fixed_random,1,results_v3_main,results_v3_main,small_cnn,sgd,10,128,20000,0.05,0.9,0.0005,cuda,False,True,9,127,1383,0.028072405606508255
fixed_random,1,results_v3_main,results_v3_main,small_cnn,sgd,10,128,20000,0.05,0.9,0.0005,cuda,False,True,9,128,1384,-0.19124867022037506
fixed_random,1,results_v3_main,results_v3_main,small_cnn,sgd,10,128,20000,0.05,0.9,0.0005,cuda,False,True,9,129,1385,0.1296241730451584
fixed_random,1,results_v3_main,results_v3_main,small_cnn,sgd,10,128,20000,0.05,0.9,0.0005,cuda,False,True,9,130,1386,0.029321501031517982
fixed_random,1,results_v3_main,results_v3_main,small_cnn,sgd,10,128,20000,0.05,0.9,0.0005,cuda,False,True,9,131,1387,0.180630624294281
fixed_random,1,results_v3_main,results_v3_main,small_cnn,sgd,10,128,20000,0.05,0.9,0.0005,cuda,False,True,9,132,1388,0.3388042747974396
fixed_random,1,results_v3_main,results_v3_main,small_cnn,sgd,10,128,20000,0.05,0.9,0.0005,cuda,False,True,9,133,1389,-0.09645923972129822
fixed_random,1,results_v3_main,results_v3_main,small_cnn,sgd,10,128,20000,0.05,0.9,0.0005,cuda,False,True,9,134,1390,-0.20075415074825287
fixed_random,1,results_v3_main,results_v3_main,small_cnn,sgd,10,128,20000,0.05,0.9,0.0005,cuda,False,True,9,135,1391,-0.2482421100139618
fixed_random,1,results_v3_main,results_v3_main,small_cnn,sgd,10,128,20000,0.05,0.9,0.0005,cuda,False,True,9,136,1392,-0.13257147371768951
fixed_random,1,results_v3_main,results_v3_main,small_cnn,sgd,10,128,20000,0.05,0.9,0.0005,cuda,False,True,9,137,1393,-0.17612195014953613
fixed_random,1,results_v3_main,results_v3_main,small_cnn,sgd,10,128,20000,0.05,0.9,0.0005,cuda,False,True,9,138,1394,-0.15607383847236633
fixed_random,1,results_v3_main,results_v3_main,small_cnn,sgd,10,128,20000,0.05,0.9,0.0005,cuda,False,True,9,139,1395,0.3228870928287506
fixed_random,1,results_v3_main,results_v3_main,small_cnn,sgd,10,128,20000,0.05,0.9,0.0005,cuda,False,True,9,140,1396,-0.08845703303813934
fixed_random,1,results_v3_main,results_v3_main,small_cnn,sgd,10,128,20000,0.05,0.9,0.0005,cuda,False,True,9,141,1397,-0.0037374943494796753
fixed_random,1,results_v3_main,results_v3_main,small_cnn,sgd,10,128,20000,0.05,0.9,0.0005,cuda,False,True,9,142,1398,0.04630565643310547
fixed_random,1,results_v3_main,results_v3_main,small_cnn,sgd,10,128,20000,0.05,0.9,0.0005,cuda,False,True,9,143,1399,0.17787306010723114
fixed_random,1,results_v3_main,results_v3_main,small_cnn,sgd,10,128,20000,0.05,0.9,0.0005,cuda,False,True,9,144,1400,-0.08440083265304565
fixed_random,1,results_v3_main,results_v3_main,small_cnn,sgd,10,128,20000,0.05,0.9,0.0005,cuda,False,True,9,145,1401,0.19818276166915894
fixed_random,1,results_v3_main,results_v3_main,small_cnn,sgd,10,128,20000,0.05,0.9,0.0005,cuda,False,True,9,146,1402,-0.02278030477464199
fixed_random,1,results_v3_main,results_v3_main,small_cnn,sgd,10,128,20000,0.05,0.9,0.0005,cuda,False,True,9,147,1403,-0.009060351178050041
fixed_random,1,results_v3_main,results_v3_main,small_cnn,sgd,10,128,20000,0.05,0.9,0.0005,cuda,False,True,9,148,1404,0.0802370011806488
fixed_random,1,results_v3_main,results_v3_main,small_cnn,sgd,10,128,20000,0.05,0.9,0.0005,cuda,False,True,9,149,1405,0.46197760105133057
fixed_random,1,results_v3_main,results_v3_main,small_cnn,sgd,10,128,20000,0.05,0.9,0.0005,cuda,False,True,9,150,1406,0.21568813920021057
fixed_random,1,results_v3_main,results_v3_main,small_cnn,sgd,10,128,20000,0.05,0.9,0.0005,cuda,False,True,9,151,1407,0.26313868165016174
fixed_random,1,results_v3_main,results_v3_main,small_cnn,sgd,10,128,20000,0.05,0.9,0.0005,cuda,False,True,9,152,1408,-0.07064078748226166
fixed_random,1,results_v3_main,results_v3_main,small_cnn,sgd,10,128,20000,0.05,0.9,0.0005,cuda,False,True,9,153,1409,0.32630330324172974
fixed_random,1,results_v3_main,results_v3_main,small_cnn,sgd,10,128,20000,0.05,0.9,0.0005,cuda,False,True,9,154,1410,0.410233736038208
fixed_random,1,results_v3_main,results_v3_main,small_cnn,sgd,10,128,20000,0.05,0.9,0.0005,cuda,False,True,9,155,1411,0.36614668369293213
fixed_random,1,results_v3_main,results_v3_main,small_cnn,sgd,10,128,20000,0.05,0.9,0.0005,cuda,False,True,9,156,1412,0.4772392809391022
fixed_random,1,results_v3_main,results_v3_main,small_cnn,sgd,10,128,20000,0.05,0.9,0.0005,cuda,False,True,9,157,1413,-0.04136907309293747
fixed_random,1,results_v3_main,results_v3_main,small_cnn,sgd,10,128,20000,0.05,0.9,0.0005,cuda,False,True,10,1,1414,0.4130918085575104
fixed_random,1,results_v3_main,results_v3_main,small_cnn,sgd,10,128,20000,0.05,0.9,0.0005,cuda,False,True,10,2,1415,0.6201552748680115
fixed_random,1,results_v3_main,results_v3_main,small_cnn,sgd,10,128,20000,0.05,0.9,0.0005,cuda,False,True,10,3,1416,0.28074803948402405
fixed_random,1,results_v3_main,results_v3_main,small_cnn,sgd,10,128,20000,0.05,0.9,0.0005,cuda,False,True,10,4,1417,0.3190712630748749
fixed_random,1,results_v3_main,results_v3_main,small_cnn,sgd,10,128,20000,0.05,0.9,0.0005,cuda,False,True,10,5,1418,-0.16569213569164276
fixed_random,1,results_v3_main,results_v3_main,small_cnn,sgd,10,128,20000,0.05,0.9,0.0005,cuda,False,True,10,6,1419,0.32669198513031006
fixed_random,1,results_v3_main,results_v3_main,small_cnn,sgd,10,128,20000,0.05,0.9,0.0005,cuda,False,True,10,7,1420,0.21328476071357727
fixed_random,1,results_v3_main,results_v3_main,small_cnn,sgd,10,128,20000,0.05,0.9,0.0005,cuda,False,True,10,8,1421,0.14454498887062073
fixed_random,1,results_v3_main,results_v3_main,small_cnn,sgd,10,128,20000,0.05,0.9,0.0005,cuda,False,True,10,9,1422,0.18683898448944092
fixed_random,1,results_v3_main,results_v3_main,small_cnn,sgd,10,128,20000,0.05,0.9,0.0005,cuda,False,True,10,10,1423,-0.0879993662238121
fixed_random,1,results_v3_main,results_v3_main,small_cnn,sgd,10,128,20000,0.05,0.9,0.0005,cuda,False,True,10,11,1424,-0.009387943893671036
fixed_random,1,results_v3_main,results_v3_main,small_cnn,sgd,10,128,20000,0.05,0.9,0.0005,cuda,False,True,10,12,1425,-0.0651097372174263
fixed_random,1,results_v3_main,results_v3_main,small_cnn,sgd,10,128,20000,0.05,0.9,0.0005,cuda,False,True,10,13,1426,-0.04092584177851677
fixed_random,1,results_v3_main,results_v3_main,small_cnn,sgd,10,128,20000,0.05,0.9,0.0005,cuda,False,True,10,14,1427,0.3419799506664276
fixed_random,1,results_v3_main,results_v3_main,small_cnn,sgd,10,128,20000,0.05,0.9,0.0005,cuda,False,True,10,15,1428,-0.060706768184900284
fixed_random,1,results_v3_main,results_v3_main,small_cnn,sgd,10,128,20000,0.05,0.9,0.0005,cuda,False,True,10,16,1429,0.1167939230799675
fixed_random,1,results_v3_main,results_v3_main,small_cnn,sgd,10,128,20000,0.05,0.9,0.0005,cuda,False,True,10,17,1430,-0.0010884664952754974
fixed_random,1,results_v3_main,results_v3_main,small_cnn,sgd,10,128,20000,0.05,0.9,0.0005,cuda,False,True,10,18,1431,0.21361389756202698
fixed_random,1,results_v3_main,results_v3_main,small_cnn,sgd,10,128,20000,0.05,0.9,0.0005,cuda,False,True,10,19,1432,0.0953671783208847
fixed_random,1,results_v3_main,results_v3_main,small_cnn,sgd,10,128,20000,0.05,0.9,0.0005,cuda,False,True,10,20,1433,-0.09531298279762268
fixed_random,1,results_v3_main,results_v3_main,small_cnn,sgd,10,128,20000,0.05,0.9,0.0005,cuda,False,True,10,21,1434,0.31875479221343994
fixed_random,1,results_v3_main,results_v3_main,small_cnn,sgd,10,128,20000,0.05,0.9,0.0005,cuda,False,True,10,22,1435,-0.03587966412305832
fixed_random,1,results_v3_main,results_v3_main,small_cnn,sgd,10,128,20000,0.05,0.9,0.0005,cuda,False,True,10,23,1436,-0.06515482068061829
fixed_random,1,results_v3_main,results_v3_main,small_cnn,sgd,10,128,20000,0.05,0.9,0.0005,cuda,False,True,10,24,1437,0.01683156192302704
fixed_random,1,results_v3_main,results_v3_main,small_cnn,sgd,10,128,20000,0.05,0.9,0.0005,cuda,False,True,10,25,1438,0.37408149242401123
fixed_random,1,results_v3_main,results_v3_main,small_cnn,sgd,10,128,20000,0.05,0.9,0.0005,cuda,False,True,10,26,1439,0.211421400308609
fixed_random,1,results_v3_main,results_v3_main,small_cnn,sgd,10,128,20000,0.05,0.9,0.0005,cuda,False,True,10,27,1440,-0.10935477912425995
fixed_random,1,results_v3_main,results_v3_main,small_cnn,sgd,10,128,20000,0.05,0.9,0.0005,cuda,False,True,10,28,1441,0.17843908071517944
fixed_random,1,results_v3_main,results_v3_main,small_cnn,sgd,10,128,20000,0.05,0.9,0.0005,cuda,False,True,10,29,1442,-0.07897555828094482
fixed_random,1,results_v3_main,results_v3_main,small_cnn,sgd,10,128,20000,0.05,0.9,0.0005,cuda,False,True,10,30,1443,0.20901940762996674
fixed_random,1,results_v3_main,results_v3_main,small_cnn,sgd,10,128,20000,0.05,0.9,0.0005,cuda,False,True,10,31,1444,0.386525422334671
fixed_random,1,results_v3_main,results_v3_main,small_cnn,sgd,10,128,20000,0.05,0.9,0.0005,cuda,False,True,10,32,1445,0.4016968011856079
fixed_random,1,results_v3_main,results_v3_main,small_cnn,sgd,10,128,20000,0.05,0.9,0.0005,cuda,False,True,10,33,1446,-0.12842224538326263
fixed_random,1,results_v3_main,results_v3_main,small_cnn,sgd,10,128,20000,0.05,0.9,0.0005,cuda,False,True,10,34,1447,0.1848706156015396
fixed_random,1,results_v3_main,results_v3_main,small_cnn,sgd,10,128,20000,0.05,0.9,0.0005,cuda,False,True,10,35,1448,0.39601221680641174
fixed_random,1,results_v3_main,results_v3_main,small_cnn,sgd,10,128,20000,0.05,0.9,0.0005,cuda,False,True,10,36,1449,0.16711543500423431
fixed_random,1,results_v3_main,results_v3_main,small_cnn,sgd,10,128,20000,0.05,0.9,0.0005,cuda,False,True,10,37,1450,0.6072161793708801
fixed_random,1,results_v3_main,results_v3_main,small_cnn,sgd,10,128,20000,0.05,0.9,0.0005,cuda,False,True,10,38,1451,0.0701974555850029
fixed_random,1,results_v3_main,results_v3_main,small_cnn,sgd,10,128,20000,0.05,0.9,0.0005,cuda,False,True,10,39,1452,0.10281942039728165
fixed_random,1,results_v3_main,results_v3_main,small_cnn,sgd,10,128,20000,0.05,0.9,0.0005,cuda,False,True,10,40,1453,0.5428518056869507
fixed_random,1,results_v3_main,results_v3_main,small_cnn,sgd,10,128,20000,0.05,0.9,0.0005,cuda,False,True,10,41,1454,0.3918086588382721
fixed_random,1,results_v3_main,results_v3_main,small_cnn,sgd,10,128,20000,0.05,0.9,0.0005,cuda,False,True,10,42,1455,-0.11988184601068497
fixed_random,1,results_v3_main,results_v3_main,small_cnn,sgd,10,128,20000,0.05,0.9,0.0005,cuda,False,True,10,43,1456,0.2427714765071869
fixed_random,1,results_v3_main,results_v3_main,small_cnn,sgd,10,128,20000,0.05,0.9,0.0005,cuda,False,True,10,44,1457,0.4592137932777405
fixed_random,1,results_v3_main,results_v3_main,small_cnn,sgd,10,128,20000,0.05,0.9,0.0005,cuda,False,True,10,45,1458,0.45832765102386475
fixed_random,1,results_v3_main,results_v3_main,small_cnn,sgd,10,128,20000,0.05,0.9,0.0005,cuda,False,True,10,46,1459,0.3531956374645233
fixed_random,1,results_v3_main,results_v3_main,small_cnn,sgd,10,128,20000,0.05,0.9,0.0005,cuda,False,True,10,47,1460,-0.15383121371269226
fixed_random,1,results_v3_main,results_v3_main,small_cnn,sgd,10,128,20000,0.05,0.9,0.0005,cuda,False,True,10,48,1461,0.22265508770942688
fixed_random,1,results_v3_main,results_v3_main,small_cnn,sgd,10,128,20000,0.05,0.9,0.0005,cuda,False,True,10,49,1462,0.11514279246330261
fixed_random,1,results_v3_main,results_v3_main,small_cnn,sgd,10,128,20000,0.05,0.9,0.0005,cuda,False,True,10,50,1463,-0.02274588868021965
fixed_random,1,results_v3_main,results_v3_main,small_cnn,sgd,10,128,20000,0.05,0.9,0.0005,cuda,False,True,10,51,1464,0.11216965317726135
fixed_random,1,results_v3_main,results_v3_main,small_cnn,sgd,10,128,20000,0.05,0.9,0.0005,cuda,False,True,10,52,1465,0.12215323001146317
fixed_random,1,results_v3_main,results_v3_main,small_cnn,sgd,10,128,20000,0.05,0.9,0.0005,cuda,False,True,10,53,1466,-0.06970628350973129
fixed_random,1,results_v3_main,results_v3_main,small_cnn,sgd,10,128,20000,0.05,0.9,0.0005,cuda,False,True,10,54,1467,0.18226325511932373
fixed_random,1,results_v3_main,results_v3_main,small_cnn,sgd,10,128,20000,0.05,0.9,0.0005,cuda,False,True,10,55,1468,0.0015069395303726196
fixed_random,1,results_v3_main,results_v3_main,small_cnn,sgd,10,128,20000,0.05,0.9,0.0005,cuda,False,True,10,56,1469,0.12268147617578506
fixed_random,1,results_v3_main,results_v3_main,small_cnn,sgd,10,128,20000,0.05,0.9,0.0005,cuda,False,True,10,57,1470,0.4927845597267151
fixed_random,1,results_v3_main,results_v3_main,small_cnn,sgd,10,128,20000,0.05,0.9,0.0005,cuda,False,True,10,58,1471,0.010073891840875149
fixed_random,1,results_v3_main,results_v3_main,small_cnn,sgd,10,128,20000,0.05,0.9,0.0005,cuda,False,True,10,59,1472,0.19357532262802124
fixed_random,1,results_v3_main,results_v3_main,small_cnn,sgd,10,128,20000,0.05,0.9,0.0005,cuda,False,True,10,60,1473,0.14869368076324463
fixed_random,1,results_v3_main,results_v3_main,small_cnn,sgd,10,128,20000,0.05,0.9,0.0005,cuda,False,True,10,61,1474,-0.1645730435848236
fixed_random,1,results_v3_main,results_v3_main,small_cnn,sgd,10,128,20000,0.05,0.9,0.0005,cuda,False,True,10,62,1475,0.18151220679283142
fixed_random,1,results_v3_main,results_v3_main,small_cnn,sgd,10,128,20000,0.05,0.9,0.0005,cuda,False,True,10,63,1476,0.053210340440273285
fixed_random,1,results_v3_main,results_v3_main,small_cnn,sgd,10,128,20000,0.05,0.9,0.0005,cuda,False,True,10,64,1477,0.11696689575910568
fixed_random,1,results_v3_main,results_v3_main,small_cnn,sgd,10,128,20000,0.05,0.9,0.0005,cuda,False,True,10,65,1478,0.1115996241569519
fixed_random,1,results_v3_main,results_v3_main,small_cnn,sgd,10,128,20000,0.05,0.9,0.0005,cuda,False,True,10,66,1479,-0.007312379777431488
fixed_random,1,results_v3_main,results_v3_main,small_cnn,sgd,10,128,20000,0.05,0.9,0.0005,cuda,False,True,10,67,1480,-0.13841642439365387
fixed_random,1,results_v3_main,results_v3_main,small_cnn,sgd,10,128,20000,0.05,0.9,0.0005,cuda,False,True,10,68,1481,0.25532233715057373
fixed_random,1,results_v3_main,results_v3_main,small_cnn,sgd,10,128,20000,0.05,0.9,0.0005,cuda,False,True,10,69,1482,0.18188384175300598
fixed_random,1,results_v3_main,results_v3_main,small_cnn,sgd,10,128,20000,0.05,0.9,0.0005,cuda,False,True,10,70,1483,0.29589903354644775
fixed_random,1,results_v3_main,results_v3_main,small_cnn,sgd,10,128,20000,0.05,0.9,0.0005,cuda,False,True,10,71,1484,0.08455859869718552
fixed_random,1,results_v3_main,results_v3_main,small_cnn,sgd,10,128,20000,0.05,0.9,0.0005,cuda,False,True,10,72,1485,0.018730951473116875
fixed_random,1,results_v3_main,results_v3_main,small_cnn,sgd,10,128,20000,0.05,0.9,0.0005,cuda,False,True,10,73,1486,0.24961405992507935
fixed_random,1,results_v3_main,results_v3_main,small_cnn,sgd,10,128,20000,0.05,0.9,0.0005,cuda,False,True,10,74,1487,0.08255752176046371
fixed_random,1,results_v3_main,results_v3_main,small_cnn,sgd,10,128,20000,0.05,0.9,0.0005,cuda,False,True,10,75,1488,0.14223356544971466
fixed_random,1,results_v3_main,results_v3_main,small_cnn,sgd,10,128,20000,0.05,0.9,0.0005,cuda,False,True,10,76,1489,0.21337781846523285
fixed_random,1,results_v3_main,results_v3_main,small_cnn,sgd,10,128,20000,0.05,0.9,0.0005,cuda,False,True,10,77,1490,-0.03106435388326645
fixed_random,1,results_v3_main,results_v3_main,small_cnn,sgd,10,128,20000,0.05,0.9,0.0005,cuda,False,True,10,78,1491,0.15632975101470947
fixed_random,1,results_v3_main,results_v3_main,small_cnn,sgd,10,128,20000,0.05,0.9,0.0005,cuda,False,True,10,79,1492,0.3333321213722229
fixed_random,1,results_v3_main,results_v3_main,small_cnn,sgd,10,128,20000,0.05,0.9,0.0005,cuda,False,True,10,80,1493,-0.03285200893878937
fixed_random,1,results_v3_main,results_v3_main,small_cnn,sgd,10,128,20000,0.05,0.9,0.0005,cuda,False,True,10,81,1494,0.5191692113876343
fixed_random,1,results_v3_main,results_v3_main,small_cnn,sgd,10,128,20000,0.05,0.9,0.0005,cuda,False,True,10,82,1495,0.2519657015800476
fixed_random,1,results_v3_main,results_v3_main,small_cnn,sgd,10,128,20000,0.05,0.9,0.0005,cuda,False,True,10,83,1496,0.4292218089103699
fixed_random,1,results_v3_main,results_v3_main,small_cnn,sgd,10,128,20000,0.05,0.9,0.0005,cuda,False,True,10,84,1497,0.2309265434741974
fixed_random,1,results_v3_main,results_v3_main,small_cnn,sgd,10,128,20000,0.05,0.9,0.0005,cuda,False,True,10,85,1498,-0.11926039308309555
fixed_random,1,results_v3_main,results_v3_main,small_cnn,sgd,10,128,20000,0.05,0.9,0.0005,cuda,False,True,10,86,1499,0.4235006868839264
fixed_random,1,results_v3_main,results_v3_main,small_cnn,sgd,10,128,20000,0.05,0.9,0.0005,cuda,False,True,10,87,1500,0.5217701196670532
fixed_random,1,results_v3_main,results_v3_main,small_cnn,sgd,10,128,20000,0.05,0.9,0.0005,cuda,False,True,10,88,1501,-0.016165681183338165
fixed_random,1,results_v3_main,results_v3_main,small_cnn,sgd,10,128,20000,0.05,0.9,0.0005,cuda,False,True,10,89,1502,0.05512767285108566
fixed_random,1,results_v3_main,results_v3_main,small_cnn,sgd,10,128,20000,0.05,0.9,0.0005,cuda,False,True,10,90,1503,0.31030142307281494
fixed_random,1,results_v3_main,results_v3_main,small_cnn,sgd,10,128,20000,0.05,0.9,0.0005,cuda,False,True,10,91,1504,0.38255318999290466
fixed_random,1,results_v3_main,results_v3_main,small_cnn,sgd,10,128,20000,0.05,0.9,0.0005,cuda,False,True,10,92,1505,0.06094341725111008
fixed_random,1,results_v3_main,results_v3_main,small_cnn,sgd,10,128,20000,0.05,0.9,0.0005,cuda,False,True,10,93,1506,-0.059666119515895844
fixed_random,1,results_v3_main,results_v3_main,small_cnn,sgd,10,128,20000,0.05,0.9,0.0005,cuda,False,True,10,94,1507,-0.011869015172123909
fixed_random,1,results_v3_main,results_v3_main,small_cnn,sgd,10,128,20000,0.05,0.9,0.0005,cuda,False,True,10,95,1508,0.4232238531112671
fixed_random,1,results_v3_main,results_v3_main,small_cnn,sgd,10,128,20000,0.05,0.9,0.0005,cuda,False,True,10,96,1509,0.46446532011032104
fixed_random,1,results_v3_main,results_v3_main,small_cnn,sgd,10,128,20000,0.05,0.9,0.0005,cuda,False,True,10,97,1510,0.22144243121147156
fixed_random,1,results_v3_main,results_v3_main,small_cnn,sgd,10,128,20000,0.05,0.9,0.0005,cuda,False,True,10,98,1511,0.3164553642272949
fixed_random,1,results_v3_main,results_v3_main,small_cnn,sgd,10,128,20000,0.05,0.9,0.0005,cuda,False,True,10,99,1512,0.1355251520872116
fixed_random,1,results_v3_main,results_v3_main,small_cnn,sgd,10,128,20000,0.05,0.9,0.0005,cuda,False,True,10,100,1513,0.2858627736568451
fixed_random,1,results_v3_main,results_v3_main,small_cnn,sgd,10,128,20000,0.05,0.9,0.0005,cuda,False,True,10,101,1514,0.21844112873077393
fixed_random,1,results_v3_main,results_v3_main,small_cnn,sgd,10,128,20000,0.05,0.9,0.0005,cuda,False,True,10,102,1515,0.10797432065010071
fixed_random,1,results_v3_main,results_v3_main,small_cnn,sgd,10,128,20000,0.05,0.9,0.0005,cuda,False,True,10,103,1516,0.29622745513916016
fixed_random,1,results_v3_main,results_v3_main,small_cnn,sgd,10,128,20000,0.05,0.9,0.0005,cuda,False,True,10,104,1517,0.17560449242591858
fixed_random,1,results_v3_main,results_v3_main,small_cnn,sgd,10,128,20000,0.05,0.9,0.0005,cuda,False,True,10,105,1518,0.20758970081806183
fixed_random,1,results_v3_main,results_v3_main,small_cnn,sgd,10,128,20000,0.05,0.9,0.0005,cuda,False,True,10,106,1519,0.005949486047029495
fixed_random,1,results_v3_main,results_v3_main,small_cnn,sgd,10,128,20000,0.05,0.9,0.0005,cuda,False,True,10,107,1520,-0.06940304487943649
fixed_random,1,results_v3_main,results_v3_main,small_cnn,sgd,10,128,20000,0.05,0.9,0.0005,cuda,False,True,10,108,1521,0.32592520117759705
fixed_random,1,results_v3_main,results_v3_main,small_cnn,sgd,10,128,20000,0.05,0.9,0.0005,cuda,False,True,10,109,1522,0.15873128175735474
fixed_random,1,results_v3_main,results_v3_main,small_cnn,sgd,10,128,20000,0.05,0.9,0.0005,cuda,False,True,10,110,1523,0.1623447984457016
fixed_random,1,results_v3_main,results_v3_main,small_cnn,sgd,10,128,20000,0.05,0.9,0.0005,cuda,False,True,10,111,1524,0.24632364511489868
fixed_random,1,results_v3_main,results_v3_main,small_cnn,sgd,10,128,20000,0.05,0.9,0.0005,cuda,False,True,10,112,1525,0.04140935093164444
fixed_random,1,results_v3_main,results_v3_main,small_cnn,sgd,10,128,20000,0.05,0.9,0.0005,cuda,False,True,10,113,1526,0.14743290841579437
fixed_random,1,results_v3_main,results_v3_main,small_cnn,sgd,10,128,20000,0.05,0.9,0.0005,cuda,False,True,10,114,1527,0.01885460503399372
fixed_random,1,results_v3_main,results_v3_main,small_cnn,sgd,10,128,20000,0.05,0.9,0.0005,cuda,False,True,10,115,1528,0.5898048281669617
fixed_random,1,results_v3_main,results_v3_main,small_cnn,sgd,10,128,20000,0.05,0.9,0.0005,cuda,False,True,10,116,1529,0.29932689666748047
fixed_random,1,results_v3_main,results_v3_main,small_cnn,sgd,10,128,20000,0.05,0.9,0.0005,cuda,False,True,10,117,1530,-0.13203978538513184
fixed_random,1,results_v3_main,results_v3_main,small_cnn,sgd,10,128,20000,0.05,0.9,0.0005,cuda,False,True,10,118,1531,0.6066089868545532
fixed_random,1,results_v3_main,results_v3_main,small_cnn,sgd,10,128,20000,0.05,0.9,0.0005,cuda,False,True,10,119,1532,-0.0834033265709877
fixed_random,1,results_v3_main,results_v3_main,small_cnn,sgd,10,128,20000,0.05,0.9,0.0005,cuda,False,True,10,120,1533,0.3020922839641571
fixed_random,1,results_v3_main,results_v3_main,small_cnn,sgd,10,128,20000,0.05,0.9,0.0005,cuda,False,True,10,121,1534,0.4739575684070587
fixed_random,1,results_v3_main,results_v3_main,small_cnn,sgd,10,128,20000,0.05,0.9,0.0005,cuda,False,True,10,122,1535,0.29009220004081726
fixed_random,1,results_v3_main,results_v3_main,small_cnn,sgd,10,128,20000,0.05,0.9,0.0005,cuda,False,True,10,123,1536,0.36057865619659424
fixed_random,1,results_v3_main,results_v3_main,small_cnn,sgd,10,128,20000,0.05,0.9,0.0005,cuda,False,True,10,124,1537,-0.03417311608791351
fixed_random,1,results_v3_main,results_v3_main,small_cnn,sgd,10,128,20000,0.05,0.9,0.0005,cuda,False,True,10,125,1538,0.05695110559463501
fixed_random,1,results_v3_main,results_v3_main,small_cnn,sgd,10,128,20000,0.05,0.9,0.0005,cuda,False,True,10,126,1539,0.3136351704597473
fixed_random,1,results_v3_main,results_v3_main,small_cnn,sgd,10,128,20000,0.05,0.9,0.0005,cuda,False,True,10,127,1540,0.49682483077049255
fixed_random,1,results_v3_main,results_v3_main,small_cnn,sgd,10,128,20000,0.05,0.9,0.0005,cuda,False,True,10,128,1541,-0.0886068046092987
fixed_random,1,results_v3_main,results_v3_main,small_cnn,sgd,10,128,20000,0.05,0.9,0.0005,cuda,False,True,10,129,1542,0.2202511429786682
fixed_random,1,results_v3_main,results_v3_main,small_cnn,sgd,10,128,20000,0.05,0.9,0.0005,cuda,False,True,10,130,1543,0.07336319983005524
fixed_random,1,results_v3_main,results_v3_main,small_cnn,sgd,10,128,20000,0.05,0.9,0.0005,cuda,False,True,10,131,1544,0.27521413564682007
fixed_random,1,results_v3_main,results_v3_main,small_cnn,sgd,10,128,20000,0.05,0.9,0.0005,cuda,False,True,10,132,1545,0.3891403079032898
fixed_random,1,results_v3_main,results_v3_main,small_cnn,sgd,10,128,20000,0.05,0.9,0.0005,cuda,False,True,10,133,1546,-0.1788017749786377
fixed_random,1,results_v3_main,results_v3_main,small_cnn,sgd,10,128,20000,0.05,0.9,0.0005,cuda,False,True,10,134,1547,0.02022513747215271
fixed_random,1,results_v3_main,results_v3_main,small_cnn,sgd,10,128,20000,0.05,0.9,0.0005,cuda,False,True,10,135,1548,-0.27098792791366577
fixed_random,1,results_v3_main,results_v3_main,small_cnn,sgd,10,128,20000,0.05,0.9,0.0005,cuda,False,True,10,136,1549,0.1817847639322281
fixed_random,1,results_v3_main,results_v3_main,small_cnn,sgd,10,128,20000,0.05,0.9,0.0005,cuda,False,True,10,137,1550,0.0384499728679657
fixed_random,1,results_v3_main,results_v3_main,small_cnn,sgd,10,128,20000,0.05,0.9,0.0005,cuda,False,True,10,138,1551,-0.3667885661125183
fixed_random,1,results_v3_main,results_v3_main,small_cnn,sgd,10,128,20000,0.05,0.9,0.0005,cuda,False,True,10,139,1552,0.35208284854888916
fixed_random,1,results_v3_main,results_v3_main,small_cnn,sgd,10,128,20000,0.05,0.9,0.0005,cuda,False,True,10,140,1553,0.23705536127090454
fixed_random,1,results_v3_main,results_v3_main,small_cnn,sgd,10,128,20000,0.05,0.9,0.0005,cuda,False,True,10,141,1554,0.28757667541503906
fixed_random,1,results_v3_main,results_v3_main,small_cnn,sgd,10,128,20000,0.05,0.9,0.0005,cuda,False,True,10,142,1555,0.10258158296346664
fixed_random,1,results_v3_main,results_v3_main,small_cnn,sgd,10,128,20000,0.05,0.9,0.0005,cuda,False,True,10,143,1556,0.14064346253871918
fixed_random,1,results_v3_main,results_v3_main,small_cnn,sgd,10,128,20000,0.05,0.9,0.0005,cuda,False,True,10,144,1557,0.3041597306728363
fixed_random,1,results_v3_main,results_v3_main,small_cnn,sgd,10,128,20000,0.05,0.9,0.0005,cuda,False,True,10,145,1558,0.24435652792453766
fixed_random,1,results_v3_main,results_v3_main,small_cnn,sgd,10,128,20000,0.05,0.9,0.0005,cuda,False,True,10,146,1559,0.12203498184680939
fixed_random,1,results_v3_main,results_v3_main,small_cnn,sgd,10,128,20000,0.05,0.9,0.0005,cuda,False,True,10,147,1560,0.40873807668685913
fixed_random,1,results_v3_main,results_v3_main,small_cnn,sgd,10,128,20000,0.05,0.9,0.0005,cuda,False,True,10,148,1561,0.07354172319173813
fixed_random,1,results_v3_main,results_v3_main,small_cnn,sgd,10,128,20000,0.05,0.9,0.0005,cuda,False,True,10,149,1562,-0.0009671859443187714
fixed_random,1,results_v3_main,results_v3_main,small_cnn,sgd,10,128,20000,0.05,0.9,0.0005,cuda,False,True,10,150,1563,0.03405402600765228
fixed_random,1,results_v3_main,results_v3_main,small_cnn,sgd,10,128,20000,0.05,0.9,0.0005,cuda,False,True,10,151,1564,0.10968153923749924
fixed_random,1,results_v3_main,results_v3_main,small_cnn,sgd,10,128,20000,0.05,0.9,0.0005,cuda,False,True,10,152,1565,0.08361751586198807
fixed_random,1,results_v3_main,results_v3_main,small_cnn,sgd,10,128,20000,0.05,0.9,0.0005,cuda,False,True,10,153,1566,0.18162892758846283
fixed_random,1,results_v3_main,results_v3_main,small_cnn,sgd,10,128,20000,0.05,0.9,0.0005,cuda,False,True,10,154,1567,-0.022118212655186653
fixed_random,1,results_v3_main,results_v3_main,small_cnn,sgd,10,128,20000,0.05,0.9,0.0005,cuda,False,True,10,155,1568,0.30665677785873413
fixed_random,1,results_v3_main,results_v3_main,small_cnn,sgd,10,128,20000,0.05,0.9,0.0005,cuda,False,True,10,156,1569,0.45204243063926697
fixed_random,1,results_v3_main,results_v3_main,small_cnn,sgd,10,128,20000,0.05,0.9,0.0005,cuda,False,True,10,157,1570,0.09756193310022354
