order_mode,seed,experiment_name,output_dir,model,optimizer,epochs,batch_size,max_train_examples,learning_rate,momentum,weight_decay,device,deterministic,save_embeddings,epoch,batch_index,global_step,cosine_similarity
curriculum_hard,1,results_v3_lr0p1,results_v3_lr0p1,small_cnn,sgd,10,128,20000,0.1,0.9,0.0005,cuda,False,False,1,1,1,
curriculum_hard,1,results_v3_lr0p1,results_v3_lr0p1,small_cnn,sgd,10,128,20000,0.1,0.9,0.0005,cuda,False,False,1,2,2,-0.17156895995140076
curriculum_hard,1,results_v3_lr0p1,results_v3_lr0p1,small_cnn,sgd,10,128,20000,0.1,0.9,0.0005,cuda,False,False,1,3,3,0.5801224708557129
curriculum_hard,1,results_v3_lr0p1,results_v3_lr0p1,small_cnn,sgd,10,128,20000,0.1,0.9,0.0005,cuda,False,False,1,4,4,0.16125483810901642
curriculum_hard,1,results_v3_lr0p1,results_v3_lr0p1,small_cnn,sgd,10,128,20000,0.1,0.9,0.0005,cuda,False,False,1,5,5,-0.501036524772644
curriculum_hard,1,results_v3_lr0p1,results_v3_lr0p1,small_cnn,sgd,10,128,20000,0.1,0.9,0.0005,cuda,False,False,1,6,6,0.6667805314064026
curriculum_hard,1,results_v3_lr0p1,results_v3_lr0p1,small_cnn,sgd,10,128,20000,0.1,0.9,0.0005,cuda,False,False,1,7,7,0.6172283887863159
curriculum_hard,1,results_v3_lr0p1,results_v3_lr0p1,small_cnn,sgd,10,128,20000,0.1,0.9,0.0005,cuda,False,False,1,8,8,-0.43181300163269043
curriculum_hard,1,results_v3_lr0p1,results_v3_lr0p1,small_cnn,sgd,10,128,20000,0.1,0.9,0.0005,cuda,False,False,1,9,9,-0.6221910119056702
curriculum_hard,1,results_v3_lr0p1,results_v3_lr0p1,small_cnn,sgd,10,128,20000,0.1,0.9,0.0005,cuda,False,False,1,10,10,0.8151452541351318
curriculum_hard,1,results_v3_lr0p1,results_v3_lr0p1,small_cnn,sgd,10,128,20000,0.1,0.9,0.0005,cuda,False,False,1,11,11,-0.4537496268749237
curriculum_hard,1,results_v3_lr0p1,results_v3_lr0p1,small_cnn,sgd,10,128,20000,0.1,0.9,0.0005,cuda,False,False,1,12,12,-0.4750550091266632
curriculum_hard,1,results_v3_lr0p1,results_v3_lr0p1,small_cnn,sgd,10,128,20000,0.1,0.9,0.0005,cuda,False,False,1,13,13,-0.07515943050384521
curriculum_hard,1,results_v3_lr0p1,results_v3_lr0p1,small_cnn,sgd,10,128,20000,0.1,0.9,0.0005,cuda,False,False,1,14,14,-0.20242434740066528
curriculum_hard,1,results_v3_lr0p1,results_v3_lr0p1,small_cnn,sgd,10,128,20000,0.1,0.9,0.0005,cuda,False,False,1,15,15,0.5913251638412476
curriculum_hard,1,results_v3_lr0p1,results_v3_lr0p1,small_cnn,sgd,10,128,20000,0.1,0.9,0.0005,cuda,False,False,1,16,16,-0.22416579723358154
curriculum_hard,1,results_v3_lr0p1,results_v3_lr0p1,small_cnn,sgd,10,128,20000,0.1,0.9,0.0005,cuda,False,False,1,17,17,0.5937126874923706
curriculum_hard,1,results_v3_lr0p1,results_v3_lr0p1,small_cnn,sgd,10,128,20000,0.1,0.9,0.0005,cuda,False,False,1,18,18,-0.44073933362960815
curriculum_hard,1,results_v3_lr0p1,results_v3_lr0p1,small_cnn,sgd,10,128,20000,0.1,0.9,0.0005,cuda,False,False,1,19,19,0.5405040979385376
curriculum_hard,1,results_v3_lr0p1,results_v3_lr0p1,small_cnn,sgd,10,128,20000,0.1,0.9,0.0005,cuda,False,False,1,20,20,0.5129188299179077
curriculum_hard,1,results_v3_lr0p1,results_v3_lr0p1,small_cnn,sgd,10,128,20000,0.1,0.9,0.0005,cuda,False,False,1,21,21,-0.22456476092338562
curriculum_hard,1,results_v3_lr0p1,results_v3_lr0p1,small_cnn,sgd,10,128,20000,0.1,0.9,0.0005,cuda,False,False,1,22,22,-0.1180306151509285
curriculum_hard,1,results_v3_lr0p1,results_v3_lr0p1,small_cnn,sgd,10,128,20000,0.1,0.9,0.0005,cuda,False,False,1,23,23,0.4226400554180145
curriculum_hard,1,results_v3_lr0p1,results_v3_lr0p1,small_cnn,sgd,10,128,20000,0.1,0.9,0.0005,cuda,False,False,1,24,24,0.26939091086387634
curriculum_hard,1,results_v3_lr0p1,results_v3_lr0p1,small_cnn,sgd,10,128,20000,0.1,0.9,0.0005,cuda,False,False,1,25,25,0.40661633014678955
curriculum_hard,1,results_v3_lr0p1,results_v3_lr0p1,small_cnn,sgd,10,128,20000,0.1,0.9,0.0005,cuda,False,False,1,26,26,0.5218208432197571
curriculum_hard,1,results_v3_lr0p1,results_v3_lr0p1,small_cnn,sgd,10,128,20000,0.1,0.9,0.0005,cuda,False,False,1,27,27,0.1665882021188736
curriculum_hard,1,results_v3_lr0p1,results_v3_lr0p1,small_cnn,sgd,10,128,20000,0.1,0.9,0.0005,cuda,False,False,1,28,28,0.6599855422973633
curriculum_hard,1,results_v3_lr0p1,results_v3_lr0p1,small_cnn,sgd,10,128,20000,0.1,0.9,0.0005,cuda,False,False,1,29,29,0.2566864788532257
curriculum_hard,1,results_v3_lr0p1,results_v3_lr0p1,small_cnn,sgd,10,128,20000,0.1,0.9,0.0005,cuda,False,False,1,30,30,0.46435198187828064
curriculum_hard,1,results_v3_lr0p1,results_v3_lr0p1,small_cnn,sgd,10,128,20000,0.1,0.9,0.0005,cuda,False,False,1,31,31,0.411832332611084
curriculum_hard,1,results_v3_lr0p1,results_v3_lr0p1,small_cnn,sgd,10,128,20000,0.1,0.9,0.0005,cuda,False,False,1,32,32,0.6143494844436646
curriculum_hard,1,results_v3_lr0p1,results_v3_lr0p1,small_cnn,sgd,10,128,20000,0.1,0.9,0.0005,cuda,False,False,1,33,33,-0.47372162342071533
curriculum_hard,1,results_v3_lr0p1,results_v3_lr0p1,small_cnn,sgd,10,128,20000,0.1,0.9,0.0005,cuda,False,False,1,34,34,-0.03543572127819061
curriculum_hard,1,results_v3_lr0p1,results_v3_lr0p1,small_cnn,sgd,10,128,20000,0.1,0.9,0.0005,cuda,False,False,1,35,35,0.40761977434158325
curriculum_hard,1,results_v3_lr0p1,results_v3_lr0p1,small_cnn,sgd,10,128,20000,0.1,0.9,0.0005,cuda,False,False,1,36,36,-0.06189475208520889
curriculum_hard,1,results_v3_lr0p1,results_v3_lr0p1,small_cnn,sgd,10,128,20000,0.1,0.9,0.0005,cuda,False,False,1,37,37,0.5239881873130798
curriculum_hard,1,results_v3_lr0p1,results_v3_lr0p1,small_cnn,sgd,10,128,20000,0.1,0.9,0.0005,cuda,False,False,1,38,38,-0.03205694258213043
curriculum_hard,1,results_v3_lr0p1,results_v3_lr0p1,small_cnn,sgd,10,128,20000,0.1,0.9,0.0005,cuda,False,False,1,39,39,-0.1779412478208542
curriculum_hard,1,results_v3_lr0p1,results_v3_lr0p1,small_cnn,sgd,10,128,20000,0.1,0.9,0.0005,cuda,False,False,1,40,40,0.6672698259353638
curriculum_hard,1,results_v3_lr0p1,results_v3_lr0p1,small_cnn,sgd,10,128,20000,0.1,0.9,0.0005,cuda,False,False,1,41,41,0.00702802836894989
curriculum_hard,1,results_v3_lr0p1,results_v3_lr0p1,small_cnn,sgd,10,128,20000,0.1,0.9,0.0005,cuda,False,False,1,42,42,0.27043676376342773
curriculum_hard,1,results_v3_lr0p1,results_v3_lr0p1,small_cnn,sgd,10,128,20000,0.1,0.9,0.0005,cuda,False,False,1,43,43,0.44574570655822754
curriculum_hard,1,results_v3_lr0p1,results_v3_lr0p1,small_cnn,sgd,10,128,20000,0.1,0.9,0.0005,cuda,False,False,1,44,44,-0.03960717096924782
curriculum_hard,1,results_v3_lr0p1,results_v3_lr0p1,small_cnn,sgd,10,128,20000,0.1,0.9,0.0005,cuda,False,False,1,45,45,0.32473355531692505
curriculum_hard,1,results_v3_lr0p1,results_v3_lr0p1,small_cnn,sgd,10,128,20000,0.1,0.9,0.0005,cuda,False,False,1,46,46,-0.044641219079494476
curriculum_hard,1,results_v3_lr0p1,results_v3_lr0p1,small_cnn,sgd,10,128,20000,0.1,0.9,0.0005,cuda,False,False,1,47,47,0.37069761753082275
curriculum_hard,1,results_v3_lr0p1,results_v3_lr0p1,small_cnn,sgd,10,128,20000,0.1,0.9,0.0005,cuda,False,False,1,48,48,0.44854646921157837
curriculum_hard,1,results_v3_lr0p1,results_v3_lr0p1,small_cnn,sgd,10,128,20000,0.1,0.9,0.0005,cuda,False,False,1,49,49,0.07175789028406143
curriculum_hard,1,results_v3_lr0p1,results_v3_lr0p1,small_cnn,sgd,10,128,20000,0.1,0.9,0.0005,cuda,False,False,1,50,50,0.48929712176322937
curriculum_hard,1,results_v3_lr0p1,results_v3_lr0p1,small_cnn,sgd,10,128,20000,0.1,0.9,0.0005,cuda,False,False,1,51,51,0.7279882431030273
curriculum_hard,1,results_v3_lr0p1,results_v3_lr0p1,small_cnn,sgd,10,128,20000,0.1,0.9,0.0005,cuda,False,False,1,52,52,-0.16418102383613586
curriculum_hard,1,results_v3_lr0p1,results_v3_lr0p1,small_cnn,sgd,10,128,20000,0.1,0.9,0.0005,cuda,False,False,1,53,53,0.4588077664375305
curriculum_hard,1,results_v3_lr0p1,results_v3_lr0p1,small_cnn,sgd,10,128,20000,0.1,0.9,0.0005,cuda,False,False,1,54,54,0.37689855694770813
curriculum_hard,1,results_v3_lr0p1,results_v3_lr0p1,small_cnn,sgd,10,128,20000,0.1,0.9,0.0005,cuda,False,False,1,55,55,0.06381694972515106
curriculum_hard,1,results_v3_lr0p1,results_v3_lr0p1,small_cnn,sgd,10,128,20000,0.1,0.9,0.0005,cuda,False,False,1,56,56,0.4751129448413849
curriculum_hard,1,results_v3_lr0p1,results_v3_lr0p1,small_cnn,sgd,10,128,20000,0.1,0.9,0.0005,cuda,False,False,1,57,57,0.36665189266204834
curriculum_hard,1,results_v3_lr0p1,results_v3_lr0p1,small_cnn,sgd,10,128,20000,0.1,0.9,0.0005,cuda,False,False,1,58,58,0.25621697306632996
curriculum_hard,1,results_v3_lr0p1,results_v3_lr0p1,small_cnn,sgd,10,128,20000,0.1,0.9,0.0005,cuda,False,False,1,59,59,0.3463725447654724
curriculum_hard,1,results_v3_lr0p1,results_v3_lr0p1,small_cnn,sgd,10,128,20000,0.1,0.9,0.0005,cuda,False,False,1,60,60,0.26937854290008545
curriculum_hard,1,results_v3_lr0p1,results_v3_lr0p1,small_cnn,sgd,10,128,20000,0.1,0.9,0.0005,cuda,False,False,1,61,61,0.22448685765266418
curriculum_hard,1,results_v3_lr0p1,results_v3_lr0p1,small_cnn,sgd,10,128,20000,0.1,0.9,0.0005,cuda,False,False,1,62,62,0.6342812776565552
curriculum_hard,1,results_v3_lr0p1,results_v3_lr0p1,small_cnn,sgd,10,128,20000,0.1,0.9,0.0005,cuda,False,False,1,63,63,-0.3080855906009674
curriculum_hard,1,results_v3_lr0p1,results_v3_lr0p1,small_cnn,sgd,10,128,20000,0.1,0.9,0.0005,cuda,False,False,1,64,64,0.6380785703659058
curriculum_hard,1,results_v3_lr0p1,results_v3_lr0p1,small_cnn,sgd,10,128,20000,0.1,0.9,0.0005,cuda,False,False,1,65,65,0.5117318630218506
curriculum_hard,1,results_v3_lr0p1,results_v3_lr0p1,small_cnn,sgd,10,128,20000,0.1,0.9,0.0005,cuda,False,False,1,66,66,0.3678734302520752
curriculum_hard,1,results_v3_lr0p1,results_v3_lr0p1,small_cnn,sgd,10,128,20000,0.1,0.9,0.0005,cuda,False,False,1,67,67,0.48019856214523315
curriculum_hard,1,results_v3_lr0p1,results_v3_lr0p1,small_cnn,sgd,10,128,20000,0.1,0.9,0.0005,cuda,False,False,1,68,68,-0.005953676998615265
curriculum_hard,1,results_v3_lr0p1,results_v3_lr0p1,small_cnn,sgd,10,128,20000,0.1,0.9,0.0005,cuda,False,False,1,69,69,0.37529194355010986
curriculum_hard,1,results_v3_lr0p1,results_v3_lr0p1,small_cnn,sgd,10,128,20000,0.1,0.9,0.0005,cuda,False,False,1,70,70,0.42765283584594727
curriculum_hard,1,results_v3_lr0p1,results_v3_lr0p1,small_cnn,sgd,10,128,20000,0.1,0.9,0.0005,cuda,False,False,1,71,71,-0.13764281570911407
curriculum_hard,1,results_v3_lr0p1,results_v3_lr0p1,small_cnn,sgd,10,128,20000,0.1,0.9,0.0005,cuda,False,False,1,72,72,0.14783665537834167
curriculum_hard,1,results_v3_lr0p1,results_v3_lr0p1,small_cnn,sgd,10,128,20000,0.1,0.9,0.0005,cuda,False,False,1,73,73,-0.22264577448368073
curriculum_hard,1,results_v3_lr0p1,results_v3_lr0p1,small_cnn,sgd,10,128,20000,0.1,0.9,0.0005,cuda,False,False,1,74,74,0.6281518340110779
curriculum_hard,1,results_v3_lr0p1,results_v3_lr0p1,small_cnn,sgd,10,128,20000,0.1,0.9,0.0005,cuda,False,False,1,75,75,-0.3329746723175049
curriculum_hard,1,results_v3_lr0p1,results_v3_lr0p1,small_cnn,sgd,10,128,20000,0.1,0.9,0.0005,cuda,False,False,1,76,76,0.4263400137424469
curriculum_hard,1,results_v3_lr0p1,results_v3_lr0p1,small_cnn,sgd,10,128,20000,0.1,0.9,0.0005,cuda,False,False,1,77,77,0.013802304863929749
curriculum_hard,1,results_v3_lr0p1,results_v3_lr0p1,small_cnn,sgd,10,128,20000,0.1,0.9,0.0005,cuda,False,False,1,78,78,0.4176628291606903
curriculum_hard,1,results_v3_lr0p1,results_v3_lr0p1,small_cnn,sgd,10,128,20000,0.1,0.9,0.0005,cuda,False,False,1,79,79,0.6514096260070801
curriculum_hard,1,results_v3_lr0p1,results_v3_lr0p1,small_cnn,sgd,10,128,20000,0.1,0.9,0.0005,cuda,False,False,1,80,80,0.7746387124061584
curriculum_hard,1,results_v3_lr0p1,results_v3_lr0p1,small_cnn,sgd,10,128,20000,0.1,0.9,0.0005,cuda,False,False,1,81,81,0.10059372335672379
curriculum_hard,1,results_v3_lr0p1,results_v3_lr0p1,small_cnn,sgd,10,128,20000,0.1,0.9,0.0005,cuda,False,False,1,82,82,0.35888078808784485
curriculum_hard,1,results_v3_lr0p1,results_v3_lr0p1,small_cnn,sgd,10,128,20000,0.1,0.9,0.0005,cuda,False,False,1,83,83,0.16502246260643005
curriculum_hard,1,results_v3_lr0p1,results_v3_lr0p1,small_cnn,sgd,10,128,20000,0.1,0.9,0.0005,cuda,False,False,1,84,84,-0.3293708264827728
curriculum_hard,1,results_v3_lr0p1,results_v3_lr0p1,small_cnn,sgd,10,128,20000,0.1,0.9,0.0005,cuda,False,False,1,85,85,0.27040165662765503
curriculum_hard,1,results_v3_lr0p1,results_v3_lr0p1,small_cnn,sgd,10,128,20000,0.1,0.9,0.0005,cuda,False,False,1,86,86,0.440773606300354
curriculum_hard,1,results_v3_lr0p1,results_v3_lr0p1,small_cnn,sgd,10,128,20000,0.1,0.9,0.0005,cuda,False,False,1,87,87,-0.035805150866508484
curriculum_hard,1,results_v3_lr0p1,results_v3_lr0p1,small_cnn,sgd,10,128,20000,0.1,0.9,0.0005,cuda,False,False,1,88,88,0.6247427463531494
curriculum_hard,1,results_v3_lr0p1,results_v3_lr0p1,small_cnn,sgd,10,128,20000,0.1,0.9,0.0005,cuda,False,False,1,89,89,0.6895791888237
curriculum_hard,1,results_v3_lr0p1,results_v3_lr0p1,small_cnn,sgd,10,128,20000,0.1,0.9,0.0005,cuda,False,False,1,90,90,-0.362396240234375
curriculum_hard,1,results_v3_lr0p1,results_v3_lr0p1,small_cnn,sgd,10,128,20000,0.1,0.9,0.0005,cuda,False,False,1,91,91,0.5323032140731812
curriculum_hard,1,results_v3_lr0p1,results_v3_lr0p1,small_cnn,sgd,10,128,20000,0.1,0.9,0.0005,cuda,False,False,1,92,92,0.6346893310546875
curriculum_hard,1,results_v3_lr0p1,results_v3_lr0p1,small_cnn,sgd,10,128,20000,0.1,0.9,0.0005,cuda,False,False,1,93,93,0.08514668792486191
curriculum_hard,1,results_v3_lr0p1,results_v3_lr0p1,small_cnn,sgd,10,128,20000,0.1,0.9,0.0005,cuda,False,False,1,94,94,0.4327661395072937
curriculum_hard,1,results_v3_lr0p1,results_v3_lr0p1,small_cnn,sgd,10,128,20000,0.1,0.9,0.0005,cuda,False,False,1,95,95,0.38590574264526367
curriculum_hard,1,results_v3_lr0p1,results_v3_lr0p1,small_cnn,sgd,10,128,20000,0.1,0.9,0.0005,cuda,False,False,1,96,96,0.29078418016433716
curriculum_hard,1,results_v3_lr0p1,results_v3_lr0p1,small_cnn,sgd,10,128,20000,0.1,0.9,0.0005,cuda,False,False,1,97,97,0.41263547539711
curriculum_hard,1,results_v3_lr0p1,results_v3_lr0p1,small_cnn,sgd,10,128,20000,0.1,0.9,0.0005,cuda,False,False,1,98,98,-0.038913652300834656
curriculum_hard,1,results_v3_lr0p1,results_v3_lr0p1,small_cnn,sgd,10,128,20000,0.1,0.9,0.0005,cuda,False,False,1,99,99,0.36008045077323914
curriculum_hard,1,results_v3_lr0p1,results_v3_lr0p1,small_cnn,sgd,10,128,20000,0.1,0.9,0.0005,cuda,False,False,1,100,100,0.10890504717826843
curriculum_hard,1,results_v3_lr0p1,results_v3_lr0p1,small_cnn,sgd,10,128,20000,0.1,0.9,0.0005,cuda,False,False,1,101,101,-0.18886148929595947
curriculum_hard,1,results_v3_lr0p1,results_v3_lr0p1,small_cnn,sgd,10,128,20000,0.1,0.9,0.0005,cuda,False,False,1,102,102,-0.008250970393419266
curriculum_hard,1,results_v3_lr0p1,results_v3_lr0p1,small_cnn,sgd,10,128,20000,0.1,0.9,0.0005,cuda,False,False,1,103,103,0.36852702498435974
curriculum_hard,1,results_v3_lr0p1,results_v3_lr0p1,small_cnn,sgd,10,128,20000,0.1,0.9,0.0005,cuda,False,False,1,104,104,0.2665819227695465
curriculum_hard,1,results_v3_lr0p1,results_v3_lr0p1,small_cnn,sgd,10,128,20000,0.1,0.9,0.0005,cuda,False,False,1,105,105,0.1527353674173355
curriculum_hard,1,results_v3_lr0p1,results_v3_lr0p1,small_cnn,sgd,10,128,20000,0.1,0.9,0.0005,cuda,False,False,1,106,106,0.5866568684577942
curriculum_hard,1,results_v3_lr0p1,results_v3_lr0p1,small_cnn,sgd,10,128,20000,0.1,0.9,0.0005,cuda,False,False,1,107,107,-0.05908261239528656
curriculum_hard,1,results_v3_lr0p1,results_v3_lr0p1,small_cnn,sgd,10,128,20000,0.1,0.9,0.0005,cuda,False,False,1,108,108,0.5478876829147339
curriculum_hard,1,results_v3_lr0p1,results_v3_lr0p1,small_cnn,sgd,10,128,20000,0.1,0.9,0.0005,cuda,False,False,1,109,109,0.499033123254776
curriculum_hard,1,results_v3_lr0p1,results_v3_lr0p1,small_cnn,sgd,10,128,20000,0.1,0.9,0.0005,cuda,False,False,1,110,110,0.49061378836631775
curriculum_hard,1,results_v3_lr0p1,results_v3_lr0p1,small_cnn,sgd,10,128,20000,0.1,0.9,0.0005,cuda,False,False,1,111,111,0.3476930856704712
curriculum_hard,1,results_v3_lr0p1,results_v3_lr0p1,small_cnn,sgd,10,128,20000,0.1,0.9,0.0005,cuda,False,False,1,112,112,0.13903333246707916
curriculum_hard,1,results_v3_lr0p1,results_v3_lr0p1,small_cnn,sgd,10,128,20000,0.1,0.9,0.0005,cuda,False,False,1,113,113,0.693008303642273
curriculum_hard,1,results_v3_lr0p1,results_v3_lr0p1,small_cnn,sgd,10,128,20000,0.1,0.9,0.0005,cuda,False,False,1,114,114,0.07991156727075577
curriculum_hard,1,results_v3_lr0p1,results_v3_lr0p1,small_cnn,sgd,10,128,20000,0.1,0.9,0.0005,cuda,False,False,1,115,115,0.5437214970588684
curriculum_hard,1,results_v3_lr0p1,results_v3_lr0p1,small_cnn,sgd,10,128,20000,0.1,0.9,0.0005,cuda,False,False,1,116,116,0.056300729513168335
curriculum_hard,1,results_v3_lr0p1,results_v3_lr0p1,small_cnn,sgd,10,128,20000,0.1,0.9,0.0005,cuda,False,False,1,117,117,0.5763628482818604
curriculum_hard,1,results_v3_lr0p1,results_v3_lr0p1,small_cnn,sgd,10,128,20000,0.1,0.9,0.0005,cuda,False,False,1,118,118,0.4726065397262573
curriculum_hard,1,results_v3_lr0p1,results_v3_lr0p1,small_cnn,sgd,10,128,20000,0.1,0.9,0.0005,cuda,False,False,1,119,119,0.796291708946228
curriculum_hard,1,results_v3_lr0p1,results_v3_lr0p1,small_cnn,sgd,10,128,20000,0.1,0.9,0.0005,cuda,False,False,1,120,120,-0.12966859340667725
curriculum_hard,1,results_v3_lr0p1,results_v3_lr0p1,small_cnn,sgd,10,128,20000,0.1,0.9,0.0005,cuda,False,False,1,121,121,0.4955659806728363
curriculum_hard,1,results_v3_lr0p1,results_v3_lr0p1,small_cnn,sgd,10,128,20000,0.1,0.9,0.0005,cuda,False,False,1,122,122,0.21351078152656555
curriculum_hard,1,results_v3_lr0p1,results_v3_lr0p1,small_cnn,sgd,10,128,20000,0.1,0.9,0.0005,cuda,False,False,1,123,123,0.322620153427124
curriculum_hard,1,results_v3_lr0p1,results_v3_lr0p1,small_cnn,sgd,10,128,20000,0.1,0.9,0.0005,cuda,False,False,1,124,124,0.33238571882247925
curriculum_hard,1,results_v3_lr0p1,results_v3_lr0p1,small_cnn,sgd,10,128,20000,0.1,0.9,0.0005,cuda,False,False,1,125,125,0.5097851753234863
curriculum_hard,1,results_v3_lr0p1,results_v3_lr0p1,small_cnn,sgd,10,128,20000,0.1,0.9,0.0005,cuda,False,False,1,126,126,0.6685720682144165
curriculum_hard,1,results_v3_lr0p1,results_v3_lr0p1,small_cnn,sgd,10,128,20000,0.1,0.9,0.0005,cuda,False,False,1,127,127,0.6166380643844604
curriculum_hard,1,results_v3_lr0p1,results_v3_lr0p1,small_cnn,sgd,10,128,20000,0.1,0.9,0.0005,cuda,False,False,1,128,128,0.27041852474212646
curriculum_hard,1,results_v3_lr0p1,results_v3_lr0p1,small_cnn,sgd,10,128,20000,0.1,0.9,0.0005,cuda,False,False,1,129,129,0.5729115009307861
curriculum_hard,1,results_v3_lr0p1,results_v3_lr0p1,small_cnn,sgd,10,128,20000,0.1,0.9,0.0005,cuda,False,False,1,130,130,0.7143550515174866
curriculum_hard,1,results_v3_lr0p1,results_v3_lr0p1,small_cnn,sgd,10,128,20000,0.1,0.9,0.0005,cuda,False,False,1,131,131,0.6278377771377563
curriculum_hard,1,results_v3_lr0p1,results_v3_lr0p1,small_cnn,sgd,10,128,20000,0.1,0.9,0.0005,cuda,False,False,1,132,132,0.43428853154182434
curriculum_hard,1,results_v3_lr0p1,results_v3_lr0p1,small_cnn,sgd,10,128,20000,0.1,0.9,0.0005,cuda,False,False,1,133,133,0.8211234211921692
curriculum_hard,1,results_v3_lr0p1,results_v3_lr0p1,small_cnn,sgd,10,128,20000,0.1,0.9,0.0005,cuda,False,False,1,134,134,0.48300236463546753
curriculum_hard,1,results_v3_lr0p1,results_v3_lr0p1,small_cnn,sgd,10,128,20000,0.1,0.9,0.0005,cuda,False,False,1,135,135,0.4300299882888794
curriculum_hard,1,results_v3_lr0p1,results_v3_lr0p1,small_cnn,sgd,10,128,20000,0.1,0.9,0.0005,cuda,False,False,1,136,136,0.08111336082220078
curriculum_hard,1,results_v3_lr0p1,results_v3_lr0p1,small_cnn,sgd,10,128,20000,0.1,0.9,0.0005,cuda,False,False,1,137,137,0.5172431468963623
curriculum_hard,1,results_v3_lr0p1,results_v3_lr0p1,small_cnn,sgd,10,128,20000,0.1,0.9,0.0005,cuda,False,False,1,138,138,0.5928617715835571
curriculum_hard,1,results_v3_lr0p1,results_v3_lr0p1,small_cnn,sgd,10,128,20000,0.1,0.9,0.0005,cuda,False,False,1,139,139,0.3477616608142853
curriculum_hard,1,results_v3_lr0p1,results_v3_lr0p1,small_cnn,sgd,10,128,20000,0.1,0.9,0.0005,cuda,False,False,1,140,140,0.32861560583114624
curriculum_hard,1,results_v3_lr0p1,results_v3_lr0p1,small_cnn,sgd,10,128,20000,0.1,0.9,0.0005,cuda,False,False,1,141,141,0.2800148129463196
curriculum_hard,1,results_v3_lr0p1,results_v3_lr0p1,small_cnn,sgd,10,128,20000,0.1,0.9,0.0005,cuda,False,False,1,142,142,-0.20670515298843384
curriculum_hard,1,results_v3_lr0p1,results_v3_lr0p1,small_cnn,sgd,10,128,20000,0.1,0.9,0.0005,cuda,False,False,1,143,143,-0.3436388671398163
curriculum_hard,1,results_v3_lr0p1,results_v3_lr0p1,small_cnn,sgd,10,128,20000,0.1,0.9,0.0005,cuda,False,False,1,144,144,-0.1300441026687622
curriculum_hard,1,results_v3_lr0p1,results_v3_lr0p1,small_cnn,sgd,10,128,20000,0.1,0.9,0.0005,cuda,False,False,1,145,145,0.2539554834365845
curriculum_hard,1,results_v3_lr0p1,results_v3_lr0p1,small_cnn,sgd,10,128,20000,0.1,0.9,0.0005,cuda,False,False,1,146,146,0.6652328968048096
curriculum_hard,1,results_v3_lr0p1,results_v3_lr0p1,small_cnn,sgd,10,128,20000,0.1,0.9,0.0005,cuda,False,False,1,147,147,-0.4720364212989807
curriculum_hard,1,results_v3_lr0p1,results_v3_lr0p1,small_cnn,sgd,10,128,20000,0.1,0.9,0.0005,cuda,False,False,1,148,148,0.07669942826032639
curriculum_hard,1,results_v3_lr0p1,results_v3_lr0p1,small_cnn,sgd,10,128,20000,0.1,0.9,0.0005,cuda,False,False,1,149,149,-0.083872489631176
curriculum_hard,1,results_v3_lr0p1,results_v3_lr0p1,small_cnn,sgd,10,128,20000,0.1,0.9,0.0005,cuda,False,False,1,150,150,0.304627001285553
curriculum_hard,1,results_v3_lr0p1,results_v3_lr0p1,small_cnn,sgd,10,128,20000,0.1,0.9,0.0005,cuda,False,False,1,151,151,0.172536239027977
curriculum_hard,1,results_v3_lr0p1,results_v3_lr0p1,small_cnn,sgd,10,128,20000,0.1,0.9,0.0005,cuda,False,False,1,152,152,0.8682247400283813
curriculum_hard,1,results_v3_lr0p1,results_v3_lr0p1,small_cnn,sgd,10,128,20000,0.1,0.9,0.0005,cuda,False,False,1,153,153,0.903925895690918
curriculum_hard,1,results_v3_lr0p1,results_v3_lr0p1,small_cnn,sgd,10,128,20000,0.1,0.9,0.0005,cuda,False,False,1,154,154,-0.37366101145744324
curriculum_hard,1,results_v3_lr0p1,results_v3_lr0p1,small_cnn,sgd,10,128,20000,0.1,0.9,0.0005,cuda,False,False,1,155,155,0.4214302897453308
curriculum_hard,1,results_v3_lr0p1,results_v3_lr0p1,small_cnn,sgd,10,128,20000,0.1,0.9,0.0005,cuda,False,False,1,156,156,0.2889212667942047
curriculum_hard,1,results_v3_lr0p1,results_v3_lr0p1,small_cnn,sgd,10,128,20000,0.1,0.9,0.0005,cuda,False,False,1,157,157,0.5147898197174072
curriculum_hard,1,results_v3_lr0p1,results_v3_lr0p1,small_cnn,sgd,10,128,20000,0.1,0.9,0.0005,cuda,False,False,2,1,158,-0.09583267569541931
curriculum_hard,1,results_v3_lr0p1,results_v3_lr0p1,small_cnn,sgd,10,128,20000,0.1,0.9,0.0005,cuda,False,False,2,2,159,0.06278030574321747
curriculum_hard,1,results_v3_lr0p1,results_v3_lr0p1,small_cnn,sgd,10,128,20000,0.1,0.9,0.0005,cuda,False,False,2,3,160,0.313318133354187
curriculum_hard,1,results_v3_lr0p1,results_v3_lr0p1,small_cnn,sgd,10,128,20000,0.1,0.9,0.0005,cuda,False,False,2,4,161,0.13940908014774323
curriculum_hard,1,results_v3_lr0p1,results_v3_lr0p1,small_cnn,sgd,10,128,20000,0.1,0.9,0.0005,cuda,False,False,2,5,162,0.8230229616165161
curriculum_hard,1,results_v3_lr0p1,results_v3_lr0p1,small_cnn,sgd,10,128,20000,0.1,0.9,0.0005,cuda,False,False,2,6,163,0.8505660891532898
curriculum_hard,1,results_v3_lr0p1,results_v3_lr0p1,small_cnn,sgd,10,128,20000,0.1,0.9,0.0005,cuda,False,False,2,7,164,0.3469637930393219
curriculum_hard,1,results_v3_lr0p1,results_v3_lr0p1,small_cnn,sgd,10,128,20000,0.1,0.9,0.0005,cuda,False,False,2,8,165,0.26786696910858154
curriculum_hard,1,results_v3_lr0p1,results_v3_lr0p1,small_cnn,sgd,10,128,20000,0.1,0.9,0.0005,cuda,False,False,2,9,166,0.1546737551689148
curriculum_hard,1,results_v3_lr0p1,results_v3_lr0p1,small_cnn,sgd,10,128,20000,0.1,0.9,0.0005,cuda,False,False,2,10,167,0.4265368580818176
curriculum_hard,1,results_v3_lr0p1,results_v3_lr0p1,small_cnn,sgd,10,128,20000,0.1,0.9,0.0005,cuda,False,False,2,11,168,0.30414044857025146
curriculum_hard,1,results_v3_lr0p1,results_v3_lr0p1,small_cnn,sgd,10,128,20000,0.1,0.9,0.0005,cuda,False,False,2,12,169,-0.33298608660697937
curriculum_hard,1,results_v3_lr0p1,results_v3_lr0p1,small_cnn,sgd,10,128,20000,0.1,0.9,0.0005,cuda,False,False,2,13,170,0.18147891759872437
curriculum_hard,1,results_v3_lr0p1,results_v3_lr0p1,small_cnn,sgd,10,128,20000,0.1,0.9,0.0005,cuda,False,False,2,14,171,0.22132866084575653
curriculum_hard,1,results_v3_lr0p1,results_v3_lr0p1,small_cnn,sgd,10,128,20000,0.1,0.9,0.0005,cuda,False,False,2,15,172,0.08185131847858429
curriculum_hard,1,results_v3_lr0p1,results_v3_lr0p1,small_cnn,sgd,10,128,20000,0.1,0.9,0.0005,cuda,False,False,2,16,173,0.402048259973526
curriculum_hard,1,results_v3_lr0p1,results_v3_lr0p1,small_cnn,sgd,10,128,20000,0.1,0.9,0.0005,cuda,False,False,2,17,174,-0.18831418454647064
curriculum_hard,1,results_v3_lr0p1,results_v3_lr0p1,small_cnn,sgd,10,128,20000,0.1,0.9,0.0005,cuda,False,False,2,18,175,-0.1312602311372757
curriculum_hard,1,results_v3_lr0p1,results_v3_lr0p1,small_cnn,sgd,10,128,20000,0.1,0.9,0.0005,cuda,False,False,2,19,176,0.2262297421693802
curriculum_hard,1,results_v3_lr0p1,results_v3_lr0p1,small_cnn,sgd,10,128,20000,0.1,0.9,0.0005,cuda,False,False,2,20,177,0.32755014300346375
curriculum_hard,1,results_v3_lr0p1,results_v3_lr0p1,small_cnn,sgd,10,128,20000,0.1,0.9,0.0005,cuda,False,False,2,21,178,0.3804657459259033
curriculum_hard,1,results_v3_lr0p1,results_v3_lr0p1,small_cnn,sgd,10,128,20000,0.1,0.9,0.0005,cuda,False,False,2,22,179,0.2735162377357483
curriculum_hard,1,results_v3_lr0p1,results_v3_lr0p1,small_cnn,sgd,10,128,20000,0.1,0.9,0.0005,cuda,False,False,2,23,180,0.20247283577919006
curriculum_hard,1,results_v3_lr0p1,results_v3_lr0p1,small_cnn,sgd,10,128,20000,0.1,0.9,0.0005,cuda,False,False,2,24,181,0.5265544056892395
curriculum_hard,1,results_v3_lr0p1,results_v3_lr0p1,small_cnn,sgd,10,128,20000,0.1,0.9,0.0005,cuda,False,False,2,25,182,0.07953190058469772
curriculum_hard,1,results_v3_lr0p1,results_v3_lr0p1,small_cnn,sgd,10,128,20000,0.1,0.9,0.0005,cuda,False,False,2,26,183,0.36633971333503723
curriculum_hard,1,results_v3_lr0p1,results_v3_lr0p1,small_cnn,sgd,10,128,20000,0.1,0.9,0.0005,cuda,False,False,2,27,184,-0.13921087980270386
curriculum_hard,1,results_v3_lr0p1,results_v3_lr0p1,small_cnn,sgd,10,128,20000,0.1,0.9,0.0005,cuda,False,False,2,28,185,0.6613789200782776
curriculum_hard,1,results_v3_lr0p1,results_v3_lr0p1,small_cnn,sgd,10,128,20000,0.1,0.9,0.0005,cuda,False,False,2,29,186,0.2359866499900818
curriculum_hard,1,results_v3_lr0p1,results_v3_lr0p1,small_cnn,sgd,10,128,20000,0.1,0.9,0.0005,cuda,False,False,2,30,187,0.12507861852645874
curriculum_hard,1,results_v3_lr0p1,results_v3_lr0p1,small_cnn,sgd,10,128,20000,0.1,0.9,0.0005,cuda,False,False,2,31,188,0.4081729054450989
curriculum_hard,1,results_v3_lr0p1,results_v3_lr0p1,small_cnn,sgd,10,128,20000,0.1,0.9,0.0005,cuda,False,False,2,32,189,0.6911798715591431
curriculum_hard,1,results_v3_lr0p1,results_v3_lr0p1,small_cnn,sgd,10,128,20000,0.1,0.9,0.0005,cuda,False,False,2,33,190,0.09895312786102295
curriculum_hard,1,results_v3_lr0p1,results_v3_lr0p1,small_cnn,sgd,10,128,20000,0.1,0.9,0.0005,cuda,False,False,2,34,191,0.10775373876094818
curriculum_hard,1,results_v3_lr0p1,results_v3_lr0p1,small_cnn,sgd,10,128,20000,0.1,0.9,0.0005,cuda,False,False,2,35,192,0.7528344988822937
curriculum_hard,1,results_v3_lr0p1,results_v3_lr0p1,small_cnn,sgd,10,128,20000,0.1,0.9,0.0005,cuda,False,False,2,36,193,0.39926230907440186
curriculum_hard,1,results_v3_lr0p1,results_v3_lr0p1,small_cnn,sgd,10,128,20000,0.1,0.9,0.0005,cuda,False,False,2,37,194,0.17246927320957184
curriculum_hard,1,results_v3_lr0p1,results_v3_lr0p1,small_cnn,sgd,10,128,20000,0.1,0.9,0.0005,cuda,False,False,2,38,195,0.5933179259300232
curriculum_hard,1,results_v3_lr0p1,results_v3_lr0p1,small_cnn,sgd,10,128,20000,0.1,0.9,0.0005,cuda,False,False,2,39,196,-0.160159632563591
curriculum_hard,1,results_v3_lr0p1,results_v3_lr0p1,small_cnn,sgd,10,128,20000,0.1,0.9,0.0005,cuda,False,False,2,40,197,0.2976568341255188
curriculum_hard,1,results_v3_lr0p1,results_v3_lr0p1,small_cnn,sgd,10,128,20000,0.1,0.9,0.0005,cuda,False,False,2,41,198,0.5741482973098755
curriculum_hard,1,results_v3_lr0p1,results_v3_lr0p1,small_cnn,sgd,10,128,20000,0.1,0.9,0.0005,cuda,False,False,2,42,199,0.0841936320066452
curriculum_hard,1,results_v3_lr0p1,results_v3_lr0p1,small_cnn,sgd,10,128,20000,0.1,0.9,0.0005,cuda,False,False,2,43,200,0.47123807668685913
curriculum_hard,1,results_v3_lr0p1,results_v3_lr0p1,small_cnn,sgd,10,128,20000,0.1,0.9,0.0005,cuda,False,False,2,44,201,0.5307803750038147
curriculum_hard,1,results_v3_lr0p1,results_v3_lr0p1,small_cnn,sgd,10,128,20000,0.1,0.9,0.0005,cuda,False,False,2,45,202,-0.11083617061376572
curriculum_hard,1,results_v3_lr0p1,results_v3_lr0p1,small_cnn,sgd,10,128,20000,0.1,0.9,0.0005,cuda,False,False,2,46,203,0.40227726101875305
curriculum_hard,1,results_v3_lr0p1,results_v3_lr0p1,small_cnn,sgd,10,128,20000,0.1,0.9,0.0005,cuda,False,False,2,47,204,0.3595133125782013
curriculum_hard,1,results_v3_lr0p1,results_v3_lr0p1,small_cnn,sgd,10,128,20000,0.1,0.9,0.0005,cuda,False,False,2,48,205,0.7210123538970947
curriculum_hard,1,results_v3_lr0p1,results_v3_lr0p1,small_cnn,sgd,10,128,20000,0.1,0.9,0.0005,cuda,False,False,2,49,206,-0.27044403553009033
curriculum_hard,1,results_v3_lr0p1,results_v3_lr0p1,small_cnn,sgd,10,128,20000,0.1,0.9,0.0005,cuda,False,False,2,50,207,0.7049371004104614
curriculum_hard,1,results_v3_lr0p1,results_v3_lr0p1,small_cnn,sgd,10,128,20000,0.1,0.9,0.0005,cuda,False,False,2,51,208,0.5502628087997437
curriculum_hard,1,results_v3_lr0p1,results_v3_lr0p1,small_cnn,sgd,10,128,20000,0.1,0.9,0.0005,cuda,False,False,2,52,209,-0.2632077634334564
curriculum_hard,1,results_v3_lr0p1,results_v3_lr0p1,small_cnn,sgd,10,128,20000,0.1,0.9,0.0005,cuda,False,False,2,53,210,0.3268386125564575
curriculum_hard,1,results_v3_lr0p1,results_v3_lr0p1,small_cnn,sgd,10,128,20000,0.1,0.9,0.0005,cuda,False,False,2,54,211,0.6056718826293945
curriculum_hard,1,results_v3_lr0p1,results_v3_lr0p1,small_cnn,sgd,10,128,20000,0.1,0.9,0.0005,cuda,False,False,2,55,212,0.47334641218185425
curriculum_hard,1,results_v3_lr0p1,results_v3_lr0p1,small_cnn,sgd,10,128,20000,0.1,0.9,0.0005,cuda,False,False,2,56,213,-0.13038523495197296
curriculum_hard,1,results_v3_lr0p1,results_v3_lr0p1,small_cnn,sgd,10,128,20000,0.1,0.9,0.0005,cuda,False,False,2,57,214,0.20737841725349426
curriculum_hard,1,results_v3_lr0p1,results_v3_lr0p1,small_cnn,sgd,10,128,20000,0.1,0.9,0.0005,cuda,False,False,2,58,215,0.5687413215637207
curriculum_hard,1,results_v3_lr0p1,results_v3_lr0p1,small_cnn,sgd,10,128,20000,0.1,0.9,0.0005,cuda,False,False,2,59,216,0.3264743685722351
curriculum_hard,1,results_v3_lr0p1,results_v3_lr0p1,small_cnn,sgd,10,128,20000,0.1,0.9,0.0005,cuda,False,False,2,60,217,0.0003882758319377899
curriculum_hard,1,results_v3_lr0p1,results_v3_lr0p1,small_cnn,sgd,10,128,20000,0.1,0.9,0.0005,cuda,False,False,2,61,218,0.42143702507019043
curriculum_hard,1,results_v3_lr0p1,results_v3_lr0p1,small_cnn,sgd,10,128,20000,0.1,0.9,0.0005,cuda,False,False,2,62,219,-0.04191705584526062
curriculum_hard,1,results_v3_lr0p1,results_v3_lr0p1,small_cnn,sgd,10,128,20000,0.1,0.9,0.0005,cuda,False,False,2,63,220,0.6327223777770996
curriculum_hard,1,results_v3_lr0p1,results_v3_lr0p1,small_cnn,sgd,10,128,20000,0.1,0.9,0.0005,cuda,False,False,2,64,221,0.41607797145843506
curriculum_hard,1,results_v3_lr0p1,results_v3_lr0p1,small_cnn,sgd,10,128,20000,0.1,0.9,0.0005,cuda,False,False,2,65,222,0.0036079958081245422
curriculum_hard,1,results_v3_lr0p1,results_v3_lr0p1,small_cnn,sgd,10,128,20000,0.1,0.9,0.0005,cuda,False,False,2,66,223,0.3886905312538147
curriculum_hard,1,results_v3_lr0p1,results_v3_lr0p1,small_cnn,sgd,10,128,20000,0.1,0.9,0.0005,cuda,False,False,2,67,224,0.3809596300125122
curriculum_hard,1,results_v3_lr0p1,results_v3_lr0p1,small_cnn,sgd,10,128,20000,0.1,0.9,0.0005,cuda,False,False,2,68,225,0.3486118018627167
curriculum_hard,1,results_v3_lr0p1,results_v3_lr0p1,small_cnn,sgd,10,128,20000,0.1,0.9,0.0005,cuda,False,False,2,69,226,0.6622394323348999
curriculum_hard,1,results_v3_lr0p1,results_v3_lr0p1,small_cnn,sgd,10,128,20000,0.1,0.9,0.0005,cuda,False,False,2,70,227,0.05123143643140793
curriculum_hard,1,results_v3_lr0p1,results_v3_lr0p1,small_cnn,sgd,10,128,20000,0.1,0.9,0.0005,cuda,False,False,2,71,228,0.20130932331085205
curriculum_hard,1,results_v3_lr0p1,results_v3_lr0p1,small_cnn,sgd,10,128,20000,0.1,0.9,0.0005,cuda,False,False,2,72,229,0.3111892640590668
curriculum_hard,1,results_v3_lr0p1,results_v3_lr0p1,small_cnn,sgd,10,128,20000,0.1,0.9,0.0005,cuda,False,False,2,73,230,0.3588336110115051
curriculum_hard,1,results_v3_lr0p1,results_v3_lr0p1,small_cnn,sgd,10,128,20000,0.1,0.9,0.0005,cuda,False,False,2,74,231,0.2685268521308899
curriculum_hard,1,results_v3_lr0p1,results_v3_lr0p1,small_cnn,sgd,10,128,20000,0.1,0.9,0.0005,cuda,False,False,2,75,232,0.31526294350624084
curriculum_hard,1,results_v3_lr0p1,results_v3_lr0p1,small_cnn,sgd,10,128,20000,0.1,0.9,0.0005,cuda,False,False,2,76,233,0.30181804299354553
curriculum_hard,1,results_v3_lr0p1,results_v3_lr0p1,small_cnn,sgd,10,128,20000,0.1,0.9,0.0005,cuda,False,False,2,77,234,0.0032128486782312393
curriculum_hard,1,results_v3_lr0p1,results_v3_lr0p1,small_cnn,sgd,10,128,20000,0.1,0.9,0.0005,cuda,False,False,2,78,235,-0.4787907600402832
curriculum_hard,1,results_v3_lr0p1,results_v3_lr0p1,small_cnn,sgd,10,128,20000,0.1,0.9,0.0005,cuda,False,False,2,79,236,0.5870575904846191
curriculum_hard,1,results_v3_lr0p1,results_v3_lr0p1,small_cnn,sgd,10,128,20000,0.1,0.9,0.0005,cuda,False,False,2,80,237,0.21915525197982788
curriculum_hard,1,results_v3_lr0p1,results_v3_lr0p1,small_cnn,sgd,10,128,20000,0.1,0.9,0.0005,cuda,False,False,2,81,238,0.3485243618488312
curriculum_hard,1,results_v3_lr0p1,results_v3_lr0p1,small_cnn,sgd,10,128,20000,0.1,0.9,0.0005,cuda,False,False,2,82,239,0.06769013404846191
curriculum_hard,1,results_v3_lr0p1,results_v3_lr0p1,small_cnn,sgd,10,128,20000,0.1,0.9,0.0005,cuda,False,False,2,83,240,0.11024271696805954
curriculum_hard,1,results_v3_lr0p1,results_v3_lr0p1,small_cnn,sgd,10,128,20000,0.1,0.9,0.0005,cuda,False,False,2,84,241,0.42094850540161133
curriculum_hard,1,results_v3_lr0p1,results_v3_lr0p1,small_cnn,sgd,10,128,20000,0.1,0.9,0.0005,cuda,False,False,2,85,242,0.07666494697332382
curriculum_hard,1,results_v3_lr0p1,results_v3_lr0p1,small_cnn,sgd,10,128,20000,0.1,0.9,0.0005,cuda,False,False,2,86,243,0.4792786240577698
curriculum_hard,1,results_v3_lr0p1,results_v3_lr0p1,small_cnn,sgd,10,128,20000,0.1,0.9,0.0005,cuda,False,False,2,87,244,0.509712815284729
curriculum_hard,1,results_v3_lr0p1,results_v3_lr0p1,small_cnn,sgd,10,128,20000,0.1,0.9,0.0005,cuda,False,False,2,88,245,-0.09491389989852905
curriculum_hard,1,results_v3_lr0p1,results_v3_lr0p1,small_cnn,sgd,10,128,20000,0.1,0.9,0.0005,cuda,False,False,2,89,246,0.4318762421607971
curriculum_hard,1,results_v3_lr0p1,results_v3_lr0p1,small_cnn,sgd,10,128,20000,0.1,0.9,0.0005,cuda,False,False,2,90,247,0.314363032579422
curriculum_hard,1,results_v3_lr0p1,results_v3_lr0p1,small_cnn,sgd,10,128,20000,0.1,0.9,0.0005,cuda,False,False,2,91,248,-0.2608376741409302
curriculum_hard,1,results_v3_lr0p1,results_v3_lr0p1,small_cnn,sgd,10,128,20000,0.1,0.9,0.0005,cuda,False,False,2,92,249,0.4385690689086914
curriculum_hard,1,results_v3_lr0p1,results_v3_lr0p1,small_cnn,sgd,10,128,20000,0.1,0.9,0.0005,cuda,False,False,2,93,250,0.00970931351184845
curriculum_hard,1,results_v3_lr0p1,results_v3_lr0p1,small_cnn,sgd,10,128,20000,0.1,0.9,0.0005,cuda,False,False,2,94,251,-0.004704196006059647
curriculum_hard,1,results_v3_lr0p1,results_v3_lr0p1,small_cnn,sgd,10,128,20000,0.1,0.9,0.0005,cuda,False,False,2,95,252,-0.12526461482048035
curriculum_hard,1,results_v3_lr0p1,results_v3_lr0p1,small_cnn,sgd,10,128,20000,0.1,0.9,0.0005,cuda,False,False,2,96,253,0.5558620095252991
curriculum_hard,1,results_v3_lr0p1,results_v3_lr0p1,small_cnn,sgd,10,128,20000,0.1,0.9,0.0005,cuda,False,False,2,97,254,0.14072631299495697
curriculum_hard,1,results_v3_lr0p1,results_v3_lr0p1,small_cnn,sgd,10,128,20000,0.1,0.9,0.0005,cuda,False,False,2,98,255,0.09948916733264923
curriculum_hard,1,results_v3_lr0p1,results_v3_lr0p1,small_cnn,sgd,10,128,20000,0.1,0.9,0.0005,cuda,False,False,2,99,256,0.1094951331615448
curriculum_hard,1,results_v3_lr0p1,results_v3_lr0p1,small_cnn,sgd,10,128,20000,0.1,0.9,0.0005,cuda,False,False,2,100,257,0.20339006185531616
curriculum_hard,1,results_v3_lr0p1,results_v3_lr0p1,small_cnn,sgd,10,128,20000,0.1,0.9,0.0005,cuda,False,False,2,101,258,0.09581635892391205
curriculum_hard,1,results_v3_lr0p1,results_v3_lr0p1,small_cnn,sgd,10,128,20000,0.1,0.9,0.0005,cuda,False,False,2,102,259,-0.4751077890396118
curriculum_hard,1,results_v3_lr0p1,results_v3_lr0p1,small_cnn,sgd,10,128,20000,0.1,0.9,0.0005,cuda,False,False,2,103,260,0.20705746114253998
curriculum_hard,1,results_v3_lr0p1,results_v3_lr0p1,small_cnn,sgd,10,128,20000,0.1,0.9,0.0005,cuda,False,False,2,104,261,0.25938066840171814
curriculum_hard,1,results_v3_lr0p1,results_v3_lr0p1,small_cnn,sgd,10,128,20000,0.1,0.9,0.0005,cuda,False,False,2,105,262,0.3053897023200989
curriculum_hard,1,results_v3_lr0p1,results_v3_lr0p1,small_cnn,sgd,10,128,20000,0.1,0.9,0.0005,cuda,False,False,2,106,263,0.6316779851913452
curriculum_hard,1,results_v3_lr0p1,results_v3_lr0p1,small_cnn,sgd,10,128,20000,0.1,0.9,0.0005,cuda,False,False,2,107,264,-0.04750938341021538
curriculum_hard,1,results_v3_lr0p1,results_v3_lr0p1,small_cnn,sgd,10,128,20000,0.1,0.9,0.0005,cuda,False,False,2,108,265,0.4029947519302368
curriculum_hard,1,results_v3_lr0p1,results_v3_lr0p1,small_cnn,sgd,10,128,20000,0.1,0.9,0.0005,cuda,False,False,2,109,266,0.03550067916512489
curriculum_hard,1,results_v3_lr0p1,results_v3_lr0p1,small_cnn,sgd,10,128,20000,0.1,0.9,0.0005,cuda,False,False,2,110,267,0.38961610198020935
curriculum_hard,1,results_v3_lr0p1,results_v3_lr0p1,small_cnn,sgd,10,128,20000,0.1,0.9,0.0005,cuda,False,False,2,111,268,0.12936390936374664
curriculum_hard,1,results_v3_lr0p1,results_v3_lr0p1,small_cnn,sgd,10,128,20000,0.1,0.9,0.0005,cuda,False,False,2,112,269,0.2736065685749054
curriculum_hard,1,results_v3_lr0p1,results_v3_lr0p1,small_cnn,sgd,10,128,20000,0.1,0.9,0.0005,cuda,False,False,2,113,270,0.3428417444229126
curriculum_hard,1,results_v3_lr0p1,results_v3_lr0p1,small_cnn,sgd,10,128,20000,0.1,0.9,0.0005,cuda,False,False,2,114,271,-0.19660834968090057
curriculum_hard,1,results_v3_lr0p1,results_v3_lr0p1,small_cnn,sgd,10,128,20000,0.1,0.9,0.0005,cuda,False,False,2,115,272,0.7127906680107117
curriculum_hard,1,results_v3_lr0p1,results_v3_lr0p1,small_cnn,sgd,10,128,20000,0.1,0.9,0.0005,cuda,False,False,2,116,273,0.020619720220565796
curriculum_hard,1,results_v3_lr0p1,results_v3_lr0p1,small_cnn,sgd,10,128,20000,0.1,0.9,0.0005,cuda,False,False,2,117,274,0.41424572467803955
curriculum_hard,1,results_v3_lr0p1,results_v3_lr0p1,small_cnn,sgd,10,128,20000,0.1,0.9,0.0005,cuda,False,False,2,118,275,0.41366046667099
curriculum_hard,1,results_v3_lr0p1,results_v3_lr0p1,small_cnn,sgd,10,128,20000,0.1,0.9,0.0005,cuda,False,False,2,119,276,0.7541645169258118
curriculum_hard,1,results_v3_lr0p1,results_v3_lr0p1,small_cnn,sgd,10,128,20000,0.1,0.9,0.0005,cuda,False,False,2,120,277,-0.4416225552558899
curriculum_hard,1,results_v3_lr0p1,results_v3_lr0p1,small_cnn,sgd,10,128,20000,0.1,0.9,0.0005,cuda,False,False,2,121,278,0.5320078134536743
curriculum_hard,1,results_v3_lr0p1,results_v3_lr0p1,small_cnn,sgd,10,128,20000,0.1,0.9,0.0005,cuda,False,False,2,122,279,0.08560910075902939
curriculum_hard,1,results_v3_lr0p1,results_v3_lr0p1,small_cnn,sgd,10,128,20000,0.1,0.9,0.0005,cuda,False,False,2,123,280,0.10032803565263748
curriculum_hard,1,results_v3_lr0p1,results_v3_lr0p1,small_cnn,sgd,10,128,20000,0.1,0.9,0.0005,cuda,False,False,2,124,281,0.3031218945980072
curriculum_hard,1,results_v3_lr0p1,results_v3_lr0p1,small_cnn,sgd,10,128,20000,0.1,0.9,0.0005,cuda,False,False,2,125,282,0.6064358949661255
curriculum_hard,1,results_v3_lr0p1,results_v3_lr0p1,small_cnn,sgd,10,128,20000,0.1,0.9,0.0005,cuda,False,False,2,126,283,0.4517250061035156
curriculum_hard,1,results_v3_lr0p1,results_v3_lr0p1,small_cnn,sgd,10,128,20000,0.1,0.9,0.0005,cuda,False,False,2,127,284,0.5691719651222229
curriculum_hard,1,results_v3_lr0p1,results_v3_lr0p1,small_cnn,sgd,10,128,20000,0.1,0.9,0.0005,cuda,False,False,2,128,285,0.4744778275489807
curriculum_hard,1,results_v3_lr0p1,results_v3_lr0p1,small_cnn,sgd,10,128,20000,0.1,0.9,0.0005,cuda,False,False,2,129,286,-0.027111880481243134
curriculum_hard,1,results_v3_lr0p1,results_v3_lr0p1,small_cnn,sgd,10,128,20000,0.1,0.9,0.0005,cuda,False,False,2,130,287,0.38530170917510986
curriculum_hard,1,results_v3_lr0p1,results_v3_lr0p1,small_cnn,sgd,10,128,20000,0.1,0.9,0.0005,cuda,False,False,2,131,288,0.6912770867347717
curriculum_hard,1,results_v3_lr0p1,results_v3_lr0p1,small_cnn,sgd,10,128,20000,0.1,0.9,0.0005,cuda,False,False,2,132,289,0.5102791786193848
curriculum_hard,1,results_v3_lr0p1,results_v3_lr0p1,small_cnn,sgd,10,128,20000,0.1,0.9,0.0005,cuda,False,False,2,133,290,0.8452121615409851
curriculum_hard,1,results_v3_lr0p1,results_v3_lr0p1,small_cnn,sgd,10,128,20000,0.1,0.9,0.0005,cuda,False,False,2,134,291,0.41819313168525696
curriculum_hard,1,results_v3_lr0p1,results_v3_lr0p1,small_cnn,sgd,10,128,20000,0.1,0.9,0.0005,cuda,False,False,2,135,292,-0.027475498616695404
curriculum_hard,1,results_v3_lr0p1,results_v3_lr0p1,small_cnn,sgd,10,128,20000,0.1,0.9,0.0005,cuda,False,False,2,136,293,0.12728601694107056
curriculum_hard,1,results_v3_lr0p1,results_v3_lr0p1,small_cnn,sgd,10,128,20000,0.1,0.9,0.0005,cuda,False,False,2,137,294,0.32804468274116516
curriculum_hard,1,results_v3_lr0p1,results_v3_lr0p1,small_cnn,sgd,10,128,20000,0.1,0.9,0.0005,cuda,False,False,2,138,295,0.34179654717445374
curriculum_hard,1,results_v3_lr0p1,results_v3_lr0p1,small_cnn,sgd,10,128,20000,0.1,0.9,0.0005,cuda,False,False,2,139,296,0.33725446462631226
curriculum_hard,1,results_v3_lr0p1,results_v3_lr0p1,small_cnn,sgd,10,128,20000,0.1,0.9,0.0005,cuda,False,False,2,140,297,0.01653004251420498
curriculum_hard,1,results_v3_lr0p1,results_v3_lr0p1,small_cnn,sgd,10,128,20000,0.1,0.9,0.0005,cuda,False,False,2,141,298,-0.044995784759521484
curriculum_hard,1,results_v3_lr0p1,results_v3_lr0p1,small_cnn,sgd,10,128,20000,0.1,0.9,0.0005,cuda,False,False,2,142,299,0.44428128004074097
curriculum_hard,1,results_v3_lr0p1,results_v3_lr0p1,small_cnn,sgd,10,128,20000,0.1,0.9,0.0005,cuda,False,False,2,143,300,-0.6813101172447205
curriculum_hard,1,results_v3_lr0p1,results_v3_lr0p1,small_cnn,sgd,10,128,20000,0.1,0.9,0.0005,cuda,False,False,2,144,301,0.0677005797624588
curriculum_hard,1,results_v3_lr0p1,results_v3_lr0p1,small_cnn,sgd,10,128,20000,0.1,0.9,0.0005,cuda,False,False,2,145,302,0.12126630544662476
curriculum_hard,1,results_v3_lr0p1,results_v3_lr0p1,small_cnn,sgd,10,128,20000,0.1,0.9,0.0005,cuda,False,False,2,146,303,-0.2504357397556305
curriculum_hard,1,results_v3_lr0p1,results_v3_lr0p1,small_cnn,sgd,10,128,20000,0.1,0.9,0.0005,cuda,False,False,2,147,304,-0.5024714469909668
curriculum_hard,1,results_v3_lr0p1,results_v3_lr0p1,small_cnn,sgd,10,128,20000,0.1,0.9,0.0005,cuda,False,False,2,148,305,0.6698365211486816
curriculum_hard,1,results_v3_lr0p1,results_v3_lr0p1,small_cnn,sgd,10,128,20000,0.1,0.9,0.0005,cuda,False,False,2,149,306,0.14342305064201355
curriculum_hard,1,results_v3_lr0p1,results_v3_lr0p1,small_cnn,sgd,10,128,20000,0.1,0.9,0.0005,cuda,False,False,2,150,307,0.5977060794830322
curriculum_hard,1,results_v3_lr0p1,results_v3_lr0p1,small_cnn,sgd,10,128,20000,0.1,0.9,0.0005,cuda,False,False,2,151,308,-0.37691348791122437
curriculum_hard,1,results_v3_lr0p1,results_v3_lr0p1,small_cnn,sgd,10,128,20000,0.1,0.9,0.0005,cuda,False,False,2,152,309,0.859006941318512
curriculum_hard,1,results_v3_lr0p1,results_v3_lr0p1,small_cnn,sgd,10,128,20000,0.1,0.9,0.0005,cuda,False,False,2,153,310,0.5389261245727539
curriculum_hard,1,results_v3_lr0p1,results_v3_lr0p1,small_cnn,sgd,10,128,20000,0.1,0.9,0.0005,cuda,False,False,2,154,311,-0.6905398964881897
curriculum_hard,1,results_v3_lr0p1,results_v3_lr0p1,small_cnn,sgd,10,128,20000,0.1,0.9,0.0005,cuda,False,False,2,155,312,0.6921539306640625
curriculum_hard,1,results_v3_lr0p1,results_v3_lr0p1,small_cnn,sgd,10,128,20000,0.1,0.9,0.0005,cuda,False,False,2,156,313,0.24009835720062256
curriculum_hard,1,results_v3_lr0p1,results_v3_lr0p1,small_cnn,sgd,10,128,20000,0.1,0.9,0.0005,cuda,False,False,2,157,314,0.38488686084747314
curriculum_hard,1,results_v3_lr0p1,results_v3_lr0p1,small_cnn,sgd,10,128,20000,0.1,0.9,0.0005,cuda,False,False,3,1,315,-0.16698767244815826
curriculum_hard,1,results_v3_lr0p1,results_v3_lr0p1,small_cnn,sgd,10,128,20000,0.1,0.9,0.0005,cuda,False,False,3,2,316,-0.05466743931174278
curriculum_hard,1,results_v3_lr0p1,results_v3_lr0p1,small_cnn,sgd,10,128,20000,0.1,0.9,0.0005,cuda,False,False,3,3,317,0.17314323782920837
curriculum_hard,1,results_v3_lr0p1,results_v3_lr0p1,small_cnn,sgd,10,128,20000,0.1,0.9,0.0005,cuda,False,False,3,4,318,0.47852209210395813
curriculum_hard,1,results_v3_lr0p1,results_v3_lr0p1,small_cnn,sgd,10,128,20000,0.1,0.9,0.0005,cuda,False,False,3,5,319,0.6652945280075073
curriculum_hard,1,results_v3_lr0p1,results_v3_lr0p1,small_cnn,sgd,10,128,20000,0.1,0.9,0.0005,cuda,False,False,3,6,320,0.5135478377342224
curriculum_hard,1,results_v3_lr0p1,results_v3_lr0p1,small_cnn,sgd,10,128,20000,0.1,0.9,0.0005,cuda,False,False,3,7,321,0.6374051570892334
curriculum_hard,1,results_v3_lr0p1,results_v3_lr0p1,small_cnn,sgd,10,128,20000,0.1,0.9,0.0005,cuda,False,False,3,8,322,0.5418985486030579
curriculum_hard,1,results_v3_lr0p1,results_v3_lr0p1,small_cnn,sgd,10,128,20000,0.1,0.9,0.0005,cuda,False,False,3,9,323,0.2730136811733246
curriculum_hard,1,results_v3_lr0p1,results_v3_lr0p1,small_cnn,sgd,10,128,20000,0.1,0.9,0.0005,cuda,False,False,3,10,324,0.6164660453796387
curriculum_hard,1,results_v3_lr0p1,results_v3_lr0p1,small_cnn,sgd,10,128,20000,0.1,0.9,0.0005,cuda,False,False,3,11,325,0.6036704182624817
curriculum_hard,1,results_v3_lr0p1,results_v3_lr0p1,small_cnn,sgd,10,128,20000,0.1,0.9,0.0005,cuda,False,False,3,12,326,-0.3288649618625641
curriculum_hard,1,results_v3_lr0p1,results_v3_lr0p1,small_cnn,sgd,10,128,20000,0.1,0.9,0.0005,cuda,False,False,3,13,327,0.37368857860565186
curriculum_hard,1,results_v3_lr0p1,results_v3_lr0p1,small_cnn,sgd,10,128,20000,0.1,0.9,0.0005,cuda,False,False,3,14,328,-0.26409244537353516
curriculum_hard,1,results_v3_lr0p1,results_v3_lr0p1,small_cnn,sgd,10,128,20000,0.1,0.9,0.0005,cuda,False,False,3,15,329,-0.2264338731765747
curriculum_hard,1,results_v3_lr0p1,results_v3_lr0p1,small_cnn,sgd,10,128,20000,0.1,0.9,0.0005,cuda,False,False,3,16,330,-0.277250200510025
curriculum_hard,1,results_v3_lr0p1,results_v3_lr0p1,small_cnn,sgd,10,128,20000,0.1,0.9,0.0005,cuda,False,False,3,17,331,0.36899685859680176
curriculum_hard,1,results_v3_lr0p1,results_v3_lr0p1,small_cnn,sgd,10,128,20000,0.1,0.9,0.0005,cuda,False,False,3,18,332,-0.4050025939941406
curriculum_hard,1,results_v3_lr0p1,results_v3_lr0p1,small_cnn,sgd,10,128,20000,0.1,0.9,0.0005,cuda,False,False,3,19,333,0.17648208141326904
curriculum_hard,1,results_v3_lr0p1,results_v3_lr0p1,small_cnn,sgd,10,128,20000,0.1,0.9,0.0005,cuda,False,False,3,20,334,0.40206378698349
curriculum_hard,1,results_v3_lr0p1,results_v3_lr0p1,small_cnn,sgd,10,128,20000,0.1,0.9,0.0005,cuda,False,False,3,21,335,0.31610214710235596
curriculum_hard,1,results_v3_lr0p1,results_v3_lr0p1,small_cnn,sgd,10,128,20000,0.1,0.9,0.0005,cuda,False,False,3,22,336,0.4502863585948944
curriculum_hard,1,results_v3_lr0p1,results_v3_lr0p1,small_cnn,sgd,10,128,20000,0.1,0.9,0.0005,cuda,False,False,3,23,337,0.28444206714630127
curriculum_hard,1,results_v3_lr0p1,results_v3_lr0p1,small_cnn,sgd,10,128,20000,0.1,0.9,0.0005,cuda,False,False,3,24,338,0.24238091707229614
curriculum_hard,1,results_v3_lr0p1,results_v3_lr0p1,small_cnn,sgd,10,128,20000,0.1,0.9,0.0005,cuda,False,False,3,25,339,0.5194910168647766
curriculum_hard,1,results_v3_lr0p1,results_v3_lr0p1,small_cnn,sgd,10,128,20000,0.1,0.9,0.0005,cuda,False,False,3,26,340,0.39135316014289856
curriculum_hard,1,results_v3_lr0p1,results_v3_lr0p1,small_cnn,sgd,10,128,20000,0.1,0.9,0.0005,cuda,False,False,3,27,341,0.031711213290691376
curriculum_hard,1,results_v3_lr0p1,results_v3_lr0p1,small_cnn,sgd,10,128,20000,0.1,0.9,0.0005,cuda,False,False,3,28,342,-0.27945926785469055
curriculum_hard,1,results_v3_lr0p1,results_v3_lr0p1,small_cnn,sgd,10,128,20000,0.1,0.9,0.0005,cuda,False,False,3,29,343,0.42852702736854553
curriculum_hard,1,results_v3_lr0p1,results_v3_lr0p1,small_cnn,sgd,10,128,20000,0.1,0.9,0.0005,cuda,False,False,3,30,344,0.5526732206344604
curriculum_hard,1,results_v3_lr0p1,results_v3_lr0p1,small_cnn,sgd,10,128,20000,0.1,0.9,0.0005,cuda,False,False,3,31,345,-0.06820236146450043
curriculum_hard,1,results_v3_lr0p1,results_v3_lr0p1,small_cnn,sgd,10,128,20000,0.1,0.9,0.0005,cuda,False,False,3,32,346,0.2738288938999176
curriculum_hard,1,results_v3_lr0p1,results_v3_lr0p1,small_cnn,sgd,10,128,20000,0.1,0.9,0.0005,cuda,False,False,3,33,347,-0.022602997720241547
curriculum_hard,1,results_v3_lr0p1,results_v3_lr0p1,small_cnn,sgd,10,128,20000,0.1,0.9,0.0005,cuda,False,False,3,34,348,-0.21743571758270264
curriculum_hard,1,results_v3_lr0p1,results_v3_lr0p1,small_cnn,sgd,10,128,20000,0.1,0.9,0.0005,cuda,False,False,3,35,349,0.6309090852737427
curriculum_hard,1,results_v3_lr0p1,results_v3_lr0p1,small_cnn,sgd,10,128,20000,0.1,0.9,0.0005,cuda,False,False,3,36,350,-0.08963201940059662
curriculum_hard,1,results_v3_lr0p1,results_v3_lr0p1,small_cnn,sgd,10,128,20000,0.1,0.9,0.0005,cuda,False,False,3,37,351,0.35859665274620056
curriculum_hard,1,results_v3_lr0p1,results_v3_lr0p1,small_cnn,sgd,10,128,20000,0.1,0.9,0.0005,cuda,False,False,3,38,352,0.1645377278327942
curriculum_hard,1,results_v3_lr0p1,results_v3_lr0p1,small_cnn,sgd,10,128,20000,0.1,0.9,0.0005,cuda,False,False,3,39,353,0.13712230324745178
curriculum_hard,1,results_v3_lr0p1,results_v3_lr0p1,small_cnn,sgd,10,128,20000,0.1,0.9,0.0005,cuda,False,False,3,40,354,0.13003362715244293
curriculum_hard,1,results_v3_lr0p1,results_v3_lr0p1,small_cnn,sgd,10,128,20000,0.1,0.9,0.0005,cuda,False,False,3,41,355,0.0641264021396637
curriculum_hard,1,results_v3_lr0p1,results_v3_lr0p1,small_cnn,sgd,10,128,20000,0.1,0.9,0.0005,cuda,False,False,3,42,356,-0.11094383150339127
curriculum_hard,1,results_v3_lr0p1,results_v3_lr0p1,small_cnn,sgd,10,128,20000,0.1,0.9,0.0005,cuda,False,False,3,43,357,0.3837014436721802
curriculum_hard,1,results_v3_lr0p1,results_v3_lr0p1,small_cnn,sgd,10,128,20000,0.1,0.9,0.0005,cuda,False,False,3,44,358,-0.0320528969168663
curriculum_hard,1,results_v3_lr0p1,results_v3_lr0p1,small_cnn,sgd,10,128,20000,0.1,0.9,0.0005,cuda,False,False,3,45,359,0.5119394063949585
curriculum_hard,1,results_v3_lr0p1,results_v3_lr0p1,small_cnn,sgd,10,128,20000,0.1,0.9,0.0005,cuda,False,False,3,46,360,0.13666772842407227
curriculum_hard,1,results_v3_lr0p1,results_v3_lr0p1,small_cnn,sgd,10,128,20000,0.1,0.9,0.0005,cuda,False,False,3,47,361,0.18211331963539124
curriculum_hard,1,results_v3_lr0p1,results_v3_lr0p1,small_cnn,sgd,10,128,20000,0.1,0.9,0.0005,cuda,False,False,3,48,362,0.24666929244995117
curriculum_hard,1,results_v3_lr0p1,results_v3_lr0p1,small_cnn,sgd,10,128,20000,0.1,0.9,0.0005,cuda,False,False,3,49,363,0.2391272634267807
curriculum_hard,1,results_v3_lr0p1,results_v3_lr0p1,small_cnn,sgd,10,128,20000,0.1,0.9,0.0005,cuda,False,False,3,50,364,0.15916956961154938
curriculum_hard,1,results_v3_lr0p1,results_v3_lr0p1,small_cnn,sgd,10,128,20000,0.1,0.9,0.0005,cuda,False,False,3,51,365,0.16011181473731995
curriculum_hard,1,results_v3_lr0p1,results_v3_lr0p1,small_cnn,sgd,10,128,20000,0.1,0.9,0.0005,cuda,False,False,3,52,366,0.27015921473503113
curriculum_hard,1,results_v3_lr0p1,results_v3_lr0p1,small_cnn,sgd,10,128,20000,0.1,0.9,0.0005,cuda,False,False,3,53,367,0.11028335988521576
curriculum_hard,1,results_v3_lr0p1,results_v3_lr0p1,small_cnn,sgd,10,128,20000,0.1,0.9,0.0005,cuda,False,False,3,54,368,0.3521204888820648
curriculum_hard,1,results_v3_lr0p1,results_v3_lr0p1,small_cnn,sgd,10,128,20000,0.1,0.9,0.0005,cuda,False,False,3,55,369,0.5873344540596008
curriculum_hard,1,results_v3_lr0p1,results_v3_lr0p1,small_cnn,sgd,10,128,20000,0.1,0.9,0.0005,cuda,False,False,3,56,370,-0.264943391084671
curriculum_hard,1,results_v3_lr0p1,results_v3_lr0p1,small_cnn,sgd,10,128,20000,0.1,0.9,0.0005,cuda,False,False,3,57,371,0.2862340807914734
curriculum_hard,1,results_v3_lr0p1,results_v3_lr0p1,small_cnn,sgd,10,128,20000,0.1,0.9,0.0005,cuda,False,False,3,58,372,0.4861719608306885
curriculum_hard,1,results_v3_lr0p1,results_v3_lr0p1,small_cnn,sgd,10,128,20000,0.1,0.9,0.0005,cuda,False,False,3,59,373,-0.557938814163208
curriculum_hard,1,results_v3_lr0p1,results_v3_lr0p1,small_cnn,sgd,10,128,20000,0.1,0.9,0.0005,cuda,False,False,3,60,374,0.116309255361557
curriculum_hard,1,results_v3_lr0p1,results_v3_lr0p1,small_cnn,sgd,10,128,20000,0.1,0.9,0.0005,cuda,False,False,3,61,375,-0.029033778235316277
curriculum_hard,1,results_v3_lr0p1,results_v3_lr0p1,small_cnn,sgd,10,128,20000,0.1,0.9,0.0005,cuda,False,False,3,62,376,0.4602905511856079
curriculum_hard,1,results_v3_lr0p1,results_v3_lr0p1,small_cnn,sgd,10,128,20000,0.1,0.9,0.0005,cuda,False,False,3,63,377,-0.19544649124145508
curriculum_hard,1,results_v3_lr0p1,results_v3_lr0p1,small_cnn,sgd,10,128,20000,0.1,0.9,0.0005,cuda,False,False,3,64,378,0.7108222842216492
curriculum_hard,1,results_v3_lr0p1,results_v3_lr0p1,small_cnn,sgd,10,128,20000,0.1,0.9,0.0005,cuda,False,False,3,65,379,0.20544491708278656
curriculum_hard,1,results_v3_lr0p1,results_v3_lr0p1,small_cnn,sgd,10,128,20000,0.1,0.9,0.0005,cuda,False,False,3,66,380,0.05799762159585953
curriculum_hard,1,results_v3_lr0p1,results_v3_lr0p1,small_cnn,sgd,10,128,20000,0.1,0.9,0.0005,cuda,False,False,3,67,381,0.6036608219146729
curriculum_hard,1,results_v3_lr0p1,results_v3_lr0p1,small_cnn,sgd,10,128,20000,0.1,0.9,0.0005,cuda,False,False,3,68,382,0.33790257573127747
curriculum_hard,1,results_v3_lr0p1,results_v3_lr0p1,small_cnn,sgd,10,128,20000,0.1,0.9,0.0005,cuda,False,False,3,69,383,0.48822903633117676
curriculum_hard,1,results_v3_lr0p1,results_v3_lr0p1,small_cnn,sgd,10,128,20000,0.1,0.9,0.0005,cuda,False,False,3,70,384,0.22494879364967346
curriculum_hard,1,results_v3_lr0p1,results_v3_lr0p1,small_cnn,sgd,10,128,20000,0.1,0.9,0.0005,cuda,False,False,3,71,385,0.31047314405441284
curriculum_hard,1,results_v3_lr0p1,results_v3_lr0p1,small_cnn,sgd,10,128,20000,0.1,0.9,0.0005,cuda,False,False,3,72,386,0.2954331636428833
curriculum_hard,1,results_v3_lr0p1,results_v3_lr0p1,small_cnn,sgd,10,128,20000,0.1,0.9,0.0005,cuda,False,False,3,73,387,0.12943588197231293
curriculum_hard,1,results_v3_lr0p1,results_v3_lr0p1,small_cnn,sgd,10,128,20000,0.1,0.9,0.0005,cuda,False,False,3,74,388,0.45209458470344543
curriculum_hard,1,results_v3_lr0p1,results_v3_lr0p1,small_cnn,sgd,10,128,20000,0.1,0.9,0.0005,cuda,False,False,3,75,389,0.23690791428089142
curriculum_hard,1,results_v3_lr0p1,results_v3_lr0p1,small_cnn,sgd,10,128,20000,0.1,0.9,0.0005,cuda,False,False,3,76,390,0.22993901371955872
curriculum_hard,1,results_v3_lr0p1,results_v3_lr0p1,small_cnn,sgd,10,128,20000,0.1,0.9,0.0005,cuda,False,False,3,77,391,0.3431091010570526
curriculum_hard,1,results_v3_lr0p1,results_v3_lr0p1,small_cnn,sgd,10,128,20000,0.1,0.9,0.0005,cuda,False,False,3,78,392,0.42072829604148865
curriculum_hard,1,results_v3_lr0p1,results_v3_lr0p1,small_cnn,sgd,10,128,20000,0.1,0.9,0.0005,cuda,False,False,3,79,393,-0.09167995303869247
curriculum_hard,1,results_v3_lr0p1,results_v3_lr0p1,small_cnn,sgd,10,128,20000,0.1,0.9,0.0005,cuda,False,False,3,80,394,0.47703221440315247
curriculum_hard,1,results_v3_lr0p1,results_v3_lr0p1,small_cnn,sgd,10,128,20000,0.1,0.9,0.0005,cuda,False,False,3,81,395,0.272090882062912
curriculum_hard,1,results_v3_lr0p1,results_v3_lr0p1,small_cnn,sgd,10,128,20000,0.1,0.9,0.0005,cuda,False,False,3,82,396,-0.11193940043449402
curriculum_hard,1,results_v3_lr0p1,results_v3_lr0p1,small_cnn,sgd,10,128,20000,0.1,0.9,0.0005,cuda,False,False,3,83,397,0.4063941538333893
curriculum_hard,1,results_v3_lr0p1,results_v3_lr0p1,small_cnn,sgd,10,128,20000,0.1,0.9,0.0005,cuda,False,False,3,84,398,-0.33292460441589355
curriculum_hard,1,results_v3_lr0p1,results_v3_lr0p1,small_cnn,sgd,10,128,20000,0.1,0.9,0.0005,cuda,False,False,3,85,399,0.04235633835196495
curriculum_hard,1,results_v3_lr0p1,results_v3_lr0p1,small_cnn,sgd,10,128,20000,0.1,0.9,0.0005,cuda,False,False,3,86,400,0.16437073051929474
curriculum_hard,1,results_v3_lr0p1,results_v3_lr0p1,small_cnn,sgd,10,128,20000,0.1,0.9,0.0005,cuda,False,False,3,87,401,0.12684683501720428
curriculum_hard,1,results_v3_lr0p1,results_v3_lr0p1,small_cnn,sgd,10,128,20000,0.1,0.9,0.0005,cuda,False,False,3,88,402,0.42581862211227417
curriculum_hard,1,results_v3_lr0p1,results_v3_lr0p1,small_cnn,sgd,10,128,20000,0.1,0.9,0.0005,cuda,False,False,3,89,403,-0.12791980803012848
curriculum_hard,1,results_v3_lr0p1,results_v3_lr0p1,small_cnn,sgd,10,128,20000,0.1,0.9,0.0005,cuda,False,False,3,90,404,0.4890352189540863
curriculum_hard,1,results_v3_lr0p1,results_v3_lr0p1,small_cnn,sgd,10,128,20000,0.1,0.9,0.0005,cuda,False,False,3,91,405,-0.10353121161460876
curriculum_hard,1,results_v3_lr0p1,results_v3_lr0p1,small_cnn,sgd,10,128,20000,0.1,0.9,0.0005,cuda,False,False,3,92,406,0.03890097141265869
curriculum_hard,1,results_v3_lr0p1,results_v3_lr0p1,small_cnn,sgd,10,128,20000,0.1,0.9,0.0005,cuda,False,False,3,93,407,0.7374367713928223
curriculum_hard,1,results_v3_lr0p1,results_v3_lr0p1,small_cnn,sgd,10,128,20000,0.1,0.9,0.0005,cuda,False,False,3,94,408,0.20517097413539886
curriculum_hard,1,results_v3_lr0p1,results_v3_lr0p1,small_cnn,sgd,10,128,20000,0.1,0.9,0.0005,cuda,False,False,3,95,409,-0.06242252513766289
curriculum_hard,1,results_v3_lr0p1,results_v3_lr0p1,small_cnn,sgd,10,128,20000,0.1,0.9,0.0005,cuda,False,False,3,96,410,0.7692921161651611
curriculum_hard,1,results_v3_lr0p1,results_v3_lr0p1,small_cnn,sgd,10,128,20000,0.1,0.9,0.0005,cuda,False,False,3,97,411,0.5980977416038513
curriculum_hard,1,results_v3_lr0p1,results_v3_lr0p1,small_cnn,sgd,10,128,20000,0.1,0.9,0.0005,cuda,False,False,3,98,412,-0.7372757196426392
curriculum_hard,1,results_v3_lr0p1,results_v3_lr0p1,small_cnn,sgd,10,128,20000,0.1,0.9,0.0005,cuda,False,False,3,99,413,0.7016476392745972
curriculum_hard,1,results_v3_lr0p1,results_v3_lr0p1,small_cnn,sgd,10,128,20000,0.1,0.9,0.0005,cuda,False,False,3,100,414,0.22399049997329712
curriculum_hard,1,results_v3_lr0p1,results_v3_lr0p1,small_cnn,sgd,10,128,20000,0.1,0.9,0.0005,cuda,False,False,3,101,415,0.2579506039619446
curriculum_hard,1,results_v3_lr0p1,results_v3_lr0p1,small_cnn,sgd,10,128,20000,0.1,0.9,0.0005,cuda,False,False,3,102,416,-0.18673886358737946
curriculum_hard,1,results_v3_lr0p1,results_v3_lr0p1,small_cnn,sgd,10,128,20000,0.1,0.9,0.0005,cuda,False,False,3,103,417,0.27125006914138794
curriculum_hard,1,results_v3_lr0p1,results_v3_lr0p1,small_cnn,sgd,10,128,20000,0.1,0.9,0.0005,cuda,False,False,3,104,418,0.5241053700447083
curriculum_hard,1,results_v3_lr0p1,results_v3_lr0p1,small_cnn,sgd,10,128,20000,0.1,0.9,0.0005,cuda,False,False,3,105,419,-0.03422113135457039
curriculum_hard,1,results_v3_lr0p1,results_v3_lr0p1,small_cnn,sgd,10,128,20000,0.1,0.9,0.0005,cuda,False,False,3,106,420,0.4391072690486908
curriculum_hard,1,results_v3_lr0p1,results_v3_lr0p1,small_cnn,sgd,10,128,20000,0.1,0.9,0.0005,cuda,False,False,3,107,421,-0.472627192735672
curriculum_hard,1,results_v3_lr0p1,results_v3_lr0p1,small_cnn,sgd,10,128,20000,0.1,0.9,0.0005,cuda,False,False,3,108,422,0.2758147120475769
curriculum_hard,1,results_v3_lr0p1,results_v3_lr0p1,small_cnn,sgd,10,128,20000,0.1,0.9,0.0005,cuda,False,False,3,109,423,0.4377474784851074
curriculum_hard,1,results_v3_lr0p1,results_v3_lr0p1,small_cnn,sgd,10,128,20000,0.1,0.9,0.0005,cuda,False,False,3,110,424,0.6181306838989258
curriculum_hard,1,results_v3_lr0p1,results_v3_lr0p1,small_cnn,sgd,10,128,20000,0.1,0.9,0.0005,cuda,False,False,3,111,425,-0.3479345440864563
curriculum_hard,1,results_v3_lr0p1,results_v3_lr0p1,small_cnn,sgd,10,128,20000,0.1,0.9,0.0005,cuda,False,False,3,112,426,0.16026122868061066
curriculum_hard,1,results_v3_lr0p1,results_v3_lr0p1,small_cnn,sgd,10,128,20000,0.1,0.9,0.0005,cuda,False,False,3,113,427,0.6095288395881653
curriculum_hard,1,results_v3_lr0p1,results_v3_lr0p1,small_cnn,sgd,10,128,20000,0.1,0.9,0.0005,cuda,False,False,3,114,428,-0.30077943205833435
curriculum_hard,1,results_v3_lr0p1,results_v3_lr0p1,small_cnn,sgd,10,128,20000,0.1,0.9,0.0005,cuda,False,False,3,115,429,-0.10003715008497238
curriculum_hard,1,results_v3_lr0p1,results_v3_lr0p1,small_cnn,sgd,10,128,20000,0.1,0.9,0.0005,cuda,False,False,3,116,430,0.10468506067991257
curriculum_hard,1,results_v3_lr0p1,results_v3_lr0p1,small_cnn,sgd,10,128,20000,0.1,0.9,0.0005,cuda,False,False,3,117,431,0.6281583309173584
curriculum_hard,1,results_v3_lr0p1,results_v3_lr0p1,small_cnn,sgd,10,128,20000,0.1,0.9,0.0005,cuda,False,False,3,118,432,0.22519542276859283
curriculum_hard,1,results_v3_lr0p1,results_v3_lr0p1,small_cnn,sgd,10,128,20000,0.1,0.9,0.0005,cuda,False,False,3,119,433,0.43387657403945923
curriculum_hard,1,results_v3_lr0p1,results_v3_lr0p1,small_cnn,sgd,10,128,20000,0.1,0.9,0.0005,cuda,False,False,3,120,434,-0.19707375764846802
curriculum_hard,1,results_v3_lr0p1,results_v3_lr0p1,small_cnn,sgd,10,128,20000,0.1,0.9,0.0005,cuda,False,False,3,121,435,0.42309483885765076
curriculum_hard,1,results_v3_lr0p1,results_v3_lr0p1,small_cnn,sgd,10,128,20000,0.1,0.9,0.0005,cuda,False,False,3,122,436,-0.17671221494674683
curriculum_hard,1,results_v3_lr0p1,results_v3_lr0p1,small_cnn,sgd,10,128,20000,0.1,0.9,0.0005,cuda,False,False,3,123,437,0.07608960568904877
curriculum_hard,1,results_v3_lr0p1,results_v3_lr0p1,small_cnn,sgd,10,128,20000,0.1,0.9,0.0005,cuda,False,False,3,124,438,0.2740146815776825
curriculum_hard,1,results_v3_lr0p1,results_v3_lr0p1,small_cnn,sgd,10,128,20000,0.1,0.9,0.0005,cuda,False,False,3,125,439,0.04020632803440094
curriculum_hard,1,results_v3_lr0p1,results_v3_lr0p1,small_cnn,sgd,10,128,20000,0.1,0.9,0.0005,cuda,False,False,3,126,440,0.12395566701889038
curriculum_hard,1,results_v3_lr0p1,results_v3_lr0p1,small_cnn,sgd,10,128,20000,0.1,0.9,0.0005,cuda,False,False,3,127,441,0.3575364947319031
curriculum_hard,1,results_v3_lr0p1,results_v3_lr0p1,small_cnn,sgd,10,128,20000,0.1,0.9,0.0005,cuda,False,False,3,128,442,0.1052427813410759
curriculum_hard,1,results_v3_lr0p1,results_v3_lr0p1,small_cnn,sgd,10,128,20000,0.1,0.9,0.0005,cuda,False,False,3,129,443,0.1687881201505661
curriculum_hard,1,results_v3_lr0p1,results_v3_lr0p1,small_cnn,sgd,10,128,20000,0.1,0.9,0.0005,cuda,False,False,3,130,444,0.5449193120002747
curriculum_hard,1,results_v3_lr0p1,results_v3_lr0p1,small_cnn,sgd,10,128,20000,0.1,0.9,0.0005,cuda,False,False,3,131,445,0.2427300363779068
curriculum_hard,1,results_v3_lr0p1,results_v3_lr0p1,small_cnn,sgd,10,128,20000,0.1,0.9,0.0005,cuda,False,False,3,132,446,0.45438048243522644
curriculum_hard,1,results_v3_lr0p1,results_v3_lr0p1,small_cnn,sgd,10,128,20000,0.1,0.9,0.0005,cuda,False,False,3,133,447,0.6769130229949951
curriculum_hard,1,results_v3_lr0p1,results_v3_lr0p1,small_cnn,sgd,10,128,20000,0.1,0.9,0.0005,cuda,False,False,3,134,448,0.45533788204193115
curriculum_hard,1,results_v3_lr0p1,results_v3_lr0p1,small_cnn,sgd,10,128,20000,0.1,0.9,0.0005,cuda,False,False,3,135,449,0.12265865504741669
curriculum_hard,1,results_v3_lr0p1,results_v3_lr0p1,small_cnn,sgd,10,128,20000,0.1,0.9,0.0005,cuda,False,False,3,136,450,0.04103172570466995
curriculum_hard,1,results_v3_lr0p1,results_v3_lr0p1,small_cnn,sgd,10,128,20000,0.1,0.9,0.0005,cuda,False,False,3,137,451,0.09869443625211716
curriculum_hard,1,results_v3_lr0p1,results_v3_lr0p1,small_cnn,sgd,10,128,20000,0.1,0.9,0.0005,cuda,False,False,3,138,452,0.12240992486476898
curriculum_hard,1,results_v3_lr0p1,results_v3_lr0p1,small_cnn,sgd,10,128,20000,0.1,0.9,0.0005,cuda,False,False,3,139,453,0.12939506769180298
curriculum_hard,1,results_v3_lr0p1,results_v3_lr0p1,small_cnn,sgd,10,128,20000,0.1,0.9,0.0005,cuda,False,False,3,140,454,-0.3340751528739929
curriculum_hard,1,results_v3_lr0p1,results_v3_lr0p1,small_cnn,sgd,10,128,20000,0.1,0.9,0.0005,cuda,False,False,3,141,455,-0.5038188099861145
curriculum_hard,1,results_v3_lr0p1,results_v3_lr0p1,small_cnn,sgd,10,128,20000,0.1,0.9,0.0005,cuda,False,False,3,142,456,0.0215850081294775
curriculum_hard,1,results_v3_lr0p1,results_v3_lr0p1,small_cnn,sgd,10,128,20000,0.1,0.9,0.0005,cuda,False,False,3,143,457,-0.5815423130989075
curriculum_hard,1,results_v3_lr0p1,results_v3_lr0p1,small_cnn,sgd,10,128,20000,0.1,0.9,0.0005,cuda,False,False,3,144,458,0.0780322253704071
curriculum_hard,1,results_v3_lr0p1,results_v3_lr0p1,small_cnn,sgd,10,128,20000,0.1,0.9,0.0005,cuda,False,False,3,145,459,-0.4506916403770447
curriculum_hard,1,results_v3_lr0p1,results_v3_lr0p1,small_cnn,sgd,10,128,20000,0.1,0.9,0.0005,cuda,False,False,3,146,460,0.2997898757457733
curriculum_hard,1,results_v3_lr0p1,results_v3_lr0p1,small_cnn,sgd,10,128,20000,0.1,0.9,0.0005,cuda,False,False,3,147,461,-0.24294856190681458
curriculum_hard,1,results_v3_lr0p1,results_v3_lr0p1,small_cnn,sgd,10,128,20000,0.1,0.9,0.0005,cuda,False,False,3,148,462,0.056728117167949677
curriculum_hard,1,results_v3_lr0p1,results_v3_lr0p1,small_cnn,sgd,10,128,20000,0.1,0.9,0.0005,cuda,False,False,3,149,463,0.003911706618964672
curriculum_hard,1,results_v3_lr0p1,results_v3_lr0p1,small_cnn,sgd,10,128,20000,0.1,0.9,0.0005,cuda,False,False,3,150,464,-0.031543899327516556
curriculum_hard,1,results_v3_lr0p1,results_v3_lr0p1,small_cnn,sgd,10,128,20000,0.1,0.9,0.0005,cuda,False,False,3,151,465,-0.2353074848651886
curriculum_hard,1,results_v3_lr0p1,results_v3_lr0p1,small_cnn,sgd,10,128,20000,0.1,0.9,0.0005,cuda,False,False,3,152,466,0.819870114326477
curriculum_hard,1,results_v3_lr0p1,results_v3_lr0p1,small_cnn,sgd,10,128,20000,0.1,0.9,0.0005,cuda,False,False,3,153,467,0.705799400806427
curriculum_hard,1,results_v3_lr0p1,results_v3_lr0p1,small_cnn,sgd,10,128,20000,0.1,0.9,0.0005,cuda,False,False,3,154,468,-0.27575257420539856
curriculum_hard,1,results_v3_lr0p1,results_v3_lr0p1,small_cnn,sgd,10,128,20000,0.1,0.9,0.0005,cuda,False,False,3,155,469,0.22161364555358887
curriculum_hard,1,results_v3_lr0p1,results_v3_lr0p1,small_cnn,sgd,10,128,20000,0.1,0.9,0.0005,cuda,False,False,3,156,470,0.36438360810279846
curriculum_hard,1,results_v3_lr0p1,results_v3_lr0p1,small_cnn,sgd,10,128,20000,0.1,0.9,0.0005,cuda,False,False,3,157,471,0.23328664898872375
curriculum_hard,1,results_v3_lr0p1,results_v3_lr0p1,small_cnn,sgd,10,128,20000,0.1,0.9,0.0005,cuda,False,False,4,1,472,-0.21289712190628052
curriculum_hard,1,results_v3_lr0p1,results_v3_lr0p1,small_cnn,sgd,10,128,20000,0.1,0.9,0.0005,cuda,False,False,4,2,473,-0.18156090378761292
curriculum_hard,1,results_v3_lr0p1,results_v3_lr0p1,small_cnn,sgd,10,128,20000,0.1,0.9,0.0005,cuda,False,False,4,3,474,-0.018590334802865982
curriculum_hard,1,results_v3_lr0p1,results_v3_lr0p1,small_cnn,sgd,10,128,20000,0.1,0.9,0.0005,cuda,False,False,4,4,475,0.012568291276693344
curriculum_hard,1,results_v3_lr0p1,results_v3_lr0p1,small_cnn,sgd,10,128,20000,0.1,0.9,0.0005,cuda,False,False,4,5,476,0.019697383046150208
curriculum_hard,1,results_v3_lr0p1,results_v3_lr0p1,small_cnn,sgd,10,128,20000,0.1,0.9,0.0005,cuda,False,False,4,6,477,-0.13589178025722504
curriculum_hard,1,results_v3_lr0p1,results_v3_lr0p1,small_cnn,sgd,10,128,20000,0.1,0.9,0.0005,cuda,False,False,4,7,478,0.3037766218185425
curriculum_hard,1,results_v3_lr0p1,results_v3_lr0p1,small_cnn,sgd,10,128,20000,0.1,0.9,0.0005,cuda,False,False,4,8,479,-0.18543416261672974
curriculum_hard,1,results_v3_lr0p1,results_v3_lr0p1,small_cnn,sgd,10,128,20000,0.1,0.9,0.0005,cuda,False,False,4,9,480,-0.08468127250671387
curriculum_hard,1,results_v3_lr0p1,results_v3_lr0p1,small_cnn,sgd,10,128,20000,0.1,0.9,0.0005,cuda,False,False,4,10,481,0.04428444057703018
curriculum_hard,1,results_v3_lr0p1,results_v3_lr0p1,small_cnn,sgd,10,128,20000,0.1,0.9,0.0005,cuda,False,False,4,11,482,-0.01786641590297222
curriculum_hard,1,results_v3_lr0p1,results_v3_lr0p1,small_cnn,sgd,10,128,20000,0.1,0.9,0.0005,cuda,False,False,4,12,483,-0.0014526259619742632
curriculum_hard,1,results_v3_lr0p1,results_v3_lr0p1,small_cnn,sgd,10,128,20000,0.1,0.9,0.0005,cuda,False,False,4,13,484,-0.04210041090846062
curriculum_hard,1,results_v3_lr0p1,results_v3_lr0p1,small_cnn,sgd,10,128,20000,0.1,0.9,0.0005,cuda,False,False,4,14,485,-0.0027411323972046375
curriculum_hard,1,results_v3_lr0p1,results_v3_lr0p1,small_cnn,sgd,10,128,20000,0.1,0.9,0.0005,cuda,False,False,4,15,486,-2.8776190447388217e-05
curriculum_hard,1,results_v3_lr0p1,results_v3_lr0p1,small_cnn,sgd,10,128,20000,0.1,0.9,0.0005,cuda,False,False,4,16,487,-0.0005100402631796896
curriculum_hard,1,results_v3_lr0p1,results_v3_lr0p1,small_cnn,sgd,10,128,20000,0.1,0.9,0.0005,cuda,False,False,4,17,488,-0.0003232564777135849
curriculum_hard,1,results_v3_lr0p1,results_v3_lr0p1,small_cnn,sgd,10,128,20000,0.1,0.9,0.0005,cuda,False,False,4,18,489,-0.003390722908079624
curriculum_hard,1,results_v3_lr0p1,results_v3_lr0p1,small_cnn,sgd,10,128,20000,0.1,0.9,0.0005,cuda,False,False,4,19,490,-0.0004826151125598699
curriculum_hard,1,results_v3_lr0p1,results_v3_lr0p1,small_cnn,sgd,10,128,20000,0.1,0.9,0.0005,cuda,False,False,4,20,491,-9.219308649832669e-10
curriculum_hard,1,results_v3_lr0p1,results_v3_lr0p1,small_cnn,sgd,10,128,20000,0.1,0.9,0.0005,cuda,False,False,4,21,492,
curriculum_hard,1,results_v3_lr0p1,results_v3_lr0p1,small_cnn,sgd,10,128,20000,0.1,0.9,0.0005,cuda,False,False,4,22,493,
curriculum_hard,1,results_v3_lr0p1,results_v3_lr0p1,small_cnn,sgd,10,128,20000,0.1,0.9,0.0005,cuda,False,False,4,23,494,
curriculum_hard,1,results_v3_lr0p1,results_v3_lr0p1,small_cnn,sgd,10,128,20000,0.1,0.9,0.0005,cuda,False,False,4,24,495,
curriculum_hard,1,results_v3_lr0p1,results_v3_lr0p1,small_cnn,sgd,10,128,20000,0.1,0.9,0.0005,cuda,False,False,4,25,496,
curriculum_hard,1,results_v3_lr0p1,results_v3_lr0p1,small_cnn,sgd,10,128,20000,0.1,0.9,0.0005,cuda,False,False,4,26,497,
curriculum_hard,1,results_v3_lr0p1,results_v3_lr0p1,small_cnn,sgd,10,128,20000,0.1,0.9,0.0005,cuda,False,False,4,27,498,
curriculum_hard,1,results_v3_lr0p1,results_v3_lr0p1,small_cnn,sgd,10,128,20000,0.1,0.9,0.0005,cuda,False,False,4,28,499,
curriculum_hard,1,results_v3_lr0p1,results_v3_lr0p1,small_cnn,sgd,10,128,20000,0.1,0.9,0.0005,cuda,False,False,4,29,500,
curriculum_hard,1,results_v3_lr0p1,results_v3_lr0p1,small_cnn,sgd,10,128,20000,0.1,0.9,0.0005,cuda,False,False,4,30,501,
curriculum_hard,1,results_v3_lr0p1,results_v3_lr0p1,small_cnn,sgd,10,128,20000,0.1,0.9,0.0005,cuda,False,False,4,31,502,
curriculum_hard,1,results_v3_lr0p1,results_v3_lr0p1,small_cnn,sgd,10,128,20000,0.1,0.9,0.0005,cuda,False,False,4,32,503,
curriculum_hard,1,results_v3_lr0p1,results_v3_lr0p1,small_cnn,sgd,10,128,20000,0.1,0.9,0.0005,cuda,False,False,4,33,504,
curriculum_hard,1,results_v3_lr0p1,results_v3_lr0p1,small_cnn,sgd,10,128,20000,0.1,0.9,0.0005,cuda,False,False,4,34,505,
curriculum_hard,1,results_v3_lr0p1,results_v3_lr0p1,small_cnn,sgd,10,128,20000,0.1,0.9,0.0005,cuda,False,False,4,35,506,
curriculum_hard,1,results_v3_lr0p1,results_v3_lr0p1,small_cnn,sgd,10,128,20000,0.1,0.9,0.0005,cuda,False,False,4,36,507,
curriculum_hard,1,results_v3_lr0p1,results_v3_lr0p1,small_cnn,sgd,10,128,20000,0.1,0.9,0.0005,cuda,False,False,4,37,508,
curriculum_hard,1,results_v3_lr0p1,results_v3_lr0p1,small_cnn,sgd,10,128,20000,0.1,0.9,0.0005,cuda,False,False,4,38,509,
curriculum_hard,1,results_v3_lr0p1,results_v3_lr0p1,small_cnn,sgd,10,128,20000,0.1,0.9,0.0005,cuda,False,False,4,39,510,
curriculum_hard,1,results_v3_lr0p1,results_v3_lr0p1,small_cnn,sgd,10,128,20000,0.1,0.9,0.0005,cuda,False,False,4,40,511,
curriculum_hard,1,results_v3_lr0p1,results_v3_lr0p1,small_cnn,sgd,10,128,20000,0.1,0.9,0.0005,cuda,False,False,4,41,512,
curriculum_hard,1,results_v3_lr0p1,results_v3_lr0p1,small_cnn,sgd,10,128,20000,0.1,0.9,0.0005,cuda,False,False,4,42,513,
curriculum_hard,1,results_v3_lr0p1,results_v3_lr0p1,small_cnn,sgd,10,128,20000,0.1,0.9,0.0005,cuda,False,False,4,43,514,
curriculum_hard,1,results_v3_lr0p1,results_v3_lr0p1,small_cnn,sgd,10,128,20000,0.1,0.9,0.0005,cuda,False,False,4,44,515,
curriculum_hard,1,results_v3_lr0p1,results_v3_lr0p1,small_cnn,sgd,10,128,20000,0.1,0.9,0.0005,cuda,False,False,4,45,516,
curriculum_hard,1,results_v3_lr0p1,results_v3_lr0p1,small_cnn,sgd,10,128,20000,0.1,0.9,0.0005,cuda,False,False,4,46,517,
curriculum_hard,1,results_v3_lr0p1,results_v3_lr0p1,small_cnn,sgd,10,128,20000,0.1,0.9,0.0005,cuda,False,False,4,47,518,
curriculum_hard,1,results_v3_lr0p1,results_v3_lr0p1,small_cnn,sgd,10,128,20000,0.1,0.9,0.0005,cuda,False,False,4,48,519,
curriculum_hard,1,results_v3_lr0p1,results_v3_lr0p1,small_cnn,sgd,10,128,20000,0.1,0.9,0.0005,cuda,False,False,4,49,520,
curriculum_hard,1,results_v3_lr0p1,results_v3_lr0p1,small_cnn,sgd,10,128,20000,0.1,0.9,0.0005,cuda,False,False,4,50,521,
curriculum_hard,1,results_v3_lr0p1,results_v3_lr0p1,small_cnn,sgd,10,128,20000,0.1,0.9,0.0005,cuda,False,False,4,51,522,
curriculum_hard,1,results_v3_lr0p1,results_v3_lr0p1,small_cnn,sgd,10,128,20000,0.1,0.9,0.0005,cuda,False,False,4,52,523,
curriculum_hard,1,results_v3_lr0p1,results_v3_lr0p1,small_cnn,sgd,10,128,20000,0.1,0.9,0.0005,cuda,False,False,4,53,524,
curriculum_hard,1,results_v3_lr0p1,results_v3_lr0p1,small_cnn,sgd,10,128,20000,0.1,0.9,0.0005,cuda,False,False,4,54,525,
curriculum_hard,1,results_v3_lr0p1,results_v3_lr0p1,small_cnn,sgd,10,128,20000,0.1,0.9,0.0005,cuda,False,False,4,55,526,
curriculum_hard,1,results_v3_lr0p1,results_v3_lr0p1,small_cnn,sgd,10,128,20000,0.1,0.9,0.0005,cuda,False,False,4,56,527,
curriculum_hard,1,results_v3_lr0p1,results_v3_lr0p1,small_cnn,sgd,10,128,20000,0.1,0.9,0.0005,cuda,False,False,4,57,528,
curriculum_hard,1,results_v3_lr0p1,results_v3_lr0p1,small_cnn,sgd,10,128,20000,0.1,0.9,0.0005,cuda,False,False,4,58,529,
curriculum_hard,1,results_v3_lr0p1,results_v3_lr0p1,small_cnn,sgd,10,128,20000,0.1,0.9,0.0005,cuda,False,False,4,59,530,
curriculum_hard,1,results_v3_lr0p1,results_v3_lr0p1,small_cnn,sgd,10,128,20000,0.1,0.9,0.0005,cuda,False,False,4,60,531,
curriculum_hard,1,results_v3_lr0p1,results_v3_lr0p1,small_cnn,sgd,10,128,20000,0.1,0.9,0.0005,cuda,False,False,4,61,532,
curriculum_hard,1,results_v3_lr0p1,results_v3_lr0p1,small_cnn,sgd,10,128,20000,0.1,0.9,0.0005,cuda,False,False,4,62,533,
curriculum_hard,1,results_v3_lr0p1,results_v3_lr0p1,small_cnn,sgd,10,128,20000,0.1,0.9,0.0005,cuda,False,False,4,63,534,
curriculum_hard,1,results_v3_lr0p1,results_v3_lr0p1,small_cnn,sgd,10,128,20000,0.1,0.9,0.0005,cuda,False,False,4,64,535,
curriculum_hard,1,results_v3_lr0p1,results_v3_lr0p1,small_cnn,sgd,10,128,20000,0.1,0.9,0.0005,cuda,False,False,4,65,536,
curriculum_hard,1,results_v3_lr0p1,results_v3_lr0p1,small_cnn,sgd,10,128,20000,0.1,0.9,0.0005,cuda,False,False,4,66,537,
curriculum_hard,1,results_v3_lr0p1,results_v3_lr0p1,small_cnn,sgd,10,128,20000,0.1,0.9,0.0005,cuda,False,False,4,67,538,
curriculum_hard,1,results_v3_lr0p1,results_v3_lr0p1,small_cnn,sgd,10,128,20000,0.1,0.9,0.0005,cuda,False,False,4,68,539,
curriculum_hard,1,results_v3_lr0p1,results_v3_lr0p1,small_cnn,sgd,10,128,20000,0.1,0.9,0.0005,cuda,False,False,4,69,540,
curriculum_hard,1,results_v3_lr0p1,results_v3_lr0p1,small_cnn,sgd,10,128,20000,0.1,0.9,0.0005,cuda,False,False,4,70,541,
curriculum_hard,1,results_v3_lr0p1,results_v3_lr0p1,small_cnn,sgd,10,128,20000,0.1,0.9,0.0005,cuda,False,False,4,71,542,
curriculum_hard,1,results_v3_lr0p1,results_v3_lr0p1,small_cnn,sgd,10,128,20000,0.1,0.9,0.0005,cuda,False,False,4,72,543,
curriculum_hard,1,results_v3_lr0p1,results_v3_lr0p1,small_cnn,sgd,10,128,20000,0.1,0.9,0.0005,cuda,False,False,4,73,544,
curriculum_hard,1,results_v3_lr0p1,results_v3_lr0p1,small_cnn,sgd,10,128,20000,0.1,0.9,0.0005,cuda,False,False,4,74,545,
curriculum_hard,1,results_v3_lr0p1,results_v3_lr0p1,small_cnn,sgd,10,128,20000,0.1,0.9,0.0005,cuda,False,False,4,75,546,
curriculum_hard,1,results_v3_lr0p1,results_v3_lr0p1,small_cnn,sgd,10,128,20000,0.1,0.9,0.0005,cuda,False,False,4,76,547,
curriculum_hard,1,results_v3_lr0p1,results_v3_lr0p1,small_cnn,sgd,10,128,20000,0.1,0.9,0.0005,cuda,False,False,4,77,548,
curriculum_hard,1,results_v3_lr0p1,results_v3_lr0p1,small_cnn,sgd,10,128,20000,0.1,0.9,0.0005,cuda,False,False,4,78,549,
curriculum_hard,1,results_v3_lr0p1,results_v3_lr0p1,small_cnn,sgd,10,128,20000,0.1,0.9,0.0005,cuda,False,False,4,79,550,
curriculum_hard,1,results_v3_lr0p1,results_v3_lr0p1,small_cnn,sgd,10,128,20000,0.1,0.9,0.0005,cuda,False,False,4,80,551,
curriculum_hard,1,results_v3_lr0p1,results_v3_lr0p1,small_cnn,sgd,10,128,20000,0.1,0.9,0.0005,cuda,False,False,4,81,552,
curriculum_hard,1,results_v3_lr0p1,results_v3_lr0p1,small_cnn,sgd,10,128,20000,0.1,0.9,0.0005,cuda,False,False,4,82,553,
curriculum_hard,1,results_v3_lr0p1,results_v3_lr0p1,small_cnn,sgd,10,128,20000,0.1,0.9,0.0005,cuda,False,False,4,83,554,
curriculum_hard,1,results_v3_lr0p1,results_v3_lr0p1,small_cnn,sgd,10,128,20000,0.1,0.9,0.0005,cuda,False,False,4,84,555,
curriculum_hard,1,results_v3_lr0p1,results_v3_lr0p1,small_cnn,sgd,10,128,20000,0.1,0.9,0.0005,cuda,False,False,4,85,556,
curriculum_hard,1,results_v3_lr0p1,results_v3_lr0p1,small_cnn,sgd,10,128,20000,0.1,0.9,0.0005,cuda,False,False,4,86,557,
curriculum_hard,1,results_v3_lr0p1,results_v3_lr0p1,small_cnn,sgd,10,128,20000,0.1,0.9,0.0005,cuda,False,False,4,87,558,
curriculum_hard,1,results_v3_lr0p1,results_v3_lr0p1,small_cnn,sgd,10,128,20000,0.1,0.9,0.0005,cuda,False,False,4,88,559,
curriculum_hard,1,results_v3_lr0p1,results_v3_lr0p1,small_cnn,sgd,10,128,20000,0.1,0.9,0.0005,cuda,False,False,4,89,560,
curriculum_hard,1,results_v3_lr0p1,results_v3_lr0p1,small_cnn,sgd,10,128,20000,0.1,0.9,0.0005,cuda,False,False,4,90,561,
curriculum_hard,1,results_v3_lr0p1,results_v3_lr0p1,small_cnn,sgd,10,128,20000,0.1,0.9,0.0005,cuda,False,False,4,91,562,
curriculum_hard,1,results_v3_lr0p1,results_v3_lr0p1,small_cnn,sgd,10,128,20000,0.1,0.9,0.0005,cuda,False,False,4,92,563,
curriculum_hard,1,results_v3_lr0p1,results_v3_lr0p1,small_cnn,sgd,10,128,20000,0.1,0.9,0.0005,cuda,False,False,4,93,564,
curriculum_hard,1,results_v3_lr0p1,results_v3_lr0p1,small_cnn,sgd,10,128,20000,0.1,0.9,0.0005,cuda,False,False,4,94,565,
curriculum_hard,1,results_v3_lr0p1,results_v3_lr0p1,small_cnn,sgd,10,128,20000,0.1,0.9,0.0005,cuda,False,False,4,95,566,
curriculum_hard,1,results_v3_lr0p1,results_v3_lr0p1,small_cnn,sgd,10,128,20000,0.1,0.9,0.0005,cuda,False,False,4,96,567,
curriculum_hard,1,results_v3_lr0p1,results_v3_lr0p1,small_cnn,sgd,10,128,20000,0.1,0.9,0.0005,cuda,False,False,4,97,568,
curriculum_hard,1,results_v3_lr0p1,results_v3_lr0p1,small_cnn,sgd,10,128,20000,0.1,0.9,0.0005,cuda,False,False,4,98,569,
curriculum_hard,1,results_v3_lr0p1,results_v3_lr0p1,small_cnn,sgd,10,128,20000,0.1,0.9,0.0005,cuda,False,False,4,99,570,
curriculum_hard,1,results_v3_lr0p1,results_v3_lr0p1,small_cnn,sgd,10,128,20000,0.1,0.9,0.0005,cuda,False,False,4,100,571,
curriculum_hard,1,results_v3_lr0p1,results_v3_lr0p1,small_cnn,sgd,10,128,20000,0.1,0.9,0.0005,cuda,False,False,4,101,572,
curriculum_hard,1,results_v3_lr0p1,results_v3_lr0p1,small_cnn,sgd,10,128,20000,0.1,0.9,0.0005,cuda,False,False,4,102,573,
curriculum_hard,1,results_v3_lr0p1,results_v3_lr0p1,small_cnn,sgd,10,128,20000,0.1,0.9,0.0005,cuda,False,False,4,103,574,
curriculum_hard,1,results_v3_lr0p1,results_v3_lr0p1,small_cnn,sgd,10,128,20000,0.1,0.9,0.0005,cuda,False,False,4,104,575,
curriculum_hard,1,results_v3_lr0p1,results_v3_lr0p1,small_cnn,sgd,10,128,20000,0.1,0.9,0.0005,cuda,False,False,4,105,576,
curriculum_hard,1,results_v3_lr0p1,results_v3_lr0p1,small_cnn,sgd,10,128,20000,0.1,0.9,0.0005,cuda,False,False,4,106,577,
curriculum_hard,1,results_v3_lr0p1,results_v3_lr0p1,small_cnn,sgd,10,128,20000,0.1,0.9,0.0005,cuda,False,False,4,107,578,
curriculum_hard,1,results_v3_lr0p1,results_v3_lr0p1,small_cnn,sgd,10,128,20000,0.1,0.9,0.0005,cuda,False,False,4,108,579,
curriculum_hard,1,results_v3_lr0p1,results_v3_lr0p1,small_cnn,sgd,10,128,20000,0.1,0.9,0.0005,cuda,False,False,4,109,580,
curriculum_hard,1,results_v3_lr0p1,results_v3_lr0p1,small_cnn,sgd,10,128,20000,0.1,0.9,0.0005,cuda,False,False,4,110,581,
curriculum_hard,1,results_v3_lr0p1,results_v3_lr0p1,small_cnn,sgd,10,128,20000,0.1,0.9,0.0005,cuda,False,False,4,111,582,
curriculum_hard,1,results_v3_lr0p1,results_v3_lr0p1,small_cnn,sgd,10,128,20000,0.1,0.9,0.0005,cuda,False,False,4,112,583,
curriculum_hard,1,results_v3_lr0p1,results_v3_lr0p1,small_cnn,sgd,10,128,20000,0.1,0.9,0.0005,cuda,False,False,4,113,584,
curriculum_hard,1,results_v3_lr0p1,results_v3_lr0p1,small_cnn,sgd,10,128,20000,0.1,0.9,0.0005,cuda,False,False,4,114,585,
curriculum_hard,1,results_v3_lr0p1,results_v3_lr0p1,small_cnn,sgd,10,128,20000,0.1,0.9,0.0005,cuda,False,False,4,115,586,
curriculum_hard,1,results_v3_lr0p1,results_v3_lr0p1,small_cnn,sgd,10,128,20000,0.1,0.9,0.0005,cuda,False,False,4,116,587,
curriculum_hard,1,results_v3_lr0p1,results_v3_lr0p1,small_cnn,sgd,10,128,20000,0.1,0.9,0.0005,cuda,False,False,4,117,588,
curriculum_hard,1,results_v3_lr0p1,results_v3_lr0p1,small_cnn,sgd,10,128,20000,0.1,0.9,0.0005,cuda,False,False,4,118,589,
curriculum_hard,1,results_v3_lr0p1,results_v3_lr0p1,small_cnn,sgd,10,128,20000,0.1,0.9,0.0005,cuda,False,False,4,119,590,
curriculum_hard,1,results_v3_lr0p1,results_v3_lr0p1,small_cnn,sgd,10,128,20000,0.1,0.9,0.0005,cuda,False,False,4,120,591,
curriculum_hard,1,results_v3_lr0p1,results_v3_lr0p1,small_cnn,sgd,10,128,20000,0.1,0.9,0.0005,cuda,False,False,4,121,592,
curriculum_hard,1,results_v3_lr0p1,results_v3_lr0p1,small_cnn,sgd,10,128,20000,0.1,0.9,0.0005,cuda,False,False,4,122,593,
curriculum_hard,1,results_v3_lr0p1,results_v3_lr0p1,small_cnn,sgd,10,128,20000,0.1,0.9,0.0005,cuda,False,False,4,123,594,
curriculum_hard,1,results_v3_lr0p1,results_v3_lr0p1,small_cnn,sgd,10,128,20000,0.1,0.9,0.0005,cuda,False,False,4,124,595,
curriculum_hard,1,results_v3_lr0p1,results_v3_lr0p1,small_cnn,sgd,10,128,20000,0.1,0.9,0.0005,cuda,False,False,4,125,596,
curriculum_hard,1,results_v3_lr0p1,results_v3_lr0p1,small_cnn,sgd,10,128,20000,0.1,0.9,0.0005,cuda,False,False,4,126,597,
curriculum_hard,1,results_v3_lr0p1,results_v3_lr0p1,small_cnn,sgd,10,128,20000,0.1,0.9,0.0005,cuda,False,False,4,127,598,
curriculum_hard,1,results_v3_lr0p1,results_v3_lr0p1,small_cnn,sgd,10,128,20000,0.1,0.9,0.0005,cuda,False,False,4,128,599,
curriculum_hard,1,results_v3_lr0p1,results_v3_lr0p1,small_cnn,sgd,10,128,20000,0.1,0.9,0.0005,cuda,False,False,4,129,600,
curriculum_hard,1,results_v3_lr0p1,results_v3_lr0p1,small_cnn,sgd,10,128,20000,0.1,0.9,0.0005,cuda,False,False,4,130,601,
curriculum_hard,1,results_v3_lr0p1,results_v3_lr0p1,small_cnn,sgd,10,128,20000,0.1,0.9,0.0005,cuda,False,False,4,131,602,
curriculum_hard,1,results_v3_lr0p1,results_v3_lr0p1,small_cnn,sgd,10,128,20000,0.1,0.9,0.0005,cuda,False,False,4,132,603,
curriculum_hard,1,results_v3_lr0p1,results_v3_lr0p1,small_cnn,sgd,10,128,20000,0.1,0.9,0.0005,cuda,False,False,4,133,604,
curriculum_hard,1,results_v3_lr0p1,results_v3_lr0p1,small_cnn,sgd,10,128,20000,0.1,0.9,0.0005,cuda,False,False,4,134,605,
curriculum_hard,1,results_v3_lr0p1,results_v3_lr0p1,small_cnn,sgd,10,128,20000,0.1,0.9,0.0005,cuda,False,False,4,135,606,
curriculum_hard,1,results_v3_lr0p1,results_v3_lr0p1,small_cnn,sgd,10,128,20000,0.1,0.9,0.0005,cuda,False,False,4,136,607,
curriculum_hard,1,results_v3_lr0p1,results_v3_lr0p1,small_cnn,sgd,10,128,20000,0.1,0.9,0.0005,cuda,False,False,4,137,608,
curriculum_hard,1,results_v3_lr0p1,results_v3_lr0p1,small_cnn,sgd,10,128,20000,0.1,0.9,0.0005,cuda,False,False,4,138,609,
curriculum_hard,1,results_v3_lr0p1,results_v3_lr0p1,small_cnn,sgd,10,128,20000,0.1,0.9,0.0005,cuda,False,False,4,139,610,
curriculum_hard,1,results_v3_lr0p1,results_v3_lr0p1,small_cnn,sgd,10,128,20000,0.1,0.9,0.0005,cuda,False,False,4,140,611,
curriculum_hard,1,results_v3_lr0p1,results_v3_lr0p1,small_cnn,sgd,10,128,20000,0.1,0.9,0.0005,cuda,False,False,4,141,612,
curriculum_hard,1,results_v3_lr0p1,results_v3_lr0p1,small_cnn,sgd,10,128,20000,0.1,0.9,0.0005,cuda,False,False,4,142,613,
curriculum_hard,1,results_v3_lr0p1,results_v3_lr0p1,small_cnn,sgd,10,128,20000,0.1,0.9,0.0005,cuda,False,False,4,143,614,
curriculum_hard,1,results_v3_lr0p1,results_v3_lr0p1,small_cnn,sgd,10,128,20000,0.1,0.9,0.0005,cuda,False,False,4,144,615,
curriculum_hard,1,results_v3_lr0p1,results_v3_lr0p1,small_cnn,sgd,10,128,20000,0.1,0.9,0.0005,cuda,False,False,4,145,616,
curriculum_hard,1,results_v3_lr0p1,results_v3_lr0p1,small_cnn,sgd,10,128,20000,0.1,0.9,0.0005,cuda,False,False,4,146,617,
curriculum_hard,1,results_v3_lr0p1,results_v3_lr0p1,small_cnn,sgd,10,128,20000,0.1,0.9,0.0005,cuda,False,False,4,147,618,
curriculum_hard,1,results_v3_lr0p1,results_v3_lr0p1,small_cnn,sgd,10,128,20000,0.1,0.9,0.0005,cuda,False,False,4,148,619,
curriculum_hard,1,results_v3_lr0p1,results_v3_lr0p1,small_cnn,sgd,10,128,20000,0.1,0.9,0.0005,cuda,False,False,4,149,620,
curriculum_hard,1,results_v3_lr0p1,results_v3_lr0p1,small_cnn,sgd,10,128,20000,0.1,0.9,0.0005,cuda,False,False,4,150,621,
curriculum_hard,1,results_v3_lr0p1,results_v3_lr0p1,small_cnn,sgd,10,128,20000,0.1,0.9,0.0005,cuda,False,False,4,151,622,
curriculum_hard,1,results_v3_lr0p1,results_v3_lr0p1,small_cnn,sgd,10,128,20000,0.1,0.9,0.0005,cuda,False,False,4,152,623,
curriculum_hard,1,results_v3_lr0p1,results_v3_lr0p1,small_cnn,sgd,10,128,20000,0.1,0.9,0.0005,cuda,False,False,4,153,624,
curriculum_hard,1,results_v3_lr0p1,results_v3_lr0p1,small_cnn,sgd,10,128,20000,0.1,0.9,0.0005,cuda,False,False,4,154,625,
curriculum_hard,1,results_v3_lr0p1,results_v3_lr0p1,small_cnn,sgd,10,128,20000,0.1,0.9,0.0005,cuda,False,False,4,155,626,
curriculum_hard,1,results_v3_lr0p1,results_v3_lr0p1,small_cnn,sgd,10,128,20000,0.1,0.9,0.0005,cuda,False,False,4,156,627,
curriculum_hard,1,results_v3_lr0p1,results_v3_lr0p1,small_cnn,sgd,10,128,20000,0.1,0.9,0.0005,cuda,False,False,4,157,628,
curriculum_hard,1,results_v3_lr0p1,results_v3_lr0p1,small_cnn,sgd,10,128,20000,0.1,0.9,0.0005,cuda,False,False,5,1,629,
curriculum_hard,1,results_v3_lr0p1,results_v3_lr0p1,small_cnn,sgd,10,128,20000,0.1,0.9,0.0005,cuda,False,False,5,2,630,
curriculum_hard,1,results_v3_lr0p1,results_v3_lr0p1,small_cnn,sgd,10,128,20000,0.1,0.9,0.0005,cuda,False,False,5,3,631,
curriculum_hard,1,results_v3_lr0p1,results_v3_lr0p1,small_cnn,sgd,10,128,20000,0.1,0.9,0.0005,cuda,False,False,5,4,632,
curriculum_hard,1,results_v3_lr0p1,results_v3_lr0p1,small_cnn,sgd,10,128,20000,0.1,0.9,0.0005,cuda,False,False,5,5,633,
curriculum_hard,1,results_v3_lr0p1,results_v3_lr0p1,small_cnn,sgd,10,128,20000,0.1,0.9,0.0005,cuda,False,False,5,6,634,
curriculum_hard,1,results_v3_lr0p1,results_v3_lr0p1,small_cnn,sgd,10,128,20000,0.1,0.9,0.0005,cuda,False,False,5,7,635,
curriculum_hard,1,results_v3_lr0p1,results_v3_lr0p1,small_cnn,sgd,10,128,20000,0.1,0.9,0.0005,cuda,False,False,5,8,636,
curriculum_hard,1,results_v3_lr0p1,results_v3_lr0p1,small_cnn,sgd,10,128,20000,0.1,0.9,0.0005,cuda,False,False,5,9,637,
curriculum_hard,1,results_v3_lr0p1,results_v3_lr0p1,small_cnn,sgd,10,128,20000,0.1,0.9,0.0005,cuda,False,False,5,10,638,
curriculum_hard,1,results_v3_lr0p1,results_v3_lr0p1,small_cnn,sgd,10,128,20000,0.1,0.9,0.0005,cuda,False,False,5,11,639,
curriculum_hard,1,results_v3_lr0p1,results_v3_lr0p1,small_cnn,sgd,10,128,20000,0.1,0.9,0.0005,cuda,False,False,5,12,640,
curriculum_hard,1,results_v3_lr0p1,results_v3_lr0p1,small_cnn,sgd,10,128,20000,0.1,0.9,0.0005,cuda,False,False,5,13,641,
curriculum_hard,1,results_v3_lr0p1,results_v3_lr0p1,small_cnn,sgd,10,128,20000,0.1,0.9,0.0005,cuda,False,False,5,14,642,
curriculum_hard,1,results_v3_lr0p1,results_v3_lr0p1,small_cnn,sgd,10,128,20000,0.1,0.9,0.0005,cuda,False,False,5,15,643,
curriculum_hard,1,results_v3_lr0p1,results_v3_lr0p1,small_cnn,sgd,10,128,20000,0.1,0.9,0.0005,cuda,False,False,5,16,644,
curriculum_hard,1,results_v3_lr0p1,results_v3_lr0p1,small_cnn,sgd,10,128,20000,0.1,0.9,0.0005,cuda,False,False,5,17,645,
curriculum_hard,1,results_v3_lr0p1,results_v3_lr0p1,small_cnn,sgd,10,128,20000,0.1,0.9,0.0005,cuda,False,False,5,18,646,
curriculum_hard,1,results_v3_lr0p1,results_v3_lr0p1,small_cnn,sgd,10,128,20000,0.1,0.9,0.0005,cuda,False,False,5,19,647,
curriculum_hard,1,results_v3_lr0p1,results_v3_lr0p1,small_cnn,sgd,10,128,20000,0.1,0.9,0.0005,cuda,False,False,5,20,648,
curriculum_hard,1,results_v3_lr0p1,results_v3_lr0p1,small_cnn,sgd,10,128,20000,0.1,0.9,0.0005,cuda,False,False,5,21,649,
curriculum_hard,1,results_v3_lr0p1,results_v3_lr0p1,small_cnn,sgd,10,128,20000,0.1,0.9,0.0005,cuda,False,False,5,22,650,
curriculum_hard,1,results_v3_lr0p1,results_v3_lr0p1,small_cnn,sgd,10,128,20000,0.1,0.9,0.0005,cuda,False,False,5,23,651,
curriculum_hard,1,results_v3_lr0p1,results_v3_lr0p1,small_cnn,sgd,10,128,20000,0.1,0.9,0.0005,cuda,False,False,5,24,652,
curriculum_hard,1,results_v3_lr0p1,results_v3_lr0p1,small_cnn,sgd,10,128,20000,0.1,0.9,0.0005,cuda,False,False,5,25,653,
curriculum_hard,1,results_v3_lr0p1,results_v3_lr0p1,small_cnn,sgd,10,128,20000,0.1,0.9,0.0005,cuda,False,False,5,26,654,
curriculum_hard,1,results_v3_lr0p1,results_v3_lr0p1,small_cnn,sgd,10,128,20000,0.1,0.9,0.0005,cuda,False,False,5,27,655,
curriculum_hard,1,results_v3_lr0p1,results_v3_lr0p1,small_cnn,sgd,10,128,20000,0.1,0.9,0.0005,cuda,False,False,5,28,656,
curriculum_hard,1,results_v3_lr0p1,results_v3_lr0p1,small_cnn,sgd,10,128,20000,0.1,0.9,0.0005,cuda,False,False,5,29,657,
curriculum_hard,1,results_v3_lr0p1,results_v3_lr0p1,small_cnn,sgd,10,128,20000,0.1,0.9,0.0005,cuda,False,False,5,30,658,
curriculum_hard,1,results_v3_lr0p1,results_v3_lr0p1,small_cnn,sgd,10,128,20000,0.1,0.9,0.0005,cuda,False,False,5,31,659,
curriculum_hard,1,results_v3_lr0p1,results_v3_lr0p1,small_cnn,sgd,10,128,20000,0.1,0.9,0.0005,cuda,False,False,5,32,660,
curriculum_hard,1,results_v3_lr0p1,results_v3_lr0p1,small_cnn,sgd,10,128,20000,0.1,0.9,0.0005,cuda,False,False,5,33,661,
curriculum_hard,1,results_v3_lr0p1,results_v3_lr0p1,small_cnn,sgd,10,128,20000,0.1,0.9,0.0005,cuda,False,False,5,34,662,
curriculum_hard,1,results_v3_lr0p1,results_v3_lr0p1,small_cnn,sgd,10,128,20000,0.1,0.9,0.0005,cuda,False,False,5,35,663,
curriculum_hard,1,results_v3_lr0p1,results_v3_lr0p1,small_cnn,sgd,10,128,20000,0.1,0.9,0.0005,cuda,False,False,5,36,664,
curriculum_hard,1,results_v3_lr0p1,results_v3_lr0p1,small_cnn,sgd,10,128,20000,0.1,0.9,0.0005,cuda,False,False,5,37,665,
curriculum_hard,1,results_v3_lr0p1,results_v3_lr0p1,small_cnn,sgd,10,128,20000,0.1,0.9,0.0005,cuda,False,False,5,38,666,
curriculum_hard,1,results_v3_lr0p1,results_v3_lr0p1,small_cnn,sgd,10,128,20000,0.1,0.9,0.0005,cuda,False,False,5,39,667,
curriculum_hard,1,results_v3_lr0p1,results_v3_lr0p1,small_cnn,sgd,10,128,20000,0.1,0.9,0.0005,cuda,False,False,5,40,668,
curriculum_hard,1,results_v3_lr0p1,results_v3_lr0p1,small_cnn,sgd,10,128,20000,0.1,0.9,0.0005,cuda,False,False,5,41,669,
curriculum_hard,1,results_v3_lr0p1,results_v3_lr0p1,small_cnn,sgd,10,128,20000,0.1,0.9,0.0005,cuda,False,False,5,42,670,
curriculum_hard,1,results_v3_lr0p1,results_v3_lr0p1,small_cnn,sgd,10,128,20000,0.1,0.9,0.0005,cuda,False,False,5,43,671,
curriculum_hard,1,results_v3_lr0p1,results_v3_lr0p1,small_cnn,sgd,10,128,20000,0.1,0.9,0.0005,cuda,False,False,5,44,672,
curriculum_hard,1,results_v3_lr0p1,results_v3_lr0p1,small_cnn,sgd,10,128,20000,0.1,0.9,0.0005,cuda,False,False,5,45,673,
curriculum_hard,1,results_v3_lr0p1,results_v3_lr0p1,small_cnn,sgd,10,128,20000,0.1,0.9,0.0005,cuda,False,False,5,46,674,
curriculum_hard,1,results_v3_lr0p1,results_v3_lr0p1,small_cnn,sgd,10,128,20000,0.1,0.9,0.0005,cuda,False,False,5,47,675,
curriculum_hard,1,results_v3_lr0p1,results_v3_lr0p1,small_cnn,sgd,10,128,20000,0.1,0.9,0.0005,cuda,False,False,5,48,676,
curriculum_hard,1,results_v3_lr0p1,results_v3_lr0p1,small_cnn,sgd,10,128,20000,0.1,0.9,0.0005,cuda,False,False,5,49,677,
curriculum_hard,1,results_v3_lr0p1,results_v3_lr0p1,small_cnn,sgd,10,128,20000,0.1,0.9,0.0005,cuda,False,False,5,50,678,
curriculum_hard,1,results_v3_lr0p1,results_v3_lr0p1,small_cnn,sgd,10,128,20000,0.1,0.9,0.0005,cuda,False,False,5,51,679,
curriculum_hard,1,results_v3_lr0p1,results_v3_lr0p1,small_cnn,sgd,10,128,20000,0.1,0.9,0.0005,cuda,False,False,5,52,680,
curriculum_hard,1,results_v3_lr0p1,results_v3_lr0p1,small_cnn,sgd,10,128,20000,0.1,0.9,0.0005,cuda,False,False,5,53,681,
curriculum_hard,1,results_v3_lr0p1,results_v3_lr0p1,small_cnn,sgd,10,128,20000,0.1,0.9,0.0005,cuda,False,False,5,54,682,
curriculum_hard,1,results_v3_lr0p1,results_v3_lr0p1,small_cnn,sgd,10,128,20000,0.1,0.9,0.0005,cuda,False,False,5,55,683,
curriculum_hard,1,results_v3_lr0p1,results_v3_lr0p1,small_cnn,sgd,10,128,20000,0.1,0.9,0.0005,cuda,False,False,5,56,684,
curriculum_hard,1,results_v3_lr0p1,results_v3_lr0p1,small_cnn,sgd,10,128,20000,0.1,0.9,0.0005,cuda,False,False,5,57,685,
curriculum_hard,1,results_v3_lr0p1,results_v3_lr0p1,small_cnn,sgd,10,128,20000,0.1,0.9,0.0005,cuda,False,False,5,58,686,
curriculum_hard,1,results_v3_lr0p1,results_v3_lr0p1,small_cnn,sgd,10,128,20000,0.1,0.9,0.0005,cuda,False,False,5,59,687,
curriculum_hard,1,results_v3_lr0p1,results_v3_lr0p1,small_cnn,sgd,10,128,20000,0.1,0.9,0.0005,cuda,False,False,5,60,688,
curriculum_hard,1,results_v3_lr0p1,results_v3_lr0p1,small_cnn,sgd,10,128,20000,0.1,0.9,0.0005,cuda,False,False,5,61,689,
curriculum_hard,1,results_v3_lr0p1,results_v3_lr0p1,small_cnn,sgd,10,128,20000,0.1,0.9,0.0005,cuda,False,False,5,62,690,
curriculum_hard,1,results_v3_lr0p1,results_v3_lr0p1,small_cnn,sgd,10,128,20000,0.1,0.9,0.0005,cuda,False,False,5,63,691,
curriculum_hard,1,results_v3_lr0p1,results_v3_lr0p1,small_cnn,sgd,10,128,20000,0.1,0.9,0.0005,cuda,False,False,5,64,692,
curriculum_hard,1,results_v3_lr0p1,results_v3_lr0p1,small_cnn,sgd,10,128,20000,0.1,0.9,0.0005,cuda,False,False,5,65,693,
curriculum_hard,1,results_v3_lr0p1,results_v3_lr0p1,small_cnn,sgd,10,128,20000,0.1,0.9,0.0005,cuda,False,False,5,66,694,
curriculum_hard,1,results_v3_lr0p1,results_v3_lr0p1,small_cnn,sgd,10,128,20000,0.1,0.9,0.0005,cuda,False,False,5,67,695,
curriculum_hard,1,results_v3_lr0p1,results_v3_lr0p1,small_cnn,sgd,10,128,20000,0.1,0.9,0.0005,cuda,False,False,5,68,696,
curriculum_hard,1,results_v3_lr0p1,results_v3_lr0p1,small_cnn,sgd,10,128,20000,0.1,0.9,0.0005,cuda,False,False,5,69,697,
curriculum_hard,1,results_v3_lr0p1,results_v3_lr0p1,small_cnn,sgd,10,128,20000,0.1,0.9,0.0005,cuda,False,False,5,70,698,
curriculum_hard,1,results_v3_lr0p1,results_v3_lr0p1,small_cnn,sgd,10,128,20000,0.1,0.9,0.0005,cuda,False,False,5,71,699,
curriculum_hard,1,results_v3_lr0p1,results_v3_lr0p1,small_cnn,sgd,10,128,20000,0.1,0.9,0.0005,cuda,False,False,5,72,700,
curriculum_hard,1,results_v3_lr0p1,results_v3_lr0p1,small_cnn,sgd,10,128,20000,0.1,0.9,0.0005,cuda,False,False,5,73,701,
curriculum_hard,1,results_v3_lr0p1,results_v3_lr0p1,small_cnn,sgd,10,128,20000,0.1,0.9,0.0005,cuda,False,False,5,74,702,
curriculum_hard,1,results_v3_lr0p1,results_v3_lr0p1,small_cnn,sgd,10,128,20000,0.1,0.9,0.0005,cuda,False,False,5,75,703,
curriculum_hard,1,results_v3_lr0p1,results_v3_lr0p1,small_cnn,sgd,10,128,20000,0.1,0.9,0.0005,cuda,False,False,5,76,704,
curriculum_hard,1,results_v3_lr0p1,results_v3_lr0p1,small_cnn,sgd,10,128,20000,0.1,0.9,0.0005,cuda,False,False,5,77,705,
curriculum_hard,1,results_v3_lr0p1,results_v3_lr0p1,small_cnn,sgd,10,128,20000,0.1,0.9,0.0005,cuda,False,False,5,78,706,
curriculum_hard,1,results_v3_lr0p1,results_v3_lr0p1,small_cnn,sgd,10,128,20000,0.1,0.9,0.0005,cuda,False,False,5,79,707,
curriculum_hard,1,results_v3_lr0p1,results_v3_lr0p1,small_cnn,sgd,10,128,20000,0.1,0.9,0.0005,cuda,False,False,5,80,708,
curriculum_hard,1,results_v3_lr0p1,results_v3_lr0p1,small_cnn,sgd,10,128,20000,0.1,0.9,0.0005,cuda,False,False,5,81,709,
curriculum_hard,1,results_v3_lr0p1,results_v3_lr0p1,small_cnn,sgd,10,128,20000,0.1,0.9,0.0005,cuda,False,False,5,82,710,
curriculum_hard,1,results_v3_lr0p1,results_v3_lr0p1,small_cnn,sgd,10,128,20000,0.1,0.9,0.0005,cuda,False,False,5,83,711,
curriculum_hard,1,results_v3_lr0p1,results_v3_lr0p1,small_cnn,sgd,10,128,20000,0.1,0.9,0.0005,cuda,False,False,5,84,712,
curriculum_hard,1,results_v3_lr0p1,results_v3_lr0p1,small_cnn,sgd,10,128,20000,0.1,0.9,0.0005,cuda,False,False,5,85,713,
curriculum_hard,1,results_v3_lr0p1,results_v3_lr0p1,small_cnn,sgd,10,128,20000,0.1,0.9,0.0005,cuda,False,False,5,86,714,
curriculum_hard,1,results_v3_lr0p1,results_v3_lr0p1,small_cnn,sgd,10,128,20000,0.1,0.9,0.0005,cuda,False,False,5,87,715,
curriculum_hard,1,results_v3_lr0p1,results_v3_lr0p1,small_cnn,sgd,10,128,20000,0.1,0.9,0.0005,cuda,False,False,5,88,716,
curriculum_hard,1,results_v3_lr0p1,results_v3_lr0p1,small_cnn,sgd,10,128,20000,0.1,0.9,0.0005,cuda,False,False,5,89,717,
curriculum_hard,1,results_v3_lr0p1,results_v3_lr0p1,small_cnn,sgd,10,128,20000,0.1,0.9,0.0005,cuda,False,False,5,90,718,
curriculum_hard,1,results_v3_lr0p1,results_v3_lr0p1,small_cnn,sgd,10,128,20000,0.1,0.9,0.0005,cuda,False,False,5,91,719,
curriculum_hard,1,results_v3_lr0p1,results_v3_lr0p1,small_cnn,sgd,10,128,20000,0.1,0.9,0.0005,cuda,False,False,5,92,720,
curriculum_hard,1,results_v3_lr0p1,results_v3_lr0p1,small_cnn,sgd,10,128,20000,0.1,0.9,0.0005,cuda,False,False,5,93,721,
curriculum_hard,1,results_v3_lr0p1,results_v3_lr0p1,small_cnn,sgd,10,128,20000,0.1,0.9,0.0005,cuda,False,False,5,94,722,
curriculum_hard,1,results_v3_lr0p1,results_v3_lr0p1,small_cnn,sgd,10,128,20000,0.1,0.9,0.0005,cuda,False,False,5,95,723,
curriculum_hard,1,results_v3_lr0p1,results_v3_lr0p1,small_cnn,sgd,10,128,20000,0.1,0.9,0.0005,cuda,False,False,5,96,724,
curriculum_hard,1,results_v3_lr0p1,results_v3_lr0p1,small_cnn,sgd,10,128,20000,0.1,0.9,0.0005,cuda,False,False,5,97,725,
curriculum_hard,1,results_v3_lr0p1,results_v3_lr0p1,small_cnn,sgd,10,128,20000,0.1,0.9,0.0005,cuda,False,False,5,98,726,
curriculum_hard,1,results_v3_lr0p1,results_v3_lr0p1,small_cnn,sgd,10,128,20000,0.1,0.9,0.0005,cuda,False,False,5,99,727,
curriculum_hard,1,results_v3_lr0p1,results_v3_lr0p1,small_cnn,sgd,10,128,20000,0.1,0.9,0.0005,cuda,False,False,5,100,728,
curriculum_hard,1,results_v3_lr0p1,results_v3_lr0p1,small_cnn,sgd,10,128,20000,0.1,0.9,0.0005,cuda,False,False,5,101,729,
curriculum_hard,1,results_v3_lr0p1,results_v3_lr0p1,small_cnn,sgd,10,128,20000,0.1,0.9,0.0005,cuda,False,False,5,102,730,
curriculum_hard,1,results_v3_lr0p1,results_v3_lr0p1,small_cnn,sgd,10,128,20000,0.1,0.9,0.0005,cuda,False,False,5,103,731,
curriculum_hard,1,results_v3_lr0p1,results_v3_lr0p1,small_cnn,sgd,10,128,20000,0.1,0.9,0.0005,cuda,False,False,5,104,732,
curriculum_hard,1,results_v3_lr0p1,results_v3_lr0p1,small_cnn,sgd,10,128,20000,0.1,0.9,0.0005,cuda,False,False,5,105,733,
curriculum_hard,1,results_v3_lr0p1,results_v3_lr0p1,small_cnn,sgd,10,128,20000,0.1,0.9,0.0005,cuda,False,False,5,106,734,
curriculum_hard,1,results_v3_lr0p1,results_v3_lr0p1,small_cnn,sgd,10,128,20000,0.1,0.9,0.0005,cuda,False,False,5,107,735,
curriculum_hard,1,results_v3_lr0p1,results_v3_lr0p1,small_cnn,sgd,10,128,20000,0.1,0.9,0.0005,cuda,False,False,5,108,736,
curriculum_hard,1,results_v3_lr0p1,results_v3_lr0p1,small_cnn,sgd,10,128,20000,0.1,0.9,0.0005,cuda,False,False,5,109,737,
curriculum_hard,1,results_v3_lr0p1,results_v3_lr0p1,small_cnn,sgd,10,128,20000,0.1,0.9,0.0005,cuda,False,False,5,110,738,
curriculum_hard,1,results_v3_lr0p1,results_v3_lr0p1,small_cnn,sgd,10,128,20000,0.1,0.9,0.0005,cuda,False,False,5,111,739,
curriculum_hard,1,results_v3_lr0p1,results_v3_lr0p1,small_cnn,sgd,10,128,20000,0.1,0.9,0.0005,cuda,False,False,5,112,740,
curriculum_hard,1,results_v3_lr0p1,results_v3_lr0p1,small_cnn,sgd,10,128,20000,0.1,0.9,0.0005,cuda,False,False,5,113,741,
curriculum_hard,1,results_v3_lr0p1,results_v3_lr0p1,small_cnn,sgd,10,128,20000,0.1,0.9,0.0005,cuda,False,False,5,114,742,
curriculum_hard,1,results_v3_lr0p1,results_v3_lr0p1,small_cnn,sgd,10,128,20000,0.1,0.9,0.0005,cuda,False,False,5,115,743,
curriculum_hard,1,results_v3_lr0p1,results_v3_lr0p1,small_cnn,sgd,10,128,20000,0.1,0.9,0.0005,cuda,False,False,5,116,744,
curriculum_hard,1,results_v3_lr0p1,results_v3_lr0p1,small_cnn,sgd,10,128,20000,0.1,0.9,0.0005,cuda,False,False,5,117,745,
curriculum_hard,1,results_v3_lr0p1,results_v3_lr0p1,small_cnn,sgd,10,128,20000,0.1,0.9,0.0005,cuda,False,False,5,118,746,
curriculum_hard,1,results_v3_lr0p1,results_v3_lr0p1,small_cnn,sgd,10,128,20000,0.1,0.9,0.0005,cuda,False,False,5,119,747,
curriculum_hard,1,results_v3_lr0p1,results_v3_lr0p1,small_cnn,sgd,10,128,20000,0.1,0.9,0.0005,cuda,False,False,5,120,748,
curriculum_hard,1,results_v3_lr0p1,results_v3_lr0p1,small_cnn,sgd,10,128,20000,0.1,0.9,0.0005,cuda,False,False,5,121,749,
curriculum_hard,1,results_v3_lr0p1,results_v3_lr0p1,small_cnn,sgd,10,128,20000,0.1,0.9,0.0005,cuda,False,False,5,122,750,
curriculum_hard,1,results_v3_lr0p1,results_v3_lr0p1,small_cnn,sgd,10,128,20000,0.1,0.9,0.0005,cuda,False,False,5,123,751,
curriculum_hard,1,results_v3_lr0p1,results_v3_lr0p1,small_cnn,sgd,10,128,20000,0.1,0.9,0.0005,cuda,False,False,5,124,752,
curriculum_hard,1,results_v3_lr0p1,results_v3_lr0p1,small_cnn,sgd,10,128,20000,0.1,0.9,0.0005,cuda,False,False,5,125,753,
curriculum_hard,1,results_v3_lr0p1,results_v3_lr0p1,small_cnn,sgd,10,128,20000,0.1,0.9,0.0005,cuda,False,False,5,126,754,
curriculum_hard,1,results_v3_lr0p1,results_v3_lr0p1,small_cnn,sgd,10,128,20000,0.1,0.9,0.0005,cuda,False,False,5,127,755,
curriculum_hard,1,results_v3_lr0p1,results_v3_lr0p1,small_cnn,sgd,10,128,20000,0.1,0.9,0.0005,cuda,False,False,5,128,756,
curriculum_hard,1,results_v3_lr0p1,results_v3_lr0p1,small_cnn,sgd,10,128,20000,0.1,0.9,0.0005,cuda,False,False,5,129,757,
curriculum_hard,1,results_v3_lr0p1,results_v3_lr0p1,small_cnn,sgd,10,128,20000,0.1,0.9,0.0005,cuda,False,False,5,130,758,
curriculum_hard,1,results_v3_lr0p1,results_v3_lr0p1,small_cnn,sgd,10,128,20000,0.1,0.9,0.0005,cuda,False,False,5,131,759,
curriculum_hard,1,results_v3_lr0p1,results_v3_lr0p1,small_cnn,sgd,10,128,20000,0.1,0.9,0.0005,cuda,False,False,5,132,760,
curriculum_hard,1,results_v3_lr0p1,results_v3_lr0p1,small_cnn,sgd,10,128,20000,0.1,0.9,0.0005,cuda,False,False,5,133,761,
curriculum_hard,1,results_v3_lr0p1,results_v3_lr0p1,small_cnn,sgd,10,128,20000,0.1,0.9,0.0005,cuda,False,False,5,134,762,
curriculum_hard,1,results_v3_lr0p1,results_v3_lr0p1,small_cnn,sgd,10,128,20000,0.1,0.9,0.0005,cuda,False,False,5,135,763,
curriculum_hard,1,results_v3_lr0p1,results_v3_lr0p1,small_cnn,sgd,10,128,20000,0.1,0.9,0.0005,cuda,False,False,5,136,764,
curriculum_hard,1,results_v3_lr0p1,results_v3_lr0p1,small_cnn,sgd,10,128,20000,0.1,0.9,0.0005,cuda,False,False,5,137,765,
curriculum_hard,1,results_v3_lr0p1,results_v3_lr0p1,small_cnn,sgd,10,128,20000,0.1,0.9,0.0005,cuda,False,False,5,138,766,
curriculum_hard,1,results_v3_lr0p1,results_v3_lr0p1,small_cnn,sgd,10,128,20000,0.1,0.9,0.0005,cuda,False,False,5,139,767,
curriculum_hard,1,results_v3_lr0p1,results_v3_lr0p1,small_cnn,sgd,10,128,20000,0.1,0.9,0.0005,cuda,False,False,5,140,768,
curriculum_hard,1,results_v3_lr0p1,results_v3_lr0p1,small_cnn,sgd,10,128,20000,0.1,0.9,0.0005,cuda,False,False,5,141,769,
curriculum_hard,1,results_v3_lr0p1,results_v3_lr0p1,small_cnn,sgd,10,128,20000,0.1,0.9,0.0005,cuda,False,False,5,142,770,
curriculum_hard,1,results_v3_lr0p1,results_v3_lr0p1,small_cnn,sgd,10,128,20000,0.1,0.9,0.0005,cuda,False,False,5,143,771,
curriculum_hard,1,results_v3_lr0p1,results_v3_lr0p1,small_cnn,sgd,10,128,20000,0.1,0.9,0.0005,cuda,False,False,5,144,772,
curriculum_hard,1,results_v3_lr0p1,results_v3_lr0p1,small_cnn,sgd,10,128,20000,0.1,0.9,0.0005,cuda,False,False,5,145,773,
curriculum_hard,1,results_v3_lr0p1,results_v3_lr0p1,small_cnn,sgd,10,128,20000,0.1,0.9,0.0005,cuda,False,False,5,146,774,
curriculum_hard,1,results_v3_lr0p1,results_v3_lr0p1,small_cnn,sgd,10,128,20000,0.1,0.9,0.0005,cuda,False,False,5,147,775,
curriculum_hard,1,results_v3_lr0p1,results_v3_lr0p1,small_cnn,sgd,10,128,20000,0.1,0.9,0.0005,cuda,False,False,5,148,776,
curriculum_hard,1,results_v3_lr0p1,results_v3_lr0p1,small_cnn,sgd,10,128,20000,0.1,0.9,0.0005,cuda,False,False,5,149,777,
curriculum_hard,1,results_v3_lr0p1,results_v3_lr0p1,small_cnn,sgd,10,128,20000,0.1,0.9,0.0005,cuda,False,False,5,150,778,
curriculum_hard,1,results_v3_lr0p1,results_v3_lr0p1,small_cnn,sgd,10,128,20000,0.1,0.9,0.0005,cuda,False,False,5,151,779,
curriculum_hard,1,results_v3_lr0p1,results_v3_lr0p1,small_cnn,sgd,10,128,20000,0.1,0.9,0.0005,cuda,False,False,5,152,780,
curriculum_hard,1,results_v3_lr0p1,results_v3_lr0p1,small_cnn,sgd,10,128,20000,0.1,0.9,0.0005,cuda,False,False,5,153,781,
curriculum_hard,1,results_v3_lr0p1,results_v3_lr0p1,small_cnn,sgd,10,128,20000,0.1,0.9,0.0005,cuda,False,False,5,154,782,
curriculum_hard,1,results_v3_lr0p1,results_v3_lr0p1,small_cnn,sgd,10,128,20000,0.1,0.9,0.0005,cuda,False,False,5,155,783,
curriculum_hard,1,results_v3_lr0p1,results_v3_lr0p1,small_cnn,sgd,10,128,20000,0.1,0.9,0.0005,cuda,False,False,5,156,784,
curriculum_hard,1,results_v3_lr0p1,results_v3_lr0p1,small_cnn,sgd,10,128,20000,0.1,0.9,0.0005,cuda,False,False,5,157,785,
curriculum_hard,1,results_v3_lr0p1,results_v3_lr0p1,small_cnn,sgd,10,128,20000,0.1,0.9,0.0005,cuda,False,False,6,1,786,
curriculum_hard,1,results_v3_lr0p1,results_v3_lr0p1,small_cnn,sgd,10,128,20000,0.1,0.9,0.0005,cuda,False,False,6,2,787,
curriculum_hard,1,results_v3_lr0p1,results_v3_lr0p1,small_cnn,sgd,10,128,20000,0.1,0.9,0.0005,cuda,False,False,6,3,788,
curriculum_hard,1,results_v3_lr0p1,results_v3_lr0p1,small_cnn,sgd,10,128,20000,0.1,0.9,0.0005,cuda,False,False,6,4,789,
curriculum_hard,1,results_v3_lr0p1,results_v3_lr0p1,small_cnn,sgd,10,128,20000,0.1,0.9,0.0005,cuda,False,False,6,5,790,
curriculum_hard,1,results_v3_lr0p1,results_v3_lr0p1,small_cnn,sgd,10,128,20000,0.1,0.9,0.0005,cuda,False,False,6,6,791,
curriculum_hard,1,results_v3_lr0p1,results_v3_lr0p1,small_cnn,sgd,10,128,20000,0.1,0.9,0.0005,cuda,False,False,6,7,792,
curriculum_hard,1,results_v3_lr0p1,results_v3_lr0p1,small_cnn,sgd,10,128,20000,0.1,0.9,0.0005,cuda,False,False,6,8,793,
curriculum_hard,1,results_v3_lr0p1,results_v3_lr0p1,small_cnn,sgd,10,128,20000,0.1,0.9,0.0005,cuda,False,False,6,9,794,
curriculum_hard,1,results_v3_lr0p1,results_v3_lr0p1,small_cnn,sgd,10,128,20000,0.1,0.9,0.0005,cuda,False,False,6,10,795,
curriculum_hard,1,results_v3_lr0p1,results_v3_lr0p1,small_cnn,sgd,10,128,20000,0.1,0.9,0.0005,cuda,False,False,6,11,796,
curriculum_hard,1,results_v3_lr0p1,results_v3_lr0p1,small_cnn,sgd,10,128,20000,0.1,0.9,0.0005,cuda,False,False,6,12,797,
curriculum_hard,1,results_v3_lr0p1,results_v3_lr0p1,small_cnn,sgd,10,128,20000,0.1,0.9,0.0005,cuda,False,False,6,13,798,
curriculum_hard,1,results_v3_lr0p1,results_v3_lr0p1,small_cnn,sgd,10,128,20000,0.1,0.9,0.0005,cuda,False,False,6,14,799,
curriculum_hard,1,results_v3_lr0p1,results_v3_lr0p1,small_cnn,sgd,10,128,20000,0.1,0.9,0.0005,cuda,False,False,6,15,800,
curriculum_hard,1,results_v3_lr0p1,results_v3_lr0p1,small_cnn,sgd,10,128,20000,0.1,0.9,0.0005,cuda,False,False,6,16,801,
curriculum_hard,1,results_v3_lr0p1,results_v3_lr0p1,small_cnn,sgd,10,128,20000,0.1,0.9,0.0005,cuda,False,False,6,17,802,
curriculum_hard,1,results_v3_lr0p1,results_v3_lr0p1,small_cnn,sgd,10,128,20000,0.1,0.9,0.0005,cuda,False,False,6,18,803,
curriculum_hard,1,results_v3_lr0p1,results_v3_lr0p1,small_cnn,sgd,10,128,20000,0.1,0.9,0.0005,cuda,False,False,6,19,804,
curriculum_hard,1,results_v3_lr0p1,results_v3_lr0p1,small_cnn,sgd,10,128,20000,0.1,0.9,0.0005,cuda,False,False,6,20,805,
curriculum_hard,1,results_v3_lr0p1,results_v3_lr0p1,small_cnn,sgd,10,128,20000,0.1,0.9,0.0005,cuda,False,False,6,21,806,
curriculum_hard,1,results_v3_lr0p1,results_v3_lr0p1,small_cnn,sgd,10,128,20000,0.1,0.9,0.0005,cuda,False,False,6,22,807,
curriculum_hard,1,results_v3_lr0p1,results_v3_lr0p1,small_cnn,sgd,10,128,20000,0.1,0.9,0.0005,cuda,False,False,6,23,808,
curriculum_hard,1,results_v3_lr0p1,results_v3_lr0p1,small_cnn,sgd,10,128,20000,0.1,0.9,0.0005,cuda,False,False,6,24,809,
curriculum_hard,1,results_v3_lr0p1,results_v3_lr0p1,small_cnn,sgd,10,128,20000,0.1,0.9,0.0005,cuda,False,False,6,25,810,
curriculum_hard,1,results_v3_lr0p1,results_v3_lr0p1,small_cnn,sgd,10,128,20000,0.1,0.9,0.0005,cuda,False,False,6,26,811,
curriculum_hard,1,results_v3_lr0p1,results_v3_lr0p1,small_cnn,sgd,10,128,20000,0.1,0.9,0.0005,cuda,False,False,6,27,812,
curriculum_hard,1,results_v3_lr0p1,results_v3_lr0p1,small_cnn,sgd,10,128,20000,0.1,0.9,0.0005,cuda,False,False,6,28,813,
curriculum_hard,1,results_v3_lr0p1,results_v3_lr0p1,small_cnn,sgd,10,128,20000,0.1,0.9,0.0005,cuda,False,False,6,29,814,
curriculum_hard,1,results_v3_lr0p1,results_v3_lr0p1,small_cnn,sgd,10,128,20000,0.1,0.9,0.0005,cuda,False,False,6,30,815,
curriculum_hard,1,results_v3_lr0p1,results_v3_lr0p1,small_cnn,sgd,10,128,20000,0.1,0.9,0.0005,cuda,False,False,6,31,816,
curriculum_hard,1,results_v3_lr0p1,results_v3_lr0p1,small_cnn,sgd,10,128,20000,0.1,0.9,0.0005,cuda,False,False,6,32,817,
curriculum_hard,1,results_v3_lr0p1,results_v3_lr0p1,small_cnn,sgd,10,128,20000,0.1,0.9,0.0005,cuda,False,False,6,33,818,
curriculum_hard,1,results_v3_lr0p1,results_v3_lr0p1,small_cnn,sgd,10,128,20000,0.1,0.9,0.0005,cuda,False,False,6,34,819,
curriculum_hard,1,results_v3_lr0p1,results_v3_lr0p1,small_cnn,sgd,10,128,20000,0.1,0.9,0.0005,cuda,False,False,6,35,820,
curriculum_hard,1,results_v3_lr0p1,results_v3_lr0p1,small_cnn,sgd,10,128,20000,0.1,0.9,0.0005,cuda,False,False,6,36,821,
curriculum_hard,1,results_v3_lr0p1,results_v3_lr0p1,small_cnn,sgd,10,128,20000,0.1,0.9,0.0005,cuda,False,False,6,37,822,
curriculum_hard,1,results_v3_lr0p1,results_v3_lr0p1,small_cnn,sgd,10,128,20000,0.1,0.9,0.0005,cuda,False,False,6,38,823,
curriculum_hard,1,results_v3_lr0p1,results_v3_lr0p1,small_cnn,sgd,10,128,20000,0.1,0.9,0.0005,cuda,False,False,6,39,824,
curriculum_hard,1,results_v3_lr0p1,results_v3_lr0p1,small_cnn,sgd,10,128,20000,0.1,0.9,0.0005,cuda,False,False,6,40,825,
curriculum_hard,1,results_v3_lr0p1,results_v3_lr0p1,small_cnn,sgd,10,128,20000,0.1,0.9,0.0005,cuda,False,False,6,41,826,
curriculum_hard,1,results_v3_lr0p1,results_v3_lr0p1,small_cnn,sgd,10,128,20000,0.1,0.9,0.0005,cuda,False,False,6,42,827,
curriculum_hard,1,results_v3_lr0p1,results_v3_lr0p1,small_cnn,sgd,10,128,20000,0.1,0.9,0.0005,cuda,False,False,6,43,828,
curriculum_hard,1,results_v3_lr0p1,results_v3_lr0p1,small_cnn,sgd,10,128,20000,0.1,0.9,0.0005,cuda,False,False,6,44,829,
curriculum_hard,1,results_v3_lr0p1,results_v3_lr0p1,small_cnn,sgd,10,128,20000,0.1,0.9,0.0005,cuda,False,False,6,45,830,
curriculum_hard,1,results_v3_lr0p1,results_v3_lr0p1,small_cnn,sgd,10,128,20000,0.1,0.9,0.0005,cuda,False,False,6,46,831,
curriculum_hard,1,results_v3_lr0p1,results_v3_lr0p1,small_cnn,sgd,10,128,20000,0.1,0.9,0.0005,cuda,False,False,6,47,832,
curriculum_hard,1,results_v3_lr0p1,results_v3_lr0p1,small_cnn,sgd,10,128,20000,0.1,0.9,0.0005,cuda,False,False,6,48,833,
curriculum_hard,1,results_v3_lr0p1,results_v3_lr0p1,small_cnn,sgd,10,128,20000,0.1,0.9,0.0005,cuda,False,False,6,49,834,
curriculum_hard,1,results_v3_lr0p1,results_v3_lr0p1,small_cnn,sgd,10,128,20000,0.1,0.9,0.0005,cuda,False,False,6,50,835,
curriculum_hard,1,results_v3_lr0p1,results_v3_lr0p1,small_cnn,sgd,10,128,20000,0.1,0.9,0.0005,cuda,False,False,6,51,836,
curriculum_hard,1,results_v3_lr0p1,results_v3_lr0p1,small_cnn,sgd,10,128,20000,0.1,0.9,0.0005,cuda,False,False,6,52,837,
curriculum_hard,1,results_v3_lr0p1,results_v3_lr0p1,small_cnn,sgd,10,128,20000,0.1,0.9,0.0005,cuda,False,False,6,53,838,
curriculum_hard,1,results_v3_lr0p1,results_v3_lr0p1,small_cnn,sgd,10,128,20000,0.1,0.9,0.0005,cuda,False,False,6,54,839,
curriculum_hard,1,results_v3_lr0p1,results_v3_lr0p1,small_cnn,sgd,10,128,20000,0.1,0.9,0.0005,cuda,False,False,6,55,840,
curriculum_hard,1,results_v3_lr0p1,results_v3_lr0p1,small_cnn,sgd,10,128,20000,0.1,0.9,0.0005,cuda,False,False,6,56,841,
curriculum_hard,1,results_v3_lr0p1,results_v3_lr0p1,small_cnn,sgd,10,128,20000,0.1,0.9,0.0005,cuda,False,False,6,57,842,
curriculum_hard,1,results_v3_lr0p1,results_v3_lr0p1,small_cnn,sgd,10,128,20000,0.1,0.9,0.0005,cuda,False,False,6,58,843,
curriculum_hard,1,results_v3_lr0p1,results_v3_lr0p1,small_cnn,sgd,10,128,20000,0.1,0.9,0.0005,cuda,False,False,6,59,844,
curriculum_hard,1,results_v3_lr0p1,results_v3_lr0p1,small_cnn,sgd,10,128,20000,0.1,0.9,0.0005,cuda,False,False,6,60,845,
curriculum_hard,1,results_v3_lr0p1,results_v3_lr0p1,small_cnn,sgd,10,128,20000,0.1,0.9,0.0005,cuda,False,False,6,61,846,
curriculum_hard,1,results_v3_lr0p1,results_v3_lr0p1,small_cnn,sgd,10,128,20000,0.1,0.9,0.0005,cuda,False,False,6,62,847,
curriculum_hard,1,results_v3_lr0p1,results_v3_lr0p1,small_cnn,sgd,10,128,20000,0.1,0.9,0.0005,cuda,False,False,6,63,848,
curriculum_hard,1,results_v3_lr0p1,results_v3_lr0p1,small_cnn,sgd,10,128,20000,0.1,0.9,0.0005,cuda,False,False,6,64,849,
curriculum_hard,1,results_v3_lr0p1,results_v3_lr0p1,small_cnn,sgd,10,128,20000,0.1,0.9,0.0005,cuda,False,False,6,65,850,
curriculum_hard,1,results_v3_lr0p1,results_v3_lr0p1,small_cnn,sgd,10,128,20000,0.1,0.9,0.0005,cuda,False,False,6,66,851,
curriculum_hard,1,results_v3_lr0p1,results_v3_lr0p1,small_cnn,sgd,10,128,20000,0.1,0.9,0.0005,cuda,False,False,6,67,852,
curriculum_hard,1,results_v3_lr0p1,results_v3_lr0p1,small_cnn,sgd,10,128,20000,0.1,0.9,0.0005,cuda,False,False,6,68,853,
curriculum_hard,1,results_v3_lr0p1,results_v3_lr0p1,small_cnn,sgd,10,128,20000,0.1,0.9,0.0005,cuda,False,False,6,69,854,
curriculum_hard,1,results_v3_lr0p1,results_v3_lr0p1,small_cnn,sgd,10,128,20000,0.1,0.9,0.0005,cuda,False,False,6,70,855,
curriculum_hard,1,results_v3_lr0p1,results_v3_lr0p1,small_cnn,sgd,10,128,20000,0.1,0.9,0.0005,cuda,False,False,6,71,856,
curriculum_hard,1,results_v3_lr0p1,results_v3_lr0p1,small_cnn,sgd,10,128,20000,0.1,0.9,0.0005,cuda,False,False,6,72,857,
curriculum_hard,1,results_v3_lr0p1,results_v3_lr0p1,small_cnn,sgd,10,128,20000,0.1,0.9,0.0005,cuda,False,False,6,73,858,
curriculum_hard,1,results_v3_lr0p1,results_v3_lr0p1,small_cnn,sgd,10,128,20000,0.1,0.9,0.0005,cuda,False,False,6,74,859,
curriculum_hard,1,results_v3_lr0p1,results_v3_lr0p1,small_cnn,sgd,10,128,20000,0.1,0.9,0.0005,cuda,False,False,6,75,860,
curriculum_hard,1,results_v3_lr0p1,results_v3_lr0p1,small_cnn,sgd,10,128,20000,0.1,0.9,0.0005,cuda,False,False,6,76,861,
curriculum_hard,1,results_v3_lr0p1,results_v3_lr0p1,small_cnn,sgd,10,128,20000,0.1,0.9,0.0005,cuda,False,False,6,77,862,
curriculum_hard,1,results_v3_lr0p1,results_v3_lr0p1,small_cnn,sgd,10,128,20000,0.1,0.9,0.0005,cuda,False,False,6,78,863,
curriculum_hard,1,results_v3_lr0p1,results_v3_lr0p1,small_cnn,sgd,10,128,20000,0.1,0.9,0.0005,cuda,False,False,6,79,864,
curriculum_hard,1,results_v3_lr0p1,results_v3_lr0p1,small_cnn,sgd,10,128,20000,0.1,0.9,0.0005,cuda,False,False,6,80,865,
curriculum_hard,1,results_v3_lr0p1,results_v3_lr0p1,small_cnn,sgd,10,128,20000,0.1,0.9,0.0005,cuda,False,False,6,81,866,
curriculum_hard,1,results_v3_lr0p1,results_v3_lr0p1,small_cnn,sgd,10,128,20000,0.1,0.9,0.0005,cuda,False,False,6,82,867,
curriculum_hard,1,results_v3_lr0p1,results_v3_lr0p1,small_cnn,sgd,10,128,20000,0.1,0.9,0.0005,cuda,False,False,6,83,868,
curriculum_hard,1,results_v3_lr0p1,results_v3_lr0p1,small_cnn,sgd,10,128,20000,0.1,0.9,0.0005,cuda,False,False,6,84,869,
curriculum_hard,1,results_v3_lr0p1,results_v3_lr0p1,small_cnn,sgd,10,128,20000,0.1,0.9,0.0005,cuda,False,False,6,85,870,
curriculum_hard,1,results_v3_lr0p1,results_v3_lr0p1,small_cnn,sgd,10,128,20000,0.1,0.9,0.0005,cuda,False,False,6,86,871,
curriculum_hard,1,results_v3_lr0p1,results_v3_lr0p1,small_cnn,sgd,10,128,20000,0.1,0.9,0.0005,cuda,False,False,6,87,872,
curriculum_hard,1,results_v3_lr0p1,results_v3_lr0p1,small_cnn,sgd,10,128,20000,0.1,0.9,0.0005,cuda,False,False,6,88,873,
curriculum_hard,1,results_v3_lr0p1,results_v3_lr0p1,small_cnn,sgd,10,128,20000,0.1,0.9,0.0005,cuda,False,False,6,89,874,
curriculum_hard,1,results_v3_lr0p1,results_v3_lr0p1,small_cnn,sgd,10,128,20000,0.1,0.9,0.0005,cuda,False,False,6,90,875,
curriculum_hard,1,results_v3_lr0p1,results_v3_lr0p1,small_cnn,sgd,10,128,20000,0.1,0.9,0.0005,cuda,False,False,6,91,876,
curriculum_hard,1,results_v3_lr0p1,results_v3_lr0p1,small_cnn,sgd,10,128,20000,0.1,0.9,0.0005,cuda,False,False,6,92,877,
curriculum_hard,1,results_v3_lr0p1,results_v3_lr0p1,small_cnn,sgd,10,128,20000,0.1,0.9,0.0005,cuda,False,False,6,93,878,
curriculum_hard,1,results_v3_lr0p1,results_v3_lr0p1,small_cnn,sgd,10,128,20000,0.1,0.9,0.0005,cuda,False,False,6,94,879,
curriculum_hard,1,results_v3_lr0p1,results_v3_lr0p1,small_cnn,sgd,10,128,20000,0.1,0.9,0.0005,cuda,False,False,6,95,880,
curriculum_hard,1,results_v3_lr0p1,results_v3_lr0p1,small_cnn,sgd,10,128,20000,0.1,0.9,0.0005,cuda,False,False,6,96,881,
curriculum_hard,1,results_v3_lr0p1,results_v3_lr0p1,small_cnn,sgd,10,128,20000,0.1,0.9,0.0005,cuda,False,False,6,97,882,
curriculum_hard,1,results_v3_lr0p1,results_v3_lr0p1,small_cnn,sgd,10,128,20000,0.1,0.9,0.0005,cuda,False,False,6,98,883,
curriculum_hard,1,results_v3_lr0p1,results_v3_lr0p1,small_cnn,sgd,10,128,20000,0.1,0.9,0.0005,cuda,False,False,6,99,884,
curriculum_hard,1,results_v3_lr0p1,results_v3_lr0p1,small_cnn,sgd,10,128,20000,0.1,0.9,0.0005,cuda,False,False,6,100,885,
curriculum_hard,1,results_v3_lr0p1,results_v3_lr0p1,small_cnn,sgd,10,128,20000,0.1,0.9,0.0005,cuda,False,False,6,101,886,
curriculum_hard,1,results_v3_lr0p1,results_v3_lr0p1,small_cnn,sgd,10,128,20000,0.1,0.9,0.0005,cuda,False,False,6,102,887,
curriculum_hard,1,results_v3_lr0p1,results_v3_lr0p1,small_cnn,sgd,10,128,20000,0.1,0.9,0.0005,cuda,False,False,6,103,888,
curriculum_hard,1,results_v3_lr0p1,results_v3_lr0p1,small_cnn,sgd,10,128,20000,0.1,0.9,0.0005,cuda,False,False,6,104,889,
curriculum_hard,1,results_v3_lr0p1,results_v3_lr0p1,small_cnn,sgd,10,128,20000,0.1,0.9,0.0005,cuda,False,False,6,105,890,
curriculum_hard,1,results_v3_lr0p1,results_v3_lr0p1,small_cnn,sgd,10,128,20000,0.1,0.9,0.0005,cuda,False,False,6,106,891,
curriculum_hard,1,results_v3_lr0p1,results_v3_lr0p1,small_cnn,sgd,10,128,20000,0.1,0.9,0.0005,cuda,False,False,6,107,892,
curriculum_hard,1,results_v3_lr0p1,results_v3_lr0p1,small_cnn,sgd,10,128,20000,0.1,0.9,0.0005,cuda,False,False,6,108,893,
curriculum_hard,1,results_v3_lr0p1,results_v3_lr0p1,small_cnn,sgd,10,128,20000,0.1,0.9,0.0005,cuda,False,False,6,109,894,
curriculum_hard,1,results_v3_lr0p1,results_v3_lr0p1,small_cnn,sgd,10,128,20000,0.1,0.9,0.0005,cuda,False,False,6,110,895,
curriculum_hard,1,results_v3_lr0p1,results_v3_lr0p1,small_cnn,sgd,10,128,20000,0.1,0.9,0.0005,cuda,False,False,6,111,896,
curriculum_hard,1,results_v3_lr0p1,results_v3_lr0p1,small_cnn,sgd,10,128,20000,0.1,0.9,0.0005,cuda,False,False,6,112,897,
curriculum_hard,1,results_v3_lr0p1,results_v3_lr0p1,small_cnn,sgd,10,128,20000,0.1,0.9,0.0005,cuda,False,False,6,113,898,
curriculum_hard,1,results_v3_lr0p1,results_v3_lr0p1,small_cnn,sgd,10,128,20000,0.1,0.9,0.0005,cuda,False,False,6,114,899,
curriculum_hard,1,results_v3_lr0p1,results_v3_lr0p1,small_cnn,sgd,10,128,20000,0.1,0.9,0.0005,cuda,False,False,6,115,900,
curriculum_hard,1,results_v3_lr0p1,results_v3_lr0p1,small_cnn,sgd,10,128,20000,0.1,0.9,0.0005,cuda,False,False,6,116,901,
curriculum_hard,1,results_v3_lr0p1,results_v3_lr0p1,small_cnn,sgd,10,128,20000,0.1,0.9,0.0005,cuda,False,False,6,117,902,
curriculum_hard,1,results_v3_lr0p1,results_v3_lr0p1,small_cnn,sgd,10,128,20000,0.1,0.9,0.0005,cuda,False,False,6,118,903,
curriculum_hard,1,results_v3_lr0p1,results_v3_lr0p1,small_cnn,sgd,10,128,20000,0.1,0.9,0.0005,cuda,False,False,6,119,904,
curriculum_hard,1,results_v3_lr0p1,results_v3_lr0p1,small_cnn,sgd,10,128,20000,0.1,0.9,0.0005,cuda,False,False,6,120,905,
curriculum_hard,1,results_v3_lr0p1,results_v3_lr0p1,small_cnn,sgd,10,128,20000,0.1,0.9,0.0005,cuda,False,False,6,121,906,
curriculum_hard,1,results_v3_lr0p1,results_v3_lr0p1,small_cnn,sgd,10,128,20000,0.1,0.9,0.0005,cuda,False,False,6,122,907,
curriculum_hard,1,results_v3_lr0p1,results_v3_lr0p1,small_cnn,sgd,10,128,20000,0.1,0.9,0.0005,cuda,False,False,6,123,908,
curriculum_hard,1,results_v3_lr0p1,results_v3_lr0p1,small_cnn,sgd,10,128,20000,0.1,0.9,0.0005,cuda,False,False,6,124,909,
curriculum_hard,1,results_v3_lr0p1,results_v3_lr0p1,small_cnn,sgd,10,128,20000,0.1,0.9,0.0005,cuda,False,False,6,125,910,
curriculum_hard,1,results_v3_lr0p1,results_v3_lr0p1,small_cnn,sgd,10,128,20000,0.1,0.9,0.0005,cuda,False,False,6,126,911,
curriculum_hard,1,results_v3_lr0p1,results_v3_lr0p1,small_cnn,sgd,10,128,20000,0.1,0.9,0.0005,cuda,False,False,6,127,912,
curriculum_hard,1,results_v3_lr0p1,results_v3_lr0p1,small_cnn,sgd,10,128,20000,0.1,0.9,0.0005,cuda,False,False,6,128,913,
curriculum_hard,1,results_v3_lr0p1,results_v3_lr0p1,small_cnn,sgd,10,128,20000,0.1,0.9,0.0005,cuda,False,False,6,129,914,
curriculum_hard,1,results_v3_lr0p1,results_v3_lr0p1,small_cnn,sgd,10,128,20000,0.1,0.9,0.0005,cuda,False,False,6,130,915,
curriculum_hard,1,results_v3_lr0p1,results_v3_lr0p1,small_cnn,sgd,10,128,20000,0.1,0.9,0.0005,cuda,False,False,6,131,916,
curriculum_hard,1,results_v3_lr0p1,results_v3_lr0p1,small_cnn,sgd,10,128,20000,0.1,0.9,0.0005,cuda,False,False,6,132,917,
curriculum_hard,1,results_v3_lr0p1,results_v3_lr0p1,small_cnn,sgd,10,128,20000,0.1,0.9,0.0005,cuda,False,False,6,133,918,
curriculum_hard,1,results_v3_lr0p1,results_v3_lr0p1,small_cnn,sgd,10,128,20000,0.1,0.9,0.0005,cuda,False,False,6,134,919,
curriculum_hard,1,results_v3_lr0p1,results_v3_lr0p1,small_cnn,sgd,10,128,20000,0.1,0.9,0.0005,cuda,False,False,6,135,920,
curriculum_hard,1,results_v3_lr0p1,results_v3_lr0p1,small_cnn,sgd,10,128,20000,0.1,0.9,0.0005,cuda,False,False,6,136,921,
curriculum_hard,1,results_v3_lr0p1,results_v3_lr0p1,small_cnn,sgd,10,128,20000,0.1,0.9,0.0005,cuda,False,False,6,137,922,
curriculum_hard,1,results_v3_lr0p1,results_v3_lr0p1,small_cnn,sgd,10,128,20000,0.1,0.9,0.0005,cuda,False,False,6,138,923,
curriculum_hard,1,results_v3_lr0p1,results_v3_lr0p1,small_cnn,sgd,10,128,20000,0.1,0.9,0.0005,cuda,False,False,6,139,924,
curriculum_hard,1,results_v3_lr0p1,results_v3_lr0p1,small_cnn,sgd,10,128,20000,0.1,0.9,0.0005,cuda,False,False,6,140,925,
curriculum_hard,1,results_v3_lr0p1,results_v3_lr0p1,small_cnn,sgd,10,128,20000,0.1,0.9,0.0005,cuda,False,False,6,141,926,
curriculum_hard,1,results_v3_lr0p1,results_v3_lr0p1,small_cnn,sgd,10,128,20000,0.1,0.9,0.0005,cuda,False,False,6,142,927,
curriculum_hard,1,results_v3_lr0p1,results_v3_lr0p1,small_cnn,sgd,10,128,20000,0.1,0.9,0.0005,cuda,False,False,6,143,928,
curriculum_hard,1,results_v3_lr0p1,results_v3_lr0p1,small_cnn,sgd,10,128,20000,0.1,0.9,0.0005,cuda,False,False,6,144,929,
curriculum_hard,1,results_v3_lr0p1,results_v3_lr0p1,small_cnn,sgd,10,128,20000,0.1,0.9,0.0005,cuda,False,False,6,145,930,
curriculum_hard,1,results_v3_lr0p1,results_v3_lr0p1,small_cnn,sgd,10,128,20000,0.1,0.9,0.0005,cuda,False,False,6,146,931,
curriculum_hard,1,results_v3_lr0p1,results_v3_lr0p1,small_cnn,sgd,10,128,20000,0.1,0.9,0.0005,cuda,False,False,6,147,932,
curriculum_hard,1,results_v3_lr0p1,results_v3_lr0p1,small_cnn,sgd,10,128,20000,0.1,0.9,0.0005,cuda,False,False,6,148,933,
curriculum_hard,1,results_v3_lr0p1,results_v3_lr0p1,small_cnn,sgd,10,128,20000,0.1,0.9,0.0005,cuda,False,False,6,149,934,
curriculum_hard,1,results_v3_lr0p1,results_v3_lr0p1,small_cnn,sgd,10,128,20000,0.1,0.9,0.0005,cuda,False,False,6,150,935,
curriculum_hard,1,results_v3_lr0p1,results_v3_lr0p1,small_cnn,sgd,10,128,20000,0.1,0.9,0.0005,cuda,False,False,6,151,936,
curriculum_hard,1,results_v3_lr0p1,results_v3_lr0p1,small_cnn,sgd,10,128,20000,0.1,0.9,0.0005,cuda,False,False,6,152,937,
curriculum_hard,1,results_v3_lr0p1,results_v3_lr0p1,small_cnn,sgd,10,128,20000,0.1,0.9,0.0005,cuda,False,False,6,153,938,
curriculum_hard,1,results_v3_lr0p1,results_v3_lr0p1,small_cnn,sgd,10,128,20000,0.1,0.9,0.0005,cuda,False,False,6,154,939,
curriculum_hard,1,results_v3_lr0p1,results_v3_lr0p1,small_cnn,sgd,10,128,20000,0.1,0.9,0.0005,cuda,False,False,6,155,940,
curriculum_hard,1,results_v3_lr0p1,results_v3_lr0p1,small_cnn,sgd,10,128,20000,0.1,0.9,0.0005,cuda,False,False,6,156,941,
curriculum_hard,1,results_v3_lr0p1,results_v3_lr0p1,small_cnn,sgd,10,128,20000,0.1,0.9,0.0005,cuda,False,False,6,157,942,
curriculum_hard,1,results_v3_lr0p1,results_v3_lr0p1,small_cnn,sgd,10,128,20000,0.1,0.9,0.0005,cuda,False,False,7,1,943,
curriculum_hard,1,results_v3_lr0p1,results_v3_lr0p1,small_cnn,sgd,10,128,20000,0.1,0.9,0.0005,cuda,False,False,7,2,944,
curriculum_hard,1,results_v3_lr0p1,results_v3_lr0p1,small_cnn,sgd,10,128,20000,0.1,0.9,0.0005,cuda,False,False,7,3,945,
curriculum_hard,1,results_v3_lr0p1,results_v3_lr0p1,small_cnn,sgd,10,128,20000,0.1,0.9,0.0005,cuda,False,False,7,4,946,
curriculum_hard,1,results_v3_lr0p1,results_v3_lr0p1,small_cnn,sgd,10,128,20000,0.1,0.9,0.0005,cuda,False,False,7,5,947,
curriculum_hard,1,results_v3_lr0p1,results_v3_lr0p1,small_cnn,sgd,10,128,20000,0.1,0.9,0.0005,cuda,False,False,7,6,948,
curriculum_hard,1,results_v3_lr0p1,results_v3_lr0p1,small_cnn,sgd,10,128,20000,0.1,0.9,0.0005,cuda,False,False,7,7,949,
curriculum_hard,1,results_v3_lr0p1,results_v3_lr0p1,small_cnn,sgd,10,128,20000,0.1,0.9,0.0005,cuda,False,False,7,8,950,
curriculum_hard,1,results_v3_lr0p1,results_v3_lr0p1,small_cnn,sgd,10,128,20000,0.1,0.9,0.0005,cuda,False,False,7,9,951,
curriculum_hard,1,results_v3_lr0p1,results_v3_lr0p1,small_cnn,sgd,10,128,20000,0.1,0.9,0.0005,cuda,False,False,7,10,952,
curriculum_hard,1,results_v3_lr0p1,results_v3_lr0p1,small_cnn,sgd,10,128,20000,0.1,0.9,0.0005,cuda,False,False,7,11,953,
curriculum_hard,1,results_v3_lr0p1,results_v3_lr0p1,small_cnn,sgd,10,128,20000,0.1,0.9,0.0005,cuda,False,False,7,12,954,
curriculum_hard,1,results_v3_lr0p1,results_v3_lr0p1,small_cnn,sgd,10,128,20000,0.1,0.9,0.0005,cuda,False,False,7,13,955,
curriculum_hard,1,results_v3_lr0p1,results_v3_lr0p1,small_cnn,sgd,10,128,20000,0.1,0.9,0.0005,cuda,False,False,7,14,956,
curriculum_hard,1,results_v3_lr0p1,results_v3_lr0p1,small_cnn,sgd,10,128,20000,0.1,0.9,0.0005,cuda,False,False,7,15,957,
curriculum_hard,1,results_v3_lr0p1,results_v3_lr0p1,small_cnn,sgd,10,128,20000,0.1,0.9,0.0005,cuda,False,False,7,16,958,
curriculum_hard,1,results_v3_lr0p1,results_v3_lr0p1,small_cnn,sgd,10,128,20000,0.1,0.9,0.0005,cuda,False,False,7,17,959,
curriculum_hard,1,results_v3_lr0p1,results_v3_lr0p1,small_cnn,sgd,10,128,20000,0.1,0.9,0.0005,cuda,False,False,7,18,960,
curriculum_hard,1,results_v3_lr0p1,results_v3_lr0p1,small_cnn,sgd,10,128,20000,0.1,0.9,0.0005,cuda,False,False,7,19,961,
curriculum_hard,1,results_v3_lr0p1,results_v3_lr0p1,small_cnn,sgd,10,128,20000,0.1,0.9,0.0005,cuda,False,False,7,20,962,
curriculum_hard,1,results_v3_lr0p1,results_v3_lr0p1,small_cnn,sgd,10,128,20000,0.1,0.9,0.0005,cuda,False,False,7,21,963,
curriculum_hard,1,results_v3_lr0p1,results_v3_lr0p1,small_cnn,sgd,10,128,20000,0.1,0.9,0.0005,cuda,False,False,7,22,964,
curriculum_hard,1,results_v3_lr0p1,results_v3_lr0p1,small_cnn,sgd,10,128,20000,0.1,0.9,0.0005,cuda,False,False,7,23,965,
curriculum_hard,1,results_v3_lr0p1,results_v3_lr0p1,small_cnn,sgd,10,128,20000,0.1,0.9,0.0005,cuda,False,False,7,24,966,
curriculum_hard,1,results_v3_lr0p1,results_v3_lr0p1,small_cnn,sgd,10,128,20000,0.1,0.9,0.0005,cuda,False,False,7,25,967,
curriculum_hard,1,results_v3_lr0p1,results_v3_lr0p1,small_cnn,sgd,10,128,20000,0.1,0.9,0.0005,cuda,False,False,7,26,968,
curriculum_hard,1,results_v3_lr0p1,results_v3_lr0p1,small_cnn,sgd,10,128,20000,0.1,0.9,0.0005,cuda,False,False,7,27,969,
curriculum_hard,1,results_v3_lr0p1,results_v3_lr0p1,small_cnn,sgd,10,128,20000,0.1,0.9,0.0005,cuda,False,False,7,28,970,
curriculum_hard,1,results_v3_lr0p1,results_v3_lr0p1,small_cnn,sgd,10,128,20000,0.1,0.9,0.0005,cuda,False,False,7,29,971,
curriculum_hard,1,results_v3_lr0p1,results_v3_lr0p1,small_cnn,sgd,10,128,20000,0.1,0.9,0.0005,cuda,False,False,7,30,972,
curriculum_hard,1,results_v3_lr0p1,results_v3_lr0p1,small_cnn,sgd,10,128,20000,0.1,0.9,0.0005,cuda,False,False,7,31,973,
curriculum_hard,1,results_v3_lr0p1,results_v3_lr0p1,small_cnn,sgd,10,128,20000,0.1,0.9,0.0005,cuda,False,False,7,32,974,
curriculum_hard,1,results_v3_lr0p1,results_v3_lr0p1,small_cnn,sgd,10,128,20000,0.1,0.9,0.0005,cuda,False,False,7,33,975,
curriculum_hard,1,results_v3_lr0p1,results_v3_lr0p1,small_cnn,sgd,10,128,20000,0.1,0.9,0.0005,cuda,False,False,7,34,976,
curriculum_hard,1,results_v3_lr0p1,results_v3_lr0p1,small_cnn,sgd,10,128,20000,0.1,0.9,0.0005,cuda,False,False,7,35,977,
curriculum_hard,1,results_v3_lr0p1,results_v3_lr0p1,small_cnn,sgd,10,128,20000,0.1,0.9,0.0005,cuda,False,False,7,36,978,
curriculum_hard,1,results_v3_lr0p1,results_v3_lr0p1,small_cnn,sgd,10,128,20000,0.1,0.9,0.0005,cuda,False,False,7,37,979,
curriculum_hard,1,results_v3_lr0p1,results_v3_lr0p1,small_cnn,sgd,10,128,20000,0.1,0.9,0.0005,cuda,False,False,7,38,980,
curriculum_hard,1,results_v3_lr0p1,results_v3_lr0p1,small_cnn,sgd,10,128,20000,0.1,0.9,0.0005,cuda,False,False,7,39,981,
curriculum_hard,1,results_v3_lr0p1,results_v3_lr0p1,small_cnn,sgd,10,128,20000,0.1,0.9,0.0005,cuda,False,False,7,40,982,
curriculum_hard,1,results_v3_lr0p1,results_v3_lr0p1,small_cnn,sgd,10,128,20000,0.1,0.9,0.0005,cuda,False,False,7,41,983,
curriculum_hard,1,results_v3_lr0p1,results_v3_lr0p1,small_cnn,sgd,10,128,20000,0.1,0.9,0.0005,cuda,False,False,7,42,984,
curriculum_hard,1,results_v3_lr0p1,results_v3_lr0p1,small_cnn,sgd,10,128,20000,0.1,0.9,0.0005,cuda,False,False,7,43,985,
curriculum_hard,1,results_v3_lr0p1,results_v3_lr0p1,small_cnn,sgd,10,128,20000,0.1,0.9,0.0005,cuda,False,False,7,44,986,
curriculum_hard,1,results_v3_lr0p1,results_v3_lr0p1,small_cnn,sgd,10,128,20000,0.1,0.9,0.0005,cuda,False,False,7,45,987,
curriculum_hard,1,results_v3_lr0p1,results_v3_lr0p1,small_cnn,sgd,10,128,20000,0.1,0.9,0.0005,cuda,False,False,7,46,988,
curriculum_hard,1,results_v3_lr0p1,results_v3_lr0p1,small_cnn,sgd,10,128,20000,0.1,0.9,0.0005,cuda,False,False,7,47,989,
curriculum_hard,1,results_v3_lr0p1,results_v3_lr0p1,small_cnn,sgd,10,128,20000,0.1,0.9,0.0005,cuda,False,False,7,48,990,
curriculum_hard,1,results_v3_lr0p1,results_v3_lr0p1,small_cnn,sgd,10,128,20000,0.1,0.9,0.0005,cuda,False,False,7,49,991,
curriculum_hard,1,results_v3_lr0p1,results_v3_lr0p1,small_cnn,sgd,10,128,20000,0.1,0.9,0.0005,cuda,False,False,7,50,992,
curriculum_hard,1,results_v3_lr0p1,results_v3_lr0p1,small_cnn,sgd,10,128,20000,0.1,0.9,0.0005,cuda,False,False,7,51,993,
curriculum_hard,1,results_v3_lr0p1,results_v3_lr0p1,small_cnn,sgd,10,128,20000,0.1,0.9,0.0005,cuda,False,False,7,52,994,
curriculum_hard,1,results_v3_lr0p1,results_v3_lr0p1,small_cnn,sgd,10,128,20000,0.1,0.9,0.0005,cuda,False,False,7,53,995,
curriculum_hard,1,results_v3_lr0p1,results_v3_lr0p1,small_cnn,sgd,10,128,20000,0.1,0.9,0.0005,cuda,False,False,7,54,996,
curriculum_hard,1,results_v3_lr0p1,results_v3_lr0p1,small_cnn,sgd,10,128,20000,0.1,0.9,0.0005,cuda,False,False,7,55,997,
curriculum_hard,1,results_v3_lr0p1,results_v3_lr0p1,small_cnn,sgd,10,128,20000,0.1,0.9,0.0005,cuda,False,False,7,56,998,
curriculum_hard,1,results_v3_lr0p1,results_v3_lr0p1,small_cnn,sgd,10,128,20000,0.1,0.9,0.0005,cuda,False,False,7,57,999,
curriculum_hard,1,results_v3_lr0p1,results_v3_lr0p1,small_cnn,sgd,10,128,20000,0.1,0.9,0.0005,cuda,False,False,7,58,1000,
curriculum_hard,1,results_v3_lr0p1,results_v3_lr0p1,small_cnn,sgd,10,128,20000,0.1,0.9,0.0005,cuda,False,False,7,59,1001,
curriculum_hard,1,results_v3_lr0p1,results_v3_lr0p1,small_cnn,sgd,10,128,20000,0.1,0.9,0.0005,cuda,False,False,7,60,1002,
curriculum_hard,1,results_v3_lr0p1,results_v3_lr0p1,small_cnn,sgd,10,128,20000,0.1,0.9,0.0005,cuda,False,False,7,61,1003,
curriculum_hard,1,results_v3_lr0p1,results_v3_lr0p1,small_cnn,sgd,10,128,20000,0.1,0.9,0.0005,cuda,False,False,7,62,1004,
curriculum_hard,1,results_v3_lr0p1,results_v3_lr0p1,small_cnn,sgd,10,128,20000,0.1,0.9,0.0005,cuda,False,False,7,63,1005,
curriculum_hard,1,results_v3_lr0p1,results_v3_lr0p1,small_cnn,sgd,10,128,20000,0.1,0.9,0.0005,cuda,False,False,7,64,1006,
curriculum_hard,1,results_v3_lr0p1,results_v3_lr0p1,small_cnn,sgd,10,128,20000,0.1,0.9,0.0005,cuda,False,False,7,65,1007,
curriculum_hard,1,results_v3_lr0p1,results_v3_lr0p1,small_cnn,sgd,10,128,20000,0.1,0.9,0.0005,cuda,False,False,7,66,1008,
curriculum_hard,1,results_v3_lr0p1,results_v3_lr0p1,small_cnn,sgd,10,128,20000,0.1,0.9,0.0005,cuda,False,False,7,67,1009,
curriculum_hard,1,results_v3_lr0p1,results_v3_lr0p1,small_cnn,sgd,10,128,20000,0.1,0.9,0.0005,cuda,False,False,7,68,1010,
curriculum_hard,1,results_v3_lr0p1,results_v3_lr0p1,small_cnn,sgd,10,128,20000,0.1,0.9,0.0005,cuda,False,False,7,69,1011,
curriculum_hard,1,results_v3_lr0p1,results_v3_lr0p1,small_cnn,sgd,10,128,20000,0.1,0.9,0.0005,cuda,False,False,7,70,1012,
curriculum_hard,1,results_v3_lr0p1,results_v3_lr0p1,small_cnn,sgd,10,128,20000,0.1,0.9,0.0005,cuda,False,False,7,71,1013,
curriculum_hard,1,results_v3_lr0p1,results_v3_lr0p1,small_cnn,sgd,10,128,20000,0.1,0.9,0.0005,cuda,False,False,7,72,1014,
curriculum_hard,1,results_v3_lr0p1,results_v3_lr0p1,small_cnn,sgd,10,128,20000,0.1,0.9,0.0005,cuda,False,False,7,73,1015,
curriculum_hard,1,results_v3_lr0p1,results_v3_lr0p1,small_cnn,sgd,10,128,20000,0.1,0.9,0.0005,cuda,False,False,7,74,1016,
curriculum_hard,1,results_v3_lr0p1,results_v3_lr0p1,small_cnn,sgd,10,128,20000,0.1,0.9,0.0005,cuda,False,False,7,75,1017,
curriculum_hard,1,results_v3_lr0p1,results_v3_lr0p1,small_cnn,sgd,10,128,20000,0.1,0.9,0.0005,cuda,False,False,7,76,1018,
curriculum_hard,1,results_v3_lr0p1,results_v3_lr0p1,small_cnn,sgd,10,128,20000,0.1,0.9,0.0005,cuda,False,False,7,77,1019,
curriculum_hard,1,results_v3_lr0p1,results_v3_lr0p1,small_cnn,sgd,10,128,20000,0.1,0.9,0.0005,cuda,False,False,7,78,1020,
curriculum_hard,1,results_v3_lr0p1,results_v3_lr0p1,small_cnn,sgd,10,128,20000,0.1,0.9,0.0005,cuda,False,False,7,79,1021,
curriculum_hard,1,results_v3_lr0p1,results_v3_lr0p1,small_cnn,sgd,10,128,20000,0.1,0.9,0.0005,cuda,False,False,7,80,1022,
curriculum_hard,1,results_v3_lr0p1,results_v3_lr0p1,small_cnn,sgd,10,128,20000,0.1,0.9,0.0005,cuda,False,False,7,81,1023,
curriculum_hard,1,results_v3_lr0p1,results_v3_lr0p1,small_cnn,sgd,10,128,20000,0.1,0.9,0.0005,cuda,False,False,7,82,1024,
curriculum_hard,1,results_v3_lr0p1,results_v3_lr0p1,small_cnn,sgd,10,128,20000,0.1,0.9,0.0005,cuda,False,False,7,83,1025,
curriculum_hard,1,results_v3_lr0p1,results_v3_lr0p1,small_cnn,sgd,10,128,20000,0.1,0.9,0.0005,cuda,False,False,7,84,1026,
curriculum_hard,1,results_v3_lr0p1,results_v3_lr0p1,small_cnn,sgd,10,128,20000,0.1,0.9,0.0005,cuda,False,False,7,85,1027,
curriculum_hard,1,results_v3_lr0p1,results_v3_lr0p1,small_cnn,sgd,10,128,20000,0.1,0.9,0.0005,cuda,False,False,7,86,1028,
curriculum_hard,1,results_v3_lr0p1,results_v3_lr0p1,small_cnn,sgd,10,128,20000,0.1,0.9,0.0005,cuda,False,False,7,87,1029,
curriculum_hard,1,results_v3_lr0p1,results_v3_lr0p1,small_cnn,sgd,10,128,20000,0.1,0.9,0.0005,cuda,False,False,7,88,1030,
curriculum_hard,1,results_v3_lr0p1,results_v3_lr0p1,small_cnn,sgd,10,128,20000,0.1,0.9,0.0005,cuda,False,False,7,89,1031,
curriculum_hard,1,results_v3_lr0p1,results_v3_lr0p1,small_cnn,sgd,10,128,20000,0.1,0.9,0.0005,cuda,False,False,7,90,1032,
curriculum_hard,1,results_v3_lr0p1,results_v3_lr0p1,small_cnn,sgd,10,128,20000,0.1,0.9,0.0005,cuda,False,False,7,91,1033,
curriculum_hard,1,results_v3_lr0p1,results_v3_lr0p1,small_cnn,sgd,10,128,20000,0.1,0.9,0.0005,cuda,False,False,7,92,1034,
curriculum_hard,1,results_v3_lr0p1,results_v3_lr0p1,small_cnn,sgd,10,128,20000,0.1,0.9,0.0005,cuda,False,False,7,93,1035,
curriculum_hard,1,results_v3_lr0p1,results_v3_lr0p1,small_cnn,sgd,10,128,20000,0.1,0.9,0.0005,cuda,False,False,7,94,1036,
curriculum_hard,1,results_v3_lr0p1,results_v3_lr0p1,small_cnn,sgd,10,128,20000,0.1,0.9,0.0005,cuda,False,False,7,95,1037,
curriculum_hard,1,results_v3_lr0p1,results_v3_lr0p1,small_cnn,sgd,10,128,20000,0.1,0.9,0.0005,cuda,False,False,7,96,1038,
curriculum_hard,1,results_v3_lr0p1,results_v3_lr0p1,small_cnn,sgd,10,128,20000,0.1,0.9,0.0005,cuda,False,False,7,97,1039,
curriculum_hard,1,results_v3_lr0p1,results_v3_lr0p1,small_cnn,sgd,10,128,20000,0.1,0.9,0.0005,cuda,False,False,7,98,1040,
curriculum_hard,1,results_v3_lr0p1,results_v3_lr0p1,small_cnn,sgd,10,128,20000,0.1,0.9,0.0005,cuda,False,False,7,99,1041,
curriculum_hard,1,results_v3_lr0p1,results_v3_lr0p1,small_cnn,sgd,10,128,20000,0.1,0.9,0.0005,cuda,False,False,7,100,1042,
curriculum_hard,1,results_v3_lr0p1,results_v3_lr0p1,small_cnn,sgd,10,128,20000,0.1,0.9,0.0005,cuda,False,False,7,101,1043,
curriculum_hard,1,results_v3_lr0p1,results_v3_lr0p1,small_cnn,sgd,10,128,20000,0.1,0.9,0.0005,cuda,False,False,7,102,1044,
curriculum_hard,1,results_v3_lr0p1,results_v3_lr0p1,small_cnn,sgd,10,128,20000,0.1,0.9,0.0005,cuda,False,False,7,103,1045,
curriculum_hard,1,results_v3_lr0p1,results_v3_lr0p1,small_cnn,sgd,10,128,20000,0.1,0.9,0.0005,cuda,False,False,7,104,1046,
curriculum_hard,1,results_v3_lr0p1,results_v3_lr0p1,small_cnn,sgd,10,128,20000,0.1,0.9,0.0005,cuda,False,False,7,105,1047,
curriculum_hard,1,results_v3_lr0p1,results_v3_lr0p1,small_cnn,sgd,10,128,20000,0.1,0.9,0.0005,cuda,False,False,7,106,1048,
curriculum_hard,1,results_v3_lr0p1,results_v3_lr0p1,small_cnn,sgd,10,128,20000,0.1,0.9,0.0005,cuda,False,False,7,107,1049,
curriculum_hard,1,results_v3_lr0p1,results_v3_lr0p1,small_cnn,sgd,10,128,20000,0.1,0.9,0.0005,cuda,False,False,7,108,1050,
curriculum_hard,1,results_v3_lr0p1,results_v3_lr0p1,small_cnn,sgd,10,128,20000,0.1,0.9,0.0005,cuda,False,False,7,109,1051,
curriculum_hard,1,results_v3_lr0p1,results_v3_lr0p1,small_cnn,sgd,10,128,20000,0.1,0.9,0.0005,cuda,False,False,7,110,1052,
curriculum_hard,1,results_v3_lr0p1,results_v3_lr0p1,small_cnn,sgd,10,128,20000,0.1,0.9,0.0005,cuda,False,False,7,111,1053,
curriculum_hard,1,results_v3_lr0p1,results_v3_lr0p1,small_cnn,sgd,10,128,20000,0.1,0.9,0.0005,cuda,False,False,7,112,1054,
curriculum_hard,1,results_v3_lr0p1,results_v3_lr0p1,small_cnn,sgd,10,128,20000,0.1,0.9,0.0005,cuda,False,False,7,113,1055,
curriculum_hard,1,results_v3_lr0p1,results_v3_lr0p1,small_cnn,sgd,10,128,20000,0.1,0.9,0.0005,cuda,False,False,7,114,1056,
curriculum_hard,1,results_v3_lr0p1,results_v3_lr0p1,small_cnn,sgd,10,128,20000,0.1,0.9,0.0005,cuda,False,False,7,115,1057,
curriculum_hard,1,results_v3_lr0p1,results_v3_lr0p1,small_cnn,sgd,10,128,20000,0.1,0.9,0.0005,cuda,False,False,7,116,1058,
curriculum_hard,1,results_v3_lr0p1,results_v3_lr0p1,small_cnn,sgd,10,128,20000,0.1,0.9,0.0005,cuda,False,False,7,117,1059,
curriculum_hard,1,results_v3_lr0p1,results_v3_lr0p1,small_cnn,sgd,10,128,20000,0.1,0.9,0.0005,cuda,False,False,7,118,1060,
curriculum_hard,1,results_v3_lr0p1,results_v3_lr0p1,small_cnn,sgd,10,128,20000,0.1,0.9,0.0005,cuda,False,False,7,119,1061,
curriculum_hard,1,results_v3_lr0p1,results_v3_lr0p1,small_cnn,sgd,10,128,20000,0.1,0.9,0.0005,cuda,False,False,7,120,1062,
curriculum_hard,1,results_v3_lr0p1,results_v3_lr0p1,small_cnn,sgd,10,128,20000,0.1,0.9,0.0005,cuda,False,False,7,121,1063,
curriculum_hard,1,results_v3_lr0p1,results_v3_lr0p1,small_cnn,sgd,10,128,20000,0.1,0.9,0.0005,cuda,False,False,7,122,1064,
curriculum_hard,1,results_v3_lr0p1,results_v3_lr0p1,small_cnn,sgd,10,128,20000,0.1,0.9,0.0005,cuda,False,False,7,123,1065,
curriculum_hard,1,results_v3_lr0p1,results_v3_lr0p1,small_cnn,sgd,10,128,20000,0.1,0.9,0.0005,cuda,False,False,7,124,1066,
curriculum_hard,1,results_v3_lr0p1,results_v3_lr0p1,small_cnn,sgd,10,128,20000,0.1,0.9,0.0005,cuda,False,False,7,125,1067,
curriculum_hard,1,results_v3_lr0p1,results_v3_lr0p1,small_cnn,sgd,10,128,20000,0.1,0.9,0.0005,cuda,False,False,7,126,1068,
curriculum_hard,1,results_v3_lr0p1,results_v3_lr0p1,small_cnn,sgd,10,128,20000,0.1,0.9,0.0005,cuda,False,False,7,127,1069,
curriculum_hard,1,results_v3_lr0p1,results_v3_lr0p1,small_cnn,sgd,10,128,20000,0.1,0.9,0.0005,cuda,False,False,7,128,1070,
curriculum_hard,1,results_v3_lr0p1,results_v3_lr0p1,small_cnn,sgd,10,128,20000,0.1,0.9,0.0005,cuda,False,False,7,129,1071,
curriculum_hard,1,results_v3_lr0p1,results_v3_lr0p1,small_cnn,sgd,10,128,20000,0.1,0.9,0.0005,cuda,False,False,7,130,1072,
curriculum_hard,1,results_v3_lr0p1,results_v3_lr0p1,small_cnn,sgd,10,128,20000,0.1,0.9,0.0005,cuda,False,False,7,131,1073,
curriculum_hard,1,results_v3_lr0p1,results_v3_lr0p1,small_cnn,sgd,10,128,20000,0.1,0.9,0.0005,cuda,False,False,7,132,1074,
curriculum_hard,1,results_v3_lr0p1,results_v3_lr0p1,small_cnn,sgd,10,128,20000,0.1,0.9,0.0005,cuda,False,False,7,133,1075,
curriculum_hard,1,results_v3_lr0p1,results_v3_lr0p1,small_cnn,sgd,10,128,20000,0.1,0.9,0.0005,cuda,False,False,7,134,1076,
curriculum_hard,1,results_v3_lr0p1,results_v3_lr0p1,small_cnn,sgd,10,128,20000,0.1,0.9,0.0005,cuda,False,False,7,135,1077,
curriculum_hard,1,results_v3_lr0p1,results_v3_lr0p1,small_cnn,sgd,10,128,20000,0.1,0.9,0.0005,cuda,False,False,7,136,1078,
curriculum_hard,1,results_v3_lr0p1,results_v3_lr0p1,small_cnn,sgd,10,128,20000,0.1,0.9,0.0005,cuda,False,False,7,137,1079,
curriculum_hard,1,results_v3_lr0p1,results_v3_lr0p1,small_cnn,sgd,10,128,20000,0.1,0.9,0.0005,cuda,False,False,7,138,1080,
curriculum_hard,1,results_v3_lr0p1,results_v3_lr0p1,small_cnn,sgd,10,128,20000,0.1,0.9,0.0005,cuda,False,False,7,139,1081,
curriculum_hard,1,results_v3_lr0p1,results_v3_lr0p1,small_cnn,sgd,10,128,20000,0.1,0.9,0.0005,cuda,False,False,7,140,1082,
curriculum_hard,1,results_v3_lr0p1,results_v3_lr0p1,small_cnn,sgd,10,128,20000,0.1,0.9,0.0005,cuda,False,False,7,141,1083,
curriculum_hard,1,results_v3_lr0p1,results_v3_lr0p1,small_cnn,sgd,10,128,20000,0.1,0.9,0.0005,cuda,False,False,7,142,1084,
curriculum_hard,1,results_v3_lr0p1,results_v3_lr0p1,small_cnn,sgd,10,128,20000,0.1,0.9,0.0005,cuda,False,False,7,143,1085,
curriculum_hard,1,results_v3_lr0p1,results_v3_lr0p1,small_cnn,sgd,10,128,20000,0.1,0.9,0.0005,cuda,False,False,7,144,1086,
curriculum_hard,1,results_v3_lr0p1,results_v3_lr0p1,small_cnn,sgd,10,128,20000,0.1,0.9,0.0005,cuda,False,False,7,145,1087,
curriculum_hard,1,results_v3_lr0p1,results_v3_lr0p1,small_cnn,sgd,10,128,20000,0.1,0.9,0.0005,cuda,False,False,7,146,1088,
curriculum_hard,1,results_v3_lr0p1,results_v3_lr0p1,small_cnn,sgd,10,128,20000,0.1,0.9,0.0005,cuda,False,False,7,147,1089,
curriculum_hard,1,results_v3_lr0p1,results_v3_lr0p1,small_cnn,sgd,10,128,20000,0.1,0.9,0.0005,cuda,False,False,7,148,1090,
curriculum_hard,1,results_v3_lr0p1,results_v3_lr0p1,small_cnn,sgd,10,128,20000,0.1,0.9,0.0005,cuda,False,False,7,149,1091,
curriculum_hard,1,results_v3_lr0p1,results_v3_lr0p1,small_cnn,sgd,10,128,20000,0.1,0.9,0.0005,cuda,False,False,7,150,1092,
curriculum_hard,1,results_v3_lr0p1,results_v3_lr0p1,small_cnn,sgd,10,128,20000,0.1,0.9,0.0005,cuda,False,False,7,151,1093,
curriculum_hard,1,results_v3_lr0p1,results_v3_lr0p1,small_cnn,sgd,10,128,20000,0.1,0.9,0.0005,cuda,False,False,7,152,1094,
curriculum_hard,1,results_v3_lr0p1,results_v3_lr0p1,small_cnn,sgd,10,128,20000,0.1,0.9,0.0005,cuda,False,False,7,153,1095,
curriculum_hard,1,results_v3_lr0p1,results_v3_lr0p1,small_cnn,sgd,10,128,20000,0.1,0.9,0.0005,cuda,False,False,7,154,1096,
curriculum_hard,1,results_v3_lr0p1,results_v3_lr0p1,small_cnn,sgd,10,128,20000,0.1,0.9,0.0005,cuda,False,False,7,155,1097,
curriculum_hard,1,results_v3_lr0p1,results_v3_lr0p1,small_cnn,sgd,10,128,20000,0.1,0.9,0.0005,cuda,False,False,7,156,1098,
curriculum_hard,1,results_v3_lr0p1,results_v3_lr0p1,small_cnn,sgd,10,128,20000,0.1,0.9,0.0005,cuda,False,False,7,157,1099,
curriculum_hard,1,results_v3_lr0p1,results_v3_lr0p1,small_cnn,sgd,10,128,20000,0.1,0.9,0.0005,cuda,False,False,8,1,1100,
curriculum_hard,1,results_v3_lr0p1,results_v3_lr0p1,small_cnn,sgd,10,128,20000,0.1,0.9,0.0005,cuda,False,False,8,2,1101,
curriculum_hard,1,results_v3_lr0p1,results_v3_lr0p1,small_cnn,sgd,10,128,20000,0.1,0.9,0.0005,cuda,False,False,8,3,1102,
curriculum_hard,1,results_v3_lr0p1,results_v3_lr0p1,small_cnn,sgd,10,128,20000,0.1,0.9,0.0005,cuda,False,False,8,4,1103,
curriculum_hard,1,results_v3_lr0p1,results_v3_lr0p1,small_cnn,sgd,10,128,20000,0.1,0.9,0.0005,cuda,False,False,8,5,1104,
curriculum_hard,1,results_v3_lr0p1,results_v3_lr0p1,small_cnn,sgd,10,128,20000,0.1,0.9,0.0005,cuda,False,False,8,6,1105,
curriculum_hard,1,results_v3_lr0p1,results_v3_lr0p1,small_cnn,sgd,10,128,20000,0.1,0.9,0.0005,cuda,False,False,8,7,1106,
curriculum_hard,1,results_v3_lr0p1,results_v3_lr0p1,small_cnn,sgd,10,128,20000,0.1,0.9,0.0005,cuda,False,False,8,8,1107,
curriculum_hard,1,results_v3_lr0p1,results_v3_lr0p1,small_cnn,sgd,10,128,20000,0.1,0.9,0.0005,cuda,False,False,8,9,1108,
curriculum_hard,1,results_v3_lr0p1,results_v3_lr0p1,small_cnn,sgd,10,128,20000,0.1,0.9,0.0005,cuda,False,False,8,10,1109,
curriculum_hard,1,results_v3_lr0p1,results_v3_lr0p1,small_cnn,sgd,10,128,20000,0.1,0.9,0.0005,cuda,False,False,8,11,1110,
curriculum_hard,1,results_v3_lr0p1,results_v3_lr0p1,small_cnn,sgd,10,128,20000,0.1,0.9,0.0005,cuda,False,False,8,12,1111,
curriculum_hard,1,results_v3_lr0p1,results_v3_lr0p1,small_cnn,sgd,10,128,20000,0.1,0.9,0.0005,cuda,False,False,8,13,1112,
curriculum_hard,1,results_v3_lr0p1,results_v3_lr0p1,small_cnn,sgd,10,128,20000,0.1,0.9,0.0005,cuda,False,False,8,14,1113,
curriculum_hard,1,results_v3_lr0p1,results_v3_lr0p1,small_cnn,sgd,10,128,20000,0.1,0.9,0.0005,cuda,False,False,8,15,1114,
curriculum_hard,1,results_v3_lr0p1,results_v3_lr0p1,small_cnn,sgd,10,128,20000,0.1,0.9,0.0005,cuda,False,False,8,16,1115,
curriculum_hard,1,results_v3_lr0p1,results_v3_lr0p1,small_cnn,sgd,10,128,20000,0.1,0.9,0.0005,cuda,False,False,8,17,1116,
curriculum_hard,1,results_v3_lr0p1,results_v3_lr0p1,small_cnn,sgd,10,128,20000,0.1,0.9,0.0005,cuda,False,False,8,18,1117,
curriculum_hard,1,results_v3_lr0p1,results_v3_lr0p1,small_cnn,sgd,10,128,20000,0.1,0.9,0.0005,cuda,False,False,8,19,1118,
curriculum_hard,1,results_v3_lr0p1,results_v3_lr0p1,small_cnn,sgd,10,128,20000,0.1,0.9,0.0005,cuda,False,False,8,20,1119,
curriculum_hard,1,results_v3_lr0p1,results_v3_lr0p1,small_cnn,sgd,10,128,20000,0.1,0.9,0.0005,cuda,False,False,8,21,1120,
curriculum_hard,1,results_v3_lr0p1,results_v3_lr0p1,small_cnn,sgd,10,128,20000,0.1,0.9,0.0005,cuda,False,False,8,22,1121,
curriculum_hard,1,results_v3_lr0p1,results_v3_lr0p1,small_cnn,sgd,10,128,20000,0.1,0.9,0.0005,cuda,False,False,8,23,1122,
curriculum_hard,1,results_v3_lr0p1,results_v3_lr0p1,small_cnn,sgd,10,128,20000,0.1,0.9,0.0005,cuda,False,False,8,24,1123,
curriculum_hard,1,results_v3_lr0p1,results_v3_lr0p1,small_cnn,sgd,10,128,20000,0.1,0.9,0.0005,cuda,False,False,8,25,1124,
curriculum_hard,1,results_v3_lr0p1,results_v3_lr0p1,small_cnn,sgd,10,128,20000,0.1,0.9,0.0005,cuda,False,False,8,26,1125,
curriculum_hard,1,results_v3_lr0p1,results_v3_lr0p1,small_cnn,sgd,10,128,20000,0.1,0.9,0.0005,cuda,False,False,8,27,1126,
curriculum_hard,1,results_v3_lr0p1,results_v3_lr0p1,small_cnn,sgd,10,128,20000,0.1,0.9,0.0005,cuda,False,False,8,28,1127,
curriculum_hard,1,results_v3_lr0p1,results_v3_lr0p1,small_cnn,sgd,10,128,20000,0.1,0.9,0.0005,cuda,False,False,8,29,1128,
curriculum_hard,1,results_v3_lr0p1,results_v3_lr0p1,small_cnn,sgd,10,128,20000,0.1,0.9,0.0005,cuda,False,False,8,30,1129,
curriculum_hard,1,results_v3_lr0p1,results_v3_lr0p1,small_cnn,sgd,10,128,20000,0.1,0.9,0.0005,cuda,False,False,8,31,1130,
curriculum_hard,1,results_v3_lr0p1,results_v3_lr0p1,small_cnn,sgd,10,128,20000,0.1,0.9,0.0005,cuda,False,False,8,32,1131,
curriculum_hard,1,results_v3_lr0p1,results_v3_lr0p1,small_cnn,sgd,10,128,20000,0.1,0.9,0.0005,cuda,False,False,8,33,1132,
curriculum_hard,1,results_v3_lr0p1,results_v3_lr0p1,small_cnn,sgd,10,128,20000,0.1,0.9,0.0005,cuda,False,False,8,34,1133,
curriculum_hard,1,results_v3_lr0p1,results_v3_lr0p1,small_cnn,sgd,10,128,20000,0.1,0.9,0.0005,cuda,False,False,8,35,1134,
curriculum_hard,1,results_v3_lr0p1,results_v3_lr0p1,small_cnn,sgd,10,128,20000,0.1,0.9,0.0005,cuda,False,False,8,36,1135,
curriculum_hard,1,results_v3_lr0p1,results_v3_lr0p1,small_cnn,sgd,10,128,20000,0.1,0.9,0.0005,cuda,False,False,8,37,1136,
curriculum_hard,1,results_v3_lr0p1,results_v3_lr0p1,small_cnn,sgd,10,128,20000,0.1,0.9,0.0005,cuda,False,False,8,38,1137,
curriculum_hard,1,results_v3_lr0p1,results_v3_lr0p1,small_cnn,sgd,10,128,20000,0.1,0.9,0.0005,cuda,False,False,8,39,1138,
curriculum_hard,1,results_v3_lr0p1,results_v3_lr0p1,small_cnn,sgd,10,128,20000,0.1,0.9,0.0005,cuda,False,False,8,40,1139,
curriculum_hard,1,results_v3_lr0p1,results_v3_lr0p1,small_cnn,sgd,10,128,20000,0.1,0.9,0.0005,cuda,False,False,8,41,1140,
curriculum_hard,1,results_v3_lr0p1,results_v3_lr0p1,small_cnn,sgd,10,128,20000,0.1,0.9,0.0005,cuda,False,False,8,42,1141,
curriculum_hard,1,results_v3_lr0p1,results_v3_lr0p1,small_cnn,sgd,10,128,20000,0.1,0.9,0.0005,cuda,False,False,8,43,1142,
curriculum_hard,1,results_v3_lr0p1,results_v3_lr0p1,small_cnn,sgd,10,128,20000,0.1,0.9,0.0005,cuda,False,False,8,44,1143,
curriculum_hard,1,results_v3_lr0p1,results_v3_lr0p1,small_cnn,sgd,10,128,20000,0.1,0.9,0.0005,cuda,False,False,8,45,1144,
curriculum_hard,1,results_v3_lr0p1,results_v3_lr0p1,small_cnn,sgd,10,128,20000,0.1,0.9,0.0005,cuda,False,False,8,46,1145,
curriculum_hard,1,results_v3_lr0p1,results_v3_lr0p1,small_cnn,sgd,10,128,20000,0.1,0.9,0.0005,cuda,False,False,8,47,1146,
curriculum_hard,1,results_v3_lr0p1,results_v3_lr0p1,small_cnn,sgd,10,128,20000,0.1,0.9,0.0005,cuda,False,False,8,48,1147,
curriculum_hard,1,results_v3_lr0p1,results_v3_lr0p1,small_cnn,sgd,10,128,20000,0.1,0.9,0.0005,cuda,False,False,8,49,1148,
curriculum_hard,1,results_v3_lr0p1,results_v3_lr0p1,small_cnn,sgd,10,128,20000,0.1,0.9,0.0005,cuda,False,False,8,50,1149,
curriculum_hard,1,results_v3_lr0p1,results_v3_lr0p1,small_cnn,sgd,10,128,20000,0.1,0.9,0.0005,cuda,False,False,8,51,1150,
curriculum_hard,1,results_v3_lr0p1,results_v3_lr0p1,small_cnn,sgd,10,128,20000,0.1,0.9,0.0005,cuda,False,False,8,52,1151,
curriculum_hard,1,results_v3_lr0p1,results_v3_lr0p1,small_cnn,sgd,10,128,20000,0.1,0.9,0.0005,cuda,False,False,8,53,1152,
curriculum_hard,1,results_v3_lr0p1,results_v3_lr0p1,small_cnn,sgd,10,128,20000,0.1,0.9,0.0005,cuda,False,False,8,54,1153,
curriculum_hard,1,results_v3_lr0p1,results_v3_lr0p1,small_cnn,sgd,10,128,20000,0.1,0.9,0.0005,cuda,False,False,8,55,1154,
curriculum_hard,1,results_v3_lr0p1,results_v3_lr0p1,small_cnn,sgd,10,128,20000,0.1,0.9,0.0005,cuda,False,False,8,56,1155,
curriculum_hard,1,results_v3_lr0p1,results_v3_lr0p1,small_cnn,sgd,10,128,20000,0.1,0.9,0.0005,cuda,False,False,8,57,1156,
curriculum_hard,1,results_v3_lr0p1,results_v3_lr0p1,small_cnn,sgd,10,128,20000,0.1,0.9,0.0005,cuda,False,False,8,58,1157,
curriculum_hard,1,results_v3_lr0p1,results_v3_lr0p1,small_cnn,sgd,10,128,20000,0.1,0.9,0.0005,cuda,False,False,8,59,1158,
curriculum_hard,1,results_v3_lr0p1,results_v3_lr0p1,small_cnn,sgd,10,128,20000,0.1,0.9,0.0005,cuda,False,False,8,60,1159,
curriculum_hard,1,results_v3_lr0p1,results_v3_lr0p1,small_cnn,sgd,10,128,20000,0.1,0.9,0.0005,cuda,False,False,8,61,1160,
curriculum_hard,1,results_v3_lr0p1,results_v3_lr0p1,small_cnn,sgd,10,128,20000,0.1,0.9,0.0005,cuda,False,False,8,62,1161,
curriculum_hard,1,results_v3_lr0p1,results_v3_lr0p1,small_cnn,sgd,10,128,20000,0.1,0.9,0.0005,cuda,False,False,8,63,1162,
curriculum_hard,1,results_v3_lr0p1,results_v3_lr0p1,small_cnn,sgd,10,128,20000,0.1,0.9,0.0005,cuda,False,False,8,64,1163,
curriculum_hard,1,results_v3_lr0p1,results_v3_lr0p1,small_cnn,sgd,10,128,20000,0.1,0.9,0.0005,cuda,False,False,8,65,1164,
curriculum_hard,1,results_v3_lr0p1,results_v3_lr0p1,small_cnn,sgd,10,128,20000,0.1,0.9,0.0005,cuda,False,False,8,66,1165,
curriculum_hard,1,results_v3_lr0p1,results_v3_lr0p1,small_cnn,sgd,10,128,20000,0.1,0.9,0.0005,cuda,False,False,8,67,1166,
curriculum_hard,1,results_v3_lr0p1,results_v3_lr0p1,small_cnn,sgd,10,128,20000,0.1,0.9,0.0005,cuda,False,False,8,68,1167,
curriculum_hard,1,results_v3_lr0p1,results_v3_lr0p1,small_cnn,sgd,10,128,20000,0.1,0.9,0.0005,cuda,False,False,8,69,1168,
curriculum_hard,1,results_v3_lr0p1,results_v3_lr0p1,small_cnn,sgd,10,128,20000,0.1,0.9,0.0005,cuda,False,False,8,70,1169,
curriculum_hard,1,results_v3_lr0p1,results_v3_lr0p1,small_cnn,sgd,10,128,20000,0.1,0.9,0.0005,cuda,False,False,8,71,1170,
curriculum_hard,1,results_v3_lr0p1,results_v3_lr0p1,small_cnn,sgd,10,128,20000,0.1,0.9,0.0005,cuda,False,False,8,72,1171,
curriculum_hard,1,results_v3_lr0p1,results_v3_lr0p1,small_cnn,sgd,10,128,20000,0.1,0.9,0.0005,cuda,False,False,8,73,1172,
curriculum_hard,1,results_v3_lr0p1,results_v3_lr0p1,small_cnn,sgd,10,128,20000,0.1,0.9,0.0005,cuda,False,False,8,74,1173,
curriculum_hard,1,results_v3_lr0p1,results_v3_lr0p1,small_cnn,sgd,10,128,20000,0.1,0.9,0.0005,cuda,False,False,8,75,1174,
curriculum_hard,1,results_v3_lr0p1,results_v3_lr0p1,small_cnn,sgd,10,128,20000,0.1,0.9,0.0005,cuda,False,False,8,76,1175,
curriculum_hard,1,results_v3_lr0p1,results_v3_lr0p1,small_cnn,sgd,10,128,20000,0.1,0.9,0.0005,cuda,False,False,8,77,1176,
curriculum_hard,1,results_v3_lr0p1,results_v3_lr0p1,small_cnn,sgd,10,128,20000,0.1,0.9,0.0005,cuda,False,False,8,78,1177,
curriculum_hard,1,results_v3_lr0p1,results_v3_lr0p1,small_cnn,sgd,10,128,20000,0.1,0.9,0.0005,cuda,False,False,8,79,1178,
curriculum_hard,1,results_v3_lr0p1,results_v3_lr0p1,small_cnn,sgd,10,128,20000,0.1,0.9,0.0005,cuda,False,False,8,80,1179,
curriculum_hard,1,results_v3_lr0p1,results_v3_lr0p1,small_cnn,sgd,10,128,20000,0.1,0.9,0.0005,cuda,False,False,8,81,1180,
curriculum_hard,1,results_v3_lr0p1,results_v3_lr0p1,small_cnn,sgd,10,128,20000,0.1,0.9,0.0005,cuda,False,False,8,82,1181,
curriculum_hard,1,results_v3_lr0p1,results_v3_lr0p1,small_cnn,sgd,10,128,20000,0.1,0.9,0.0005,cuda,False,False,8,83,1182,
curriculum_hard,1,results_v3_lr0p1,results_v3_lr0p1,small_cnn,sgd,10,128,20000,0.1,0.9,0.0005,cuda,False,False,8,84,1183,
curriculum_hard,1,results_v3_lr0p1,results_v3_lr0p1,small_cnn,sgd,10,128,20000,0.1,0.9,0.0005,cuda,False,False,8,85,1184,
curriculum_hard,1,results_v3_lr0p1,results_v3_lr0p1,small_cnn,sgd,10,128,20000,0.1,0.9,0.0005,cuda,False,False,8,86,1185,
curriculum_hard,1,results_v3_lr0p1,results_v3_lr0p1,small_cnn,sgd,10,128,20000,0.1,0.9,0.0005,cuda,False,False,8,87,1186,
curriculum_hard,1,results_v3_lr0p1,results_v3_lr0p1,small_cnn,sgd,10,128,20000,0.1,0.9,0.0005,cuda,False,False,8,88,1187,
curriculum_hard,1,results_v3_lr0p1,results_v3_lr0p1,small_cnn,sgd,10,128,20000,0.1,0.9,0.0005,cuda,False,False,8,89,1188,
curriculum_hard,1,results_v3_lr0p1,results_v3_lr0p1,small_cnn,sgd,10,128,20000,0.1,0.9,0.0005,cuda,False,False,8,90,1189,
curriculum_hard,1,results_v3_lr0p1,results_v3_lr0p1,small_cnn,sgd,10,128,20000,0.1,0.9,0.0005,cuda,False,False,8,91,1190,
curriculum_hard,1,results_v3_lr0p1,results_v3_lr0p1,small_cnn,sgd,10,128,20000,0.1,0.9,0.0005,cuda,False,False,8,92,1191,
curriculum_hard,1,results_v3_lr0p1,results_v3_lr0p1,small_cnn,sgd,10,128,20000,0.1,0.9,0.0005,cuda,False,False,8,93,1192,
curriculum_hard,1,results_v3_lr0p1,results_v3_lr0p1,small_cnn,sgd,10,128,20000,0.1,0.9,0.0005,cuda,False,False,8,94,1193,
curriculum_hard,1,results_v3_lr0p1,results_v3_lr0p1,small_cnn,sgd,10,128,20000,0.1,0.9,0.0005,cuda,False,False,8,95,1194,
curriculum_hard,1,results_v3_lr0p1,results_v3_lr0p1,small_cnn,sgd,10,128,20000,0.1,0.9,0.0005,cuda,False,False,8,96,1195,
curriculum_hard,1,results_v3_lr0p1,results_v3_lr0p1,small_cnn,sgd,10,128,20000,0.1,0.9,0.0005,cuda,False,False,8,97,1196,
curriculum_hard,1,results_v3_lr0p1,results_v3_lr0p1,small_cnn,sgd,10,128,20000,0.1,0.9,0.0005,cuda,False,False,8,98,1197,
curriculum_hard,1,results_v3_lr0p1,results_v3_lr0p1,small_cnn,sgd,10,128,20000,0.1,0.9,0.0005,cuda,False,False,8,99,1198,
curriculum_hard,1,results_v3_lr0p1,results_v3_lr0p1,small_cnn,sgd,10,128,20000,0.1,0.9,0.0005,cuda,False,False,8,100,1199,
curriculum_hard,1,results_v3_lr0p1,results_v3_lr0p1,small_cnn,sgd,10,128,20000,0.1,0.9,0.0005,cuda,False,False,8,101,1200,
curriculum_hard,1,results_v3_lr0p1,results_v3_lr0p1,small_cnn,sgd,10,128,20000,0.1,0.9,0.0005,cuda,False,False,8,102,1201,
curriculum_hard,1,results_v3_lr0p1,results_v3_lr0p1,small_cnn,sgd,10,128,20000,0.1,0.9,0.0005,cuda,False,False,8,103,1202,
curriculum_hard,1,results_v3_lr0p1,results_v3_lr0p1,small_cnn,sgd,10,128,20000,0.1,0.9,0.0005,cuda,False,False,8,104,1203,
curriculum_hard,1,results_v3_lr0p1,results_v3_lr0p1,small_cnn,sgd,10,128,20000,0.1,0.9,0.0005,cuda,False,False,8,105,1204,
curriculum_hard,1,results_v3_lr0p1,results_v3_lr0p1,small_cnn,sgd,10,128,20000,0.1,0.9,0.0005,cuda,False,False,8,106,1205,
curriculum_hard,1,results_v3_lr0p1,results_v3_lr0p1,small_cnn,sgd,10,128,20000,0.1,0.9,0.0005,cuda,False,False,8,107,1206,
curriculum_hard,1,results_v3_lr0p1,results_v3_lr0p1,small_cnn,sgd,10,128,20000,0.1,0.9,0.0005,cuda,False,False,8,108,1207,
curriculum_hard,1,results_v3_lr0p1,results_v3_lr0p1,small_cnn,sgd,10,128,20000,0.1,0.9,0.0005,cuda,False,False,8,109,1208,
curriculum_hard,1,results_v3_lr0p1,results_v3_lr0p1,small_cnn,sgd,10,128,20000,0.1,0.9,0.0005,cuda,False,False,8,110,1209,
curriculum_hard,1,results_v3_lr0p1,results_v3_lr0p1,small_cnn,sgd,10,128,20000,0.1,0.9,0.0005,cuda,False,False,8,111,1210,
curriculum_hard,1,results_v3_lr0p1,results_v3_lr0p1,small_cnn,sgd,10,128,20000,0.1,0.9,0.0005,cuda,False,False,8,112,1211,
curriculum_hard,1,results_v3_lr0p1,results_v3_lr0p1,small_cnn,sgd,10,128,20000,0.1,0.9,0.0005,cuda,False,False,8,113,1212,
curriculum_hard,1,results_v3_lr0p1,results_v3_lr0p1,small_cnn,sgd,10,128,20000,0.1,0.9,0.0005,cuda,False,False,8,114,1213,
curriculum_hard,1,results_v3_lr0p1,results_v3_lr0p1,small_cnn,sgd,10,128,20000,0.1,0.9,0.0005,cuda,False,False,8,115,1214,
curriculum_hard,1,results_v3_lr0p1,results_v3_lr0p1,small_cnn,sgd,10,128,20000,0.1,0.9,0.0005,cuda,False,False,8,116,1215,
curriculum_hard,1,results_v3_lr0p1,results_v3_lr0p1,small_cnn,sgd,10,128,20000,0.1,0.9,0.0005,cuda,False,False,8,117,1216,
curriculum_hard,1,results_v3_lr0p1,results_v3_lr0p1,small_cnn,sgd,10,128,20000,0.1,0.9,0.0005,cuda,False,False,8,118,1217,
curriculum_hard,1,results_v3_lr0p1,results_v3_lr0p1,small_cnn,sgd,10,128,20000,0.1,0.9,0.0005,cuda,False,False,8,119,1218,
curriculum_hard,1,results_v3_lr0p1,results_v3_lr0p1,small_cnn,sgd,10,128,20000,0.1,0.9,0.0005,cuda,False,False,8,120,1219,
curriculum_hard,1,results_v3_lr0p1,results_v3_lr0p1,small_cnn,sgd,10,128,20000,0.1,0.9,0.0005,cuda,False,False,8,121,1220,
curriculum_hard,1,results_v3_lr0p1,results_v3_lr0p1,small_cnn,sgd,10,128,20000,0.1,0.9,0.0005,cuda,False,False,8,122,1221,
curriculum_hard,1,results_v3_lr0p1,results_v3_lr0p1,small_cnn,sgd,10,128,20000,0.1,0.9,0.0005,cuda,False,False,8,123,1222,
curriculum_hard,1,results_v3_lr0p1,results_v3_lr0p1,small_cnn,sgd,10,128,20000,0.1,0.9,0.0005,cuda,False,False,8,124,1223,
curriculum_hard,1,results_v3_lr0p1,results_v3_lr0p1,small_cnn,sgd,10,128,20000,0.1,0.9,0.0005,cuda,False,False,8,125,1224,
curriculum_hard,1,results_v3_lr0p1,results_v3_lr0p1,small_cnn,sgd,10,128,20000,0.1,0.9,0.0005,cuda,False,False,8,126,1225,
curriculum_hard,1,results_v3_lr0p1,results_v3_lr0p1,small_cnn,sgd,10,128,20000,0.1,0.9,0.0005,cuda,False,False,8,127,1226,
curriculum_hard,1,results_v3_lr0p1,results_v3_lr0p1,small_cnn,sgd,10,128,20000,0.1,0.9,0.0005,cuda,False,False,8,128,1227,
curriculum_hard,1,results_v3_lr0p1,results_v3_lr0p1,small_cnn,sgd,10,128,20000,0.1,0.9,0.0005,cuda,False,False,8,129,1228,
curriculum_hard,1,results_v3_lr0p1,results_v3_lr0p1,small_cnn,sgd,10,128,20000,0.1,0.9,0.0005,cuda,False,False,8,130,1229,
curriculum_hard,1,results_v3_lr0p1,results_v3_lr0p1,small_cnn,sgd,10,128,20000,0.1,0.9,0.0005,cuda,False,False,8,131,1230,
curriculum_hard,1,results_v3_lr0p1,results_v3_lr0p1,small_cnn,sgd,10,128,20000,0.1,0.9,0.0005,cuda,False,False,8,132,1231,
curriculum_hard,1,results_v3_lr0p1,results_v3_lr0p1,small_cnn,sgd,10,128,20000,0.1,0.9,0.0005,cuda,False,False,8,133,1232,
curriculum_hard,1,results_v3_lr0p1,results_v3_lr0p1,small_cnn,sgd,10,128,20000,0.1,0.9,0.0005,cuda,False,False,8,134,1233,
curriculum_hard,1,results_v3_lr0p1,results_v3_lr0p1,small_cnn,sgd,10,128,20000,0.1,0.9,0.0005,cuda,False,False,8,135,1234,
curriculum_hard,1,results_v3_lr0p1,results_v3_lr0p1,small_cnn,sgd,10,128,20000,0.1,0.9,0.0005,cuda,False,False,8,136,1235,
curriculum_hard,1,results_v3_lr0p1,results_v3_lr0p1,small_cnn,sgd,10,128,20000,0.1,0.9,0.0005,cuda,False,False,8,137,1236,
curriculum_hard,1,results_v3_lr0p1,results_v3_lr0p1,small_cnn,sgd,10,128,20000,0.1,0.9,0.0005,cuda,False,False,8,138,1237,
curriculum_hard,1,results_v3_lr0p1,results_v3_lr0p1,small_cnn,sgd,10,128,20000,0.1,0.9,0.0005,cuda,False,False,8,139,1238,
curriculum_hard,1,results_v3_lr0p1,results_v3_lr0p1,small_cnn,sgd,10,128,20000,0.1,0.9,0.0005,cuda,False,False,8,140,1239,
curriculum_hard,1,results_v3_lr0p1,results_v3_lr0p1,small_cnn,sgd,10,128,20000,0.1,0.9,0.0005,cuda,False,False,8,141,1240,
curriculum_hard,1,results_v3_lr0p1,results_v3_lr0p1,small_cnn,sgd,10,128,20000,0.1,0.9,0.0005,cuda,False,False,8,142,1241,
curriculum_hard,1,results_v3_lr0p1,results_v3_lr0p1,small_cnn,sgd,10,128,20000,0.1,0.9,0.0005,cuda,False,False,8,143,1242,
curriculum_hard,1,results_v3_lr0p1,results_v3_lr0p1,small_cnn,sgd,10,128,20000,0.1,0.9,0.0005,cuda,False,False,8,144,1243,
curriculum_hard,1,results_v3_lr0p1,results_v3_lr0p1,small_cnn,sgd,10,128,20000,0.1,0.9,0.0005,cuda,False,False,8,145,1244,
curriculum_hard,1,results_v3_lr0p1,results_v3_lr0p1,small_cnn,sgd,10,128,20000,0.1,0.9,0.0005,cuda,False,False,8,146,1245,
curriculum_hard,1,results_v3_lr0p1,results_v3_lr0p1,small_cnn,sgd,10,128,20000,0.1,0.9,0.0005,cuda,False,False,8,147,1246,
curriculum_hard,1,results_v3_lr0p1,results_v3_lr0p1,small_cnn,sgd,10,128,20000,0.1,0.9,0.0005,cuda,False,False,8,148,1247,
curriculum_hard,1,results_v3_lr0p1,results_v3_lr0p1,small_cnn,sgd,10,128,20000,0.1,0.9,0.0005,cuda,False,False,8,149,1248,
curriculum_hard,1,results_v3_lr0p1,results_v3_lr0p1,small_cnn,sgd,10,128,20000,0.1,0.9,0.0005,cuda,False,False,8,150,1249,
curriculum_hard,1,results_v3_lr0p1,results_v3_lr0p1,small_cnn,sgd,10,128,20000,0.1,0.9,0.0005,cuda,False,False,8,151,1250,
curriculum_hard,1,results_v3_lr0p1,results_v3_lr0p1,small_cnn,sgd,10,128,20000,0.1,0.9,0.0005,cuda,False,False,8,152,1251,
curriculum_hard,1,results_v3_lr0p1,results_v3_lr0p1,small_cnn,sgd,10,128,20000,0.1,0.9,0.0005,cuda,False,False,8,153,1252,
curriculum_hard,1,results_v3_lr0p1,results_v3_lr0p1,small_cnn,sgd,10,128,20000,0.1,0.9,0.0005,cuda,False,False,8,154,1253,
curriculum_hard,1,results_v3_lr0p1,results_v3_lr0p1,small_cnn,sgd,10,128,20000,0.1,0.9,0.0005,cuda,False,False,8,155,1254,
curriculum_hard,1,results_v3_lr0p1,results_v3_lr0p1,small_cnn,sgd,10,128,20000,0.1,0.9,0.0005,cuda,False,False,8,156,1255,
curriculum_hard,1,results_v3_lr0p1,results_v3_lr0p1,small_cnn,sgd,10,128,20000,0.1,0.9,0.0005,cuda,False,False,8,157,1256,
curriculum_hard,1,results_v3_lr0p1,results_v3_lr0p1,small_cnn,sgd,10,128,20000,0.1,0.9,0.0005,cuda,False,False,9,1,1257,
curriculum_hard,1,results_v3_lr0p1,results_v3_lr0p1,small_cnn,sgd,10,128,20000,0.1,0.9,0.0005,cuda,False,False,9,2,1258,
curriculum_hard,1,results_v3_lr0p1,results_v3_lr0p1,small_cnn,sgd,10,128,20000,0.1,0.9,0.0005,cuda,False,False,9,3,1259,
curriculum_hard,1,results_v3_lr0p1,results_v3_lr0p1,small_cnn,sgd,10,128,20000,0.1,0.9,0.0005,cuda,False,False,9,4,1260,
curriculum_hard,1,results_v3_lr0p1,results_v3_lr0p1,small_cnn,sgd,10,128,20000,0.1,0.9,0.0005,cuda,False,False,9,5,1261,
curriculum_hard,1,results_v3_lr0p1,results_v3_lr0p1,small_cnn,sgd,10,128,20000,0.1,0.9,0.0005,cuda,False,False,9,6,1262,
curriculum_hard,1,results_v3_lr0p1,results_v3_lr0p1,small_cnn,sgd,10,128,20000,0.1,0.9,0.0005,cuda,False,False,9,7,1263,
curriculum_hard,1,results_v3_lr0p1,results_v3_lr0p1,small_cnn,sgd,10,128,20000,0.1,0.9,0.0005,cuda,False,False,9,8,1264,
curriculum_hard,1,results_v3_lr0p1,results_v3_lr0p1,small_cnn,sgd,10,128,20000,0.1,0.9,0.0005,cuda,False,False,9,9,1265,
curriculum_hard,1,results_v3_lr0p1,results_v3_lr0p1,small_cnn,sgd,10,128,20000,0.1,0.9,0.0005,cuda,False,False,9,10,1266,
curriculum_hard,1,results_v3_lr0p1,results_v3_lr0p1,small_cnn,sgd,10,128,20000,0.1,0.9,0.0005,cuda,False,False,9,11,1267,
curriculum_hard,1,results_v3_lr0p1,results_v3_lr0p1,small_cnn,sgd,10,128,20000,0.1,0.9,0.0005,cuda,False,False,9,12,1268,
curriculum_hard,1,results_v3_lr0p1,results_v3_lr0p1,small_cnn,sgd,10,128,20000,0.1,0.9,0.0005,cuda,False,False,9,13,1269,
curriculum_hard,1,results_v3_lr0p1,results_v3_lr0p1,small_cnn,sgd,10,128,20000,0.1,0.9,0.0005,cuda,False,False,9,14,1270,
curriculum_hard,1,results_v3_lr0p1,results_v3_lr0p1,small_cnn,sgd,10,128,20000,0.1,0.9,0.0005,cuda,False,False,9,15,1271,
curriculum_hard,1,results_v3_lr0p1,results_v3_lr0p1,small_cnn,sgd,10,128,20000,0.1,0.9,0.0005,cuda,False,False,9,16,1272,
curriculum_hard,1,results_v3_lr0p1,results_v3_lr0p1,small_cnn,sgd,10,128,20000,0.1,0.9,0.0005,cuda,False,False,9,17,1273,
curriculum_hard,1,results_v3_lr0p1,results_v3_lr0p1,small_cnn,sgd,10,128,20000,0.1,0.9,0.0005,cuda,False,False,9,18,1274,
curriculum_hard,1,results_v3_lr0p1,results_v3_lr0p1,small_cnn,sgd,10,128,20000,0.1,0.9,0.0005,cuda,False,False,9,19,1275,
curriculum_hard,1,results_v3_lr0p1,results_v3_lr0p1,small_cnn,sgd,10,128,20000,0.1,0.9,0.0005,cuda,False,False,9,20,1276,
curriculum_hard,1,results_v3_lr0p1,results_v3_lr0p1,small_cnn,sgd,10,128,20000,0.1,0.9,0.0005,cuda,False,False,9,21,1277,
curriculum_hard,1,results_v3_lr0p1,results_v3_lr0p1,small_cnn,sgd,10,128,20000,0.1,0.9,0.0005,cuda,False,False,9,22,1278,
curriculum_hard,1,results_v3_lr0p1,results_v3_lr0p1,small_cnn,sgd,10,128,20000,0.1,0.9,0.0005,cuda,False,False,9,23,1279,
curriculum_hard,1,results_v3_lr0p1,results_v3_lr0p1,small_cnn,sgd,10,128,20000,0.1,0.9,0.0005,cuda,False,False,9,24,1280,
curriculum_hard,1,results_v3_lr0p1,results_v3_lr0p1,small_cnn,sgd,10,128,20000,0.1,0.9,0.0005,cuda,False,False,9,25,1281,
curriculum_hard,1,results_v3_lr0p1,results_v3_lr0p1,small_cnn,sgd,10,128,20000,0.1,0.9,0.0005,cuda,False,False,9,26,1282,
curriculum_hard,1,results_v3_lr0p1,results_v3_lr0p1,small_cnn,sgd,10,128,20000,0.1,0.9,0.0005,cuda,False,False,9,27,1283,
curriculum_hard,1,results_v3_lr0p1,results_v3_lr0p1,small_cnn,sgd,10,128,20000,0.1,0.9,0.0005,cuda,False,False,9,28,1284,
curriculum_hard,1,results_v3_lr0p1,results_v3_lr0p1,small_cnn,sgd,10,128,20000,0.1,0.9,0.0005,cuda,False,False,9,29,1285,
curriculum_hard,1,results_v3_lr0p1,results_v3_lr0p1,small_cnn,sgd,10,128,20000,0.1,0.9,0.0005,cuda,False,False,9,30,1286,
curriculum_hard,1,results_v3_lr0p1,results_v3_lr0p1,small_cnn,sgd,10,128,20000,0.1,0.9,0.0005,cuda,False,False,9,31,1287,
curriculum_hard,1,results_v3_lr0p1,results_v3_lr0p1,small_cnn,sgd,10,128,20000,0.1,0.9,0.0005,cuda,False,False,9,32,1288,
curriculum_hard,1,results_v3_lr0p1,results_v3_lr0p1,small_cnn,sgd,10,128,20000,0.1,0.9,0.0005,cuda,False,False,9,33,1289,
curriculum_hard,1,results_v3_lr0p1,results_v3_lr0p1,small_cnn,sgd,10,128,20000,0.1,0.9,0.0005,cuda,False,False,9,34,1290,
curriculum_hard,1,results_v3_lr0p1,results_v3_lr0p1,small_cnn,sgd,10,128,20000,0.1,0.9,0.0005,cuda,False,False,9,35,1291,
curriculum_hard,1,results_v3_lr0p1,results_v3_lr0p1,small_cnn,sgd,10,128,20000,0.1,0.9,0.0005,cuda,False,False,9,36,1292,
curriculum_hard,1,results_v3_lr0p1,results_v3_lr0p1,small_cnn,sgd,10,128,20000,0.1,0.9,0.0005,cuda,False,False,9,37,1293,
curriculum_hard,1,results_v3_lr0p1,results_v3_lr0p1,small_cnn,sgd,10,128,20000,0.1,0.9,0.0005,cuda,False,False,9,38,1294,
curriculum_hard,1,results_v3_lr0p1,results_v3_lr0p1,small_cnn,sgd,10,128,20000,0.1,0.9,0.0005,cuda,False,False,9,39,1295,
curriculum_hard,1,results_v3_lr0p1,results_v3_lr0p1,small_cnn,sgd,10,128,20000,0.1,0.9,0.0005,cuda,False,False,9,40,1296,
curriculum_hard,1,results_v3_lr0p1,results_v3_lr0p1,small_cnn,sgd,10,128,20000,0.1,0.9,0.0005,cuda,False,False,9,41,1297,
curriculum_hard,1,results_v3_lr0p1,results_v3_lr0p1,small_cnn,sgd,10,128,20000,0.1,0.9,0.0005,cuda,False,False,9,42,1298,
curriculum_hard,1,results_v3_lr0p1,results_v3_lr0p1,small_cnn,sgd,10,128,20000,0.1,0.9,0.0005,cuda,False,False,9,43,1299,
curriculum_hard,1,results_v3_lr0p1,results_v3_lr0p1,small_cnn,sgd,10,128,20000,0.1,0.9,0.0005,cuda,False,False,9,44,1300,
curriculum_hard,1,results_v3_lr0p1,results_v3_lr0p1,small_cnn,sgd,10,128,20000,0.1,0.9,0.0005,cuda,False,False,9,45,1301,
curriculum_hard,1,results_v3_lr0p1,results_v3_lr0p1,small_cnn,sgd,10,128,20000,0.1,0.9,0.0005,cuda,False,False,9,46,1302,
curriculum_hard,1,results_v3_lr0p1,results_v3_lr0p1,small_cnn,sgd,10,128,20000,0.1,0.9,0.0005,cuda,False,False,9,47,1303,
curriculum_hard,1,results_v3_lr0p1,results_v3_lr0p1,small_cnn,sgd,10,128,20000,0.1,0.9,0.0005,cuda,False,False,9,48,1304,
curriculum_hard,1,results_v3_lr0p1,results_v3_lr0p1,small_cnn,sgd,10,128,20000,0.1,0.9,0.0005,cuda,False,False,9,49,1305,
curriculum_hard,1,results_v3_lr0p1,results_v3_lr0p1,small_cnn,sgd,10,128,20000,0.1,0.9,0.0005,cuda,False,False,9,50,1306,
curriculum_hard,1,results_v3_lr0p1,results_v3_lr0p1,small_cnn,sgd,10,128,20000,0.1,0.9,0.0005,cuda,False,False,9,51,1307,
curriculum_hard,1,results_v3_lr0p1,results_v3_lr0p1,small_cnn,sgd,10,128,20000,0.1,0.9,0.0005,cuda,False,False,9,52,1308,
curriculum_hard,1,results_v3_lr0p1,results_v3_lr0p1,small_cnn,sgd,10,128,20000,0.1,0.9,0.0005,cuda,False,False,9,53,1309,
curriculum_hard,1,results_v3_lr0p1,results_v3_lr0p1,small_cnn,sgd,10,128,20000,0.1,0.9,0.0005,cuda,False,False,9,54,1310,
curriculum_hard,1,results_v3_lr0p1,results_v3_lr0p1,small_cnn,sgd,10,128,20000,0.1,0.9,0.0005,cuda,False,False,9,55,1311,
curriculum_hard,1,results_v3_lr0p1,results_v3_lr0p1,small_cnn,sgd,10,128,20000,0.1,0.9,0.0005,cuda,False,False,9,56,1312,
curriculum_hard,1,results_v3_lr0p1,results_v3_lr0p1,small_cnn,sgd,10,128,20000,0.1,0.9,0.0005,cuda,False,False,9,57,1313,
curriculum_hard,1,results_v3_lr0p1,results_v3_lr0p1,small_cnn,sgd,10,128,20000,0.1,0.9,0.0005,cuda,False,False,9,58,1314,
curriculum_hard,1,results_v3_lr0p1,results_v3_lr0p1,small_cnn,sgd,10,128,20000,0.1,0.9,0.0005,cuda,False,False,9,59,1315,
curriculum_hard,1,results_v3_lr0p1,results_v3_lr0p1,small_cnn,sgd,10,128,20000,0.1,0.9,0.0005,cuda,False,False,9,60,1316,
curriculum_hard,1,results_v3_lr0p1,results_v3_lr0p1,small_cnn,sgd,10,128,20000,0.1,0.9,0.0005,cuda,False,False,9,61,1317,
curriculum_hard,1,results_v3_lr0p1,results_v3_lr0p1,small_cnn,sgd,10,128,20000,0.1,0.9,0.0005,cuda,False,False,9,62,1318,
curriculum_hard,1,results_v3_lr0p1,results_v3_lr0p1,small_cnn,sgd,10,128,20000,0.1,0.9,0.0005,cuda,False,False,9,63,1319,
curriculum_hard,1,results_v3_lr0p1,results_v3_lr0p1,small_cnn,sgd,10,128,20000,0.1,0.9,0.0005,cuda,False,False,9,64,1320,
curriculum_hard,1,results_v3_lr0p1,results_v3_lr0p1,small_cnn,sgd,10,128,20000,0.1,0.9,0.0005,cuda,False,False,9,65,1321,
curriculum_hard,1,results_v3_lr0p1,results_v3_lr0p1,small_cnn,sgd,10,128,20000,0.1,0.9,0.0005,cuda,False,False,9,66,1322,
curriculum_hard,1,results_v3_lr0p1,results_v3_lr0p1,small_cnn,sgd,10,128,20000,0.1,0.9,0.0005,cuda,False,False,9,67,1323,
curriculum_hard,1,results_v3_lr0p1,results_v3_lr0p1,small_cnn,sgd,10,128,20000,0.1,0.9,0.0005,cuda,False,False,9,68,1324,
curriculum_hard,1,results_v3_lr0p1,results_v3_lr0p1,small_cnn,sgd,10,128,20000,0.1,0.9,0.0005,cuda,False,False,9,69,1325,
curriculum_hard,1,results_v3_lr0p1,results_v3_lr0p1,small_cnn,sgd,10,128,20000,0.1,0.9,0.0005,cuda,False,False,9,70,1326,
curriculum_hard,1,results_v3_lr0p1,results_v3_lr0p1,small_cnn,sgd,10,128,20000,0.1,0.9,0.0005,cuda,False,False,9,71,1327,
curriculum_hard,1,results_v3_lr0p1,results_v3_lr0p1,small_cnn,sgd,10,128,20000,0.1,0.9,0.0005,cuda,False,False,9,72,1328,
curriculum_hard,1,results_v3_lr0p1,results_v3_lr0p1,small_cnn,sgd,10,128,20000,0.1,0.9,0.0005,cuda,False,False,9,73,1329,
curriculum_hard,1,results_v3_lr0p1,results_v3_lr0p1,small_cnn,sgd,10,128,20000,0.1,0.9,0.0005,cuda,False,False,9,74,1330,
curriculum_hard,1,results_v3_lr0p1,results_v3_lr0p1,small_cnn,sgd,10,128,20000,0.1,0.9,0.0005,cuda,False,False,9,75,1331,
curriculum_hard,1,results_v3_lr0p1,results_v3_lr0p1,small_cnn,sgd,10,128,20000,0.1,0.9,0.0005,cuda,False,False,9,76,1332,
curriculum_hard,1,results_v3_lr0p1,results_v3_lr0p1,small_cnn,sgd,10,128,20000,0.1,0.9,0.0005,cuda,False,False,9,77,1333,
curriculum_hard,1,results_v3_lr0p1,results_v3_lr0p1,small_cnn,sgd,10,128,20000,0.1,0.9,0.0005,cuda,False,False,9,78,1334,
curriculum_hard,1,results_v3_lr0p1,results_v3_lr0p1,small_cnn,sgd,10,128,20000,0.1,0.9,0.0005,cuda,False,False,9,79,1335,
curriculum_hard,1,results_v3_lr0p1,results_v3_lr0p1,small_cnn,sgd,10,128,20000,0.1,0.9,0.0005,cuda,False,False,9,80,1336,
curriculum_hard,1,results_v3_lr0p1,results_v3_lr0p1,small_cnn,sgd,10,128,20000,0.1,0.9,0.0005,cuda,False,False,9,81,1337,
curriculum_hard,1,results_v3_lr0p1,results_v3_lr0p1,small_cnn,sgd,10,128,20000,0.1,0.9,0.0005,cuda,False,False,9,82,1338,
curriculum_hard,1,results_v3_lr0p1,results_v3_lr0p1,small_cnn,sgd,10,128,20000,0.1,0.9,0.0005,cuda,False,False,9,83,1339,
curriculum_hard,1,results_v3_lr0p1,results_v3_lr0p1,small_cnn,sgd,10,128,20000,0.1,0.9,0.0005,cuda,False,False,9,84,1340,
curriculum_hard,1,results_v3_lr0p1,results_v3_lr0p1,small_cnn,sgd,10,128,20000,0.1,0.9,0.0005,cuda,False,False,9,85,1341,
curriculum_hard,1,results_v3_lr0p1,results_v3_lr0p1,small_cnn,sgd,10,128,20000,0.1,0.9,0.0005,cuda,False,False,9,86,1342,
curriculum_hard,1,results_v3_lr0p1,results_v3_lr0p1,small_cnn,sgd,10,128,20000,0.1,0.9,0.0005,cuda,False,False,9,87,1343,
curriculum_hard,1,results_v3_lr0p1,results_v3_lr0p1,small_cnn,sgd,10,128,20000,0.1,0.9,0.0005,cuda,False,False,9,88,1344,
curriculum_hard,1,results_v3_lr0p1,results_v3_lr0p1,small_cnn,sgd,10,128,20000,0.1,0.9,0.0005,cuda,False,False,9,89,1345,
curriculum_hard,1,results_v3_lr0p1,results_v3_lr0p1,small_cnn,sgd,10,128,20000,0.1,0.9,0.0005,cuda,False,False,9,90,1346,
curriculum_hard,1,results_v3_lr0p1,results_v3_lr0p1,small_cnn,sgd,10,128,20000,0.1,0.9,0.0005,cuda,False,False,9,91,1347,
curriculum_hard,1,results_v3_lr0p1,results_v3_lr0p1,small_cnn,sgd,10,128,20000,0.1,0.9,0.0005,cuda,False,False,9,92,1348,
curriculum_hard,1,results_v3_lr0p1,results_v3_lr0p1,small_cnn,sgd,10,128,20000,0.1,0.9,0.0005,cuda,False,False,9,93,1349,
curriculum_hard,1,results_v3_lr0p1,results_v3_lr0p1,small_cnn,sgd,10,128,20000,0.1,0.9,0.0005,cuda,False,False,9,94,1350,
curriculum_hard,1,results_v3_lr0p1,results_v3_lr0p1,small_cnn,sgd,10,128,20000,0.1,0.9,0.0005,cuda,False,False,9,95,1351,
curriculum_hard,1,results_v3_lr0p1,results_v3_lr0p1,small_cnn,sgd,10,128,20000,0.1,0.9,0.0005,cuda,False,False,9,96,1352,
curriculum_hard,1,results_v3_lr0p1,results_v3_lr0p1,small_cnn,sgd,10,128,20000,0.1,0.9,0.0005,cuda,False,False,9,97,1353,
curriculum_hard,1,results_v3_lr0p1,results_v3_lr0p1,small_cnn,sgd,10,128,20000,0.1,0.9,0.0005,cuda,False,False,9,98,1354,
curriculum_hard,1,results_v3_lr0p1,results_v3_lr0p1,small_cnn,sgd,10,128,20000,0.1,0.9,0.0005,cuda,False,False,9,99,1355,
curriculum_hard,1,results_v3_lr0p1,results_v3_lr0p1,small_cnn,sgd,10,128,20000,0.1,0.9,0.0005,cuda,False,False,9,100,1356,
curriculum_hard,1,results_v3_lr0p1,results_v3_lr0p1,small_cnn,sgd,10,128,20000,0.1,0.9,0.0005,cuda,False,False,9,101,1357,
curriculum_hard,1,results_v3_lr0p1,results_v3_lr0p1,small_cnn,sgd,10,128,20000,0.1,0.9,0.0005,cuda,False,False,9,102,1358,
curriculum_hard,1,results_v3_lr0p1,results_v3_lr0p1,small_cnn,sgd,10,128,20000,0.1,0.9,0.0005,cuda,False,False,9,103,1359,
curriculum_hard,1,results_v3_lr0p1,results_v3_lr0p1,small_cnn,sgd,10,128,20000,0.1,0.9,0.0005,cuda,False,False,9,104,1360,
curriculum_hard,1,results_v3_lr0p1,results_v3_lr0p1,small_cnn,sgd,10,128,20000,0.1,0.9,0.0005,cuda,False,False,9,105,1361,
curriculum_hard,1,results_v3_lr0p1,results_v3_lr0p1,small_cnn,sgd,10,128,20000,0.1,0.9,0.0005,cuda,False,False,9,106,1362,
curriculum_hard,1,results_v3_lr0p1,results_v3_lr0p1,small_cnn,sgd,10,128,20000,0.1,0.9,0.0005,cuda,False,False,9,107,1363,
curriculum_hard,1,results_v3_lr0p1,results_v3_lr0p1,small_cnn,sgd,10,128,20000,0.1,0.9,0.0005,cuda,False,False,9,108,1364,
curriculum_hard,1,results_v3_lr0p1,results_v3_lr0p1,small_cnn,sgd,10,128,20000,0.1,0.9,0.0005,cuda,False,False,9,109,1365,
curriculum_hard,1,results_v3_lr0p1,results_v3_lr0p1,small_cnn,sgd,10,128,20000,0.1,0.9,0.0005,cuda,False,False,9,110,1366,
curriculum_hard,1,results_v3_lr0p1,results_v3_lr0p1,small_cnn,sgd,10,128,20000,0.1,0.9,0.0005,cuda,False,False,9,111,1367,
curriculum_hard,1,results_v3_lr0p1,results_v3_lr0p1,small_cnn,sgd,10,128,20000,0.1,0.9,0.0005,cuda,False,False,9,112,1368,
curriculum_hard,1,results_v3_lr0p1,results_v3_lr0p1,small_cnn,sgd,10,128,20000,0.1,0.9,0.0005,cuda,False,False,9,113,1369,
curriculum_hard,1,results_v3_lr0p1,results_v3_lr0p1,small_cnn,sgd,10,128,20000,0.1,0.9,0.0005,cuda,False,False,9,114,1370,
curriculum_hard,1,results_v3_lr0p1,results_v3_lr0p1,small_cnn,sgd,10,128,20000,0.1,0.9,0.0005,cuda,False,False,9,115,1371,
curriculum_hard,1,results_v3_lr0p1,results_v3_lr0p1,small_cnn,sgd,10,128,20000,0.1,0.9,0.0005,cuda,False,False,9,116,1372,
curriculum_hard,1,results_v3_lr0p1,results_v3_lr0p1,small_cnn,sgd,10,128,20000,0.1,0.9,0.0005,cuda,False,False,9,117,1373,
curriculum_hard,1,results_v3_lr0p1,results_v3_lr0p1,small_cnn,sgd,10,128,20000,0.1,0.9,0.0005,cuda,False,False,9,118,1374,
curriculum_hard,1,results_v3_lr0p1,results_v3_lr0p1,small_cnn,sgd,10,128,20000,0.1,0.9,0.0005,cuda,False,False,9,119,1375,
curriculum_hard,1,results_v3_lr0p1,results_v3_lr0p1,small_cnn,sgd,10,128,20000,0.1,0.9,0.0005,cuda,False,False,9,120,1376,
curriculum_hard,1,results_v3_lr0p1,results_v3_lr0p1,small_cnn,sgd,10,128,20000,0.1,0.9,0.0005,cuda,False,False,9,121,1377,
curriculum_hard,1,results_v3_lr0p1,results_v3_lr0p1,small_cnn,sgd,10,128,20000,0.1,0.9,0.0005,cuda,False,False,9,122,1378,
curriculum_hard,1,results_v3_lr0p1,results_v3_lr0p1,small_cnn,sgd,10,128,20000,0.1,0.9,0.0005,cuda,False,False,9,123,1379,
curriculum_hard,1,results_v3_lr0p1,results_v3_lr0p1,small_cnn,sgd,10,128,20000,0.1,0.9,0.0005,cuda,False,False,9,124,1380,
curriculum_hard,1,results_v3_lr0p1,results_v3_lr0p1,small_cnn,sgd,10,128,20000,0.1,0.9,0.0005,cuda,False,False,9,125,1381,
curriculum_hard,1,results_v3_lr0p1,results_v3_lr0p1,small_cnn,sgd,10,128,20000,0.1,0.9,0.0005,cuda,False,False,9,126,1382,
curriculum_hard,1,results_v3_lr0p1,results_v3_lr0p1,small_cnn,sgd,10,128,20000,0.1,0.9,0.0005,cuda,False,False,9,127,1383,
curriculum_hard,1,results_v3_lr0p1,results_v3_lr0p1,small_cnn,sgd,10,128,20000,0.1,0.9,0.0005,cuda,False,False,9,128,1384,
curriculum_hard,1,results_v3_lr0p1,results_v3_lr0p1,small_cnn,sgd,10,128,20000,0.1,0.9,0.0005,cuda,False,False,9,129,1385,
curriculum_hard,1,results_v3_lr0p1,results_v3_lr0p1,small_cnn,sgd,10,128,20000,0.1,0.9,0.0005,cuda,False,False,9,130,1386,
curriculum_hard,1,results_v3_lr0p1,results_v3_lr0p1,small_cnn,sgd,10,128,20000,0.1,0.9,0.0005,cuda,False,False,9,131,1387,
curriculum_hard,1,results_v3_lr0p1,results_v3_lr0p1,small_cnn,sgd,10,128,20000,0.1,0.9,0.0005,cuda,False,False,9,132,1388,
curriculum_hard,1,results_v3_lr0p1,results_v3_lr0p1,small_cnn,sgd,10,128,20000,0.1,0.9,0.0005,cuda,False,False,9,133,1389,
curriculum_hard,1,results_v3_lr0p1,results_v3_lr0p1,small_cnn,sgd,10,128,20000,0.1,0.9,0.0005,cuda,False,False,9,134,1390,
curriculum_hard,1,results_v3_lr0p1,results_v3_lr0p1,small_cnn,sgd,10,128,20000,0.1,0.9,0.0005,cuda,False,False,9,135,1391,
curriculum_hard,1,results_v3_lr0p1,results_v3_lr0p1,small_cnn,sgd,10,128,20000,0.1,0.9,0.0005,cuda,False,False,9,136,1392,
curriculum_hard,1,results_v3_lr0p1,results_v3_lr0p1,small_cnn,sgd,10,128,20000,0.1,0.9,0.0005,cuda,False,False,9,137,1393,
curriculum_hard,1,results_v3_lr0p1,results_v3_lr0p1,small_cnn,sgd,10,128,20000,0.1,0.9,0.0005,cuda,False,False,9,138,1394,
curriculum_hard,1,results_v3_lr0p1,results_v3_lr0p1,small_cnn,sgd,10,128,20000,0.1,0.9,0.0005,cuda,False,False,9,139,1395,
curriculum_hard,1,results_v3_lr0p1,results_v3_lr0p1,small_cnn,sgd,10,128,20000,0.1,0.9,0.0005,cuda,False,False,9,140,1396,
curriculum_hard,1,results_v3_lr0p1,results_v3_lr0p1,small_cnn,sgd,10,128,20000,0.1,0.9,0.0005,cuda,False,False,9,141,1397,
curriculum_hard,1,results_v3_lr0p1,results_v3_lr0p1,small_cnn,sgd,10,128,20000,0.1,0.9,0.0005,cuda,False,False,9,142,1398,
curriculum_hard,1,results_v3_lr0p1,results_v3_lr0p1,small_cnn,sgd,10,128,20000,0.1,0.9,0.0005,cuda,False,False,9,143,1399,
curriculum_hard,1,results_v3_lr0p1,results_v3_lr0p1,small_cnn,sgd,10,128,20000,0.1,0.9,0.0005,cuda,False,False,9,144,1400,
curriculum_hard,1,results_v3_lr0p1,results_v3_lr0p1,small_cnn,sgd,10,128,20000,0.1,0.9,0.0005,cuda,False,False,9,145,1401,
curriculum_hard,1,results_v3_lr0p1,results_v3_lr0p1,small_cnn,sgd,10,128,20000,0.1,0.9,0.0005,cuda,False,False,9,146,1402,
curriculum_hard,1,results_v3_lr0p1,results_v3_lr0p1,small_cnn,sgd,10,128,20000,0.1,0.9,0.0005,cuda,False,False,9,147,1403,
curriculum_hard,1,results_v3_lr0p1,results_v3_lr0p1,small_cnn,sgd,10,128,20000,0.1,0.9,0.0005,cuda,False,False,9,148,1404,
curriculum_hard,1,results_v3_lr0p1,results_v3_lr0p1,small_cnn,sgd,10,128,20000,0.1,0.9,0.0005,cuda,False,False,9,149,1405,
curriculum_hard,1,results_v3_lr0p1,results_v3_lr0p1,small_cnn,sgd,10,128,20000,0.1,0.9,0.0005,cuda,False,False,9,150,1406,
curriculum_hard,1,results_v3_lr0p1,results_v3_lr0p1,small_cnn,sgd,10,128,20000,0.1,0.9,0.0005,cuda,False,False,9,151,1407,
curriculum_hard,1,results_v3_lr0p1,results_v3_lr0p1,small_cnn,sgd,10,128,20000,0.1,0.9,0.0005,cuda,False,False,9,152,1408,
curriculum_hard,1,results_v3_lr0p1,results_v3_lr0p1,small_cnn,sgd,10,128,20000,0.1,0.9,0.0005,cuda,False,False,9,153,1409,
curriculum_hard,1,results_v3_lr0p1,results_v3_lr0p1,small_cnn,sgd,10,128,20000,0.1,0.9,0.0005,cuda,False,False,9,154,1410,
curriculum_hard,1,results_v3_lr0p1,results_v3_lr0p1,small_cnn,sgd,10,128,20000,0.1,0.9,0.0005,cuda,False,False,9,155,1411,
curriculum_hard,1,results_v3_lr0p1,results_v3_lr0p1,small_cnn,sgd,10,128,20000,0.1,0.9,0.0005,cuda,False,False,9,156,1412,
curriculum_hard,1,results_v3_lr0p1,results_v3_lr0p1,small_cnn,sgd,10,128,20000,0.1,0.9,0.0005,cuda,False,False,9,157,1413,
curriculum_hard,1,results_v3_lr0p1,results_v3_lr0p1,small_cnn,sgd,10,128,20000,0.1,0.9,0.0005,cuda,False,False,10,1,1414,
curriculum_hard,1,results_v3_lr0p1,results_v3_lr0p1,small_cnn,sgd,10,128,20000,0.1,0.9,0.0005,cuda,False,False,10,2,1415,
curriculum_hard,1,results_v3_lr0p1,results_v3_lr0p1,small_cnn,sgd,10,128,20000,0.1,0.9,0.0005,cuda,False,False,10,3,1416,
curriculum_hard,1,results_v3_lr0p1,results_v3_lr0p1,small_cnn,sgd,10,128,20000,0.1,0.9,0.0005,cuda,False,False,10,4,1417,
curriculum_hard,1,results_v3_lr0p1,results_v3_lr0p1,small_cnn,sgd,10,128,20000,0.1,0.9,0.0005,cuda,False,False,10,5,1418,
curriculum_hard,1,results_v3_lr0p1,results_v3_lr0p1,small_cnn,sgd,10,128,20000,0.1,0.9,0.0005,cuda,False,False,10,6,1419,
curriculum_hard,1,results_v3_lr0p1,results_v3_lr0p1,small_cnn,sgd,10,128,20000,0.1,0.9,0.0005,cuda,False,False,10,7,1420,
curriculum_hard,1,results_v3_lr0p1,results_v3_lr0p1,small_cnn,sgd,10,128,20000,0.1,0.9,0.0005,cuda,False,False,10,8,1421,
curriculum_hard,1,results_v3_lr0p1,results_v3_lr0p1,small_cnn,sgd,10,128,20000,0.1,0.9,0.0005,cuda,False,False,10,9,1422,
curriculum_hard,1,results_v3_lr0p1,results_v3_lr0p1,small_cnn,sgd,10,128,20000,0.1,0.9,0.0005,cuda,False,False,10,10,1423,
curriculum_hard,1,results_v3_lr0p1,results_v3_lr0p1,small_cnn,sgd,10,128,20000,0.1,0.9,0.0005,cuda,False,False,10,11,1424,
curriculum_hard,1,results_v3_lr0p1,results_v3_lr0p1,small_cnn,sgd,10,128,20000,0.1,0.9,0.0005,cuda,False,False,10,12,1425,
curriculum_hard,1,results_v3_lr0p1,results_v3_lr0p1,small_cnn,sgd,10,128,20000,0.1,0.9,0.0005,cuda,False,False,10,13,1426,
curriculum_hard,1,results_v3_lr0p1,results_v3_lr0p1,small_cnn,sgd,10,128,20000,0.1,0.9,0.0005,cuda,False,False,10,14,1427,
curriculum_hard,1,results_v3_lr0p1,results_v3_lr0p1,small_cnn,sgd,10,128,20000,0.1,0.9,0.0005,cuda,False,False,10,15,1428,
curriculum_hard,1,results_v3_lr0p1,results_v3_lr0p1,small_cnn,sgd,10,128,20000,0.1,0.9,0.0005,cuda,False,False,10,16,1429,
curriculum_hard,1,results_v3_lr0p1,results_v3_lr0p1,small_cnn,sgd,10,128,20000,0.1,0.9,0.0005,cuda,False,False,10,17,1430,
curriculum_hard,1,results_v3_lr0p1,results_v3_lr0p1,small_cnn,sgd,10,128,20000,0.1,0.9,0.0005,cuda,False,False,10,18,1431,
curriculum_hard,1,results_v3_lr0p1,results_v3_lr0p1,small_cnn,sgd,10,128,20000,0.1,0.9,0.0005,cuda,False,False,10,19,1432,
curriculum_hard,1,results_v3_lr0p1,results_v3_lr0p1,small_cnn,sgd,10,128,20000,0.1,0.9,0.0005,cuda,False,False,10,20,1433,
curriculum_hard,1,results_v3_lr0p1,results_v3_lr0p1,small_cnn,sgd,10,128,20000,0.1,0.9,0.0005,cuda,False,False,10,21,1434,
curriculum_hard,1,results_v3_lr0p1,results_v3_lr0p1,small_cnn,sgd,10,128,20000,0.1,0.9,0.0005,cuda,False,False,10,22,1435,
curriculum_hard,1,results_v3_lr0p1,results_v3_lr0p1,small_cnn,sgd,10,128,20000,0.1,0.9,0.0005,cuda,False,False,10,23,1436,
curriculum_hard,1,results_v3_lr0p1,results_v3_lr0p1,small_cnn,sgd,10,128,20000,0.1,0.9,0.0005,cuda,False,False,10,24,1437,
curriculum_hard,1,results_v3_lr0p1,results_v3_lr0p1,small_cnn,sgd,10,128,20000,0.1,0.9,0.0005,cuda,False,False,10,25,1438,
curriculum_hard,1,results_v3_lr0p1,results_v3_lr0p1,small_cnn,sgd,10,128,20000,0.1,0.9,0.0005,cuda,False,False,10,26,1439,
curriculum_hard,1,results_v3_lr0p1,results_v3_lr0p1,small_cnn,sgd,10,128,20000,0.1,0.9,0.0005,cuda,False,False,10,27,1440,
curriculum_hard,1,results_v3_lr0p1,results_v3_lr0p1,small_cnn,sgd,10,128,20000,0.1,0.9,0.0005,cuda,False,False,10,28,1441,
curriculum_hard,1,results_v3_lr0p1,results_v3_lr0p1,small_cnn,sgd,10,128,20000,0.1,0.9,0.0005,cuda,False,False,10,29,1442,
curriculum_hard,1,results_v3_lr0p1,results_v3_lr0p1,small_cnn,sgd,10,128,20000,0.1,0.9,0.0005,cuda,False,False,10,30,1443,
curriculum_hard,1,results_v3_lr0p1,results_v3_lr0p1,small_cnn,sgd,10,128,20000,0.1,0.9,0.0005,cuda,False,False,10,31,1444,
curriculum_hard,1,results_v3_lr0p1,results_v3_lr0p1,small_cnn,sgd,10,128,20000,0.1,0.9,0.0005,cuda,False,False,10,32,1445,
curriculum_hard,1,results_v3_lr0p1,results_v3_lr0p1,small_cnn,sgd,10,128,20000,0.1,0.9,0.0005,cuda,False,False,10,33,1446,
curriculum_hard,1,results_v3_lr0p1,results_v3_lr0p1,small_cnn,sgd,10,128,20000,0.1,0.9,0.0005,cuda,False,False,10,34,1447,
curriculum_hard,1,results_v3_lr0p1,results_v3_lr0p1,small_cnn,sgd,10,128,20000,0.1,0.9,0.0005,cuda,False,False,10,35,1448,
curriculum_hard,1,results_v3_lr0p1,results_v3_lr0p1,small_cnn,sgd,10,128,20000,0.1,0.9,0.0005,cuda,False,False,10,36,1449,
curriculum_hard,1,results_v3_lr0p1,results_v3_lr0p1,small_cnn,sgd,10,128,20000,0.1,0.9,0.0005,cuda,False,False,10,37,1450,
curriculum_hard,1,results_v3_lr0p1,results_v3_lr0p1,small_cnn,sgd,10,128,20000,0.1,0.9,0.0005,cuda,False,False,10,38,1451,
curriculum_hard,1,results_v3_lr0p1,results_v3_lr0p1,small_cnn,sgd,10,128,20000,0.1,0.9,0.0005,cuda,False,False,10,39,1452,
curriculum_hard,1,results_v3_lr0p1,results_v3_lr0p1,small_cnn,sgd,10,128,20000,0.1,0.9,0.0005,cuda,False,False,10,40,1453,
curriculum_hard,1,results_v3_lr0p1,results_v3_lr0p1,small_cnn,sgd,10,128,20000,0.1,0.9,0.0005,cuda,False,False,10,41,1454,
curriculum_hard,1,results_v3_lr0p1,results_v3_lr0p1,small_cnn,sgd,10,128,20000,0.1,0.9,0.0005,cuda,False,False,10,42,1455,
curriculum_hard,1,results_v3_lr0p1,results_v3_lr0p1,small_cnn,sgd,10,128,20000,0.1,0.9,0.0005,cuda,False,False,10,43,1456,
curriculum_hard,1,results_v3_lr0p1,results_v3_lr0p1,small_cnn,sgd,10,128,20000,0.1,0.9,0.0005,cuda,False,False,10,44,1457,
curriculum_hard,1,results_v3_lr0p1,results_v3_lr0p1,small_cnn,sgd,10,128,20000,0.1,0.9,0.0005,cuda,False,False,10,45,1458,
curriculum_hard,1,results_v3_lr0p1,results_v3_lr0p1,small_cnn,sgd,10,128,20000,0.1,0.9,0.0005,cuda,False,False,10,46,1459,
curriculum_hard,1,results_v3_lr0p1,results_v3_lr0p1,small_cnn,sgd,10,128,20000,0.1,0.9,0.0005,cuda,False,False,10,47,1460,
curriculum_hard,1,results_v3_lr0p1,results_v3_lr0p1,small_cnn,sgd,10,128,20000,0.1,0.9,0.0005,cuda,False,False,10,48,1461,
curriculum_hard,1,results_v3_lr0p1,results_v3_lr0p1,small_cnn,sgd,10,128,20000,0.1,0.9,0.0005,cuda,False,False,10,49,1462,
curriculum_hard,1,results_v3_lr0p1,results_v3_lr0p1,small_cnn,sgd,10,128,20000,0.1,0.9,0.0005,cuda,False,False,10,50,1463,
curriculum_hard,1,results_v3_lr0p1,results_v3_lr0p1,small_cnn,sgd,10,128,20000,0.1,0.9,0.0005,cuda,False,False,10,51,1464,
curriculum_hard,1,results_v3_lr0p1,results_v3_lr0p1,small_cnn,sgd,10,128,20000,0.1,0.9,0.0005,cuda,False,False,10,52,1465,
curriculum_hard,1,results_v3_lr0p1,results_v3_lr0p1,small_cnn,sgd,10,128,20000,0.1,0.9,0.0005,cuda,False,False,10,53,1466,
curriculum_hard,1,results_v3_lr0p1,results_v3_lr0p1,small_cnn,sgd,10,128,20000,0.1,0.9,0.0005,cuda,False,False,10,54,1467,
curriculum_hard,1,results_v3_lr0p1,results_v3_lr0p1,small_cnn,sgd,10,128,20000,0.1,0.9,0.0005,cuda,False,False,10,55,1468,
curriculum_hard,1,results_v3_lr0p1,results_v3_lr0p1,small_cnn,sgd,10,128,20000,0.1,0.9,0.0005,cuda,False,False,10,56,1469,
curriculum_hard,1,results_v3_lr0p1,results_v3_lr0p1,small_cnn,sgd,10,128,20000,0.1,0.9,0.0005,cuda,False,False,10,57,1470,
curriculum_hard,1,results_v3_lr0p1,results_v3_lr0p1,small_cnn,sgd,10,128,20000,0.1,0.9,0.0005,cuda,False,False,10,58,1471,
curriculum_hard,1,results_v3_lr0p1,results_v3_lr0p1,small_cnn,sgd,10,128,20000,0.1,0.9,0.0005,cuda,False,False,10,59,1472,
curriculum_hard,1,results_v3_lr0p1,results_v3_lr0p1,small_cnn,sgd,10,128,20000,0.1,0.9,0.0005,cuda,False,False,10,60,1473,
curriculum_hard,1,results_v3_lr0p1,results_v3_lr0p1,small_cnn,sgd,10,128,20000,0.1,0.9,0.0005,cuda,False,False,10,61,1474,
curriculum_hard,1,results_v3_lr0p1,results_v3_lr0p1,small_cnn,sgd,10,128,20000,0.1,0.9,0.0005,cuda,False,False,10,62,1475,
curriculum_hard,1,results_v3_lr0p1,results_v3_lr0p1,small_cnn,sgd,10,128,20000,0.1,0.9,0.0005,cuda,False,False,10,63,1476,
curriculum_hard,1,results_v3_lr0p1,results_v3_lr0p1,small_cnn,sgd,10,128,20000,0.1,0.9,0.0005,cuda,False,False,10,64,1477,
curriculum_hard,1,results_v3_lr0p1,results_v3_lr0p1,small_cnn,sgd,10,128,20000,0.1,0.9,0.0005,cuda,False,False,10,65,1478,
curriculum_hard,1,results_v3_lr0p1,results_v3_lr0p1,small_cnn,sgd,10,128,20000,0.1,0.9,0.0005,cuda,False,False,10,66,1479,
curriculum_hard,1,results_v3_lr0p1,results_v3_lr0p1,small_cnn,sgd,10,128,20000,0.1,0.9,0.0005,cuda,False,False,10,67,1480,
curriculum_hard,1,results_v3_lr0p1,results_v3_lr0p1,small_cnn,sgd,10,128,20000,0.1,0.9,0.0005,cuda,False,False,10,68,1481,
curriculum_hard,1,results_v3_lr0p1,results_v3_lr0p1,small_cnn,sgd,10,128,20000,0.1,0.9,0.0005,cuda,False,False,10,69,1482,
curriculum_hard,1,results_v3_lr0p1,results_v3_lr0p1,small_cnn,sgd,10,128,20000,0.1,0.9,0.0005,cuda,False,False,10,70,1483,
curriculum_hard,1,results_v3_lr0p1,results_v3_lr0p1,small_cnn,sgd,10,128,20000,0.1,0.9,0.0005,cuda,False,False,10,71,1484,
curriculum_hard,1,results_v3_lr0p1,results_v3_lr0p1,small_cnn,sgd,10,128,20000,0.1,0.9,0.0005,cuda,False,False,10,72,1485,
curriculum_hard,1,results_v3_lr0p1,results_v3_lr0p1,small_cnn,sgd,10,128,20000,0.1,0.9,0.0005,cuda,False,False,10,73,1486,
curriculum_hard,1,results_v3_lr0p1,results_v3_lr0p1,small_cnn,sgd,10,128,20000,0.1,0.9,0.0005,cuda,False,False,10,74,1487,
curriculum_hard,1,results_v3_lr0p1,results_v3_lr0p1,small_cnn,sgd,10,128,20000,0.1,0.9,0.0005,cuda,False,False,10,75,1488,
curriculum_hard,1,results_v3_lr0p1,results_v3_lr0p1,small_cnn,sgd,10,128,20000,0.1,0.9,0.0005,cuda,False,False,10,76,1489,
curriculum_hard,1,results_v3_lr0p1,results_v3_lr0p1,small_cnn,sgd,10,128,20000,0.1,0.9,0.0005,cuda,False,False,10,77,1490,
curriculum_hard,1,results_v3_lr0p1,results_v3_lr0p1,small_cnn,sgd,10,128,20000,0.1,0.9,0.0005,cuda,False,False,10,78,1491,
curriculum_hard,1,results_v3_lr0p1,results_v3_lr0p1,small_cnn,sgd,10,128,20000,0.1,0.9,0.0005,cuda,False,False,10,79,1492,
curriculum_hard,1,results_v3_lr0p1,results_v3_lr0p1,small_cnn,sgd,10,128,20000,0.1,0.9,0.0005,cuda,False,False,10,80,1493,
curriculum_hard,1,results_v3_lr0p1,results_v3_lr0p1,small_cnn,sgd,10,128,20000,0.1,0.9,0.0005,cuda,False,False,10,81,1494,
curriculum_hard,1,results_v3_lr0p1,results_v3_lr0p1,small_cnn,sgd,10,128,20000,0.1,0.9,0.0005,cuda,False,False,10,82,1495,
curriculum_hard,1,results_v3_lr0p1,results_v3_lr0p1,small_cnn,sgd,10,128,20000,0.1,0.9,0.0005,cuda,False,False,10,83,1496,
curriculum_hard,1,results_v3_lr0p1,results_v3_lr0p1,small_cnn,sgd,10,128,20000,0.1,0.9,0.0005,cuda,False,False,10,84,1497,
curriculum_hard,1,results_v3_lr0p1,results_v3_lr0p1,small_cnn,sgd,10,128,20000,0.1,0.9,0.0005,cuda,False,False,10,85,1498,
curriculum_hard,1,results_v3_lr0p1,results_v3_lr0p1,small_cnn,sgd,10,128,20000,0.1,0.9,0.0005,cuda,False,False,10,86,1499,
curriculum_hard,1,results_v3_lr0p1,results_v3_lr0p1,small_cnn,sgd,10,128,20000,0.1,0.9,0.0005,cuda,False,False,10,87,1500,
curriculum_hard,1,results_v3_lr0p1,results_v3_lr0p1,small_cnn,sgd,10,128,20000,0.1,0.9,0.0005,cuda,False,False,10,88,1501,
curriculum_hard,1,results_v3_lr0p1,results_v3_lr0p1,small_cnn,sgd,10,128,20000,0.1,0.9,0.0005,cuda,False,False,10,89,1502,
curriculum_hard,1,results_v3_lr0p1,results_v3_lr0p1,small_cnn,sgd,10,128,20000,0.1,0.9,0.0005,cuda,False,False,10,90,1503,
curriculum_hard,1,results_v3_lr0p1,results_v3_lr0p1,small_cnn,sgd,10,128,20000,0.1,0.9,0.0005,cuda,False,False,10,91,1504,
curriculum_hard,1,results_v3_lr0p1,results_v3_lr0p1,small_cnn,sgd,10,128,20000,0.1,0.9,0.0005,cuda,False,False,10,92,1505,
curriculum_hard,1,results_v3_lr0p1,results_v3_lr0p1,small_cnn,sgd,10,128,20000,0.1,0.9,0.0005,cuda,False,False,10,93,1506,
curriculum_hard,1,results_v3_lr0p1,results_v3_lr0p1,small_cnn,sgd,10,128,20000,0.1,0.9,0.0005,cuda,False,False,10,94,1507,
curriculum_hard,1,results_v3_lr0p1,results_v3_lr0p1,small_cnn,sgd,10,128,20000,0.1,0.9,0.0005,cuda,False,False,10,95,1508,
curriculum_hard,1,results_v3_lr0p1,results_v3_lr0p1,small_cnn,sgd,10,128,20000,0.1,0.9,0.0005,cuda,False,False,10,96,1509,
curriculum_hard,1,results_v3_lr0p1,results_v3_lr0p1,small_cnn,sgd,10,128,20000,0.1,0.9,0.0005,cuda,False,False,10,97,1510,
curriculum_hard,1,results_v3_lr0p1,results_v3_lr0p1,small_cnn,sgd,10,128,20000,0.1,0.9,0.0005,cuda,False,False,10,98,1511,
curriculum_hard,1,results_v3_lr0p1,results_v3_lr0p1,small_cnn,sgd,10,128,20000,0.1,0.9,0.0005,cuda,False,False,10,99,1512,
curriculum_hard,1,results_v3_lr0p1,results_v3_lr0p1,small_cnn,sgd,10,128,20000,0.1,0.9,0.0005,cuda,False,False,10,100,1513,
curriculum_hard,1,results_v3_lr0p1,results_v3_lr0p1,small_cnn,sgd,10,128,20000,0.1,0.9,0.0005,cuda,False,False,10,101,1514,
curriculum_hard,1,results_v3_lr0p1,results_v3_lr0p1,small_cnn,sgd,10,128,20000,0.1,0.9,0.0005,cuda,False,False,10,102,1515,
curriculum_hard,1,results_v3_lr0p1,results_v3_lr0p1,small_cnn,sgd,10,128,20000,0.1,0.9,0.0005,cuda,False,False,10,103,1516,
curriculum_hard,1,results_v3_lr0p1,results_v3_lr0p1,small_cnn,sgd,10,128,20000,0.1,0.9,0.0005,cuda,False,False,10,104,1517,
curriculum_hard,1,results_v3_lr0p1,results_v3_lr0p1,small_cnn,sgd,10,128,20000,0.1,0.9,0.0005,cuda,False,False,10,105,1518,
curriculum_hard,1,results_v3_lr0p1,results_v3_lr0p1,small_cnn,sgd,10,128,20000,0.1,0.9,0.0005,cuda,False,False,10,106,1519,
curriculum_hard,1,results_v3_lr0p1,results_v3_lr0p1,small_cnn,sgd,10,128,20000,0.1,0.9,0.0005,cuda,False,False,10,107,1520,
curriculum_hard,1,results_v3_lr0p1,results_v3_lr0p1,small_cnn,sgd,10,128,20000,0.1,0.9,0.0005,cuda,False,False,10,108,1521,
curriculum_hard,1,results_v3_lr0p1,results_v3_lr0p1,small_cnn,sgd,10,128,20000,0.1,0.9,0.0005,cuda,False,False,10,109,1522,
curriculum_hard,1,results_v3_lr0p1,results_v3_lr0p1,small_cnn,sgd,10,128,20000,0.1,0.9,0.0005,cuda,False,False,10,110,1523,
curriculum_hard,1,results_v3_lr0p1,results_v3_lr0p1,small_cnn,sgd,10,128,20000,0.1,0.9,0.0005,cuda,False,False,10,111,1524,
curriculum_hard,1,results_v3_lr0p1,results_v3_lr0p1,small_cnn,sgd,10,128,20000,0.1,0.9,0.0005,cuda,False,False,10,112,1525,
curriculum_hard,1,results_v3_lr0p1,results_v3_lr0p1,small_cnn,sgd,10,128,20000,0.1,0.9,0.0005,cuda,False,False,10,113,1526,
curriculum_hard,1,results_v3_lr0p1,results_v3_lr0p1,small_cnn,sgd,10,128,20000,0.1,0.9,0.0005,cuda,False,False,10,114,1527,
curriculum_hard,1,results_v3_lr0p1,results_v3_lr0p1,small_cnn,sgd,10,128,20000,0.1,0.9,0.0005,cuda,False,False,10,115,1528,
curriculum_hard,1,results_v3_lr0p1,results_v3_lr0p1,small_cnn,sgd,10,128,20000,0.1,0.9,0.0005,cuda,False,False,10,116,1529,
curriculum_hard,1,results_v3_lr0p1,results_v3_lr0p1,small_cnn,sgd,10,128,20000,0.1,0.9,0.0005,cuda,False,False,10,117,1530,
curriculum_hard,1,results_v3_lr0p1,results_v3_lr0p1,small_cnn,sgd,10,128,20000,0.1,0.9,0.0005,cuda,False,False,10,118,1531,
curriculum_hard,1,results_v3_lr0p1,results_v3_lr0p1,small_cnn,sgd,10,128,20000,0.1,0.9,0.0005,cuda,False,False,10,119,1532,
curriculum_hard,1,results_v3_lr0p1,results_v3_lr0p1,small_cnn,sgd,10,128,20000,0.1,0.9,0.0005,cuda,False,False,10,120,1533,
curriculum_hard,1,results_v3_lr0p1,results_v3_lr0p1,small_cnn,sgd,10,128,20000,0.1,0.9,0.0005,cuda,False,False,10,121,1534,
curriculum_hard,1,results_v3_lr0p1,results_v3_lr0p1,small_cnn,sgd,10,128,20000,0.1,0.9,0.0005,cuda,False,False,10,122,1535,
curriculum_hard,1,results_v3_lr0p1,results_v3_lr0p1,small_cnn,sgd,10,128,20000,0.1,0.9,0.0005,cuda,False,False,10,123,1536,
curriculum_hard,1,results_v3_lr0p1,results_v3_lr0p1,small_cnn,sgd,10,128,20000,0.1,0.9,0.0005,cuda,False,False,10,124,1537,
curriculum_hard,1,results_v3_lr0p1,results_v3_lr0p1,small_cnn,sgd,10,128,20000,0.1,0.9,0.0005,cuda,False,False,10,125,1538,
curriculum_hard,1,results_v3_lr0p1,results_v3_lr0p1,small_cnn,sgd,10,128,20000,0.1,0.9,0.0005,cuda,False,False,10,126,1539,
curriculum_hard,1,results_v3_lr0p1,results_v3_lr0p1,small_cnn,sgd,10,128,20000,0.1,0.9,0.0005,cuda,False,False,10,127,1540,
curriculum_hard,1,results_v3_lr0p1,results_v3_lr0p1,small_cnn,sgd,10,128,20000,0.1,0.9,0.0005,cuda,False,False,10,128,1541,
curriculum_hard,1,results_v3_lr0p1,results_v3_lr0p1,small_cnn,sgd,10,128,20000,0.1,0.9,0.0005,cuda,False,False,10,129,1542,
curriculum_hard,1,results_v3_lr0p1,results_v3_lr0p1,small_cnn,sgd,10,128,20000,0.1,0.9,0.0005,cuda,False,False,10,130,1543,
curriculum_hard,1,results_v3_lr0p1,results_v3_lr0p1,small_cnn,sgd,10,128,20000,0.1,0.9,0.0005,cuda,False,False,10,131,1544,
curriculum_hard,1,results_v3_lr0p1,results_v3_lr0p1,small_cnn,sgd,10,128,20000,0.1,0.9,0.0005,cuda,False,False,10,132,1545,
curriculum_hard,1,results_v3_lr0p1,results_v3_lr0p1,small_cnn,sgd,10,128,20000,0.1,0.9,0.0005,cuda,False,False,10,133,1546,
curriculum_hard,1,results_v3_lr0p1,results_v3_lr0p1,small_cnn,sgd,10,128,20000,0.1,0.9,0.0005,cuda,False,False,10,134,1547,
curriculum_hard,1,results_v3_lr0p1,results_v3_lr0p1,small_cnn,sgd,10,128,20000,0.1,0.9,0.0005,cuda,False,False,10,135,1548,
curriculum_hard,1,results_v3_lr0p1,results_v3_lr0p1,small_cnn,sgd,10,128,20000,0.1,0.9,0.0005,cuda,False,False,10,136,1549,
curriculum_hard,1,results_v3_lr0p1,results_v3_lr0p1,small_cnn,sgd,10,128,20000,0.1,0.9,0.0005,cuda,False,False,10,137,1550,
curriculum_hard,1,results_v3_lr0p1,results_v3_lr0p1,small_cnn,sgd,10,128,20000,0.1,0.9,0.0005,cuda,False,False,10,138,1551,
curriculum_hard,1,results_v3_lr0p1,results_v3_lr0p1,small_cnn,sgd,10,128,20000,0.1,0.9,0.0005,cuda,False,False,10,139,1552,
curriculum_hard,1,results_v3_lr0p1,results_v3_lr0p1,small_cnn,sgd,10,128,20000,0.1,0.9,0.0005,cuda,False,False,10,140,1553,
curriculum_hard,1,results_v3_lr0p1,results_v3_lr0p1,small_cnn,sgd,10,128,20000,0.1,0.9,0.0005,cuda,False,False,10,141,1554,
curriculum_hard,1,results_v3_lr0p1,results_v3_lr0p1,small_cnn,sgd,10,128,20000,0.1,0.9,0.0005,cuda,False,False,10,142,1555,
curriculum_hard,1,results_v3_lr0p1,results_v3_lr0p1,small_cnn,sgd,10,128,20000,0.1,0.9,0.0005,cuda,False,False,10,143,1556,
curriculum_hard,1,results_v3_lr0p1,results_v3_lr0p1,small_cnn,sgd,10,128,20000,0.1,0.9,0.0005,cuda,False,False,10,144,1557,
curriculum_hard,1,results_v3_lr0p1,results_v3_lr0p1,small_cnn,sgd,10,128,20000,0.1,0.9,0.0005,cuda,False,False,10,145,1558,
curriculum_hard,1,results_v3_lr0p1,results_v3_lr0p1,small_cnn,sgd,10,128,20000,0.1,0.9,0.0005,cuda,False,False,10,146,1559,
curriculum_hard,1,results_v3_lr0p1,results_v3_lr0p1,small_cnn,sgd,10,128,20000,0.1,0.9,0.0005,cuda,False,False,10,147,1560,
curriculum_hard,1,results_v3_lr0p1,results_v3_lr0p1,small_cnn,sgd,10,128,20000,0.1,0.9,0.0005,cuda,False,False,10,148,1561,
curriculum_hard,1,results_v3_lr0p1,results_v3_lr0p1,small_cnn,sgd,10,128,20000,0.1,0.9,0.0005,cuda,False,False,10,149,1562,
curriculum_hard,1,results_v3_lr0p1,results_v3_lr0p1,small_cnn,sgd,10,128,20000,0.1,0.9,0.0005,cuda,False,False,10,150,1563,
curriculum_hard,1,results_v3_lr0p1,results_v3_lr0p1,small_cnn,sgd,10,128,20000,0.1,0.9,0.0005,cuda,False,False,10,151,1564,
curriculum_hard,1,results_v3_lr0p1,results_v3_lr0p1,small_cnn,sgd,10,128,20000,0.1,0.9,0.0005,cuda,False,False,10,152,1565,
curriculum_hard,1,results_v3_lr0p1,results_v3_lr0p1,small_cnn,sgd,10,128,20000,0.1,0.9,0.0005,cuda,False,False,10,153,1566,
curriculum_hard,1,results_v3_lr0p1,results_v3_lr0p1,small_cnn,sgd,10,128,20000,0.1,0.9,0.0005,cuda,False,False,10,154,1567,
curriculum_hard,1,results_v3_lr0p1,results_v3_lr0p1,small_cnn,sgd,10,128,20000,0.1,0.9,0.0005,cuda,False,False,10,155,1568,
curriculum_hard,1,results_v3_lr0p1,results_v3_lr0p1,small_cnn,sgd,10,128,20000,0.1,0.9,0.0005,cuda,False,False,10,156,1569,
curriculum_hard,1,results_v3_lr0p1,results_v3_lr0p1,small_cnn,sgd,10,128,20000,0.1,0.9,0.0005,cuda,False,False,10,157,1570,
