order_mode,seed,experiment_name,output_dir,model,optimizer,epochs,batch_size,max_train_examples,learning_rate,momentum,weight_decay,device,deterministic,save_embeddings,epoch,batch_index,global_step,cosine_similarity
label_sorted,1,results_v3_lr0p1,results_v3_lr0p1,small_cnn,sgd,10,128,20000,0.1,0.9,0.0005,cuda,False,False,1,1,1,
label_sorted,1,results_v3_lr0p1,results_v3_lr0p1,small_cnn,sgd,10,128,20000,0.1,0.9,0.0005,cuda,False,False,1,2,2,0.403999924659729
label_sorted,1,results_v3_lr0p1,results_v3_lr0p1,small_cnn,sgd,10,128,20000,0.1,0.9,0.0005,cuda,False,False,1,3,3,0.7619308829307556
label_sorted,1,results_v3_lr0p1,results_v3_lr0p1,small_cnn,sgd,10,128,20000,0.1,0.9,0.0005,cuda,False,False,1,4,4,0.9542514085769653
label_sorted,1,results_v3_lr0p1,results_v3_lr0p1,small_cnn,sgd,10,128,20000,0.1,0.9,0.0005,cuda,False,False,1,5,5,1.274982253107737e-08
label_sorted,1,results_v3_lr0p1,results_v3_lr0p1,small_cnn,sgd,10,128,20000,0.1,0.9,0.0005,cuda,False,False,1,6,6,
label_sorted,1,results_v3_lr0p1,results_v3_lr0p1,small_cnn,sgd,10,128,20000,0.1,0.9,0.0005,cuda,False,False,1,7,7,
label_sorted,1,results_v3_lr0p1,results_v3_lr0p1,small_cnn,sgd,10,128,20000,0.1,0.9,0.0005,cuda,False,False,1,8,8,
label_sorted,1,results_v3_lr0p1,results_v3_lr0p1,small_cnn,sgd,10,128,20000,0.1,0.9,0.0005,cuda,False,False,1,9,9,
label_sorted,1,results_v3_lr0p1,results_v3_lr0p1,small_cnn,sgd,10,128,20000,0.1,0.9,0.0005,cuda,False,False,1,10,10,
label_sorted,1,results_v3_lr0p1,results_v3_lr0p1,small_cnn,sgd,10,128,20000,0.1,0.9,0.0005,cuda,False,False,1,11,11,
label_sorted,1,results_v3_lr0p1,results_v3_lr0p1,small_cnn,sgd,10,128,20000,0.1,0.9,0.0005,cuda,False,False,1,12,12,
label_sorted,1,results_v3_lr0p1,results_v3_lr0p1,small_cnn,sgd,10,128,20000,0.1,0.9,0.0005,cuda,False,False,1,13,13,
label_sorted,1,results_v3_lr0p1,results_v3_lr0p1,small_cnn,sgd,10,128,20000,0.1,0.9,0.0005,cuda,False,False,1,14,14,
label_sorted,1,results_v3_lr0p1,results_v3_lr0p1,small_cnn,sgd,10,128,20000,0.1,0.9,0.0005,cuda,False,False,1,15,15,
label_sorted,1,results_v3_lr0p1,results_v3_lr0p1,small_cnn,sgd,10,128,20000,0.1,0.9,0.0005,cuda,False,False,1,16,16,
label_sorted,1,results_v3_lr0p1,results_v3_lr0p1,small_cnn,sgd,10,128,20000,0.1,0.9,0.0005,cuda,False,False,1,17,17,0.0008705821819603443
label_sorted,1,results_v3_lr0p1,results_v3_lr0p1,small_cnn,sgd,10,128,20000,0.1,0.9,0.0005,cuda,False,False,1,18,18,
label_sorted,1,results_v3_lr0p1,results_v3_lr0p1,small_cnn,sgd,10,128,20000,0.1,0.9,0.0005,cuda,False,False,1,19,19,
label_sorted,1,results_v3_lr0p1,results_v3_lr0p1,small_cnn,sgd,10,128,20000,0.1,0.9,0.0005,cuda,False,False,1,20,20,
label_sorted,1,results_v3_lr0p1,results_v3_lr0p1,small_cnn,sgd,10,128,20000,0.1,0.9,0.0005,cuda,False,False,1,21,21,
label_sorted,1,results_v3_lr0p1,results_v3_lr0p1,small_cnn,sgd,10,128,20000,0.1,0.9,0.0005,cuda,False,False,1,22,22,
label_sorted,1,results_v3_lr0p1,results_v3_lr0p1,small_cnn,sgd,10,128,20000,0.1,0.9,0.0005,cuda,False,False,1,23,23,
label_sorted,1,results_v3_lr0p1,results_v3_lr0p1,small_cnn,sgd,10,128,20000,0.1,0.9,0.0005,cuda,False,False,1,24,24,
label_sorted,1,results_v3_lr0p1,results_v3_lr0p1,small_cnn,sgd,10,128,20000,0.1,0.9,0.0005,cuda,False,False,1,25,25,
label_sorted,1,results_v3_lr0p1,results_v3_lr0p1,small_cnn,sgd,10,128,20000,0.1,0.9,0.0005,cuda,False,False,1,26,26,
label_sorted,1,results_v3_lr0p1,results_v3_lr0p1,small_cnn,sgd,10,128,20000,0.1,0.9,0.0005,cuda,False,False,1,27,27,
label_sorted,1,results_v3_lr0p1,results_v3_lr0p1,small_cnn,sgd,10,128,20000,0.1,0.9,0.0005,cuda,False,False,1,28,28,
label_sorted,1,results_v3_lr0p1,results_v3_lr0p1,small_cnn,sgd,10,128,20000,0.1,0.9,0.0005,cuda,False,False,1,29,29,
label_sorted,1,results_v3_lr0p1,results_v3_lr0p1,small_cnn,sgd,10,128,20000,0.1,0.9,0.0005,cuda,False,False,1,30,30,
label_sorted,1,results_v3_lr0p1,results_v3_lr0p1,small_cnn,sgd,10,128,20000,0.1,0.9,0.0005,cuda,False,False,1,31,31,
label_sorted,1,results_v3_lr0p1,results_v3_lr0p1,small_cnn,sgd,10,128,20000,0.1,0.9,0.0005,cuda,False,False,1,32,32,
label_sorted,1,results_v3_lr0p1,results_v3_lr0p1,small_cnn,sgd,10,128,20000,0.1,0.9,0.0005,cuda,False,False,1,33,33,
label_sorted,1,results_v3_lr0p1,results_v3_lr0p1,small_cnn,sgd,10,128,20000,0.1,0.9,0.0005,cuda,False,False,1,34,34,
label_sorted,1,results_v3_lr0p1,results_v3_lr0p1,small_cnn,sgd,10,128,20000,0.1,0.9,0.0005,cuda,False,False,1,35,35,
label_sorted,1,results_v3_lr0p1,results_v3_lr0p1,small_cnn,sgd,10,128,20000,0.1,0.9,0.0005,cuda,False,False,1,36,36,
label_sorted,1,results_v3_lr0p1,results_v3_lr0p1,small_cnn,sgd,10,128,20000,0.1,0.9,0.0005,cuda,False,False,1,37,37,
label_sorted,1,results_v3_lr0p1,results_v3_lr0p1,small_cnn,sgd,10,128,20000,0.1,0.9,0.0005,cuda,False,False,1,38,38,
label_sorted,1,results_v3_lr0p1,results_v3_lr0p1,small_cnn,sgd,10,128,20000,0.1,0.9,0.0005,cuda,False,False,1,39,39,
label_sorted,1,results_v3_lr0p1,results_v3_lr0p1,small_cnn,sgd,10,128,20000,0.1,0.9,0.0005,cuda,False,False,1,40,40,
label_sorted,1,results_v3_lr0p1,results_v3_lr0p1,small_cnn,sgd,10,128,20000,0.1,0.9,0.0005,cuda,False,False,1,41,41,
label_sorted,1,results_v3_lr0p1,results_v3_lr0p1,small_cnn,sgd,10,128,20000,0.1,0.9,0.0005,cuda,False,False,1,42,42,
label_sorted,1,results_v3_lr0p1,results_v3_lr0p1,small_cnn,sgd,10,128,20000,0.1,0.9,0.0005,cuda,False,False,1,43,43,
label_sorted,1,results_v3_lr0p1,results_v3_lr0p1,small_cnn,sgd,10,128,20000,0.1,0.9,0.0005,cuda,False,False,1,44,44,
label_sorted,1,results_v3_lr0p1,results_v3_lr0p1,small_cnn,sgd,10,128,20000,0.1,0.9,0.0005,cuda,False,False,1,45,45,
label_sorted,1,results_v3_lr0p1,results_v3_lr0p1,small_cnn,sgd,10,128,20000,0.1,0.9,0.0005,cuda,False,False,1,46,46,
label_sorted,1,results_v3_lr0p1,results_v3_lr0p1,small_cnn,sgd,10,128,20000,0.1,0.9,0.0005,cuda,False,False,1,47,47,
label_sorted,1,results_v3_lr0p1,results_v3_lr0p1,small_cnn,sgd,10,128,20000,0.1,0.9,0.0005,cuda,False,False,1,48,48,
label_sorted,1,results_v3_lr0p1,results_v3_lr0p1,small_cnn,sgd,10,128,20000,0.1,0.9,0.0005,cuda,False,False,1,49,49,
label_sorted,1,results_v3_lr0p1,results_v3_lr0p1,small_cnn,sgd,10,128,20000,0.1,0.9,0.0005,cuda,False,False,1,50,50,
label_sorted,1,results_v3_lr0p1,results_v3_lr0p1,small_cnn,sgd,10,128,20000,0.1,0.9,0.0005,cuda,False,False,1,51,51,
label_sorted,1,results_v3_lr0p1,results_v3_lr0p1,small_cnn,sgd,10,128,20000,0.1,0.9,0.0005,cuda,False,False,1,52,52,
label_sorted,1,results_v3_lr0p1,results_v3_lr0p1,small_cnn,sgd,10,128,20000,0.1,0.9,0.0005,cuda,False,False,1,53,53,
label_sorted,1,results_v3_lr0p1,results_v3_lr0p1,small_cnn,sgd,10,128,20000,0.1,0.9,0.0005,cuda,False,False,1,54,54,
label_sorted,1,results_v3_lr0p1,results_v3_lr0p1,small_cnn,sgd,10,128,20000,0.1,0.9,0.0005,cuda,False,False,1,55,55,
label_sorted,1,results_v3_lr0p1,results_v3_lr0p1,small_cnn,sgd,10,128,20000,0.1,0.9,0.0005,cuda,False,False,1,56,56,
label_sorted,1,results_v3_lr0p1,results_v3_lr0p1,small_cnn,sgd,10,128,20000,0.1,0.9,0.0005,cuda,False,False,1,57,57,
label_sorted,1,results_v3_lr0p1,results_v3_lr0p1,small_cnn,sgd,10,128,20000,0.1,0.9,0.0005,cuda,False,False,1,58,58,
label_sorted,1,results_v3_lr0p1,results_v3_lr0p1,small_cnn,sgd,10,128,20000,0.1,0.9,0.0005,cuda,False,False,1,59,59,
label_sorted,1,results_v3_lr0p1,results_v3_lr0p1,small_cnn,sgd,10,128,20000,0.1,0.9,0.0005,cuda,False,False,1,60,60,
label_sorted,1,results_v3_lr0p1,results_v3_lr0p1,small_cnn,sgd,10,128,20000,0.1,0.9,0.0005,cuda,False,False,1,61,61,
label_sorted,1,results_v3_lr0p1,results_v3_lr0p1,small_cnn,sgd,10,128,20000,0.1,0.9,0.0005,cuda,False,False,1,62,62,
label_sorted,1,results_v3_lr0p1,results_v3_lr0p1,small_cnn,sgd,10,128,20000,0.1,0.9,0.0005,cuda,False,False,1,63,63,
label_sorted,1,results_v3_lr0p1,results_v3_lr0p1,small_cnn,sgd,10,128,20000,0.1,0.9,0.0005,cuda,False,False,1,64,64,1.0253713026223132e-12
label_sorted,1,results_v3_lr0p1,results_v3_lr0p1,small_cnn,sgd,10,128,20000,0.1,0.9,0.0005,cuda,False,False,1,65,65,1.0
label_sorted,1,results_v3_lr0p1,results_v3_lr0p1,small_cnn,sgd,10,128,20000,0.1,0.9,0.0005,cuda,False,False,1,66,66,1.0
label_sorted,1,results_v3_lr0p1,results_v3_lr0p1,small_cnn,sgd,10,128,20000,0.1,0.9,0.0005,cuda,False,False,1,67,67,
label_sorted,1,results_v3_lr0p1,results_v3_lr0p1,small_cnn,sgd,10,128,20000,0.1,0.9,0.0005,cuda,False,False,1,68,68,
label_sorted,1,results_v3_lr0p1,results_v3_lr0p1,small_cnn,sgd,10,128,20000,0.1,0.9,0.0005,cuda,False,False,1,69,69,
label_sorted,1,results_v3_lr0p1,results_v3_lr0p1,small_cnn,sgd,10,128,20000,0.1,0.9,0.0005,cuda,False,False,1,70,70,
label_sorted,1,results_v3_lr0p1,results_v3_lr0p1,small_cnn,sgd,10,128,20000,0.1,0.9,0.0005,cuda,False,False,1,71,71,
label_sorted,1,results_v3_lr0p1,results_v3_lr0p1,small_cnn,sgd,10,128,20000,0.1,0.9,0.0005,cuda,False,False,1,72,72,
label_sorted,1,results_v3_lr0p1,results_v3_lr0p1,small_cnn,sgd,10,128,20000,0.1,0.9,0.0005,cuda,False,False,1,73,73,
label_sorted,1,results_v3_lr0p1,results_v3_lr0p1,small_cnn,sgd,10,128,20000,0.1,0.9,0.0005,cuda,False,False,1,74,74,
label_sorted,1,results_v3_lr0p1,results_v3_lr0p1,small_cnn,sgd,10,128,20000,0.1,0.9,0.0005,cuda,False,False,1,75,75,
label_sorted,1,results_v3_lr0p1,results_v3_lr0p1,small_cnn,sgd,10,128,20000,0.1,0.9,0.0005,cuda,False,False,1,76,76,
label_sorted,1,results_v3_lr0p1,results_v3_lr0p1,small_cnn,sgd,10,128,20000,0.1,0.9,0.0005,cuda,False,False,1,77,77,
label_sorted,1,results_v3_lr0p1,results_v3_lr0p1,small_cnn,sgd,10,128,20000,0.1,0.9,0.0005,cuda,False,False,1,78,78,
label_sorted,1,results_v3_lr0p1,results_v3_lr0p1,small_cnn,sgd,10,128,20000,0.1,0.9,0.0005,cuda,False,False,1,79,79,
label_sorted,1,results_v3_lr0p1,results_v3_lr0p1,small_cnn,sgd,10,128,20000,0.1,0.9,0.0005,cuda,False,False,1,80,80,-4.503234833919123e-07
label_sorted,1,results_v3_lr0p1,results_v3_lr0p1,small_cnn,sgd,10,128,20000,0.1,0.9,0.0005,cuda,False,False,1,81,81,0.0021571961697191
label_sorted,1,results_v3_lr0p1,results_v3_lr0p1,small_cnn,sgd,10,128,20000,0.1,0.9,0.0005,cuda,False,False,1,82,82,0.9999741911888123
label_sorted,1,results_v3_lr0p1,results_v3_lr0p1,small_cnn,sgd,10,128,20000,0.1,0.9,0.0005,cuda,False,False,1,83,83,0.9999788999557495
label_sorted,1,results_v3_lr0p1,results_v3_lr0p1,small_cnn,sgd,10,128,20000,0.1,0.9,0.0005,cuda,False,False,1,84,84,0.9999767541885376
label_sorted,1,results_v3_lr0p1,results_v3_lr0p1,small_cnn,sgd,10,128,20000,0.1,0.9,0.0005,cuda,False,False,1,85,85,0.9999718070030212
label_sorted,1,results_v3_lr0p1,results_v3_lr0p1,small_cnn,sgd,10,128,20000,0.1,0.9,0.0005,cuda,False,False,1,86,86,0.9999672174453735
label_sorted,1,results_v3_lr0p1,results_v3_lr0p1,small_cnn,sgd,10,128,20000,0.1,0.9,0.0005,cuda,False,False,1,87,87,0.9999648332595825
label_sorted,1,results_v3_lr0p1,results_v3_lr0p1,small_cnn,sgd,10,128,20000,0.1,0.9,0.0005,cuda,False,False,1,88,88,0.9999651908874512
label_sorted,1,results_v3_lr0p1,results_v3_lr0p1,small_cnn,sgd,10,128,20000,0.1,0.9,0.0005,cuda,False,False,1,89,89,0.9999679327011108
label_sorted,1,results_v3_lr0p1,results_v3_lr0p1,small_cnn,sgd,10,128,20000,0.1,0.9,0.0005,cuda,False,False,1,90,90,0.9999716281890869
label_sorted,1,results_v3_lr0p1,results_v3_lr0p1,small_cnn,sgd,10,128,20000,0.1,0.9,0.0005,cuda,False,False,1,91,91,0.999975860118866
label_sorted,1,results_v3_lr0p1,results_v3_lr0p1,small_cnn,sgd,10,128,20000,0.1,0.9,0.0005,cuda,False,False,1,92,92,0.9999799728393555
label_sorted,1,results_v3_lr0p1,results_v3_lr0p1,small_cnn,sgd,10,128,20000,0.1,0.9,0.0005,cuda,False,False,1,93,93,0.999983549118042
label_sorted,1,results_v3_lr0p1,results_v3_lr0p1,small_cnn,sgd,10,128,20000,0.1,0.9,0.0005,cuda,False,False,1,94,94,-0.6788616180419922
label_sorted,1,results_v3_lr0p1,results_v3_lr0p1,small_cnn,sgd,10,128,20000,0.1,0.9,0.0005,cuda,False,False,1,95,95,0.9976317286491394
label_sorted,1,results_v3_lr0p1,results_v3_lr0p1,small_cnn,sgd,10,128,20000,0.1,0.9,0.0005,cuda,False,False,1,96,96,0.9999977350234985
label_sorted,1,results_v3_lr0p1,results_v3_lr0p1,small_cnn,sgd,10,128,20000,0.1,0.9,0.0005,cuda,False,False,1,97,97,0.9999998807907104
label_sorted,1,results_v3_lr0p1,results_v3_lr0p1,small_cnn,sgd,10,128,20000,0.1,0.9,0.0005,cuda,False,False,1,98,98,0.9999997615814209
label_sorted,1,results_v3_lr0p1,results_v3_lr0p1,small_cnn,sgd,10,128,20000,0.1,0.9,0.0005,cuda,False,False,1,99,99,0.9999978542327881
label_sorted,1,results_v3_lr0p1,results_v3_lr0p1,small_cnn,sgd,10,128,20000,0.1,0.9,0.0005,cuda,False,False,1,100,100,0.9999927878379822
label_sorted,1,results_v3_lr0p1,results_v3_lr0p1,small_cnn,sgd,10,128,20000,0.1,0.9,0.0005,cuda,False,False,1,101,101,0.9999789595603943
label_sorted,1,results_v3_lr0p1,results_v3_lr0p1,small_cnn,sgd,10,128,20000,0.1,0.9,0.0005,cuda,False,False,1,102,102,0.9999423623085022
label_sorted,1,results_v3_lr0p1,results_v3_lr0p1,small_cnn,sgd,10,128,20000,0.1,0.9,0.0005,cuda,False,False,1,103,103,0.9998466372489929
label_sorted,1,results_v3_lr0p1,results_v3_lr0p1,small_cnn,sgd,10,128,20000,0.1,0.9,0.0005,cuda,False,False,1,104,104,0.9996165633201599
label_sorted,1,results_v3_lr0p1,results_v3_lr0p1,small_cnn,sgd,10,128,20000,0.1,0.9,0.0005,cuda,False,False,1,105,105,0.999159574508667
label_sorted,1,results_v3_lr0p1,results_v3_lr0p1,small_cnn,sgd,10,128,20000,0.1,0.9,0.0005,cuda,False,False,1,106,106,0.9984812140464783
label_sorted,1,results_v3_lr0p1,results_v3_lr0p1,small_cnn,sgd,10,128,20000,0.1,0.9,0.0005,cuda,False,False,1,107,107,0.9977754354476929
label_sorted,1,results_v3_lr0p1,results_v3_lr0p1,small_cnn,sgd,10,128,20000,0.1,0.9,0.0005,cuda,False,False,1,108,108,0.9973317980766296
label_sorted,1,results_v3_lr0p1,results_v3_lr0p1,small_cnn,sgd,10,128,20000,0.1,0.9,0.0005,cuda,False,False,1,109,109,0.9973217844963074
label_sorted,1,results_v3_lr0p1,results_v3_lr0p1,small_cnn,sgd,10,128,20000,0.1,0.9,0.0005,cuda,False,False,1,110,110,-0.6644768118858337
label_sorted,1,results_v3_lr0p1,results_v3_lr0p1,small_cnn,sgd,10,128,20000,0.1,0.9,0.0005,cuda,False,False,1,111,111,0.9999634623527527
label_sorted,1,results_v3_lr0p1,results_v3_lr0p1,small_cnn,sgd,10,128,20000,0.1,0.9,0.0005,cuda,False,False,1,112,112,0.999998927116394
label_sorted,1,results_v3_lr0p1,results_v3_lr0p1,small_cnn,sgd,10,128,20000,0.1,0.9,0.0005,cuda,False,False,1,113,113,0.9999997615814209
label_sorted,1,results_v3_lr0p1,results_v3_lr0p1,small_cnn,sgd,10,128,20000,0.1,0.9,0.0005,cuda,False,False,1,114,114,1.0
label_sorted,1,results_v3_lr0p1,results_v3_lr0p1,small_cnn,sgd,10,128,20000,0.1,0.9,0.0005,cuda,False,False,1,115,115,0.9999999403953552
label_sorted,1,results_v3_lr0p1,results_v3_lr0p1,small_cnn,sgd,10,128,20000,0.1,0.9,0.0005,cuda,False,False,1,116,116,0.9999995827674866
label_sorted,1,results_v3_lr0p1,results_v3_lr0p1,small_cnn,sgd,10,128,20000,0.1,0.9,0.0005,cuda,False,False,1,117,117,0.9999986886978149
label_sorted,1,results_v3_lr0p1,results_v3_lr0p1,small_cnn,sgd,10,128,20000,0.1,0.9,0.0005,cuda,False,False,1,118,118,0.9999961853027344
label_sorted,1,results_v3_lr0p1,results_v3_lr0p1,small_cnn,sgd,10,128,20000,0.1,0.9,0.0005,cuda,False,False,1,119,119,0.9999886751174927
label_sorted,1,results_v3_lr0p1,results_v3_lr0p1,small_cnn,sgd,10,128,20000,0.1,0.9,0.0005,cuda,False,False,1,120,120,0.9999663829803467
label_sorted,1,results_v3_lr0p1,results_v3_lr0p1,small_cnn,sgd,10,128,20000,0.1,0.9,0.0005,cuda,False,False,1,121,121,0.9999039173126221
label_sorted,1,results_v3_lr0p1,results_v3_lr0p1,small_cnn,sgd,10,128,20000,0.1,0.9,0.0005,cuda,False,False,1,122,122,0.9997544884681702
label_sorted,1,results_v3_lr0p1,results_v3_lr0p1,small_cnn,sgd,10,128,20000,0.1,0.9,0.0005,cuda,False,False,1,123,123,0.9994702935218811
label_sorted,1,results_v3_lr0p1,results_v3_lr0p1,small_cnn,sgd,10,128,20000,0.1,0.9,0.0005,cuda,False,False,1,124,124,0.9990431666374207
label_sorted,1,results_v3_lr0p1,results_v3_lr0p1,small_cnn,sgd,10,128,20000,0.1,0.9,0.0005,cuda,False,False,1,125,125,0.9985411763191223
label_sorted,1,results_v3_lr0p1,results_v3_lr0p1,small_cnn,sgd,10,128,20000,0.1,0.9,0.0005,cuda,False,False,1,126,126,-0.5921523571014404
label_sorted,1,results_v3_lr0p1,results_v3_lr0p1,small_cnn,sgd,10,128,20000,0.1,0.9,0.0005,cuda,False,False,1,127,127,0.9999927282333374
label_sorted,1,results_v3_lr0p1,results_v3_lr0p1,small_cnn,sgd,10,128,20000,0.1,0.9,0.0005,cuda,False,False,1,128,128,0.9999985694885254
label_sorted,1,results_v3_lr0p1,results_v3_lr0p1,small_cnn,sgd,10,128,20000,0.1,0.9,0.0005,cuda,False,False,1,129,129,0.9999997615814209
label_sorted,1,results_v3_lr0p1,results_v3_lr0p1,small_cnn,sgd,10,128,20000,0.1,0.9,0.0005,cuda,False,False,1,130,130,1.0
label_sorted,1,results_v3_lr0p1,results_v3_lr0p1,small_cnn,sgd,10,128,20000,0.1,0.9,0.0005,cuda,False,False,1,131,131,1.0000001192092896
label_sorted,1,results_v3_lr0p1,results_v3_lr0p1,small_cnn,sgd,10,128,20000,0.1,0.9,0.0005,cuda,False,False,1,132,132,1.0
label_sorted,1,results_v3_lr0p1,results_v3_lr0p1,small_cnn,sgd,10,128,20000,0.1,0.9,0.0005,cuda,False,False,1,133,133,0.9999996423721313
label_sorted,1,results_v3_lr0p1,results_v3_lr0p1,small_cnn,sgd,10,128,20000,0.1,0.9,0.0005,cuda,False,False,1,134,134,0.9999989867210388
label_sorted,1,results_v3_lr0p1,results_v3_lr0p1,small_cnn,sgd,10,128,20000,0.1,0.9,0.0005,cuda,False,False,1,135,135,0.9999969601631165
label_sorted,1,results_v3_lr0p1,results_v3_lr0p1,small_cnn,sgd,10,128,20000,0.1,0.9,0.0005,cuda,False,False,1,136,136,0.9999909400939941
label_sorted,1,results_v3_lr0p1,results_v3_lr0p1,small_cnn,sgd,10,128,20000,0.1,0.9,0.0005,cuda,False,False,1,137,137,0.9999727606773376
label_sorted,1,results_v3_lr0p1,results_v3_lr0p1,small_cnn,sgd,10,128,20000,0.1,0.9,0.0005,cuda,False,False,1,138,138,0.9999250173568726
label_sorted,1,results_v3_lr0p1,results_v3_lr0p1,small_cnn,sgd,10,128,20000,0.1,0.9,0.0005,cuda,False,False,1,139,139,0.9998217821121216
label_sorted,1,results_v3_lr0p1,results_v3_lr0p1,small_cnn,sgd,10,128,20000,0.1,0.9,0.0005,cuda,False,False,1,140,140,0.9996394515037537
label_sorted,1,results_v3_lr0p1,results_v3_lr0p1,small_cnn,sgd,10,128,20000,0.1,0.9,0.0005,cuda,False,False,1,141,141,-0.4973965585231781
label_sorted,1,results_v3_lr0p1,results_v3_lr0p1,small_cnn,sgd,10,128,20000,0.1,0.9,0.0005,cuda,False,False,1,142,142,0.9990043640136719
label_sorted,1,results_v3_lr0p1,results_v3_lr0p1,small_cnn,sgd,10,128,20000,0.1,0.9,0.0005,cuda,False,False,1,143,143,0.999991774559021
label_sorted,1,results_v3_lr0p1,results_v3_lr0p1,small_cnn,sgd,10,128,20000,0.1,0.9,0.0005,cuda,False,False,1,144,144,0.9999983906745911
label_sorted,1,results_v3_lr0p1,results_v3_lr0p1,small_cnn,sgd,10,128,20000,0.1,0.9,0.0005,cuda,False,False,1,145,145,0.9999997019767761
label_sorted,1,results_v3_lr0p1,results_v3_lr0p1,small_cnn,sgd,10,128,20000,0.1,0.9,0.0005,cuda,False,False,1,146,146,0.9999999403953552
label_sorted,1,results_v3_lr0p1,results_v3_lr0p1,small_cnn,sgd,10,128,20000,0.1,0.9,0.0005,cuda,False,False,1,147,147,0.9999999403953552
label_sorted,1,results_v3_lr0p1,results_v3_lr0p1,small_cnn,sgd,10,128,20000,0.1,0.9,0.0005,cuda,False,False,1,148,148,0.9999998807907104
label_sorted,1,results_v3_lr0p1,results_v3_lr0p1,small_cnn,sgd,10,128,20000,0.1,0.9,0.0005,cuda,False,False,1,149,149,0.9999998807907104
label_sorted,1,results_v3_lr0p1,results_v3_lr0p1,small_cnn,sgd,10,128,20000,0.1,0.9,0.0005,cuda,False,False,1,150,150,0.9999995827674866
label_sorted,1,results_v3_lr0p1,results_v3_lr0p1,small_cnn,sgd,10,128,20000,0.1,0.9,0.0005,cuda,False,False,1,151,151,0.9999983906745911
label_sorted,1,results_v3_lr0p1,results_v3_lr0p1,small_cnn,sgd,10,128,20000,0.1,0.9,0.0005,cuda,False,False,1,152,152,0.9999948143959045
label_sorted,1,results_v3_lr0p1,results_v3_lr0p1,small_cnn,sgd,10,128,20000,0.1,0.9,0.0005,cuda,False,False,1,153,153,0.9999843239784241
label_sorted,1,results_v3_lr0p1,results_v3_lr0p1,small_cnn,sgd,10,128,20000,0.1,0.9,0.0005,cuda,False,False,1,154,154,0.9999562501907349
label_sorted,1,results_v3_lr0p1,results_v3_lr0p1,small_cnn,sgd,10,128,20000,0.1,0.9,0.0005,cuda,False,False,1,155,155,0.9998947978019714
label_sorted,1,results_v3_lr0p1,results_v3_lr0p1,small_cnn,sgd,10,128,20000,0.1,0.9,0.0005,cuda,False,False,1,156,156,0.9997826814651489
label_sorted,1,results_v3_lr0p1,results_v3_lr0p1,small_cnn,sgd,10,128,20000,0.1,0.9,0.0005,cuda,False,False,1,157,157,0.9996087551116943
label_sorted,1,results_v3_lr0p1,results_v3_lr0p1,small_cnn,sgd,10,128,20000,0.1,0.9,0.0005,cuda,False,False,2,1,158,-0.5436511039733887
label_sorted,1,results_v3_lr0p1,results_v3_lr0p1,small_cnn,sgd,10,128,20000,0.1,0.9,0.0005,cuda,False,False,2,2,159,0.9999924898147583
label_sorted,1,results_v3_lr0p1,results_v3_lr0p1,small_cnn,sgd,10,128,20000,0.1,0.9,0.0005,cuda,False,False,2,3,160,0.9999986886978149
label_sorted,1,results_v3_lr0p1,results_v3_lr0p1,small_cnn,sgd,10,128,20000,0.1,0.9,0.0005,cuda,False,False,2,4,161,0.9999997615814209
label_sorted,1,results_v3_lr0p1,results_v3_lr0p1,small_cnn,sgd,10,128,20000,0.1,0.9,0.0005,cuda,False,False,2,5,162,0.9999998807907104
label_sorted,1,results_v3_lr0p1,results_v3_lr0p1,small_cnn,sgd,10,128,20000,0.1,0.9,0.0005,cuda,False,False,2,6,163,0.9999999403953552
label_sorted,1,results_v3_lr0p1,results_v3_lr0p1,small_cnn,sgd,10,128,20000,0.1,0.9,0.0005,cuda,False,False,2,7,164,1.0
label_sorted,1,results_v3_lr0p1,results_v3_lr0p1,small_cnn,sgd,10,128,20000,0.1,0.9,0.0005,cuda,False,False,2,8,165,1.0
label_sorted,1,results_v3_lr0p1,results_v3_lr0p1,small_cnn,sgd,10,128,20000,0.1,0.9,0.0005,cuda,False,False,2,9,166,0.9999998807907104
label_sorted,1,results_v3_lr0p1,results_v3_lr0p1,small_cnn,sgd,10,128,20000,0.1,0.9,0.0005,cuda,False,False,2,10,167,0.9999994039535522
label_sorted,1,results_v3_lr0p1,results_v3_lr0p1,small_cnn,sgd,10,128,20000,0.1,0.9,0.0005,cuda,False,False,2,11,168,0.9999985098838806
label_sorted,1,results_v3_lr0p1,results_v3_lr0p1,small_cnn,sgd,10,128,20000,0.1,0.9,0.0005,cuda,False,False,2,12,169,0.999995231628418
label_sorted,1,results_v3_lr0p1,results_v3_lr0p1,small_cnn,sgd,10,128,20000,0.1,0.9,0.0005,cuda,False,False,2,13,170,0.9999857544898987
label_sorted,1,results_v3_lr0p1,results_v3_lr0p1,small_cnn,sgd,10,128,20000,0.1,0.9,0.0005,cuda,False,False,2,14,171,0.9999617338180542
label_sorted,1,results_v3_lr0p1,results_v3_lr0p1,small_cnn,sgd,10,128,20000,0.1,0.9,0.0005,cuda,False,False,2,15,172,0.9999114274978638
label_sorted,1,results_v3_lr0p1,results_v3_lr0p1,small_cnn,sgd,10,128,20000,0.1,0.9,0.0005,cuda,False,False,2,16,173,-0.4476795494556427
label_sorted,1,results_v3_lr0p1,results_v3_lr0p1,small_cnn,sgd,10,128,20000,0.1,0.9,0.0005,cuda,False,False,2,17,174,0.9975752830505371
label_sorted,1,results_v3_lr0p1,results_v3_lr0p1,small_cnn,sgd,10,128,20000,0.1,0.9,0.0005,cuda,False,False,2,18,175,0.999980628490448
label_sorted,1,results_v3_lr0p1,results_v3_lr0p1,small_cnn,sgd,10,128,20000,0.1,0.9,0.0005,cuda,False,False,2,19,176,0.9999967813491821
label_sorted,1,results_v3_lr0p1,results_v3_lr0p1,small_cnn,sgd,10,128,20000,0.1,0.9,0.0005,cuda,False,False,2,20,177,0.9999993443489075
label_sorted,1,results_v3_lr0p1,results_v3_lr0p1,small_cnn,sgd,10,128,20000,0.1,0.9,0.0005,cuda,False,False,2,21,178,0.9999998807907104
label_sorted,1,results_v3_lr0p1,results_v3_lr0p1,small_cnn,sgd,10,128,20000,0.1,0.9,0.0005,cuda,False,False,2,22,179,0.9999999403953552
label_sorted,1,results_v3_lr0p1,results_v3_lr0p1,small_cnn,sgd,10,128,20000,0.1,0.9,0.0005,cuda,False,False,2,23,180,1.0
label_sorted,1,results_v3_lr0p1,results_v3_lr0p1,small_cnn,sgd,10,128,20000,0.1,0.9,0.0005,cuda,False,False,2,24,181,0.9999999403953552
label_sorted,1,results_v3_lr0p1,results_v3_lr0p1,small_cnn,sgd,10,128,20000,0.1,0.9,0.0005,cuda,False,False,2,25,182,0.9999997019767761
label_sorted,1,results_v3_lr0p1,results_v3_lr0p1,small_cnn,sgd,10,128,20000,0.1,0.9,0.0005,cuda,False,False,2,26,183,0.9999992847442627
label_sorted,1,results_v3_lr0p1,results_v3_lr0p1,small_cnn,sgd,10,128,20000,0.1,0.9,0.0005,cuda,False,False,2,27,184,0.9999979138374329
label_sorted,1,results_v3_lr0p1,results_v3_lr0p1,small_cnn,sgd,10,128,20000,0.1,0.9,0.0005,cuda,False,False,2,28,185,0.9999939799308777
label_sorted,1,results_v3_lr0p1,results_v3_lr0p1,small_cnn,sgd,10,128,20000,0.1,0.9,0.0005,cuda,False,False,2,29,186,0.9999825954437256
label_sorted,1,results_v3_lr0p1,results_v3_lr0p1,small_cnn,sgd,10,128,20000,0.1,0.9,0.0005,cuda,False,False,2,30,187,0.9999542832374573
label_sorted,1,results_v3_lr0p1,results_v3_lr0p1,small_cnn,sgd,10,128,20000,0.1,0.9,0.0005,cuda,False,False,2,31,188,0.9998970627784729
label_sorted,1,results_v3_lr0p1,results_v3_lr0p1,small_cnn,sgd,10,128,20000,0.1,0.9,0.0005,cuda,False,False,2,32,189,-0.48988014459609985
label_sorted,1,results_v3_lr0p1,results_v3_lr0p1,small_cnn,sgd,10,128,20000,0.1,0.9,0.0005,cuda,False,False,2,33,190,0.9996687173843384
label_sorted,1,results_v3_lr0p1,results_v3_lr0p1,small_cnn,sgd,10,128,20000,0.1,0.9,0.0005,cuda,False,False,2,34,191,0.9999827146530151
label_sorted,1,results_v3_lr0p1,results_v3_lr0p1,small_cnn,sgd,10,128,20000,0.1,0.9,0.0005,cuda,False,False,2,35,192,0.9999970197677612
label_sorted,1,results_v3_lr0p1,results_v3_lr0p1,small_cnn,sgd,10,128,20000,0.1,0.9,0.0005,cuda,False,False,2,36,193,0.999999463558197
label_sorted,1,results_v3_lr0p1,results_v3_lr0p1,small_cnn,sgd,10,128,20000,0.1,0.9,0.0005,cuda,False,False,2,37,194,0.9999999403953552
label_sorted,1,results_v3_lr0p1,results_v3_lr0p1,small_cnn,sgd,10,128,20000,0.1,0.9,0.0005,cuda,False,False,2,38,195,1.0
label_sorted,1,results_v3_lr0p1,results_v3_lr0p1,small_cnn,sgd,10,128,20000,0.1,0.9,0.0005,cuda,False,False,2,39,196,1.0
label_sorted,1,results_v3_lr0p1,results_v3_lr0p1,small_cnn,sgd,10,128,20000,0.1,0.9,0.0005,cuda,False,False,2,40,197,1.0000001192092896
label_sorted,1,results_v3_lr0p1,results_v3_lr0p1,small_cnn,sgd,10,128,20000,0.1,0.9,0.0005,cuda,False,False,2,41,198,0.9999997019767761
label_sorted,1,results_v3_lr0p1,results_v3_lr0p1,small_cnn,sgd,10,128,20000,0.1,0.9,0.0005,cuda,False,False,2,42,199,0.9999991655349731
label_sorted,1,results_v3_lr0p1,results_v3_lr0p1,small_cnn,sgd,10,128,20000,0.1,0.9,0.0005,cuda,False,False,2,43,200,0.9999973177909851
label_sorted,1,results_v3_lr0p1,results_v3_lr0p1,small_cnn,sgd,10,128,20000,0.1,0.9,0.0005,cuda,False,False,2,44,201,0.9999921321868896
label_sorted,1,results_v3_lr0p1,results_v3_lr0p1,small_cnn,sgd,10,128,20000,0.1,0.9,0.0005,cuda,False,False,2,45,202,0.9999788999557495
label_sorted,1,results_v3_lr0p1,results_v3_lr0p1,small_cnn,sgd,10,128,20000,0.1,0.9,0.0005,cuda,False,False,2,46,203,0.9999507665634155
label_sorted,1,results_v3_lr0p1,results_v3_lr0p1,small_cnn,sgd,10,128,20000,0.1,0.9,0.0005,cuda,False,False,2,47,204,-0.127749502658844
label_sorted,1,results_v3_lr0p1,results_v3_lr0p1,small_cnn,sgd,10,128,20000,0.1,0.9,0.0005,cuda,False,False,2,48,205,0.9237616658210754
label_sorted,1,results_v3_lr0p1,results_v3_lr0p1,small_cnn,sgd,10,128,20000,0.1,0.9,0.0005,cuda,False,False,2,49,206,0.9999580383300781
label_sorted,1,results_v3_lr0p1,results_v3_lr0p1,small_cnn,sgd,10,128,20000,0.1,0.9,0.0005,cuda,False,False,2,50,207,0.9999935626983643
label_sorted,1,results_v3_lr0p1,results_v3_lr0p1,small_cnn,sgd,10,128,20000,0.1,0.9,0.0005,cuda,False,False,2,51,208,0.9999988079071045
label_sorted,1,results_v3_lr0p1,results_v3_lr0p1,small_cnn,sgd,10,128,20000,0.1,0.9,0.0005,cuda,False,False,2,52,209,0.9999996423721313
label_sorted,1,results_v3_lr0p1,results_v3_lr0p1,small_cnn,sgd,10,128,20000,0.1,0.9,0.0005,cuda,False,False,2,53,210,0.9999998807907104
label_sorted,1,results_v3_lr0p1,results_v3_lr0p1,small_cnn,sgd,10,128,20000,0.1,0.9,0.0005,cuda,False,False,2,54,211,1.0
label_sorted,1,results_v3_lr0p1,results_v3_lr0p1,small_cnn,sgd,10,128,20000,0.1,0.9,0.0005,cuda,False,False,2,55,212,0.9999998807907104
label_sorted,1,results_v3_lr0p1,results_v3_lr0p1,small_cnn,sgd,10,128,20000,0.1,0.9,0.0005,cuda,False,False,2,56,213,0.9999997615814209
label_sorted,1,results_v3_lr0p1,results_v3_lr0p1,small_cnn,sgd,10,128,20000,0.1,0.9,0.0005,cuda,False,False,2,57,214,0.9999996423721313
label_sorted,1,results_v3_lr0p1,results_v3_lr0p1,small_cnn,sgd,10,128,20000,0.1,0.9,0.0005,cuda,False,False,2,58,215,0.9999985098838806
label_sorted,1,results_v3_lr0p1,results_v3_lr0p1,small_cnn,sgd,10,128,20000,0.1,0.9,0.0005,cuda,False,False,2,59,216,0.9999952912330627
label_sorted,1,results_v3_lr0p1,results_v3_lr0p1,small_cnn,sgd,10,128,20000,0.1,0.9,0.0005,cuda,False,False,2,60,217,0.9999852180480957
label_sorted,1,results_v3_lr0p1,results_v3_lr0p1,small_cnn,sgd,10,128,20000,0.1,0.9,0.0005,cuda,False,False,2,61,218,0.9999556541442871
label_sorted,1,results_v3_lr0p1,results_v3_lr0p1,small_cnn,sgd,10,128,20000,0.1,0.9,0.0005,cuda,False,False,2,62,219,0.9998830556869507
label_sorted,1,results_v3_lr0p1,results_v3_lr0p1,small_cnn,sgd,10,128,20000,0.1,0.9,0.0005,cuda,False,False,2,63,220,-0.3987066447734833
label_sorted,1,results_v3_lr0p1,results_v3_lr0p1,small_cnn,sgd,10,128,20000,0.1,0.9,0.0005,cuda,False,False,2,64,221,0.9938270449638367
label_sorted,1,results_v3_lr0p1,results_v3_lr0p1,small_cnn,sgd,10,128,20000,0.1,0.9,0.0005,cuda,False,False,2,65,222,0.9999086260795593
label_sorted,1,results_v3_lr0p1,results_v3_lr0p1,small_cnn,sgd,10,128,20000,0.1,0.9,0.0005,cuda,False,False,2,66,223,0.9999868869781494
label_sorted,1,results_v3_lr0p1,results_v3_lr0p1,small_cnn,sgd,10,128,20000,0.1,0.9,0.0005,cuda,False,False,2,67,224,0.999997615814209
label_sorted,1,results_v3_lr0p1,results_v3_lr0p1,small_cnn,sgd,10,128,20000,0.1,0.9,0.0005,cuda,False,False,2,68,225,0.999999463558197
label_sorted,1,results_v3_lr0p1,results_v3_lr0p1,small_cnn,sgd,10,128,20000,0.1,0.9,0.0005,cuda,False,False,2,69,226,0.9999998211860657
label_sorted,1,results_v3_lr0p1,results_v3_lr0p1,small_cnn,sgd,10,128,20000,0.1,0.9,0.0005,cuda,False,False,2,70,227,0.9999999403953552
label_sorted,1,results_v3_lr0p1,results_v3_lr0p1,small_cnn,sgd,10,128,20000,0.1,0.9,0.0005,cuda,False,False,2,71,228,0.9999997615814209
label_sorted,1,results_v3_lr0p1,results_v3_lr0p1,small_cnn,sgd,10,128,20000,0.1,0.9,0.0005,cuda,False,False,2,72,229,0.9999995231628418
label_sorted,1,results_v3_lr0p1,results_v3_lr0p1,small_cnn,sgd,10,128,20000,0.1,0.9,0.0005,cuda,False,False,2,73,230,0.999998927116394
label_sorted,1,results_v3_lr0p1,results_v3_lr0p1,small_cnn,sgd,10,128,20000,0.1,0.9,0.0005,cuda,False,False,2,74,231,0.9999968409538269
label_sorted,1,results_v3_lr0p1,results_v3_lr0p1,small_cnn,sgd,10,128,20000,0.1,0.9,0.0005,cuda,False,False,2,75,232,0.9999906420707703
label_sorted,1,results_v3_lr0p1,results_v3_lr0p1,small_cnn,sgd,10,128,20000,0.1,0.9,0.0005,cuda,False,False,2,76,233,0.9999735951423645
label_sorted,1,results_v3_lr0p1,results_v3_lr0p1,small_cnn,sgd,10,128,20000,0.1,0.9,0.0005,cuda,False,False,2,77,234,0.9999340772628784
label_sorted,1,results_v3_lr0p1,results_v3_lr0p1,small_cnn,sgd,10,128,20000,0.1,0.9,0.0005,cuda,False,False,2,78,235,0.9998591542243958
label_sorted,1,results_v3_lr0p1,results_v3_lr0p1,small_cnn,sgd,10,128,20000,0.1,0.9,0.0005,cuda,False,False,2,79,236,-0.4968467354774475
label_sorted,1,results_v3_lr0p1,results_v3_lr0p1,small_cnn,sgd,10,128,20000,0.1,0.9,0.0005,cuda,False,False,2,80,237,0.9998352527618408
label_sorted,1,results_v3_lr0p1,results_v3_lr0p1,small_cnn,sgd,10,128,20000,0.1,0.9,0.0005,cuda,False,False,2,81,238,0.9999852776527405
label_sorted,1,results_v3_lr0p1,results_v3_lr0p1,small_cnn,sgd,10,128,20000,0.1,0.9,0.0005,cuda,False,False,2,82,239,0.9999974370002747
label_sorted,1,results_v3_lr0p1,results_v3_lr0p1,small_cnn,sgd,10,128,20000,0.1,0.9,0.0005,cuda,False,False,2,83,240,0.9999995231628418
label_sorted,1,results_v3_lr0p1,results_v3_lr0p1,small_cnn,sgd,10,128,20000,0.1,0.9,0.0005,cuda,False,False,2,84,241,0.9999999403953552
label_sorted,1,results_v3_lr0p1,results_v3_lr0p1,small_cnn,sgd,10,128,20000,0.1,0.9,0.0005,cuda,False,False,2,85,242,1.0
label_sorted,1,results_v3_lr0p1,results_v3_lr0p1,small_cnn,sgd,10,128,20000,0.1,0.9,0.0005,cuda,False,False,2,86,243,0.9999998807907104
label_sorted,1,results_v3_lr0p1,results_v3_lr0p1,small_cnn,sgd,10,128,20000,0.1,0.9,0.0005,cuda,False,False,2,87,244,0.9999997019767761
label_sorted,1,results_v3_lr0p1,results_v3_lr0p1,small_cnn,sgd,10,128,20000,0.1,0.9,0.0005,cuda,False,False,2,88,245,0.9999992847442627
label_sorted,1,results_v3_lr0p1,results_v3_lr0p1,small_cnn,sgd,10,128,20000,0.1,0.9,0.0005,cuda,False,False,2,89,246,0.9999980330467224
label_sorted,1,results_v3_lr0p1,results_v3_lr0p1,small_cnn,sgd,10,128,20000,0.1,0.9,0.0005,cuda,False,False,2,90,247,0.9999939799308777
label_sorted,1,results_v3_lr0p1,results_v3_lr0p1,small_cnn,sgd,10,128,20000,0.1,0.9,0.0005,cuda,False,False,2,91,248,0.9999815225601196
label_sorted,1,results_v3_lr0p1,results_v3_lr0p1,small_cnn,sgd,10,128,20000,0.1,0.9,0.0005,cuda,False,False,2,92,249,0.9999446272850037
label_sorted,1,results_v3_lr0p1,results_v3_lr0p1,small_cnn,sgd,10,128,20000,0.1,0.9,0.0005,cuda,False,False,2,93,250,0.99985271692276
label_sorted,1,results_v3_lr0p1,results_v3_lr0p1,small_cnn,sgd,10,128,20000,0.1,0.9,0.0005,cuda,False,False,2,94,251,-0.20211930572986603
label_sorted,1,results_v3_lr0p1,results_v3_lr0p1,small_cnn,sgd,10,128,20000,0.1,0.9,0.0005,cuda,False,False,2,95,252,0.9505094289779663
label_sorted,1,results_v3_lr0p1,results_v3_lr0p1,small_cnn,sgd,10,128,20000,0.1,0.9,0.0005,cuda,False,False,2,96,253,0.999876081943512
label_sorted,1,results_v3_lr0p1,results_v3_lr0p1,small_cnn,sgd,10,128,20000,0.1,0.9,0.0005,cuda,False,False,2,97,254,0.9999825358390808
label_sorted,1,results_v3_lr0p1,results_v3_lr0p1,small_cnn,sgd,10,128,20000,0.1,0.9,0.0005,cuda,False,False,2,98,255,0.9999969005584717
label_sorted,1,results_v3_lr0p1,results_v3_lr0p1,small_cnn,sgd,10,128,20000,0.1,0.9,0.0005,cuda,False,False,2,99,256,0.9999994039535522
label_sorted,1,results_v3_lr0p1,results_v3_lr0p1,small_cnn,sgd,10,128,20000,0.1,0.9,0.0005,cuda,False,False,2,100,257,0.9999998807907104
label_sorted,1,results_v3_lr0p1,results_v3_lr0p1,small_cnn,sgd,10,128,20000,0.1,0.9,0.0005,cuda,False,False,2,101,258,0.9999999403953552
label_sorted,1,results_v3_lr0p1,results_v3_lr0p1,small_cnn,sgd,10,128,20000,0.1,0.9,0.0005,cuda,False,False,2,102,259,0.9999999403953552
label_sorted,1,results_v3_lr0p1,results_v3_lr0p1,small_cnn,sgd,10,128,20000,0.1,0.9,0.0005,cuda,False,False,2,103,260,0.9999996423721313
label_sorted,1,results_v3_lr0p1,results_v3_lr0p1,small_cnn,sgd,10,128,20000,0.1,0.9,0.0005,cuda,False,False,2,104,261,0.9999987483024597
label_sorted,1,results_v3_lr0p1,results_v3_lr0p1,small_cnn,sgd,10,128,20000,0.1,0.9,0.0005,cuda,False,False,2,105,262,0.9999961256980896
label_sorted,1,results_v3_lr0p1,results_v3_lr0p1,small_cnn,sgd,10,128,20000,0.1,0.9,0.0005,cuda,False,False,2,106,263,0.9999881386756897
label_sorted,1,results_v3_lr0p1,results_v3_lr0p1,small_cnn,sgd,10,128,20000,0.1,0.9,0.0005,cuda,False,False,2,107,264,0.9999647736549377
label_sorted,1,results_v3_lr0p1,results_v3_lr0p1,small_cnn,sgd,10,128,20000,0.1,0.9,0.0005,cuda,False,False,2,108,265,0.9999058842658997
label_sorted,1,results_v3_lr0p1,results_v3_lr0p1,small_cnn,sgd,10,128,20000,0.1,0.9,0.0005,cuda,False,False,2,109,266,0.9997850060462952
label_sorted,1,results_v3_lr0p1,results_v3_lr0p1,small_cnn,sgd,10,128,20000,0.1,0.9,0.0005,cuda,False,False,2,110,267,-0.4754868149757385
label_sorted,1,results_v3_lr0p1,results_v3_lr0p1,small_cnn,sgd,10,128,20000,0.1,0.9,0.0005,cuda,False,False,2,111,268,0.998956024646759
label_sorted,1,results_v3_lr0p1,results_v3_lr0p1,small_cnn,sgd,10,128,20000,0.1,0.9,0.0005,cuda,False,False,2,112,269,0.9999688267707825
label_sorted,1,results_v3_lr0p1,results_v3_lr0p1,small_cnn,sgd,10,128,20000,0.1,0.9,0.0005,cuda,False,False,2,113,270,0.9999947547912598
label_sorted,1,results_v3_lr0p1,results_v3_lr0p1,small_cnn,sgd,10,128,20000,0.1,0.9,0.0005,cuda,False,False,2,114,271,0.999998927116394
label_sorted,1,results_v3_lr0p1,results_v3_lr0p1,small_cnn,sgd,10,128,20000,0.1,0.9,0.0005,cuda,False,False,2,115,272,0.9999997615814209
label_sorted,1,results_v3_lr0p1,results_v3_lr0p1,small_cnn,sgd,10,128,20000,0.1,0.9,0.0005,cuda,False,False,2,116,273,1.0
label_sorted,1,results_v3_lr0p1,results_v3_lr0p1,small_cnn,sgd,10,128,20000,0.1,0.9,0.0005,cuda,False,False,2,117,274,0.9999998807907104
label_sorted,1,results_v3_lr0p1,results_v3_lr0p1,small_cnn,sgd,10,128,20000,0.1,0.9,0.0005,cuda,False,False,2,118,275,0.9999997615814209
label_sorted,1,results_v3_lr0p1,results_v3_lr0p1,small_cnn,sgd,10,128,20000,0.1,0.9,0.0005,cuda,False,False,2,119,276,0.999999463558197
label_sorted,1,results_v3_lr0p1,results_v3_lr0p1,small_cnn,sgd,10,128,20000,0.1,0.9,0.0005,cuda,False,False,2,120,277,0.9999979138374329
label_sorted,1,results_v3_lr0p1,results_v3_lr0p1,small_cnn,sgd,10,128,20000,0.1,0.9,0.0005,cuda,False,False,2,121,278,0.9999935626983643
label_sorted,1,results_v3_lr0p1,results_v3_lr0p1,small_cnn,sgd,10,128,20000,0.1,0.9,0.0005,cuda,False,False,2,122,279,0.9999808073043823
label_sorted,1,results_v3_lr0p1,results_v3_lr0p1,small_cnn,sgd,10,128,20000,0.1,0.9,0.0005,cuda,False,False,2,123,280,0.9999465942382812
label_sorted,1,results_v3_lr0p1,results_v3_lr0p1,small_cnn,sgd,10,128,20000,0.1,0.9,0.0005,cuda,False,False,2,124,281,0.9998708963394165
label_sorted,1,results_v3_lr0p1,results_v3_lr0p1,small_cnn,sgd,10,128,20000,0.1,0.9,0.0005,cuda,False,False,2,125,282,0.9997336268424988
label_sorted,1,results_v3_lr0p1,results_v3_lr0p1,small_cnn,sgd,10,128,20000,0.1,0.9,0.0005,cuda,False,False,2,126,283,-0.516505241394043
label_sorted,1,results_v3_lr0p1,results_v3_lr0p1,small_cnn,sgd,10,128,20000,0.1,0.9,0.0005,cuda,False,False,2,127,284,0.9999346733093262
label_sorted,1,results_v3_lr0p1,results_v3_lr0p1,small_cnn,sgd,10,128,20000,0.1,0.9,0.0005,cuda,False,False,2,128,285,0.9999902844429016
label_sorted,1,results_v3_lr0p1,results_v3_lr0p1,small_cnn,sgd,10,128,20000,0.1,0.9,0.0005,cuda,False,False,2,129,286,0.9999982118606567
label_sorted,1,results_v3_lr0p1,results_v3_lr0p1,small_cnn,sgd,10,128,20000,0.1,0.9,0.0005,cuda,False,False,2,130,287,0.9999996423721313
label_sorted,1,results_v3_lr0p1,results_v3_lr0p1,small_cnn,sgd,10,128,20000,0.1,0.9,0.0005,cuda,False,False,2,131,288,0.9999998807907104
label_sorted,1,results_v3_lr0p1,results_v3_lr0p1,small_cnn,sgd,10,128,20000,0.1,0.9,0.0005,cuda,False,False,2,132,289,1.0
label_sorted,1,results_v3_lr0p1,results_v3_lr0p1,small_cnn,sgd,10,128,20000,0.1,0.9,0.0005,cuda,False,False,2,133,290,0.9999998807907104
label_sorted,1,results_v3_lr0p1,results_v3_lr0p1,small_cnn,sgd,10,128,20000,0.1,0.9,0.0005,cuda,False,False,2,134,291,0.9999996423721313
label_sorted,1,results_v3_lr0p1,results_v3_lr0p1,small_cnn,sgd,10,128,20000,0.1,0.9,0.0005,cuda,False,False,2,135,292,0.9999990463256836
label_sorted,1,results_v3_lr0p1,results_v3_lr0p1,small_cnn,sgd,10,128,20000,0.1,0.9,0.0005,cuda,False,False,2,136,293,0.9999972581863403
label_sorted,1,results_v3_lr0p1,results_v3_lr0p1,small_cnn,sgd,10,128,20000,0.1,0.9,0.0005,cuda,False,False,2,137,294,0.999991774559021
label_sorted,1,results_v3_lr0p1,results_v3_lr0p1,small_cnn,sgd,10,128,20000,0.1,0.9,0.0005,cuda,False,False,2,138,295,0.9999758005142212
label_sorted,1,results_v3_lr0p1,results_v3_lr0p1,small_cnn,sgd,10,128,20000,0.1,0.9,0.0005,cuda,False,False,2,139,296,0.9999359250068665
label_sorted,1,results_v3_lr0p1,results_v3_lr0p1,small_cnn,sgd,10,128,20000,0.1,0.9,0.0005,cuda,False,False,2,140,297,0.9998544454574585
label_sorted,1,results_v3_lr0p1,results_v3_lr0p1,small_cnn,sgd,10,128,20000,0.1,0.9,0.0005,cuda,False,False,2,141,298,-0.4381711184978485
label_sorted,1,results_v3_lr0p1,results_v3_lr0p1,small_cnn,sgd,10,128,20000,0.1,0.9,0.0005,cuda,False,False,2,142,299,0.9964474439620972
label_sorted,1,results_v3_lr0p1,results_v3_lr0p1,small_cnn,sgd,10,128,20000,0.1,0.9,0.0005,cuda,False,False,2,143,300,0.9999722838401794
label_sorted,1,results_v3_lr0p1,results_v3_lr0p1,small_cnn,sgd,10,128,20000,0.1,0.9,0.0005,cuda,False,False,2,144,301,0.9999955296516418
label_sorted,1,results_v3_lr0p1,results_v3_lr0p1,small_cnn,sgd,10,128,20000,0.1,0.9,0.0005,cuda,False,False,2,145,302,0.9999991655349731
label_sorted,1,results_v3_lr0p1,results_v3_lr0p1,small_cnn,sgd,10,128,20000,0.1,0.9,0.0005,cuda,False,False,2,146,303,0.9999998211860657
label_sorted,1,results_v3_lr0p1,results_v3_lr0p1,small_cnn,sgd,10,128,20000,0.1,0.9,0.0005,cuda,False,False,2,147,304,1.0
label_sorted,1,results_v3_lr0p1,results_v3_lr0p1,small_cnn,sgd,10,128,20000,0.1,0.9,0.0005,cuda,False,False,2,148,305,1.0000001192092896
label_sorted,1,results_v3_lr0p1,results_v3_lr0p1,small_cnn,sgd,10,128,20000,0.1,0.9,0.0005,cuda,False,False,2,149,306,0.9999998807907104
label_sorted,1,results_v3_lr0p1,results_v3_lr0p1,small_cnn,sgd,10,128,20000,0.1,0.9,0.0005,cuda,False,False,2,150,307,0.9999996423721313
label_sorted,1,results_v3_lr0p1,results_v3_lr0p1,small_cnn,sgd,10,128,20000,0.1,0.9,0.0005,cuda,False,False,2,151,308,0.9999989867210388
label_sorted,1,results_v3_lr0p1,results_v3_lr0p1,small_cnn,sgd,10,128,20000,0.1,0.9,0.0005,cuda,False,False,2,152,309,0.9999967813491821
label_sorted,1,results_v3_lr0p1,results_v3_lr0p1,small_cnn,sgd,10,128,20000,0.1,0.9,0.0005,cuda,False,False,2,153,310,0.9999900460243225
label_sorted,1,results_v3_lr0p1,results_v3_lr0p1,small_cnn,sgd,10,128,20000,0.1,0.9,0.0005,cuda,False,False,2,154,311,0.9999716281890869
label_sorted,1,results_v3_lr0p1,results_v3_lr0p1,small_cnn,sgd,10,128,20000,0.1,0.9,0.0005,cuda,False,False,2,155,312,0.9999284744262695
label_sorted,1,results_v3_lr0p1,results_v3_lr0p1,small_cnn,sgd,10,128,20000,0.1,0.9,0.0005,cuda,False,False,2,156,313,0.9998456239700317
label_sorted,1,results_v3_lr0p1,results_v3_lr0p1,small_cnn,sgd,10,128,20000,0.1,0.9,0.0005,cuda,False,False,2,157,314,0.9997107982635498
label_sorted,1,results_v3_lr0p1,results_v3_lr0p1,small_cnn,sgd,10,128,20000,0.1,0.9,0.0005,cuda,False,False,3,1,315,-0.5302236676216125
label_sorted,1,results_v3_lr0p1,results_v3_lr0p1,small_cnn,sgd,10,128,20000,0.1,0.9,0.0005,cuda,False,False,3,2,316,0.9999865293502808
label_sorted,1,results_v3_lr0p1,results_v3_lr0p1,small_cnn,sgd,10,128,20000,0.1,0.9,0.0005,cuda,False,False,3,3,317,0.9999977350234985
label_sorted,1,results_v3_lr0p1,results_v3_lr0p1,small_cnn,sgd,10,128,20000,0.1,0.9,0.0005,cuda,False,False,3,4,318,0.9999995231628418
label_sorted,1,results_v3_lr0p1,results_v3_lr0p1,small_cnn,sgd,10,128,20000,0.1,0.9,0.0005,cuda,False,False,3,5,319,0.9999998807907104
label_sorted,1,results_v3_lr0p1,results_v3_lr0p1,small_cnn,sgd,10,128,20000,0.1,0.9,0.0005,cuda,False,False,3,6,320,1.0
label_sorted,1,results_v3_lr0p1,results_v3_lr0p1,small_cnn,sgd,10,128,20000,0.1,0.9,0.0005,cuda,False,False,3,7,321,0.9999998807907104
label_sorted,1,results_v3_lr0p1,results_v3_lr0p1,small_cnn,sgd,10,128,20000,0.1,0.9,0.0005,cuda,False,False,3,8,322,0.9999998807907104
label_sorted,1,results_v3_lr0p1,results_v3_lr0p1,small_cnn,sgd,10,128,20000,0.1,0.9,0.0005,cuda,False,False,3,9,323,0.9999997615814209
label_sorted,1,results_v3_lr0p1,results_v3_lr0p1,small_cnn,sgd,10,128,20000,0.1,0.9,0.0005,cuda,False,False,3,10,324,0.9999995231628418
label_sorted,1,results_v3_lr0p1,results_v3_lr0p1,small_cnn,sgd,10,128,20000,0.1,0.9,0.0005,cuda,False,False,3,11,325,0.9999984502792358
label_sorted,1,results_v3_lr0p1,results_v3_lr0p1,small_cnn,sgd,10,128,20000,0.1,0.9,0.0005,cuda,False,False,3,12,326,0.9999954700469971
label_sorted,1,results_v3_lr0p1,results_v3_lr0p1,small_cnn,sgd,10,128,20000,0.1,0.9,0.0005,cuda,False,False,3,13,327,0.9999862909317017
label_sorted,1,results_v3_lr0p1,results_v3_lr0p1,small_cnn,sgd,10,128,20000,0.1,0.9,0.0005,cuda,False,False,3,14,328,0.9999610185623169
label_sorted,1,results_v3_lr0p1,results_v3_lr0p1,small_cnn,sgd,10,128,20000,0.1,0.9,0.0005,cuda,False,False,3,15,329,0.9999052286148071
label_sorted,1,results_v3_lr0p1,results_v3_lr0p1,small_cnn,sgd,10,128,20000,0.1,0.9,0.0005,cuda,False,False,3,16,330,-0.4237518608570099
label_sorted,1,results_v3_lr0p1,results_v3_lr0p1,small_cnn,sgd,10,128,20000,0.1,0.9,0.0005,cuda,False,False,3,17,331,0.9956070184707642
label_sorted,1,results_v3_lr0p1,results_v3_lr0p1,small_cnn,sgd,10,128,20000,0.1,0.9,0.0005,cuda,False,False,3,18,332,0.9999664425849915
label_sorted,1,results_v3_lr0p1,results_v3_lr0p1,small_cnn,sgd,10,128,20000,0.1,0.9,0.0005,cuda,False,False,3,19,333,0.999994695186615
label_sorted,1,results_v3_lr0p1,results_v3_lr0p1,small_cnn,sgd,10,128,20000,0.1,0.9,0.0005,cuda,False,False,3,20,334,0.9999990463256836
label_sorted,1,results_v3_lr0p1,results_v3_lr0p1,small_cnn,sgd,10,128,20000,0.1,0.9,0.0005,cuda,False,False,3,21,335,0.9999997019767761
label_sorted,1,results_v3_lr0p1,results_v3_lr0p1,small_cnn,sgd,10,128,20000,0.1,0.9,0.0005,cuda,False,False,3,22,336,0.9999998807907104
label_sorted,1,results_v3_lr0p1,results_v3_lr0p1,small_cnn,sgd,10,128,20000,0.1,0.9,0.0005,cuda,False,False,3,23,337,0.9999999403953552
label_sorted,1,results_v3_lr0p1,results_v3_lr0p1,small_cnn,sgd,10,128,20000,0.1,0.9,0.0005,cuda,False,False,3,24,338,0.9999998807907104
label_sorted,1,results_v3_lr0p1,results_v3_lr0p1,small_cnn,sgd,10,128,20000,0.1,0.9,0.0005,cuda,False,False,3,25,339,0.9999997019767761
label_sorted,1,results_v3_lr0p1,results_v3_lr0p1,small_cnn,sgd,10,128,20000,0.1,0.9,0.0005,cuda,False,False,3,26,340,0.9999992251396179
label_sorted,1,results_v3_lr0p1,results_v3_lr0p1,small_cnn,sgd,10,128,20000,0.1,0.9,0.0005,cuda,False,False,3,27,341,0.9999979734420776
label_sorted,1,results_v3_lr0p1,results_v3_lr0p1,small_cnn,sgd,10,128,20000,0.1,0.9,0.0005,cuda,False,False,3,28,342,0.9999939799308777
label_sorted,1,results_v3_lr0p1,results_v3_lr0p1,small_cnn,sgd,10,128,20000,0.1,0.9,0.0005,cuda,False,False,3,29,343,0.9999827146530151
label_sorted,1,results_v3_lr0p1,results_v3_lr0p1,small_cnn,sgd,10,128,20000,0.1,0.9,0.0005,cuda,False,False,3,30,344,0.9999563097953796
label_sorted,1,results_v3_lr0p1,results_v3_lr0p1,small_cnn,sgd,10,128,20000,0.1,0.9,0.0005,cuda,False,False,3,31,345,0.9999054670333862
label_sorted,1,results_v3_lr0p1,results_v3_lr0p1,small_cnn,sgd,10,128,20000,0.1,0.9,0.0005,cuda,False,False,3,32,346,-0.49007782340049744
label_sorted,1,results_v3_lr0p1,results_v3_lr0p1,small_cnn,sgd,10,128,20000,0.1,0.9,0.0005,cuda,False,False,3,33,347,0.9997438192367554
label_sorted,1,results_v3_lr0p1,results_v3_lr0p1,small_cnn,sgd,10,128,20000,0.1,0.9,0.0005,cuda,False,False,3,34,348,0.9999862313270569
label_sorted,1,results_v3_lr0p1,results_v3_lr0p1,small_cnn,sgd,10,128,20000,0.1,0.9,0.0005,cuda,False,False,3,35,349,0.999997615814209
label_sorted,1,results_v3_lr0p1,results_v3_lr0p1,small_cnn,sgd,10,128,20000,0.1,0.9,0.0005,cuda,False,False,3,36,350,0.9999995827674866
label_sorted,1,results_v3_lr0p1,results_v3_lr0p1,small_cnn,sgd,10,128,20000,0.1,0.9,0.0005,cuda,False,False,3,37,351,0.9999999403953552
label_sorted,1,results_v3_lr0p1,results_v3_lr0p1,small_cnn,sgd,10,128,20000,0.1,0.9,0.0005,cuda,False,False,3,38,352,1.0
label_sorted,1,results_v3_lr0p1,results_v3_lr0p1,small_cnn,sgd,10,128,20000,0.1,0.9,0.0005,cuda,False,False,3,39,353,1.0
label_sorted,1,results_v3_lr0p1,results_v3_lr0p1,small_cnn,sgd,10,128,20000,0.1,0.9,0.0005,cuda,False,False,3,40,354,0.9999999403953552
label_sorted,1,results_v3_lr0p1,results_v3_lr0p1,small_cnn,sgd,10,128,20000,0.1,0.9,0.0005,cuda,False,False,3,41,355,0.9999995827674866
label_sorted,1,results_v3_lr0p1,results_v3_lr0p1,small_cnn,sgd,10,128,20000,0.1,0.9,0.0005,cuda,False,False,3,42,356,0.9999988079071045
label_sorted,1,results_v3_lr0p1,results_v3_lr0p1,small_cnn,sgd,10,128,20000,0.1,0.9,0.0005,cuda,False,False,3,43,357,0.9999964833259583
label_sorted,1,results_v3_lr0p1,results_v3_lr0p1,small_cnn,sgd,10,128,20000,0.1,0.9,0.0005,cuda,False,False,3,44,358,0.9999893307685852
label_sorted,1,results_v3_lr0p1,results_v3_lr0p1,small_cnn,sgd,10,128,20000,0.1,0.9,0.0005,cuda,False,False,3,45,359,0.9999681711196899
label_sorted,1,results_v3_lr0p1,results_v3_lr0p1,small_cnn,sgd,10,128,20000,0.1,0.9,0.0005,cuda,False,False,3,46,360,0.9999156594276428
label_sorted,1,results_v3_lr0p1,results_v3_lr0p1,small_cnn,sgd,10,128,20000,0.1,0.9,0.0005,cuda,False,False,3,47,361,0.18748913705348969
label_sorted,1,results_v3_lr0p1,results_v3_lr0p1,small_cnn,sgd,10,128,20000,0.1,0.9,0.0005,cuda,False,False,3,48,362,0.7618701457977295
label_sorted,1,results_v3_lr0p1,results_v3_lr0p1,small_cnn,sgd,10,128,20000,0.1,0.9,0.0005,cuda,False,False,3,49,363,0.9998802542686462
label_sorted,1,results_v3_lr0p1,results_v3_lr0p1,small_cnn,sgd,10,128,20000,0.1,0.9,0.0005,cuda,False,False,3,50,364,0.999983549118042
label_sorted,1,results_v3_lr0p1,results_v3_lr0p1,small_cnn,sgd,10,128,20000,0.1,0.9,0.0005,cuda,False,False,3,51,365,0.9999970197677612
label_sorted,1,results_v3_lr0p1,results_v3_lr0p1,small_cnn,sgd,10,128,20000,0.1,0.9,0.0005,cuda,False,False,3,52,366,0.9999994039535522
label_sorted,1,results_v3_lr0p1,results_v3_lr0p1,small_cnn,sgd,10,128,20000,0.1,0.9,0.0005,cuda,False,False,3,53,367,0.9999998807907104
label_sorted,1,results_v3_lr0p1,results_v3_lr0p1,small_cnn,sgd,10,128,20000,0.1,0.9,0.0005,cuda,False,False,3,54,368,1.0
label_sorted,1,results_v3_lr0p1,results_v3_lr0p1,small_cnn,sgd,10,128,20000,0.1,0.9,0.0005,cuda,False,False,3,55,369,1.0
label_sorted,1,results_v3_lr0p1,results_v3_lr0p1,small_cnn,sgd,10,128,20000,0.1,0.9,0.0005,cuda,False,False,3,56,370,0.9999998211860657
label_sorted,1,results_v3_lr0p1,results_v3_lr0p1,small_cnn,sgd,10,128,20000,0.1,0.9,0.0005,cuda,False,False,3,57,371,0.9999994039535522
label_sorted,1,results_v3_lr0p1,results_v3_lr0p1,small_cnn,sgd,10,128,20000,0.1,0.9,0.0005,cuda,False,False,3,58,372,0.9999980926513672
label_sorted,1,results_v3_lr0p1,results_v3_lr0p1,small_cnn,sgd,10,128,20000,0.1,0.9,0.0005,cuda,False,False,3,59,373,0.9999940395355225
label_sorted,1,results_v3_lr0p1,results_v3_lr0p1,small_cnn,sgd,10,128,20000,0.1,0.9,0.0005,cuda,False,False,3,60,374,0.9999828338623047
label_sorted,1,results_v3_lr0p1,results_v3_lr0p1,small_cnn,sgd,10,128,20000,0.1,0.9,0.0005,cuda,False,False,3,61,375,0.9999552369117737
label_sorted,1,results_v3_lr0p1,results_v3_lr0p1,small_cnn,sgd,10,128,20000,0.1,0.9,0.0005,cuda,False,False,3,62,376,0.99989914894104
label_sorted,1,results_v3_lr0p1,results_v3_lr0p1,small_cnn,sgd,10,128,20000,0.1,0.9,0.0005,cuda,False,False,3,63,377,-0.45669296383857727
label_sorted,1,results_v3_lr0p1,results_v3_lr0p1,small_cnn,sgd,10,128,20000,0.1,0.9,0.0005,cuda,False,False,3,64,378,0.9983776211738586
label_sorted,1,results_v3_lr0p1,results_v3_lr0p1,small_cnn,sgd,10,128,20000,0.1,0.9,0.0005,cuda,False,False,3,65,379,0.9999731779098511
label_sorted,1,results_v3_lr0p1,results_v3_lr0p1,small_cnn,sgd,10,128,20000,0.1,0.9,0.0005,cuda,False,False,3,66,380,0.9999955296516418
label_sorted,1,results_v3_lr0p1,results_v3_lr0p1,small_cnn,sgd,10,128,20000,0.1,0.9,0.0005,cuda,False,False,3,67,381,0.9999992251396179
label_sorted,1,results_v3_lr0p1,results_v3_lr0p1,small_cnn,sgd,10,128,20000,0.1,0.9,0.0005,cuda,False,False,3,68,382,0.9999999403953552
label_sorted,1,results_v3_lr0p1,results_v3_lr0p1,small_cnn,sgd,10,128,20000,0.1,0.9,0.0005,cuda,False,False,3,69,383,0.9999999403953552
label_sorted,1,results_v3_lr0p1,results_v3_lr0p1,small_cnn,sgd,10,128,20000,0.1,0.9,0.0005,cuda,False,False,3,70,384,0.9999998807907104
label_sorted,1,results_v3_lr0p1,results_v3_lr0p1,small_cnn,sgd,10,128,20000,0.1,0.9,0.0005,cuda,False,False,3,71,385,0.9999999403953552
label_sorted,1,results_v3_lr0p1,results_v3_lr0p1,small_cnn,sgd,10,128,20000,0.1,0.9,0.0005,cuda,False,False,3,72,386,0.9999997019767761
label_sorted,1,results_v3_lr0p1,results_v3_lr0p1,small_cnn,sgd,10,128,20000,0.1,0.9,0.0005,cuda,False,False,3,73,387,0.9999989867210388
label_sorted,1,results_v3_lr0p1,results_v3_lr0p1,small_cnn,sgd,10,128,20000,0.1,0.9,0.0005,cuda,False,False,3,74,388,0.9999964833259583
label_sorted,1,results_v3_lr0p1,results_v3_lr0p1,small_cnn,sgd,10,128,20000,0.1,0.9,0.0005,cuda,False,False,3,75,389,0.9999894499778748
label_sorted,1,results_v3_lr0p1,results_v3_lr0p1,small_cnn,sgd,10,128,20000,0.1,0.9,0.0005,cuda,False,False,3,76,390,0.999968409538269
label_sorted,1,results_v3_lr0p1,results_v3_lr0p1,small_cnn,sgd,10,128,20000,0.1,0.9,0.0005,cuda,False,False,3,77,391,0.99991375207901
label_sorted,1,results_v3_lr0p1,results_v3_lr0p1,small_cnn,sgd,10,128,20000,0.1,0.9,0.0005,cuda,False,False,3,78,392,0.9997989535331726
label_sorted,1,results_v3_lr0p1,results_v3_lr0p1,small_cnn,sgd,10,128,20000,0.1,0.9,0.0005,cuda,False,False,3,79,393,-0.4919504225254059
label_sorted,1,results_v3_lr0p1,results_v3_lr0p1,small_cnn,sgd,10,128,20000,0.1,0.9,0.0005,cuda,False,False,3,80,394,0.999682605266571
label_sorted,1,results_v3_lr0p1,results_v3_lr0p1,small_cnn,sgd,10,128,20000,0.1,0.9,0.0005,cuda,False,False,3,81,395,0.9999737739562988
label_sorted,1,results_v3_lr0p1,results_v3_lr0p1,small_cnn,sgd,10,128,20000,0.1,0.9,0.0005,cuda,False,False,3,82,396,0.9999955296516418
label_sorted,1,results_v3_lr0p1,results_v3_lr0p1,small_cnn,sgd,10,128,20000,0.1,0.9,0.0005,cuda,False,False,3,83,397,0.9999991655349731
label_sorted,1,results_v3_lr0p1,results_v3_lr0p1,small_cnn,sgd,10,128,20000,0.1,0.9,0.0005,cuda,False,False,3,84,398,0.9999999403953552
label_sorted,1,results_v3_lr0p1,results_v3_lr0p1,small_cnn,sgd,10,128,20000,0.1,0.9,0.0005,cuda,False,False,3,85,399,1.0
label_sorted,1,results_v3_lr0p1,results_v3_lr0p1,small_cnn,sgd,10,128,20000,0.1,0.9,0.0005,cuda,False,False,3,86,400,0.9999999403953552
label_sorted,1,results_v3_lr0p1,results_v3_lr0p1,small_cnn,sgd,10,128,20000,0.1,0.9,0.0005,cuda,False,False,3,87,401,0.9999996423721313
label_sorted,1,results_v3_lr0p1,results_v3_lr0p1,small_cnn,sgd,10,128,20000,0.1,0.9,0.0005,cuda,False,False,3,88,402,0.9999993443489075
label_sorted,1,results_v3_lr0p1,results_v3_lr0p1,small_cnn,sgd,10,128,20000,0.1,0.9,0.0005,cuda,False,False,3,89,403,0.9999979138374329
label_sorted,1,results_v3_lr0p1,results_v3_lr0p1,small_cnn,sgd,10,128,20000,0.1,0.9,0.0005,cuda,False,False,3,90,404,0.9999939203262329
label_sorted,1,results_v3_lr0p1,results_v3_lr0p1,small_cnn,sgd,10,128,20000,0.1,0.9,0.0005,cuda,False,False,3,91,405,0.9999816417694092
label_sorted,1,results_v3_lr0p1,results_v3_lr0p1,small_cnn,sgd,10,128,20000,0.1,0.9,0.0005,cuda,False,False,3,92,406,0.9999490976333618
label_sorted,1,results_v3_lr0p1,results_v3_lr0p1,small_cnn,sgd,10,128,20000,0.1,0.9,0.0005,cuda,False,False,3,93,407,0.9998769164085388
label_sorted,1,results_v3_lr0p1,results_v3_lr0p1,small_cnn,sgd,10,128,20000,0.1,0.9,0.0005,cuda,False,False,3,94,408,-0.3190510869026184
label_sorted,1,results_v3_lr0p1,results_v3_lr0p1,small_cnn,sgd,10,128,20000,0.1,0.9,0.0005,cuda,False,False,3,95,409,0.9793130159378052
label_sorted,1,results_v3_lr0p1,results_v3_lr0p1,small_cnn,sgd,10,128,20000,0.1,0.9,0.0005,cuda,False,False,3,96,410,0.999943196773529
label_sorted,1,results_v3_lr0p1,results_v3_lr0p1,small_cnn,sgd,10,128,20000,0.1,0.9,0.0005,cuda,False,False,3,97,411,0.9999912977218628
label_sorted,1,results_v3_lr0p1,results_v3_lr0p1,small_cnn,sgd,10,128,20000,0.1,0.9,0.0005,cuda,False,False,3,98,412,0.9999983310699463
label_sorted,1,results_v3_lr0p1,results_v3_lr0p1,small_cnn,sgd,10,128,20000,0.1,0.9,0.0005,cuda,False,False,3,99,413,0.9999995827674866
label_sorted,1,results_v3_lr0p1,results_v3_lr0p1,small_cnn,sgd,10,128,20000,0.1,0.9,0.0005,cuda,False,False,3,100,414,0.9999998807907104
label_sorted,1,results_v3_lr0p1,results_v3_lr0p1,small_cnn,sgd,10,128,20000,0.1,0.9,0.0005,cuda,False,False,3,101,415,0.9999999403953552
label_sorted,1,results_v3_lr0p1,results_v3_lr0p1,small_cnn,sgd,10,128,20000,0.1,0.9,0.0005,cuda,False,False,3,102,416,0.9999999403953552
label_sorted,1,results_v3_lr0p1,results_v3_lr0p1,small_cnn,sgd,10,128,20000,0.1,0.9,0.0005,cuda,False,False,3,103,417,0.9999997019767761
label_sorted,1,results_v3_lr0p1,results_v3_lr0p1,small_cnn,sgd,10,128,20000,0.1,0.9,0.0005,cuda,False,False,3,104,418,0.9999989867210388
label_sorted,1,results_v3_lr0p1,results_v3_lr0p1,small_cnn,sgd,10,128,20000,0.1,0.9,0.0005,cuda,False,False,3,105,419,0.9999967813491821
label_sorted,1,results_v3_lr0p1,results_v3_lr0p1,small_cnn,sgd,10,128,20000,0.1,0.9,0.0005,cuda,False,False,3,106,420,0.9999902844429016
label_sorted,1,results_v3_lr0p1,results_v3_lr0p1,small_cnn,sgd,10,128,20000,0.1,0.9,0.0005,cuda,False,False,3,107,421,0.9999712109565735
label_sorted,1,results_v3_lr0p1,results_v3_lr0p1,small_cnn,sgd,10,128,20000,0.1,0.9,0.0005,cuda,False,False,3,108,422,0.9999246001243591
label_sorted,1,results_v3_lr0p1,results_v3_lr0p1,small_cnn,sgd,10,128,20000,0.1,0.9,0.0005,cuda,False,False,3,109,423,0.9998312592506409
label_sorted,1,results_v3_lr0p1,results_v3_lr0p1,small_cnn,sgd,10,128,20000,0.1,0.9,0.0005,cuda,False,False,3,110,424,-0.48103204369544983
label_sorted,1,results_v3_lr0p1,results_v3_lr0p1,small_cnn,sgd,10,128,20000,0.1,0.9,0.0005,cuda,False,False,3,111,425,0.9992592334747314
label_sorted,1,results_v3_lr0p1,results_v3_lr0p1,small_cnn,sgd,10,128,20000,0.1,0.9,0.0005,cuda,False,False,3,112,426,0.9999774694442749
label_sorted,1,results_v3_lr0p1,results_v3_lr0p1,small_cnn,sgd,10,128,20000,0.1,0.9,0.0005,cuda,False,False,3,113,427,0.9999960660934448
label_sorted,1,results_v3_lr0p1,results_v3_lr0p1,small_cnn,sgd,10,128,20000,0.1,0.9,0.0005,cuda,False,False,3,114,428,0.9999992251396179
label_sorted,1,results_v3_lr0p1,results_v3_lr0p1,small_cnn,sgd,10,128,20000,0.1,0.9,0.0005,cuda,False,False,3,115,429,0.9999998211860657
label_sorted,1,results_v3_lr0p1,results_v3_lr0p1,small_cnn,sgd,10,128,20000,0.1,0.9,0.0005,cuda,False,False,3,116,430,0.9999999403953552
label_sorted,1,results_v3_lr0p1,results_v3_lr0p1,small_cnn,sgd,10,128,20000,0.1,0.9,0.0005,cuda,False,False,3,117,431,1.0
label_sorted,1,results_v3_lr0p1,results_v3_lr0p1,small_cnn,sgd,10,128,20000,0.1,0.9,0.0005,cuda,False,False,3,118,432,0.9999997615814209
label_sorted,1,results_v3_lr0p1,results_v3_lr0p1,small_cnn,sgd,10,128,20000,0.1,0.9,0.0005,cuda,False,False,3,119,433,0.999999463558197
label_sorted,1,results_v3_lr0p1,results_v3_lr0p1,small_cnn,sgd,10,128,20000,0.1,0.9,0.0005,cuda,False,False,3,120,434,0.9999983906745911
label_sorted,1,results_v3_lr0p1,results_v3_lr0p1,small_cnn,sgd,10,128,20000,0.1,0.9,0.0005,cuda,False,False,3,121,435,0.9999953508377075
label_sorted,1,results_v3_lr0p1,results_v3_lr0p1,small_cnn,sgd,10,128,20000,0.1,0.9,0.0005,cuda,False,False,3,122,436,0.9999861717224121
label_sorted,1,results_v3_lr0p1,results_v3_lr0p1,small_cnn,sgd,10,128,20000,0.1,0.9,0.0005,cuda,False,False,3,123,437,0.999960720539093
label_sorted,1,results_v3_lr0p1,results_v3_lr0p1,small_cnn,sgd,10,128,20000,0.1,0.9,0.0005,cuda,False,False,3,124,438,0.9999029636383057
label_sorted,1,results_v3_lr0p1,results_v3_lr0p1,small_cnn,sgd,10,128,20000,0.1,0.9,0.0005,cuda,False,False,3,125,439,0.9997953176498413
label_sorted,1,results_v3_lr0p1,results_v3_lr0p1,small_cnn,sgd,10,128,20000,0.1,0.9,0.0005,cuda,False,False,3,126,440,-0.5113233327865601
label_sorted,1,results_v3_lr0p1,results_v3_lr0p1,small_cnn,sgd,10,128,20000,0.1,0.9,0.0005,cuda,False,False,3,127,441,0.9999294281005859
label_sorted,1,results_v3_lr0p1,results_v3_lr0p1,small_cnn,sgd,10,128,20000,0.1,0.9,0.0005,cuda,False,False,3,128,442,0.9999897480010986
label_sorted,1,results_v3_lr0p1,results_v3_lr0p1,small_cnn,sgd,10,128,20000,0.1,0.9,0.0005,cuda,False,False,3,129,443,0.9999980926513672
label_sorted,1,results_v3_lr0p1,results_v3_lr0p1,small_cnn,sgd,10,128,20000,0.1,0.9,0.0005,cuda,False,False,3,130,444,0.9999995827674866
label_sorted,1,results_v3_lr0p1,results_v3_lr0p1,small_cnn,sgd,10,128,20000,0.1,0.9,0.0005,cuda,False,False,3,131,445,0.9999998807907104
label_sorted,1,results_v3_lr0p1,results_v3_lr0p1,small_cnn,sgd,10,128,20000,0.1,0.9,0.0005,cuda,False,False,3,132,446,0.9999999403953552
label_sorted,1,results_v3_lr0p1,results_v3_lr0p1,small_cnn,sgd,10,128,20000,0.1,0.9,0.0005,cuda,False,False,3,133,447,0.9999998807907104
label_sorted,1,results_v3_lr0p1,results_v3_lr0p1,small_cnn,sgd,10,128,20000,0.1,0.9,0.0005,cuda,False,False,3,134,448,0.9999997615814209
label_sorted,1,results_v3_lr0p1,results_v3_lr0p1,small_cnn,sgd,10,128,20000,0.1,0.9,0.0005,cuda,False,False,3,135,449,0.9999992847442627
label_sorted,1,results_v3_lr0p1,results_v3_lr0p1,small_cnn,sgd,10,128,20000,0.1,0.9,0.0005,cuda,False,False,3,136,450,0.9999978542327881
label_sorted,1,results_v3_lr0p1,results_v3_lr0p1,small_cnn,sgd,10,128,20000,0.1,0.9,0.0005,cuda,False,False,3,137,451,0.9999935626983643
label_sorted,1,results_v3_lr0p1,results_v3_lr0p1,small_cnn,sgd,10,128,20000,0.1,0.9,0.0005,cuda,False,False,3,138,452,0.999981164932251
label_sorted,1,results_v3_lr0p1,results_v3_lr0p1,small_cnn,sgd,10,128,20000,0.1,0.9,0.0005,cuda,False,False,3,139,453,0.9999492168426514
label_sorted,1,results_v3_lr0p1,results_v3_lr0p1,small_cnn,sgd,10,128,20000,0.1,0.9,0.0005,cuda,False,False,3,140,454,0.9998823404312134
label_sorted,1,results_v3_lr0p1,results_v3_lr0p1,small_cnn,sgd,10,128,20000,0.1,0.9,0.0005,cuda,False,False,3,141,455,-0.4271172285079956
label_sorted,1,results_v3_lr0p1,results_v3_lr0p1,small_cnn,sgd,10,128,20000,0.1,0.9,0.0005,cuda,False,False,3,142,456,0.9958094954490662
label_sorted,1,results_v3_lr0p1,results_v3_lr0p1,small_cnn,sgd,10,128,20000,0.1,0.9,0.0005,cuda,False,False,3,143,457,0.9999675154685974
label_sorted,1,results_v3_lr0p1,results_v3_lr0p1,small_cnn,sgd,10,128,20000,0.1,0.9,0.0005,cuda,False,False,3,144,458,0.9999948143959045
label_sorted,1,results_v3_lr0p1,results_v3_lr0p1,small_cnn,sgd,10,128,20000,0.1,0.9,0.0005,cuda,False,False,3,145,459,0.9999990463256836
label_sorted,1,results_v3_lr0p1,results_v3_lr0p1,small_cnn,sgd,10,128,20000,0.1,0.9,0.0005,cuda,False,False,3,146,460,0.9999998211860657
label_sorted,1,results_v3_lr0p1,results_v3_lr0p1,small_cnn,sgd,10,128,20000,0.1,0.9,0.0005,cuda,False,False,3,147,461,1.0
label_sorted,1,results_v3_lr0p1,results_v3_lr0p1,small_cnn,sgd,10,128,20000,0.1,0.9,0.0005,cuda,False,False,3,148,462,1.0
label_sorted,1,results_v3_lr0p1,results_v3_lr0p1,small_cnn,sgd,10,128,20000,0.1,0.9,0.0005,cuda,False,False,3,149,463,0.9999999403953552
label_sorted,1,results_v3_lr0p1,results_v3_lr0p1,small_cnn,sgd,10,128,20000,0.1,0.9,0.0005,cuda,False,False,3,150,464,0.9999995827674866
label_sorted,1,results_v3_lr0p1,results_v3_lr0p1,small_cnn,sgd,10,128,20000,0.1,0.9,0.0005,cuda,False,False,3,151,465,0.9999989867210388
label_sorted,1,results_v3_lr0p1,results_v3_lr0p1,small_cnn,sgd,10,128,20000,0.1,0.9,0.0005,cuda,False,False,3,152,466,0.999997079372406
label_sorted,1,results_v3_lr0p1,results_v3_lr0p1,small_cnn,sgd,10,128,20000,0.1,0.9,0.0005,cuda,False,False,3,153,467,0.9999910593032837
label_sorted,1,results_v3_lr0p1,results_v3_lr0p1,small_cnn,sgd,10,128,20000,0.1,0.9,0.0005,cuda,False,False,3,154,468,0.9999737739562988
label_sorted,1,results_v3_lr0p1,results_v3_lr0p1,small_cnn,sgd,10,128,20000,0.1,0.9,0.0005,cuda,False,False,3,155,469,0.9999316930770874
label_sorted,1,results_v3_lr0p1,results_v3_lr0p1,small_cnn,sgd,10,128,20000,0.1,0.9,0.0005,cuda,False,False,3,156,470,0.9998476505279541
label_sorted,1,results_v3_lr0p1,results_v3_lr0p1,small_cnn,sgd,10,128,20000,0.1,0.9,0.0005,cuda,False,False,3,157,471,0.9997068047523499
label_sorted,1,results_v3_lr0p1,results_v3_lr0p1,small_cnn,sgd,10,128,20000,0.1,0.9,0.0005,cuda,False,False,4,1,472,-0.5292453169822693
label_sorted,1,results_v3_lr0p1,results_v3_lr0p1,small_cnn,sgd,10,128,20000,0.1,0.9,0.0005,cuda,False,False,4,2,473,0.999981701374054
label_sorted,1,results_v3_lr0p1,results_v3_lr0p1,small_cnn,sgd,10,128,20000,0.1,0.9,0.0005,cuda,False,False,4,3,474,0.999997079372406
label_sorted,1,results_v3_lr0p1,results_v3_lr0p1,small_cnn,sgd,10,128,20000,0.1,0.9,0.0005,cuda,False,False,4,4,475,0.9999994039535522
label_sorted,1,results_v3_lr0p1,results_v3_lr0p1,small_cnn,sgd,10,128,20000,0.1,0.9,0.0005,cuda,False,False,4,5,476,0.9999998807907104
label_sorted,1,results_v3_lr0p1,results_v3_lr0p1,small_cnn,sgd,10,128,20000,0.1,0.9,0.0005,cuda,False,False,4,6,477,0.9999999403953552
label_sorted,1,results_v3_lr0p1,results_v3_lr0p1,small_cnn,sgd,10,128,20000,0.1,0.9,0.0005,cuda,False,False,4,7,478,1.0
label_sorted,1,results_v3_lr0p1,results_v3_lr0p1,small_cnn,sgd,10,128,20000,0.1,0.9,0.0005,cuda,False,False,4,8,479,1.0
label_sorted,1,results_v3_lr0p1,results_v3_lr0p1,small_cnn,sgd,10,128,20000,0.1,0.9,0.0005,cuda,False,False,4,9,480,0.9999998211860657
label_sorted,1,results_v3_lr0p1,results_v3_lr0p1,small_cnn,sgd,10,128,20000,0.1,0.9,0.0005,cuda,False,False,4,10,481,0.9999995231628418
label_sorted,1,results_v3_lr0p1,results_v3_lr0p1,small_cnn,sgd,10,128,20000,0.1,0.9,0.0005,cuda,False,False,4,11,482,0.9999985694885254
label_sorted,1,results_v3_lr0p1,results_v3_lr0p1,small_cnn,sgd,10,128,20000,0.1,0.9,0.0005,cuda,False,False,4,12,483,0.9999955892562866
label_sorted,1,results_v3_lr0p1,results_v3_lr0p1,small_cnn,sgd,10,128,20000,0.1,0.9,0.0005,cuda,False,False,4,13,484,0.9999868869781494
label_sorted,1,results_v3_lr0p1,results_v3_lr0p1,small_cnn,sgd,10,128,20000,0.1,0.9,0.0005,cuda,False,False,4,14,485,0.9999638199806213
label_sorted,1,results_v3_lr0p1,results_v3_lr0p1,small_cnn,sgd,10,128,20000,0.1,0.9,0.0005,cuda,False,False,4,15,486,0.9999139308929443
label_sorted,1,results_v3_lr0p1,results_v3_lr0p1,small_cnn,sgd,10,128,20000,0.1,0.9,0.0005,cuda,False,False,4,16,487,-0.4271969795227051
label_sorted,1,results_v3_lr0p1,results_v3_lr0p1,small_cnn,sgd,10,128,20000,0.1,0.9,0.0005,cuda,False,False,4,17,488,0.9961534142494202
label_sorted,1,results_v3_lr0p1,results_v3_lr0p1,small_cnn,sgd,10,128,20000,0.1,0.9,0.0005,cuda,False,False,4,18,489,0.9999702572822571
label_sorted,1,results_v3_lr0p1,results_v3_lr0p1,small_cnn,sgd,10,128,20000,0.1,0.9,0.0005,cuda,False,False,4,19,490,0.999995231628418
label_sorted,1,results_v3_lr0p1,results_v3_lr0p1,small_cnn,sgd,10,128,20000,0.1,0.9,0.0005,cuda,False,False,4,20,491,0.9999990463256836
label_sorted,1,results_v3_lr0p1,results_v3_lr0p1,small_cnn,sgd,10,128,20000,0.1,0.9,0.0005,cuda,False,False,4,21,492,0.9999998211860657
label_sorted,1,results_v3_lr0p1,results_v3_lr0p1,small_cnn,sgd,10,128,20000,0.1,0.9,0.0005,cuda,False,False,4,22,493,1.0
label_sorted,1,results_v3_lr0p1,results_v3_lr0p1,small_cnn,sgd,10,128,20000,0.1,0.9,0.0005,cuda,False,False,4,23,494,1.0
label_sorted,1,results_v3_lr0p1,results_v3_lr0p1,small_cnn,sgd,10,128,20000,0.1,0.9,0.0005,cuda,False,False,4,24,495,1.0
label_sorted,1,results_v3_lr0p1,results_v3_lr0p1,small_cnn,sgd,10,128,20000,0.1,0.9,0.0005,cuda,False,False,4,25,496,0.9999997615814209
label_sorted,1,results_v3_lr0p1,results_v3_lr0p1,small_cnn,sgd,10,128,20000,0.1,0.9,0.0005,cuda,False,False,4,26,497,0.9999992251396179
label_sorted,1,results_v3_lr0p1,results_v3_lr0p1,small_cnn,sgd,10,128,20000,0.1,0.9,0.0005,cuda,False,False,4,27,498,0.9999977350234985
label_sorted,1,results_v3_lr0p1,results_v3_lr0p1,small_cnn,sgd,10,128,20000,0.1,0.9,0.0005,cuda,False,False,4,28,499,0.9999930262565613
label_sorted,1,results_v3_lr0p1,results_v3_lr0p1,small_cnn,sgd,10,128,20000,0.1,0.9,0.0005,cuda,False,False,4,29,500,0.9999790787696838
label_sorted,1,results_v3_lr0p1,results_v3_lr0p1,small_cnn,sgd,10,128,20000,0.1,0.9,0.0005,cuda,False,False,4,30,501,0.9999425411224365
label_sorted,1,results_v3_lr0p1,results_v3_lr0p1,small_cnn,sgd,10,128,20000,0.1,0.9,0.0005,cuda,False,False,4,31,502,0.9998652338981628
label_sorted,1,results_v3_lr0p1,results_v3_lr0p1,small_cnn,sgd,10,128,20000,0.1,0.9,0.0005,cuda,False,False,4,32,503,-0.48225706815719604
label_sorted,1,results_v3_lr0p1,results_v3_lr0p1,small_cnn,sgd,10,128,20000,0.1,0.9,0.0005,cuda,False,False,4,33,504,0.9994671940803528
label_sorted,1,results_v3_lr0p1,results_v3_lr0p1,small_cnn,sgd,10,128,20000,0.1,0.9,0.0005,cuda,False,False,4,34,505,0.9999729990959167
label_sorted,1,results_v3_lr0p1,results_v3_lr0p1,small_cnn,sgd,10,128,20000,0.1,0.9,0.0005,cuda,False,False,4,35,506,0.9999955296516418
label_sorted,1,results_v3_lr0p1,results_v3_lr0p1,small_cnn,sgd,10,128,20000,0.1,0.9,0.0005,cuda,False,False,4,36,507,0.9999991655349731
label_sorted,1,results_v3_lr0p1,results_v3_lr0p1,small_cnn,sgd,10,128,20000,0.1,0.9,0.0005,cuda,False,False,4,37,508,0.9999997615814209
label_sorted,1,results_v3_lr0p1,results_v3_lr0p1,small_cnn,sgd,10,128,20000,0.1,0.9,0.0005,cuda,False,False,4,38,509,0.9999999403953552
label_sorted,1,results_v3_lr0p1,results_v3_lr0p1,small_cnn,sgd,10,128,20000,0.1,0.9,0.0005,cuda,False,False,4,39,510,1.0
label_sorted,1,results_v3_lr0p1,results_v3_lr0p1,small_cnn,sgd,10,128,20000,0.1,0.9,0.0005,cuda,False,False,4,40,511,0.9999998807907104
label_sorted,1,results_v3_lr0p1,results_v3_lr0p1,small_cnn,sgd,10,128,20000,0.1,0.9,0.0005,cuda,False,False,4,41,512,0.9999995827674866
label_sorted,1,results_v3_lr0p1,results_v3_lr0p1,small_cnn,sgd,10,128,20000,0.1,0.9,0.0005,cuda,False,False,4,42,513,0.9999986886978149
label_sorted,1,results_v3_lr0p1,results_v3_lr0p1,small_cnn,sgd,10,128,20000,0.1,0.9,0.0005,cuda,False,False,4,43,514,0.9999961853027344
label_sorted,1,results_v3_lr0p1,results_v3_lr0p1,small_cnn,sgd,10,128,20000,0.1,0.9,0.0005,cuda,False,False,4,44,515,0.9999887347221375
label_sorted,1,results_v3_lr0p1,results_v3_lr0p1,small_cnn,sgd,10,128,20000,0.1,0.9,0.0005,cuda,False,False,4,45,516,0.9999684691429138
label_sorted,1,results_v3_lr0p1,results_v3_lr0p1,small_cnn,sgd,10,128,20000,0.1,0.9,0.0005,cuda,False,False,4,46,517,0.9999245405197144
label_sorted,1,results_v3_lr0p1,results_v3_lr0p1,small_cnn,sgd,10,128,20000,0.1,0.9,0.0005,cuda,False,False,4,47,518,-0.06754174083471298
label_sorted,1,results_v3_lr0p1,results_v3_lr0p1,small_cnn,sgd,10,128,20000,0.1,0.9,0.0005,cuda,False,False,4,48,519,0.8979676365852356
label_sorted,1,results_v3_lr0p1,results_v3_lr0p1,small_cnn,sgd,10,128,20000,0.1,0.9,0.0005,cuda,False,False,4,49,520,0.9999457001686096
label_sorted,1,results_v3_lr0p1,results_v3_lr0p1,small_cnn,sgd,10,128,20000,0.1,0.9,0.0005,cuda,False,False,4,50,521,0.9999916553497314
label_sorted,1,results_v3_lr0p1,results_v3_lr0p1,small_cnn,sgd,10,128,20000,0.1,0.9,0.0005,cuda,False,False,4,51,522,0.9999984502792358
label_sorted,1,results_v3_lr0p1,results_v3_lr0p1,small_cnn,sgd,10,128,20000,0.1,0.9,0.0005,cuda,False,False,4,52,523,0.9999996423721313
label_sorted,1,results_v3_lr0p1,results_v3_lr0p1,small_cnn,sgd,10,128,20000,0.1,0.9,0.0005,cuda,False,False,4,53,524,0.9999999403953552
label_sorted,1,results_v3_lr0p1,results_v3_lr0p1,small_cnn,sgd,10,128,20000,0.1,0.9,0.0005,cuda,False,False,4,54,525,0.9999999403953552
label_sorted,1,results_v3_lr0p1,results_v3_lr0p1,small_cnn,sgd,10,128,20000,0.1,0.9,0.0005,cuda,False,False,4,55,526,0.9999999403953552
label_sorted,1,results_v3_lr0p1,results_v3_lr0p1,small_cnn,sgd,10,128,20000,0.1,0.9,0.0005,cuda,False,False,4,56,527,0.9999997019767761
label_sorted,1,results_v3_lr0p1,results_v3_lr0p1,small_cnn,sgd,10,128,20000,0.1,0.9,0.0005,cuda,False,False,4,57,528,0.9999992251396179
label_sorted,1,results_v3_lr0p1,results_v3_lr0p1,small_cnn,sgd,10,128,20000,0.1,0.9,0.0005,cuda,False,False,4,58,529,0.9999977946281433
label_sorted,1,results_v3_lr0p1,results_v3_lr0p1,small_cnn,sgd,10,128,20000,0.1,0.9,0.0005,cuda,False,False,4,59,530,0.9999935030937195
label_sorted,1,results_v3_lr0p1,results_v3_lr0p1,small_cnn,sgd,10,128,20000,0.1,0.9,0.0005,cuda,False,False,4,60,531,0.9999803304672241
label_sorted,1,results_v3_lr0p1,results_v3_lr0p1,small_cnn,sgd,10,128,20000,0.1,0.9,0.0005,cuda,False,False,4,61,532,0.9999447464942932
label_sorted,1,results_v3_lr0p1,results_v3_lr0p1,small_cnn,sgd,10,128,20000,0.1,0.9,0.0005,cuda,False,False,4,62,533,0.9998658299446106
label_sorted,1,results_v3_lr0p1,results_v3_lr0p1,small_cnn,sgd,10,128,20000,0.1,0.9,0.0005,cuda,False,False,4,63,534,-0.43888357281684875
label_sorted,1,results_v3_lr0p1,results_v3_lr0p1,small_cnn,sgd,10,128,20000,0.1,0.9,0.0005,cuda,False,False,4,64,535,0.9970989227294922
label_sorted,1,results_v3_lr0p1,results_v3_lr0p1,small_cnn,sgd,10,128,20000,0.1,0.9,0.0005,cuda,False,False,4,65,536,0.9999544620513916
label_sorted,1,results_v3_lr0p1,results_v3_lr0p1,small_cnn,sgd,10,128,20000,0.1,0.9,0.0005,cuda,False,False,4,66,537,0.9999929666519165
label_sorted,1,results_v3_lr0p1,results_v3_lr0p1,small_cnn,sgd,10,128,20000,0.1,0.9,0.0005,cuda,False,False,4,67,538,0.9999986290931702
label_sorted,1,results_v3_lr0p1,results_v3_lr0p1,small_cnn,sgd,10,128,20000,0.1,0.9,0.0005,cuda,False,False,4,68,539,0.9999997019767761
label_sorted,1,results_v3_lr0p1,results_v3_lr0p1,small_cnn,sgd,10,128,20000,0.1,0.9,0.0005,cuda,False,False,4,69,540,0.9999998807907104
label_sorted,1,results_v3_lr0p1,results_v3_lr0p1,small_cnn,sgd,10,128,20000,0.1,0.9,0.0005,cuda,False,False,4,70,541,1.0
label_sorted,1,results_v3_lr0p1,results_v3_lr0p1,small_cnn,sgd,10,128,20000,0.1,0.9,0.0005,cuda,False,False,4,71,542,0.9999998807907104
label_sorted,1,results_v3_lr0p1,results_v3_lr0p1,small_cnn,sgd,10,128,20000,0.1,0.9,0.0005,cuda,False,False,4,72,543,0.9999996423721313
label_sorted,1,results_v3_lr0p1,results_v3_lr0p1,small_cnn,sgd,10,128,20000,0.1,0.9,0.0005,cuda,False,False,4,73,544,0.999998927116394
label_sorted,1,results_v3_lr0p1,results_v3_lr0p1,small_cnn,sgd,10,128,20000,0.1,0.9,0.0005,cuda,False,False,4,74,545,0.9999964833259583
label_sorted,1,results_v3_lr0p1,results_v3_lr0p1,small_cnn,sgd,10,128,20000,0.1,0.9,0.0005,cuda,False,False,4,75,546,0.9999892115592957
label_sorted,1,results_v3_lr0p1,results_v3_lr0p1,small_cnn,sgd,10,128,20000,0.1,0.9,0.0005,cuda,False,False,4,76,547,0.9999691843986511
label_sorted,1,results_v3_lr0p1,results_v3_lr0p1,small_cnn,sgd,10,128,20000,0.1,0.9,0.0005,cuda,False,False,4,77,548,0.9999215006828308
label_sorted,1,results_v3_lr0p1,results_v3_lr0p1,small_cnn,sgd,10,128,20000,0.1,0.9,0.0005,cuda,False,False,4,78,549,0.9998288750648499
label_sorted,1,results_v3_lr0p1,results_v3_lr0p1,small_cnn,sgd,10,128,20000,0.1,0.9,0.0005,cuda,False,False,4,79,550,-0.5000947713851929
label_sorted,1,results_v3_lr0p1,results_v3_lr0p1,small_cnn,sgd,10,128,20000,0.1,0.9,0.0005,cuda,False,False,4,80,551,0.99982088804245
label_sorted,1,results_v3_lr0p1,results_v3_lr0p1,small_cnn,sgd,10,128,20000,0.1,0.9,0.0005,cuda,False,False,4,81,552,0.9999842643737793
label_sorted,1,results_v3_lr0p1,results_v3_lr0p1,small_cnn,sgd,10,128,20000,0.1,0.9,0.0005,cuda,False,False,4,82,553,0.9999971985816956
label_sorted,1,results_v3_lr0p1,results_v3_lr0p1,small_cnn,sgd,10,128,20000,0.1,0.9,0.0005,cuda,False,False,4,83,554,0.9999993443489075
label_sorted,1,results_v3_lr0p1,results_v3_lr0p1,small_cnn,sgd,10,128,20000,0.1,0.9,0.0005,cuda,False,False,4,84,555,0.9999998807907104
label_sorted,1,results_v3_lr0p1,results_v3_lr0p1,small_cnn,sgd,10,128,20000,0.1,0.9,0.0005,cuda,False,False,4,85,556,1.0
label_sorted,1,results_v3_lr0p1,results_v3_lr0p1,small_cnn,sgd,10,128,20000,0.1,0.9,0.0005,cuda,False,False,4,86,557,1.0000001192092896
label_sorted,1,results_v3_lr0p1,results_v3_lr0p1,small_cnn,sgd,10,128,20000,0.1,0.9,0.0005,cuda,False,False,4,87,558,0.9999998211860657
label_sorted,1,results_v3_lr0p1,results_v3_lr0p1,small_cnn,sgd,10,128,20000,0.1,0.9,0.0005,cuda,False,False,4,88,559,0.9999994039535522
label_sorted,1,results_v3_lr0p1,results_v3_lr0p1,small_cnn,sgd,10,128,20000,0.1,0.9,0.0005,cuda,False,False,4,89,560,0.9999980926513672
label_sorted,1,results_v3_lr0p1,results_v3_lr0p1,small_cnn,sgd,10,128,20000,0.1,0.9,0.0005,cuda,False,False,4,90,561,0.9999942779541016
label_sorted,1,results_v3_lr0p1,results_v3_lr0p1,small_cnn,sgd,10,128,20000,0.1,0.9,0.0005,cuda,False,False,4,91,562,0.999983012676239
label_sorted,1,results_v3_lr0p1,results_v3_lr0p1,small_cnn,sgd,10,128,20000,0.1,0.9,0.0005,cuda,False,False,4,92,563,0.9999528527259827
label_sorted,1,results_v3_lr0p1,results_v3_lr0p1,small_cnn,sgd,10,128,20000,0.1,0.9,0.0005,cuda,False,False,4,93,564,0.9998862743377686
label_sorted,1,results_v3_lr0p1,results_v3_lr0p1,small_cnn,sgd,10,128,20000,0.1,0.9,0.0005,cuda,False,False,4,94,565,-0.3329450488090515
label_sorted,1,results_v3_lr0p1,results_v3_lr0p1,small_cnn,sgd,10,128,20000,0.1,0.9,0.0005,cuda,False,False,4,95,566,0.9821182489395142
label_sorted,1,results_v3_lr0p1,results_v3_lr0p1,small_cnn,sgd,10,128,20000,0.1,0.9,0.0005,cuda,False,False,4,96,567,0.9999505281448364
label_sorted,1,results_v3_lr0p1,results_v3_lr0p1,small_cnn,sgd,10,128,20000,0.1,0.9,0.0005,cuda,False,False,4,97,568,0.999992311000824
label_sorted,1,results_v3_lr0p1,results_v3_lr0p1,small_cnn,sgd,10,128,20000,0.1,0.9,0.0005,cuda,False,False,4,98,569,0.9999985098838806
label_sorted,1,results_v3_lr0p1,results_v3_lr0p1,small_cnn,sgd,10,128,20000,0.1,0.9,0.0005,cuda,False,False,4,99,570,0.9999998211860657
label_sorted,1,results_v3_lr0p1,results_v3_lr0p1,small_cnn,sgd,10,128,20000,0.1,0.9,0.0005,cuda,False,False,4,100,571,0.9999999403953552
label_sorted,1,results_v3_lr0p1,results_v3_lr0p1,small_cnn,sgd,10,128,20000,0.1,0.9,0.0005,cuda,False,False,4,101,572,0.9999999403953552
label_sorted,1,results_v3_lr0p1,results_v3_lr0p1,small_cnn,sgd,10,128,20000,0.1,0.9,0.0005,cuda,False,False,4,102,573,0.9999999403953552
label_sorted,1,results_v3_lr0p1,results_v3_lr0p1,small_cnn,sgd,10,128,20000,0.1,0.9,0.0005,cuda,False,False,4,103,574,0.9999996423721313
label_sorted,1,results_v3_lr0p1,results_v3_lr0p1,small_cnn,sgd,10,128,20000,0.1,0.9,0.0005,cuda,False,False,4,104,575,0.9999990463256836
label_sorted,1,results_v3_lr0p1,results_v3_lr0p1,small_cnn,sgd,10,128,20000,0.1,0.9,0.0005,cuda,False,False,4,105,576,0.9999971389770508
label_sorted,1,results_v3_lr0p1,results_v3_lr0p1,small_cnn,sgd,10,128,20000,0.1,0.9,0.0005,cuda,False,False,4,106,577,0.9999916553497314
label_sorted,1,results_v3_lr0p1,results_v3_lr0p1,small_cnn,sgd,10,128,20000,0.1,0.9,0.0005,cuda,False,False,4,107,578,0.9999754428863525
label_sorted,1,results_v3_lr0p1,results_v3_lr0p1,small_cnn,sgd,10,128,20000,0.1,0.9,0.0005,cuda,False,False,4,108,579,0.9999351501464844
label_sorted,1,results_v3_lr0p1,results_v3_lr0p1,small_cnn,sgd,10,128,20000,0.1,0.9,0.0005,cuda,False,False,4,109,580,0.9998534917831421
label_sorted,1,results_v3_lr0p1,results_v3_lr0p1,small_cnn,sgd,10,128,20000,0.1,0.9,0.0005,cuda,False,False,4,110,581,-0.4787102937698364
label_sorted,1,results_v3_lr0p1,results_v3_lr0p1,small_cnn,sgd,10,128,20000,0.1,0.9,0.0005,cuda,False,False,4,111,582,0.999238908290863
label_sorted,1,results_v3_lr0p1,results_v3_lr0p1,small_cnn,sgd,10,128,20000,0.1,0.9,0.0005,cuda,False,False,4,112,583,0.9999768733978271
label_sorted,1,results_v3_lr0p1,results_v3_lr0p1,small_cnn,sgd,10,128,20000,0.1,0.9,0.0005,cuda,False,False,4,113,584,0.9999961256980896
label_sorted,1,results_v3_lr0p1,results_v3_lr0p1,small_cnn,sgd,10,128,20000,0.1,0.9,0.0005,cuda,False,False,4,114,585,0.9999991059303284
label_sorted,1,results_v3_lr0p1,results_v3_lr0p1,small_cnn,sgd,10,128,20000,0.1,0.9,0.0005,cuda,False,False,4,115,586,0.9999997615814209
label_sorted,1,results_v3_lr0p1,results_v3_lr0p1,small_cnn,sgd,10,128,20000,0.1,0.9,0.0005,cuda,False,False,4,116,587,1.0
label_sorted,1,results_v3_lr0p1,results_v3_lr0p1,small_cnn,sgd,10,128,20000,0.1,0.9,0.0005,cuda,False,False,4,117,588,1.0
label_sorted,1,results_v3_lr0p1,results_v3_lr0p1,small_cnn,sgd,10,128,20000,0.1,0.9,0.0005,cuda,False,False,4,118,589,0.9999998211860657
label_sorted,1,results_v3_lr0p1,results_v3_lr0p1,small_cnn,sgd,10,128,20000,0.1,0.9,0.0005,cuda,False,False,4,119,590,0.9999995827674866
label_sorted,1,results_v3_lr0p1,results_v3_lr0p1,small_cnn,sgd,10,128,20000,0.1,0.9,0.0005,cuda,False,False,4,120,591,0.9999986290931702
label_sorted,1,results_v3_lr0p1,results_v3_lr0p1,small_cnn,sgd,10,128,20000,0.1,0.9,0.0005,cuda,False,False,4,121,592,0.9999959468841553
label_sorted,1,results_v3_lr0p1,results_v3_lr0p1,small_cnn,sgd,10,128,20000,0.1,0.9,0.0005,cuda,False,False,4,122,593,0.9999877214431763
label_sorted,1,results_v3_lr0p1,results_v3_lr0p1,small_cnn,sgd,10,128,20000,0.1,0.9,0.0005,cuda,False,False,4,123,594,0.9999653100967407
label_sorted,1,results_v3_lr0p1,results_v3_lr0p1,small_cnn,sgd,10,128,20000,0.1,0.9,0.0005,cuda,False,False,4,124,595,0.9999139904975891
label_sorted,1,results_v3_lr0p1,results_v3_lr0p1,small_cnn,sgd,10,128,20000,0.1,0.9,0.0005,cuda,False,False,4,125,596,0.9998173713684082
label_sorted,1,results_v3_lr0p1,results_v3_lr0p1,small_cnn,sgd,10,128,20000,0.1,0.9,0.0005,cuda,False,False,4,126,597,-0.5087664723396301
label_sorted,1,results_v3_lr0p1,results_v3_lr0p1,small_cnn,sgd,10,128,20000,0.1,0.9,0.0005,cuda,False,False,4,127,598,0.999925971031189
label_sorted,1,results_v3_lr0p1,results_v3_lr0p1,small_cnn,sgd,10,128,20000,0.1,0.9,0.0005,cuda,False,False,4,128,599,0.9999891519546509
label_sorted,1,results_v3_lr0p1,results_v3_lr0p1,small_cnn,sgd,10,128,20000,0.1,0.9,0.0005,cuda,False,False,4,129,600,0.9999980330467224
label_sorted,1,results_v3_lr0p1,results_v3_lr0p1,small_cnn,sgd,10,128,20000,0.1,0.9,0.0005,cuda,False,False,4,130,601,0.9999995827674866
label_sorted,1,results_v3_lr0p1,results_v3_lr0p1,small_cnn,sgd,10,128,20000,0.1,0.9,0.0005,cuda,False,False,4,131,602,0.9999998211860657
label_sorted,1,results_v3_lr0p1,results_v3_lr0p1,small_cnn,sgd,10,128,20000,0.1,0.9,0.0005,cuda,False,False,4,132,603,1.0
label_sorted,1,results_v3_lr0p1,results_v3_lr0p1,small_cnn,sgd,10,128,20000,0.1,0.9,0.0005,cuda,False,False,4,133,604,1.0000001192092896
label_sorted,1,results_v3_lr0p1,results_v3_lr0p1,small_cnn,sgd,10,128,20000,0.1,0.9,0.0005,cuda,False,False,4,134,605,0.9999999403953552
label_sorted,1,results_v3_lr0p1,results_v3_lr0p1,small_cnn,sgd,10,128,20000,0.1,0.9,0.0005,cuda,False,False,4,135,606,0.9999994039535522
label_sorted,1,results_v3_lr0p1,results_v3_lr0p1,small_cnn,sgd,10,128,20000,0.1,0.9,0.0005,cuda,False,False,4,136,607,0.9999980330467224
label_sorted,1,results_v3_lr0p1,results_v3_lr0p1,small_cnn,sgd,10,128,20000,0.1,0.9,0.0005,cuda,False,False,4,137,608,0.9999940395355225
label_sorted,1,results_v3_lr0p1,results_v3_lr0p1,small_cnn,sgd,10,128,20000,0.1,0.9,0.0005,cuda,False,False,4,138,609,0.9999823570251465
label_sorted,1,results_v3_lr0p1,results_v3_lr0p1,small_cnn,sgd,10,128,20000,0.1,0.9,0.0005,cuda,False,False,4,139,610,0.9999513626098633
label_sorted,1,results_v3_lr0p1,results_v3_lr0p1,small_cnn,sgd,10,128,20000,0.1,0.9,0.0005,cuda,False,False,4,140,611,0.9998849630355835
label_sorted,1,results_v3_lr0p1,results_v3_lr0p1,small_cnn,sgd,10,128,20000,0.1,0.9,0.0005,cuda,False,False,4,141,612,-0.41826331615448
label_sorted,1,results_v3_lr0p1,results_v3_lr0p1,small_cnn,sgd,10,128,20000,0.1,0.9,0.0005,cuda,False,False,4,142,613,0.9950036406517029
label_sorted,1,results_v3_lr0p1,results_v3_lr0p1,small_cnn,sgd,10,128,20000,0.1,0.9,0.0005,cuda,False,False,4,143,614,0.999961793422699
label_sorted,1,results_v3_lr0p1,results_v3_lr0p1,small_cnn,sgd,10,128,20000,0.1,0.9,0.0005,cuda,False,False,4,144,615,0.9999939799308777
label_sorted,1,results_v3_lr0p1,results_v3_lr0p1,small_cnn,sgd,10,128,20000,0.1,0.9,0.0005,cuda,False,False,4,145,616,0.9999988079071045
label_sorted,1,results_v3_lr0p1,results_v3_lr0p1,small_cnn,sgd,10,128,20000,0.1,0.9,0.0005,cuda,False,False,4,146,617,0.9999997019767761
label_sorted,1,results_v3_lr0p1,results_v3_lr0p1,small_cnn,sgd,10,128,20000,0.1,0.9,0.0005,cuda,False,False,4,147,618,0.9999998807907104
label_sorted,1,results_v3_lr0p1,results_v3_lr0p1,small_cnn,sgd,10,128,20000,0.1,0.9,0.0005,cuda,False,False,4,148,619,0.9999999403953552
label_sorted,1,results_v3_lr0p1,results_v3_lr0p1,small_cnn,sgd,10,128,20000,0.1,0.9,0.0005,cuda,False,False,4,149,620,0.9999998807907104
label_sorted,1,results_v3_lr0p1,results_v3_lr0p1,small_cnn,sgd,10,128,20000,0.1,0.9,0.0005,cuda,False,False,4,150,621,0.9999996423721313
label_sorted,1,results_v3_lr0p1,results_v3_lr0p1,small_cnn,sgd,10,128,20000,0.1,0.9,0.0005,cuda,False,False,4,151,622,0.9999989867210388
label_sorted,1,results_v3_lr0p1,results_v3_lr0p1,small_cnn,sgd,10,128,20000,0.1,0.9,0.0005,cuda,False,False,4,152,623,0.9999970197677612
label_sorted,1,results_v3_lr0p1,results_v3_lr0p1,small_cnn,sgd,10,128,20000,0.1,0.9,0.0005,cuda,False,False,4,153,624,0.999991238117218
label_sorted,1,results_v3_lr0p1,results_v3_lr0p1,small_cnn,sgd,10,128,20000,0.1,0.9,0.0005,cuda,False,False,4,154,625,0.9999750256538391
label_sorted,1,results_v3_lr0p1,results_v3_lr0p1,small_cnn,sgd,10,128,20000,0.1,0.9,0.0005,cuda,False,False,4,155,626,0.9999357461929321
label_sorted,1,results_v3_lr0p1,results_v3_lr0p1,small_cnn,sgd,10,128,20000,0.1,0.9,0.0005,cuda,False,False,4,156,627,0.9998588562011719
label_sorted,1,results_v3_lr0p1,results_v3_lr0p1,small_cnn,sgd,10,128,20000,0.1,0.9,0.0005,cuda,False,False,4,157,628,0.9997313022613525
label_sorted,1,results_v3_lr0p1,results_v3_lr0p1,small_cnn,sgd,10,128,20000,0.1,0.9,0.0005,cuda,False,False,5,1,629,-0.5259160995483398
label_sorted,1,results_v3_lr0p1,results_v3_lr0p1,small_cnn,sgd,10,128,20000,0.1,0.9,0.0005,cuda,False,False,5,2,630,0.9999831318855286
label_sorted,1,results_v3_lr0p1,results_v3_lr0p1,small_cnn,sgd,10,128,20000,0.1,0.9,0.0005,cuda,False,False,5,3,631,0.9999973177909851
label_sorted,1,results_v3_lr0p1,results_v3_lr0p1,small_cnn,sgd,10,128,20000,0.1,0.9,0.0005,cuda,False,False,5,4,632,0.9999994039535522
label_sorted,1,results_v3_lr0p1,results_v3_lr0p1,small_cnn,sgd,10,128,20000,0.1,0.9,0.0005,cuda,False,False,5,5,633,0.9999997615814209
label_sorted,1,results_v3_lr0p1,results_v3_lr0p1,small_cnn,sgd,10,128,20000,0.1,0.9,0.0005,cuda,False,False,5,6,634,0.9999999403953552
label_sorted,1,results_v3_lr0p1,results_v3_lr0p1,small_cnn,sgd,10,128,20000,0.1,0.9,0.0005,cuda,False,False,5,7,635,1.0
label_sorted,1,results_v3_lr0p1,results_v3_lr0p1,small_cnn,sgd,10,128,20000,0.1,0.9,0.0005,cuda,False,False,5,8,636,0.9999998807907104
label_sorted,1,results_v3_lr0p1,results_v3_lr0p1,small_cnn,sgd,10,128,20000,0.1,0.9,0.0005,cuda,False,False,5,9,637,0.9999998211860657
label_sorted,1,results_v3_lr0p1,results_v3_lr0p1,small_cnn,sgd,10,128,20000,0.1,0.9,0.0005,cuda,False,False,5,10,638,0.9999996423721313
label_sorted,1,results_v3_lr0p1,results_v3_lr0p1,small_cnn,sgd,10,128,20000,0.1,0.9,0.0005,cuda,False,False,5,11,639,0.9999984502792358
label_sorted,1,results_v3_lr0p1,results_v3_lr0p1,small_cnn,sgd,10,128,20000,0.1,0.9,0.0005,cuda,False,False,5,12,640,0.9999954700469971
label_sorted,1,results_v3_lr0p1,results_v3_lr0p1,small_cnn,sgd,10,128,20000,0.1,0.9,0.0005,cuda,False,False,5,13,641,0.9999858140945435
label_sorted,1,results_v3_lr0p1,results_v3_lr0p1,small_cnn,sgd,10,128,20000,0.1,0.9,0.0005,cuda,False,False,5,14,642,0.9999585151672363
label_sorted,1,results_v3_lr0p1,results_v3_lr0p1,small_cnn,sgd,10,128,20000,0.1,0.9,0.0005,cuda,False,False,5,15,643,0.9998957514762878
label_sorted,1,results_v3_lr0p1,results_v3_lr0p1,small_cnn,sgd,10,128,20000,0.1,0.9,0.0005,cuda,False,False,5,16,644,-0.40365731716156006
label_sorted,1,results_v3_lr0p1,results_v3_lr0p1,small_cnn,sgd,10,128,20000,0.1,0.9,0.0005,cuda,False,False,5,17,645,0.9936506748199463
label_sorted,1,results_v3_lr0p1,results_v3_lr0p1,small_cnn,sgd,10,128,20000,0.1,0.9,0.0005,cuda,False,False,5,18,646,0.9999526739120483
label_sorted,1,results_v3_lr0p1,results_v3_lr0p1,small_cnn,sgd,10,128,20000,0.1,0.9,0.0005,cuda,False,False,5,19,647,0.999992847442627
label_sorted,1,results_v3_lr0p1,results_v3_lr0p1,small_cnn,sgd,10,128,20000,0.1,0.9,0.0005,cuda,False,False,5,20,648,0.9999986886978149
label_sorted,1,results_v3_lr0p1,results_v3_lr0p1,small_cnn,sgd,10,128,20000,0.1,0.9,0.0005,cuda,False,False,5,21,649,0.9999997615814209
label_sorted,1,results_v3_lr0p1,results_v3_lr0p1,small_cnn,sgd,10,128,20000,0.1,0.9,0.0005,cuda,False,False,5,22,650,1.0
label_sorted,1,results_v3_lr0p1,results_v3_lr0p1,small_cnn,sgd,10,128,20000,0.1,0.9,0.0005,cuda,False,False,5,23,651,1.0
label_sorted,1,results_v3_lr0p1,results_v3_lr0p1,small_cnn,sgd,10,128,20000,0.1,0.9,0.0005,cuda,False,False,5,24,652,0.9999999403953552
label_sorted,1,results_v3_lr0p1,results_v3_lr0p1,small_cnn,sgd,10,128,20000,0.1,0.9,0.0005,cuda,False,False,5,25,653,0.9999997615814209
label_sorted,1,results_v3_lr0p1,results_v3_lr0p1,small_cnn,sgd,10,128,20000,0.1,0.9,0.0005,cuda,False,False,5,26,654,0.9999992251396179
label_sorted,1,results_v3_lr0p1,results_v3_lr0p1,small_cnn,sgd,10,128,20000,0.1,0.9,0.0005,cuda,False,False,5,27,655,0.9999975562095642
label_sorted,1,results_v3_lr0p1,results_v3_lr0p1,small_cnn,sgd,10,128,20000,0.1,0.9,0.0005,cuda,False,False,5,28,656,0.9999925494194031
label_sorted,1,results_v3_lr0p1,results_v3_lr0p1,small_cnn,sgd,10,128,20000,0.1,0.9,0.0005,cuda,False,False,5,29,657,0.9999786019325256
label_sorted,1,results_v3_lr0p1,results_v3_lr0p1,small_cnn,sgd,10,128,20000,0.1,0.9,0.0005,cuda,False,False,5,30,658,0.9999454617500305
label_sorted,1,results_v3_lr0p1,results_v3_lr0p1,small_cnn,sgd,10,128,20000,0.1,0.9,0.0005,cuda,False,False,5,31,659,0.9998800754547119
label_sorted,1,results_v3_lr0p1,results_v3_lr0p1,small_cnn,sgd,10,128,20000,0.1,0.9,0.0005,cuda,False,False,5,32,660,-0.48977985978126526
label_sorted,1,results_v3_lr0p1,results_v3_lr0p1,small_cnn,sgd,10,128,20000,0.1,0.9,0.0005,cuda,False,False,5,33,661,0.9996839165687561
label_sorted,1,results_v3_lr0p1,results_v3_lr0p1,small_cnn,sgd,10,128,20000,0.1,0.9,0.0005,cuda,False,False,5,34,662,0.9999831914901733
label_sorted,1,results_v3_lr0p1,results_v3_lr0p1,small_cnn,sgd,10,128,20000,0.1,0.9,0.0005,cuda,False,False,5,35,663,0.999997079372406
label_sorted,1,results_v3_lr0p1,results_v3_lr0p1,small_cnn,sgd,10,128,20000,0.1,0.9,0.0005,cuda,False,False,5,36,664,0.9999993443489075
label_sorted,1,results_v3_lr0p1,results_v3_lr0p1,small_cnn,sgd,10,128,20000,0.1,0.9,0.0005,cuda,False,False,5,37,665,0.9999998807907104
label_sorted,1,results_v3_lr0p1,results_v3_lr0p1,small_cnn,sgd,10,128,20000,0.1,0.9,0.0005,cuda,False,False,5,38,666,1.0
label_sorted,1,results_v3_lr0p1,results_v3_lr0p1,small_cnn,sgd,10,128,20000,0.1,0.9,0.0005,cuda,False,False,5,39,667,1.0
label_sorted,1,results_v3_lr0p1,results_v3_lr0p1,small_cnn,sgd,10,128,20000,0.1,0.9,0.0005,cuda,False,False,5,40,668,0.9999997615814209
label_sorted,1,results_v3_lr0p1,results_v3_lr0p1,small_cnn,sgd,10,128,20000,0.1,0.9,0.0005,cuda,False,False,5,41,669,0.9999995231628418
label_sorted,1,results_v3_lr0p1,results_v3_lr0p1,small_cnn,sgd,10,128,20000,0.1,0.9,0.0005,cuda,False,False,5,42,670,0.9999985098838806
label_sorted,1,results_v3_lr0p1,results_v3_lr0p1,small_cnn,sgd,10,128,20000,0.1,0.9,0.0005,cuda,False,False,5,43,671,0.999995768070221
label_sorted,1,results_v3_lr0p1,results_v3_lr0p1,small_cnn,sgd,10,128,20000,0.1,0.9,0.0005,cuda,False,False,5,44,672,0.9999874234199524
label_sorted,1,results_v3_lr0p1,results_v3_lr0p1,small_cnn,sgd,10,128,20000,0.1,0.9,0.0005,cuda,False,False,5,45,673,0.9999634027481079
label_sorted,1,results_v3_lr0p1,results_v3_lr0p1,small_cnn,sgd,10,128,20000,0.1,0.9,0.0005,cuda,False,False,5,46,674,0.9999068379402161
label_sorted,1,results_v3_lr0p1,results_v3_lr0p1,small_cnn,sgd,10,128,20000,0.1,0.9,0.0005,cuda,False,False,5,47,675,0.06521575152873993
label_sorted,1,results_v3_lr0p1,results_v3_lr0p1,small_cnn,sgd,10,128,20000,0.1,0.9,0.0005,cuda,False,False,5,48,676,0.8330341577529907
label_sorted,1,results_v3_lr0p1,results_v3_lr0p1,small_cnn,sgd,10,128,20000,0.1,0.9,0.0005,cuda,False,False,5,49,677,0.9999151229858398
label_sorted,1,results_v3_lr0p1,results_v3_lr0p1,small_cnn,sgd,10,128,20000,0.1,0.9,0.0005,cuda,False,False,5,50,678,0.999987781047821
label_sorted,1,results_v3_lr0p1,results_v3_lr0p1,small_cnn,sgd,10,128,20000,0.1,0.9,0.0005,cuda,False,False,5,51,679,0.9999977350234985
label_sorted,1,results_v3_lr0p1,results_v3_lr0p1,small_cnn,sgd,10,128,20000,0.1,0.9,0.0005,cuda,False,False,5,52,680,0.9999995827674866
label_sorted,1,results_v3_lr0p1,results_v3_lr0p1,small_cnn,sgd,10,128,20000,0.1,0.9,0.0005,cuda,False,False,5,53,681,1.0
label_sorted,1,results_v3_lr0p1,results_v3_lr0p1,small_cnn,sgd,10,128,20000,0.1,0.9,0.0005,cuda,False,False,5,54,682,1.0
label_sorted,1,results_v3_lr0p1,results_v3_lr0p1,small_cnn,sgd,10,128,20000,0.1,0.9,0.0005,cuda,False,False,5,55,683,1.0
label_sorted,1,results_v3_lr0p1,results_v3_lr0p1,small_cnn,sgd,10,128,20000,0.1,0.9,0.0005,cuda,False,False,5,56,684,0.9999997019767761
label_sorted,1,results_v3_lr0p1,results_v3_lr0p1,small_cnn,sgd,10,128,20000,0.1,0.9,0.0005,cuda,False,False,5,57,685,0.9999992847442627
label_sorted,1,results_v3_lr0p1,results_v3_lr0p1,small_cnn,sgd,10,128,20000,0.1,0.9,0.0005,cuda,False,False,5,58,686,0.9999977350234985
label_sorted,1,results_v3_lr0p1,results_v3_lr0p1,small_cnn,sgd,10,128,20000,0.1,0.9,0.0005,cuda,False,False,5,59,687,0.9999933838844299
label_sorted,1,results_v3_lr0p1,results_v3_lr0p1,small_cnn,sgd,10,128,20000,0.1,0.9,0.0005,cuda,False,False,5,60,688,0.9999803304672241
label_sorted,1,results_v3_lr0p1,results_v3_lr0p1,small_cnn,sgd,10,128,20000,0.1,0.9,0.0005,cuda,False,False,5,61,689,0.9999470710754395
label_sorted,1,results_v3_lr0p1,results_v3_lr0p1,small_cnn,sgd,10,128,20000,0.1,0.9,0.0005,cuda,False,False,5,62,690,0.9998778700828552
label_sorted,1,results_v3_lr0p1,results_v3_lr0p1,small_cnn,sgd,10,128,20000,0.1,0.9,0.0005,cuda,False,False,5,63,691,-0.4545803964138031
label_sorted,1,results_v3_lr0p1,results_v3_lr0p1,small_cnn,sgd,10,128,20000,0.1,0.9,0.0005,cuda,False,False,5,64,692,0.9981021285057068
label_sorted,1,results_v3_lr0p1,results_v3_lr0p1,small_cnn,sgd,10,128,20000,0.1,0.9,0.0005,cuda,False,False,5,65,693,0.9999691843986511
label_sorted,1,results_v3_lr0p1,results_v3_lr0p1,small_cnn,sgd,10,128,20000,0.1,0.9,0.0005,cuda,False,False,5,66,694,0.9999948143959045
label_sorted,1,results_v3_lr0p1,results_v3_lr0p1,small_cnn,sgd,10,128,20000,0.1,0.9,0.0005,cuda,False,False,5,67,695,0.9999989867210388
label_sorted,1,results_v3_lr0p1,results_v3_lr0p1,small_cnn,sgd,10,128,20000,0.1,0.9,0.0005,cuda,False,False,5,68,696,0.9999997019767761
label_sorted,1,results_v3_lr0p1,results_v3_lr0p1,small_cnn,sgd,10,128,20000,0.1,0.9,0.0005,cuda,False,False,5,69,697,0.9999999403953552
label_sorted,1,results_v3_lr0p1,results_v3_lr0p1,small_cnn,sgd,10,128,20000,0.1,0.9,0.0005,cuda,False,False,5,70,698,1.0
label_sorted,1,results_v3_lr0p1,results_v3_lr0p1,small_cnn,sgd,10,128,20000,0.1,0.9,0.0005,cuda,False,False,5,71,699,1.0000001192092896
label_sorted,1,results_v3_lr0p1,results_v3_lr0p1,small_cnn,sgd,10,128,20000,0.1,0.9,0.0005,cuda,False,False,5,72,700,0.9999995231628418
label_sorted,1,results_v3_lr0p1,results_v3_lr0p1,small_cnn,sgd,10,128,20000,0.1,0.9,0.0005,cuda,False,False,5,73,701,0.9999988079071045
label_sorted,1,results_v3_lr0p1,results_v3_lr0p1,small_cnn,sgd,10,128,20000,0.1,0.9,0.0005,cuda,False,False,5,74,702,0.999996542930603
label_sorted,1,results_v3_lr0p1,results_v3_lr0p1,small_cnn,sgd,10,128,20000,0.1,0.9,0.0005,cuda,False,False,5,75,703,0.9999895095825195
label_sorted,1,results_v3_lr0p1,results_v3_lr0p1,small_cnn,sgd,10,128,20000,0.1,0.9,0.0005,cuda,False,False,5,76,704,0.9999695420265198
label_sorted,1,results_v3_lr0p1,results_v3_lr0p1,small_cnn,sgd,10,128,20000,0.1,0.9,0.0005,cuda,False,False,5,77,705,0.999921977519989
label_sorted,1,results_v3_lr0p1,results_v3_lr0p1,small_cnn,sgd,10,128,20000,0.1,0.9,0.0005,cuda,False,False,5,78,706,0.9998291730880737
label_sorted,1,results_v3_lr0p1,results_v3_lr0p1,small_cnn,sgd,10,128,20000,0.1,0.9,0.0005,cuda,False,False,5,79,707,-0.5002580881118774
label_sorted,1,results_v3_lr0p1,results_v3_lr0p1,small_cnn,sgd,10,128,20000,0.1,0.9,0.0005,cuda,False,False,5,80,708,0.9998250603675842
label_sorted,1,results_v3_lr0p1,results_v3_lr0p1,small_cnn,sgd,10,128,20000,0.1,0.9,0.0005,cuda,False,False,5,81,709,0.9999847412109375
label_sorted,1,results_v3_lr0p1,results_v3_lr0p1,small_cnn,sgd,10,128,20000,0.1,0.9,0.0005,cuda,False,False,5,82,710,0.9999971985816956
label_sorted,1,results_v3_lr0p1,results_v3_lr0p1,small_cnn,sgd,10,128,20000,0.1,0.9,0.0005,cuda,False,False,5,83,711,0.999999463558197
label_sorted,1,results_v3_lr0p1,results_v3_lr0p1,small_cnn,sgd,10,128,20000,0.1,0.9,0.0005,cuda,False,False,5,84,712,0.9999999403953552
label_sorted,1,results_v3_lr0p1,results_v3_lr0p1,small_cnn,sgd,10,128,20000,0.1,0.9,0.0005,cuda,False,False,5,85,713,0.9999999403953552
label_sorted,1,results_v3_lr0p1,results_v3_lr0p1,small_cnn,sgd,10,128,20000,0.1,0.9,0.0005,cuda,False,False,5,86,714,0.9999999403953552
label_sorted,1,results_v3_lr0p1,results_v3_lr0p1,small_cnn,sgd,10,128,20000,0.1,0.9,0.0005,cuda,False,False,5,87,715,0.9999998211860657
label_sorted,1,results_v3_lr0p1,results_v3_lr0p1,small_cnn,sgd,10,128,20000,0.1,0.9,0.0005,cuda,False,False,5,88,716,0.9999994039535522
label_sorted,1,results_v3_lr0p1,results_v3_lr0p1,small_cnn,sgd,10,128,20000,0.1,0.9,0.0005,cuda,False,False,5,89,717,0.9999982714653015
label_sorted,1,results_v3_lr0p1,results_v3_lr0p1,small_cnn,sgd,10,128,20000,0.1,0.9,0.0005,cuda,False,False,5,90,718,0.999994695186615
label_sorted,1,results_v3_lr0p1,results_v3_lr0p1,small_cnn,sgd,10,128,20000,0.1,0.9,0.0005,cuda,False,False,5,91,719,0.9999841451644897
label_sorted,1,results_v3_lr0p1,results_v3_lr0p1,small_cnn,sgd,10,128,20000,0.1,0.9,0.0005,cuda,False,False,5,92,720,0.9999560713768005
label_sorted,1,results_v3_lr0p1,results_v3_lr0p1,small_cnn,sgd,10,128,20000,0.1,0.9,0.0005,cuda,False,False,5,93,721,0.9998942613601685
label_sorted,1,results_v3_lr0p1,results_v3_lr0p1,small_cnn,sgd,10,128,20000,0.1,0.9,0.0005,cuda,False,False,5,94,722,-0.3324980139732361
label_sorted,1,results_v3_lr0p1,results_v3_lr0p1,small_cnn,sgd,10,128,20000,0.1,0.9,0.0005,cuda,False,False,5,95,723,0.9821569323539734
label_sorted,1,results_v3_lr0p1,results_v3_lr0p1,small_cnn,sgd,10,128,20000,0.1,0.9,0.0005,cuda,False,False,5,96,724,0.9999505281448364
label_sorted,1,results_v3_lr0p1,results_v3_lr0p1,small_cnn,sgd,10,128,20000,0.1,0.9,0.0005,cuda,False,False,5,97,725,0.9999924898147583
label_sorted,1,results_v3_lr0p1,results_v3_lr0p1,small_cnn,sgd,10,128,20000,0.1,0.9,0.0005,cuda,False,False,5,98,726,0.9999986290931702
label_sorted,1,results_v3_lr0p1,results_v3_lr0p1,small_cnn,sgd,10,128,20000,0.1,0.9,0.0005,cuda,False,False,5,99,727,0.9999996423721313
label_sorted,1,results_v3_lr0p1,results_v3_lr0p1,small_cnn,sgd,10,128,20000,0.1,0.9,0.0005,cuda,False,False,5,100,728,0.9999998211860657
label_sorted,1,results_v3_lr0p1,results_v3_lr0p1,small_cnn,sgd,10,128,20000,0.1,0.9,0.0005,cuda,False,False,5,101,729,0.9999999403953552
label_sorted,1,results_v3_lr0p1,results_v3_lr0p1,small_cnn,sgd,10,128,20000,0.1,0.9,0.0005,cuda,False,False,5,102,730,0.9999999403953552
label_sorted,1,results_v3_lr0p1,results_v3_lr0p1,small_cnn,sgd,10,128,20000,0.1,0.9,0.0005,cuda,False,False,5,103,731,0.9999997019767761
label_sorted,1,results_v3_lr0p1,results_v3_lr0p1,small_cnn,sgd,10,128,20000,0.1,0.9,0.0005,cuda,False,False,5,104,732,0.9999990463256836
label_sorted,1,results_v3_lr0p1,results_v3_lr0p1,small_cnn,sgd,10,128,20000,0.1,0.9,0.0005,cuda,False,False,5,105,733,0.9999973177909851
label_sorted,1,results_v3_lr0p1,results_v3_lr0p1,small_cnn,sgd,10,128,20000,0.1,0.9,0.0005,cuda,False,False,5,106,734,0.9999920725822449
label_sorted,1,results_v3_lr0p1,results_v3_lr0p1,small_cnn,sgd,10,128,20000,0.1,0.9,0.0005,cuda,False,False,5,107,735,0.9999769330024719
label_sorted,1,results_v3_lr0p1,results_v3_lr0p1,small_cnn,sgd,10,128,20000,0.1,0.9,0.0005,cuda,False,False,5,108,736,0.9999387860298157
label_sorted,1,results_v3_lr0p1,results_v3_lr0p1,small_cnn,sgd,10,128,20000,0.1,0.9,0.0005,cuda,False,False,5,109,737,0.999861478805542
label_sorted,1,results_v3_lr0p1,results_v3_lr0p1,small_cnn,sgd,10,128,20000,0.1,0.9,0.0005,cuda,False,False,5,110,738,-0.4777902364730835
label_sorted,1,results_v3_lr0p1,results_v3_lr0p1,small_cnn,sgd,10,128,20000,0.1,0.9,0.0005,cuda,False,False,5,111,739,0.9992382526397705
label_sorted,1,results_v3_lr0p1,results_v3_lr0p1,small_cnn,sgd,10,128,20000,0.1,0.9,0.0005,cuda,False,False,5,112,740,0.9999767541885376
label_sorted,1,results_v3_lr0p1,results_v3_lr0p1,small_cnn,sgd,10,128,20000,0.1,0.9,0.0005,cuda,False,False,5,113,741,0.9999961256980896
label_sorted,1,results_v3_lr0p1,results_v3_lr0p1,small_cnn,sgd,10,128,20000,0.1,0.9,0.0005,cuda,False,False,5,114,742,0.9999991655349731
label_sorted,1,results_v3_lr0p1,results_v3_lr0p1,small_cnn,sgd,10,128,20000,0.1,0.9,0.0005,cuda,False,False,5,115,743,0.9999998211860657
label_sorted,1,results_v3_lr0p1,results_v3_lr0p1,small_cnn,sgd,10,128,20000,0.1,0.9,0.0005,cuda,False,False,5,116,744,0.9999999403953552
label_sorted,1,results_v3_lr0p1,results_v3_lr0p1,small_cnn,sgd,10,128,20000,0.1,0.9,0.0005,cuda,False,False,5,117,745,0.9999999403953552
label_sorted,1,results_v3_lr0p1,results_v3_lr0p1,small_cnn,sgd,10,128,20000,0.1,0.9,0.0005,cuda,False,False,5,118,746,0.9999998211860657
label_sorted,1,results_v3_lr0p1,results_v3_lr0p1,small_cnn,sgd,10,128,20000,0.1,0.9,0.0005,cuda,False,False,5,119,747,0.9999995827674866
label_sorted,1,results_v3_lr0p1,results_v3_lr0p1,small_cnn,sgd,10,128,20000,0.1,0.9,0.0005,cuda,False,False,5,120,748,0.9999986886978149
label_sorted,1,results_v3_lr0p1,results_v3_lr0p1,small_cnn,sgd,10,128,20000,0.1,0.9,0.0005,cuda,False,False,5,121,749,0.9999961256980896
label_sorted,1,results_v3_lr0p1,results_v3_lr0p1,small_cnn,sgd,10,128,20000,0.1,0.9,0.0005,cuda,False,False,5,122,750,0.9999881386756897
label_sorted,1,results_v3_lr0p1,results_v3_lr0p1,small_cnn,sgd,10,128,20000,0.1,0.9,0.0005,cuda,False,False,5,123,751,0.9999662637710571
label_sorted,1,results_v3_lr0p1,results_v3_lr0p1,small_cnn,sgd,10,128,20000,0.1,0.9,0.0005,cuda,False,False,5,124,752,0.999915361404419
label_sorted,1,results_v3_lr0p1,results_v3_lr0p1,small_cnn,sgd,10,128,20000,0.1,0.9,0.0005,cuda,False,False,5,125,753,0.9998183250427246
label_sorted,1,results_v3_lr0p1,results_v3_lr0p1,small_cnn,sgd,10,128,20000,0.1,0.9,0.0005,cuda,False,False,5,126,754,-0.5080085396766663
label_sorted,1,results_v3_lr0p1,results_v3_lr0p1,small_cnn,sgd,10,128,20000,0.1,0.9,0.0005,cuda,False,False,5,127,755,0.9999189972877502
label_sorted,1,results_v3_lr0p1,results_v3_lr0p1,small_cnn,sgd,10,128,20000,0.1,0.9,0.0005,cuda,False,False,5,128,756,0.999988317489624
label_sorted,1,results_v3_lr0p1,results_v3_lr0p1,small_cnn,sgd,10,128,20000,0.1,0.9,0.0005,cuda,False,False,5,129,757,0.9999979138374329
label_sorted,1,results_v3_lr0p1,results_v3_lr0p1,small_cnn,sgd,10,128,20000,0.1,0.9,0.0005,cuda,False,False,5,130,758,0.9999996423721313
label_sorted,1,results_v3_lr0p1,results_v3_lr0p1,small_cnn,sgd,10,128,20000,0.1,0.9,0.0005,cuda,False,False,5,131,759,0.9999998807907104
label_sorted,1,results_v3_lr0p1,results_v3_lr0p1,small_cnn,sgd,10,128,20000,0.1,0.9,0.0005,cuda,False,False,5,132,760,1.0
label_sorted,1,results_v3_lr0p1,results_v3_lr0p1,small_cnn,sgd,10,128,20000,0.1,0.9,0.0005,cuda,False,False,5,133,761,0.9999998807907104
label_sorted,1,results_v3_lr0p1,results_v3_lr0p1,small_cnn,sgd,10,128,20000,0.1,0.9,0.0005,cuda,False,False,5,134,762,0.9999998211860657
label_sorted,1,results_v3_lr0p1,results_v3_lr0p1,small_cnn,sgd,10,128,20000,0.1,0.9,0.0005,cuda,False,False,5,135,763,0.9999994039535522
label_sorted,1,results_v3_lr0p1,results_v3_lr0p1,small_cnn,sgd,10,128,20000,0.1,0.9,0.0005,cuda,False,False,5,136,764,0.9999980926513672
label_sorted,1,results_v3_lr0p1,results_v3_lr0p1,small_cnn,sgd,10,128,20000,0.1,0.9,0.0005,cuda,False,False,5,137,765,0.999994158744812
label_sorted,1,results_v3_lr0p1,results_v3_lr0p1,small_cnn,sgd,10,128,20000,0.1,0.9,0.0005,cuda,False,False,5,138,766,0.9999827146530151
label_sorted,1,results_v3_lr0p1,results_v3_lr0p1,small_cnn,sgd,10,128,20000,0.1,0.9,0.0005,cuda,False,False,5,139,767,0.9999531507492065
label_sorted,1,results_v3_lr0p1,results_v3_lr0p1,small_cnn,sgd,10,128,20000,0.1,0.9,0.0005,cuda,False,False,5,140,768,0.9998905658721924
label_sorted,1,results_v3_lr0p1,results_v3_lr0p1,small_cnn,sgd,10,128,20000,0.1,0.9,0.0005,cuda,False,False,5,141,769,-0.4207158386707306
label_sorted,1,results_v3_lr0p1,results_v3_lr0p1,small_cnn,sgd,10,128,20000,0.1,0.9,0.0005,cuda,False,False,5,142,770,0.9953544735908508
label_sorted,1,results_v3_lr0p1,results_v3_lr0p1,small_cnn,sgd,10,128,20000,0.1,0.9,0.0005,cuda,False,False,5,143,771,0.99996417760849
label_sorted,1,results_v3_lr0p1,results_v3_lr0p1,small_cnn,sgd,10,128,20000,0.1,0.9,0.0005,cuda,False,False,5,144,772,0.9999942779541016
label_sorted,1,results_v3_lr0p1,results_v3_lr0p1,small_cnn,sgd,10,128,20000,0.1,0.9,0.0005,cuda,False,False,5,145,773,0.9999988675117493
label_sorted,1,results_v3_lr0p1,results_v3_lr0p1,small_cnn,sgd,10,128,20000,0.1,0.9,0.0005,cuda,False,False,5,146,774,0.9999997615814209
label_sorted,1,results_v3_lr0p1,results_v3_lr0p1,small_cnn,sgd,10,128,20000,0.1,0.9,0.0005,cuda,False,False,5,147,775,0.9999998807907104
label_sorted,1,results_v3_lr0p1,results_v3_lr0p1,small_cnn,sgd,10,128,20000,0.1,0.9,0.0005,cuda,False,False,5,148,776,1.0
label_sorted,1,results_v3_lr0p1,results_v3_lr0p1,small_cnn,sgd,10,128,20000,0.1,0.9,0.0005,cuda,False,False,5,149,777,0.9999998807907104
label_sorted,1,results_v3_lr0p1,results_v3_lr0p1,small_cnn,sgd,10,128,20000,0.1,0.9,0.0005,cuda,False,False,5,150,778,0.9999997019767761
label_sorted,1,results_v3_lr0p1,results_v3_lr0p1,small_cnn,sgd,10,128,20000,0.1,0.9,0.0005,cuda,False,False,5,151,779,0.9999990463256836
label_sorted,1,results_v3_lr0p1,results_v3_lr0p1,small_cnn,sgd,10,128,20000,0.1,0.9,0.0005,cuda,False,False,5,152,780,0.999997079372406
label_sorted,1,results_v3_lr0p1,results_v3_lr0p1,small_cnn,sgd,10,128,20000,0.1,0.9,0.0005,cuda,False,False,5,153,781,0.999991238117218
label_sorted,1,results_v3_lr0p1,results_v3_lr0p1,small_cnn,sgd,10,128,20000,0.1,0.9,0.0005,cuda,False,False,5,154,782,0.999973714351654
label_sorted,1,results_v3_lr0p1,results_v3_lr0p1,small_cnn,sgd,10,128,20000,0.1,0.9,0.0005,cuda,False,False,5,155,783,0.9999298453330994
label_sorted,1,results_v3_lr0p1,results_v3_lr0p1,small_cnn,sgd,10,128,20000,0.1,0.9,0.0005,cuda,False,False,5,156,784,0.9998399615287781
label_sorted,1,results_v3_lr0p1,results_v3_lr0p1,small_cnn,sgd,10,128,20000,0.1,0.9,0.0005,cuda,False,False,5,157,785,0.9996868968009949
label_sorted,1,results_v3_lr0p1,results_v3_lr0p1,small_cnn,sgd,10,128,20000,0.1,0.9,0.0005,cuda,False,False,6,1,786,-0.5278777480125427
label_sorted,1,results_v3_lr0p1,results_v3_lr0p1,small_cnn,sgd,10,128,20000,0.1,0.9,0.0005,cuda,False,False,6,2,787,0.9999778270721436
label_sorted,1,results_v3_lr0p1,results_v3_lr0p1,small_cnn,sgd,10,128,20000,0.1,0.9,0.0005,cuda,False,False,6,3,788,0.999996542930603
label_sorted,1,results_v3_lr0p1,results_v3_lr0p1,small_cnn,sgd,10,128,20000,0.1,0.9,0.0005,cuda,False,False,6,4,789,0.9999993443489075
label_sorted,1,results_v3_lr0p1,results_v3_lr0p1,small_cnn,sgd,10,128,20000,0.1,0.9,0.0005,cuda,False,False,6,5,790,0.9999998807907104
label_sorted,1,results_v3_lr0p1,results_v3_lr0p1,small_cnn,sgd,10,128,20000,0.1,0.9,0.0005,cuda,False,False,6,6,791,0.9999999403953552
label_sorted,1,results_v3_lr0p1,results_v3_lr0p1,small_cnn,sgd,10,128,20000,0.1,0.9,0.0005,cuda,False,False,6,7,792,1.0
label_sorted,1,results_v3_lr0p1,results_v3_lr0p1,small_cnn,sgd,10,128,20000,0.1,0.9,0.0005,cuda,False,False,6,8,793,0.9999998807907104
label_sorted,1,results_v3_lr0p1,results_v3_lr0p1,small_cnn,sgd,10,128,20000,0.1,0.9,0.0005,cuda,False,False,6,9,794,0.9999998807907104
label_sorted,1,results_v3_lr0p1,results_v3_lr0p1,small_cnn,sgd,10,128,20000,0.1,0.9,0.0005,cuda,False,False,6,10,795,0.9999995827674866
label_sorted,1,results_v3_lr0p1,results_v3_lr0p1,small_cnn,sgd,10,128,20000,0.1,0.9,0.0005,cuda,False,False,6,11,796,0.9999985098838806
label_sorted,1,results_v3_lr0p1,results_v3_lr0p1,small_cnn,sgd,10,128,20000,0.1,0.9,0.0005,cuda,False,False,6,12,797,0.999995231628418
label_sorted,1,results_v3_lr0p1,results_v3_lr0p1,small_cnn,sgd,10,128,20000,0.1,0.9,0.0005,cuda,False,False,6,13,798,0.9999856352806091
label_sorted,1,results_v3_lr0p1,results_v3_lr0p1,small_cnn,sgd,10,128,20000,0.1,0.9,0.0005,cuda,False,False,6,14,799,0.9999599456787109
label_sorted,1,results_v3_lr0p1,results_v3_lr0p1,small_cnn,sgd,10,128,20000,0.1,0.9,0.0005,cuda,False,False,6,15,800,0.9999033212661743
label_sorted,1,results_v3_lr0p1,results_v3_lr0p1,small_cnn,sgd,10,128,20000,0.1,0.9,0.0005,cuda,False,False,6,16,801,-0.42175227403640747
label_sorted,1,results_v3_lr0p1,results_v3_lr0p1,small_cnn,sgd,10,128,20000,0.1,0.9,0.0005,cuda,False,False,6,17,802,0.9955657720565796
label_sorted,1,results_v3_lr0p1,results_v3_lr0p1,small_cnn,sgd,10,128,20000,0.1,0.9,0.0005,cuda,False,False,6,18,803,0.9999659657478333
label_sorted,1,results_v3_lr0p1,results_v3_lr0p1,small_cnn,sgd,10,128,20000,0.1,0.9,0.0005,cuda,False,False,6,19,804,0.999994695186615
label_sorted,1,results_v3_lr0p1,results_v3_lr0p1,small_cnn,sgd,10,128,20000,0.1,0.9,0.0005,cuda,False,False,6,20,805,0.9999989867210388
label_sorted,1,results_v3_lr0p1,results_v3_lr0p1,small_cnn,sgd,10,128,20000,0.1,0.9,0.0005,cuda,False,False,6,21,806,0.9999996423721313
label_sorted,1,results_v3_lr0p1,results_v3_lr0p1,small_cnn,sgd,10,128,20000,0.1,0.9,0.0005,cuda,False,False,6,22,807,1.0
label_sorted,1,results_v3_lr0p1,results_v3_lr0p1,small_cnn,sgd,10,128,20000,0.1,0.9,0.0005,cuda,False,False,6,23,808,0.9999999403953552
label_sorted,1,results_v3_lr0p1,results_v3_lr0p1,small_cnn,sgd,10,128,20000,0.1,0.9,0.0005,cuda,False,False,6,24,809,0.9999998807907104
label_sorted,1,results_v3_lr0p1,results_v3_lr0p1,small_cnn,sgd,10,128,20000,0.1,0.9,0.0005,cuda,False,False,6,25,810,0.9999995827674866
label_sorted,1,results_v3_lr0p1,results_v3_lr0p1,small_cnn,sgd,10,128,20000,0.1,0.9,0.0005,cuda,False,False,6,26,811,0.9999992251396179
label_sorted,1,results_v3_lr0p1,results_v3_lr0p1,small_cnn,sgd,10,128,20000,0.1,0.9,0.0005,cuda,False,False,6,27,812,0.999997615814209
label_sorted,1,results_v3_lr0p1,results_v3_lr0p1,small_cnn,sgd,10,128,20000,0.1,0.9,0.0005,cuda,False,False,6,28,813,0.999992311000824
label_sorted,1,results_v3_lr0p1,results_v3_lr0p1,small_cnn,sgd,10,128,20000,0.1,0.9,0.0005,cuda,False,False,6,29,814,0.9999771118164062
label_sorted,1,results_v3_lr0p1,results_v3_lr0p1,small_cnn,sgd,10,128,20000,0.1,0.9,0.0005,cuda,False,False,6,30,815,0.9999387264251709
label_sorted,1,results_v3_lr0p1,results_v3_lr0p1,small_cnn,sgd,10,128,20000,0.1,0.9,0.0005,cuda,False,False,6,31,816,0.9998592138290405
label_sorted,1,results_v3_lr0p1,results_v3_lr0p1,small_cnn,sgd,10,128,20000,0.1,0.9,0.0005,cuda,False,False,6,32,817,-0.48573628067970276
label_sorted,1,results_v3_lr0p1,results_v3_lr0p1,small_cnn,sgd,10,128,20000,0.1,0.9,0.0005,cuda,False,False,6,33,818,0.9995518922805786
label_sorted,1,results_v3_lr0p1,results_v3_lr0p1,small_cnn,sgd,10,128,20000,0.1,0.9,0.0005,cuda,False,False,6,34,819,0.9999769330024719
label_sorted,1,results_v3_lr0p1,results_v3_lr0p1,small_cnn,sgd,10,128,20000,0.1,0.9,0.0005,cuda,False,False,6,35,820,0.9999960660934448
label_sorted,1,results_v3_lr0p1,results_v3_lr0p1,small_cnn,sgd,10,128,20000,0.1,0.9,0.0005,cuda,False,False,6,36,821,0.9999992251396179
label_sorted,1,results_v3_lr0p1,results_v3_lr0p1,small_cnn,sgd,10,128,20000,0.1,0.9,0.0005,cuda,False,False,6,37,822,0.9999998807907104
label_sorted,1,results_v3_lr0p1,results_v3_lr0p1,small_cnn,sgd,10,128,20000,0.1,0.9,0.0005,cuda,False,False,6,38,823,1.0
label_sorted,1,results_v3_lr0p1,results_v3_lr0p1,small_cnn,sgd,10,128,20000,0.1,0.9,0.0005,cuda,False,False,6,39,824,1.0
label_sorted,1,results_v3_lr0p1,results_v3_lr0p1,small_cnn,sgd,10,128,20000,0.1,0.9,0.0005,cuda,False,False,6,40,825,0.9999998211860657
label_sorted,1,results_v3_lr0p1,results_v3_lr0p1,small_cnn,sgd,10,128,20000,0.1,0.9,0.0005,cuda,False,False,6,41,826,0.9999997019767761
label_sorted,1,results_v3_lr0p1,results_v3_lr0p1,small_cnn,sgd,10,128,20000,0.1,0.9,0.0005,cuda,False,False,6,42,827,0.9999986886978149
label_sorted,1,results_v3_lr0p1,results_v3_lr0p1,small_cnn,sgd,10,128,20000,0.1,0.9,0.0005,cuda,False,False,6,43,828,0.999995768070221
label_sorted,1,results_v3_lr0p1,results_v3_lr0p1,small_cnn,sgd,10,128,20000,0.1,0.9,0.0005,cuda,False,False,6,44,829,0.9999873638153076
label_sorted,1,results_v3_lr0p1,results_v3_lr0p1,small_cnn,sgd,10,128,20000,0.1,0.9,0.0005,cuda,False,False,6,45,830,0.9999645948410034
label_sorted,1,results_v3_lr0p1,results_v3_lr0p1,small_cnn,sgd,10,128,20000,0.1,0.9,0.0005,cuda,False,False,6,46,831,0.9999133348464966
label_sorted,1,results_v3_lr0p1,results_v3_lr0p1,small_cnn,sgd,10,128,20000,0.1,0.9,0.0005,cuda,False,False,6,47,832,-0.026910370215773582
label_sorted,1,results_v3_lr0p1,results_v3_lr0p1,small_cnn,sgd,10,128,20000,0.1,0.9,0.0005,cuda,False,False,6,48,833,0.8790861964225769
label_sorted,1,results_v3_lr0p1,results_v3_lr0p1,small_cnn,sgd,10,128,20000,0.1,0.9,0.0005,cuda,False,False,6,49,834,0.9999368786811829
label_sorted,1,results_v3_lr0p1,results_v3_lr0p1,small_cnn,sgd,10,128,20000,0.1,0.9,0.0005,cuda,False,False,6,50,835,0.9999906420707703
label_sorted,1,results_v3_lr0p1,results_v3_lr0p1,small_cnn,sgd,10,128,20000,0.1,0.9,0.0005,cuda,False,False,6,51,836,0.9999982118606567
label_sorted,1,results_v3_lr0p1,results_v3_lr0p1,small_cnn,sgd,10,128,20000,0.1,0.9,0.0005,cuda,False,False,6,52,837,0.9999996423721313
label_sorted,1,results_v3_lr0p1,results_v3_lr0p1,small_cnn,sgd,10,128,20000,0.1,0.9,0.0005,cuda,False,False,6,53,838,1.0
label_sorted,1,results_v3_lr0p1,results_v3_lr0p1,small_cnn,sgd,10,128,20000,0.1,0.9,0.0005,cuda,False,False,6,54,839,1.0000001192092896
label_sorted,1,results_v3_lr0p1,results_v3_lr0p1,small_cnn,sgd,10,128,20000,0.1,0.9,0.0005,cuda,False,False,6,55,840,0.9999999403953552
label_sorted,1,results_v3_lr0p1,results_v3_lr0p1,small_cnn,sgd,10,128,20000,0.1,0.9,0.0005,cuda,False,False,6,56,841,0.9999998807907104
label_sorted,1,results_v3_lr0p1,results_v3_lr0p1,small_cnn,sgd,10,128,20000,0.1,0.9,0.0005,cuda,False,False,6,57,842,0.9999993443489075
label_sorted,1,results_v3_lr0p1,results_v3_lr0p1,small_cnn,sgd,10,128,20000,0.1,0.9,0.0005,cuda,False,False,6,58,843,0.9999977946281433
label_sorted,1,results_v3_lr0p1,results_v3_lr0p1,small_cnn,sgd,10,128,20000,0.1,0.9,0.0005,cuda,False,False,6,59,844,0.9999933838844299
label_sorted,1,results_v3_lr0p1,results_v3_lr0p1,small_cnn,sgd,10,128,20000,0.1,0.9,0.0005,cuda,False,False,6,60,845,0.9999801516532898
label_sorted,1,results_v3_lr0p1,results_v3_lr0p1,small_cnn,sgd,10,128,20000,0.1,0.9,0.0005,cuda,False,False,6,61,846,0.9999464154243469
label_sorted,1,results_v3_lr0p1,results_v3_lr0p1,small_cnn,sgd,10,128,20000,0.1,0.9,0.0005,cuda,False,False,6,62,847,0.9998757243156433
label_sorted,1,results_v3_lr0p1,results_v3_lr0p1,small_cnn,sgd,10,128,20000,0.1,0.9,0.0005,cuda,False,False,6,63,848,-0.4534301459789276
label_sorted,1,results_v3_lr0p1,results_v3_lr0p1,small_cnn,sgd,10,128,20000,0.1,0.9,0.0005,cuda,False,False,6,64,849,0.9980310201644897
label_sorted,1,results_v3_lr0p1,results_v3_lr0p1,small_cnn,sgd,10,128,20000,0.1,0.9,0.0005,cuda,False,False,6,65,850,0.9999681711196899
label_sorted,1,results_v3_lr0p1,results_v3_lr0p1,small_cnn,sgd,10,128,20000,0.1,0.9,0.0005,cuda,False,False,6,66,851,0.9999948143959045
label_sorted,1,results_v3_lr0p1,results_v3_lr0p1,small_cnn,sgd,10,128,20000,0.1,0.9,0.0005,cuda,False,False,6,67,852,0.999998927116394
label_sorted,1,results_v3_lr0p1,results_v3_lr0p1,small_cnn,sgd,10,128,20000,0.1,0.9,0.0005,cuda,False,False,6,68,853,0.9999997019767761
label_sorted,1,results_v3_lr0p1,results_v3_lr0p1,small_cnn,sgd,10,128,20000,0.1,0.9,0.0005,cuda,False,False,6,69,854,0.9999999403953552
label_sorted,1,results_v3_lr0p1,results_v3_lr0p1,small_cnn,sgd,10,128,20000,0.1,0.9,0.0005,cuda,False,False,6,70,855,0.9999999403953552
label_sorted,1,results_v3_lr0p1,results_v3_lr0p1,small_cnn,sgd,10,128,20000,0.1,0.9,0.0005,cuda,False,False,6,71,856,0.9999998807907104
label_sorted,1,results_v3_lr0p1,results_v3_lr0p1,small_cnn,sgd,10,128,20000,0.1,0.9,0.0005,cuda,False,False,6,72,857,0.9999996423721313
label_sorted,1,results_v3_lr0p1,results_v3_lr0p1,small_cnn,sgd,10,128,20000,0.1,0.9,0.0005,cuda,False,False,6,73,858,0.9999990463256836
label_sorted,1,results_v3_lr0p1,results_v3_lr0p1,small_cnn,sgd,10,128,20000,0.1,0.9,0.0005,cuda,False,False,6,74,859,0.9999966621398926
label_sorted,1,results_v3_lr0p1,results_v3_lr0p1,small_cnn,sgd,10,128,20000,0.1,0.9,0.0005,cuda,False,False,6,75,860,0.999989926815033
label_sorted,1,results_v3_lr0p1,results_v3_lr0p1,small_cnn,sgd,10,128,20000,0.1,0.9,0.0005,cuda,False,False,6,76,861,0.9999707937240601
label_sorted,1,results_v3_lr0p1,results_v3_lr0p1,small_cnn,sgd,10,128,20000,0.1,0.9,0.0005,cuda,False,False,6,77,862,0.9999253153800964
label_sorted,1,results_v3_lr0p1,results_v3_lr0p1,small_cnn,sgd,10,128,20000,0.1,0.9,0.0005,cuda,False,False,6,78,863,0.9998369216918945
label_sorted,1,results_v3_lr0p1,results_v3_lr0p1,small_cnn,sgd,10,128,20000,0.1,0.9,0.0005,cuda,False,False,6,79,864,-0.5000718832015991
label_sorted,1,results_v3_lr0p1,results_v3_lr0p1,small_cnn,sgd,10,128,20000,0.1,0.9,0.0005,cuda,False,False,6,80,865,0.9998279809951782
label_sorted,1,results_v3_lr0p1,results_v3_lr0p1,small_cnn,sgd,10,128,20000,0.1,0.9,0.0005,cuda,False,False,6,81,866,0.9999849200248718
label_sorted,1,results_v3_lr0p1,results_v3_lr0p1,small_cnn,sgd,10,128,20000,0.1,0.9,0.0005,cuda,False,False,6,82,867,0.9999973773956299
label_sorted,1,results_v3_lr0p1,results_v3_lr0p1,small_cnn,sgd,10,128,20000,0.1,0.9,0.0005,cuda,False,False,6,83,868,0.999999463558197
label_sorted,1,results_v3_lr0p1,results_v3_lr0p1,small_cnn,sgd,10,128,20000,0.1,0.9,0.0005,cuda,False,False,6,84,869,0.9999998807907104
label_sorted,1,results_v3_lr0p1,results_v3_lr0p1,small_cnn,sgd,10,128,20000,0.1,0.9,0.0005,cuda,False,False,6,85,870,0.9999999403953552
label_sorted,1,results_v3_lr0p1,results_v3_lr0p1,small_cnn,sgd,10,128,20000,0.1,0.9,0.0005,cuda,False,False,6,86,871,1.0
label_sorted,1,results_v3_lr0p1,results_v3_lr0p1,small_cnn,sgd,10,128,20000,0.1,0.9,0.0005,cuda,False,False,6,87,872,0.9999998211860657
label_sorted,1,results_v3_lr0p1,results_v3_lr0p1,small_cnn,sgd,10,128,20000,0.1,0.9,0.0005,cuda,False,False,6,88,873,0.9999993443489075
label_sorted,1,results_v3_lr0p1,results_v3_lr0p1,small_cnn,sgd,10,128,20000,0.1,0.9,0.0005,cuda,False,False,6,89,874,0.9999982714653015
label_sorted,1,results_v3_lr0p1,results_v3_lr0p1,small_cnn,sgd,10,128,20000,0.1,0.9,0.0005,cuda,False,False,6,90,875,0.9999948143959045
label_sorted,1,results_v3_lr0p1,results_v3_lr0p1,small_cnn,sgd,10,128,20000,0.1,0.9,0.0005,cuda,False,False,6,91,876,0.9999847412109375
label_sorted,1,results_v3_lr0p1,results_v3_lr0p1,small_cnn,sgd,10,128,20000,0.1,0.9,0.0005,cuda,False,False,6,92,877,0.9999575018882751
label_sorted,1,results_v3_lr0p1,results_v3_lr0p1,small_cnn,sgd,10,128,20000,0.1,0.9,0.0005,cuda,False,False,6,93,878,0.9998976588249207
label_sorted,1,results_v3_lr0p1,results_v3_lr0p1,small_cnn,sgd,10,128,20000,0.1,0.9,0.0005,cuda,False,False,6,94,879,-0.3332809507846832
label_sorted,1,results_v3_lr0p1,results_v3_lr0p1,small_cnn,sgd,10,128,20000,0.1,0.9,0.0005,cuda,False,False,6,95,880,0.9823819398880005
label_sorted,1,results_v3_lr0p1,results_v3_lr0p1,small_cnn,sgd,10,128,20000,0.1,0.9,0.0005,cuda,False,False,6,96,881,0.9999510049819946
label_sorted,1,results_v3_lr0p1,results_v3_lr0p1,small_cnn,sgd,10,128,20000,0.1,0.9,0.0005,cuda,False,False,6,97,882,0.9999923706054688
label_sorted,1,results_v3_lr0p1,results_v3_lr0p1,small_cnn,sgd,10,128,20000,0.1,0.9,0.0005,cuda,False,False,6,98,883,0.9999985098838806
label_sorted,1,results_v3_lr0p1,results_v3_lr0p1,small_cnn,sgd,10,128,20000,0.1,0.9,0.0005,cuda,False,False,6,99,884,0.9999997019767761
label_sorted,1,results_v3_lr0p1,results_v3_lr0p1,small_cnn,sgd,10,128,20000,0.1,0.9,0.0005,cuda,False,False,6,100,885,0.9999999403953552
label_sorted,1,results_v3_lr0p1,results_v3_lr0p1,small_cnn,sgd,10,128,20000,0.1,0.9,0.0005,cuda,False,False,6,101,886,0.9999999403953552
label_sorted,1,results_v3_lr0p1,results_v3_lr0p1,small_cnn,sgd,10,128,20000,0.1,0.9,0.0005,cuda,False,False,6,102,887,0.9999998807907104
label_sorted,1,results_v3_lr0p1,results_v3_lr0p1,small_cnn,sgd,10,128,20000,0.1,0.9,0.0005,cuda,False,False,6,103,888,0.9999997019767761
label_sorted,1,results_v3_lr0p1,results_v3_lr0p1,small_cnn,sgd,10,128,20000,0.1,0.9,0.0005,cuda,False,False,6,104,889,0.9999991655349731
label_sorted,1,results_v3_lr0p1,results_v3_lr0p1,small_cnn,sgd,10,128,20000,0.1,0.9,0.0005,cuda,False,False,6,105,890,0.9999973177909851
label_sorted,1,results_v3_lr0p1,results_v3_lr0p1,small_cnn,sgd,10,128,20000,0.1,0.9,0.0005,cuda,False,False,6,106,891,0.9999921321868896
label_sorted,1,results_v3_lr0p1,results_v3_lr0p1,small_cnn,sgd,10,128,20000,0.1,0.9,0.0005,cuda,False,False,6,107,892,0.9999771118164062
label_sorted,1,results_v3_lr0p1,results_v3_lr0p1,small_cnn,sgd,10,128,20000,0.1,0.9,0.0005,cuda,False,False,6,108,893,0.9999396800994873
label_sorted,1,results_v3_lr0p1,results_v3_lr0p1,small_cnn,sgd,10,128,20000,0.1,0.9,0.0005,cuda,False,False,6,109,894,0.9998629093170166
label_sorted,1,results_v3_lr0p1,results_v3_lr0p1,small_cnn,sgd,10,128,20000,0.1,0.9,0.0005,cuda,False,False,6,110,895,-0.4767005443572998
label_sorted,1,results_v3_lr0p1,results_v3_lr0p1,small_cnn,sgd,10,128,20000,0.1,0.9,0.0005,cuda,False,False,6,111,896,0.9992005825042725
label_sorted,1,results_v3_lr0p1,results_v3_lr0p1,small_cnn,sgd,10,128,20000,0.1,0.9,0.0005,cuda,False,False,6,112,897,0.9999758005142212
label_sorted,1,results_v3_lr0p1,results_v3_lr0p1,small_cnn,sgd,10,128,20000,0.1,0.9,0.0005,cuda,False,False,6,113,898,0.9999958872795105
label_sorted,1,results_v3_lr0p1,results_v3_lr0p1,small_cnn,sgd,10,128,20000,0.1,0.9,0.0005,cuda,False,False,6,114,899,0.9999991655349731
label_sorted,1,results_v3_lr0p1,results_v3_lr0p1,small_cnn,sgd,10,128,20000,0.1,0.9,0.0005,cuda,False,False,6,115,900,0.9999998211860657
label_sorted,1,results_v3_lr0p1,results_v3_lr0p1,small_cnn,sgd,10,128,20000,0.1,0.9,0.0005,cuda,False,False,6,116,901,0.9999998807907104
label_sorted,1,results_v3_lr0p1,results_v3_lr0p1,small_cnn,sgd,10,128,20000,0.1,0.9,0.0005,cuda,False,False,6,117,902,0.9999999403953552
label_sorted,1,results_v3_lr0p1,results_v3_lr0p1,small_cnn,sgd,10,128,20000,0.1,0.9,0.0005,cuda,False,False,6,118,903,0.9999997615814209
label_sorted,1,results_v3_lr0p1,results_v3_lr0p1,small_cnn,sgd,10,128,20000,0.1,0.9,0.0005,cuda,False,False,6,119,904,0.9999995827674866
label_sorted,1,results_v3_lr0p1,results_v3_lr0p1,small_cnn,sgd,10,128,20000,0.1,0.9,0.0005,cuda,False,False,6,120,905,0.9999987483024597
label_sorted,1,results_v3_lr0p1,results_v3_lr0p1,small_cnn,sgd,10,128,20000,0.1,0.9,0.0005,cuda,False,False,6,121,906,0.9999961853027344
label_sorted,1,results_v3_lr0p1,results_v3_lr0p1,small_cnn,sgd,10,128,20000,0.1,0.9,0.0005,cuda,False,False,6,122,907,0.9999883770942688
label_sorted,1,results_v3_lr0p1,results_v3_lr0p1,small_cnn,sgd,10,128,20000,0.1,0.9,0.0005,cuda,False,False,6,123,908,0.9999672174453735
label_sorted,1,results_v3_lr0p1,results_v3_lr0p1,small_cnn,sgd,10,128,20000,0.1,0.9,0.0005,cuda,False,False,6,124,909,0.9999182224273682
label_sorted,1,results_v3_lr0p1,results_v3_lr0p1,small_cnn,sgd,10,128,20000,0.1,0.9,0.0005,cuda,False,False,6,125,910,0.9998259544372559
label_sorted,1,results_v3_lr0p1,results_v3_lr0p1,small_cnn,sgd,10,128,20000,0.1,0.9,0.0005,cuda,False,False,6,126,911,-0.5073368549346924
label_sorted,1,results_v3_lr0p1,results_v3_lr0p1,small_cnn,sgd,10,128,20000,0.1,0.9,0.0005,cuda,False,False,6,127,912,0.9999229907989502
label_sorted,1,results_v3_lr0p1,results_v3_lr0p1,small_cnn,sgd,10,128,20000,0.1,0.9,0.0005,cuda,False,False,6,128,913,0.9999886751174927
label_sorted,1,results_v3_lr0p1,results_v3_lr0p1,small_cnn,sgd,10,128,20000,0.1,0.9,0.0005,cuda,False,False,6,129,914,0.9999979138374329
label_sorted,1,results_v3_lr0p1,results_v3_lr0p1,small_cnn,sgd,10,128,20000,0.1,0.9,0.0005,cuda,False,False,6,130,915,0.9999995827674866
label_sorted,1,results_v3_lr0p1,results_v3_lr0p1,small_cnn,sgd,10,128,20000,0.1,0.9,0.0005,cuda,False,False,6,131,916,0.9999998807907104
label_sorted,1,results_v3_lr0p1,results_v3_lr0p1,small_cnn,sgd,10,128,20000,0.1,0.9,0.0005,cuda,False,False,6,132,917,1.0
label_sorted,1,results_v3_lr0p1,results_v3_lr0p1,small_cnn,sgd,10,128,20000,0.1,0.9,0.0005,cuda,False,False,6,133,918,1.0
label_sorted,1,results_v3_lr0p1,results_v3_lr0p1,small_cnn,sgd,10,128,20000,0.1,0.9,0.0005,cuda,False,False,6,134,919,0.9999997615814209
label_sorted,1,results_v3_lr0p1,results_v3_lr0p1,small_cnn,sgd,10,128,20000,0.1,0.9,0.0005,cuda,False,False,6,135,920,0.9999994039535522
label_sorted,1,results_v3_lr0p1,results_v3_lr0p1,small_cnn,sgd,10,128,20000,0.1,0.9,0.0005,cuda,False,False,6,136,921,0.9999980926513672
label_sorted,1,results_v3_lr0p1,results_v3_lr0p1,small_cnn,sgd,10,128,20000,0.1,0.9,0.0005,cuda,False,False,6,137,922,0.9999942779541016
label_sorted,1,results_v3_lr0p1,results_v3_lr0p1,small_cnn,sgd,10,128,20000,0.1,0.9,0.0005,cuda,False,False,6,138,923,0.9999823570251465
label_sorted,1,results_v3_lr0p1,results_v3_lr0p1,small_cnn,sgd,10,128,20000,0.1,0.9,0.0005,cuda,False,False,6,139,924,0.9999511241912842
label_sorted,1,results_v3_lr0p1,results_v3_lr0p1,small_cnn,sgd,10,128,20000,0.1,0.9,0.0005,cuda,False,False,6,140,925,0.9998828172683716
label_sorted,1,results_v3_lr0p1,results_v3_lr0p1,small_cnn,sgd,10,128,20000,0.1,0.9,0.0005,cuda,False,False,6,141,926,-0.4106703996658325
label_sorted,1,results_v3_lr0p1,results_v3_lr0p1,small_cnn,sgd,10,128,20000,0.1,0.9,0.0005,cuda,False,False,6,142,927,0.9942770004272461
label_sorted,1,results_v3_lr0p1,results_v3_lr0p1,small_cnn,sgd,10,128,20000,0.1,0.9,0.0005,cuda,False,False,6,143,928,0.9999566674232483
label_sorted,1,results_v3_lr0p1,results_v3_lr0p1,small_cnn,sgd,10,128,20000,0.1,0.9,0.0005,cuda,False,False,6,144,929,0.9999932646751404
label_sorted,1,results_v3_lr0p1,results_v3_lr0p1,small_cnn,sgd,10,128,20000,0.1,0.9,0.0005,cuda,False,False,6,145,930,0.9999988079071045
label_sorted,1,results_v3_lr0p1,results_v3_lr0p1,small_cnn,sgd,10,128,20000,0.1,0.9,0.0005,cuda,False,False,6,146,931,0.9999998211860657
label_sorted,1,results_v3_lr0p1,results_v3_lr0p1,small_cnn,sgd,10,128,20000,0.1,0.9,0.0005,cuda,False,False,6,147,932,0.9999999403953552
label_sorted,1,results_v3_lr0p1,results_v3_lr0p1,small_cnn,sgd,10,128,20000,0.1,0.9,0.0005,cuda,False,False,6,148,933,0.9999999403953552
label_sorted,1,results_v3_lr0p1,results_v3_lr0p1,small_cnn,sgd,10,128,20000,0.1,0.9,0.0005,cuda,False,False,6,149,934,0.9999998211860657
label_sorted,1,results_v3_lr0p1,results_v3_lr0p1,small_cnn,sgd,10,128,20000,0.1,0.9,0.0005,cuda,False,False,6,150,935,0.9999997019767761
label_sorted,1,results_v3_lr0p1,results_v3_lr0p1,small_cnn,sgd,10,128,20000,0.1,0.9,0.0005,cuda,False,False,6,151,936,0.9999990463256836
label_sorted,1,results_v3_lr0p1,results_v3_lr0p1,small_cnn,sgd,10,128,20000,0.1,0.9,0.0005,cuda,False,False,6,152,937,0.9999969601631165
label_sorted,1,results_v3_lr0p1,results_v3_lr0p1,small_cnn,sgd,10,128,20000,0.1,0.9,0.0005,cuda,False,False,6,153,938,0.9999911189079285
label_sorted,1,results_v3_lr0p1,results_v3_lr0p1,small_cnn,sgd,10,128,20000,0.1,0.9,0.0005,cuda,False,False,6,154,939,0.9999740123748779
label_sorted,1,results_v3_lr0p1,results_v3_lr0p1,small_cnn,sgd,10,128,20000,0.1,0.9,0.0005,cuda,False,False,6,155,940,0.999932587146759
label_sorted,1,results_v3_lr0p1,results_v3_lr0p1,small_cnn,sgd,10,128,20000,0.1,0.9,0.0005,cuda,False,False,6,156,941,0.9998508095741272
label_sorted,1,results_v3_lr0p1,results_v3_lr0p1,small_cnn,sgd,10,128,20000,0.1,0.9,0.0005,cuda,False,False,6,157,942,0.9997144937515259
label_sorted,1,results_v3_lr0p1,results_v3_lr0p1,small_cnn,sgd,10,128,20000,0.1,0.9,0.0005,cuda,False,False,7,1,943,-0.5267819762229919
label_sorted,1,results_v3_lr0p1,results_v3_lr0p1,small_cnn,sgd,10,128,20000,0.1,0.9,0.0005,cuda,False,False,7,2,944,0.9999818205833435
label_sorted,1,results_v3_lr0p1,results_v3_lr0p1,small_cnn,sgd,10,128,20000,0.1,0.9,0.0005,cuda,False,False,7,3,945,0.999997079372406
label_sorted,1,results_v3_lr0p1,results_v3_lr0p1,small_cnn,sgd,10,128,20000,0.1,0.9,0.0005,cuda,False,False,7,4,946,0.9999994039535522
label_sorted,1,results_v3_lr0p1,results_v3_lr0p1,small_cnn,sgd,10,128,20000,0.1,0.9,0.0005,cuda,False,False,7,5,947,0.9999998211860657
label_sorted,1,results_v3_lr0p1,results_v3_lr0p1,small_cnn,sgd,10,128,20000,0.1,0.9,0.0005,cuda,False,False,7,6,948,1.0
label_sorted,1,results_v3_lr0p1,results_v3_lr0p1,small_cnn,sgd,10,128,20000,0.1,0.9,0.0005,cuda,False,False,7,7,949,0.9999999403953552
label_sorted,1,results_v3_lr0p1,results_v3_lr0p1,small_cnn,sgd,10,128,20000,0.1,0.9,0.0005,cuda,False,False,7,8,950,0.9999998807907104
label_sorted,1,results_v3_lr0p1,results_v3_lr0p1,small_cnn,sgd,10,128,20000,0.1,0.9,0.0005,cuda,False,False,7,9,951,0.9999998211860657
label_sorted,1,results_v3_lr0p1,results_v3_lr0p1,small_cnn,sgd,10,128,20000,0.1,0.9,0.0005,cuda,False,False,7,10,952,0.9999994039535522
label_sorted,1,results_v3_lr0p1,results_v3_lr0p1,small_cnn,sgd,10,128,20000,0.1,0.9,0.0005,cuda,False,False,7,11,953,0.9999984502792358
label_sorted,1,results_v3_lr0p1,results_v3_lr0p1,small_cnn,sgd,10,128,20000,0.1,0.9,0.0005,cuda,False,False,7,12,954,0.9999951124191284
label_sorted,1,results_v3_lr0p1,results_v3_lr0p1,small_cnn,sgd,10,128,20000,0.1,0.9,0.0005,cuda,False,False,7,13,955,0.9999849796295166
label_sorted,1,results_v3_lr0p1,results_v3_lr0p1,small_cnn,sgd,10,128,20000,0.1,0.9,0.0005,cuda,False,False,7,14,956,0.9999569654464722
label_sorted,1,results_v3_lr0p1,results_v3_lr0p1,small_cnn,sgd,10,128,20000,0.1,0.9,0.0005,cuda,False,False,7,15,957,0.9998929500579834
label_sorted,1,results_v3_lr0p1,results_v3_lr0p1,small_cnn,sgd,10,128,20000,0.1,0.9,0.0005,cuda,False,False,7,16,958,-0.40898749232292175
label_sorted,1,results_v3_lr0p1,results_v3_lr0p1,small_cnn,sgd,10,128,20000,0.1,0.9,0.0005,cuda,False,False,7,17,959,0.9942188858985901
label_sorted,1,results_v3_lr0p1,results_v3_lr0p1,small_cnn,sgd,10,128,20000,0.1,0.9,0.0005,cuda,False,False,7,18,960,0.9999566674232483
label_sorted,1,results_v3_lr0p1,results_v3_lr0p1,small_cnn,sgd,10,128,20000,0.1,0.9,0.0005,cuda,False,False,7,19,961,0.9999933838844299
label_sorted,1,results_v3_lr0p1,results_v3_lr0p1,small_cnn,sgd,10,128,20000,0.1,0.9,0.0005,cuda,False,False,7,20,962,0.9999987483024597
label_sorted,1,results_v3_lr0p1,results_v3_lr0p1,small_cnn,sgd,10,128,20000,0.1,0.9,0.0005,cuda,False,False,7,21,963,0.9999997615814209
label_sorted,1,results_v3_lr0p1,results_v3_lr0p1,small_cnn,sgd,10,128,20000,0.1,0.9,0.0005,cuda,False,False,7,22,964,0.9999999403953552
label_sorted,1,results_v3_lr0p1,results_v3_lr0p1,small_cnn,sgd,10,128,20000,0.1,0.9,0.0005,cuda,False,False,7,23,965,1.0000001192092896
label_sorted,1,results_v3_lr0p1,results_v3_lr0p1,small_cnn,sgd,10,128,20000,0.1,0.9,0.0005,cuda,False,False,7,24,966,1.0000001192092896
label_sorted,1,results_v3_lr0p1,results_v3_lr0p1,small_cnn,sgd,10,128,20000,0.1,0.9,0.0005,cuda,False,False,7,25,967,0.9999997615814209
label_sorted,1,results_v3_lr0p1,results_v3_lr0p1,small_cnn,sgd,10,128,20000,0.1,0.9,0.0005,cuda,False,False,7,26,968,0.9999992251396179
label_sorted,1,results_v3_lr0p1,results_v3_lr0p1,small_cnn,sgd,10,128,20000,0.1,0.9,0.0005,cuda,False,False,7,27,969,0.9999973177909851
label_sorted,1,results_v3_lr0p1,results_v3_lr0p1,small_cnn,sgd,10,128,20000,0.1,0.9,0.0005,cuda,False,False,7,28,970,0.9999921321868896
label_sorted,1,results_v3_lr0p1,results_v3_lr0p1,small_cnn,sgd,10,128,20000,0.1,0.9,0.0005,cuda,False,False,7,29,971,0.9999772906303406
label_sorted,1,results_v3_lr0p1,results_v3_lr0p1,small_cnn,sgd,10,128,20000,0.1,0.9,0.0005,cuda,False,False,7,30,972,0.9999405145645142
label_sorted,1,results_v3_lr0p1,results_v3_lr0p1,small_cnn,sgd,10,128,20000,0.1,0.9,0.0005,cuda,False,False,7,31,973,0.9998671412467957
label_sorted,1,results_v3_lr0p1,results_v3_lr0p1,small_cnn,sgd,10,128,20000,0.1,0.9,0.0005,cuda,False,False,7,32,974,-0.4892696738243103
label_sorted,1,results_v3_lr0p1,results_v3_lr0p1,small_cnn,sgd,10,128,20000,0.1,0.9,0.0005,cuda,False,False,7,33,975,0.999641478061676
label_sorted,1,results_v3_lr0p1,results_v3_lr0p1,small_cnn,sgd,10,128,20000,0.1,0.9,0.0005,cuda,False,False,7,34,976,0.999981164932251
label_sorted,1,results_v3_lr0p1,results_v3_lr0p1,small_cnn,sgd,10,128,20000,0.1,0.9,0.0005,cuda,False,False,7,35,977,0.9999967217445374
label_sorted,1,results_v3_lr0p1,results_v3_lr0p1,small_cnn,sgd,10,128,20000,0.1,0.9,0.0005,cuda,False,False,7,36,978,0.9999994039535522
label_sorted,1,results_v3_lr0p1,results_v3_lr0p1,small_cnn,sgd,10,128,20000,0.1,0.9,0.0005,cuda,False,False,7,37,979,0.9999998807907104
label_sorted,1,results_v3_lr0p1,results_v3_lr0p1,small_cnn,sgd,10,128,20000,0.1,0.9,0.0005,cuda,False,False,7,38,980,0.9999999403953552
label_sorted,1,results_v3_lr0p1,results_v3_lr0p1,small_cnn,sgd,10,128,20000,0.1,0.9,0.0005,cuda,False,False,7,39,981,0.9999999403953552
label_sorted,1,results_v3_lr0p1,results_v3_lr0p1,small_cnn,sgd,10,128,20000,0.1,0.9,0.0005,cuda,False,False,7,40,982,0.9999998211860657
label_sorted,1,results_v3_lr0p1,results_v3_lr0p1,small_cnn,sgd,10,128,20000,0.1,0.9,0.0005,cuda,False,False,7,41,983,0.9999995231628418
label_sorted,1,results_v3_lr0p1,results_v3_lr0p1,small_cnn,sgd,10,128,20000,0.1,0.9,0.0005,cuda,False,False,7,42,984,0.9999985694885254
label_sorted,1,results_v3_lr0p1,results_v3_lr0p1,small_cnn,sgd,10,128,20000,0.1,0.9,0.0005,cuda,False,False,7,43,985,0.999995768070221
label_sorted,1,results_v3_lr0p1,results_v3_lr0p1,small_cnn,sgd,10,128,20000,0.1,0.9,0.0005,cuda,False,False,7,44,986,0.9999873042106628
label_sorted,1,results_v3_lr0p1,results_v3_lr0p1,small_cnn,sgd,10,128,20000,0.1,0.9,0.0005,cuda,False,False,7,45,987,0.9999639391899109
label_sorted,1,results_v3_lr0p1,results_v3_lr0p1,small_cnn,sgd,10,128,20000,0.1,0.9,0.0005,cuda,False,False,7,46,988,0.9999104738235474
label_sorted,1,results_v3_lr0p1,results_v3_lr0p1,small_cnn,sgd,10,128,20000,0.1,0.9,0.0005,cuda,False,False,7,47,989,-0.010266866534948349
label_sorted,1,results_v3_lr0p1,results_v3_lr0p1,small_cnn,sgd,10,128,20000,0.1,0.9,0.0005,cuda,False,False,7,48,990,0.871192216873169
label_sorted,1,results_v3_lr0p1,results_v3_lr0p1,small_cnn,sgd,10,128,20000,0.1,0.9,0.0005,cuda,False,False,7,49,991,0.9999333024024963
label_sorted,1,results_v3_lr0p1,results_v3_lr0p1,small_cnn,sgd,10,128,20000,0.1,0.9,0.0005,cuda,False,False,7,50,992,0.9999901652336121
label_sorted,1,results_v3_lr0p1,results_v3_lr0p1,small_cnn,sgd,10,128,20000,0.1,0.9,0.0005,cuda,False,False,7,51,993,0.9999980926513672
label_sorted,1,results_v3_lr0p1,results_v3_lr0p1,small_cnn,sgd,10,128,20000,0.1,0.9,0.0005,cuda,False,False,7,52,994,0.9999996423721313
label_sorted,1,results_v3_lr0p1,results_v3_lr0p1,small_cnn,sgd,10,128,20000,0.1,0.9,0.0005,cuda,False,False,7,53,995,1.0
label_sorted,1,results_v3_lr0p1,results_v3_lr0p1,small_cnn,sgd,10,128,20000,0.1,0.9,0.0005,cuda,False,False,7,54,996,0.9999998807907104
label_sorted,1,results_v3_lr0p1,results_v3_lr0p1,small_cnn,sgd,10,128,20000,0.1,0.9,0.0005,cuda,False,False,7,55,997,0.9999998211860657
label_sorted,1,results_v3_lr0p1,results_v3_lr0p1,small_cnn,sgd,10,128,20000,0.1,0.9,0.0005,cuda,False,False,7,56,998,0.9999997019767761
label_sorted,1,results_v3_lr0p1,results_v3_lr0p1,small_cnn,sgd,10,128,20000,0.1,0.9,0.0005,cuda,False,False,7,57,999,0.9999992251396179
label_sorted,1,results_v3_lr0p1,results_v3_lr0p1,small_cnn,sgd,10,128,20000,0.1,0.9,0.0005,cuda,False,False,7,58,1000,0.9999978542327881
label_sorted,1,results_v3_lr0p1,results_v3_lr0p1,small_cnn,sgd,10,128,20000,0.1,0.9,0.0005,cuda,False,False,7,59,1001,0.9999935030937195
label_sorted,1,results_v3_lr0p1,results_v3_lr0p1,small_cnn,sgd,10,128,20000,0.1,0.9,0.0005,cuda,False,False,7,60,1002,0.9999807476997375
label_sorted,1,results_v3_lr0p1,results_v3_lr0p1,small_cnn,sgd,10,128,20000,0.1,0.9,0.0005,cuda,False,False,7,61,1003,0.999947726726532
label_sorted,1,results_v3_lr0p1,results_v3_lr0p1,small_cnn,sgd,10,128,20000,0.1,0.9,0.0005,cuda,False,False,7,62,1004,0.9998787045478821
label_sorted,1,results_v3_lr0p1,results_v3_lr0p1,small_cnn,sgd,10,128,20000,0.1,0.9,0.0005,cuda,False,False,7,63,1005,-0.45422202348709106
label_sorted,1,results_v3_lr0p1,results_v3_lr0p1,small_cnn,sgd,10,128,20000,0.1,0.9,0.0005,cuda,False,False,7,64,1006,0.9980846643447876
label_sorted,1,results_v3_lr0p1,results_v3_lr0p1,small_cnn,sgd,10,128,20000,0.1,0.9,0.0005,cuda,False,False,7,65,1007,0.9999690055847168
label_sorted,1,results_v3_lr0p1,results_v3_lr0p1,small_cnn,sgd,10,128,20000,0.1,0.9,0.0005,cuda,False,False,7,66,1008,0.9999949336051941
label_sorted,1,results_v3_lr0p1,results_v3_lr0p1,small_cnn,sgd,10,128,20000,0.1,0.9,0.0005,cuda,False,False,7,67,1009,0.9999989867210388
label_sorted,1,results_v3_lr0p1,results_v3_lr0p1,small_cnn,sgd,10,128,20000,0.1,0.9,0.0005,cuda,False,False,7,68,1010,0.9999998211860657
label_sorted,1,results_v3_lr0p1,results_v3_lr0p1,small_cnn,sgd,10,128,20000,0.1,0.9,0.0005,cuda,False,False,7,69,1011,0.9999998211860657
label_sorted,1,results_v3_lr0p1,results_v3_lr0p1,small_cnn,sgd,10,128,20000,0.1,0.9,0.0005,cuda,False,False,7,70,1012,0.9999998211860657
label_sorted,1,results_v3_lr0p1,results_v3_lr0p1,small_cnn,sgd,10,128,20000,0.1,0.9,0.0005,cuda,False,False,7,71,1013,0.9999998211860657
label_sorted,1,results_v3_lr0p1,results_v3_lr0p1,small_cnn,sgd,10,128,20000,0.1,0.9,0.0005,cuda,False,False,7,72,1014,0.9999996423721313
label_sorted,1,results_v3_lr0p1,results_v3_lr0p1,small_cnn,sgd,10,128,20000,0.1,0.9,0.0005,cuda,False,False,7,73,1015,0.9999988675117493
label_sorted,1,results_v3_lr0p1,results_v3_lr0p1,small_cnn,sgd,10,128,20000,0.1,0.9,0.0005,cuda,False,False,7,74,1016,0.9999964833259583
label_sorted,1,results_v3_lr0p1,results_v3_lr0p1,small_cnn,sgd,10,128,20000,0.1,0.9,0.0005,cuda,False,False,7,75,1017,0.9999898076057434
label_sorted,1,results_v3_lr0p1,results_v3_lr0p1,small_cnn,sgd,10,128,20000,0.1,0.9,0.0005,cuda,False,False,7,76,1018,0.9999710321426392
label_sorted,1,results_v3_lr0p1,results_v3_lr0p1,small_cnn,sgd,10,128,20000,0.1,0.9,0.0005,cuda,False,False,7,77,1019,0.9999262690544128
label_sorted,1,results_v3_lr0p1,results_v3_lr0p1,small_cnn,sgd,10,128,20000,0.1,0.9,0.0005,cuda,False,False,7,78,1020,0.9998389482498169
label_sorted,1,results_v3_lr0p1,results_v3_lr0p1,small_cnn,sgd,10,128,20000,0.1,0.9,0.0005,cuda,False,False,7,79,1021,-0.49997958540916443
label_sorted,1,results_v3_lr0p1,results_v3_lr0p1,small_cnn,sgd,10,128,20000,0.1,0.9,0.0005,cuda,False,False,7,80,1022,0.999829888343811
label_sorted,1,results_v3_lr0p1,results_v3_lr0p1,small_cnn,sgd,10,128,20000,0.1,0.9,0.0005,cuda,False,False,7,81,1023,0.9999850392341614
label_sorted,1,results_v3_lr0p1,results_v3_lr0p1,small_cnn,sgd,10,128,20000,0.1,0.9,0.0005,cuda,False,False,7,82,1024,0.9999972581863403
label_sorted,1,results_v3_lr0p1,results_v3_lr0p1,small_cnn,sgd,10,128,20000,0.1,0.9,0.0005,cuda,False,False,7,83,1025,0.9999994039535522
label_sorted,1,results_v3_lr0p1,results_v3_lr0p1,small_cnn,sgd,10,128,20000,0.1,0.9,0.0005,cuda,False,False,7,84,1026,0.9999999403953552
label_sorted,1,results_v3_lr0p1,results_v3_lr0p1,small_cnn,sgd,10,128,20000,0.1,0.9,0.0005,cuda,False,False,7,85,1027,0.9999999403953552
label_sorted,1,results_v3_lr0p1,results_v3_lr0p1,small_cnn,sgd,10,128,20000,0.1,0.9,0.0005,cuda,False,False,7,86,1028,1.0
label_sorted,1,results_v3_lr0p1,results_v3_lr0p1,small_cnn,sgd,10,128,20000,0.1,0.9,0.0005,cuda,False,False,7,87,1029,0.9999998807907104
label_sorted,1,results_v3_lr0p1,results_v3_lr0p1,small_cnn,sgd,10,128,20000,0.1,0.9,0.0005,cuda,False,False,7,88,1030,0.999999463558197
label_sorted,1,results_v3_lr0p1,results_v3_lr0p1,small_cnn,sgd,10,128,20000,0.1,0.9,0.0005,cuda,False,False,7,89,1031,0.9999983310699463
label_sorted,1,results_v3_lr0p1,results_v3_lr0p1,small_cnn,sgd,10,128,20000,0.1,0.9,0.0005,cuda,False,False,7,90,1032,0.9999948740005493
label_sorted,1,results_v3_lr0p1,results_v3_lr0p1,small_cnn,sgd,10,128,20000,0.1,0.9,0.0005,cuda,False,False,7,91,1033,0.9999848008155823
label_sorted,1,results_v3_lr0p1,results_v3_lr0p1,small_cnn,sgd,10,128,20000,0.1,0.9,0.0005,cuda,False,False,7,92,1034,0.9999578595161438
label_sorted,1,results_v3_lr0p1,results_v3_lr0p1,small_cnn,sgd,10,128,20000,0.1,0.9,0.0005,cuda,False,False,7,93,1035,0.9998980164527893
label_sorted,1,results_v3_lr0p1,results_v3_lr0p1,small_cnn,sgd,10,128,20000,0.1,0.9,0.0005,cuda,False,False,7,94,1036,-0.3305550515651703
label_sorted,1,results_v3_lr0p1,results_v3_lr0p1,small_cnn,sgd,10,128,20000,0.1,0.9,0.0005,cuda,False,False,7,95,1037,0.9818723797798157
label_sorted,1,results_v3_lr0p1,results_v3_lr0p1,small_cnn,sgd,10,128,20000,0.1,0.9,0.0005,cuda,False,False,7,96,1038,0.9999496936798096
label_sorted,1,results_v3_lr0p1,results_v3_lr0p1,small_cnn,sgd,10,128,20000,0.1,0.9,0.0005,cuda,False,False,7,97,1039,0.9999922513961792
label_sorted,1,results_v3_lr0p1,results_v3_lr0p1,small_cnn,sgd,10,128,20000,0.1,0.9,0.0005,cuda,False,False,7,98,1040,0.9999985098838806
label_sorted,1,results_v3_lr0p1,results_v3_lr0p1,small_cnn,sgd,10,128,20000,0.1,0.9,0.0005,cuda,False,False,7,99,1041,0.9999997019767761
label_sorted,1,results_v3_lr0p1,results_v3_lr0p1,small_cnn,sgd,10,128,20000,0.1,0.9,0.0005,cuda,False,False,7,100,1042,0.9999999403953552
label_sorted,1,results_v3_lr0p1,results_v3_lr0p1,small_cnn,sgd,10,128,20000,0.1,0.9,0.0005,cuda,False,False,7,101,1043,1.0
label_sorted,1,results_v3_lr0p1,results_v3_lr0p1,small_cnn,sgd,10,128,20000,0.1,0.9,0.0005,cuda,False,False,7,102,1044,1.0
label_sorted,1,results_v3_lr0p1,results_v3_lr0p1,small_cnn,sgd,10,128,20000,0.1,0.9,0.0005,cuda,False,False,7,103,1045,0.9999997019767761
label_sorted,1,results_v3_lr0p1,results_v3_lr0p1,small_cnn,sgd,10,128,20000,0.1,0.9,0.0005,cuda,False,False,7,104,1046,0.9999991655349731
label_sorted,1,results_v3_lr0p1,results_v3_lr0p1,small_cnn,sgd,10,128,20000,0.1,0.9,0.0005,cuda,False,False,7,105,1047,0.9999973773956299
label_sorted,1,results_v3_lr0p1,results_v3_lr0p1,small_cnn,sgd,10,128,20000,0.1,0.9,0.0005,cuda,False,False,7,106,1048,0.999992311000824
label_sorted,1,results_v3_lr0p1,results_v3_lr0p1,small_cnn,sgd,10,128,20000,0.1,0.9,0.0005,cuda,False,False,7,107,1049,0.9999775290489197
label_sorted,1,results_v3_lr0p1,results_v3_lr0p1,small_cnn,sgd,10,128,20000,0.1,0.9,0.0005,cuda,False,False,7,108,1050,0.999940812587738
label_sorted,1,results_v3_lr0p1,results_v3_lr0p1,small_cnn,sgd,10,128,20000,0.1,0.9,0.0005,cuda,False,False,7,109,1051,0.9998663067817688
label_sorted,1,results_v3_lr0p1,results_v3_lr0p1,small_cnn,sgd,10,128,20000,0.1,0.9,0.0005,cuda,False,False,7,110,1052,-0.47693902254104614
label_sorted,1,results_v3_lr0p1,results_v3_lr0p1,small_cnn,sgd,10,128,20000,0.1,0.9,0.0005,cuda,False,False,7,111,1053,0.9992296695709229
label_sorted,1,results_v3_lr0p1,results_v3_lr0p1,small_cnn,sgd,10,128,20000,0.1,0.9,0.0005,cuda,False,False,7,112,1054,0.9999766945838928
label_sorted,1,results_v3_lr0p1,results_v3_lr0p1,small_cnn,sgd,10,128,20000,0.1,0.9,0.0005,cuda,False,False,7,113,1055,0.9999961256980896
label_sorted,1,results_v3_lr0p1,results_v3_lr0p1,small_cnn,sgd,10,128,20000,0.1,0.9,0.0005,cuda,False,False,7,114,1056,0.9999993443489075
label_sorted,1,results_v3_lr0p1,results_v3_lr0p1,small_cnn,sgd,10,128,20000,0.1,0.9,0.0005,cuda,False,False,7,115,1057,0.9999998211860657
label_sorted,1,results_v3_lr0p1,results_v3_lr0p1,small_cnn,sgd,10,128,20000,0.1,0.9,0.0005,cuda,False,False,7,116,1058,0.9999998807907104
label_sorted,1,results_v3_lr0p1,results_v3_lr0p1,small_cnn,sgd,10,128,20000,0.1,0.9,0.0005,cuda,False,False,7,117,1059,0.9999999403953552
label_sorted,1,results_v3_lr0p1,results_v3_lr0p1,small_cnn,sgd,10,128,20000,0.1,0.9,0.0005,cuda,False,False,7,118,1060,0.9999998211860657
label_sorted,1,results_v3_lr0p1,results_v3_lr0p1,small_cnn,sgd,10,128,20000,0.1,0.9,0.0005,cuda,False,False,7,119,1061,0.9999995827674866
label_sorted,1,results_v3_lr0p1,results_v3_lr0p1,small_cnn,sgd,10,128,20000,0.1,0.9,0.0005,cuda,False,False,7,120,1062,0.9999986886978149
label_sorted,1,results_v3_lr0p1,results_v3_lr0p1,small_cnn,sgd,10,128,20000,0.1,0.9,0.0005,cuda,False,False,7,121,1063,0.9999962449073792
label_sorted,1,results_v3_lr0p1,results_v3_lr0p1,small_cnn,sgd,10,128,20000,0.1,0.9,0.0005,cuda,False,False,7,122,1064,0.999988317489624
label_sorted,1,results_v3_lr0p1,results_v3_lr0p1,small_cnn,sgd,10,128,20000,0.1,0.9,0.0005,cuda,False,False,7,123,1065,0.9999664425849915
label_sorted,1,results_v3_lr0p1,results_v3_lr0p1,small_cnn,sgd,10,128,20000,0.1,0.9,0.0005,cuda,False,False,7,124,1066,0.9999150633811951
label_sorted,1,results_v3_lr0p1,results_v3_lr0p1,small_cnn,sgd,10,128,20000,0.1,0.9,0.0005,cuda,False,False,7,125,1067,0.9998166561126709
label_sorted,1,results_v3_lr0p1,results_v3_lr0p1,small_cnn,sgd,10,128,20000,0.1,0.9,0.0005,cuda,False,False,7,126,1068,-0.5070635676383972
label_sorted,1,results_v3_lr0p1,results_v3_lr0p1,small_cnn,sgd,10,128,20000,0.1,0.9,0.0005,cuda,False,False,7,127,1069,0.9999123811721802
label_sorted,1,results_v3_lr0p1,results_v3_lr0p1,small_cnn,sgd,10,128,20000,0.1,0.9,0.0005,cuda,False,False,7,128,1070,0.9999873638153076
label_sorted,1,results_v3_lr0p1,results_v3_lr0p1,small_cnn,sgd,10,128,20000,0.1,0.9,0.0005,cuda,False,False,7,129,1071,0.9999976754188538
label_sorted,1,results_v3_lr0p1,results_v3_lr0p1,small_cnn,sgd,10,128,20000,0.1,0.9,0.0005,cuda,False,False,7,130,1072,0.999999463558197
label_sorted,1,results_v3_lr0p1,results_v3_lr0p1,small_cnn,sgd,10,128,20000,0.1,0.9,0.0005,cuda,False,False,7,131,1073,0.9999998211860657
label_sorted,1,results_v3_lr0p1,results_v3_lr0p1,small_cnn,sgd,10,128,20000,0.1,0.9,0.0005,cuda,False,False,7,132,1074,1.0
label_sorted,1,results_v3_lr0p1,results_v3_lr0p1,small_cnn,sgd,10,128,20000,0.1,0.9,0.0005,cuda,False,False,7,133,1075,0.9999998807907104
label_sorted,1,results_v3_lr0p1,results_v3_lr0p1,small_cnn,sgd,10,128,20000,0.1,0.9,0.0005,cuda,False,False,7,134,1076,0.9999997615814209
label_sorted,1,results_v3_lr0p1,results_v3_lr0p1,small_cnn,sgd,10,128,20000,0.1,0.9,0.0005,cuda,False,False,7,135,1077,0.9999994039535522
label_sorted,1,results_v3_lr0p1,results_v3_lr0p1,small_cnn,sgd,10,128,20000,0.1,0.9,0.0005,cuda,False,False,7,136,1078,0.9999980926513672
label_sorted,1,results_v3_lr0p1,results_v3_lr0p1,small_cnn,sgd,10,128,20000,0.1,0.9,0.0005,cuda,False,False,7,137,1079,0.999994158744812
label_sorted,1,results_v3_lr0p1,results_v3_lr0p1,small_cnn,sgd,10,128,20000,0.1,0.9,0.0005,cuda,False,False,7,138,1080,0.999982476234436
label_sorted,1,results_v3_lr0p1,results_v3_lr0p1,small_cnn,sgd,10,128,20000,0.1,0.9,0.0005,cuda,False,False,7,139,1081,0.9999522566795349
label_sorted,1,results_v3_lr0p1,results_v3_lr0p1,small_cnn,sgd,10,128,20000,0.1,0.9,0.0005,cuda,False,False,7,140,1082,0.9998879432678223
label_sorted,1,results_v3_lr0p1,results_v3_lr0p1,small_cnn,sgd,10,128,20000,0.1,0.9,0.0005,cuda,False,False,7,141,1083,-0.4186364412307739
label_sorted,1,results_v3_lr0p1,results_v3_lr0p1,small_cnn,sgd,10,128,20000,0.1,0.9,0.0005,cuda,False,False,7,142,1084,0.9951309561729431
label_sorted,1,results_v3_lr0p1,results_v3_lr0p1,small_cnn,sgd,10,128,20000,0.1,0.9,0.0005,cuda,False,False,7,143,1085,0.9999626278877258
label_sorted,1,results_v3_lr0p1,results_v3_lr0p1,small_cnn,sgd,10,128,20000,0.1,0.9,0.0005,cuda,False,False,7,144,1086,0.9999940395355225
label_sorted,1,results_v3_lr0p1,results_v3_lr0p1,small_cnn,sgd,10,128,20000,0.1,0.9,0.0005,cuda,False,False,7,145,1087,0.9999988675117493
label_sorted,1,results_v3_lr0p1,results_v3_lr0p1,small_cnn,sgd,10,128,20000,0.1,0.9,0.0005,cuda,False,False,7,146,1088,0.9999997615814209
label_sorted,1,results_v3_lr0p1,results_v3_lr0p1,small_cnn,sgd,10,128,20000,0.1,0.9,0.0005,cuda,False,False,7,147,1089,1.0
label_sorted,1,results_v3_lr0p1,results_v3_lr0p1,small_cnn,sgd,10,128,20000,0.1,0.9,0.0005,cuda,False,False,7,148,1090,1.0
label_sorted,1,results_v3_lr0p1,results_v3_lr0p1,small_cnn,sgd,10,128,20000,0.1,0.9,0.0005,cuda,False,False,7,149,1091,0.9999998807907104
label_sorted,1,results_v3_lr0p1,results_v3_lr0p1,small_cnn,sgd,10,128,20000,0.1,0.9,0.0005,cuda,False,False,7,150,1092,0.9999996423721313
label_sorted,1,results_v3_lr0p1,results_v3_lr0p1,small_cnn,sgd,10,128,20000,0.1,0.9,0.0005,cuda,False,False,7,151,1093,0.9999990463256836
label_sorted,1,results_v3_lr0p1,results_v3_lr0p1,small_cnn,sgd,10,128,20000,0.1,0.9,0.0005,cuda,False,False,7,152,1094,0.9999969005584717
label_sorted,1,results_v3_lr0p1,results_v3_lr0p1,small_cnn,sgd,10,128,20000,0.1,0.9,0.0005,cuda,False,False,7,153,1095,0.9999908208847046
label_sorted,1,results_v3_lr0p1,results_v3_lr0p1,small_cnn,sgd,10,128,20000,0.1,0.9,0.0005,cuda,False,False,7,154,1096,0.9999731183052063
label_sorted,1,results_v3_lr0p1,results_v3_lr0p1,small_cnn,sgd,10,128,20000,0.1,0.9,0.0005,cuda,False,False,7,155,1097,0.9999287724494934
label_sorted,1,results_v3_lr0p1,results_v3_lr0p1,small_cnn,sgd,10,128,20000,0.1,0.9,0.0005,cuda,False,False,7,156,1098,0.9998388290405273
label_sorted,1,results_v3_lr0p1,results_v3_lr0p1,small_cnn,sgd,10,128,20000,0.1,0.9,0.0005,cuda,False,False,7,157,1099,0.9996863007545471
label_sorted,1,results_v3_lr0p1,results_v3_lr0p1,small_cnn,sgd,10,128,20000,0.1,0.9,0.0005,cuda,False,False,8,1,1100,-0.5277189016342163
label_sorted,1,results_v3_lr0p1,results_v3_lr0p1,small_cnn,sgd,10,128,20000,0.1,0.9,0.0005,cuda,False,False,8,2,1101,0.9999787211418152
label_sorted,1,results_v3_lr0p1,results_v3_lr0p1,small_cnn,sgd,10,128,20000,0.1,0.9,0.0005,cuda,False,False,8,3,1102,0.9999966621398926
label_sorted,1,results_v3_lr0p1,results_v3_lr0p1,small_cnn,sgd,10,128,20000,0.1,0.9,0.0005,cuda,False,False,8,4,1103,0.9999993443489075
label_sorted,1,results_v3_lr0p1,results_v3_lr0p1,small_cnn,sgd,10,128,20000,0.1,0.9,0.0005,cuda,False,False,8,5,1104,0.9999998807907104
label_sorted,1,results_v3_lr0p1,results_v3_lr0p1,small_cnn,sgd,10,128,20000,0.1,0.9,0.0005,cuda,False,False,8,6,1105,1.0
label_sorted,1,results_v3_lr0p1,results_v3_lr0p1,small_cnn,sgd,10,128,20000,0.1,0.9,0.0005,cuda,False,False,8,7,1106,1.0
label_sorted,1,results_v3_lr0p1,results_v3_lr0p1,small_cnn,sgd,10,128,20000,0.1,0.9,0.0005,cuda,False,False,8,8,1107,0.9999998807907104
label_sorted,1,results_v3_lr0p1,results_v3_lr0p1,small_cnn,sgd,10,128,20000,0.1,0.9,0.0005,cuda,False,False,8,9,1108,0.9999998807907104
label_sorted,1,results_v3_lr0p1,results_v3_lr0p1,small_cnn,sgd,10,128,20000,0.1,0.9,0.0005,cuda,False,False,8,10,1109,0.9999994039535522
label_sorted,1,results_v3_lr0p1,results_v3_lr0p1,small_cnn,sgd,10,128,20000,0.1,0.9,0.0005,cuda,False,False,8,11,1110,0.9999983906745911
label_sorted,1,results_v3_lr0p1,results_v3_lr0p1,small_cnn,sgd,10,128,20000,0.1,0.9,0.0005,cuda,False,False,8,12,1111,0.9999951124191284
label_sorted,1,results_v3_lr0p1,results_v3_lr0p1,small_cnn,sgd,10,128,20000,0.1,0.9,0.0005,cuda,False,False,8,13,1112,0.9999850988388062
label_sorted,1,results_v3_lr0p1,results_v3_lr0p1,small_cnn,sgd,10,128,20000,0.1,0.9,0.0005,cuda,False,False,8,14,1113,0.9999578595161438
label_sorted,1,results_v3_lr0p1,results_v3_lr0p1,small_cnn,sgd,10,128,20000,0.1,0.9,0.0005,cuda,False,False,8,15,1114,0.9998971223831177
label_sorted,1,results_v3_lr0p1,results_v3_lr0p1,small_cnn,sgd,10,128,20000,0.1,0.9,0.0005,cuda,False,False,8,16,1115,-0.41764557361602783
label_sorted,1,results_v3_lr0p1,results_v3_lr0p1,small_cnn,sgd,10,128,20000,0.1,0.9,0.0005,cuda,False,False,8,17,1116,0.9951072931289673
label_sorted,1,results_v3_lr0p1,results_v3_lr0p1,small_cnn,sgd,10,128,20000,0.1,0.9,0.0005,cuda,False,False,8,18,1117,0.9999628067016602
label_sorted,1,results_v3_lr0p1,results_v3_lr0p1,small_cnn,sgd,10,128,20000,0.1,0.9,0.0005,cuda,False,False,8,19,1118,0.999994158744812
label_sorted,1,results_v3_lr0p1,results_v3_lr0p1,small_cnn,sgd,10,128,20000,0.1,0.9,0.0005,cuda,False,False,8,20,1119,0.9999988675117493
label_sorted,1,results_v3_lr0p1,results_v3_lr0p1,small_cnn,sgd,10,128,20000,0.1,0.9,0.0005,cuda,False,False,8,21,1120,0.9999998211860657
label_sorted,1,results_v3_lr0p1,results_v3_lr0p1,small_cnn,sgd,10,128,20000,0.1,0.9,0.0005,cuda,False,False,8,22,1121,1.0
label_sorted,1,results_v3_lr0p1,results_v3_lr0p1,small_cnn,sgd,10,128,20000,0.1,0.9,0.0005,cuda,False,False,8,23,1122,1.0
label_sorted,1,results_v3_lr0p1,results_v3_lr0p1,small_cnn,sgd,10,128,20000,0.1,0.9,0.0005,cuda,False,False,8,24,1123,1.0
label_sorted,1,results_v3_lr0p1,results_v3_lr0p1,small_cnn,sgd,10,128,20000,0.1,0.9,0.0005,cuda,False,False,8,25,1124,0.9999997019767761
label_sorted,1,results_v3_lr0p1,results_v3_lr0p1,small_cnn,sgd,10,128,20000,0.1,0.9,0.0005,cuda,False,False,8,26,1125,0.9999991059303284
label_sorted,1,results_v3_lr0p1,results_v3_lr0p1,small_cnn,sgd,10,128,20000,0.1,0.9,0.0005,cuda,False,False,8,27,1126,0.9999973177909851
label_sorted,1,results_v3_lr0p1,results_v3_lr0p1,small_cnn,sgd,10,128,20000,0.1,0.9,0.0005,cuda,False,False,8,28,1127,0.9999921917915344
label_sorted,1,results_v3_lr0p1,results_v3_lr0p1,small_cnn,sgd,10,128,20000,0.1,0.9,0.0005,cuda,False,False,8,29,1128,0.999977171421051
label_sorted,1,results_v3_lr0p1,results_v3_lr0p1,small_cnn,sgd,10,128,20000,0.1,0.9,0.0005,cuda,False,False,8,30,1129,0.9999395608901978
label_sorted,1,results_v3_lr0p1,results_v3_lr0p1,small_cnn,sgd,10,128,20000,0.1,0.9,0.0005,cuda,False,False,8,31,1130,0.9998636841773987
label_sorted,1,results_v3_lr0p1,results_v3_lr0p1,small_cnn,sgd,10,128,20000,0.1,0.9,0.0005,cuda,False,False,8,32,1131,-0.4883769154548645
label_sorted,1,results_v3_lr0p1,results_v3_lr0p1,small_cnn,sgd,10,128,20000,0.1,0.9,0.0005,cuda,False,False,8,33,1132,0.9996171593666077
label_sorted,1,results_v3_lr0p1,results_v3_lr0p1,small_cnn,sgd,10,128,20000,0.1,0.9,0.0005,cuda,False,False,8,34,1133,0.999980092048645
label_sorted,1,results_v3_lr0p1,results_v3_lr0p1,small_cnn,sgd,10,128,20000,0.1,0.9,0.0005,cuda,False,False,8,35,1134,0.9999964833259583
label_sorted,1,results_v3_lr0p1,results_v3_lr0p1,small_cnn,sgd,10,128,20000,0.1,0.9,0.0005,cuda,False,False,8,36,1135,0.9999992847442627
label_sorted,1,results_v3_lr0p1,results_v3_lr0p1,small_cnn,sgd,10,128,20000,0.1,0.9,0.0005,cuda,False,False,8,37,1136,0.9999999403953552
label_sorted,1,results_v3_lr0p1,results_v3_lr0p1,small_cnn,sgd,10,128,20000,0.1,0.9,0.0005,cuda,False,False,8,38,1137,1.0
label_sorted,1,results_v3_lr0p1,results_v3_lr0p1,small_cnn,sgd,10,128,20000,0.1,0.9,0.0005,cuda,False,False,8,39,1138,0.9999999403953552
label_sorted,1,results_v3_lr0p1,results_v3_lr0p1,small_cnn,sgd,10,128,20000,0.1,0.9,0.0005,cuda,False,False,8,40,1139,0.9999998807907104
label_sorted,1,results_v3_lr0p1,results_v3_lr0p1,small_cnn,sgd,10,128,20000,0.1,0.9,0.0005,cuda,False,False,8,41,1140,0.9999995231628418
label_sorted,1,results_v3_lr0p1,results_v3_lr0p1,small_cnn,sgd,10,128,20000,0.1,0.9,0.0005,cuda,False,False,8,42,1141,0.9999985694885254
label_sorted,1,results_v3_lr0p1,results_v3_lr0p1,small_cnn,sgd,10,128,20000,0.1,0.9,0.0005,cuda,False,False,8,43,1142,0.9999958276748657
label_sorted,1,results_v3_lr0p1,results_v3_lr0p1,small_cnn,sgd,10,128,20000,0.1,0.9,0.0005,cuda,False,False,8,44,1143,0.9999874234199524
label_sorted,1,results_v3_lr0p1,results_v3_lr0p1,small_cnn,sgd,10,128,20000,0.1,0.9,0.0005,cuda,False,False,8,45,1144,0.9999643564224243
label_sorted,1,results_v3_lr0p1,results_v3_lr0p1,small_cnn,sgd,10,128,20000,0.1,0.9,0.0005,cuda,False,False,8,46,1145,0.9999122619628906
label_sorted,1,results_v3_lr0p1,results_v3_lr0p1,small_cnn,sgd,10,128,20000,0.1,0.9,0.0005,cuda,False,False,8,47,1146,-0.018383311107754707
label_sorted,1,results_v3_lr0p1,results_v3_lr0p1,small_cnn,sgd,10,128,20000,0.1,0.9,0.0005,cuda,False,False,8,48,1147,0.8750723004341125
label_sorted,1,results_v3_lr0p1,results_v3_lr0p1,small_cnn,sgd,10,128,20000,0.1,0.9,0.0005,cuda,False,False,8,49,1148,0.99993497133255
label_sorted,1,results_v3_lr0p1,results_v3_lr0p1,small_cnn,sgd,10,128,20000,0.1,0.9,0.0005,cuda,False,False,8,50,1149,0.9999904036521912
label_sorted,1,results_v3_lr0p1,results_v3_lr0p1,small_cnn,sgd,10,128,20000,0.1,0.9,0.0005,cuda,False,False,8,51,1150,0.9999983310699463
label_sorted,1,results_v3_lr0p1,results_v3_lr0p1,small_cnn,sgd,10,128,20000,0.1,0.9,0.0005,cuda,False,False,8,52,1151,0.9999997019767761
label_sorted,1,results_v3_lr0p1,results_v3_lr0p1,small_cnn,sgd,10,128,20000,0.1,0.9,0.0005,cuda,False,False,8,53,1152,0.9999998807907104
label_sorted,1,results_v3_lr0p1,results_v3_lr0p1,small_cnn,sgd,10,128,20000,0.1,0.9,0.0005,cuda,False,False,8,54,1153,0.9999999403953552
label_sorted,1,results_v3_lr0p1,results_v3_lr0p1,small_cnn,sgd,10,128,20000,0.1,0.9,0.0005,cuda,False,False,8,55,1154,0.9999998807907104
label_sorted,1,results_v3_lr0p1,results_v3_lr0p1,small_cnn,sgd,10,128,20000,0.1,0.9,0.0005,cuda,False,False,8,56,1155,0.9999997019767761
label_sorted,1,results_v3_lr0p1,results_v3_lr0p1,small_cnn,sgd,10,128,20000,0.1,0.9,0.0005,cuda,False,False,8,57,1156,0.9999992251396179
label_sorted,1,results_v3_lr0p1,results_v3_lr0p1,small_cnn,sgd,10,128,20000,0.1,0.9,0.0005,cuda,False,False,8,58,1157,0.9999977946281433
label_sorted,1,results_v3_lr0p1,results_v3_lr0p1,small_cnn,sgd,10,128,20000,0.1,0.9,0.0005,cuda,False,False,8,59,1158,0.9999934434890747
label_sorted,1,results_v3_lr0p1,results_v3_lr0p1,small_cnn,sgd,10,128,20000,0.1,0.9,0.0005,cuda,False,False,8,60,1159,0.9999808073043823
label_sorted,1,results_v3_lr0p1,results_v3_lr0p1,small_cnn,sgd,10,128,20000,0.1,0.9,0.0005,cuda,False,False,8,61,1160,0.9999481439590454
label_sorted,1,results_v3_lr0p1,results_v3_lr0p1,small_cnn,sgd,10,128,20000,0.1,0.9,0.0005,cuda,False,False,8,62,1161,0.9998795986175537
label_sorted,1,results_v3_lr0p1,results_v3_lr0p1,small_cnn,sgd,10,128,20000,0.1,0.9,0.0005,cuda,False,False,8,63,1162,-0.4542861878871918
label_sorted,1,results_v3_lr0p1,results_v3_lr0p1,small_cnn,sgd,10,128,20000,0.1,0.9,0.0005,cuda,False,False,8,64,1163,0.9980946183204651
label_sorted,1,results_v3_lr0p1,results_v3_lr0p1,small_cnn,sgd,10,128,20000,0.1,0.9,0.0005,cuda,False,False,8,65,1164,0.9999691247940063
label_sorted,1,results_v3_lr0p1,results_v3_lr0p1,small_cnn,sgd,10,128,20000,0.1,0.9,0.0005,cuda,False,False,8,66,1165,0.9999949336051941
label_sorted,1,results_v3_lr0p1,results_v3_lr0p1,small_cnn,sgd,10,128,20000,0.1,0.9,0.0005,cuda,False,False,8,67,1166,0.9999989867210388
label_sorted,1,results_v3_lr0p1,results_v3_lr0p1,small_cnn,sgd,10,128,20000,0.1,0.9,0.0005,cuda,False,False,8,68,1167,0.9999997019767761
label_sorted,1,results_v3_lr0p1,results_v3_lr0p1,small_cnn,sgd,10,128,20000,0.1,0.9,0.0005,cuda,False,False,8,69,1168,0.9999999403953552
label_sorted,1,results_v3_lr0p1,results_v3_lr0p1,small_cnn,sgd,10,128,20000,0.1,0.9,0.0005,cuda,False,False,8,70,1169,0.9999999403953552
label_sorted,1,results_v3_lr0p1,results_v3_lr0p1,small_cnn,sgd,10,128,20000,0.1,0.9,0.0005,cuda,False,False,8,71,1170,1.0
label_sorted,1,results_v3_lr0p1,results_v3_lr0p1,small_cnn,sgd,10,128,20000,0.1,0.9,0.0005,cuda,False,False,8,72,1171,0.9999996423721313
label_sorted,1,results_v3_lr0p1,results_v3_lr0p1,small_cnn,sgd,10,128,20000,0.1,0.9,0.0005,cuda,False,False,8,73,1172,0.9999988675117493
label_sorted,1,results_v3_lr0p1,results_v3_lr0p1,small_cnn,sgd,10,128,20000,0.1,0.9,0.0005,cuda,False,False,8,74,1173,0.9999967217445374
label_sorted,1,results_v3_lr0p1,results_v3_lr0p1,small_cnn,sgd,10,128,20000,0.1,0.9,0.0005,cuda,False,False,8,75,1174,0.9999901056289673
label_sorted,1,results_v3_lr0p1,results_v3_lr0p1,small_cnn,sgd,10,128,20000,0.1,0.9,0.0005,cuda,False,False,8,76,1175,0.9999712705612183
label_sorted,1,results_v3_lr0p1,results_v3_lr0p1,small_cnn,sgd,10,128,20000,0.1,0.9,0.0005,cuda,False,False,8,77,1176,0.9999265074729919
label_sorted,1,results_v3_lr0p1,results_v3_lr0p1,small_cnn,sgd,10,128,20000,0.1,0.9,0.0005,cuda,False,False,8,78,1177,0.9998394846916199
label_sorted,1,results_v3_lr0p1,results_v3_lr0p1,small_cnn,sgd,10,128,20000,0.1,0.9,0.0005,cuda,False,False,8,79,1178,-0.4998299181461334
label_sorted,1,results_v3_lr0p1,results_v3_lr0p1,small_cnn,sgd,10,128,20000,0.1,0.9,0.0005,cuda,False,False,8,80,1179,0.9998273253440857
label_sorted,1,results_v3_lr0p1,results_v3_lr0p1,small_cnn,sgd,10,128,20000,0.1,0.9,0.0005,cuda,False,False,8,81,1180,0.999984860420227
label_sorted,1,results_v3_lr0p1,results_v3_lr0p1,small_cnn,sgd,10,128,20000,0.1,0.9,0.0005,cuda,False,False,8,82,1181,0.9999973177909851
label_sorted,1,results_v3_lr0p1,results_v3_lr0p1,small_cnn,sgd,10,128,20000,0.1,0.9,0.0005,cuda,False,False,8,83,1182,0.999999463558197
label_sorted,1,results_v3_lr0p1,results_v3_lr0p1,small_cnn,sgd,10,128,20000,0.1,0.9,0.0005,cuda,False,False,8,84,1183,0.9999998807907104
label_sorted,1,results_v3_lr0p1,results_v3_lr0p1,small_cnn,sgd,10,128,20000,0.1,0.9,0.0005,cuda,False,False,8,85,1184,1.0
label_sorted,1,results_v3_lr0p1,results_v3_lr0p1,small_cnn,sgd,10,128,20000,0.1,0.9,0.0005,cuda,False,False,8,86,1185,1.0
label_sorted,1,results_v3_lr0p1,results_v3_lr0p1,small_cnn,sgd,10,128,20000,0.1,0.9,0.0005,cuda,False,False,8,87,1186,0.9999998807907104
label_sorted,1,results_v3_lr0p1,results_v3_lr0p1,small_cnn,sgd,10,128,20000,0.1,0.9,0.0005,cuda,False,False,8,88,1187,0.999999463558197
label_sorted,1,results_v3_lr0p1,results_v3_lr0p1,small_cnn,sgd,10,128,20000,0.1,0.9,0.0005,cuda,False,False,8,89,1188,0.9999983906745911
label_sorted,1,results_v3_lr0p1,results_v3_lr0p1,small_cnn,sgd,10,128,20000,0.1,0.9,0.0005,cuda,False,False,8,90,1189,0.9999948740005493
label_sorted,1,results_v3_lr0p1,results_v3_lr0p1,small_cnn,sgd,10,128,20000,0.1,0.9,0.0005,cuda,False,False,8,91,1190,0.999984860420227
label_sorted,1,results_v3_lr0p1,results_v3_lr0p1,small_cnn,sgd,10,128,20000,0.1,0.9,0.0005,cuda,False,False,8,92,1191,0.9999584555625916
label_sorted,1,results_v3_lr0p1,results_v3_lr0p1,small_cnn,sgd,10,128,20000,0.1,0.9,0.0005,cuda,False,False,8,93,1192,0.9998999238014221
label_sorted,1,results_v3_lr0p1,results_v3_lr0p1,small_cnn,sgd,10,128,20000,0.1,0.9,0.0005,cuda,False,False,8,94,1193,-0.3329545855522156
label_sorted,1,results_v3_lr0p1,results_v3_lr0p1,small_cnn,sgd,10,128,20000,0.1,0.9,0.0005,cuda,False,False,8,95,1194,0.982381284236908
label_sorted,1,results_v3_lr0p1,results_v3_lr0p1,small_cnn,sgd,10,128,20000,0.1,0.9,0.0005,cuda,False,False,8,96,1195,0.9999510049819946
label_sorted,1,results_v3_lr0p1,results_v3_lr0p1,small_cnn,sgd,10,128,20000,0.1,0.9,0.0005,cuda,False,False,8,97,1196,0.9999924302101135
label_sorted,1,results_v3_lr0p1,results_v3_lr0p1,small_cnn,sgd,10,128,20000,0.1,0.9,0.0005,cuda,False,False,8,98,1197,0.9999985098838806
label_sorted,1,results_v3_lr0p1,results_v3_lr0p1,small_cnn,sgd,10,128,20000,0.1,0.9,0.0005,cuda,False,False,8,99,1198,0.9999997019767761
label_sorted,1,results_v3_lr0p1,results_v3_lr0p1,small_cnn,sgd,10,128,20000,0.1,0.9,0.0005,cuda,False,False,8,100,1199,1.0
label_sorted,1,results_v3_lr0p1,results_v3_lr0p1,small_cnn,sgd,10,128,20000,0.1,0.9,0.0005,cuda,False,False,8,101,1200,1.0
label_sorted,1,results_v3_lr0p1,results_v3_lr0p1,small_cnn,sgd,10,128,20000,0.1,0.9,0.0005,cuda,False,False,8,102,1201,0.9999999403953552
label_sorted,1,results_v3_lr0p1,results_v3_lr0p1,small_cnn,sgd,10,128,20000,0.1,0.9,0.0005,cuda,False,False,8,103,1202,0.9999997615814209
label_sorted,1,results_v3_lr0p1,results_v3_lr0p1,small_cnn,sgd,10,128,20000,0.1,0.9,0.0005,cuda,False,False,8,104,1203,0.9999991655349731
label_sorted,1,results_v3_lr0p1,results_v3_lr0p1,small_cnn,sgd,10,128,20000,0.1,0.9,0.0005,cuda,False,False,8,105,1204,0.9999975562095642
label_sorted,1,results_v3_lr0p1,results_v3_lr0p1,small_cnn,sgd,10,128,20000,0.1,0.9,0.0005,cuda,False,False,8,106,1205,0.9999924302101135
label_sorted,1,results_v3_lr0p1,results_v3_lr0p1,small_cnn,sgd,10,128,20000,0.1,0.9,0.0005,cuda,False,False,8,107,1206,0.9999774098396301
label_sorted,1,results_v3_lr0p1,results_v3_lr0p1,small_cnn,sgd,10,128,20000,0.1,0.9,0.0005,cuda,False,False,8,108,1207,0.9999396800994873
label_sorted,1,results_v3_lr0p1,results_v3_lr0p1,small_cnn,sgd,10,128,20000,0.1,0.9,0.0005,cuda,False,False,8,109,1208,0.9998626112937927
label_sorted,1,results_v3_lr0p1,results_v3_lr0p1,small_cnn,sgd,10,128,20000,0.1,0.9,0.0005,cuda,False,False,8,110,1209,-0.4755352735519409
label_sorted,1,results_v3_lr0p1,results_v3_lr0p1,small_cnn,sgd,10,128,20000,0.1,0.9,0.0005,cuda,False,False,8,111,1210,0.9991635680198669
label_sorted,1,results_v3_lr0p1,results_v3_lr0p1,small_cnn,sgd,10,128,20000,0.1,0.9,0.0005,cuda,False,False,8,112,1211,0.9999747276306152
label_sorted,1,results_v3_lr0p1,results_v3_lr0p1,small_cnn,sgd,10,128,20000,0.1,0.9,0.0005,cuda,False,False,8,113,1212,0.999995768070221
label_sorted,1,results_v3_lr0p1,results_v3_lr0p1,small_cnn,sgd,10,128,20000,0.1,0.9,0.0005,cuda,False,False,8,114,1213,0.9999991655349731
label_sorted,1,results_v3_lr0p1,results_v3_lr0p1,small_cnn,sgd,10,128,20000,0.1,0.9,0.0005,cuda,False,False,8,115,1214,0.9999998211860657
label_sorted,1,results_v3_lr0p1,results_v3_lr0p1,small_cnn,sgd,10,128,20000,0.1,0.9,0.0005,cuda,False,False,8,116,1215,0.9999999403953552
label_sorted,1,results_v3_lr0p1,results_v3_lr0p1,small_cnn,sgd,10,128,20000,0.1,0.9,0.0005,cuda,False,False,8,117,1216,0.9999999403953552
label_sorted,1,results_v3_lr0p1,results_v3_lr0p1,small_cnn,sgd,10,128,20000,0.1,0.9,0.0005,cuda,False,False,8,118,1217,0.9999998807907104
label_sorted,1,results_v3_lr0p1,results_v3_lr0p1,small_cnn,sgd,10,128,20000,0.1,0.9,0.0005,cuda,False,False,8,119,1218,0.9999996423721313
label_sorted,1,results_v3_lr0p1,results_v3_lr0p1,small_cnn,sgd,10,128,20000,0.1,0.9,0.0005,cuda,False,False,8,120,1219,0.9999986886978149
label_sorted,1,results_v3_lr0p1,results_v3_lr0p1,small_cnn,sgd,10,128,20000,0.1,0.9,0.0005,cuda,False,False,8,121,1220,0.9999960660934448
label_sorted,1,results_v3_lr0p1,results_v3_lr0p1,small_cnn,sgd,10,128,20000,0.1,0.9,0.0005,cuda,False,False,8,122,1221,0.999988317489624
label_sorted,1,results_v3_lr0p1,results_v3_lr0p1,small_cnn,sgd,10,128,20000,0.1,0.9,0.0005,cuda,False,False,8,123,1222,0.9999668002128601
label_sorted,1,results_v3_lr0p1,results_v3_lr0p1,small_cnn,sgd,10,128,20000,0.1,0.9,0.0005,cuda,False,False,8,124,1223,0.9999173879623413
label_sorted,1,results_v3_lr0p1,results_v3_lr0p1,small_cnn,sgd,10,128,20000,0.1,0.9,0.0005,cuda,False,False,8,125,1224,0.9998238682746887
label_sorted,1,results_v3_lr0p1,results_v3_lr0p1,small_cnn,sgd,10,128,20000,0.1,0.9,0.0005,cuda,False,False,8,126,1225,-0.5073188543319702
label_sorted,1,results_v3_lr0p1,results_v3_lr0p1,small_cnn,sgd,10,128,20000,0.1,0.9,0.0005,cuda,False,False,8,127,1226,0.9999212026596069
label_sorted,1,results_v3_lr0p1,results_v3_lr0p1,small_cnn,sgd,10,128,20000,0.1,0.9,0.0005,cuda,False,False,8,128,1227,0.9999885559082031
label_sorted,1,results_v3_lr0p1,results_v3_lr0p1,small_cnn,sgd,10,128,20000,0.1,0.9,0.0005,cuda,False,False,8,129,1228,0.9999979138374329
label_sorted,1,results_v3_lr0p1,results_v3_lr0p1,small_cnn,sgd,10,128,20000,0.1,0.9,0.0005,cuda,False,False,8,130,1229,0.9999995827674866
label_sorted,1,results_v3_lr0p1,results_v3_lr0p1,small_cnn,sgd,10,128,20000,0.1,0.9,0.0005,cuda,False,False,8,131,1230,0.9999998807907104
label_sorted,1,results_v3_lr0p1,results_v3_lr0p1,small_cnn,sgd,10,128,20000,0.1,0.9,0.0005,cuda,False,False,8,132,1231,0.9999998807907104
label_sorted,1,results_v3_lr0p1,results_v3_lr0p1,small_cnn,sgd,10,128,20000,0.1,0.9,0.0005,cuda,False,False,8,133,1232,0.9999998211860657
label_sorted,1,results_v3_lr0p1,results_v3_lr0p1,small_cnn,sgd,10,128,20000,0.1,0.9,0.0005,cuda,False,False,8,134,1233,0.9999997615814209
label_sorted,1,results_v3_lr0p1,results_v3_lr0p1,small_cnn,sgd,10,128,20000,0.1,0.9,0.0005,cuda,False,False,8,135,1234,0.9999993443489075
label_sorted,1,results_v3_lr0p1,results_v3_lr0p1,small_cnn,sgd,10,128,20000,0.1,0.9,0.0005,cuda,False,False,8,136,1235,0.9999979734420776
label_sorted,1,results_v3_lr0p1,results_v3_lr0p1,small_cnn,sgd,10,128,20000,0.1,0.9,0.0005,cuda,False,False,8,137,1236,0.9999940395355225
label_sorted,1,results_v3_lr0p1,results_v3_lr0p1,small_cnn,sgd,10,128,20000,0.1,0.9,0.0005,cuda,False,False,8,138,1237,0.9999822974205017
label_sorted,1,results_v3_lr0p1,results_v3_lr0p1,small_cnn,sgd,10,128,20000,0.1,0.9,0.0005,cuda,False,False,8,139,1238,0.9999507665634155
label_sorted,1,results_v3_lr0p1,results_v3_lr0p1,small_cnn,sgd,10,128,20000,0.1,0.9,0.0005,cuda,False,False,8,140,1239,0.9998824000358582
label_sorted,1,results_v3_lr0p1,results_v3_lr0p1,small_cnn,sgd,10,128,20000,0.1,0.9,0.0005,cuda,False,False,8,141,1240,-0.411950945854187
label_sorted,1,results_v3_lr0p1,results_v3_lr0p1,small_cnn,sgd,10,128,20000,0.1,0.9,0.0005,cuda,False,False,8,142,1241,0.9944208860397339
label_sorted,1,results_v3_lr0p1,results_v3_lr0p1,small_cnn,sgd,10,128,20000,0.1,0.9,0.0005,cuda,False,False,8,143,1242,0.9999576807022095
label_sorted,1,results_v3_lr0p1,results_v3_lr0p1,small_cnn,sgd,10,128,20000,0.1,0.9,0.0005,cuda,False,False,8,144,1243,0.9999933242797852
label_sorted,1,results_v3_lr0p1,results_v3_lr0p1,small_cnn,sgd,10,128,20000,0.1,0.9,0.0005,cuda,False,False,8,145,1244,0.9999987483024597
label_sorted,1,results_v3_lr0p1,results_v3_lr0p1,small_cnn,sgd,10,128,20000,0.1,0.9,0.0005,cuda,False,False,8,146,1245,0.9999997019767761
label_sorted,1,results_v3_lr0p1,results_v3_lr0p1,small_cnn,sgd,10,128,20000,0.1,0.9,0.0005,cuda,False,False,8,147,1246,1.0000001192092896
label_sorted,1,results_v3_lr0p1,results_v3_lr0p1,small_cnn,sgd,10,128,20000,0.1,0.9,0.0005,cuda,False,False,8,148,1247,1.0
label_sorted,1,results_v3_lr0p1,results_v3_lr0p1,small_cnn,sgd,10,128,20000,0.1,0.9,0.0005,cuda,False,False,8,149,1248,0.9999998807907104
label_sorted,1,results_v3_lr0p1,results_v3_lr0p1,small_cnn,sgd,10,128,20000,0.1,0.9,0.0005,cuda,False,False,8,150,1249,0.9999996423721313
label_sorted,1,results_v3_lr0p1,results_v3_lr0p1,small_cnn,sgd,10,128,20000,0.1,0.9,0.0005,cuda,False,False,8,151,1250,0.999998927116394
label_sorted,1,results_v3_lr0p1,results_v3_lr0p1,small_cnn,sgd,10,128,20000,0.1,0.9,0.0005,cuda,False,False,8,152,1251,0.9999968409538269
label_sorted,1,results_v3_lr0p1,results_v3_lr0p1,small_cnn,sgd,10,128,20000,0.1,0.9,0.0005,cuda,False,False,8,153,1252,0.9999907612800598
label_sorted,1,results_v3_lr0p1,results_v3_lr0p1,small_cnn,sgd,10,128,20000,0.1,0.9,0.0005,cuda,False,False,8,154,1253,0.9999732375144958
label_sorted,1,results_v3_lr0p1,results_v3_lr0p1,small_cnn,sgd,10,128,20000,0.1,0.9,0.0005,cuda,False,False,8,155,1254,0.9999303817749023
label_sorted,1,results_v3_lr0p1,results_v3_lr0p1,small_cnn,sgd,10,128,20000,0.1,0.9,0.0005,cuda,False,False,8,156,1255,0.9998445510864258
label_sorted,1,results_v3_lr0p1,results_v3_lr0p1,small_cnn,sgd,10,128,20000,0.1,0.9,0.0005,cuda,False,False,8,157,1256,0.9997009038925171
label_sorted,1,results_v3_lr0p1,results_v3_lr0p1,small_cnn,sgd,10,128,20000,0.1,0.9,0.0005,cuda,False,False,9,1,1257,-0.5275447368621826
label_sorted,1,results_v3_lr0p1,results_v3_lr0p1,small_cnn,sgd,10,128,20000,0.1,0.9,0.0005,cuda,False,False,9,2,1258,0.9999806880950928
label_sorted,1,results_v3_lr0p1,results_v3_lr0p1,small_cnn,sgd,10,128,20000,0.1,0.9,0.0005,cuda,False,False,9,3,1259,0.9999968409538269
label_sorted,1,results_v3_lr0p1,results_v3_lr0p1,small_cnn,sgd,10,128,20000,0.1,0.9,0.0005,cuda,False,False,9,4,1260,0.9999994039535522
label_sorted,1,results_v3_lr0p1,results_v3_lr0p1,small_cnn,sgd,10,128,20000,0.1,0.9,0.0005,cuda,False,False,9,5,1261,0.9999998807907104
label_sorted,1,results_v3_lr0p1,results_v3_lr0p1,small_cnn,sgd,10,128,20000,0.1,0.9,0.0005,cuda,False,False,9,6,1262,1.0
label_sorted,1,results_v3_lr0p1,results_v3_lr0p1,small_cnn,sgd,10,128,20000,0.1,0.9,0.0005,cuda,False,False,9,7,1263,1.0
label_sorted,1,results_v3_lr0p1,results_v3_lr0p1,small_cnn,sgd,10,128,20000,0.1,0.9,0.0005,cuda,False,False,9,8,1264,0.9999999403953552
label_sorted,1,results_v3_lr0p1,results_v3_lr0p1,small_cnn,sgd,10,128,20000,0.1,0.9,0.0005,cuda,False,False,9,9,1265,1.0
label_sorted,1,results_v3_lr0p1,results_v3_lr0p1,small_cnn,sgd,10,128,20000,0.1,0.9,0.0005,cuda,False,False,9,10,1266,0.9999995827674866
label_sorted,1,results_v3_lr0p1,results_v3_lr0p1,small_cnn,sgd,10,128,20000,0.1,0.9,0.0005,cuda,False,False,9,11,1267,0.9999985694885254
label_sorted,1,results_v3_lr0p1,results_v3_lr0p1,small_cnn,sgd,10,128,20000,0.1,0.9,0.0005,cuda,False,False,9,12,1268,0.9999951124191284
label_sorted,1,results_v3_lr0p1,results_v3_lr0p1,small_cnn,sgd,10,128,20000,0.1,0.9,0.0005,cuda,False,False,9,13,1269,0.9999849796295166
label_sorted,1,results_v3_lr0p1,results_v3_lr0p1,small_cnn,sgd,10,128,20000,0.1,0.9,0.0005,cuda,False,False,9,14,1270,0.9999570250511169
label_sorted,1,results_v3_lr0p1,results_v3_lr0p1,small_cnn,sgd,10,128,20000,0.1,0.9,0.0005,cuda,False,False,9,15,1271,0.9998947381973267
label_sorted,1,results_v3_lr0p1,results_v3_lr0p1,small_cnn,sgd,10,128,20000,0.1,0.9,0.0005,cuda,False,False,9,16,1272,-0.4146718978881836
label_sorted,1,results_v3_lr0p1,results_v3_lr0p1,small_cnn,sgd,10,128,20000,0.1,0.9,0.0005,cuda,False,False,9,17,1273,0.9948018789291382
label_sorted,1,results_v3_lr0p1,results_v3_lr0p1,small_cnn,sgd,10,128,20000,0.1,0.9,0.0005,cuda,False,False,9,18,1274,0.9999607801437378
label_sorted,1,results_v3_lr0p1,results_v3_lr0p1,small_cnn,sgd,10,128,20000,0.1,0.9,0.0005,cuda,False,False,9,19,1275,0.9999939203262329
label_sorted,1,results_v3_lr0p1,results_v3_lr0p1,small_cnn,sgd,10,128,20000,0.1,0.9,0.0005,cuda,False,False,9,20,1276,0.999998927116394
label_sorted,1,results_v3_lr0p1,results_v3_lr0p1,small_cnn,sgd,10,128,20000,0.1,0.9,0.0005,cuda,False,False,9,21,1277,0.9999998807907104
label_sorted,1,results_v3_lr0p1,results_v3_lr0p1,small_cnn,sgd,10,128,20000,0.1,0.9,0.0005,cuda,False,False,9,22,1278,0.9999999403953552
label_sorted,1,results_v3_lr0p1,results_v3_lr0p1,small_cnn,sgd,10,128,20000,0.1,0.9,0.0005,cuda,False,False,9,23,1279,1.0
label_sorted,1,results_v3_lr0p1,results_v3_lr0p1,small_cnn,sgd,10,128,20000,0.1,0.9,0.0005,cuda,False,False,9,24,1280,1.0000001192092896
label_sorted,1,results_v3_lr0p1,results_v3_lr0p1,small_cnn,sgd,10,128,20000,0.1,0.9,0.0005,cuda,False,False,9,25,1281,0.9999997019767761
label_sorted,1,results_v3_lr0p1,results_v3_lr0p1,small_cnn,sgd,10,128,20000,0.1,0.9,0.0005,cuda,False,False,9,26,1282,0.9999990463256836
label_sorted,1,results_v3_lr0p1,results_v3_lr0p1,small_cnn,sgd,10,128,20000,0.1,0.9,0.0005,cuda,False,False,9,27,1283,0.9999973773956299
label_sorted,1,results_v3_lr0p1,results_v3_lr0p1,small_cnn,sgd,10,128,20000,0.1,0.9,0.0005,cuda,False,False,9,28,1284,0.9999921321868896
label_sorted,1,results_v3_lr0p1,results_v3_lr0p1,small_cnn,sgd,10,128,20000,0.1,0.9,0.0005,cuda,False,False,9,29,1285,0.9999771118164062
label_sorted,1,results_v3_lr0p1,results_v3_lr0p1,small_cnn,sgd,10,128,20000,0.1,0.9,0.0005,cuda,False,False,9,30,1286,0.9999399781227112
label_sorted,1,results_v3_lr0p1,results_v3_lr0p1,small_cnn,sgd,10,128,20000,0.1,0.9,0.0005,cuda,False,False,9,31,1287,0.9998653531074524
label_sorted,1,results_v3_lr0p1,results_v3_lr0p1,small_cnn,sgd,10,128,20000,0.1,0.9,0.0005,cuda,False,False,9,32,1288,-0.48882296681404114
label_sorted,1,results_v3_lr0p1,results_v3_lr0p1,small_cnn,sgd,10,128,20000,0.1,0.9,0.0005,cuda,False,False,9,33,1289,0.999628484249115
label_sorted,1,results_v3_lr0p1,results_v3_lr0p1,small_cnn,sgd,10,128,20000,0.1,0.9,0.0005,cuda,False,False,9,34,1290,0.9999805688858032
label_sorted,1,results_v3_lr0p1,results_v3_lr0p1,small_cnn,sgd,10,128,20000,0.1,0.9,0.0005,cuda,False,False,9,35,1291,0.9999966025352478
label_sorted,1,results_v3_lr0p1,results_v3_lr0p1,small_cnn,sgd,10,128,20000,0.1,0.9,0.0005,cuda,False,False,9,36,1292,0.9999992251396179
label_sorted,1,results_v3_lr0p1,results_v3_lr0p1,small_cnn,sgd,10,128,20000,0.1,0.9,0.0005,cuda,False,False,9,37,1293,0.9999997615814209
label_sorted,1,results_v3_lr0p1,results_v3_lr0p1,small_cnn,sgd,10,128,20000,0.1,0.9,0.0005,cuda,False,False,9,38,1294,0.9999999403953552
label_sorted,1,results_v3_lr0p1,results_v3_lr0p1,small_cnn,sgd,10,128,20000,0.1,0.9,0.0005,cuda,False,False,9,39,1295,1.0
label_sorted,1,results_v3_lr0p1,results_v3_lr0p1,small_cnn,sgd,10,128,20000,0.1,0.9,0.0005,cuda,False,False,9,40,1296,0.9999998807907104
label_sorted,1,results_v3_lr0p1,results_v3_lr0p1,small_cnn,sgd,10,128,20000,0.1,0.9,0.0005,cuda,False,False,9,41,1297,0.9999996423721313
label_sorted,1,results_v3_lr0p1,results_v3_lr0p1,small_cnn,sgd,10,128,20000,0.1,0.9,0.0005,cuda,False,False,9,42,1298,0.9999986290931702
label_sorted,1,results_v3_lr0p1,results_v3_lr0p1,small_cnn,sgd,10,128,20000,0.1,0.9,0.0005,cuda,False,False,9,43,1299,0.9999958276748657
label_sorted,1,results_v3_lr0p1,results_v3_lr0p1,small_cnn,sgd,10,128,20000,0.1,0.9,0.0005,cuda,False,False,9,44,1300,0.9999873042106628
label_sorted,1,results_v3_lr0p1,results_v3_lr0p1,small_cnn,sgd,10,128,20000,0.1,0.9,0.0005,cuda,False,False,9,45,1301,0.9999643564224243
label_sorted,1,results_v3_lr0p1,results_v3_lr0p1,small_cnn,sgd,10,128,20000,0.1,0.9,0.0005,cuda,False,False,9,46,1302,0.9999123215675354
label_sorted,1,results_v3_lr0p1,results_v3_lr0p1,small_cnn,sgd,10,128,20000,0.1,0.9,0.0005,cuda,False,False,9,47,1303,-0.01873636431992054
label_sorted,1,results_v3_lr0p1,results_v3_lr0p1,small_cnn,sgd,10,128,20000,0.1,0.9,0.0005,cuda,False,False,9,48,1304,0.875247061252594
label_sorted,1,results_v3_lr0p1,results_v3_lr0p1,small_cnn,sgd,10,128,20000,0.1,0.9,0.0005,cuda,False,False,9,49,1305,0.9999352097511292
label_sorted,1,results_v3_lr0p1,results_v3_lr0p1,small_cnn,sgd,10,128,20000,0.1,0.9,0.0005,cuda,False,False,9,50,1306,0.9999904036521912
label_sorted,1,results_v3_lr0p1,results_v3_lr0p1,small_cnn,sgd,10,128,20000,0.1,0.9,0.0005,cuda,False,False,9,51,1307,0.9999980926513672
label_sorted,1,results_v3_lr0p1,results_v3_lr0p1,small_cnn,sgd,10,128,20000,0.1,0.9,0.0005,cuda,False,False,9,52,1308,0.9999995231628418
label_sorted,1,results_v3_lr0p1,results_v3_lr0p1,small_cnn,sgd,10,128,20000,0.1,0.9,0.0005,cuda,False,False,9,53,1309,0.9999998807907104
label_sorted,1,results_v3_lr0p1,results_v3_lr0p1,small_cnn,sgd,10,128,20000,0.1,0.9,0.0005,cuda,False,False,9,54,1310,0.9999998807907104
label_sorted,1,results_v3_lr0p1,results_v3_lr0p1,small_cnn,sgd,10,128,20000,0.1,0.9,0.0005,cuda,False,False,9,55,1311,0.9999998211860657
label_sorted,1,results_v3_lr0p1,results_v3_lr0p1,small_cnn,sgd,10,128,20000,0.1,0.9,0.0005,cuda,False,False,9,56,1312,0.9999998211860657
label_sorted,1,results_v3_lr0p1,results_v3_lr0p1,small_cnn,sgd,10,128,20000,0.1,0.9,0.0005,cuda,False,False,9,57,1313,0.9999992847442627
label_sorted,1,results_v3_lr0p1,results_v3_lr0p1,small_cnn,sgd,10,128,20000,0.1,0.9,0.0005,cuda,False,False,9,58,1314,0.9999978542327881
label_sorted,1,results_v3_lr0p1,results_v3_lr0p1,small_cnn,sgd,10,128,20000,0.1,0.9,0.0005,cuda,False,False,9,59,1315,0.9999934434890747
label_sorted,1,results_v3_lr0p1,results_v3_lr0p1,small_cnn,sgd,10,128,20000,0.1,0.9,0.0005,cuda,False,False,9,60,1316,0.9999808073043823
label_sorted,1,results_v3_lr0p1,results_v3_lr0p1,small_cnn,sgd,10,128,20000,0.1,0.9,0.0005,cuda,False,False,9,61,1317,0.9999481439590454
label_sorted,1,results_v3_lr0p1,results_v3_lr0p1,small_cnn,sgd,10,128,20000,0.1,0.9,0.0005,cuda,False,False,9,62,1318,0.9998794794082642
label_sorted,1,results_v3_lr0p1,results_v3_lr0p1,small_cnn,sgd,10,128,20000,0.1,0.9,0.0005,cuda,False,False,9,63,1319,-0.4540726840496063
label_sorted,1,results_v3_lr0p1,results_v3_lr0p1,small_cnn,sgd,10,128,20000,0.1,0.9,0.0005,cuda,False,False,9,64,1320,0.9980804920196533
label_sorted,1,results_v3_lr0p1,results_v3_lr0p1,small_cnn,sgd,10,128,20000,0.1,0.9,0.0005,cuda,False,False,9,65,1321,0.9999688267707825
label_sorted,1,results_v3_lr0p1,results_v3_lr0p1,small_cnn,sgd,10,128,20000,0.1,0.9,0.0005,cuda,False,False,9,66,1322,0.9999948143959045
label_sorted,1,results_v3_lr0p1,results_v3_lr0p1,small_cnn,sgd,10,128,20000,0.1,0.9,0.0005,cuda,False,False,9,67,1323,0.9999988675117493
label_sorted,1,results_v3_lr0p1,results_v3_lr0p1,small_cnn,sgd,10,128,20000,0.1,0.9,0.0005,cuda,False,False,9,68,1324,0.9999996423721313
label_sorted,1,results_v3_lr0p1,results_v3_lr0p1,small_cnn,sgd,10,128,20000,0.1,0.9,0.0005,cuda,False,False,9,69,1325,0.9999998211860657
label_sorted,1,results_v3_lr0p1,results_v3_lr0p1,small_cnn,sgd,10,128,20000,0.1,0.9,0.0005,cuda,False,False,9,70,1326,0.9999998807907104
label_sorted,1,results_v3_lr0p1,results_v3_lr0p1,small_cnn,sgd,10,128,20000,0.1,0.9,0.0005,cuda,False,False,9,71,1327,0.9999999403953552
label_sorted,1,results_v3_lr0p1,results_v3_lr0p1,small_cnn,sgd,10,128,20000,0.1,0.9,0.0005,cuda,False,False,9,72,1328,0.9999996423721313
label_sorted,1,results_v3_lr0p1,results_v3_lr0p1,small_cnn,sgd,10,128,20000,0.1,0.9,0.0005,cuda,False,False,9,73,1329,0.999998927116394
label_sorted,1,results_v3_lr0p1,results_v3_lr0p1,small_cnn,sgd,10,128,20000,0.1,0.9,0.0005,cuda,False,False,9,74,1330,0.9999966025352478
label_sorted,1,results_v3_lr0p1,results_v3_lr0p1,small_cnn,sgd,10,128,20000,0.1,0.9,0.0005,cuda,False,False,9,75,1331,0.9999900460243225
label_sorted,1,results_v3_lr0p1,results_v3_lr0p1,small_cnn,sgd,10,128,20000,0.1,0.9,0.0005,cuda,False,False,9,76,1332,0.9999713897705078
label_sorted,1,results_v3_lr0p1,results_v3_lr0p1,small_cnn,sgd,10,128,20000,0.1,0.9,0.0005,cuda,False,False,9,77,1333,0.9999271631240845
label_sorted,1,results_v3_lr0p1,results_v3_lr0p1,small_cnn,sgd,10,128,20000,0.1,0.9,0.0005,cuda,False,False,9,78,1334,0.9998411536216736
label_sorted,1,results_v3_lr0p1,results_v3_lr0p1,small_cnn,sgd,10,128,20000,0.1,0.9,0.0005,cuda,False,False,9,79,1335,-0.4997769296169281
label_sorted,1,results_v3_lr0p1,results_v3_lr0p1,small_cnn,sgd,10,128,20000,0.1,0.9,0.0005,cuda,False,False,9,80,1336,0.9998305439949036
label_sorted,1,results_v3_lr0p1,results_v3_lr0p1,small_cnn,sgd,10,128,20000,0.1,0.9,0.0005,cuda,False,False,9,81,1337,0.9999852180480957
label_sorted,1,results_v3_lr0p1,results_v3_lr0p1,small_cnn,sgd,10,128,20000,0.1,0.9,0.0005,cuda,False,False,9,82,1338,0.9999974370002747
label_sorted,1,results_v3_lr0p1,results_v3_lr0p1,small_cnn,sgd,10,128,20000,0.1,0.9,0.0005,cuda,False,False,9,83,1339,0.9999994039535522
label_sorted,1,results_v3_lr0p1,results_v3_lr0p1,small_cnn,sgd,10,128,20000,0.1,0.9,0.0005,cuda,False,False,9,84,1340,0.9999998807907104
label_sorted,1,results_v3_lr0p1,results_v3_lr0p1,small_cnn,sgd,10,128,20000,0.1,0.9,0.0005,cuda,False,False,9,85,1341,0.9999999403953552
label_sorted,1,results_v3_lr0p1,results_v3_lr0p1,small_cnn,sgd,10,128,20000,0.1,0.9,0.0005,cuda,False,False,9,86,1342,1.0
label_sorted,1,results_v3_lr0p1,results_v3_lr0p1,small_cnn,sgd,10,128,20000,0.1,0.9,0.0005,cuda,False,False,9,87,1343,0.9999999403953552
label_sorted,1,results_v3_lr0p1,results_v3_lr0p1,small_cnn,sgd,10,128,20000,0.1,0.9,0.0005,cuda,False,False,9,88,1344,0.999999463558197
label_sorted,1,results_v3_lr0p1,results_v3_lr0p1,small_cnn,sgd,10,128,20000,0.1,0.9,0.0005,cuda,False,False,9,89,1345,0.9999982714653015
label_sorted,1,results_v3_lr0p1,results_v3_lr0p1,small_cnn,sgd,10,128,20000,0.1,0.9,0.0005,cuda,False,False,9,90,1346,0.9999949932098389
label_sorted,1,results_v3_lr0p1,results_v3_lr0p1,small_cnn,sgd,10,128,20000,0.1,0.9,0.0005,cuda,False,False,9,91,1347,0.9999849796295166
label_sorted,1,results_v3_lr0p1,results_v3_lr0p1,small_cnn,sgd,10,128,20000,0.1,0.9,0.0005,cuda,False,False,9,92,1348,0.9999580383300781
label_sorted,1,results_v3_lr0p1,results_v3_lr0p1,small_cnn,sgd,10,128,20000,0.1,0.9,0.0005,cuda,False,False,9,93,1349,0.9998983144760132
label_sorted,1,results_v3_lr0p1,results_v3_lr0p1,small_cnn,sgd,10,128,20000,0.1,0.9,0.0005,cuda,False,False,9,94,1350,-0.32770657539367676
label_sorted,1,results_v3_lr0p1,results_v3_lr0p1,small_cnn,sgd,10,128,20000,0.1,0.9,0.0005,cuda,False,False,9,95,1351,0.9813547134399414
label_sorted,1,results_v3_lr0p1,results_v3_lr0p1,small_cnn,sgd,10,128,20000,0.1,0.9,0.0005,cuda,False,False,9,96,1352,0.9999484419822693
label_sorted,1,results_v3_lr0p1,results_v3_lr0p1,small_cnn,sgd,10,128,20000,0.1,0.9,0.0005,cuda,False,False,9,97,1353,0.9999921321868896
label_sorted,1,results_v3_lr0p1,results_v3_lr0p1,small_cnn,sgd,10,128,20000,0.1,0.9,0.0005,cuda,False,False,9,98,1354,0.9999985694885254
label_sorted,1,results_v3_lr0p1,results_v3_lr0p1,small_cnn,sgd,10,128,20000,0.1,0.9,0.0005,cuda,False,False,9,99,1355,0.9999997615814209
label_sorted,1,results_v3_lr0p1,results_v3_lr0p1,small_cnn,sgd,10,128,20000,0.1,0.9,0.0005,cuda,False,False,9,100,1356,0.9999999403953552
label_sorted,1,results_v3_lr0p1,results_v3_lr0p1,small_cnn,sgd,10,128,20000,0.1,0.9,0.0005,cuda,False,False,9,101,1357,0.9999999403953552
label_sorted,1,results_v3_lr0p1,results_v3_lr0p1,small_cnn,sgd,10,128,20000,0.1,0.9,0.0005,cuda,False,False,9,102,1358,0.9999998807907104
label_sorted,1,results_v3_lr0p1,results_v3_lr0p1,small_cnn,sgd,10,128,20000,0.1,0.9,0.0005,cuda,False,False,9,103,1359,0.9999997019767761
label_sorted,1,results_v3_lr0p1,results_v3_lr0p1,small_cnn,sgd,10,128,20000,0.1,0.9,0.0005,cuda,False,False,9,104,1360,0.9999992251396179
label_sorted,1,results_v3_lr0p1,results_v3_lr0p1,small_cnn,sgd,10,128,20000,0.1,0.9,0.0005,cuda,False,False,9,105,1361,0.9999974966049194
label_sorted,1,results_v3_lr0p1,results_v3_lr0p1,small_cnn,sgd,10,128,20000,0.1,0.9,0.0005,cuda,False,False,9,106,1362,0.9999924898147583
label_sorted,1,results_v3_lr0p1,results_v3_lr0p1,small_cnn,sgd,10,128,20000,0.1,0.9,0.0005,cuda,False,False,9,107,1363,0.999977707862854
label_sorted,1,results_v3_lr0p1,results_v3_lr0p1,small_cnn,sgd,10,128,20000,0.1,0.9,0.0005,cuda,False,False,9,108,1364,0.999940812587738
label_sorted,1,results_v3_lr0p1,results_v3_lr0p1,small_cnn,sgd,10,128,20000,0.1,0.9,0.0005,cuda,False,False,9,109,1365,0.9998659491539001
label_sorted,1,results_v3_lr0p1,results_v3_lr0p1,small_cnn,sgd,10,128,20000,0.1,0.9,0.0005,cuda,False,False,9,110,1366,-0.47676143050193787
label_sorted,1,results_v3_lr0p1,results_v3_lr0p1,small_cnn,sgd,10,128,20000,0.1,0.9,0.0005,cuda,False,False,9,111,1367,0.9992214441299438
label_sorted,1,results_v3_lr0p1,results_v3_lr0p1,small_cnn,sgd,10,128,20000,0.1,0.9,0.0005,cuda,False,False,9,112,1368,0.999976396560669
label_sorted,1,results_v3_lr0p1,results_v3_lr0p1,small_cnn,sgd,10,128,20000,0.1,0.9,0.0005,cuda,False,False,9,113,1369,0.9999960064888
label_sorted,1,results_v3_lr0p1,results_v3_lr0p1,small_cnn,sgd,10,128,20000,0.1,0.9,0.0005,cuda,False,False,9,114,1370,0.9999992847442627
label_sorted,1,results_v3_lr0p1,results_v3_lr0p1,small_cnn,sgd,10,128,20000,0.1,0.9,0.0005,cuda,False,False,9,115,1371,0.9999999403953552
label_sorted,1,results_v3_lr0p1,results_v3_lr0p1,small_cnn,sgd,10,128,20000,0.1,0.9,0.0005,cuda,False,False,9,116,1372,1.0
label_sorted,1,results_v3_lr0p1,results_v3_lr0p1,small_cnn,sgd,10,128,20000,0.1,0.9,0.0005,cuda,False,False,9,117,1373,0.9999999403953552
label_sorted,1,results_v3_lr0p1,results_v3_lr0p1,small_cnn,sgd,10,128,20000,0.1,0.9,0.0005,cuda,False,False,9,118,1374,0.9999998807907104
label_sorted,1,results_v3_lr0p1,results_v3_lr0p1,small_cnn,sgd,10,128,20000,0.1,0.9,0.0005,cuda,False,False,9,119,1375,0.9999996423721313
label_sorted,1,results_v3_lr0p1,results_v3_lr0p1,small_cnn,sgd,10,128,20000,0.1,0.9,0.0005,cuda,False,False,9,120,1376,0.9999986886978149
label_sorted,1,results_v3_lr0p1,results_v3_lr0p1,small_cnn,sgd,10,128,20000,0.1,0.9,0.0005,cuda,False,False,9,121,1377,0.9999960660934448
label_sorted,1,results_v3_lr0p1,results_v3_lr0p1,small_cnn,sgd,10,128,20000,0.1,0.9,0.0005,cuda,False,False,9,122,1378,0.9999882578849792
label_sorted,1,results_v3_lr0p1,results_v3_lr0p1,small_cnn,sgd,10,128,20000,0.1,0.9,0.0005,cuda,False,False,9,123,1379,0.9999662637710571
label_sorted,1,results_v3_lr0p1,results_v3_lr0p1,small_cnn,sgd,10,128,20000,0.1,0.9,0.0005,cuda,False,False,9,124,1380,0.9999150037765503
label_sorted,1,results_v3_lr0p1,results_v3_lr0p1,small_cnn,sgd,10,128,20000,0.1,0.9,0.0005,cuda,False,False,9,125,1381,0.9998168349266052
label_sorted,1,results_v3_lr0p1,results_v3_lr0p1,small_cnn,sgd,10,128,20000,0.1,0.9,0.0005,cuda,False,False,9,126,1382,-0.50701904296875
label_sorted,1,results_v3_lr0p1,results_v3_lr0p1,small_cnn,sgd,10,128,20000,0.1,0.9,0.0005,cuda,False,False,9,127,1383,0.9999135732650757
label_sorted,1,results_v3_lr0p1,results_v3_lr0p1,small_cnn,sgd,10,128,20000,0.1,0.9,0.0005,cuda,False,False,9,128,1384,0.9999876022338867
label_sorted,1,results_v3_lr0p1,results_v3_lr0p1,small_cnn,sgd,10,128,20000,0.1,0.9,0.0005,cuda,False,False,9,129,1385,0.9999977350234985
label_sorted,1,results_v3_lr0p1,results_v3_lr0p1,small_cnn,sgd,10,128,20000,0.1,0.9,0.0005,cuda,False,False,9,130,1386,0.9999995231628418
label_sorted,1,results_v3_lr0p1,results_v3_lr0p1,small_cnn,sgd,10,128,20000,0.1,0.9,0.0005,cuda,False,False,9,131,1387,0.9999998807907104
label_sorted,1,results_v3_lr0p1,results_v3_lr0p1,small_cnn,sgd,10,128,20000,0.1,0.9,0.0005,cuda,False,False,9,132,1388,0.9999998807907104
label_sorted,1,results_v3_lr0p1,results_v3_lr0p1,small_cnn,sgd,10,128,20000,0.1,0.9,0.0005,cuda,False,False,9,133,1389,1.0
label_sorted,1,results_v3_lr0p1,results_v3_lr0p1,small_cnn,sgd,10,128,20000,0.1,0.9,0.0005,cuda,False,False,9,134,1390,0.9999997615814209
label_sorted,1,results_v3_lr0p1,results_v3_lr0p1,small_cnn,sgd,10,128,20000,0.1,0.9,0.0005,cuda,False,False,9,135,1391,0.9999993443489075
label_sorted,1,results_v3_lr0p1,results_v3_lr0p1,small_cnn,sgd,10,128,20000,0.1,0.9,0.0005,cuda,False,False,9,136,1392,0.9999980330467224
label_sorted,1,results_v3_lr0p1,results_v3_lr0p1,small_cnn,sgd,10,128,20000,0.1,0.9,0.0005,cuda,False,False,9,137,1393,0.9999940395355225
label_sorted,1,results_v3_lr0p1,results_v3_lr0p1,small_cnn,sgd,10,128,20000,0.1,0.9,0.0005,cuda,False,False,9,138,1394,0.9999821782112122
label_sorted,1,results_v3_lr0p1,results_v3_lr0p1,small_cnn,sgd,10,128,20000,0.1,0.9,0.0005,cuda,False,False,9,139,1395,0.9999513626098633
label_sorted,1,results_v3_lr0p1,results_v3_lr0p1,small_cnn,sgd,10,128,20000,0.1,0.9,0.0005,cuda,False,False,9,140,1396,0.9998853206634521
label_sorted,1,results_v3_lr0p1,results_v3_lr0p1,small_cnn,sgd,10,128,20000,0.1,0.9,0.0005,cuda,False,False,9,141,1397,-0.41645193099975586
label_sorted,1,results_v3_lr0p1,results_v3_lr0p1,small_cnn,sgd,10,128,20000,0.1,0.9,0.0005,cuda,False,False,9,142,1398,0.9948896169662476
label_sorted,1,results_v3_lr0p1,results_v3_lr0p1,small_cnn,sgd,10,128,20000,0.1,0.9,0.0005,cuda,False,False,9,143,1399,0.9999608993530273
label_sorted,1,results_v3_lr0p1,results_v3_lr0p1,small_cnn,sgd,10,128,20000,0.1,0.9,0.0005,cuda,False,False,9,144,1400,0.9999938607215881
label_sorted,1,results_v3_lr0p1,results_v3_lr0p1,small_cnn,sgd,10,128,20000,0.1,0.9,0.0005,cuda,False,False,9,145,1401,0.9999987483024597
label_sorted,1,results_v3_lr0p1,results_v3_lr0p1,small_cnn,sgd,10,128,20000,0.1,0.9,0.0005,cuda,False,False,9,146,1402,0.9999996423721313
label_sorted,1,results_v3_lr0p1,results_v3_lr0p1,small_cnn,sgd,10,128,20000,0.1,0.9,0.0005,cuda,False,False,9,147,1403,0.9999999403953552
label_sorted,1,results_v3_lr0p1,results_v3_lr0p1,small_cnn,sgd,10,128,20000,0.1,0.9,0.0005,cuda,False,False,9,148,1404,1.0
label_sorted,1,results_v3_lr0p1,results_v3_lr0p1,small_cnn,sgd,10,128,20000,0.1,0.9,0.0005,cuda,False,False,9,149,1405,0.9999998211860657
label_sorted,1,results_v3_lr0p1,results_v3_lr0p1,small_cnn,sgd,10,128,20000,0.1,0.9,0.0005,cuda,False,False,9,150,1406,0.9999996423721313
label_sorted,1,results_v3_lr0p1,results_v3_lr0p1,small_cnn,sgd,10,128,20000,0.1,0.9,0.0005,cuda,False,False,9,151,1407,0.9999990463256836
label_sorted,1,results_v3_lr0p1,results_v3_lr0p1,small_cnn,sgd,10,128,20000,0.1,0.9,0.0005,cuda,False,False,9,152,1408,0.9999969601631165
label_sorted,1,results_v3_lr0p1,results_v3_lr0p1,small_cnn,sgd,10,128,20000,0.1,0.9,0.0005,cuda,False,False,9,153,1409,0.9999908804893494
label_sorted,1,results_v3_lr0p1,results_v3_lr0p1,small_cnn,sgd,10,128,20000,0.1,0.9,0.0005,cuda,False,False,9,154,1410,0.9999730587005615
label_sorted,1,results_v3_lr0p1,results_v3_lr0p1,small_cnn,sgd,10,128,20000,0.1,0.9,0.0005,cuda,False,False,9,155,1411,0.9999292492866516
label_sorted,1,results_v3_lr0p1,results_v3_lr0p1,small_cnn,sgd,10,128,20000,0.1,0.9,0.0005,cuda,False,False,9,156,1412,0.9998412132263184
label_sorted,1,results_v3_lr0p1,results_v3_lr0p1,small_cnn,sgd,10,128,20000,0.1,0.9,0.0005,cuda,False,False,9,157,1413,0.999692976474762
label_sorted,1,results_v3_lr0p1,results_v3_lr0p1,small_cnn,sgd,10,128,20000,0.1,0.9,0.0005,cuda,False,False,10,1,1414,-0.5277003049850464
label_sorted,1,results_v3_lr0p1,results_v3_lr0p1,small_cnn,sgd,10,128,20000,0.1,0.9,0.0005,cuda,False,False,10,2,1415,0.9999799728393555
label_sorted,1,results_v3_lr0p1,results_v3_lr0p1,small_cnn,sgd,10,128,20000,0.1,0.9,0.0005,cuda,False,False,10,3,1416,0.9999966621398926
label_sorted,1,results_v3_lr0p1,results_v3_lr0p1,small_cnn,sgd,10,128,20000,0.1,0.9,0.0005,cuda,False,False,10,4,1417,0.9999992847442627
label_sorted,1,results_v3_lr0p1,results_v3_lr0p1,small_cnn,sgd,10,128,20000,0.1,0.9,0.0005,cuda,False,False,10,5,1418,0.9999998807907104
label_sorted,1,results_v3_lr0p1,results_v3_lr0p1,small_cnn,sgd,10,128,20000,0.1,0.9,0.0005,cuda,False,False,10,6,1419,1.0
label_sorted,1,results_v3_lr0p1,results_v3_lr0p1,small_cnn,sgd,10,128,20000,0.1,0.9,0.0005,cuda,False,False,10,7,1420,0.9999999403953552
label_sorted,1,results_v3_lr0p1,results_v3_lr0p1,small_cnn,sgd,10,128,20000,0.1,0.9,0.0005,cuda,False,False,10,8,1421,0.9999999403953552
label_sorted,1,results_v3_lr0p1,results_v3_lr0p1,small_cnn,sgd,10,128,20000,0.1,0.9,0.0005,cuda,False,False,10,9,1422,0.9999998807907104
label_sorted,1,results_v3_lr0p1,results_v3_lr0p1,small_cnn,sgd,10,128,20000,0.1,0.9,0.0005,cuda,False,False,10,10,1423,0.9999995231628418
label_sorted,1,results_v3_lr0p1,results_v3_lr0p1,small_cnn,sgd,10,128,20000,0.1,0.9,0.0005,cuda,False,False,10,11,1424,0.9999984502792358
label_sorted,1,results_v3_lr0p1,results_v3_lr0p1,small_cnn,sgd,10,128,20000,0.1,0.9,0.0005,cuda,False,False,10,12,1425,0.9999951720237732
label_sorted,1,results_v3_lr0p1,results_v3_lr0p1,small_cnn,sgd,10,128,20000,0.1,0.9,0.0005,cuda,False,False,10,13,1426,0.9999849796295166
label_sorted,1,results_v3_lr0p1,results_v3_lr0p1,small_cnn,sgd,10,128,20000,0.1,0.9,0.0005,cuda,False,False,10,14,1427,0.9999575018882751
label_sorted,1,results_v3_lr0p1,results_v3_lr0p1,small_cnn,sgd,10,128,20000,0.1,0.9,0.0005,cuda,False,False,10,15,1428,0.9998958110809326
label_sorted,1,results_v3_lr0p1,results_v3_lr0p1,small_cnn,sgd,10,128,20000,0.1,0.9,0.0005,cuda,False,False,10,16,1429,-0.41602641344070435
label_sorted,1,results_v3_lr0p1,results_v3_lr0p1,small_cnn,sgd,10,128,20000,0.1,0.9,0.0005,cuda,False,False,10,17,1430,0.9949392080307007
label_sorted,1,results_v3_lr0p1,results_v3_lr0p1,small_cnn,sgd,10,128,20000,0.1,0.9,0.0005,cuda,False,False,10,18,1431,0.9999616742134094
label_sorted,1,results_v3_lr0p1,results_v3_lr0p1,small_cnn,sgd,10,128,20000,0.1,0.9,0.0005,cuda,False,False,10,19,1432,0.9999940991401672
label_sorted,1,results_v3_lr0p1,results_v3_lr0p1,small_cnn,sgd,10,128,20000,0.1,0.9,0.0005,cuda,False,False,10,20,1433,0.9999988675117493
label_sorted,1,results_v3_lr0p1,results_v3_lr0p1,small_cnn,sgd,10,128,20000,0.1,0.9,0.0005,cuda,False,False,10,21,1434,0.9999997019767761
label_sorted,1,results_v3_lr0p1,results_v3_lr0p1,small_cnn,sgd,10,128,20000,0.1,0.9,0.0005,cuda,False,False,10,22,1435,0.9999999403953552
label_sorted,1,results_v3_lr0p1,results_v3_lr0p1,small_cnn,sgd,10,128,20000,0.1,0.9,0.0005,cuda,False,False,10,23,1436,1.0
label_sorted,1,results_v3_lr0p1,results_v3_lr0p1,small_cnn,sgd,10,128,20000,0.1,0.9,0.0005,cuda,False,False,10,24,1437,1.0
label_sorted,1,results_v3_lr0p1,results_v3_lr0p1,small_cnn,sgd,10,128,20000,0.1,0.9,0.0005,cuda,False,False,10,25,1438,0.9999997019767761
label_sorted,1,results_v3_lr0p1,results_v3_lr0p1,small_cnn,sgd,10,128,20000,0.1,0.9,0.0005,cuda,False,False,10,26,1439,0.9999992251396179
label_sorted,1,results_v3_lr0p1,results_v3_lr0p1,small_cnn,sgd,10,128,20000,0.1,0.9,0.0005,cuda,False,False,10,27,1440,0.9999974966049194
label_sorted,1,results_v3_lr0p1,results_v3_lr0p1,small_cnn,sgd,10,128,20000,0.1,0.9,0.0005,cuda,False,False,10,28,1441,0.9999921321868896
label_sorted,1,results_v3_lr0p1,results_v3_lr0p1,small_cnn,sgd,10,128,20000,0.1,0.9,0.0005,cuda,False,False,10,29,1442,0.999977171421051
label_sorted,1,results_v3_lr0p1,results_v3_lr0p1,small_cnn,sgd,10,128,20000,0.1,0.9,0.0005,cuda,False,False,10,30,1443,0.9999399781227112
label_sorted,1,results_v3_lr0p1,results_v3_lr0p1,small_cnn,sgd,10,128,20000,0.1,0.9,0.0005,cuda,False,False,10,31,1444,0.9998652935028076
label_sorted,1,results_v3_lr0p1,results_v3_lr0p1,small_cnn,sgd,10,128,20000,0.1,0.9,0.0005,cuda,False,False,10,32,1445,-0.4887441098690033
label_sorted,1,results_v3_lr0p1,results_v3_lr0p1,small_cnn,sgd,10,128,20000,0.1,0.9,0.0005,cuda,False,False,10,33,1446,0.9996270537376404
label_sorted,1,results_v3_lr0p1,results_v3_lr0p1,small_cnn,sgd,10,128,20000,0.1,0.9,0.0005,cuda,False,False,10,34,1447,0.9999804496765137
label_sorted,1,results_v3_lr0p1,results_v3_lr0p1,small_cnn,sgd,10,128,20000,0.1,0.9,0.0005,cuda,False,False,10,35,1448,0.999996542930603
label_sorted,1,results_v3_lr0p1,results_v3_lr0p1,small_cnn,sgd,10,128,20000,0.1,0.9,0.0005,cuda,False,False,10,36,1449,0.9999992847442627
label_sorted,1,results_v3_lr0p1,results_v3_lr0p1,small_cnn,sgd,10,128,20000,0.1,0.9,0.0005,cuda,False,False,10,37,1450,0.9999997615814209
label_sorted,1,results_v3_lr0p1,results_v3_lr0p1,small_cnn,sgd,10,128,20000,0.1,0.9,0.0005,cuda,False,False,10,38,1451,0.9999998807907104
label_sorted,1,results_v3_lr0p1,results_v3_lr0p1,small_cnn,sgd,10,128,20000,0.1,0.9,0.0005,cuda,False,False,10,39,1452,1.0
label_sorted,1,results_v3_lr0p1,results_v3_lr0p1,small_cnn,sgd,10,128,20000,0.1,0.9,0.0005,cuda,False,False,10,40,1453,0.9999998807907104
label_sorted,1,results_v3_lr0p1,results_v3_lr0p1,small_cnn,sgd,10,128,20000,0.1,0.9,0.0005,cuda,False,False,10,41,1454,0.999999463558197
label_sorted,1,results_v3_lr0p1,results_v3_lr0p1,small_cnn,sgd,10,128,20000,0.1,0.9,0.0005,cuda,False,False,10,42,1455,0.9999986290931702
label_sorted,1,results_v3_lr0p1,results_v3_lr0p1,small_cnn,sgd,10,128,20000,0.1,0.9,0.0005,cuda,False,False,10,43,1456,0.9999958276748657
label_sorted,1,results_v3_lr0p1,results_v3_lr0p1,small_cnn,sgd,10,128,20000,0.1,0.9,0.0005,cuda,False,False,10,44,1457,0.9999874234199524
label_sorted,1,results_v3_lr0p1,results_v3_lr0p1,small_cnn,sgd,10,128,20000,0.1,0.9,0.0005,cuda,False,False,10,45,1458,0.9999645352363586
label_sorted,1,results_v3_lr0p1,results_v3_lr0p1,small_cnn,sgd,10,128,20000,0.1,0.9,0.0005,cuda,False,False,10,46,1459,0.9999125003814697
label_sorted,1,results_v3_lr0p1,results_v3_lr0p1,small_cnn,sgd,10,128,20000,0.1,0.9,0.0005,cuda,False,False,10,47,1460,-0.01765737123787403
label_sorted,1,results_v3_lr0p1,results_v3_lr0p1,small_cnn,sgd,10,128,20000,0.1,0.9,0.0005,cuda,False,False,10,48,1461,0.8747366666793823
label_sorted,1,results_v3_lr0p1,results_v3_lr0p1,small_cnn,sgd,10,128,20000,0.1,0.9,0.0005,cuda,False,False,10,49,1462,0.9999349117279053
label_sorted,1,results_v3_lr0p1,results_v3_lr0p1,small_cnn,sgd,10,128,20000,0.1,0.9,0.0005,cuda,False,False,10,50,1463,0.9999904036521912
label_sorted,1,results_v3_lr0p1,results_v3_lr0p1,small_cnn,sgd,10,128,20000,0.1,0.9,0.0005,cuda,False,False,10,51,1464,0.9999982118606567
label_sorted,1,results_v3_lr0p1,results_v3_lr0p1,small_cnn,sgd,10,128,20000,0.1,0.9,0.0005,cuda,False,False,10,52,1465,0.9999996423721313
label_sorted,1,results_v3_lr0p1,results_v3_lr0p1,small_cnn,sgd,10,128,20000,0.1,0.9,0.0005,cuda,False,False,10,53,1466,0.9999998807907104
label_sorted,1,results_v3_lr0p1,results_v3_lr0p1,small_cnn,sgd,10,128,20000,0.1,0.9,0.0005,cuda,False,False,10,54,1467,0.9999998807907104
label_sorted,1,results_v3_lr0p1,results_v3_lr0p1,small_cnn,sgd,10,128,20000,0.1,0.9,0.0005,cuda,False,False,10,55,1468,0.9999998807907104
label_sorted,1,results_v3_lr0p1,results_v3_lr0p1,small_cnn,sgd,10,128,20000,0.1,0.9,0.0005,cuda,False,False,10,56,1469,0.9999997615814209
label_sorted,1,results_v3_lr0p1,results_v3_lr0p1,small_cnn,sgd,10,128,20000,0.1,0.9,0.0005,cuda,False,False,10,57,1470,0.9999992847442627
label_sorted,1,results_v3_lr0p1,results_v3_lr0p1,small_cnn,sgd,10,128,20000,0.1,0.9,0.0005,cuda,False,False,10,58,1471,0.9999977946281433
label_sorted,1,results_v3_lr0p1,results_v3_lr0p1,small_cnn,sgd,10,128,20000,0.1,0.9,0.0005,cuda,False,False,10,59,1472,0.9999933838844299
label_sorted,1,results_v3_lr0p1,results_v3_lr0p1,small_cnn,sgd,10,128,20000,0.1,0.9,0.0005,cuda,False,False,10,60,1473,0.9999808073043823
label_sorted,1,results_v3_lr0p1,results_v3_lr0p1,small_cnn,sgd,10,128,20000,0.1,0.9,0.0005,cuda,False,False,10,61,1474,0.9999483823776245
label_sorted,1,results_v3_lr0p1,results_v3_lr0p1,small_cnn,sgd,10,128,20000,0.1,0.9,0.0005,cuda,False,False,10,62,1475,0.9998804926872253
label_sorted,1,results_v3_lr0p1,results_v3_lr0p1,small_cnn,sgd,10,128,20000,0.1,0.9,0.0005,cuda,False,False,10,63,1476,-0.45433321595191956
label_sorted,1,results_v3_lr0p1,results_v3_lr0p1,small_cnn,sgd,10,128,20000,0.1,0.9,0.0005,cuda,False,False,10,64,1477,0.9981040954589844
label_sorted,1,results_v3_lr0p1,results_v3_lr0p1,small_cnn,sgd,10,128,20000,0.1,0.9,0.0005,cuda,False,False,10,65,1478,0.9999691843986511
label_sorted,1,results_v3_lr0p1,results_v3_lr0p1,small_cnn,sgd,10,128,20000,0.1,0.9,0.0005,cuda,False,False,10,66,1479,0.9999948143959045
label_sorted,1,results_v3_lr0p1,results_v3_lr0p1,small_cnn,sgd,10,128,20000,0.1,0.9,0.0005,cuda,False,False,10,67,1480,0.9999989867210388
label_sorted,1,results_v3_lr0p1,results_v3_lr0p1,small_cnn,sgd,10,128,20000,0.1,0.9,0.0005,cuda,False,False,10,68,1481,0.9999997615814209
label_sorted,1,results_v3_lr0p1,results_v3_lr0p1,small_cnn,sgd,10,128,20000,0.1,0.9,0.0005,cuda,False,False,10,69,1482,0.9999999403953552
label_sorted,1,results_v3_lr0p1,results_v3_lr0p1,small_cnn,sgd,10,128,20000,0.1,0.9,0.0005,cuda,False,False,10,70,1483,0.9999999403953552
label_sorted,1,results_v3_lr0p1,results_v3_lr0p1,small_cnn,sgd,10,128,20000,0.1,0.9,0.0005,cuda,False,False,10,71,1484,0.9999999403953552
label_sorted,1,results_v3_lr0p1,results_v3_lr0p1,small_cnn,sgd,10,128,20000,0.1,0.9,0.0005,cuda,False,False,10,72,1485,0.9999995231628418
label_sorted,1,results_v3_lr0p1,results_v3_lr0p1,small_cnn,sgd,10,128,20000,0.1,0.9,0.0005,cuda,False,False,10,73,1486,0.9999989867210388
label_sorted,1,results_v3_lr0p1,results_v3_lr0p1,small_cnn,sgd,10,128,20000,0.1,0.9,0.0005,cuda,False,False,10,74,1487,0.9999969005584717
label_sorted,1,results_v3_lr0p1,results_v3_lr0p1,small_cnn,sgd,10,128,20000,0.1,0.9,0.0005,cuda,False,False,10,75,1488,0.9999901652336121
label_sorted,1,results_v3_lr0p1,results_v3_lr0p1,small_cnn,sgd,10,128,20000,0.1,0.9,0.0005,cuda,False,False,10,76,1489,0.9999712705612183
label_sorted,1,results_v3_lr0p1,results_v3_lr0p1,small_cnn,sgd,10,128,20000,0.1,0.9,0.0005,cuda,False,False,10,77,1490,0.9999265670776367
label_sorted,1,results_v3_lr0p1,results_v3_lr0p1,small_cnn,sgd,10,128,20000,0.1,0.9,0.0005,cuda,False,False,10,78,1491,0.999839186668396
label_sorted,1,results_v3_lr0p1,results_v3_lr0p1,small_cnn,sgd,10,128,20000,0.1,0.9,0.0005,cuda,False,False,10,79,1492,-0.49961161613464355
label_sorted,1,results_v3_lr0p1,results_v3_lr0p1,small_cnn,sgd,10,128,20000,0.1,0.9,0.0005,cuda,False,False,10,80,1493,0.9998247623443604
label_sorted,1,results_v3_lr0p1,results_v3_lr0p1,small_cnn,sgd,10,128,20000,0.1,0.9,0.0005,cuda,False,False,10,81,1494,0.999984622001648
label_sorted,1,results_v3_lr0p1,results_v3_lr0p1,small_cnn,sgd,10,128,20000,0.1,0.9,0.0005,cuda,False,False,10,82,1495,0.9999972581863403
label_sorted,1,results_v3_lr0p1,results_v3_lr0p1,small_cnn,sgd,10,128,20000,0.1,0.9,0.0005,cuda,False,False,10,83,1496,0.9999994039535522
label_sorted,1,results_v3_lr0p1,results_v3_lr0p1,small_cnn,sgd,10,128,20000,0.1,0.9,0.0005,cuda,False,False,10,84,1497,0.9999999403953552
label_sorted,1,results_v3_lr0p1,results_v3_lr0p1,small_cnn,sgd,10,128,20000,0.1,0.9,0.0005,cuda,False,False,10,85,1498,0.9999999403953552
label_sorted,1,results_v3_lr0p1,results_v3_lr0p1,small_cnn,sgd,10,128,20000,0.1,0.9,0.0005,cuda,False,False,10,86,1499,1.0
label_sorted,1,results_v3_lr0p1,results_v3_lr0p1,small_cnn,sgd,10,128,20000,0.1,0.9,0.0005,cuda,False,False,10,87,1500,0.9999998807907104
label_sorted,1,results_v3_lr0p1,results_v3_lr0p1,small_cnn,sgd,10,128,20000,0.1,0.9,0.0005,cuda,False,False,10,88,1501,0.9999993443489075
label_sorted,1,results_v3_lr0p1,results_v3_lr0p1,small_cnn,sgd,10,128,20000,0.1,0.9,0.0005,cuda,False,False,10,89,1502,0.9999983906745911
label_sorted,1,results_v3_lr0p1,results_v3_lr0p1,small_cnn,sgd,10,128,20000,0.1,0.9,0.0005,cuda,False,False,10,90,1503,0.9999951124191284
label_sorted,1,results_v3_lr0p1,results_v3_lr0p1,small_cnn,sgd,10,128,20000,0.1,0.9,0.0005,cuda,False,False,10,91,1504,0.9999850988388062
label_sorted,1,results_v3_lr0p1,results_v3_lr0p1,small_cnn,sgd,10,128,20000,0.1,0.9,0.0005,cuda,False,False,10,92,1505,0.9999583959579468
label_sorted,1,results_v3_lr0p1,results_v3_lr0p1,small_cnn,sgd,10,128,20000,0.1,0.9,0.0005,cuda,False,False,10,93,1506,0.9998998641967773
label_sorted,1,results_v3_lr0p1,results_v3_lr0p1,small_cnn,sgd,10,128,20000,0.1,0.9,0.0005,cuda,False,False,10,94,1507,-0.33257293701171875
label_sorted,1,results_v3_lr0p1,results_v3_lr0p1,small_cnn,sgd,10,128,20000,0.1,0.9,0.0005,cuda,False,False,10,95,1508,0.9823070168495178
label_sorted,1,results_v3_lr0p1,results_v3_lr0p1,small_cnn,sgd,10,128,20000,0.1,0.9,0.0005,cuda,False,False,10,96,1509,0.9999508857727051
label_sorted,1,results_v3_lr0p1,results_v3_lr0p1,small_cnn,sgd,10,128,20000,0.1,0.9,0.0005,cuda,False,False,10,97,1510,0.9999924898147583
label_sorted,1,results_v3_lr0p1,results_v3_lr0p1,small_cnn,sgd,10,128,20000,0.1,0.9,0.0005,cuda,False,False,10,98,1511,0.9999985098838806
label_sorted,1,results_v3_lr0p1,results_v3_lr0p1,small_cnn,sgd,10,128,20000,0.1,0.9,0.0005,cuda,False,False,10,99,1512,0.9999996423721313
label_sorted,1,results_v3_lr0p1,results_v3_lr0p1,small_cnn,sgd,10,128,20000,0.1,0.9,0.0005,cuda,False,False,10,100,1513,1.0
label_sorted,1,results_v3_lr0p1,results_v3_lr0p1,small_cnn,sgd,10,128,20000,0.1,0.9,0.0005,cuda,False,False,10,101,1514,0.9999999403953552
label_sorted,1,results_v3_lr0p1,results_v3_lr0p1,small_cnn,sgd,10,128,20000,0.1,0.9,0.0005,cuda,False,False,10,102,1515,0.9999999403953552
label_sorted,1,results_v3_lr0p1,results_v3_lr0p1,small_cnn,sgd,10,128,20000,0.1,0.9,0.0005,cuda,False,False,10,103,1516,0.9999997019767761
label_sorted,1,results_v3_lr0p1,results_v3_lr0p1,small_cnn,sgd,10,128,20000,0.1,0.9,0.0005,cuda,False,False,10,104,1517,0.9999991059303284
label_sorted,1,results_v3_lr0p1,results_v3_lr0p1,small_cnn,sgd,10,128,20000,0.1,0.9,0.0005,cuda,False,False,10,105,1518,0.9999974966049194
label_sorted,1,results_v3_lr0p1,results_v3_lr0p1,small_cnn,sgd,10,128,20000,0.1,0.9,0.0005,cuda,False,False,10,106,1519,0.999992311000824
label_sorted,1,results_v3_lr0p1,results_v3_lr0p1,small_cnn,sgd,10,128,20000,0.1,0.9,0.0005,cuda,False,False,10,107,1520,0.9999773502349854
label_sorted,1,results_v3_lr0p1,results_v3_lr0p1,small_cnn,sgd,10,128,20000,0.1,0.9,0.0005,cuda,False,False,10,108,1521,0.9999398589134216
label_sorted,1,results_v3_lr0p1,results_v3_lr0p1,small_cnn,sgd,10,128,20000,0.1,0.9,0.0005,cuda,False,False,10,109,1522,0.9998628497123718
label_sorted,1,results_v3_lr0p1,results_v3_lr0p1,small_cnn,sgd,10,128,20000,0.1,0.9,0.0005,cuda,False,False,10,110,1523,-0.4755960702896118
label_sorted,1,results_v3_lr0p1,results_v3_lr0p1,small_cnn,sgd,10,128,20000,0.1,0.9,0.0005,cuda,False,False,10,111,1524,0.9991692900657654
label_sorted,1,results_v3_lr0p1,results_v3_lr0p1,small_cnn,sgd,10,128,20000,0.1,0.9,0.0005,cuda,False,False,10,112,1525,0.9999749660491943
label_sorted,1,results_v3_lr0p1,results_v3_lr0p1,small_cnn,sgd,10,128,20000,0.1,0.9,0.0005,cuda,False,False,10,113,1526,0.9999958872795105
label_sorted,1,results_v3_lr0p1,results_v3_lr0p1,small_cnn,sgd,10,128,20000,0.1,0.9,0.0005,cuda,False,False,10,114,1527,0.9999991655349731
label_sorted,1,results_v3_lr0p1,results_v3_lr0p1,small_cnn,sgd,10,128,20000,0.1,0.9,0.0005,cuda,False,False,10,115,1528,0.9999998211860657
label_sorted,1,results_v3_lr0p1,results_v3_lr0p1,small_cnn,sgd,10,128,20000,0.1,0.9,0.0005,cuda,False,False,10,116,1529,1.0
label_sorted,1,results_v3_lr0p1,results_v3_lr0p1,small_cnn,sgd,10,128,20000,0.1,0.9,0.0005,cuda,False,False,10,117,1530,1.0
label_sorted,1,results_v3_lr0p1,results_v3_lr0p1,small_cnn,sgd,10,128,20000,0.1,0.9,0.0005,cuda,False,False,10,118,1531,0.9999998807907104
label_sorted,1,results_v3_lr0p1,results_v3_lr0p1,small_cnn,sgd,10,128,20000,0.1,0.9,0.0005,cuda,False,False,10,119,1532,0.9999996423721313
label_sorted,1,results_v3_lr0p1,results_v3_lr0p1,small_cnn,sgd,10,128,20000,0.1,0.9,0.0005,cuda,False,False,10,120,1533,0.9999986886978149
label_sorted,1,results_v3_lr0p1,results_v3_lr0p1,small_cnn,sgd,10,128,20000,0.1,0.9,0.0005,cuda,False,False,10,121,1534,0.9999961853027344
label_sorted,1,results_v3_lr0p1,results_v3_lr0p1,small_cnn,sgd,10,128,20000,0.1,0.9,0.0005,cuda,False,False,10,122,1535,0.9999883770942688
label_sorted,1,results_v3_lr0p1,results_v3_lr0p1,small_cnn,sgd,10,128,20000,0.1,0.9,0.0005,cuda,False,False,10,123,1536,0.9999667406082153
label_sorted,1,results_v3_lr0p1,results_v3_lr0p1,small_cnn,sgd,10,128,20000,0.1,0.9,0.0005,cuda,False,False,10,124,1537,0.9999164938926697
label_sorted,1,results_v3_lr0p1,results_v3_lr0p1,small_cnn,sgd,10,128,20000,0.1,0.9,0.0005,cuda,False,False,10,125,1538,0.9998210668563843
label_sorted,1,results_v3_lr0p1,results_v3_lr0p1,small_cnn,sgd,10,128,20000,0.1,0.9,0.0005,cuda,False,False,10,126,1539,-0.507318913936615
label_sorted,1,results_v3_lr0p1,results_v3_lr0p1,small_cnn,sgd,10,128,20000,0.1,0.9,0.0005,cuda,False,False,10,127,1540,0.9999187588691711
label_sorted,1,results_v3_lr0p1,results_v3_lr0p1,small_cnn,sgd,10,128,20000,0.1,0.9,0.0005,cuda,False,False,10,128,1541,0.9999882578849792
label_sorted,1,results_v3_lr0p1,results_v3_lr0p1,small_cnn,sgd,10,128,20000,0.1,0.9,0.0005,cuda,False,False,10,129,1542,0.9999978542327881
label_sorted,1,results_v3_lr0p1,results_v3_lr0p1,small_cnn,sgd,10,128,20000,0.1,0.9,0.0005,cuda,False,False,10,130,1543,0.9999995827674866
label_sorted,1,results_v3_lr0p1,results_v3_lr0p1,small_cnn,sgd,10,128,20000,0.1,0.9,0.0005,cuda,False,False,10,131,1544,1.0
label_sorted,1,results_v3_lr0p1,results_v3_lr0p1,small_cnn,sgd,10,128,20000,0.1,0.9,0.0005,cuda,False,False,10,132,1545,1.0
label_sorted,1,results_v3_lr0p1,results_v3_lr0p1,small_cnn,sgd,10,128,20000,0.1,0.9,0.0005,cuda,False,False,10,133,1546,0.9999998807907104
label_sorted,1,results_v3_lr0p1,results_v3_lr0p1,small_cnn,sgd,10,128,20000,0.1,0.9,0.0005,cuda,False,False,10,134,1547,0.9999997615814209
label_sorted,1,results_v3_lr0p1,results_v3_lr0p1,small_cnn,sgd,10,128,20000,0.1,0.9,0.0005,cuda,False,False,10,135,1548,0.9999992847442627
label_sorted,1,results_v3_lr0p1,results_v3_lr0p1,small_cnn,sgd,10,128,20000,0.1,0.9,0.0005,cuda,False,False,10,136,1549,0.9999979734420776
label_sorted,1,results_v3_lr0p1,results_v3_lr0p1,small_cnn,sgd,10,128,20000,0.1,0.9,0.0005,cuda,False,False,10,137,1550,0.9999940395355225
label_sorted,1,results_v3_lr0p1,results_v3_lr0p1,small_cnn,sgd,10,128,20000,0.1,0.9,0.0005,cuda,False,False,10,138,1551,0.9999821186065674
label_sorted,1,results_v3_lr0p1,results_v3_lr0p1,small_cnn,sgd,10,128,20000,0.1,0.9,0.0005,cuda,False,False,10,139,1552,0.9999510645866394
label_sorted,1,results_v3_lr0p1,results_v3_lr0p1,small_cnn,sgd,10,128,20000,0.1,0.9,0.0005,cuda,False,False,10,140,1553,0.9998835325241089
label_sorted,1,results_v3_lr0p1,results_v3_lr0p1,small_cnn,sgd,10,128,20000,0.1,0.9,0.0005,cuda,False,False,10,141,1554,-0.4143233597278595
label_sorted,1,results_v3_lr0p1,results_v3_lr0p1,small_cnn,sgd,10,128,20000,0.1,0.9,0.0005,cuda,False,False,10,142,1555,0.9946682453155518
label_sorted,1,results_v3_lr0p1,results_v3_lr0p1,small_cnn,sgd,10,128,20000,0.1,0.9,0.0005,cuda,False,False,10,143,1556,0.9999593496322632
label_sorted,1,results_v3_lr0p1,results_v3_lr0p1,small_cnn,sgd,10,128,20000,0.1,0.9,0.0005,cuda,False,False,10,144,1557,0.9999935626983643
label_sorted,1,results_v3_lr0p1,results_v3_lr0p1,small_cnn,sgd,10,128,20000,0.1,0.9,0.0005,cuda,False,False,10,145,1558,0.9999988079071045
label_sorted,1,results_v3_lr0p1,results_v3_lr0p1,small_cnn,sgd,10,128,20000,0.1,0.9,0.0005,cuda,False,False,10,146,1559,0.9999998807907104
label_sorted,1,results_v3_lr0p1,results_v3_lr0p1,small_cnn,sgd,10,128,20000,0.1,0.9,0.0005,cuda,False,False,10,147,1560,1.0
label_sorted,1,results_v3_lr0p1,results_v3_lr0p1,small_cnn,sgd,10,128,20000,0.1,0.9,0.0005,cuda,False,False,10,148,1561,1.0
label_sorted,1,results_v3_lr0p1,results_v3_lr0p1,small_cnn,sgd,10,128,20000,0.1,0.9,0.0005,cuda,False,False,10,149,1562,0.9999999403953552
label_sorted,1,results_v3_lr0p1,results_v3_lr0p1,small_cnn,sgd,10,128,20000,0.1,0.9,0.0005,cuda,False,False,10,150,1563,0.9999997615814209
label_sorted,1,results_v3_lr0p1,results_v3_lr0p1,small_cnn,sgd,10,128,20000,0.1,0.9,0.0005,cuda,False,False,10,151,1564,0.9999989867210388
label_sorted,1,results_v3_lr0p1,results_v3_lr0p1,small_cnn,sgd,10,128,20000,0.1,0.9,0.0005,cuda,False,False,10,152,1565,0.9999970197677612
label_sorted,1,results_v3_lr0p1,results_v3_lr0p1,small_cnn,sgd,10,128,20000,0.1,0.9,0.0005,cuda,False,False,10,153,1566,0.9999908208847046
label_sorted,1,results_v3_lr0p1,results_v3_lr0p1,small_cnn,sgd,10,128,20000,0.1,0.9,0.0005,cuda,False,False,10,154,1567,0.9999731779098511
label_sorted,1,results_v3_lr0p1,results_v3_lr0p1,small_cnn,sgd,10,128,20000,0.1,0.9,0.0005,cuda,False,False,10,155,1568,0.9999298453330994
label_sorted,1,results_v3_lr0p1,results_v3_lr0p1,small_cnn,sgd,10,128,20000,0.1,0.9,0.0005,cuda,False,False,10,156,1569,0.9998427033424377
label_sorted,1,results_v3_lr0p1,results_v3_lr0p1,small_cnn,sgd,10,128,20000,0.1,0.9,0.0005,cuda,False,False,10,157,1570,0.9996966123580933
