order_mode,seed,experiment_name,output_dir,model,optimizer,epochs,batch_size,max_train_examples,learning_rate,momentum,weight_decay,device,deterministic,save_embeddings,epoch,batch_index,global_step,cosine_similarity
fixed_random,0,results_v3_lr0p1,results_v3_lr0p1,small_cnn,sgd,10,128,20000,0.1,0.9,0.0005,cpu,False,False,1,1,1,
fixed_random,0,results_v3_lr0p1,results_v3_lr0p1,small_cnn,sgd,10,128,20000,0.1,0.9,0.0005,cpu,False,False,1,2,2,0.13364578783512115
fixed_random,0,results_v3_lr0p1,results_v3_lr0p1,small_cnn,sgd,10,128,20000,0.1,0.9,0.0005,cpu,False,False,1,3,3,0.37928056716918945
fixed_random,0,results_v3_lr0p1,results_v3_lr0p1,small_cnn,sgd,10,128,20000,0.1,0.9,0.0005,cpu,False,False,1,4,4,0.455485075712204
fixed_random,0,results_v3_lr0p1,results_v3_lr0p1,small_cnn,sgd,10,128,20000,0.1,0.9,0.0005,cpu,False,False,1,5,5,0.43236616253852844
fixed_random,0,results_v3_lr0p1,results_v3_lr0p1,small_cnn,sgd,10,128,20000,0.1,0.9,0.0005,cpu,False,False,1,6,6,0.5116497874259949
fixed_random,0,results_v3_lr0p1,results_v3_lr0p1,small_cnn,sgd,10,128,20000,0.1,0.9,0.0005,cpu,False,False,1,7,7,0.32219046354293823
fixed_random,0,results_v3_lr0p1,results_v3_lr0p1,small_cnn,sgd,10,128,20000,0.1,0.9,0.0005,cpu,False,False,1,8,8,0.10923092067241669
fixed_random,0,results_v3_lr0p1,results_v3_lr0p1,small_cnn,sgd,10,128,20000,0.1,0.9,0.0005,cpu,False,False,1,9,9,-0.664926290512085
fixed_random,0,results_v3_lr0p1,results_v3_lr0p1,small_cnn,sgd,10,128,20000,0.1,0.9,0.0005,cpu,False,False,1,10,10,-0.2960638105869293
fixed_random,0,results_v3_lr0p1,results_v3_lr0p1,small_cnn,sgd,10,128,20000,0.1,0.9,0.0005,cpu,False,False,1,11,11,0.05797045677900314
fixed_random,0,results_v3_lr0p1,results_v3_lr0p1,small_cnn,sgd,10,128,20000,0.1,0.9,0.0005,cpu,False,False,1,12,12,-0.09737807512283325
fixed_random,0,results_v3_lr0p1,results_v3_lr0p1,small_cnn,sgd,10,128,20000,0.1,0.9,0.0005,cpu,False,False,1,13,13,0.4486507177352905
fixed_random,0,results_v3_lr0p1,results_v3_lr0p1,small_cnn,sgd,10,128,20000,0.1,0.9,0.0005,cpu,False,False,1,14,14,0.42091256380081177
fixed_random,0,results_v3_lr0p1,results_v3_lr0p1,small_cnn,sgd,10,128,20000,0.1,0.9,0.0005,cpu,False,False,1,15,15,0.4966774880886078
fixed_random,0,results_v3_lr0p1,results_v3_lr0p1,small_cnn,sgd,10,128,20000,0.1,0.9,0.0005,cpu,False,False,1,16,16,0.6150703430175781
fixed_random,0,results_v3_lr0p1,results_v3_lr0p1,small_cnn,sgd,10,128,20000,0.1,0.9,0.0005,cpu,False,False,1,17,17,0.23690323531627655
fixed_random,0,results_v3_lr0p1,results_v3_lr0p1,small_cnn,sgd,10,128,20000,0.1,0.9,0.0005,cpu,False,False,1,18,18,0.5672245025634766
fixed_random,0,results_v3_lr0p1,results_v3_lr0p1,small_cnn,sgd,10,128,20000,0.1,0.9,0.0005,cpu,False,False,1,19,19,-0.08297184109687805
fixed_random,0,results_v3_lr0p1,results_v3_lr0p1,small_cnn,sgd,10,128,20000,0.1,0.9,0.0005,cpu,False,False,1,20,20,0.7730370163917542
fixed_random,0,results_v3_lr0p1,results_v3_lr0p1,small_cnn,sgd,10,128,20000,0.1,0.9,0.0005,cpu,False,False,1,21,21,-0.0752878189086914
fixed_random,0,results_v3_lr0p1,results_v3_lr0p1,small_cnn,sgd,10,128,20000,0.1,0.9,0.0005,cpu,False,False,1,22,22,-0.11676572263240814
fixed_random,0,results_v3_lr0p1,results_v3_lr0p1,small_cnn,sgd,10,128,20000,0.1,0.9,0.0005,cpu,False,False,1,23,23,-0.4799928665161133
fixed_random,0,results_v3_lr0p1,results_v3_lr0p1,small_cnn,sgd,10,128,20000,0.1,0.9,0.0005,cpu,False,False,1,24,24,0.08360800892114639
fixed_random,0,results_v3_lr0p1,results_v3_lr0p1,small_cnn,sgd,10,128,20000,0.1,0.9,0.0005,cpu,False,False,1,25,25,-0.03472566604614258
fixed_random,0,results_v3_lr0p1,results_v3_lr0p1,small_cnn,sgd,10,128,20000,0.1,0.9,0.0005,cpu,False,False,1,26,26,0.22464719414710999
fixed_random,0,results_v3_lr0p1,results_v3_lr0p1,small_cnn,sgd,10,128,20000,0.1,0.9,0.0005,cpu,False,False,1,27,27,0.651922881603241
fixed_random,0,results_v3_lr0p1,results_v3_lr0p1,small_cnn,sgd,10,128,20000,0.1,0.9,0.0005,cpu,False,False,1,28,28,0.5688124895095825
fixed_random,0,results_v3_lr0p1,results_v3_lr0p1,small_cnn,sgd,10,128,20000,0.1,0.9,0.0005,cpu,False,False,1,29,29,0.5048418641090393
fixed_random,0,results_v3_lr0p1,results_v3_lr0p1,small_cnn,sgd,10,128,20000,0.1,0.9,0.0005,cpu,False,False,1,30,30,-0.2488337755203247
fixed_random,0,results_v3_lr0p1,results_v3_lr0p1,small_cnn,sgd,10,128,20000,0.1,0.9,0.0005,cpu,False,False,1,31,31,0.05072749778628349
fixed_random,0,results_v3_lr0p1,results_v3_lr0p1,small_cnn,sgd,10,128,20000,0.1,0.9,0.0005,cpu,False,False,1,32,32,-0.10250896215438843
fixed_random,0,results_v3_lr0p1,results_v3_lr0p1,small_cnn,sgd,10,128,20000,0.1,0.9,0.0005,cpu,False,False,1,33,33,-0.35912537574768066
fixed_random,0,results_v3_lr0p1,results_v3_lr0p1,small_cnn,sgd,10,128,20000,0.1,0.9,0.0005,cpu,False,False,1,34,34,-0.0801943838596344
fixed_random,0,results_v3_lr0p1,results_v3_lr0p1,small_cnn,sgd,10,128,20000,0.1,0.9,0.0005,cpu,False,False,1,35,35,0.3003453016281128
fixed_random,0,results_v3_lr0p1,results_v3_lr0p1,small_cnn,sgd,10,128,20000,0.1,0.9,0.0005,cpu,False,False,1,36,36,-0.14233316481113434
fixed_random,0,results_v3_lr0p1,results_v3_lr0p1,small_cnn,sgd,10,128,20000,0.1,0.9,0.0005,cpu,False,False,1,37,37,0.2822559177875519
fixed_random,0,results_v3_lr0p1,results_v3_lr0p1,small_cnn,sgd,10,128,20000,0.1,0.9,0.0005,cpu,False,False,1,38,38,0.4507458508014679
fixed_random,0,results_v3_lr0p1,results_v3_lr0p1,small_cnn,sgd,10,128,20000,0.1,0.9,0.0005,cpu,False,False,1,39,39,0.578525722026825
fixed_random,0,results_v3_lr0p1,results_v3_lr0p1,small_cnn,sgd,10,128,20000,0.1,0.9,0.0005,cpu,False,False,1,40,40,-0.12306597083806992
fixed_random,0,results_v3_lr0p1,results_v3_lr0p1,small_cnn,sgd,10,128,20000,0.1,0.9,0.0005,cpu,False,False,1,41,41,0.1187746673822403
fixed_random,0,results_v3_lr0p1,results_v3_lr0p1,small_cnn,sgd,10,128,20000,0.1,0.9,0.0005,cpu,False,False,1,42,42,0.19267548620700836
fixed_random,0,results_v3_lr0p1,results_v3_lr0p1,small_cnn,sgd,10,128,20000,0.1,0.9,0.0005,cpu,False,False,1,43,43,0.5747725963592529
fixed_random,0,results_v3_lr0p1,results_v3_lr0p1,small_cnn,sgd,10,128,20000,0.1,0.9,0.0005,cpu,False,False,1,44,44,0.6828553080558777
fixed_random,0,results_v3_lr0p1,results_v3_lr0p1,small_cnn,sgd,10,128,20000,0.1,0.9,0.0005,cpu,False,False,1,45,45,0.14785230159759521
fixed_random,0,results_v3_lr0p1,results_v3_lr0p1,small_cnn,sgd,10,128,20000,0.1,0.9,0.0005,cpu,False,False,1,46,46,0.17939455807209015
fixed_random,0,results_v3_lr0p1,results_v3_lr0p1,small_cnn,sgd,10,128,20000,0.1,0.9,0.0005,cpu,False,False,1,47,47,0.39849376678466797
fixed_random,0,results_v3_lr0p1,results_v3_lr0p1,small_cnn,sgd,10,128,20000,0.1,0.9,0.0005,cpu,False,False,1,48,48,0.4047997295856476
fixed_random,0,results_v3_lr0p1,results_v3_lr0p1,small_cnn,sgd,10,128,20000,0.1,0.9,0.0005,cpu,False,False,1,49,49,0.277442067861557
fixed_random,0,results_v3_lr0p1,results_v3_lr0p1,small_cnn,sgd,10,128,20000,0.1,0.9,0.0005,cpu,False,False,1,50,50,0.3916436433792114
fixed_random,0,results_v3_lr0p1,results_v3_lr0p1,small_cnn,sgd,10,128,20000,0.1,0.9,0.0005,cpu,False,False,1,51,51,0.6017121076583862
fixed_random,0,results_v3_lr0p1,results_v3_lr0p1,small_cnn,sgd,10,128,20000,0.1,0.9,0.0005,cpu,False,False,1,52,52,-0.002114595379680395
fixed_random,0,results_v3_lr0p1,results_v3_lr0p1,small_cnn,sgd,10,128,20000,0.1,0.9,0.0005,cpu,False,False,1,53,53,0.2651260197162628
fixed_random,0,results_v3_lr0p1,results_v3_lr0p1,small_cnn,sgd,10,128,20000,0.1,0.9,0.0005,cpu,False,False,1,54,54,0.5430343747138977
fixed_random,0,results_v3_lr0p1,results_v3_lr0p1,small_cnn,sgd,10,128,20000,0.1,0.9,0.0005,cpu,False,False,1,55,55,0.21268117427825928
fixed_random,0,results_v3_lr0p1,results_v3_lr0p1,small_cnn,sgd,10,128,20000,0.1,0.9,0.0005,cpu,False,False,1,56,56,0.018089916557073593
fixed_random,0,results_v3_lr0p1,results_v3_lr0p1,small_cnn,sgd,10,128,20000,0.1,0.9,0.0005,cpu,False,False,1,57,57,0.4450819194316864
fixed_random,0,results_v3_lr0p1,results_v3_lr0p1,small_cnn,sgd,10,128,20000,0.1,0.9,0.0005,cpu,False,False,1,58,58,0.2739078998565674
fixed_random,0,results_v3_lr0p1,results_v3_lr0p1,small_cnn,sgd,10,128,20000,0.1,0.9,0.0005,cpu,False,False,1,59,59,0.2770826518535614
fixed_random,0,results_v3_lr0p1,results_v3_lr0p1,small_cnn,sgd,10,128,20000,0.1,0.9,0.0005,cpu,False,False,1,60,60,0.341601699590683
fixed_random,0,results_v3_lr0p1,results_v3_lr0p1,small_cnn,sgd,10,128,20000,0.1,0.9,0.0005,cpu,False,False,1,61,61,0.5456191897392273
fixed_random,0,results_v3_lr0p1,results_v3_lr0p1,small_cnn,sgd,10,128,20000,0.1,0.9,0.0005,cpu,False,False,1,62,62,0.512924313545227
fixed_random,0,results_v3_lr0p1,results_v3_lr0p1,small_cnn,sgd,10,128,20000,0.1,0.9,0.0005,cpu,False,False,1,63,63,0.46315497159957886
fixed_random,0,results_v3_lr0p1,results_v3_lr0p1,small_cnn,sgd,10,128,20000,0.1,0.9,0.0005,cpu,False,False,1,64,64,-0.24132589995861053
fixed_random,0,results_v3_lr0p1,results_v3_lr0p1,small_cnn,sgd,10,128,20000,0.1,0.9,0.0005,cpu,False,False,1,65,65,0.25546887516975403
fixed_random,0,results_v3_lr0p1,results_v3_lr0p1,small_cnn,sgd,10,128,20000,0.1,0.9,0.0005,cpu,False,False,1,66,66,0.43912720680236816
fixed_random,0,results_v3_lr0p1,results_v3_lr0p1,small_cnn,sgd,10,128,20000,0.1,0.9,0.0005,cpu,False,False,1,67,67,0.2956943213939667
fixed_random,0,results_v3_lr0p1,results_v3_lr0p1,small_cnn,sgd,10,128,20000,0.1,0.9,0.0005,cpu,False,False,1,68,68,0.22579294443130493
fixed_random,0,results_v3_lr0p1,results_v3_lr0p1,small_cnn,sgd,10,128,20000,0.1,0.9,0.0005,cpu,False,False,1,69,69,0.6461082100868225
fixed_random,0,results_v3_lr0p1,results_v3_lr0p1,small_cnn,sgd,10,128,20000,0.1,0.9,0.0005,cpu,False,False,1,70,70,-0.41248393058776855
fixed_random,0,results_v3_lr0p1,results_v3_lr0p1,small_cnn,sgd,10,128,20000,0.1,0.9,0.0005,cpu,False,False,1,71,71,0.37603989243507385
fixed_random,0,results_v3_lr0p1,results_v3_lr0p1,small_cnn,sgd,10,128,20000,0.1,0.9,0.0005,cpu,False,False,1,72,72,0.2709670960903168
fixed_random,0,results_v3_lr0p1,results_v3_lr0p1,small_cnn,sgd,10,128,20000,0.1,0.9,0.0005,cpu,False,False,1,73,73,0.2760606110095978
fixed_random,0,results_v3_lr0p1,results_v3_lr0p1,small_cnn,sgd,10,128,20000,0.1,0.9,0.0005,cpu,False,False,1,74,74,0.5875272750854492
fixed_random,0,results_v3_lr0p1,results_v3_lr0p1,small_cnn,sgd,10,128,20000,0.1,0.9,0.0005,cpu,False,False,1,75,75,0.14733768999576569
fixed_random,0,results_v3_lr0p1,results_v3_lr0p1,small_cnn,sgd,10,128,20000,0.1,0.9,0.0005,cpu,False,False,1,76,76,0.1284131407737732
fixed_random,0,results_v3_lr0p1,results_v3_lr0p1,small_cnn,sgd,10,128,20000,0.1,0.9,0.0005,cpu,False,False,1,77,77,0.5156223177909851
fixed_random,0,results_v3_lr0p1,results_v3_lr0p1,small_cnn,sgd,10,128,20000,0.1,0.9,0.0005,cpu,False,False,1,78,78,0.2245362401008606
fixed_random,0,results_v3_lr0p1,results_v3_lr0p1,small_cnn,sgd,10,128,20000,0.1,0.9,0.0005,cpu,False,False,1,79,79,0.48825696110725403
fixed_random,0,results_v3_lr0p1,results_v3_lr0p1,small_cnn,sgd,10,128,20000,0.1,0.9,0.0005,cpu,False,False,1,80,80,0.544254720211029
fixed_random,0,results_v3_lr0p1,results_v3_lr0p1,small_cnn,sgd,10,128,20000,0.1,0.9,0.0005,cpu,False,False,1,81,81,0.09894799441099167
fixed_random,0,results_v3_lr0p1,results_v3_lr0p1,small_cnn,sgd,10,128,20000,0.1,0.9,0.0005,cpu,False,False,1,82,82,-0.10867754369974136
fixed_random,0,results_v3_lr0p1,results_v3_lr0p1,small_cnn,sgd,10,128,20000,0.1,0.9,0.0005,cpu,False,False,1,83,83,0.5985370874404907
fixed_random,0,results_v3_lr0p1,results_v3_lr0p1,small_cnn,sgd,10,128,20000,0.1,0.9,0.0005,cpu,False,False,1,84,84,0.22690266370773315
fixed_random,0,results_v3_lr0p1,results_v3_lr0p1,small_cnn,sgd,10,128,20000,0.1,0.9,0.0005,cpu,False,False,1,85,85,0.24180066585540771
fixed_random,0,results_v3_lr0p1,results_v3_lr0p1,small_cnn,sgd,10,128,20000,0.1,0.9,0.0005,cpu,False,False,1,86,86,0.22509463131427765
fixed_random,0,results_v3_lr0p1,results_v3_lr0p1,small_cnn,sgd,10,128,20000,0.1,0.9,0.0005,cpu,False,False,1,87,87,0.5375775694847107
fixed_random,0,results_v3_lr0p1,results_v3_lr0p1,small_cnn,sgd,10,128,20000,0.1,0.9,0.0005,cpu,False,False,1,88,88,0.24433176219463348
fixed_random,0,results_v3_lr0p1,results_v3_lr0p1,small_cnn,sgd,10,128,20000,0.1,0.9,0.0005,cpu,False,False,1,89,89,0.11975453048944473
fixed_random,0,results_v3_lr0p1,results_v3_lr0p1,small_cnn,sgd,10,128,20000,0.1,0.9,0.0005,cpu,False,False,1,90,90,0.30789491534233093
fixed_random,0,results_v3_lr0p1,results_v3_lr0p1,small_cnn,sgd,10,128,20000,0.1,0.9,0.0005,cpu,False,False,1,91,91,0.3758678734302521
fixed_random,0,results_v3_lr0p1,results_v3_lr0p1,small_cnn,sgd,10,128,20000,0.1,0.9,0.0005,cpu,False,False,1,92,92,0.05321542173624039
fixed_random,0,results_v3_lr0p1,results_v3_lr0p1,small_cnn,sgd,10,128,20000,0.1,0.9,0.0005,cpu,False,False,1,93,93,0.13625545799732208
fixed_random,0,results_v3_lr0p1,results_v3_lr0p1,small_cnn,sgd,10,128,20000,0.1,0.9,0.0005,cpu,False,False,1,94,94,-0.16496621072292328
fixed_random,0,results_v3_lr0p1,results_v3_lr0p1,small_cnn,sgd,10,128,20000,0.1,0.9,0.0005,cpu,False,False,1,95,95,0.21166841685771942
fixed_random,0,results_v3_lr0p1,results_v3_lr0p1,small_cnn,sgd,10,128,20000,0.1,0.9,0.0005,cpu,False,False,1,96,96,0.11372058838605881
fixed_random,0,results_v3_lr0p1,results_v3_lr0p1,small_cnn,sgd,10,128,20000,0.1,0.9,0.0005,cpu,False,False,1,97,97,0.4439646899700165
fixed_random,0,results_v3_lr0p1,results_v3_lr0p1,small_cnn,sgd,10,128,20000,0.1,0.9,0.0005,cpu,False,False,1,98,98,-0.042622487992048264
fixed_random,0,results_v3_lr0p1,results_v3_lr0p1,small_cnn,sgd,10,128,20000,0.1,0.9,0.0005,cpu,False,False,1,99,99,-0.26177528500556946
fixed_random,0,results_v3_lr0p1,results_v3_lr0p1,small_cnn,sgd,10,128,20000,0.1,0.9,0.0005,cpu,False,False,1,100,100,-0.019580423831939697
fixed_random,0,results_v3_lr0p1,results_v3_lr0p1,small_cnn,sgd,10,128,20000,0.1,0.9,0.0005,cpu,False,False,1,101,101,0.19230571389198303
fixed_random,0,results_v3_lr0p1,results_v3_lr0p1,small_cnn,sgd,10,128,20000,0.1,0.9,0.0005,cpu,False,False,1,102,102,0.11950995028018951
fixed_random,0,results_v3_lr0p1,results_v3_lr0p1,small_cnn,sgd,10,128,20000,0.1,0.9,0.0005,cpu,False,False,1,103,103,0.25518736243247986
fixed_random,0,results_v3_lr0p1,results_v3_lr0p1,small_cnn,sgd,10,128,20000,0.1,0.9,0.0005,cpu,False,False,1,104,104,0.4954156279563904
fixed_random,0,results_v3_lr0p1,results_v3_lr0p1,small_cnn,sgd,10,128,20000,0.1,0.9,0.0005,cpu,False,False,1,105,105,0.36558568477630615
fixed_random,0,results_v3_lr0p1,results_v3_lr0p1,small_cnn,sgd,10,128,20000,0.1,0.9,0.0005,cpu,False,False,1,106,106,0.4979979693889618
fixed_random,0,results_v3_lr0p1,results_v3_lr0p1,small_cnn,sgd,10,128,20000,0.1,0.9,0.0005,cpu,False,False,1,107,107,0.16709165275096893
fixed_random,0,results_v3_lr0p1,results_v3_lr0p1,small_cnn,sgd,10,128,20000,0.1,0.9,0.0005,cpu,False,False,1,108,108,-0.218157559633255
fixed_random,0,results_v3_lr0p1,results_v3_lr0p1,small_cnn,sgd,10,128,20000,0.1,0.9,0.0005,cpu,False,False,1,109,109,0.518768846988678
fixed_random,0,results_v3_lr0p1,results_v3_lr0p1,small_cnn,sgd,10,128,20000,0.1,0.9,0.0005,cpu,False,False,1,110,110,0.1607515662908554
fixed_random,0,results_v3_lr0p1,results_v3_lr0p1,small_cnn,sgd,10,128,20000,0.1,0.9,0.0005,cpu,False,False,1,111,111,0.19317670166492462
fixed_random,0,results_v3_lr0p1,results_v3_lr0p1,small_cnn,sgd,10,128,20000,0.1,0.9,0.0005,cpu,False,False,1,112,112,0.3178827166557312
fixed_random,0,results_v3_lr0p1,results_v3_lr0p1,small_cnn,sgd,10,128,20000,0.1,0.9,0.0005,cpu,False,False,1,113,113,0.15817339718341827
fixed_random,0,results_v3_lr0p1,results_v3_lr0p1,small_cnn,sgd,10,128,20000,0.1,0.9,0.0005,cpu,False,False,1,114,114,0.05951366201043129
fixed_random,0,results_v3_lr0p1,results_v3_lr0p1,small_cnn,sgd,10,128,20000,0.1,0.9,0.0005,cpu,False,False,1,115,115,0.4501294493675232
fixed_random,0,results_v3_lr0p1,results_v3_lr0p1,small_cnn,sgd,10,128,20000,0.1,0.9,0.0005,cpu,False,False,1,116,116,0.19778381288051605
fixed_random,0,results_v3_lr0p1,results_v3_lr0p1,small_cnn,sgd,10,128,20000,0.1,0.9,0.0005,cpu,False,False,1,117,117,0.25395143032073975
fixed_random,0,results_v3_lr0p1,results_v3_lr0p1,small_cnn,sgd,10,128,20000,0.1,0.9,0.0005,cpu,False,False,1,118,118,0.049463801085948944
fixed_random,0,results_v3_lr0p1,results_v3_lr0p1,small_cnn,sgd,10,128,20000,0.1,0.9,0.0005,cpu,False,False,1,119,119,-0.16780531406402588
fixed_random,0,results_v3_lr0p1,results_v3_lr0p1,small_cnn,sgd,10,128,20000,0.1,0.9,0.0005,cpu,False,False,1,120,120,0.2928633391857147
fixed_random,0,results_v3_lr0p1,results_v3_lr0p1,small_cnn,sgd,10,128,20000,0.1,0.9,0.0005,cpu,False,False,1,121,121,0.44348466396331787
fixed_random,0,results_v3_lr0p1,results_v3_lr0p1,small_cnn,sgd,10,128,20000,0.1,0.9,0.0005,cpu,False,False,1,122,122,0.35798051953315735
fixed_random,0,results_v3_lr0p1,results_v3_lr0p1,small_cnn,sgd,10,128,20000,0.1,0.9,0.0005,cpu,False,False,1,123,123,0.1564185470342636
fixed_random,0,results_v3_lr0p1,results_v3_lr0p1,small_cnn,sgd,10,128,20000,0.1,0.9,0.0005,cpu,False,False,1,124,124,0.14044982194900513
fixed_random,0,results_v3_lr0p1,results_v3_lr0p1,small_cnn,sgd,10,128,20000,0.1,0.9,0.0005,cpu,False,False,1,125,125,0.4881123900413513
fixed_random,0,results_v3_lr0p1,results_v3_lr0p1,small_cnn,sgd,10,128,20000,0.1,0.9,0.0005,cpu,False,False,1,126,126,0.24175088107585907
fixed_random,0,results_v3_lr0p1,results_v3_lr0p1,small_cnn,sgd,10,128,20000,0.1,0.9,0.0005,cpu,False,False,1,127,127,0.07469622790813446
fixed_random,0,results_v3_lr0p1,results_v3_lr0p1,small_cnn,sgd,10,128,20000,0.1,0.9,0.0005,cpu,False,False,1,128,128,0.329309344291687
fixed_random,0,results_v3_lr0p1,results_v3_lr0p1,small_cnn,sgd,10,128,20000,0.1,0.9,0.0005,cpu,False,False,1,129,129,0.19629834592342377
fixed_random,0,results_v3_lr0p1,results_v3_lr0p1,small_cnn,sgd,10,128,20000,0.1,0.9,0.0005,cpu,False,False,1,130,130,0.74651700258255
fixed_random,0,results_v3_lr0p1,results_v3_lr0p1,small_cnn,sgd,10,128,20000,0.1,0.9,0.0005,cpu,False,False,1,131,131,-0.021156804636120796
fixed_random,0,results_v3_lr0p1,results_v3_lr0p1,small_cnn,sgd,10,128,20000,0.1,0.9,0.0005,cpu,False,False,1,132,132,0.6217241287231445
fixed_random,0,results_v3_lr0p1,results_v3_lr0p1,small_cnn,sgd,10,128,20000,0.1,0.9,0.0005,cpu,False,False,1,133,133,0.43202099204063416
fixed_random,0,results_v3_lr0p1,results_v3_lr0p1,small_cnn,sgd,10,128,20000,0.1,0.9,0.0005,cpu,False,False,1,134,134,0.5589203834533691
fixed_random,0,results_v3_lr0p1,results_v3_lr0p1,small_cnn,sgd,10,128,20000,0.1,0.9,0.0005,cpu,False,False,1,135,135,0.4160538911819458
fixed_random,0,results_v3_lr0p1,results_v3_lr0p1,small_cnn,sgd,10,128,20000,0.1,0.9,0.0005,cpu,False,False,1,136,136,0.5762768387794495
fixed_random,0,results_v3_lr0p1,results_v3_lr0p1,small_cnn,sgd,10,128,20000,0.1,0.9,0.0005,cpu,False,False,1,137,137,0.4148723781108856
fixed_random,0,results_v3_lr0p1,results_v3_lr0p1,small_cnn,sgd,10,128,20000,0.1,0.9,0.0005,cpu,False,False,1,138,138,-0.017585068941116333
fixed_random,0,results_v3_lr0p1,results_v3_lr0p1,small_cnn,sgd,10,128,20000,0.1,0.9,0.0005,cpu,False,False,1,139,139,0.644023060798645
fixed_random,0,results_v3_lr0p1,results_v3_lr0p1,small_cnn,sgd,10,128,20000,0.1,0.9,0.0005,cpu,False,False,1,140,140,0.3963172137737274
fixed_random,0,results_v3_lr0p1,results_v3_lr0p1,small_cnn,sgd,10,128,20000,0.1,0.9,0.0005,cpu,False,False,1,141,141,0.5609451532363892
fixed_random,0,results_v3_lr0p1,results_v3_lr0p1,small_cnn,sgd,10,128,20000,0.1,0.9,0.0005,cpu,False,False,1,142,142,0.6297799944877625
fixed_random,0,results_v3_lr0p1,results_v3_lr0p1,small_cnn,sgd,10,128,20000,0.1,0.9,0.0005,cpu,False,False,1,143,143,-0.3191242516040802
fixed_random,0,results_v3_lr0p1,results_v3_lr0p1,small_cnn,sgd,10,128,20000,0.1,0.9,0.0005,cpu,False,False,1,144,144,0.3964167833328247
fixed_random,0,results_v3_lr0p1,results_v3_lr0p1,small_cnn,sgd,10,128,20000,0.1,0.9,0.0005,cpu,False,False,1,145,145,0.12663188576698303
fixed_random,0,results_v3_lr0p1,results_v3_lr0p1,small_cnn,sgd,10,128,20000,0.1,0.9,0.0005,cpu,False,False,1,146,146,0.2805682420730591
fixed_random,0,results_v3_lr0p1,results_v3_lr0p1,small_cnn,sgd,10,128,20000,0.1,0.9,0.0005,cpu,False,False,1,147,147,0.41211169958114624
fixed_random,0,results_v3_lr0p1,results_v3_lr0p1,small_cnn,sgd,10,128,20000,0.1,0.9,0.0005,cpu,False,False,1,148,148,0.3094084560871124
fixed_random,0,results_v3_lr0p1,results_v3_lr0p1,small_cnn,sgd,10,128,20000,0.1,0.9,0.0005,cpu,False,False,1,149,149,0.5010355710983276
fixed_random,0,results_v3_lr0p1,results_v3_lr0p1,small_cnn,sgd,10,128,20000,0.1,0.9,0.0005,cpu,False,False,1,150,150,0.33019936084747314
fixed_random,0,results_v3_lr0p1,results_v3_lr0p1,small_cnn,sgd,10,128,20000,0.1,0.9,0.0005,cpu,False,False,1,151,151,0.29671046137809753
fixed_random,0,results_v3_lr0p1,results_v3_lr0p1,small_cnn,sgd,10,128,20000,0.1,0.9,0.0005,cpu,False,False,1,152,152,0.3336995542049408
fixed_random,0,results_v3_lr0p1,results_v3_lr0p1,small_cnn,sgd,10,128,20000,0.1,0.9,0.0005,cpu,False,False,1,153,153,0.13148626685142517
fixed_random,0,results_v3_lr0p1,results_v3_lr0p1,small_cnn,sgd,10,128,20000,0.1,0.9,0.0005,cpu,False,False,1,154,154,0.3210916817188263
fixed_random,0,results_v3_lr0p1,results_v3_lr0p1,small_cnn,sgd,10,128,20000,0.1,0.9,0.0005,cpu,False,False,1,155,155,0.3180730938911438
fixed_random,0,results_v3_lr0p1,results_v3_lr0p1,small_cnn,sgd,10,128,20000,0.1,0.9,0.0005,cpu,False,False,1,156,156,0.23782089352607727
fixed_random,0,results_v3_lr0p1,results_v3_lr0p1,small_cnn,sgd,10,128,20000,0.1,0.9,0.0005,cpu,False,False,1,157,157,0.24640090763568878
fixed_random,0,results_v3_lr0p1,results_v3_lr0p1,small_cnn,sgd,10,128,20000,0.1,0.9,0.0005,cpu,False,False,2,1,158,-0.036319464445114136
fixed_random,0,results_v3_lr0p1,results_v3_lr0p1,small_cnn,sgd,10,128,20000,0.1,0.9,0.0005,cpu,False,False,2,2,159,0.23300780355930328
fixed_random,0,results_v3_lr0p1,results_v3_lr0p1,small_cnn,sgd,10,128,20000,0.1,0.9,0.0005,cpu,False,False,2,3,160,0.07328308373689651
fixed_random,0,results_v3_lr0p1,results_v3_lr0p1,small_cnn,sgd,10,128,20000,0.1,0.9,0.0005,cpu,False,False,2,4,161,0.1648981273174286
fixed_random,0,results_v3_lr0p1,results_v3_lr0p1,small_cnn,sgd,10,128,20000,0.1,0.9,0.0005,cpu,False,False,2,5,162,0.4773755371570587
fixed_random,0,results_v3_lr0p1,results_v3_lr0p1,small_cnn,sgd,10,128,20000,0.1,0.9,0.0005,cpu,False,False,2,6,163,0.13543272018432617
fixed_random,0,results_v3_lr0p1,results_v3_lr0p1,small_cnn,sgd,10,128,20000,0.1,0.9,0.0005,cpu,False,False,2,7,164,0.05601293593645096
fixed_random,0,results_v3_lr0p1,results_v3_lr0p1,small_cnn,sgd,10,128,20000,0.1,0.9,0.0005,cpu,False,False,2,8,165,0.1466616988182068
fixed_random,0,results_v3_lr0p1,results_v3_lr0p1,small_cnn,sgd,10,128,20000,0.1,0.9,0.0005,cpu,False,False,2,9,166,0.3098354637622833
fixed_random,0,results_v3_lr0p1,results_v3_lr0p1,small_cnn,sgd,10,128,20000,0.1,0.9,0.0005,cpu,False,False,2,10,167,-0.2685764729976654
fixed_random,0,results_v3_lr0p1,results_v3_lr0p1,small_cnn,sgd,10,128,20000,0.1,0.9,0.0005,cpu,False,False,2,11,168,0.34102460741996765
fixed_random,0,results_v3_lr0p1,results_v3_lr0p1,small_cnn,sgd,10,128,20000,0.1,0.9,0.0005,cpu,False,False,2,12,169,-0.01870240643620491
fixed_random,0,results_v3_lr0p1,results_v3_lr0p1,small_cnn,sgd,10,128,20000,0.1,0.9,0.0005,cpu,False,False,2,13,170,0.05002123862504959
fixed_random,0,results_v3_lr0p1,results_v3_lr0p1,small_cnn,sgd,10,128,20000,0.1,0.9,0.0005,cpu,False,False,2,14,171,0.3586842119693756
fixed_random,0,results_v3_lr0p1,results_v3_lr0p1,small_cnn,sgd,10,128,20000,0.1,0.9,0.0005,cpu,False,False,2,15,172,0.2087918370962143
fixed_random,0,results_v3_lr0p1,results_v3_lr0p1,small_cnn,sgd,10,128,20000,0.1,0.9,0.0005,cpu,False,False,2,16,173,0.3855944871902466
fixed_random,0,results_v3_lr0p1,results_v3_lr0p1,small_cnn,sgd,10,128,20000,0.1,0.9,0.0005,cpu,False,False,2,17,174,-0.12182383984327316
fixed_random,0,results_v3_lr0p1,results_v3_lr0p1,small_cnn,sgd,10,128,20000,0.1,0.9,0.0005,cpu,False,False,2,18,175,-0.19028140604496002
fixed_random,0,results_v3_lr0p1,results_v3_lr0p1,small_cnn,sgd,10,128,20000,0.1,0.9,0.0005,cpu,False,False,2,19,176,0.31530043482780457
fixed_random,0,results_v3_lr0p1,results_v3_lr0p1,small_cnn,sgd,10,128,20000,0.1,0.9,0.0005,cpu,False,False,2,20,177,0.34421470761299133
fixed_random,0,results_v3_lr0p1,results_v3_lr0p1,small_cnn,sgd,10,128,20000,0.1,0.9,0.0005,cpu,False,False,2,21,178,0.4131695032119751
fixed_random,0,results_v3_lr0p1,results_v3_lr0p1,small_cnn,sgd,10,128,20000,0.1,0.9,0.0005,cpu,False,False,2,22,179,0.09693742543458939
fixed_random,0,results_v3_lr0p1,results_v3_lr0p1,small_cnn,sgd,10,128,20000,0.1,0.9,0.0005,cpu,False,False,2,23,180,0.4186195731163025
fixed_random,0,results_v3_lr0p1,results_v3_lr0p1,small_cnn,sgd,10,128,20000,0.1,0.9,0.0005,cpu,False,False,2,24,181,0.42140430212020874
fixed_random,0,results_v3_lr0p1,results_v3_lr0p1,small_cnn,sgd,10,128,20000,0.1,0.9,0.0005,cpu,False,False,2,25,182,0.31152912974357605
fixed_random,0,results_v3_lr0p1,results_v3_lr0p1,small_cnn,sgd,10,128,20000,0.1,0.9,0.0005,cpu,False,False,2,26,183,0.3278598189353943
fixed_random,0,results_v3_lr0p1,results_v3_lr0p1,small_cnn,sgd,10,128,20000,0.1,0.9,0.0005,cpu,False,False,2,27,184,0.2794927954673767
fixed_random,0,results_v3_lr0p1,results_v3_lr0p1,small_cnn,sgd,10,128,20000,0.1,0.9,0.0005,cpu,False,False,2,28,185,0.3075229525566101
fixed_random,0,results_v3_lr0p1,results_v3_lr0p1,small_cnn,sgd,10,128,20000,0.1,0.9,0.0005,cpu,False,False,2,29,186,0.0660453736782074
fixed_random,0,results_v3_lr0p1,results_v3_lr0p1,small_cnn,sgd,10,128,20000,0.1,0.9,0.0005,cpu,False,False,2,30,187,0.39967599511146545
fixed_random,0,results_v3_lr0p1,results_v3_lr0p1,small_cnn,sgd,10,128,20000,0.1,0.9,0.0005,cpu,False,False,2,31,188,0.4560219645500183
fixed_random,0,results_v3_lr0p1,results_v3_lr0p1,small_cnn,sgd,10,128,20000,0.1,0.9,0.0005,cpu,False,False,2,32,189,0.5000054240226746
fixed_random,0,results_v3_lr0p1,results_v3_lr0p1,small_cnn,sgd,10,128,20000,0.1,0.9,0.0005,cpu,False,False,2,33,190,-0.147322878241539
fixed_random,0,results_v3_lr0p1,results_v3_lr0p1,small_cnn,sgd,10,128,20000,0.1,0.9,0.0005,cpu,False,False,2,34,191,0.3756817877292633
fixed_random,0,results_v3_lr0p1,results_v3_lr0p1,small_cnn,sgd,10,128,20000,0.1,0.9,0.0005,cpu,False,False,2,35,192,0.6171178221702576
fixed_random,0,results_v3_lr0p1,results_v3_lr0p1,small_cnn,sgd,10,128,20000,0.1,0.9,0.0005,cpu,False,False,2,36,193,0.3729255497455597
fixed_random,0,results_v3_lr0p1,results_v3_lr0p1,small_cnn,sgd,10,128,20000,0.1,0.9,0.0005,cpu,False,False,2,37,194,-0.012213410809636116
fixed_random,0,results_v3_lr0p1,results_v3_lr0p1,small_cnn,sgd,10,128,20000,0.1,0.9,0.0005,cpu,False,False,2,38,195,0.22932319343090057
fixed_random,0,results_v3_lr0p1,results_v3_lr0p1,small_cnn,sgd,10,128,20000,0.1,0.9,0.0005,cpu,False,False,2,39,196,0.19163134694099426
fixed_random,0,results_v3_lr0p1,results_v3_lr0p1,small_cnn,sgd,10,128,20000,0.1,0.9,0.0005,cpu,False,False,2,40,197,0.35799476504325867
fixed_random,0,results_v3_lr0p1,results_v3_lr0p1,small_cnn,sgd,10,128,20000,0.1,0.9,0.0005,cpu,False,False,2,41,198,0.4831290543079376
fixed_random,0,results_v3_lr0p1,results_v3_lr0p1,small_cnn,sgd,10,128,20000,0.1,0.9,0.0005,cpu,False,False,2,42,199,0.38686245679855347
fixed_random,0,results_v3_lr0p1,results_v3_lr0p1,small_cnn,sgd,10,128,20000,0.1,0.9,0.0005,cpu,False,False,2,43,200,0.2608707845211029
fixed_random,0,results_v3_lr0p1,results_v3_lr0p1,small_cnn,sgd,10,128,20000,0.1,0.9,0.0005,cpu,False,False,2,44,201,0.3204021155834198
fixed_random,0,results_v3_lr0p1,results_v3_lr0p1,small_cnn,sgd,10,128,20000,0.1,0.9,0.0005,cpu,False,False,2,45,202,0.20089073479175568
fixed_random,0,results_v3_lr0p1,results_v3_lr0p1,small_cnn,sgd,10,128,20000,0.1,0.9,0.0005,cpu,False,False,2,46,203,0.3853175938129425
fixed_random,0,results_v3_lr0p1,results_v3_lr0p1,small_cnn,sgd,10,128,20000,0.1,0.9,0.0005,cpu,False,False,2,47,204,0.6470160484313965
fixed_random,0,results_v3_lr0p1,results_v3_lr0p1,small_cnn,sgd,10,128,20000,0.1,0.9,0.0005,cpu,False,False,2,48,205,0.35819754004478455
fixed_random,0,results_v3_lr0p1,results_v3_lr0p1,small_cnn,sgd,10,128,20000,0.1,0.9,0.0005,cpu,False,False,2,49,206,-0.1138809472322464
fixed_random,0,results_v3_lr0p1,results_v3_lr0p1,small_cnn,sgd,10,128,20000,0.1,0.9,0.0005,cpu,False,False,2,50,207,0.4547310471534729
fixed_random,0,results_v3_lr0p1,results_v3_lr0p1,small_cnn,sgd,10,128,20000,0.1,0.9,0.0005,cpu,False,False,2,51,208,0.6660193204879761
fixed_random,0,results_v3_lr0p1,results_v3_lr0p1,small_cnn,sgd,10,128,20000,0.1,0.9,0.0005,cpu,False,False,2,52,209,0.5300248265266418
fixed_random,0,results_v3_lr0p1,results_v3_lr0p1,small_cnn,sgd,10,128,20000,0.1,0.9,0.0005,cpu,False,False,2,53,210,0.007783779874444008
fixed_random,0,results_v3_lr0p1,results_v3_lr0p1,small_cnn,sgd,10,128,20000,0.1,0.9,0.0005,cpu,False,False,2,54,211,0.014662140980362892
fixed_random,0,results_v3_lr0p1,results_v3_lr0p1,small_cnn,sgd,10,128,20000,0.1,0.9,0.0005,cpu,False,False,2,55,212,0.323957622051239
fixed_random,0,results_v3_lr0p1,results_v3_lr0p1,small_cnn,sgd,10,128,20000,0.1,0.9,0.0005,cpu,False,False,2,56,213,0.21823716163635254
fixed_random,0,results_v3_lr0p1,results_v3_lr0p1,small_cnn,sgd,10,128,20000,0.1,0.9,0.0005,cpu,False,False,2,57,214,0.05924239754676819
fixed_random,0,results_v3_lr0p1,results_v3_lr0p1,small_cnn,sgd,10,128,20000,0.1,0.9,0.0005,cpu,False,False,2,58,215,0.13808153569698334
fixed_random,0,results_v3_lr0p1,results_v3_lr0p1,small_cnn,sgd,10,128,20000,0.1,0.9,0.0005,cpu,False,False,2,59,216,0.3665638864040375
fixed_random,0,results_v3_lr0p1,results_v3_lr0p1,small_cnn,sgd,10,128,20000,0.1,0.9,0.0005,cpu,False,False,2,60,217,0.20326313376426697
fixed_random,0,results_v3_lr0p1,results_v3_lr0p1,small_cnn,sgd,10,128,20000,0.1,0.9,0.0005,cpu,False,False,2,61,218,0.396261602640152
fixed_random,0,results_v3_lr0p1,results_v3_lr0p1,small_cnn,sgd,10,128,20000,0.1,0.9,0.0005,cpu,False,False,2,62,219,0.2861271798610687
fixed_random,0,results_v3_lr0p1,results_v3_lr0p1,small_cnn,sgd,10,128,20000,0.1,0.9,0.0005,cpu,False,False,2,63,220,0.46085983514785767
fixed_random,0,results_v3_lr0p1,results_v3_lr0p1,small_cnn,sgd,10,128,20000,0.1,0.9,0.0005,cpu,False,False,2,64,221,-0.04556117206811905
fixed_random,0,results_v3_lr0p1,results_v3_lr0p1,small_cnn,sgd,10,128,20000,0.1,0.9,0.0005,cpu,False,False,2,65,222,0.43526625633239746
fixed_random,0,results_v3_lr0p1,results_v3_lr0p1,small_cnn,sgd,10,128,20000,0.1,0.9,0.0005,cpu,False,False,2,66,223,0.4370150566101074
fixed_random,0,results_v3_lr0p1,results_v3_lr0p1,small_cnn,sgd,10,128,20000,0.1,0.9,0.0005,cpu,False,False,2,67,224,0.06985071301460266
fixed_random,0,results_v3_lr0p1,results_v3_lr0p1,small_cnn,sgd,10,128,20000,0.1,0.9,0.0005,cpu,False,False,2,68,225,-0.044826313853263855
fixed_random,0,results_v3_lr0p1,results_v3_lr0p1,small_cnn,sgd,10,128,20000,0.1,0.9,0.0005,cpu,False,False,2,69,226,0.1305149495601654
fixed_random,0,results_v3_lr0p1,results_v3_lr0p1,small_cnn,sgd,10,128,20000,0.1,0.9,0.0005,cpu,False,False,2,70,227,-0.06879135966300964
fixed_random,0,results_v3_lr0p1,results_v3_lr0p1,small_cnn,sgd,10,128,20000,0.1,0.9,0.0005,cpu,False,False,2,71,228,0.16893380880355835
fixed_random,0,results_v3_lr0p1,results_v3_lr0p1,small_cnn,sgd,10,128,20000,0.1,0.9,0.0005,cpu,False,False,2,72,229,0.2661694586277008
fixed_random,0,results_v3_lr0p1,results_v3_lr0p1,small_cnn,sgd,10,128,20000,0.1,0.9,0.0005,cpu,False,False,2,73,230,0.3570128381252289
fixed_random,0,results_v3_lr0p1,results_v3_lr0p1,small_cnn,sgd,10,128,20000,0.1,0.9,0.0005,cpu,False,False,2,74,231,0.4642104208469391
fixed_random,0,results_v3_lr0p1,results_v3_lr0p1,small_cnn,sgd,10,128,20000,0.1,0.9,0.0005,cpu,False,False,2,75,232,0.0021593887358903885
fixed_random,0,results_v3_lr0p1,results_v3_lr0p1,small_cnn,sgd,10,128,20000,0.1,0.9,0.0005,cpu,False,False,2,76,233,-0.03968028351664543
fixed_random,0,results_v3_lr0p1,results_v3_lr0p1,small_cnn,sgd,10,128,20000,0.1,0.9,0.0005,cpu,False,False,2,77,234,0.40796470642089844
fixed_random,0,results_v3_lr0p1,results_v3_lr0p1,small_cnn,sgd,10,128,20000,0.1,0.9,0.0005,cpu,False,False,2,78,235,0.47302505373954773
fixed_random,0,results_v3_lr0p1,results_v3_lr0p1,small_cnn,sgd,10,128,20000,0.1,0.9,0.0005,cpu,False,False,2,79,236,0.5510919690132141
fixed_random,0,results_v3_lr0p1,results_v3_lr0p1,small_cnn,sgd,10,128,20000,0.1,0.9,0.0005,cpu,False,False,2,80,237,0.3294977843761444
fixed_random,0,results_v3_lr0p1,results_v3_lr0p1,small_cnn,sgd,10,128,20000,0.1,0.9,0.0005,cpu,False,False,2,81,238,0.049238696694374084
fixed_random,0,results_v3_lr0p1,results_v3_lr0p1,small_cnn,sgd,10,128,20000,0.1,0.9,0.0005,cpu,False,False,2,82,239,0.004655160941183567
fixed_random,0,results_v3_lr0p1,results_v3_lr0p1,small_cnn,sgd,10,128,20000,0.1,0.9,0.0005,cpu,False,False,2,83,240,0.6429594159126282
fixed_random,0,results_v3_lr0p1,results_v3_lr0p1,small_cnn,sgd,10,128,20000,0.1,0.9,0.0005,cpu,False,False,2,84,241,0.3757500648498535
fixed_random,0,results_v3_lr0p1,results_v3_lr0p1,small_cnn,sgd,10,128,20000,0.1,0.9,0.0005,cpu,False,False,2,85,242,0.01084917038679123
fixed_random,0,results_v3_lr0p1,results_v3_lr0p1,small_cnn,sgd,10,128,20000,0.1,0.9,0.0005,cpu,False,False,2,86,243,0.020884176716208458
fixed_random,0,results_v3_lr0p1,results_v3_lr0p1,small_cnn,sgd,10,128,20000,0.1,0.9,0.0005,cpu,False,False,2,87,244,0.614277184009552
fixed_random,0,results_v3_lr0p1,results_v3_lr0p1,small_cnn,sgd,10,128,20000,0.1,0.9,0.0005,cpu,False,False,2,88,245,0.31143295764923096
fixed_random,0,results_v3_lr0p1,results_v3_lr0p1,small_cnn,sgd,10,128,20000,0.1,0.9,0.0005,cpu,False,False,2,89,246,0.18473568558692932
fixed_random,0,results_v3_lr0p1,results_v3_lr0p1,small_cnn,sgd,10,128,20000,0.1,0.9,0.0005,cpu,False,False,2,90,247,0.3208162188529968
fixed_random,0,results_v3_lr0p1,results_v3_lr0p1,small_cnn,sgd,10,128,20000,0.1,0.9,0.0005,cpu,False,False,2,91,248,0.37968870997428894
fixed_random,0,results_v3_lr0p1,results_v3_lr0p1,small_cnn,sgd,10,128,20000,0.1,0.9,0.0005,cpu,False,False,2,92,249,-0.30100691318511963
fixed_random,0,results_v3_lr0p1,results_v3_lr0p1,small_cnn,sgd,10,128,20000,0.1,0.9,0.0005,cpu,False,False,2,93,250,0.2787698805332184
fixed_random,0,results_v3_lr0p1,results_v3_lr0p1,small_cnn,sgd,10,128,20000,0.1,0.9,0.0005,cpu,False,False,2,94,251,0.2812342643737793
fixed_random,0,results_v3_lr0p1,results_v3_lr0p1,small_cnn,sgd,10,128,20000,0.1,0.9,0.0005,cpu,False,False,2,95,252,0.273120254278183
fixed_random,0,results_v3_lr0p1,results_v3_lr0p1,small_cnn,sgd,10,128,20000,0.1,0.9,0.0005,cpu,False,False,2,96,253,0.4669445753097534
fixed_random,0,results_v3_lr0p1,results_v3_lr0p1,small_cnn,sgd,10,128,20000,0.1,0.9,0.0005,cpu,False,False,2,97,254,0.014863306656479836
fixed_random,0,results_v3_lr0p1,results_v3_lr0p1,small_cnn,sgd,10,128,20000,0.1,0.9,0.0005,cpu,False,False,2,98,255,-0.34499385952949524
fixed_random,0,results_v3_lr0p1,results_v3_lr0p1,small_cnn,sgd,10,128,20000,0.1,0.9,0.0005,cpu,False,False,2,99,256,-0.07526049017906189
fixed_random,0,results_v3_lr0p1,results_v3_lr0p1,small_cnn,sgd,10,128,20000,0.1,0.9,0.0005,cpu,False,False,2,100,257,-0.08680867403745651
fixed_random,0,results_v3_lr0p1,results_v3_lr0p1,small_cnn,sgd,10,128,20000,0.1,0.9,0.0005,cpu,False,False,2,101,258,0.22106611728668213
fixed_random,0,results_v3_lr0p1,results_v3_lr0p1,small_cnn,sgd,10,128,20000,0.1,0.9,0.0005,cpu,False,False,2,102,259,0.2173452228307724
fixed_random,0,results_v3_lr0p1,results_v3_lr0p1,small_cnn,sgd,10,128,20000,0.1,0.9,0.0005,cpu,False,False,2,103,260,0.33642736077308655
fixed_random,0,results_v3_lr0p1,results_v3_lr0p1,small_cnn,sgd,10,128,20000,0.1,0.9,0.0005,cpu,False,False,2,104,261,0.34343835711479187
fixed_random,0,results_v3_lr0p1,results_v3_lr0p1,small_cnn,sgd,10,128,20000,0.1,0.9,0.0005,cpu,False,False,2,105,262,0.29180803894996643
fixed_random,0,results_v3_lr0p1,results_v3_lr0p1,small_cnn,sgd,10,128,20000,0.1,0.9,0.0005,cpu,False,False,2,106,263,0.1406228393316269
fixed_random,0,results_v3_lr0p1,results_v3_lr0p1,small_cnn,sgd,10,128,20000,0.1,0.9,0.0005,cpu,False,False,2,107,264,0.26640620827674866
fixed_random,0,results_v3_lr0p1,results_v3_lr0p1,small_cnn,sgd,10,128,20000,0.1,0.9,0.0005,cpu,False,False,2,108,265,0.2871254086494446
fixed_random,0,results_v3_lr0p1,results_v3_lr0p1,small_cnn,sgd,10,128,20000,0.1,0.9,0.0005,cpu,False,False,2,109,266,0.4475626051425934
fixed_random,0,results_v3_lr0p1,results_v3_lr0p1,small_cnn,sgd,10,128,20000,0.1,0.9,0.0005,cpu,False,False,2,110,267,0.07461050152778625
fixed_random,0,results_v3_lr0p1,results_v3_lr0p1,small_cnn,sgd,10,128,20000,0.1,0.9,0.0005,cpu,False,False,2,111,268,0.15981362760066986
fixed_random,0,results_v3_lr0p1,results_v3_lr0p1,small_cnn,sgd,10,128,20000,0.1,0.9,0.0005,cpu,False,False,2,112,269,0.20778517425060272
fixed_random,0,results_v3_lr0p1,results_v3_lr0p1,small_cnn,sgd,10,128,20000,0.1,0.9,0.0005,cpu,False,False,2,113,270,0.4064367115497589
fixed_random,0,results_v3_lr0p1,results_v3_lr0p1,small_cnn,sgd,10,128,20000,0.1,0.9,0.0005,cpu,False,False,2,114,271,0.03874329850077629
fixed_random,0,results_v3_lr0p1,results_v3_lr0p1,small_cnn,sgd,10,128,20000,0.1,0.9,0.0005,cpu,False,False,2,115,272,0.39493077993392944
fixed_random,0,results_v3_lr0p1,results_v3_lr0p1,small_cnn,sgd,10,128,20000,0.1,0.9,0.0005,cpu,False,False,2,116,273,0.03849285840988159
fixed_random,0,results_v3_lr0p1,results_v3_lr0p1,small_cnn,sgd,10,128,20000,0.1,0.9,0.0005,cpu,False,False,2,117,274,0.39183929562568665
fixed_random,0,results_v3_lr0p1,results_v3_lr0p1,small_cnn,sgd,10,128,20000,0.1,0.9,0.0005,cpu,False,False,2,118,275,0.45314860343933105
fixed_random,0,results_v3_lr0p1,results_v3_lr0p1,small_cnn,sgd,10,128,20000,0.1,0.9,0.0005,cpu,False,False,2,119,276,-0.05056212842464447
fixed_random,0,results_v3_lr0p1,results_v3_lr0p1,small_cnn,sgd,10,128,20000,0.1,0.9,0.0005,cpu,False,False,2,120,277,0.017882760614156723
fixed_random,0,results_v3_lr0p1,results_v3_lr0p1,small_cnn,sgd,10,128,20000,0.1,0.9,0.0005,cpu,False,False,2,121,278,0.44304609298706055
fixed_random,0,results_v3_lr0p1,results_v3_lr0p1,small_cnn,sgd,10,128,20000,0.1,0.9,0.0005,cpu,False,False,2,122,279,0.44050657749176025
fixed_random,0,results_v3_lr0p1,results_v3_lr0p1,small_cnn,sgd,10,128,20000,0.1,0.9,0.0005,cpu,False,False,2,123,280,0.39987707138061523
fixed_random,0,results_v3_lr0p1,results_v3_lr0p1,small_cnn,sgd,10,128,20000,0.1,0.9,0.0005,cpu,False,False,2,124,281,-0.1698867827653885
fixed_random,0,results_v3_lr0p1,results_v3_lr0p1,small_cnn,sgd,10,128,20000,0.1,0.9,0.0005,cpu,False,False,2,125,282,0.29022216796875
fixed_random,0,results_v3_lr0p1,results_v3_lr0p1,small_cnn,sgd,10,128,20000,0.1,0.9,0.0005,cpu,False,False,2,126,283,0.298283189535141
fixed_random,0,results_v3_lr0p1,results_v3_lr0p1,small_cnn,sgd,10,128,20000,0.1,0.9,0.0005,cpu,False,False,2,127,284,0.030142439529299736
fixed_random,0,results_v3_lr0p1,results_v3_lr0p1,small_cnn,sgd,10,128,20000,0.1,0.9,0.0005,cpu,False,False,2,128,285,-0.09219612181186676
fixed_random,0,results_v3_lr0p1,results_v3_lr0p1,small_cnn,sgd,10,128,20000,0.1,0.9,0.0005,cpu,False,False,2,129,286,0.2411135584115982
fixed_random,0,results_v3_lr0p1,results_v3_lr0p1,small_cnn,sgd,10,128,20000,0.1,0.9,0.0005,cpu,False,False,2,130,287,0.35415399074554443
fixed_random,0,results_v3_lr0p1,results_v3_lr0p1,small_cnn,sgd,10,128,20000,0.1,0.9,0.0005,cpu,False,False,2,131,288,0.045574575662612915
fixed_random,0,results_v3_lr0p1,results_v3_lr0p1,small_cnn,sgd,10,128,20000,0.1,0.9,0.0005,cpu,False,False,2,132,289,-0.04770411178469658
fixed_random,0,results_v3_lr0p1,results_v3_lr0p1,small_cnn,sgd,10,128,20000,0.1,0.9,0.0005,cpu,False,False,2,133,290,0.4022982120513916
fixed_random,0,results_v3_lr0p1,results_v3_lr0p1,small_cnn,sgd,10,128,20000,0.1,0.9,0.0005,cpu,False,False,2,134,291,0.47815531492233276
fixed_random,0,results_v3_lr0p1,results_v3_lr0p1,small_cnn,sgd,10,128,20000,0.1,0.9,0.0005,cpu,False,False,2,135,292,-0.6032018661499023
fixed_random,0,results_v3_lr0p1,results_v3_lr0p1,small_cnn,sgd,10,128,20000,0.1,0.9,0.0005,cpu,False,False,2,136,293,0.7138406038284302
fixed_random,0,results_v3_lr0p1,results_v3_lr0p1,small_cnn,sgd,10,128,20000,0.1,0.9,0.0005,cpu,False,False,2,137,294,0.6324597597122192
fixed_random,0,results_v3_lr0p1,results_v3_lr0p1,small_cnn,sgd,10,128,20000,0.1,0.9,0.0005,cpu,False,False,2,138,295,-0.16648992896080017
fixed_random,0,results_v3_lr0p1,results_v3_lr0p1,small_cnn,sgd,10,128,20000,0.1,0.9,0.0005,cpu,False,False,2,139,296,0.4672715961933136
fixed_random,0,results_v3_lr0p1,results_v3_lr0p1,small_cnn,sgd,10,128,20000,0.1,0.9,0.0005,cpu,False,False,2,140,297,0.057217929512262344
fixed_random,0,results_v3_lr0p1,results_v3_lr0p1,small_cnn,sgd,10,128,20000,0.1,0.9,0.0005,cpu,False,False,2,141,298,0.15909023582935333
fixed_random,0,results_v3_lr0p1,results_v3_lr0p1,small_cnn,sgd,10,128,20000,0.1,0.9,0.0005,cpu,False,False,2,142,299,0.4889847934246063
fixed_random,0,results_v3_lr0p1,results_v3_lr0p1,small_cnn,sgd,10,128,20000,0.1,0.9,0.0005,cpu,False,False,2,143,300,-0.032634083181619644
fixed_random,0,results_v3_lr0p1,results_v3_lr0p1,small_cnn,sgd,10,128,20000,0.1,0.9,0.0005,cpu,False,False,2,144,301,0.027682000771164894
fixed_random,0,results_v3_lr0p1,results_v3_lr0p1,small_cnn,sgd,10,128,20000,0.1,0.9,0.0005,cpu,False,False,2,145,302,-0.1291365772485733
fixed_random,0,results_v3_lr0p1,results_v3_lr0p1,small_cnn,sgd,10,128,20000,0.1,0.9,0.0005,cpu,False,False,2,146,303,0.01953054964542389
fixed_random,0,results_v3_lr0p1,results_v3_lr0p1,small_cnn,sgd,10,128,20000,0.1,0.9,0.0005,cpu,False,False,2,147,304,0.2508707344532013
fixed_random,0,results_v3_lr0p1,results_v3_lr0p1,small_cnn,sgd,10,128,20000,0.1,0.9,0.0005,cpu,False,False,2,148,305,0.3678876757621765
fixed_random,0,results_v3_lr0p1,results_v3_lr0p1,small_cnn,sgd,10,128,20000,0.1,0.9,0.0005,cpu,False,False,2,149,306,0.37478476762771606
fixed_random,0,results_v3_lr0p1,results_v3_lr0p1,small_cnn,sgd,10,128,20000,0.1,0.9,0.0005,cpu,False,False,2,150,307,0.29292774200439453
fixed_random,0,results_v3_lr0p1,results_v3_lr0p1,small_cnn,sgd,10,128,20000,0.1,0.9,0.0005,cpu,False,False,2,151,308,-0.04158038645982742
fixed_random,0,results_v3_lr0p1,results_v3_lr0p1,small_cnn,sgd,10,128,20000,0.1,0.9,0.0005,cpu,False,False,2,152,309,0.005595809314399958
fixed_random,0,results_v3_lr0p1,results_v3_lr0p1,small_cnn,sgd,10,128,20000,0.1,0.9,0.0005,cpu,False,False,2,153,310,0.296673059463501
fixed_random,0,results_v3_lr0p1,results_v3_lr0p1,small_cnn,sgd,10,128,20000,0.1,0.9,0.0005,cpu,False,False,2,154,311,0.32879263162612915
fixed_random,0,results_v3_lr0p1,results_v3_lr0p1,small_cnn,sgd,10,128,20000,0.1,0.9,0.0005,cpu,False,False,2,155,312,0.48524588346481323
fixed_random,0,results_v3_lr0p1,results_v3_lr0p1,small_cnn,sgd,10,128,20000,0.1,0.9,0.0005,cpu,False,False,2,156,313,0.21833282709121704
fixed_random,0,results_v3_lr0p1,results_v3_lr0p1,small_cnn,sgd,10,128,20000,0.1,0.9,0.0005,cpu,False,False,2,157,314,0.2356271743774414
fixed_random,0,results_v3_lr0p1,results_v3_lr0p1,small_cnn,sgd,10,128,20000,0.1,0.9,0.0005,cpu,False,False,3,1,315,-0.1742725968360901
fixed_random,0,results_v3_lr0p1,results_v3_lr0p1,small_cnn,sgd,10,128,20000,0.1,0.9,0.0005,cpu,False,False,3,2,316,0.4327527582645416
fixed_random,0,results_v3_lr0p1,results_v3_lr0p1,small_cnn,sgd,10,128,20000,0.1,0.9,0.0005,cpu,False,False,3,3,317,0.45512405037879944
fixed_random,0,results_v3_lr0p1,results_v3_lr0p1,small_cnn,sgd,10,128,20000,0.1,0.9,0.0005,cpu,False,False,3,4,318,-0.0468333475291729
fixed_random,0,results_v3_lr0p1,results_v3_lr0p1,small_cnn,sgd,10,128,20000,0.1,0.9,0.0005,cpu,False,False,3,5,319,0.33615952730178833
fixed_random,0,results_v3_lr0p1,results_v3_lr0p1,small_cnn,sgd,10,128,20000,0.1,0.9,0.0005,cpu,False,False,3,6,320,-0.1566191166639328
fixed_random,0,results_v3_lr0p1,results_v3_lr0p1,small_cnn,sgd,10,128,20000,0.1,0.9,0.0005,cpu,False,False,3,7,321,-0.037670478224754333
fixed_random,0,results_v3_lr0p1,results_v3_lr0p1,small_cnn,sgd,10,128,20000,0.1,0.9,0.0005,cpu,False,False,3,8,322,0.3454160690307617
fixed_random,0,results_v3_lr0p1,results_v3_lr0p1,small_cnn,sgd,10,128,20000,0.1,0.9,0.0005,cpu,False,False,3,9,323,0.10157250612974167
fixed_random,0,results_v3_lr0p1,results_v3_lr0p1,small_cnn,sgd,10,128,20000,0.1,0.9,0.0005,cpu,False,False,3,10,324,-0.0829848125576973
fixed_random,0,results_v3_lr0p1,results_v3_lr0p1,small_cnn,sgd,10,128,20000,0.1,0.9,0.0005,cpu,False,False,3,11,325,-0.0005390490405261517
fixed_random,0,results_v3_lr0p1,results_v3_lr0p1,small_cnn,sgd,10,128,20000,0.1,0.9,0.0005,cpu,False,False,3,12,326,0.1251506507396698
fixed_random,0,results_v3_lr0p1,results_v3_lr0p1,small_cnn,sgd,10,128,20000,0.1,0.9,0.0005,cpu,False,False,3,13,327,0.13369189202785492
fixed_random,0,results_v3_lr0p1,results_v3_lr0p1,small_cnn,sgd,10,128,20000,0.1,0.9,0.0005,cpu,False,False,3,14,328,0.38999807834625244
fixed_random,0,results_v3_lr0p1,results_v3_lr0p1,small_cnn,sgd,10,128,20000,0.1,0.9,0.0005,cpu,False,False,3,15,329,0.3985297381877899
fixed_random,0,results_v3_lr0p1,results_v3_lr0p1,small_cnn,sgd,10,128,20000,0.1,0.9,0.0005,cpu,False,False,3,16,330,0.45033350586891174
fixed_random,0,results_v3_lr0p1,results_v3_lr0p1,small_cnn,sgd,10,128,20000,0.1,0.9,0.0005,cpu,False,False,3,17,331,-0.06909281760454178
fixed_random,0,results_v3_lr0p1,results_v3_lr0p1,small_cnn,sgd,10,128,20000,0.1,0.9,0.0005,cpu,False,False,3,18,332,0.09828468412160873
fixed_random,0,results_v3_lr0p1,results_v3_lr0p1,small_cnn,sgd,10,128,20000,0.1,0.9,0.0005,cpu,False,False,3,19,333,0.2968715727329254
fixed_random,0,results_v3_lr0p1,results_v3_lr0p1,small_cnn,sgd,10,128,20000,0.1,0.9,0.0005,cpu,False,False,3,20,334,0.4024689197540283
fixed_random,0,results_v3_lr0p1,results_v3_lr0p1,small_cnn,sgd,10,128,20000,0.1,0.9,0.0005,cpu,False,False,3,21,335,-0.011002173647284508
fixed_random,0,results_v3_lr0p1,results_v3_lr0p1,small_cnn,sgd,10,128,20000,0.1,0.9,0.0005,cpu,False,False,3,22,336,0.056211188435554504
fixed_random,0,results_v3_lr0p1,results_v3_lr0p1,small_cnn,sgd,10,128,20000,0.1,0.9,0.0005,cpu,False,False,3,23,337,0.3270787000656128
fixed_random,0,results_v3_lr0p1,results_v3_lr0p1,small_cnn,sgd,10,128,20000,0.1,0.9,0.0005,cpu,False,False,3,24,338,0.058467429131269455
fixed_random,0,results_v3_lr0p1,results_v3_lr0p1,small_cnn,sgd,10,128,20000,0.1,0.9,0.0005,cpu,False,False,3,25,339,0.3089653551578522
fixed_random,0,results_v3_lr0p1,results_v3_lr0p1,small_cnn,sgd,10,128,20000,0.1,0.9,0.0005,cpu,False,False,3,26,340,0.46491381525993347
fixed_random,0,results_v3_lr0p1,results_v3_lr0p1,small_cnn,sgd,10,128,20000,0.1,0.9,0.0005,cpu,False,False,3,27,341,-0.2702142894268036
fixed_random,0,results_v3_lr0p1,results_v3_lr0p1,small_cnn,sgd,10,128,20000,0.1,0.9,0.0005,cpu,False,False,3,28,342,0.3760307729244232
fixed_random,0,results_v3_lr0p1,results_v3_lr0p1,small_cnn,sgd,10,128,20000,0.1,0.9,0.0005,cpu,False,False,3,29,343,0.23547641932964325
fixed_random,0,results_v3_lr0p1,results_v3_lr0p1,small_cnn,sgd,10,128,20000,0.1,0.9,0.0005,cpu,False,False,3,30,344,-0.043496739119291306
fixed_random,0,results_v3_lr0p1,results_v3_lr0p1,small_cnn,sgd,10,128,20000,0.1,0.9,0.0005,cpu,False,False,3,31,345,-0.06288135796785355
fixed_random,0,results_v3_lr0p1,results_v3_lr0p1,small_cnn,sgd,10,128,20000,0.1,0.9,0.0005,cpu,False,False,3,32,346,0.18425127863883972
fixed_random,0,results_v3_lr0p1,results_v3_lr0p1,small_cnn,sgd,10,128,20000,0.1,0.9,0.0005,cpu,False,False,3,33,347,-0.24542172253131866
fixed_random,0,results_v3_lr0p1,results_v3_lr0p1,small_cnn,sgd,10,128,20000,0.1,0.9,0.0005,cpu,False,False,3,34,348,-0.01312166452407837
fixed_random,0,results_v3_lr0p1,results_v3_lr0p1,small_cnn,sgd,10,128,20000,0.1,0.9,0.0005,cpu,False,False,3,35,349,0.3897224962711334
fixed_random,0,results_v3_lr0p1,results_v3_lr0p1,small_cnn,sgd,10,128,20000,0.1,0.9,0.0005,cpu,False,False,3,36,350,-0.10034915059804916
fixed_random,0,results_v3_lr0p1,results_v3_lr0p1,small_cnn,sgd,10,128,20000,0.1,0.9,0.0005,cpu,False,False,3,37,351,-0.049160368740558624
fixed_random,0,results_v3_lr0p1,results_v3_lr0p1,small_cnn,sgd,10,128,20000,0.1,0.9,0.0005,cpu,False,False,3,38,352,0.4817902445793152
fixed_random,0,results_v3_lr0p1,results_v3_lr0p1,small_cnn,sgd,10,128,20000,0.1,0.9,0.0005,cpu,False,False,3,39,353,0.04558493569493294
fixed_random,0,results_v3_lr0p1,results_v3_lr0p1,small_cnn,sgd,10,128,20000,0.1,0.9,0.0005,cpu,False,False,3,40,354,0.11972721666097641
fixed_random,0,results_v3_lr0p1,results_v3_lr0p1,small_cnn,sgd,10,128,20000,0.1,0.9,0.0005,cpu,False,False,3,41,355,-0.14732982218265533
fixed_random,0,results_v3_lr0p1,results_v3_lr0p1,small_cnn,sgd,10,128,20000,0.1,0.9,0.0005,cpu,False,False,3,42,356,0.2831023931503296
fixed_random,0,results_v3_lr0p1,results_v3_lr0p1,small_cnn,sgd,10,128,20000,0.1,0.9,0.0005,cpu,False,False,3,43,357,0.24976997077465057
fixed_random,0,results_v3_lr0p1,results_v3_lr0p1,small_cnn,sgd,10,128,20000,0.1,0.9,0.0005,cpu,False,False,3,44,358,0.35124334692955017
fixed_random,0,results_v3_lr0p1,results_v3_lr0p1,small_cnn,sgd,10,128,20000,0.1,0.9,0.0005,cpu,False,False,3,45,359,0.18005894124507904
fixed_random,0,results_v3_lr0p1,results_v3_lr0p1,small_cnn,sgd,10,128,20000,0.1,0.9,0.0005,cpu,False,False,3,46,360,0.08554515242576599
fixed_random,0,results_v3_lr0p1,results_v3_lr0p1,small_cnn,sgd,10,128,20000,0.1,0.9,0.0005,cpu,False,False,3,47,361,0.5147229433059692
fixed_random,0,results_v3_lr0p1,results_v3_lr0p1,small_cnn,sgd,10,128,20000,0.1,0.9,0.0005,cpu,False,False,3,48,362,0.4858185052871704
fixed_random,0,results_v3_lr0p1,results_v3_lr0p1,small_cnn,sgd,10,128,20000,0.1,0.9,0.0005,cpu,False,False,3,49,363,-0.03635178506374359
fixed_random,0,results_v3_lr0p1,results_v3_lr0p1,small_cnn,sgd,10,128,20000,0.1,0.9,0.0005,cpu,False,False,3,50,364,0.463230699300766
fixed_random,0,results_v3_lr0p1,results_v3_lr0p1,small_cnn,sgd,10,128,20000,0.1,0.9,0.0005,cpu,False,False,3,51,365,0.5033829212188721
fixed_random,0,results_v3_lr0p1,results_v3_lr0p1,small_cnn,sgd,10,128,20000,0.1,0.9,0.0005,cpu,False,False,3,52,366,0.48100075125694275
fixed_random,0,results_v3_lr0p1,results_v3_lr0p1,small_cnn,sgd,10,128,20000,0.1,0.9,0.0005,cpu,False,False,3,53,367,0.264697790145874
fixed_random,0,results_v3_lr0p1,results_v3_lr0p1,small_cnn,sgd,10,128,20000,0.1,0.9,0.0005,cpu,False,False,3,54,368,0.09003165364265442
fixed_random,0,results_v3_lr0p1,results_v3_lr0p1,small_cnn,sgd,10,128,20000,0.1,0.9,0.0005,cpu,False,False,3,55,369,0.39819857478141785
fixed_random,0,results_v3_lr0p1,results_v3_lr0p1,small_cnn,sgd,10,128,20000,0.1,0.9,0.0005,cpu,False,False,3,56,370,0.24920032918453217
fixed_random,0,results_v3_lr0p1,results_v3_lr0p1,small_cnn,sgd,10,128,20000,0.1,0.9,0.0005,cpu,False,False,3,57,371,0.10329324007034302
fixed_random,0,results_v3_lr0p1,results_v3_lr0p1,small_cnn,sgd,10,128,20000,0.1,0.9,0.0005,cpu,False,False,3,58,372,0.23924869298934937
fixed_random,0,results_v3_lr0p1,results_v3_lr0p1,small_cnn,sgd,10,128,20000,0.1,0.9,0.0005,cpu,False,False,3,59,373,0.34477996826171875
fixed_random,0,results_v3_lr0p1,results_v3_lr0p1,small_cnn,sgd,10,128,20000,0.1,0.9,0.0005,cpu,False,False,3,60,374,0.09383831173181534
fixed_random,0,results_v3_lr0p1,results_v3_lr0p1,small_cnn,sgd,10,128,20000,0.1,0.9,0.0005,cpu,False,False,3,61,375,0.3124579191207886
fixed_random,0,results_v3_lr0p1,results_v3_lr0p1,small_cnn,sgd,10,128,20000,0.1,0.9,0.0005,cpu,False,False,3,62,376,0.48281562328338623
fixed_random,0,results_v3_lr0p1,results_v3_lr0p1,small_cnn,sgd,10,128,20000,0.1,0.9,0.0005,cpu,False,False,3,63,377,0.5106903314590454
fixed_random,0,results_v3_lr0p1,results_v3_lr0p1,small_cnn,sgd,10,128,20000,0.1,0.9,0.0005,cpu,False,False,3,64,378,0.11473129689693451
fixed_random,0,results_v3_lr0p1,results_v3_lr0p1,small_cnn,sgd,10,128,20000,0.1,0.9,0.0005,cpu,False,False,3,65,379,0.12731462717056274
fixed_random,0,results_v3_lr0p1,results_v3_lr0p1,small_cnn,sgd,10,128,20000,0.1,0.9,0.0005,cpu,False,False,3,66,380,0.5208834409713745
fixed_random,0,results_v3_lr0p1,results_v3_lr0p1,small_cnn,sgd,10,128,20000,0.1,0.9,0.0005,cpu,False,False,3,67,381,0.3367277681827545
fixed_random,0,results_v3_lr0p1,results_v3_lr0p1,small_cnn,sgd,10,128,20000,0.1,0.9,0.0005,cpu,False,False,3,68,382,0.08943548798561096
fixed_random,0,results_v3_lr0p1,results_v3_lr0p1,small_cnn,sgd,10,128,20000,0.1,0.9,0.0005,cpu,False,False,3,69,383,0.04523076117038727
fixed_random,0,results_v3_lr0p1,results_v3_lr0p1,small_cnn,sgd,10,128,20000,0.1,0.9,0.0005,cpu,False,False,3,70,384,-0.0008290568366646767
fixed_random,0,results_v3_lr0p1,results_v3_lr0p1,small_cnn,sgd,10,128,20000,0.1,0.9,0.0005,cpu,False,False,3,71,385,0.10823507606983185
fixed_random,0,results_v3_lr0p1,results_v3_lr0p1,small_cnn,sgd,10,128,20000,0.1,0.9,0.0005,cpu,False,False,3,72,386,0.2398635596036911
fixed_random,0,results_v3_lr0p1,results_v3_lr0p1,small_cnn,sgd,10,128,20000,0.1,0.9,0.0005,cpu,False,False,3,73,387,0.4011334478855133
fixed_random,0,results_v3_lr0p1,results_v3_lr0p1,small_cnn,sgd,10,128,20000,0.1,0.9,0.0005,cpu,False,False,3,74,388,0.42667266726493835
fixed_random,0,results_v3_lr0p1,results_v3_lr0p1,small_cnn,sgd,10,128,20000,0.1,0.9,0.0005,cpu,False,False,3,75,389,-0.10977331548929214
fixed_random,0,results_v3_lr0p1,results_v3_lr0p1,small_cnn,sgd,10,128,20000,0.1,0.9,0.0005,cpu,False,False,3,76,390,-0.05304982513189316
fixed_random,0,results_v3_lr0p1,results_v3_lr0p1,small_cnn,sgd,10,128,20000,0.1,0.9,0.0005,cpu,False,False,3,77,391,0.14666612446308136
fixed_random,0,results_v3_lr0p1,results_v3_lr0p1,small_cnn,sgd,10,128,20000,0.1,0.9,0.0005,cpu,False,False,3,78,392,0.6138601899147034
fixed_random,0,results_v3_lr0p1,results_v3_lr0p1,small_cnn,sgd,10,128,20000,0.1,0.9,0.0005,cpu,False,False,3,79,393,0.5471538305282593
fixed_random,0,results_v3_lr0p1,results_v3_lr0p1,small_cnn,sgd,10,128,20000,0.1,0.9,0.0005,cpu,False,False,3,80,394,0.2504662275314331
fixed_random,0,results_v3_lr0p1,results_v3_lr0p1,small_cnn,sgd,10,128,20000,0.1,0.9,0.0005,cpu,False,False,3,81,395,0.00048116128891706467
fixed_random,0,results_v3_lr0p1,results_v3_lr0p1,small_cnn,sgd,10,128,20000,0.1,0.9,0.0005,cpu,False,False,3,82,396,-0.19987237453460693
fixed_random,0,results_v3_lr0p1,results_v3_lr0p1,small_cnn,sgd,10,128,20000,0.1,0.9,0.0005,cpu,False,False,3,83,397,0.5015106201171875
fixed_random,0,results_v3_lr0p1,results_v3_lr0p1,small_cnn,sgd,10,128,20000,0.1,0.9,0.0005,cpu,False,False,3,84,398,0.22152650356292725
fixed_random,0,results_v3_lr0p1,results_v3_lr0p1,small_cnn,sgd,10,128,20000,0.1,0.9,0.0005,cpu,False,False,3,85,399,0.29034310579299927
fixed_random,0,results_v3_lr0p1,results_v3_lr0p1,small_cnn,sgd,10,128,20000,0.1,0.9,0.0005,cpu,False,False,3,86,400,-0.09558683633804321
fixed_random,0,results_v3_lr0p1,results_v3_lr0p1,small_cnn,sgd,10,128,20000,0.1,0.9,0.0005,cpu,False,False,3,87,401,0.4629333019256592
fixed_random,0,results_v3_lr0p1,results_v3_lr0p1,small_cnn,sgd,10,128,20000,0.1,0.9,0.0005,cpu,False,False,3,88,402,0.24398097395896912
fixed_random,0,results_v3_lr0p1,results_v3_lr0p1,small_cnn,sgd,10,128,20000,0.1,0.9,0.0005,cpu,False,False,3,89,403,0.005483355838805437
fixed_random,0,results_v3_lr0p1,results_v3_lr0p1,small_cnn,sgd,10,128,20000,0.1,0.9,0.0005,cpu,False,False,3,90,404,-0.13806071877479553
fixed_random,0,results_v3_lr0p1,results_v3_lr0p1,small_cnn,sgd,10,128,20000,0.1,0.9,0.0005,cpu,False,False,3,91,405,0.384580135345459
fixed_random,0,results_v3_lr0p1,results_v3_lr0p1,small_cnn,sgd,10,128,20000,0.1,0.9,0.0005,cpu,False,False,3,92,406,-0.19739298522472382
fixed_random,0,results_v3_lr0p1,results_v3_lr0p1,small_cnn,sgd,10,128,20000,0.1,0.9,0.0005,cpu,False,False,3,93,407,0.2530314028263092
fixed_random,0,results_v3_lr0p1,results_v3_lr0p1,small_cnn,sgd,10,128,20000,0.1,0.9,0.0005,cpu,False,False,3,94,408,0.05641595274209976
fixed_random,0,results_v3_lr0p1,results_v3_lr0p1,small_cnn,sgd,10,128,20000,0.1,0.9,0.0005,cpu,False,False,3,95,409,0.1344679594039917
fixed_random,0,results_v3_lr0p1,results_v3_lr0p1,small_cnn,sgd,10,128,20000,0.1,0.9,0.0005,cpu,False,False,3,96,410,0.31643563508987427
fixed_random,0,results_v3_lr0p1,results_v3_lr0p1,small_cnn,sgd,10,128,20000,0.1,0.9,0.0005,cpu,False,False,3,97,411,0.14935465157032013
fixed_random,0,results_v3_lr0p1,results_v3_lr0p1,small_cnn,sgd,10,128,20000,0.1,0.9,0.0005,cpu,False,False,3,98,412,0.11285953223705292
fixed_random,0,results_v3_lr0p1,results_v3_lr0p1,small_cnn,sgd,10,128,20000,0.1,0.9,0.0005,cpu,False,False,3,99,413,-0.03638432174921036
fixed_random,0,results_v3_lr0p1,results_v3_lr0p1,small_cnn,sgd,10,128,20000,0.1,0.9,0.0005,cpu,False,False,3,100,414,0.0068197729997336864
fixed_random,0,results_v3_lr0p1,results_v3_lr0p1,small_cnn,sgd,10,128,20000,0.1,0.9,0.0005,cpu,False,False,3,101,415,0.23174172639846802
fixed_random,0,results_v3_lr0p1,results_v3_lr0p1,small_cnn,sgd,10,128,20000,0.1,0.9,0.0005,cpu,False,False,3,102,416,-0.09301834553480148
fixed_random,0,results_v3_lr0p1,results_v3_lr0p1,small_cnn,sgd,10,128,20000,0.1,0.9,0.0005,cpu,False,False,3,103,417,0.42703336477279663
fixed_random,0,results_v3_lr0p1,results_v3_lr0p1,small_cnn,sgd,10,128,20000,0.1,0.9,0.0005,cpu,False,False,3,104,418,0.5305663347244263
fixed_random,0,results_v3_lr0p1,results_v3_lr0p1,small_cnn,sgd,10,128,20000,0.1,0.9,0.0005,cpu,False,False,3,105,419,0.35882893204689026
fixed_random,0,results_v3_lr0p1,results_v3_lr0p1,small_cnn,sgd,10,128,20000,0.1,0.9,0.0005,cpu,False,False,3,106,420,0.06793990731239319
fixed_random,0,results_v3_lr0p1,results_v3_lr0p1,small_cnn,sgd,10,128,20000,0.1,0.9,0.0005,cpu,False,False,3,107,421,0.20579743385314941
fixed_random,0,results_v3_lr0p1,results_v3_lr0p1,small_cnn,sgd,10,128,20000,0.1,0.9,0.0005,cpu,False,False,3,108,422,0.1363682746887207
fixed_random,0,results_v3_lr0p1,results_v3_lr0p1,small_cnn,sgd,10,128,20000,0.1,0.9,0.0005,cpu,False,False,3,109,423,0.12445055693387985
fixed_random,0,results_v3_lr0p1,results_v3_lr0p1,small_cnn,sgd,10,128,20000,0.1,0.9,0.0005,cpu,False,False,3,110,424,-0.042922716587781906
fixed_random,0,results_v3_lr0p1,results_v3_lr0p1,small_cnn,sgd,10,128,20000,0.1,0.9,0.0005,cpu,False,False,3,111,425,0.1451020985841751
fixed_random,0,results_v3_lr0p1,results_v3_lr0p1,small_cnn,sgd,10,128,20000,0.1,0.9,0.0005,cpu,False,False,3,112,426,0.22114801406860352
fixed_random,0,results_v3_lr0p1,results_v3_lr0p1,small_cnn,sgd,10,128,20000,0.1,0.9,0.0005,cpu,False,False,3,113,427,0.17697247862815857
fixed_random,0,results_v3_lr0p1,results_v3_lr0p1,small_cnn,sgd,10,128,20000,0.1,0.9,0.0005,cpu,False,False,3,114,428,0.2890714704990387
fixed_random,0,results_v3_lr0p1,results_v3_lr0p1,small_cnn,sgd,10,128,20000,0.1,0.9,0.0005,cpu,False,False,3,115,429,0.13742534816265106
fixed_random,0,results_v3_lr0p1,results_v3_lr0p1,small_cnn,sgd,10,128,20000,0.1,0.9,0.0005,cpu,False,False,3,116,430,-0.04609137773513794
fixed_random,0,results_v3_lr0p1,results_v3_lr0p1,small_cnn,sgd,10,128,20000,0.1,0.9,0.0005,cpu,False,False,3,117,431,0.030595961958169937
fixed_random,0,results_v3_lr0p1,results_v3_lr0p1,small_cnn,sgd,10,128,20000,0.1,0.9,0.0005,cpu,False,False,3,118,432,0.3484915792942047
fixed_random,0,results_v3_lr0p1,results_v3_lr0p1,small_cnn,sgd,10,128,20000,0.1,0.9,0.0005,cpu,False,False,3,119,433,0.07907222211360931
fixed_random,0,results_v3_lr0p1,results_v3_lr0p1,small_cnn,sgd,10,128,20000,0.1,0.9,0.0005,cpu,False,False,3,120,434,0.016468197107315063
fixed_random,0,results_v3_lr0p1,results_v3_lr0p1,small_cnn,sgd,10,128,20000,0.1,0.9,0.0005,cpu,False,False,3,121,435,0.4185120761394501
fixed_random,0,results_v3_lr0p1,results_v3_lr0p1,small_cnn,sgd,10,128,20000,0.1,0.9,0.0005,cpu,False,False,3,122,436,0.3561789393424988
fixed_random,0,results_v3_lr0p1,results_v3_lr0p1,small_cnn,sgd,10,128,20000,0.1,0.9,0.0005,cpu,False,False,3,123,437,0.3570865988731384
fixed_random,0,results_v3_lr0p1,results_v3_lr0p1,small_cnn,sgd,10,128,20000,0.1,0.9,0.0005,cpu,False,False,3,124,438,-0.014885061420500278
fixed_random,0,results_v3_lr0p1,results_v3_lr0p1,small_cnn,sgd,10,128,20000,0.1,0.9,0.0005,cpu,False,False,3,125,439,0.2222863882780075
fixed_random,0,results_v3_lr0p1,results_v3_lr0p1,small_cnn,sgd,10,128,20000,0.1,0.9,0.0005,cpu,False,False,3,126,440,0.24977228045463562
fixed_random,0,results_v3_lr0p1,results_v3_lr0p1,small_cnn,sgd,10,128,20000,0.1,0.9,0.0005,cpu,False,False,3,127,441,0.21365965902805328
fixed_random,0,results_v3_lr0p1,results_v3_lr0p1,small_cnn,sgd,10,128,20000,0.1,0.9,0.0005,cpu,False,False,3,128,442,-0.13740584254264832
fixed_random,0,results_v3_lr0p1,results_v3_lr0p1,small_cnn,sgd,10,128,20000,0.1,0.9,0.0005,cpu,False,False,3,129,443,0.24588750302791595
fixed_random,0,results_v3_lr0p1,results_v3_lr0p1,small_cnn,sgd,10,128,20000,0.1,0.9,0.0005,cpu,False,False,3,130,444,0.47706228494644165
fixed_random,0,results_v3_lr0p1,results_v3_lr0p1,small_cnn,sgd,10,128,20000,0.1,0.9,0.0005,cpu,False,False,3,131,445,0.06311630457639694
fixed_random,0,results_v3_lr0p1,results_v3_lr0p1,small_cnn,sgd,10,128,20000,0.1,0.9,0.0005,cpu,False,False,3,132,446,-0.0503288209438324
fixed_random,0,results_v3_lr0p1,results_v3_lr0p1,small_cnn,sgd,10,128,20000,0.1,0.9,0.0005,cpu,False,False,3,133,447,0.21275904774665833
fixed_random,0,results_v3_lr0p1,results_v3_lr0p1,small_cnn,sgd,10,128,20000,0.1,0.9,0.0005,cpu,False,False,3,134,448,0.2917770445346832
fixed_random,0,results_v3_lr0p1,results_v3_lr0p1,small_cnn,sgd,10,128,20000,0.1,0.9,0.0005,cpu,False,False,3,135,449,-0.2956521511077881
fixed_random,0,results_v3_lr0p1,results_v3_lr0p1,small_cnn,sgd,10,128,20000,0.1,0.9,0.0005,cpu,False,False,3,136,450,0.43629786372184753
fixed_random,0,results_v3_lr0p1,results_v3_lr0p1,small_cnn,sgd,10,128,20000,0.1,0.9,0.0005,cpu,False,False,3,137,451,0.5063850283622742
fixed_random,0,results_v3_lr0p1,results_v3_lr0p1,small_cnn,sgd,10,128,20000,0.1,0.9,0.0005,cpu,False,False,3,138,452,-0.22927601635456085
fixed_random,0,results_v3_lr0p1,results_v3_lr0p1,small_cnn,sgd,10,128,20000,0.1,0.9,0.0005,cpu,False,False,3,139,453,0.23351486027240753
fixed_random,0,results_v3_lr0p1,results_v3_lr0p1,small_cnn,sgd,10,128,20000,0.1,0.9,0.0005,cpu,False,False,3,140,454,0.16630160808563232
fixed_random,0,results_v3_lr0p1,results_v3_lr0p1,small_cnn,sgd,10,128,20000,0.1,0.9,0.0005,cpu,False,False,3,141,455,-0.029786065220832825
fixed_random,0,results_v3_lr0p1,results_v3_lr0p1,small_cnn,sgd,10,128,20000,0.1,0.9,0.0005,cpu,False,False,3,142,456,0.2695367932319641
fixed_random,0,results_v3_lr0p1,results_v3_lr0p1,small_cnn,sgd,10,128,20000,0.1,0.9,0.0005,cpu,False,False,3,143,457,0.2934601306915283
fixed_random,0,results_v3_lr0p1,results_v3_lr0p1,small_cnn,sgd,10,128,20000,0.1,0.9,0.0005,cpu,False,False,3,144,458,0.1074853166937828
fixed_random,0,results_v3_lr0p1,results_v3_lr0p1,small_cnn,sgd,10,128,20000,0.1,0.9,0.0005,cpu,False,False,3,145,459,0.05405500903725624
fixed_random,0,results_v3_lr0p1,results_v3_lr0p1,small_cnn,sgd,10,128,20000,0.1,0.9,0.0005,cpu,False,False,3,146,460,0.16345109045505524
fixed_random,0,results_v3_lr0p1,results_v3_lr0p1,small_cnn,sgd,10,128,20000,0.1,0.9,0.0005,cpu,False,False,3,147,461,0.13549263775348663
fixed_random,0,results_v3_lr0p1,results_v3_lr0p1,small_cnn,sgd,10,128,20000,0.1,0.9,0.0005,cpu,False,False,3,148,462,0.29460060596466064
fixed_random,0,results_v3_lr0p1,results_v3_lr0p1,small_cnn,sgd,10,128,20000,0.1,0.9,0.0005,cpu,False,False,3,149,463,0.3903220295906067
fixed_random,0,results_v3_lr0p1,results_v3_lr0p1,small_cnn,sgd,10,128,20000,0.1,0.9,0.0005,cpu,False,False,3,150,464,0.26281869411468506
fixed_random,0,results_v3_lr0p1,results_v3_lr0p1,small_cnn,sgd,10,128,20000,0.1,0.9,0.0005,cpu,False,False,3,151,465,0.11087562143802643
fixed_random,0,results_v3_lr0p1,results_v3_lr0p1,small_cnn,sgd,10,128,20000,0.1,0.9,0.0005,cpu,False,False,3,152,466,-0.018599873408675194
fixed_random,0,results_v3_lr0p1,results_v3_lr0p1,small_cnn,sgd,10,128,20000,0.1,0.9,0.0005,cpu,False,False,3,153,467,0.25732314586639404
fixed_random,0,results_v3_lr0p1,results_v3_lr0p1,small_cnn,sgd,10,128,20000,0.1,0.9,0.0005,cpu,False,False,3,154,468,0.4451427459716797
fixed_random,0,results_v3_lr0p1,results_v3_lr0p1,small_cnn,sgd,10,128,20000,0.1,0.9,0.0005,cpu,False,False,3,155,469,0.4309438467025757
fixed_random,0,results_v3_lr0p1,results_v3_lr0p1,small_cnn,sgd,10,128,20000,0.1,0.9,0.0005,cpu,False,False,3,156,470,0.08021712303161621
fixed_random,0,results_v3_lr0p1,results_v3_lr0p1,small_cnn,sgd,10,128,20000,0.1,0.9,0.0005,cpu,False,False,3,157,471,0.12237326055765152
fixed_random,0,results_v3_lr0p1,results_v3_lr0p1,small_cnn,sgd,10,128,20000,0.1,0.9,0.0005,cpu,False,False,4,1,472,0.027441855520009995
fixed_random,0,results_v3_lr0p1,results_v3_lr0p1,small_cnn,sgd,10,128,20000,0.1,0.9,0.0005,cpu,False,False,4,2,473,0.2814289331436157
fixed_random,0,results_v3_lr0p1,results_v3_lr0p1,small_cnn,sgd,10,128,20000,0.1,0.9,0.0005,cpu,False,False,4,3,474,0.299348384141922
fixed_random,0,results_v3_lr0p1,results_v3_lr0p1,small_cnn,sgd,10,128,20000,0.1,0.9,0.0005,cpu,False,False,4,4,475,-0.16297994554042816
fixed_random,0,results_v3_lr0p1,results_v3_lr0p1,small_cnn,sgd,10,128,20000,0.1,0.9,0.0005,cpu,False,False,4,5,476,0.40866920351982117
fixed_random,0,results_v3_lr0p1,results_v3_lr0p1,small_cnn,sgd,10,128,20000,0.1,0.9,0.0005,cpu,False,False,4,6,477,0.07585262507200241
fixed_random,0,results_v3_lr0p1,results_v3_lr0p1,small_cnn,sgd,10,128,20000,0.1,0.9,0.0005,cpu,False,False,4,7,478,0.04344821348786354
fixed_random,0,results_v3_lr0p1,results_v3_lr0p1,small_cnn,sgd,10,128,20000,0.1,0.9,0.0005,cpu,False,False,4,8,479,0.375994473695755
fixed_random,0,results_v3_lr0p1,results_v3_lr0p1,small_cnn,sgd,10,128,20000,0.1,0.9,0.0005,cpu,False,False,4,9,480,0.158360093832016
fixed_random,0,results_v3_lr0p1,results_v3_lr0p1,small_cnn,sgd,10,128,20000,0.1,0.9,0.0005,cpu,False,False,4,10,481,-0.007765862625092268
fixed_random,0,results_v3_lr0p1,results_v3_lr0p1,small_cnn,sgd,10,128,20000,0.1,0.9,0.0005,cpu,False,False,4,11,482,0.06420181691646576
fixed_random,0,results_v3_lr0p1,results_v3_lr0p1,small_cnn,sgd,10,128,20000,0.1,0.9,0.0005,cpu,False,False,4,12,483,0.19958417117595673
fixed_random,0,results_v3_lr0p1,results_v3_lr0p1,small_cnn,sgd,10,128,20000,0.1,0.9,0.0005,cpu,False,False,4,13,484,-0.021952979266643524
fixed_random,0,results_v3_lr0p1,results_v3_lr0p1,small_cnn,sgd,10,128,20000,0.1,0.9,0.0005,cpu,False,False,4,14,485,0.2516847550868988
fixed_random,0,results_v3_lr0p1,results_v3_lr0p1,small_cnn,sgd,10,128,20000,0.1,0.9,0.0005,cpu,False,False,4,15,486,0.19280672073364258
fixed_random,0,results_v3_lr0p1,results_v3_lr0p1,small_cnn,sgd,10,128,20000,0.1,0.9,0.0005,cpu,False,False,4,16,487,0.23989076912403107
fixed_random,0,results_v3_lr0p1,results_v3_lr0p1,small_cnn,sgd,10,128,20000,0.1,0.9,0.0005,cpu,False,False,4,17,488,-0.16756291687488556
fixed_random,0,results_v3_lr0p1,results_v3_lr0p1,small_cnn,sgd,10,128,20000,0.1,0.9,0.0005,cpu,False,False,4,18,489,-0.11995301395654678
fixed_random,0,results_v3_lr0p1,results_v3_lr0p1,small_cnn,sgd,10,128,20000,0.1,0.9,0.0005,cpu,False,False,4,19,490,0.44224652647972107
fixed_random,0,results_v3_lr0p1,results_v3_lr0p1,small_cnn,sgd,10,128,20000,0.1,0.9,0.0005,cpu,False,False,4,20,491,0.48588934540748596
fixed_random,0,results_v3_lr0p1,results_v3_lr0p1,small_cnn,sgd,10,128,20000,0.1,0.9,0.0005,cpu,False,False,4,21,492,-0.0680641159415245
fixed_random,0,results_v3_lr0p1,results_v3_lr0p1,small_cnn,sgd,10,128,20000,0.1,0.9,0.0005,cpu,False,False,4,22,493,-0.004852185025811195
fixed_random,0,results_v3_lr0p1,results_v3_lr0p1,small_cnn,sgd,10,128,20000,0.1,0.9,0.0005,cpu,False,False,4,23,494,0.2637661099433899
fixed_random,0,results_v3_lr0p1,results_v3_lr0p1,small_cnn,sgd,10,128,20000,0.1,0.9,0.0005,cpu,False,False,4,24,495,-0.022364463657140732
fixed_random,0,results_v3_lr0p1,results_v3_lr0p1,small_cnn,sgd,10,128,20000,0.1,0.9,0.0005,cpu,False,False,4,25,496,0.13125364482402802
fixed_random,0,results_v3_lr0p1,results_v3_lr0p1,small_cnn,sgd,10,128,20000,0.1,0.9,0.0005,cpu,False,False,4,26,497,0.3167450428009033
fixed_random,0,results_v3_lr0p1,results_v3_lr0p1,small_cnn,sgd,10,128,20000,0.1,0.9,0.0005,cpu,False,False,4,27,498,-0.24331021308898926
fixed_random,0,results_v3_lr0p1,results_v3_lr0p1,small_cnn,sgd,10,128,20000,0.1,0.9,0.0005,cpu,False,False,4,28,499,0.12923869490623474
fixed_random,0,results_v3_lr0p1,results_v3_lr0p1,small_cnn,sgd,10,128,20000,0.1,0.9,0.0005,cpu,False,False,4,29,500,0.06471481174230576
fixed_random,0,results_v3_lr0p1,results_v3_lr0p1,small_cnn,sgd,10,128,20000,0.1,0.9,0.0005,cpu,False,False,4,30,501,0.11034733057022095
fixed_random,0,results_v3_lr0p1,results_v3_lr0p1,small_cnn,sgd,10,128,20000,0.1,0.9,0.0005,cpu,False,False,4,31,502,-0.16769321262836456
fixed_random,0,results_v3_lr0p1,results_v3_lr0p1,small_cnn,sgd,10,128,20000,0.1,0.9,0.0005,cpu,False,False,4,32,503,0.1767273247241974
fixed_random,0,results_v3_lr0p1,results_v3_lr0p1,small_cnn,sgd,10,128,20000,0.1,0.9,0.0005,cpu,False,False,4,33,504,-0.09476811438798904
fixed_random,0,results_v3_lr0p1,results_v3_lr0p1,small_cnn,sgd,10,128,20000,0.1,0.9,0.0005,cpu,False,False,4,34,505,0.037238407880067825
fixed_random,0,results_v3_lr0p1,results_v3_lr0p1,small_cnn,sgd,10,128,20000,0.1,0.9,0.0005,cpu,False,False,4,35,506,0.5155854225158691
fixed_random,0,results_v3_lr0p1,results_v3_lr0p1,small_cnn,sgd,10,128,20000,0.1,0.9,0.0005,cpu,False,False,4,36,507,0.07520166039466858
fixed_random,0,results_v3_lr0p1,results_v3_lr0p1,small_cnn,sgd,10,128,20000,0.1,0.9,0.0005,cpu,False,False,4,37,508,0.18383732438087463
fixed_random,0,results_v3_lr0p1,results_v3_lr0p1,small_cnn,sgd,10,128,20000,0.1,0.9,0.0005,cpu,False,False,4,38,509,0.261755108833313
fixed_random,0,results_v3_lr0p1,results_v3_lr0p1,small_cnn,sgd,10,128,20000,0.1,0.9,0.0005,cpu,False,False,4,39,510,0.2993307411670685
fixed_random,0,results_v3_lr0p1,results_v3_lr0p1,small_cnn,sgd,10,128,20000,0.1,0.9,0.0005,cpu,False,False,4,40,511,0.16134479641914368
fixed_random,0,results_v3_lr0p1,results_v3_lr0p1,small_cnn,sgd,10,128,20000,0.1,0.9,0.0005,cpu,False,False,4,41,512,-0.294336199760437
fixed_random,0,results_v3_lr0p1,results_v3_lr0p1,small_cnn,sgd,10,128,20000,0.1,0.9,0.0005,cpu,False,False,4,42,513,0.5403531193733215
fixed_random,0,results_v3_lr0p1,results_v3_lr0p1,small_cnn,sgd,10,128,20000,0.1,0.9,0.0005,cpu,False,False,4,43,514,0.0952424481511116
fixed_random,0,results_v3_lr0p1,results_v3_lr0p1,small_cnn,sgd,10,128,20000,0.1,0.9,0.0005,cpu,False,False,4,44,515,0.09920135140419006
fixed_random,0,results_v3_lr0p1,results_v3_lr0p1,small_cnn,sgd,10,128,20000,0.1,0.9,0.0005,cpu,False,False,4,45,516,0.1668955534696579
fixed_random,0,results_v3_lr0p1,results_v3_lr0p1,small_cnn,sgd,10,128,20000,0.1,0.9,0.0005,cpu,False,False,4,46,517,0.03617886081337929
fixed_random,0,results_v3_lr0p1,results_v3_lr0p1,small_cnn,sgd,10,128,20000,0.1,0.9,0.0005,cpu,False,False,4,47,518,0.6096103191375732
fixed_random,0,results_v3_lr0p1,results_v3_lr0p1,small_cnn,sgd,10,128,20000,0.1,0.9,0.0005,cpu,False,False,4,48,519,0.3580237925052643
fixed_random,0,results_v3_lr0p1,results_v3_lr0p1,small_cnn,sgd,10,128,20000,0.1,0.9,0.0005,cpu,False,False,4,49,520,0.07376433908939362
fixed_random,0,results_v3_lr0p1,results_v3_lr0p1,small_cnn,sgd,10,128,20000,0.1,0.9,0.0005,cpu,False,False,4,50,521,0.4445149004459381
fixed_random,0,results_v3_lr0p1,results_v3_lr0p1,small_cnn,sgd,10,128,20000,0.1,0.9,0.0005,cpu,False,False,4,51,522,0.43914803862571716
fixed_random,0,results_v3_lr0p1,results_v3_lr0p1,small_cnn,sgd,10,128,20000,0.1,0.9,0.0005,cpu,False,False,4,52,523,0.38672664761543274
fixed_random,0,results_v3_lr0p1,results_v3_lr0p1,small_cnn,sgd,10,128,20000,0.1,0.9,0.0005,cpu,False,False,4,53,524,0.19911408424377441
fixed_random,0,results_v3_lr0p1,results_v3_lr0p1,small_cnn,sgd,10,128,20000,0.1,0.9,0.0005,cpu,False,False,4,54,525,0.15630662441253662
fixed_random,0,results_v3_lr0p1,results_v3_lr0p1,small_cnn,sgd,10,128,20000,0.1,0.9,0.0005,cpu,False,False,4,55,526,0.2831210196018219
fixed_random,0,results_v3_lr0p1,results_v3_lr0p1,small_cnn,sgd,10,128,20000,0.1,0.9,0.0005,cpu,False,False,4,56,527,0.38558316230773926
fixed_random,0,results_v3_lr0p1,results_v3_lr0p1,small_cnn,sgd,10,128,20000,0.1,0.9,0.0005,cpu,False,False,4,57,528,0.2566833198070526
fixed_random,0,results_v3_lr0p1,results_v3_lr0p1,small_cnn,sgd,10,128,20000,0.1,0.9,0.0005,cpu,False,False,4,58,529,0.1966201812028885
fixed_random,0,results_v3_lr0p1,results_v3_lr0p1,small_cnn,sgd,10,128,20000,0.1,0.9,0.0005,cpu,False,False,4,59,530,0.3908911943435669
fixed_random,0,results_v3_lr0p1,results_v3_lr0p1,small_cnn,sgd,10,128,20000,0.1,0.9,0.0005,cpu,False,False,4,60,531,-0.03905685245990753
fixed_random,0,results_v3_lr0p1,results_v3_lr0p1,small_cnn,sgd,10,128,20000,0.1,0.9,0.0005,cpu,False,False,4,61,532,0.28314194083213806
fixed_random,0,results_v3_lr0p1,results_v3_lr0p1,small_cnn,sgd,10,128,20000,0.1,0.9,0.0005,cpu,False,False,4,62,533,0.3553990423679352
fixed_random,0,results_v3_lr0p1,results_v3_lr0p1,small_cnn,sgd,10,128,20000,0.1,0.9,0.0005,cpu,False,False,4,63,534,0.5581395030021667
fixed_random,0,results_v3_lr0p1,results_v3_lr0p1,small_cnn,sgd,10,128,20000,0.1,0.9,0.0005,cpu,False,False,4,64,535,-0.06122998148202896
fixed_random,0,results_v3_lr0p1,results_v3_lr0p1,small_cnn,sgd,10,128,20000,0.1,0.9,0.0005,cpu,False,False,4,65,536,0.14768041670322418
fixed_random,0,results_v3_lr0p1,results_v3_lr0p1,small_cnn,sgd,10,128,20000,0.1,0.9,0.0005,cpu,False,False,4,66,537,0.5126863718032837
fixed_random,0,results_v3_lr0p1,results_v3_lr0p1,small_cnn,sgd,10,128,20000,0.1,0.9,0.0005,cpu,False,False,4,67,538,0.404835045337677
fixed_random,0,results_v3_lr0p1,results_v3_lr0p1,small_cnn,sgd,10,128,20000,0.1,0.9,0.0005,cpu,False,False,4,68,539,0.19064423441886902
fixed_random,0,results_v3_lr0p1,results_v3_lr0p1,small_cnn,sgd,10,128,20000,0.1,0.9,0.0005,cpu,False,False,4,69,540,0.2576732337474823
fixed_random,0,results_v3_lr0p1,results_v3_lr0p1,small_cnn,sgd,10,128,20000,0.1,0.9,0.0005,cpu,False,False,4,70,541,0.0349833220243454
fixed_random,0,results_v3_lr0p1,results_v3_lr0p1,small_cnn,sgd,10,128,20000,0.1,0.9,0.0005,cpu,False,False,4,71,542,0.21617010235786438
fixed_random,0,results_v3_lr0p1,results_v3_lr0p1,small_cnn,sgd,10,128,20000,0.1,0.9,0.0005,cpu,False,False,4,72,543,0.28837981820106506
fixed_random,0,results_v3_lr0p1,results_v3_lr0p1,small_cnn,sgd,10,128,20000,0.1,0.9,0.0005,cpu,False,False,4,73,544,0.5932239294052124
fixed_random,0,results_v3_lr0p1,results_v3_lr0p1,small_cnn,sgd,10,128,20000,0.1,0.9,0.0005,cpu,False,False,4,74,545,0.49467089772224426
fixed_random,0,results_v3_lr0p1,results_v3_lr0p1,small_cnn,sgd,10,128,20000,0.1,0.9,0.0005,cpu,False,False,4,75,546,0.0517546571791172
fixed_random,0,results_v3_lr0p1,results_v3_lr0p1,small_cnn,sgd,10,128,20000,0.1,0.9,0.0005,cpu,False,False,4,76,547,0.11495141685009003
fixed_random,0,results_v3_lr0p1,results_v3_lr0p1,small_cnn,sgd,10,128,20000,0.1,0.9,0.0005,cpu,False,False,4,77,548,0.0348191112279892
fixed_random,0,results_v3_lr0p1,results_v3_lr0p1,small_cnn,sgd,10,128,20000,0.1,0.9,0.0005,cpu,False,False,4,78,549,0.5671124458312988
fixed_random,0,results_v3_lr0p1,results_v3_lr0p1,small_cnn,sgd,10,128,20000,0.1,0.9,0.0005,cpu,False,False,4,79,550,0.3488428592681885
fixed_random,0,results_v3_lr0p1,results_v3_lr0p1,small_cnn,sgd,10,128,20000,0.1,0.9,0.0005,cpu,False,False,4,80,551,0.2696031630039215
fixed_random,0,results_v3_lr0p1,results_v3_lr0p1,small_cnn,sgd,10,128,20000,0.1,0.9,0.0005,cpu,False,False,4,81,552,0.26347383856773376
fixed_random,0,results_v3_lr0p1,results_v3_lr0p1,small_cnn,sgd,10,128,20000,0.1,0.9,0.0005,cpu,False,False,4,82,553,-0.1438719481229782
fixed_random,0,results_v3_lr0p1,results_v3_lr0p1,small_cnn,sgd,10,128,20000,0.1,0.9,0.0005,cpu,False,False,4,83,554,0.2561487555503845
fixed_random,0,results_v3_lr0p1,results_v3_lr0p1,small_cnn,sgd,10,128,20000,0.1,0.9,0.0005,cpu,False,False,4,84,555,0.4564419686794281
fixed_random,0,results_v3_lr0p1,results_v3_lr0p1,small_cnn,sgd,10,128,20000,0.1,0.9,0.0005,cpu,False,False,4,85,556,0.41035205125808716
fixed_random,0,results_v3_lr0p1,results_v3_lr0p1,small_cnn,sgd,10,128,20000,0.1,0.9,0.0005,cpu,False,False,4,86,557,-0.1121879294514656
fixed_random,0,results_v3_lr0p1,results_v3_lr0p1,small_cnn,sgd,10,128,20000,0.1,0.9,0.0005,cpu,False,False,4,87,558,0.4283958673477173
fixed_random,0,results_v3_lr0p1,results_v3_lr0p1,small_cnn,sgd,10,128,20000,0.1,0.9,0.0005,cpu,False,False,4,88,559,0.1878952831029892
fixed_random,0,results_v3_lr0p1,results_v3_lr0p1,small_cnn,sgd,10,128,20000,0.1,0.9,0.0005,cpu,False,False,4,89,560,-0.1522393524646759
fixed_random,0,results_v3_lr0p1,results_v3_lr0p1,small_cnn,sgd,10,128,20000,0.1,0.9,0.0005,cpu,False,False,4,90,561,0.22332242131233215
fixed_random,0,results_v3_lr0p1,results_v3_lr0p1,small_cnn,sgd,10,128,20000,0.1,0.9,0.0005,cpu,False,False,4,91,562,0.523664653301239
fixed_random,0,results_v3_lr0p1,results_v3_lr0p1,small_cnn,sgd,10,128,20000,0.1,0.9,0.0005,cpu,False,False,4,92,563,-0.3503122925758362
fixed_random,0,results_v3_lr0p1,results_v3_lr0p1,small_cnn,sgd,10,128,20000,0.1,0.9,0.0005,cpu,False,False,4,93,564,0.19355766475200653
fixed_random,0,results_v3_lr0p1,results_v3_lr0p1,small_cnn,sgd,10,128,20000,0.1,0.9,0.0005,cpu,False,False,4,94,565,0.11654578149318695
fixed_random,0,results_v3_lr0p1,results_v3_lr0p1,small_cnn,sgd,10,128,20000,0.1,0.9,0.0005,cpu,False,False,4,95,566,0.19216549396514893
fixed_random,0,results_v3_lr0p1,results_v3_lr0p1,small_cnn,sgd,10,128,20000,0.1,0.9,0.0005,cpu,False,False,4,96,567,0.29124337434768677
fixed_random,0,results_v3_lr0p1,results_v3_lr0p1,small_cnn,sgd,10,128,20000,0.1,0.9,0.0005,cpu,False,False,4,97,568,-0.14760704338550568
fixed_random,0,results_v3_lr0p1,results_v3_lr0p1,small_cnn,sgd,10,128,20000,0.1,0.9,0.0005,cpu,False,False,4,98,569,-0.03046378493309021
fixed_random,0,results_v3_lr0p1,results_v3_lr0p1,small_cnn,sgd,10,128,20000,0.1,0.9,0.0005,cpu,False,False,4,99,570,0.14930954575538635
fixed_random,0,results_v3_lr0p1,results_v3_lr0p1,small_cnn,sgd,10,128,20000,0.1,0.9,0.0005,cpu,False,False,4,100,571,0.12719638645648956
fixed_random,0,results_v3_lr0p1,results_v3_lr0p1,small_cnn,sgd,10,128,20000,0.1,0.9,0.0005,cpu,False,False,4,101,572,0.12243176996707916
fixed_random,0,results_v3_lr0p1,results_v3_lr0p1,small_cnn,sgd,10,128,20000,0.1,0.9,0.0005,cpu,False,False,4,102,573,-0.005566186271607876
fixed_random,0,results_v3_lr0p1,results_v3_lr0p1,small_cnn,sgd,10,128,20000,0.1,0.9,0.0005,cpu,False,False,4,103,574,0.38510218262672424
fixed_random,0,results_v3_lr0p1,results_v3_lr0p1,small_cnn,sgd,10,128,20000,0.1,0.9,0.0005,cpu,False,False,4,104,575,0.4776718020439148
fixed_random,0,results_v3_lr0p1,results_v3_lr0p1,small_cnn,sgd,10,128,20000,0.1,0.9,0.0005,cpu,False,False,4,105,576,0.2789347767829895
fixed_random,0,results_v3_lr0p1,results_v3_lr0p1,small_cnn,sgd,10,128,20000,0.1,0.9,0.0005,cpu,False,False,4,106,577,0.3881598711013794
fixed_random,0,results_v3_lr0p1,results_v3_lr0p1,small_cnn,sgd,10,128,20000,0.1,0.9,0.0005,cpu,False,False,4,107,578,0.039303578436374664
fixed_random,0,results_v3_lr0p1,results_v3_lr0p1,small_cnn,sgd,10,128,20000,0.1,0.9,0.0005,cpu,False,False,4,108,579,0.17093926668167114
fixed_random,0,results_v3_lr0p1,results_v3_lr0p1,small_cnn,sgd,10,128,20000,0.1,0.9,0.0005,cpu,False,False,4,109,580,0.3326316177845001
fixed_random,0,results_v3_lr0p1,results_v3_lr0p1,small_cnn,sgd,10,128,20000,0.1,0.9,0.0005,cpu,False,False,4,110,581,0.23894217610359192
fixed_random,0,results_v3_lr0p1,results_v3_lr0p1,small_cnn,sgd,10,128,20000,0.1,0.9,0.0005,cpu,False,False,4,111,582,0.08853641152381897
fixed_random,0,results_v3_lr0p1,results_v3_lr0p1,small_cnn,sgd,10,128,20000,0.1,0.9,0.0005,cpu,False,False,4,112,583,0.1313873529434204
fixed_random,0,results_v3_lr0p1,results_v3_lr0p1,small_cnn,sgd,10,128,20000,0.1,0.9,0.0005,cpu,False,False,4,113,584,0.27346256375312805
fixed_random,0,results_v3_lr0p1,results_v3_lr0p1,small_cnn,sgd,10,128,20000,0.1,0.9,0.0005,cpu,False,False,4,114,585,0.13089555501937866
fixed_random,0,results_v3_lr0p1,results_v3_lr0p1,small_cnn,sgd,10,128,20000,0.1,0.9,0.0005,cpu,False,False,4,115,586,0.2548109292984009
fixed_random,0,results_v3_lr0p1,results_v3_lr0p1,small_cnn,sgd,10,128,20000,0.1,0.9,0.0005,cpu,False,False,4,116,587,-0.026229584589600563
fixed_random,0,results_v3_lr0p1,results_v3_lr0p1,small_cnn,sgd,10,128,20000,0.1,0.9,0.0005,cpu,False,False,4,117,588,-0.05951708182692528
fixed_random,0,results_v3_lr0p1,results_v3_lr0p1,small_cnn,sgd,10,128,20000,0.1,0.9,0.0005,cpu,False,False,4,118,589,0.31115853786468506
fixed_random,0,results_v3_lr0p1,results_v3_lr0p1,small_cnn,sgd,10,128,20000,0.1,0.9,0.0005,cpu,False,False,4,119,590,0.04572523012757301
fixed_random,0,results_v3_lr0p1,results_v3_lr0p1,small_cnn,sgd,10,128,20000,0.1,0.9,0.0005,cpu,False,False,4,120,591,-0.04681285098195076
fixed_random,0,results_v3_lr0p1,results_v3_lr0p1,small_cnn,sgd,10,128,20000,0.1,0.9,0.0005,cpu,False,False,4,121,592,0.3182671070098877
fixed_random,0,results_v3_lr0p1,results_v3_lr0p1,small_cnn,sgd,10,128,20000,0.1,0.9,0.0005,cpu,False,False,4,122,593,0.1882399022579193
fixed_random,0,results_v3_lr0p1,results_v3_lr0p1,small_cnn,sgd,10,128,20000,0.1,0.9,0.0005,cpu,False,False,4,123,594,0.34329846501350403
fixed_random,0,results_v3_lr0p1,results_v3_lr0p1,small_cnn,sgd,10,128,20000,0.1,0.9,0.0005,cpu,False,False,4,124,595,0.2067326158285141
fixed_random,0,results_v3_lr0p1,results_v3_lr0p1,small_cnn,sgd,10,128,20000,0.1,0.9,0.0005,cpu,False,False,4,125,596,-0.16814813017845154
fixed_random,0,results_v3_lr0p1,results_v3_lr0p1,small_cnn,sgd,10,128,20000,0.1,0.9,0.0005,cpu,False,False,4,126,597,0.2014300525188446
fixed_random,0,results_v3_lr0p1,results_v3_lr0p1,small_cnn,sgd,10,128,20000,0.1,0.9,0.0005,cpu,False,False,4,127,598,0.43271404504776
fixed_random,0,results_v3_lr0p1,results_v3_lr0p1,small_cnn,sgd,10,128,20000,0.1,0.9,0.0005,cpu,False,False,4,128,599,-0.05560199171304703
fixed_random,0,results_v3_lr0p1,results_v3_lr0p1,small_cnn,sgd,10,128,20000,0.1,0.9,0.0005,cpu,False,False,4,129,600,0.060033075511455536
fixed_random,0,results_v3_lr0p1,results_v3_lr0p1,small_cnn,sgd,10,128,20000,0.1,0.9,0.0005,cpu,False,False,4,130,601,0.23239775002002716
fixed_random,0,results_v3_lr0p1,results_v3_lr0p1,small_cnn,sgd,10,128,20000,0.1,0.9,0.0005,cpu,False,False,4,131,602,0.10059083998203278
fixed_random,0,results_v3_lr0p1,results_v3_lr0p1,small_cnn,sgd,10,128,20000,0.1,0.9,0.0005,cpu,False,False,4,132,603,-0.01151450164616108
fixed_random,0,results_v3_lr0p1,results_v3_lr0p1,small_cnn,sgd,10,128,20000,0.1,0.9,0.0005,cpu,False,False,4,133,604,0.17953577637672424
fixed_random,0,results_v3_lr0p1,results_v3_lr0p1,small_cnn,sgd,10,128,20000,0.1,0.9,0.0005,cpu,False,False,4,134,605,0.033258046954870224
fixed_random,0,results_v3_lr0p1,results_v3_lr0p1,small_cnn,sgd,10,128,20000,0.1,0.9,0.0005,cpu,False,False,4,135,606,-0.12486053258180618
fixed_random,0,results_v3_lr0p1,results_v3_lr0p1,small_cnn,sgd,10,128,20000,0.1,0.9,0.0005,cpu,False,False,4,136,607,0.3219548761844635
fixed_random,0,results_v3_lr0p1,results_v3_lr0p1,small_cnn,sgd,10,128,20000,0.1,0.9,0.0005,cpu,False,False,4,137,608,0.2724002003669739
fixed_random,0,results_v3_lr0p1,results_v3_lr0p1,small_cnn,sgd,10,128,20000,0.1,0.9,0.0005,cpu,False,False,4,138,609,-0.22606323659420013
fixed_random,0,results_v3_lr0p1,results_v3_lr0p1,small_cnn,sgd,10,128,20000,0.1,0.9,0.0005,cpu,False,False,4,139,610,0.3336474299430847
fixed_random,0,results_v3_lr0p1,results_v3_lr0p1,small_cnn,sgd,10,128,20000,0.1,0.9,0.0005,cpu,False,False,4,140,611,0.24850943684577942
fixed_random,0,results_v3_lr0p1,results_v3_lr0p1,small_cnn,sgd,10,128,20000,0.1,0.9,0.0005,cpu,False,False,4,141,612,0.017091140151023865
fixed_random,0,results_v3_lr0p1,results_v3_lr0p1,small_cnn,sgd,10,128,20000,0.1,0.9,0.0005,cpu,False,False,4,142,613,0.22751420736312866
fixed_random,0,results_v3_lr0p1,results_v3_lr0p1,small_cnn,sgd,10,128,20000,0.1,0.9,0.0005,cpu,False,False,4,143,614,0.22957250475883484
fixed_random,0,results_v3_lr0p1,results_v3_lr0p1,small_cnn,sgd,10,128,20000,0.1,0.9,0.0005,cpu,False,False,4,144,615,-0.038502007722854614
fixed_random,0,results_v3_lr0p1,results_v3_lr0p1,small_cnn,sgd,10,128,20000,0.1,0.9,0.0005,cpu,False,False,4,145,616,-0.0814133733510971
fixed_random,0,results_v3_lr0p1,results_v3_lr0p1,small_cnn,sgd,10,128,20000,0.1,0.9,0.0005,cpu,False,False,4,146,617,0.18157272040843964
fixed_random,0,results_v3_lr0p1,results_v3_lr0p1,small_cnn,sgd,10,128,20000,0.1,0.9,0.0005,cpu,False,False,4,147,618,0.04468047246336937
fixed_random,0,results_v3_lr0p1,results_v3_lr0p1,small_cnn,sgd,10,128,20000,0.1,0.9,0.0005,cpu,False,False,4,148,619,0.3635527491569519
fixed_random,0,results_v3_lr0p1,results_v3_lr0p1,small_cnn,sgd,10,128,20000,0.1,0.9,0.0005,cpu,False,False,4,149,620,0.306805282831192
fixed_random,0,results_v3_lr0p1,results_v3_lr0p1,small_cnn,sgd,10,128,20000,0.1,0.9,0.0005,cpu,False,False,4,150,621,0.3794788122177124
fixed_random,0,results_v3_lr0p1,results_v3_lr0p1,small_cnn,sgd,10,128,20000,0.1,0.9,0.0005,cpu,False,False,4,151,622,-0.1848946213722229
fixed_random,0,results_v3_lr0p1,results_v3_lr0p1,small_cnn,sgd,10,128,20000,0.1,0.9,0.0005,cpu,False,False,4,152,623,0.0713382363319397
fixed_random,0,results_v3_lr0p1,results_v3_lr0p1,small_cnn,sgd,10,128,20000,0.1,0.9,0.0005,cpu,False,False,4,153,624,0.13367103040218353
fixed_random,0,results_v3_lr0p1,results_v3_lr0p1,small_cnn,sgd,10,128,20000,0.1,0.9,0.0005,cpu,False,False,4,154,625,0.4892670512199402
fixed_random,0,results_v3_lr0p1,results_v3_lr0p1,small_cnn,sgd,10,128,20000,0.1,0.9,0.0005,cpu,False,False,4,155,626,0.37501147389411926
fixed_random,0,results_v3_lr0p1,results_v3_lr0p1,small_cnn,sgd,10,128,20000,0.1,0.9,0.0005,cpu,False,False,4,156,627,0.08732308447360992
fixed_random,0,results_v3_lr0p1,results_v3_lr0p1,small_cnn,sgd,10,128,20000,0.1,0.9,0.0005,cpu,False,False,4,157,628,0.03076355718076229
fixed_random,0,results_v3_lr0p1,results_v3_lr0p1,small_cnn,sgd,10,128,20000,0.1,0.9,0.0005,cpu,False,False,5,1,629,0.23645895719528198
fixed_random,0,results_v3_lr0p1,results_v3_lr0p1,small_cnn,sgd,10,128,20000,0.1,0.9,0.0005,cpu,False,False,5,2,630,0.37916406989097595
fixed_random,0,results_v3_lr0p1,results_v3_lr0p1,small_cnn,sgd,10,128,20000,0.1,0.9,0.0005,cpu,False,False,5,3,631,0.40293705463409424
fixed_random,0,results_v3_lr0p1,results_v3_lr0p1,small_cnn,sgd,10,128,20000,0.1,0.9,0.0005,cpu,False,False,5,4,632,-0.10291744768619537
fixed_random,0,results_v3_lr0p1,results_v3_lr0p1,small_cnn,sgd,10,128,20000,0.1,0.9,0.0005,cpu,False,False,5,5,633,0.2397693544626236
fixed_random,0,results_v3_lr0p1,results_v3_lr0p1,small_cnn,sgd,10,128,20000,0.1,0.9,0.0005,cpu,False,False,5,6,634,0.14117850363254547
fixed_random,0,results_v3_lr0p1,results_v3_lr0p1,small_cnn,sgd,10,128,20000,0.1,0.9,0.0005,cpu,False,False,5,7,635,0.1057630404829979
fixed_random,0,results_v3_lr0p1,results_v3_lr0p1,small_cnn,sgd,10,128,20000,0.1,0.9,0.0005,cpu,False,False,5,8,636,0.29090622067451477
fixed_random,0,results_v3_lr0p1,results_v3_lr0p1,small_cnn,sgd,10,128,20000,0.1,0.9,0.0005,cpu,False,False,5,9,637,-0.11593430489301682
fixed_random,0,results_v3_lr0p1,results_v3_lr0p1,small_cnn,sgd,10,128,20000,0.1,0.9,0.0005,cpu,False,False,5,10,638,0.009073367342352867
fixed_random,0,results_v3_lr0p1,results_v3_lr0p1,small_cnn,sgd,10,128,20000,0.1,0.9,0.0005,cpu,False,False,5,11,639,0.07550548017024994
fixed_random,0,results_v3_lr0p1,results_v3_lr0p1,small_cnn,sgd,10,128,20000,0.1,0.9,0.0005,cpu,False,False,5,12,640,0.043007828295230865
fixed_random,0,results_v3_lr0p1,results_v3_lr0p1,small_cnn,sgd,10,128,20000,0.1,0.9,0.0005,cpu,False,False,5,13,641,0.12747572362422943
fixed_random,0,results_v3_lr0p1,results_v3_lr0p1,small_cnn,sgd,10,128,20000,0.1,0.9,0.0005,cpu,False,False,5,14,642,0.21723996102809906
fixed_random,0,results_v3_lr0p1,results_v3_lr0p1,small_cnn,sgd,10,128,20000,0.1,0.9,0.0005,cpu,False,False,5,15,643,0.16613678634166718
fixed_random,0,results_v3_lr0p1,results_v3_lr0p1,small_cnn,sgd,10,128,20000,0.1,0.9,0.0005,cpu,False,False,5,16,644,0.193430095911026
fixed_random,0,results_v3_lr0p1,results_v3_lr0p1,small_cnn,sgd,10,128,20000,0.1,0.9,0.0005,cpu,False,False,5,17,645,-0.06251008808612823
fixed_random,0,results_v3_lr0p1,results_v3_lr0p1,small_cnn,sgd,10,128,20000,0.1,0.9,0.0005,cpu,False,False,5,18,646,-0.08115798979997635
fixed_random,0,results_v3_lr0p1,results_v3_lr0p1,small_cnn,sgd,10,128,20000,0.1,0.9,0.0005,cpu,False,False,5,19,647,0.4954020380973816
fixed_random,0,results_v3_lr0p1,results_v3_lr0p1,small_cnn,sgd,10,128,20000,0.1,0.9,0.0005,cpu,False,False,5,20,648,0.36540016531944275
fixed_random,0,results_v3_lr0p1,results_v3_lr0p1,small_cnn,sgd,10,128,20000,0.1,0.9,0.0005,cpu,False,False,5,21,649,-0.1942460536956787
fixed_random,0,results_v3_lr0p1,results_v3_lr0p1,small_cnn,sgd,10,128,20000,0.1,0.9,0.0005,cpu,False,False,5,22,650,0.09193724393844604
fixed_random,0,results_v3_lr0p1,results_v3_lr0p1,small_cnn,sgd,10,128,20000,0.1,0.9,0.0005,cpu,False,False,5,23,651,0.3886239528656006
fixed_random,0,results_v3_lr0p1,results_v3_lr0p1,small_cnn,sgd,10,128,20000,0.1,0.9,0.0005,cpu,False,False,5,24,652,0.3260946273803711
fixed_random,0,results_v3_lr0p1,results_v3_lr0p1,small_cnn,sgd,10,128,20000,0.1,0.9,0.0005,cpu,False,False,5,25,653,0.1413951963186264
fixed_random,0,results_v3_lr0p1,results_v3_lr0p1,small_cnn,sgd,10,128,20000,0.1,0.9,0.0005,cpu,False,False,5,26,654,0.35346055030822754
fixed_random,0,results_v3_lr0p1,results_v3_lr0p1,small_cnn,sgd,10,128,20000,0.1,0.9,0.0005,cpu,False,False,5,27,655,-0.23261535167694092
fixed_random,0,results_v3_lr0p1,results_v3_lr0p1,small_cnn,sgd,10,128,20000,0.1,0.9,0.0005,cpu,False,False,5,28,656,0.16943316161632538
fixed_random,0,results_v3_lr0p1,results_v3_lr0p1,small_cnn,sgd,10,128,20000,0.1,0.9,0.0005,cpu,False,False,5,29,657,0.016178175806999207
fixed_random,0,results_v3_lr0p1,results_v3_lr0p1,small_cnn,sgd,10,128,20000,0.1,0.9,0.0005,cpu,False,False,5,30,658,-0.006552444770932198
fixed_random,0,results_v3_lr0p1,results_v3_lr0p1,small_cnn,sgd,10,128,20000,0.1,0.9,0.0005,cpu,False,False,5,31,659,-0.1498764157295227
fixed_random,0,results_v3_lr0p1,results_v3_lr0p1,small_cnn,sgd,10,128,20000,0.1,0.9,0.0005,cpu,False,False,5,32,660,0.40704402327537537
fixed_random,0,results_v3_lr0p1,results_v3_lr0p1,small_cnn,sgd,10,128,20000,0.1,0.9,0.0005,cpu,False,False,5,33,661,-0.13750310242176056
fixed_random,0,results_v3_lr0p1,results_v3_lr0p1,small_cnn,sgd,10,128,20000,0.1,0.9,0.0005,cpu,False,False,5,34,662,-0.10388799756765366
fixed_random,0,results_v3_lr0p1,results_v3_lr0p1,small_cnn,sgd,10,128,20000,0.1,0.9,0.0005,cpu,False,False,5,35,663,0.27150726318359375
fixed_random,0,results_v3_lr0p1,results_v3_lr0p1,small_cnn,sgd,10,128,20000,0.1,0.9,0.0005,cpu,False,False,5,36,664,0.22918401658535004
fixed_random,0,results_v3_lr0p1,results_v3_lr0p1,small_cnn,sgd,10,128,20000,0.1,0.9,0.0005,cpu,False,False,5,37,665,0.02555997297167778
fixed_random,0,results_v3_lr0p1,results_v3_lr0p1,small_cnn,sgd,10,128,20000,0.1,0.9,0.0005,cpu,False,False,5,38,666,0.10288771986961365
fixed_random,0,results_v3_lr0p1,results_v3_lr0p1,small_cnn,sgd,10,128,20000,0.1,0.9,0.0005,cpu,False,False,5,39,667,0.06485053896903992
fixed_random,0,results_v3_lr0p1,results_v3_lr0p1,small_cnn,sgd,10,128,20000,0.1,0.9,0.0005,cpu,False,False,5,40,668,0.38320884108543396
fixed_random,0,results_v3_lr0p1,results_v3_lr0p1,small_cnn,sgd,10,128,20000,0.1,0.9,0.0005,cpu,False,False,5,41,669,-0.2780570089817047
fixed_random,0,results_v3_lr0p1,results_v3_lr0p1,small_cnn,sgd,10,128,20000,0.1,0.9,0.0005,cpu,False,False,5,42,670,0.3935682475566864
fixed_random,0,results_v3_lr0p1,results_v3_lr0p1,small_cnn,sgd,10,128,20000,0.1,0.9,0.0005,cpu,False,False,5,43,671,0.16360406577587128
fixed_random,0,results_v3_lr0p1,results_v3_lr0p1,small_cnn,sgd,10,128,20000,0.1,0.9,0.0005,cpu,False,False,5,44,672,0.06578784435987473
fixed_random,0,results_v3_lr0p1,results_v3_lr0p1,small_cnn,sgd,10,128,20000,0.1,0.9,0.0005,cpu,False,False,5,45,673,0.07727054506540298
fixed_random,0,results_v3_lr0p1,results_v3_lr0p1,small_cnn,sgd,10,128,20000,0.1,0.9,0.0005,cpu,False,False,5,46,674,0.03031543642282486
fixed_random,0,results_v3_lr0p1,results_v3_lr0p1,small_cnn,sgd,10,128,20000,0.1,0.9,0.0005,cpu,False,False,5,47,675,0.47981178760528564
fixed_random,0,results_v3_lr0p1,results_v3_lr0p1,small_cnn,sgd,10,128,20000,0.1,0.9,0.0005,cpu,False,False,5,48,676,0.4456724524497986
fixed_random,0,results_v3_lr0p1,results_v3_lr0p1,small_cnn,sgd,10,128,20000,0.1,0.9,0.0005,cpu,False,False,5,49,677,0.1035856157541275
fixed_random,0,results_v3_lr0p1,results_v3_lr0p1,small_cnn,sgd,10,128,20000,0.1,0.9,0.0005,cpu,False,False,5,50,678,0.2941787838935852
fixed_random,0,results_v3_lr0p1,results_v3_lr0p1,small_cnn,sgd,10,128,20000,0.1,0.9,0.0005,cpu,False,False,5,51,679,0.40833282470703125
fixed_random,0,results_v3_lr0p1,results_v3_lr0p1,small_cnn,sgd,10,128,20000,0.1,0.9,0.0005,cpu,False,False,5,52,680,0.30362051725387573
fixed_random,0,results_v3_lr0p1,results_v3_lr0p1,small_cnn,sgd,10,128,20000,0.1,0.9,0.0005,cpu,False,False,5,53,681,0.08469097316265106
fixed_random,0,results_v3_lr0p1,results_v3_lr0p1,small_cnn,sgd,10,128,20000,0.1,0.9,0.0005,cpu,False,False,5,54,682,0.17241673171520233
fixed_random,0,results_v3_lr0p1,results_v3_lr0p1,small_cnn,sgd,10,128,20000,0.1,0.9,0.0005,cpu,False,False,5,55,683,0.3821098208427429
fixed_random,0,results_v3_lr0p1,results_v3_lr0p1,small_cnn,sgd,10,128,20000,0.1,0.9,0.0005,cpu,False,False,5,56,684,0.2634902000427246
fixed_random,0,results_v3_lr0p1,results_v3_lr0p1,small_cnn,sgd,10,128,20000,0.1,0.9,0.0005,cpu,False,False,5,57,685,0.2686663866043091
fixed_random,0,results_v3_lr0p1,results_v3_lr0p1,small_cnn,sgd,10,128,20000,0.1,0.9,0.0005,cpu,False,False,5,58,686,0.28228142857551575
fixed_random,0,results_v3_lr0p1,results_v3_lr0p1,small_cnn,sgd,10,128,20000,0.1,0.9,0.0005,cpu,False,False,5,59,687,0.33550578355789185
fixed_random,0,results_v3_lr0p1,results_v3_lr0p1,small_cnn,sgd,10,128,20000,0.1,0.9,0.0005,cpu,False,False,5,60,688,-0.136347696185112
fixed_random,0,results_v3_lr0p1,results_v3_lr0p1,small_cnn,sgd,10,128,20000,0.1,0.9,0.0005,cpu,False,False,5,61,689,0.06882040202617645
fixed_random,0,results_v3_lr0p1,results_v3_lr0p1,small_cnn,sgd,10,128,20000,0.1,0.9,0.0005,cpu,False,False,5,62,690,0.5057779550552368
fixed_random,0,results_v3_lr0p1,results_v3_lr0p1,small_cnn,sgd,10,128,20000,0.1,0.9,0.0005,cpu,False,False,5,63,691,0.6729589700698853
fixed_random,0,results_v3_lr0p1,results_v3_lr0p1,small_cnn,sgd,10,128,20000,0.1,0.9,0.0005,cpu,False,False,5,64,692,0.1019924134016037
fixed_random,0,results_v3_lr0p1,results_v3_lr0p1,small_cnn,sgd,10,128,20000,0.1,0.9,0.0005,cpu,False,False,5,65,693,0.02515309676527977
fixed_random,0,results_v3_lr0p1,results_v3_lr0p1,small_cnn,sgd,10,128,20000,0.1,0.9,0.0005,cpu,False,False,5,66,694,0.5207921266555786
fixed_random,0,results_v3_lr0p1,results_v3_lr0p1,small_cnn,sgd,10,128,20000,0.1,0.9,0.0005,cpu,False,False,5,67,695,0.4205632507801056
fixed_random,0,results_v3_lr0p1,results_v3_lr0p1,small_cnn,sgd,10,128,20000,0.1,0.9,0.0005,cpu,False,False,5,68,696,0.30830085277557373
fixed_random,0,results_v3_lr0p1,results_v3_lr0p1,small_cnn,sgd,10,128,20000,0.1,0.9,0.0005,cpu,False,False,5,69,697,0.21300196647644043
fixed_random,0,results_v3_lr0p1,results_v3_lr0p1,small_cnn,sgd,10,128,20000,0.1,0.9,0.0005,cpu,False,False,5,70,698,0.1490824669599533
fixed_random,0,results_v3_lr0p1,results_v3_lr0p1,small_cnn,sgd,10,128,20000,0.1,0.9,0.0005,cpu,False,False,5,71,699,0.5590680241584778
fixed_random,0,results_v3_lr0p1,results_v3_lr0p1,small_cnn,sgd,10,128,20000,0.1,0.9,0.0005,cpu,False,False,5,72,700,0.44307923316955566
fixed_random,0,results_v3_lr0p1,results_v3_lr0p1,small_cnn,sgd,10,128,20000,0.1,0.9,0.0005,cpu,False,False,5,73,701,0.1303158402442932
fixed_random,0,results_v3_lr0p1,results_v3_lr0p1,small_cnn,sgd,10,128,20000,0.1,0.9,0.0005,cpu,False,False,5,74,702,0.17445658147335052
fixed_random,0,results_v3_lr0p1,results_v3_lr0p1,small_cnn,sgd,10,128,20000,0.1,0.9,0.0005,cpu,False,False,5,75,703,-0.09702438116073608
fixed_random,0,results_v3_lr0p1,results_v3_lr0p1,small_cnn,sgd,10,128,20000,0.1,0.9,0.0005,cpu,False,False,5,76,704,0.27267181873321533
fixed_random,0,results_v3_lr0p1,results_v3_lr0p1,small_cnn,sgd,10,128,20000,0.1,0.9,0.0005,cpu,False,False,5,77,705,0.1520610898733139
fixed_random,0,results_v3_lr0p1,results_v3_lr0p1,small_cnn,sgd,10,128,20000,0.1,0.9,0.0005,cpu,False,False,5,78,706,0.40460073947906494
fixed_random,0,results_v3_lr0p1,results_v3_lr0p1,small_cnn,sgd,10,128,20000,0.1,0.9,0.0005,cpu,False,False,5,79,707,0.32339978218078613
fixed_random,0,results_v3_lr0p1,results_v3_lr0p1,small_cnn,sgd,10,128,20000,0.1,0.9,0.0005,cpu,False,False,5,80,708,0.25738751888275146
fixed_random,0,results_v3_lr0p1,results_v3_lr0p1,small_cnn,sgd,10,128,20000,0.1,0.9,0.0005,cpu,False,False,5,81,709,0.23493465781211853
fixed_random,0,results_v3_lr0p1,results_v3_lr0p1,small_cnn,sgd,10,128,20000,0.1,0.9,0.0005,cpu,False,False,5,82,710,0.08361510932445526
fixed_random,0,results_v3_lr0p1,results_v3_lr0p1,small_cnn,sgd,10,128,20000,0.1,0.9,0.0005,cpu,False,False,5,83,711,0.1970977783203125
fixed_random,0,results_v3_lr0p1,results_v3_lr0p1,small_cnn,sgd,10,128,20000,0.1,0.9,0.0005,cpu,False,False,5,84,712,0.3301158547401428
fixed_random,0,results_v3_lr0p1,results_v3_lr0p1,small_cnn,sgd,10,128,20000,0.1,0.9,0.0005,cpu,False,False,5,85,713,0.3405844271183014
fixed_random,0,results_v3_lr0p1,results_v3_lr0p1,small_cnn,sgd,10,128,20000,0.1,0.9,0.0005,cpu,False,False,5,86,714,-0.175121009349823
fixed_random,0,results_v3_lr0p1,results_v3_lr0p1,small_cnn,sgd,10,128,20000,0.1,0.9,0.0005,cpu,False,False,5,87,715,0.49149948358535767
fixed_random,0,results_v3_lr0p1,results_v3_lr0p1,small_cnn,sgd,10,128,20000,0.1,0.9,0.0005,cpu,False,False,5,88,716,0.15604232251644135
fixed_random,0,results_v3_lr0p1,results_v3_lr0p1,small_cnn,sgd,10,128,20000,0.1,0.9,0.0005,cpu,False,False,5,89,717,0.06885869055986404
fixed_random,0,results_v3_lr0p1,results_v3_lr0p1,small_cnn,sgd,10,128,20000,0.1,0.9,0.0005,cpu,False,False,5,90,718,-0.0839785560965538
fixed_random,0,results_v3_lr0p1,results_v3_lr0p1,small_cnn,sgd,10,128,20000,0.1,0.9,0.0005,cpu,False,False,5,91,719,0.4925917088985443
fixed_random,0,results_v3_lr0p1,results_v3_lr0p1,small_cnn,sgd,10,128,20000,0.1,0.9,0.0005,cpu,False,False,5,92,720,0.12357289344072342
fixed_random,0,results_v3_lr0p1,results_v3_lr0p1,small_cnn,sgd,10,128,20000,0.1,0.9,0.0005,cpu,False,False,5,93,721,0.04846574366092682
fixed_random,0,results_v3_lr0p1,results_v3_lr0p1,small_cnn,sgd,10,128,20000,0.1,0.9,0.0005,cpu,False,False,5,94,722,0.15573535859584808
fixed_random,0,results_v3_lr0p1,results_v3_lr0p1,small_cnn,sgd,10,128,20000,0.1,0.9,0.0005,cpu,False,False,5,95,723,0.13663871586322784
fixed_random,0,results_v3_lr0p1,results_v3_lr0p1,small_cnn,sgd,10,128,20000,0.1,0.9,0.0005,cpu,False,False,5,96,724,0.3463200628757477
fixed_random,0,results_v3_lr0p1,results_v3_lr0p1,small_cnn,sgd,10,128,20000,0.1,0.9,0.0005,cpu,False,False,5,97,725,0.48135802149772644
fixed_random,0,results_v3_lr0p1,results_v3_lr0p1,small_cnn,sgd,10,128,20000,0.1,0.9,0.0005,cpu,False,False,5,98,726,0.23230384290218353
fixed_random,0,results_v3_lr0p1,results_v3_lr0p1,small_cnn,sgd,10,128,20000,0.1,0.9,0.0005,cpu,False,False,5,99,727,0.13103355467319489
fixed_random,0,results_v3_lr0p1,results_v3_lr0p1,small_cnn,sgd,10,128,20000,0.1,0.9,0.0005,cpu,False,False,5,100,728,0.037608787417411804
fixed_random,0,results_v3_lr0p1,results_v3_lr0p1,small_cnn,sgd,10,128,20000,0.1,0.9,0.0005,cpu,False,False,5,101,729,0.3425118327140808
fixed_random,0,results_v3_lr0p1,results_v3_lr0p1,small_cnn,sgd,10,128,20000,0.1,0.9,0.0005,cpu,False,False,5,102,730,-0.015527108684182167
fixed_random,0,results_v3_lr0p1,results_v3_lr0p1,small_cnn,sgd,10,128,20000,0.1,0.9,0.0005,cpu,False,False,5,103,731,0.2527632713317871
fixed_random,0,results_v3_lr0p1,results_v3_lr0p1,small_cnn,sgd,10,128,20000,0.1,0.9,0.0005,cpu,False,False,5,104,732,0.4072975218296051
fixed_random,0,results_v3_lr0p1,results_v3_lr0p1,small_cnn,sgd,10,128,20000,0.1,0.9,0.0005,cpu,False,False,5,105,733,0.2631441354751587
fixed_random,0,results_v3_lr0p1,results_v3_lr0p1,small_cnn,sgd,10,128,20000,0.1,0.9,0.0005,cpu,False,False,5,106,734,0.381985604763031
fixed_random,0,results_v3_lr0p1,results_v3_lr0p1,small_cnn,sgd,10,128,20000,0.1,0.9,0.0005,cpu,False,False,5,107,735,0.465738981962204
fixed_random,0,results_v3_lr0p1,results_v3_lr0p1,small_cnn,sgd,10,128,20000,0.1,0.9,0.0005,cpu,False,False,5,108,736,-0.08882897347211838
fixed_random,0,results_v3_lr0p1,results_v3_lr0p1,small_cnn,sgd,10,128,20000,0.1,0.9,0.0005,cpu,False,False,5,109,737,0.4246244430541992
fixed_random,0,results_v3_lr0p1,results_v3_lr0p1,small_cnn,sgd,10,128,20000,0.1,0.9,0.0005,cpu,False,False,5,110,738,0.31351029872894287
fixed_random,0,results_v3_lr0p1,results_v3_lr0p1,small_cnn,sgd,10,128,20000,0.1,0.9,0.0005,cpu,False,False,5,111,739,0.1966399997472763
fixed_random,0,results_v3_lr0p1,results_v3_lr0p1,small_cnn,sgd,10,128,20000,0.1,0.9,0.0005,cpu,False,False,5,112,740,0.22126899659633636
fixed_random,0,results_v3_lr0p1,results_v3_lr0p1,small_cnn,sgd,10,128,20000,0.1,0.9,0.0005,cpu,False,False,5,113,741,0.06787294894456863
fixed_random,0,results_v3_lr0p1,results_v3_lr0p1,small_cnn,sgd,10,128,20000,0.1,0.9,0.0005,cpu,False,False,5,114,742,0.43453067541122437
fixed_random,0,results_v3_lr0p1,results_v3_lr0p1,small_cnn,sgd,10,128,20000,0.1,0.9,0.0005,cpu,False,False,5,115,743,0.42896828055381775
fixed_random,0,results_v3_lr0p1,results_v3_lr0p1,small_cnn,sgd,10,128,20000,0.1,0.9,0.0005,cpu,False,False,5,116,744,0.19394974410533905
fixed_random,0,results_v3_lr0p1,results_v3_lr0p1,small_cnn,sgd,10,128,20000,0.1,0.9,0.0005,cpu,False,False,5,117,745,0.023309525102376938
fixed_random,0,results_v3_lr0p1,results_v3_lr0p1,small_cnn,sgd,10,128,20000,0.1,0.9,0.0005,cpu,False,False,5,118,746,0.18639259040355682
fixed_random,0,results_v3_lr0p1,results_v3_lr0p1,small_cnn,sgd,10,128,20000,0.1,0.9,0.0005,cpu,False,False,5,119,747,0.19428510963916779
fixed_random,0,results_v3_lr0p1,results_v3_lr0p1,small_cnn,sgd,10,128,20000,0.1,0.9,0.0005,cpu,False,False,5,120,748,0.12506745755672455
fixed_random,0,results_v3_lr0p1,results_v3_lr0p1,small_cnn,sgd,10,128,20000,0.1,0.9,0.0005,cpu,False,False,5,121,749,0.4521649479866028
fixed_random,0,results_v3_lr0p1,results_v3_lr0p1,small_cnn,sgd,10,128,20000,0.1,0.9,0.0005,cpu,False,False,5,122,750,0.4390861988067627
fixed_random,0,results_v3_lr0p1,results_v3_lr0p1,small_cnn,sgd,10,128,20000,0.1,0.9,0.0005,cpu,False,False,5,123,751,0.2989805340766907
fixed_random,0,results_v3_lr0p1,results_v3_lr0p1,small_cnn,sgd,10,128,20000,0.1,0.9,0.0005,cpu,False,False,5,124,752,0.12683919072151184
fixed_random,0,results_v3_lr0p1,results_v3_lr0p1,small_cnn,sgd,10,128,20000,0.1,0.9,0.0005,cpu,False,False,5,125,753,-0.10871653258800507
fixed_random,0,results_v3_lr0p1,results_v3_lr0p1,small_cnn,sgd,10,128,20000,0.1,0.9,0.0005,cpu,False,False,5,126,754,0.19409525394439697
fixed_random,0,results_v3_lr0p1,results_v3_lr0p1,small_cnn,sgd,10,128,20000,0.1,0.9,0.0005,cpu,False,False,5,127,755,0.37449002265930176
fixed_random,0,results_v3_lr0p1,results_v3_lr0p1,small_cnn,sgd,10,128,20000,0.1,0.9,0.0005,cpu,False,False,5,128,756,0.18306617438793182
fixed_random,0,results_v3_lr0p1,results_v3_lr0p1,small_cnn,sgd,10,128,20000,0.1,0.9,0.0005,cpu,False,False,5,129,757,0.33449628949165344
fixed_random,0,results_v3_lr0p1,results_v3_lr0p1,small_cnn,sgd,10,128,20000,0.1,0.9,0.0005,cpu,False,False,5,130,758,0.3982188403606415
fixed_random,0,results_v3_lr0p1,results_v3_lr0p1,small_cnn,sgd,10,128,20000,0.1,0.9,0.0005,cpu,False,False,5,131,759,0.16765551269054413
fixed_random,0,results_v3_lr0p1,results_v3_lr0p1,small_cnn,sgd,10,128,20000,0.1,0.9,0.0005,cpu,False,False,5,132,760,0.010158751159906387
fixed_random,0,results_v3_lr0p1,results_v3_lr0p1,small_cnn,sgd,10,128,20000,0.1,0.9,0.0005,cpu,False,False,5,133,761,0.039165347814559937
fixed_random,0,results_v3_lr0p1,results_v3_lr0p1,small_cnn,sgd,10,128,20000,0.1,0.9,0.0005,cpu,False,False,5,134,762,0.3741813004016876
fixed_random,0,results_v3_lr0p1,results_v3_lr0p1,small_cnn,sgd,10,128,20000,0.1,0.9,0.0005,cpu,False,False,5,135,763,0.2551426291465759
fixed_random,0,results_v3_lr0p1,results_v3_lr0p1,small_cnn,sgd,10,128,20000,0.1,0.9,0.0005,cpu,False,False,5,136,764,0.5718274116516113
fixed_random,0,results_v3_lr0p1,results_v3_lr0p1,small_cnn,sgd,10,128,20000,0.1,0.9,0.0005,cpu,False,False,5,137,765,0.19415967166423798
fixed_random,0,results_v3_lr0p1,results_v3_lr0p1,small_cnn,sgd,10,128,20000,0.1,0.9,0.0005,cpu,False,False,5,138,766,-0.1522660255432129
fixed_random,0,results_v3_lr0p1,results_v3_lr0p1,small_cnn,sgd,10,128,20000,0.1,0.9,0.0005,cpu,False,False,5,139,767,0.38383054733276367
fixed_random,0,results_v3_lr0p1,results_v3_lr0p1,small_cnn,sgd,10,128,20000,0.1,0.9,0.0005,cpu,False,False,5,140,768,0.23110978305339813
fixed_random,0,results_v3_lr0p1,results_v3_lr0p1,small_cnn,sgd,10,128,20000,0.1,0.9,0.0005,cpu,False,False,5,141,769,0.17388395965099335
fixed_random,0,results_v3_lr0p1,results_v3_lr0p1,small_cnn,sgd,10,128,20000,0.1,0.9,0.0005,cpu,False,False,5,142,770,0.20099791884422302
fixed_random,0,results_v3_lr0p1,results_v3_lr0p1,small_cnn,sgd,10,128,20000,0.1,0.9,0.0005,cpu,False,False,5,143,771,0.05547814816236496
fixed_random,0,results_v3_lr0p1,results_v3_lr0p1,small_cnn,sgd,10,128,20000,0.1,0.9,0.0005,cpu,False,False,5,144,772,0.22116431593894958
fixed_random,0,results_v3_lr0p1,results_v3_lr0p1,small_cnn,sgd,10,128,20000,0.1,0.9,0.0005,cpu,False,False,5,145,773,0.002768118865787983
fixed_random,0,results_v3_lr0p1,results_v3_lr0p1,small_cnn,sgd,10,128,20000,0.1,0.9,0.0005,cpu,False,False,5,146,774,0.5007157325744629
fixed_random,0,results_v3_lr0p1,results_v3_lr0p1,small_cnn,sgd,10,128,20000,0.1,0.9,0.0005,cpu,False,False,5,147,775,0.13851967453956604
fixed_random,0,results_v3_lr0p1,results_v3_lr0p1,small_cnn,sgd,10,128,20000,0.1,0.9,0.0005,cpu,False,False,5,148,776,0.2362406700849533
fixed_random,0,results_v3_lr0p1,results_v3_lr0p1,small_cnn,sgd,10,128,20000,0.1,0.9,0.0005,cpu,False,False,5,149,777,0.2872574031352997
fixed_random,0,results_v3_lr0p1,results_v3_lr0p1,small_cnn,sgd,10,128,20000,0.1,0.9,0.0005,cpu,False,False,5,150,778,0.39387649297714233
fixed_random,0,results_v3_lr0p1,results_v3_lr0p1,small_cnn,sgd,10,128,20000,0.1,0.9,0.0005,cpu,False,False,5,151,779,0.11420615017414093
fixed_random,0,results_v3_lr0p1,results_v3_lr0p1,small_cnn,sgd,10,128,20000,0.1,0.9,0.0005,cpu,False,False,5,152,780,0.11023087054491043
fixed_random,0,results_v3_lr0p1,results_v3_lr0p1,small_cnn,sgd,10,128,20000,0.1,0.9,0.0005,cpu,False,False,5,153,781,0.08413533866405487
fixed_random,0,results_v3_lr0p1,results_v3_lr0p1,small_cnn,sgd,10,128,20000,0.1,0.9,0.0005,cpu,False,False,5,154,782,0.2818959951400757
fixed_random,0,results_v3_lr0p1,results_v3_lr0p1,small_cnn,sgd,10,128,20000,0.1,0.9,0.0005,cpu,False,False,5,155,783,0.2816177010536194
fixed_random,0,results_v3_lr0p1,results_v3_lr0p1,small_cnn,sgd,10,128,20000,0.1,0.9,0.0005,cpu,False,False,5,156,784,0.2564293444156647
fixed_random,0,results_v3_lr0p1,results_v3_lr0p1,small_cnn,sgd,10,128,20000,0.1,0.9,0.0005,cpu,False,False,5,157,785,0.12966109812259674
fixed_random,0,results_v3_lr0p1,results_v3_lr0p1,small_cnn,sgd,10,128,20000,0.1,0.9,0.0005,cpu,False,False,6,1,786,-0.2358015924692154
fixed_random,0,results_v3_lr0p1,results_v3_lr0p1,small_cnn,sgd,10,128,20000,0.1,0.9,0.0005,cpu,False,False,6,2,787,0.3524327278137207
fixed_random,0,results_v3_lr0p1,results_v3_lr0p1,small_cnn,sgd,10,128,20000,0.1,0.9,0.0005,cpu,False,False,6,3,788,0.5307447910308838
fixed_random,0,results_v3_lr0p1,results_v3_lr0p1,small_cnn,sgd,10,128,20000,0.1,0.9,0.0005,cpu,False,False,6,4,789,0.39645278453826904
fixed_random,0,results_v3_lr0p1,results_v3_lr0p1,small_cnn,sgd,10,128,20000,0.1,0.9,0.0005,cpu,False,False,6,5,790,0.19159068167209625
fixed_random,0,results_v3_lr0p1,results_v3_lr0p1,small_cnn,sgd,10,128,20000,0.1,0.9,0.0005,cpu,False,False,6,6,791,-0.25375041365623474
fixed_random,0,results_v3_lr0p1,results_v3_lr0p1,small_cnn,sgd,10,128,20000,0.1,0.9,0.0005,cpu,False,False,6,7,792,0.21423667669296265
fixed_random,0,results_v3_lr0p1,results_v3_lr0p1,small_cnn,sgd,10,128,20000,0.1,0.9,0.0005,cpu,False,False,6,8,793,0.4305728077888489
fixed_random,0,results_v3_lr0p1,results_v3_lr0p1,small_cnn,sgd,10,128,20000,0.1,0.9,0.0005,cpu,False,False,6,9,794,0.3953959345817566
fixed_random,0,results_v3_lr0p1,results_v3_lr0p1,small_cnn,sgd,10,128,20000,0.1,0.9,0.0005,cpu,False,False,6,10,795,-0.006960456725209951
fixed_random,0,results_v3_lr0p1,results_v3_lr0p1,small_cnn,sgd,10,128,20000,0.1,0.9,0.0005,cpu,False,False,6,11,796,-0.1184120923280716
fixed_random,0,results_v3_lr0p1,results_v3_lr0p1,small_cnn,sgd,10,128,20000,0.1,0.9,0.0005,cpu,False,False,6,12,797,0.14413583278656006
fixed_random,0,results_v3_lr0p1,results_v3_lr0p1,small_cnn,sgd,10,128,20000,0.1,0.9,0.0005,cpu,False,False,6,13,798,-0.08315087109804153
fixed_random,0,results_v3_lr0p1,results_v3_lr0p1,small_cnn,sgd,10,128,20000,0.1,0.9,0.0005,cpu,False,False,6,14,799,0.20861203968524933
fixed_random,0,results_v3_lr0p1,results_v3_lr0p1,small_cnn,sgd,10,128,20000,0.1,0.9,0.0005,cpu,False,False,6,15,800,0.3711715638637543
fixed_random,0,results_v3_lr0p1,results_v3_lr0p1,small_cnn,sgd,10,128,20000,0.1,0.9,0.0005,cpu,False,False,6,16,801,0.2303449958562851
fixed_random,0,results_v3_lr0p1,results_v3_lr0p1,small_cnn,sgd,10,128,20000,0.1,0.9,0.0005,cpu,False,False,6,17,802,0.10065431892871857
fixed_random,0,results_v3_lr0p1,results_v3_lr0p1,small_cnn,sgd,10,128,20000,0.1,0.9,0.0005,cpu,False,False,6,18,803,-0.11665122956037521
fixed_random,0,results_v3_lr0p1,results_v3_lr0p1,small_cnn,sgd,10,128,20000,0.1,0.9,0.0005,cpu,False,False,6,19,804,0.26448991894721985
fixed_random,0,results_v3_lr0p1,results_v3_lr0p1,small_cnn,sgd,10,128,20000,0.1,0.9,0.0005,cpu,False,False,6,20,805,0.08059561997652054
fixed_random,0,results_v3_lr0p1,results_v3_lr0p1,small_cnn,sgd,10,128,20000,0.1,0.9,0.0005,cpu,False,False,6,21,806,-0.09646346420049667
fixed_random,0,results_v3_lr0p1,results_v3_lr0p1,small_cnn,sgd,10,128,20000,0.1,0.9,0.0005,cpu,False,False,6,22,807,0.1166321337223053
fixed_random,0,results_v3_lr0p1,results_v3_lr0p1,small_cnn,sgd,10,128,20000,0.1,0.9,0.0005,cpu,False,False,6,23,808,0.3335121273994446
fixed_random,0,results_v3_lr0p1,results_v3_lr0p1,small_cnn,sgd,10,128,20000,0.1,0.9,0.0005,cpu,False,False,6,24,809,0.33137747645378113
fixed_random,0,results_v3_lr0p1,results_v3_lr0p1,small_cnn,sgd,10,128,20000,0.1,0.9,0.0005,cpu,False,False,6,25,810,0.22869913280010223
fixed_random,0,results_v3_lr0p1,results_v3_lr0p1,small_cnn,sgd,10,128,20000,0.1,0.9,0.0005,cpu,False,False,6,26,811,0.22834870219230652
fixed_random,0,results_v3_lr0p1,results_v3_lr0p1,small_cnn,sgd,10,128,20000,0.1,0.9,0.0005,cpu,False,False,6,27,812,-0.20049422979354858
fixed_random,0,results_v3_lr0p1,results_v3_lr0p1,small_cnn,sgd,10,128,20000,0.1,0.9,0.0005,cpu,False,False,6,28,813,0.12311138957738876
fixed_random,0,results_v3_lr0p1,results_v3_lr0p1,small_cnn,sgd,10,128,20000,0.1,0.9,0.0005,cpu,False,False,6,29,814,0.16285207867622375
fixed_random,0,results_v3_lr0p1,results_v3_lr0p1,small_cnn,sgd,10,128,20000,0.1,0.9,0.0005,cpu,False,False,6,30,815,0.10461685061454773
fixed_random,0,results_v3_lr0p1,results_v3_lr0p1,small_cnn,sgd,10,128,20000,0.1,0.9,0.0005,cpu,False,False,6,31,816,-0.03027060441672802
fixed_random,0,results_v3_lr0p1,results_v3_lr0p1,small_cnn,sgd,10,128,20000,0.1,0.9,0.0005,cpu,False,False,6,32,817,0.30432966351509094
fixed_random,0,results_v3_lr0p1,results_v3_lr0p1,small_cnn,sgd,10,128,20000,0.1,0.9,0.0005,cpu,False,False,6,33,818,0.09767387062311172
fixed_random,0,results_v3_lr0p1,results_v3_lr0p1,small_cnn,sgd,10,128,20000,0.1,0.9,0.0005,cpu,False,False,6,34,819,-0.009286567568778992
fixed_random,0,results_v3_lr0p1,results_v3_lr0p1,small_cnn,sgd,10,128,20000,0.1,0.9,0.0005,cpu,False,False,6,35,820,0.1732322871685028
fixed_random,0,results_v3_lr0p1,results_v3_lr0p1,small_cnn,sgd,10,128,20000,0.1,0.9,0.0005,cpu,False,False,6,36,821,0.384207159280777
fixed_random,0,results_v3_lr0p1,results_v3_lr0p1,small_cnn,sgd,10,128,20000,0.1,0.9,0.0005,cpu,False,False,6,37,822,0.201284259557724
fixed_random,0,results_v3_lr0p1,results_v3_lr0p1,small_cnn,sgd,10,128,20000,0.1,0.9,0.0005,cpu,False,False,6,38,823,0.09987495094537735
fixed_random,0,results_v3_lr0p1,results_v3_lr0p1,small_cnn,sgd,10,128,20000,0.1,0.9,0.0005,cpu,False,False,6,39,824,0.1989741176366806
fixed_random,0,results_v3_lr0p1,results_v3_lr0p1,small_cnn,sgd,10,128,20000,0.1,0.9,0.0005,cpu,False,False,6,40,825,0.2521038055419922
fixed_random,0,results_v3_lr0p1,results_v3_lr0p1,small_cnn,sgd,10,128,20000,0.1,0.9,0.0005,cpu,False,False,6,41,826,-0.2230324000120163
fixed_random,0,results_v3_lr0p1,results_v3_lr0p1,small_cnn,sgd,10,128,20000,0.1,0.9,0.0005,cpu,False,False,6,42,827,0.14490585029125214
fixed_random,0,results_v3_lr0p1,results_v3_lr0p1,small_cnn,sgd,10,128,20000,0.1,0.9,0.0005,cpu,False,False,6,43,828,0.29417669773101807
fixed_random,0,results_v3_lr0p1,results_v3_lr0p1,small_cnn,sgd,10,128,20000,0.1,0.9,0.0005,cpu,False,False,6,44,829,0.2858106791973114
fixed_random,0,results_v3_lr0p1,results_v3_lr0p1,small_cnn,sgd,10,128,20000,0.1,0.9,0.0005,cpu,False,False,6,45,830,0.07569326460361481
fixed_random,0,results_v3_lr0p1,results_v3_lr0p1,small_cnn,sgd,10,128,20000,0.1,0.9,0.0005,cpu,False,False,6,46,831,-0.14060379564762115
fixed_random,0,results_v3_lr0p1,results_v3_lr0p1,small_cnn,sgd,10,128,20000,0.1,0.9,0.0005,cpu,False,False,6,47,832,0.5794663429260254
fixed_random,0,results_v3_lr0p1,results_v3_lr0p1,small_cnn,sgd,10,128,20000,0.1,0.9,0.0005,cpu,False,False,6,48,833,0.30746883153915405
fixed_random,0,results_v3_lr0p1,results_v3_lr0p1,small_cnn,sgd,10,128,20000,0.1,0.9,0.0005,cpu,False,False,6,49,834,0.2191532999277115
fixed_random,0,results_v3_lr0p1,results_v3_lr0p1,small_cnn,sgd,10,128,20000,0.1,0.9,0.0005,cpu,False,False,6,50,835,0.25112971663475037
fixed_random,0,results_v3_lr0p1,results_v3_lr0p1,small_cnn,sgd,10,128,20000,0.1,0.9,0.0005,cpu,False,False,6,51,836,0.35154980421066284
fixed_random,0,results_v3_lr0p1,results_v3_lr0p1,small_cnn,sgd,10,128,20000,0.1,0.9,0.0005,cpu,False,False,6,52,837,0.42258819937705994
fixed_random,0,results_v3_lr0p1,results_v3_lr0p1,small_cnn,sgd,10,128,20000,0.1,0.9,0.0005,cpu,False,False,6,53,838,0.28616365790367126
fixed_random,0,results_v3_lr0p1,results_v3_lr0p1,small_cnn,sgd,10,128,20000,0.1,0.9,0.0005,cpu,False,False,6,54,839,0.07495468109846115
fixed_random,0,results_v3_lr0p1,results_v3_lr0p1,small_cnn,sgd,10,128,20000,0.1,0.9,0.0005,cpu,False,False,6,55,840,0.23948265612125397
fixed_random,0,results_v3_lr0p1,results_v3_lr0p1,small_cnn,sgd,10,128,20000,0.1,0.9,0.0005,cpu,False,False,6,56,841,0.4359811246395111
fixed_random,0,results_v3_lr0p1,results_v3_lr0p1,small_cnn,sgd,10,128,20000,0.1,0.9,0.0005,cpu,False,False,6,57,842,0.25267091393470764
fixed_random,0,results_v3_lr0p1,results_v3_lr0p1,small_cnn,sgd,10,128,20000,0.1,0.9,0.0005,cpu,False,False,6,58,843,0.37825527787208557
fixed_random,0,results_v3_lr0p1,results_v3_lr0p1,small_cnn,sgd,10,128,20000,0.1,0.9,0.0005,cpu,False,False,6,59,844,0.4998461902141571
fixed_random,0,results_v3_lr0p1,results_v3_lr0p1,small_cnn,sgd,10,128,20000,0.1,0.9,0.0005,cpu,False,False,6,60,845,0.11616148799657822
fixed_random,0,results_v3_lr0p1,results_v3_lr0p1,small_cnn,sgd,10,128,20000,0.1,0.9,0.0005,cpu,False,False,6,61,846,-0.02716952934861183
fixed_random,0,results_v3_lr0p1,results_v3_lr0p1,small_cnn,sgd,10,128,20000,0.1,0.9,0.0005,cpu,False,False,6,62,847,0.451657772064209
fixed_random,0,results_v3_lr0p1,results_v3_lr0p1,small_cnn,sgd,10,128,20000,0.1,0.9,0.0005,cpu,False,False,6,63,848,0.5863530039787292
fixed_random,0,results_v3_lr0p1,results_v3_lr0p1,small_cnn,sgd,10,128,20000,0.1,0.9,0.0005,cpu,False,False,6,64,849,0.4730684459209442
fixed_random,0,results_v3_lr0p1,results_v3_lr0p1,small_cnn,sgd,10,128,20000,0.1,0.9,0.0005,cpu,False,False,6,65,850,0.052362821996212006
fixed_random,0,results_v3_lr0p1,results_v3_lr0p1,small_cnn,sgd,10,128,20000,0.1,0.9,0.0005,cpu,False,False,6,66,851,0.024969270452857018
fixed_random,0,results_v3_lr0p1,results_v3_lr0p1,small_cnn,sgd,10,128,20000,0.1,0.9,0.0005,cpu,False,False,6,67,852,0.3485298752784729
fixed_random,0,results_v3_lr0p1,results_v3_lr0p1,small_cnn,sgd,10,128,20000,0.1,0.9,0.0005,cpu,False,False,6,68,853,0.23599374294281006
fixed_random,0,results_v3_lr0p1,results_v3_lr0p1,small_cnn,sgd,10,128,20000,0.1,0.9,0.0005,cpu,False,False,6,69,854,0.23289085924625397
fixed_random,0,results_v3_lr0p1,results_v3_lr0p1,small_cnn,sgd,10,128,20000,0.1,0.9,0.0005,cpu,False,False,6,70,855,0.19447128474712372
fixed_random,0,results_v3_lr0p1,results_v3_lr0p1,small_cnn,sgd,10,128,20000,0.1,0.9,0.0005,cpu,False,False,6,71,856,0.3321535885334015
fixed_random,0,results_v3_lr0p1,results_v3_lr0p1,small_cnn,sgd,10,128,20000,0.1,0.9,0.0005,cpu,False,False,6,72,857,0.34049540758132935
fixed_random,0,results_v3_lr0p1,results_v3_lr0p1,small_cnn,sgd,10,128,20000,0.1,0.9,0.0005,cpu,False,False,6,73,858,0.20057453215122223
fixed_random,0,results_v3_lr0p1,results_v3_lr0p1,small_cnn,sgd,10,128,20000,0.1,0.9,0.0005,cpu,False,False,6,74,859,0.2151155024766922
fixed_random,0,results_v3_lr0p1,results_v3_lr0p1,small_cnn,sgd,10,128,20000,0.1,0.9,0.0005,cpu,False,False,6,75,860,-0.24918465316295624
fixed_random,0,results_v3_lr0p1,results_v3_lr0p1,small_cnn,sgd,10,128,20000,0.1,0.9,0.0005,cpu,False,False,6,76,861,0.010575116612017155
fixed_random,0,results_v3_lr0p1,results_v3_lr0p1,small_cnn,sgd,10,128,20000,0.1,0.9,0.0005,cpu,False,False,6,77,862,0.27270227670669556
fixed_random,0,results_v3_lr0p1,results_v3_lr0p1,small_cnn,sgd,10,128,20000,0.1,0.9,0.0005,cpu,False,False,6,78,863,0.3847856819629669
fixed_random,0,results_v3_lr0p1,results_v3_lr0p1,small_cnn,sgd,10,128,20000,0.1,0.9,0.0005,cpu,False,False,6,79,864,0.20794877409934998
fixed_random,0,results_v3_lr0p1,results_v3_lr0p1,small_cnn,sgd,10,128,20000,0.1,0.9,0.0005,cpu,False,False,6,80,865,0.07596336305141449
fixed_random,0,results_v3_lr0p1,results_v3_lr0p1,small_cnn,sgd,10,128,20000,0.1,0.9,0.0005,cpu,False,False,6,81,866,0.07841669023036957
fixed_random,0,results_v3_lr0p1,results_v3_lr0p1,small_cnn,sgd,10,128,20000,0.1,0.9,0.0005,cpu,False,False,6,82,867,0.14985863864421844
fixed_random,0,results_v3_lr0p1,results_v3_lr0p1,small_cnn,sgd,10,128,20000,0.1,0.9,0.0005,cpu,False,False,6,83,868,0.2654092013835907
fixed_random,0,results_v3_lr0p1,results_v3_lr0p1,small_cnn,sgd,10,128,20000,0.1,0.9,0.0005,cpu,False,False,6,84,869,0.12747646868228912
fixed_random,0,results_v3_lr0p1,results_v3_lr0p1,small_cnn,sgd,10,128,20000,0.1,0.9,0.0005,cpu,False,False,6,85,870,0.21288414299488068
fixed_random,0,results_v3_lr0p1,results_v3_lr0p1,small_cnn,sgd,10,128,20000,0.1,0.9,0.0005,cpu,False,False,6,86,871,-0.1540737897157669
fixed_random,0,results_v3_lr0p1,results_v3_lr0p1,small_cnn,sgd,10,128,20000,0.1,0.9,0.0005,cpu,False,False,6,87,872,0.3537670075893402
fixed_random,0,results_v3_lr0p1,results_v3_lr0p1,small_cnn,sgd,10,128,20000,0.1,0.9,0.0005,cpu,False,False,6,88,873,0.17757660150527954
fixed_random,0,results_v3_lr0p1,results_v3_lr0p1,small_cnn,sgd,10,128,20000,0.1,0.9,0.0005,cpu,False,False,6,89,874,0.14806179702281952
fixed_random,0,results_v3_lr0p1,results_v3_lr0p1,small_cnn,sgd,10,128,20000,0.1,0.9,0.0005,cpu,False,False,6,90,875,-0.06001129373908043
fixed_random,0,results_v3_lr0p1,results_v3_lr0p1,small_cnn,sgd,10,128,20000,0.1,0.9,0.0005,cpu,False,False,6,91,876,0.2239343523979187
fixed_random,0,results_v3_lr0p1,results_v3_lr0p1,small_cnn,sgd,10,128,20000,0.1,0.9,0.0005,cpu,False,False,6,92,877,0.061564136296510696
fixed_random,0,results_v3_lr0p1,results_v3_lr0p1,small_cnn,sgd,10,128,20000,0.1,0.9,0.0005,cpu,False,False,6,93,878,-0.10618314146995544
fixed_random,0,results_v3_lr0p1,results_v3_lr0p1,small_cnn,sgd,10,128,20000,0.1,0.9,0.0005,cpu,False,False,6,94,879,0.22224271297454834
fixed_random,0,results_v3_lr0p1,results_v3_lr0p1,small_cnn,sgd,10,128,20000,0.1,0.9,0.0005,cpu,False,False,6,95,880,0.20538869500160217
fixed_random,0,results_v3_lr0p1,results_v3_lr0p1,small_cnn,sgd,10,128,20000,0.1,0.9,0.0005,cpu,False,False,6,96,881,0.21378427743911743
fixed_random,0,results_v3_lr0p1,results_v3_lr0p1,small_cnn,sgd,10,128,20000,0.1,0.9,0.0005,cpu,False,False,6,97,882,0.21713994443416595
fixed_random,0,results_v3_lr0p1,results_v3_lr0p1,small_cnn,sgd,10,128,20000,0.1,0.9,0.0005,cpu,False,False,6,98,883,0.08119524270296097
fixed_random,0,results_v3_lr0p1,results_v3_lr0p1,small_cnn,sgd,10,128,20000,0.1,0.9,0.0005,cpu,False,False,6,99,884,-0.12755435705184937
fixed_random,0,results_v3_lr0p1,results_v3_lr0p1,small_cnn,sgd,10,128,20000,0.1,0.9,0.0005,cpu,False,False,6,100,885,-0.21472379565238953
fixed_random,0,results_v3_lr0p1,results_v3_lr0p1,small_cnn,sgd,10,128,20000,0.1,0.9,0.0005,cpu,False,False,6,101,886,0.40039315819740295
fixed_random,0,results_v3_lr0p1,results_v3_lr0p1,small_cnn,sgd,10,128,20000,0.1,0.9,0.0005,cpu,False,False,6,102,887,0.009717915207147598
fixed_random,0,results_v3_lr0p1,results_v3_lr0p1,small_cnn,sgd,10,128,20000,0.1,0.9,0.0005,cpu,False,False,6,103,888,0.08566821366548538
fixed_random,0,results_v3_lr0p1,results_v3_lr0p1,small_cnn,sgd,10,128,20000,0.1,0.9,0.0005,cpu,False,False,6,104,889,0.4171808362007141
fixed_random,0,results_v3_lr0p1,results_v3_lr0p1,small_cnn,sgd,10,128,20000,0.1,0.9,0.0005,cpu,False,False,6,105,890,0.17863041162490845
fixed_random,0,results_v3_lr0p1,results_v3_lr0p1,small_cnn,sgd,10,128,20000,0.1,0.9,0.0005,cpu,False,False,6,106,891,0.24105580151081085
fixed_random,0,results_v3_lr0p1,results_v3_lr0p1,small_cnn,sgd,10,128,20000,0.1,0.9,0.0005,cpu,False,False,6,107,892,0.06258764863014221
fixed_random,0,results_v3_lr0p1,results_v3_lr0p1,small_cnn,sgd,10,128,20000,0.1,0.9,0.0005,cpu,False,False,6,108,893,-0.04726583510637283
fixed_random,0,results_v3_lr0p1,results_v3_lr0p1,small_cnn,sgd,10,128,20000,0.1,0.9,0.0005,cpu,False,False,6,109,894,0.32232141494750977
fixed_random,0,results_v3_lr0p1,results_v3_lr0p1,small_cnn,sgd,10,128,20000,0.1,0.9,0.0005,cpu,False,False,6,110,895,0.06873102486133575
fixed_random,0,results_v3_lr0p1,results_v3_lr0p1,small_cnn,sgd,10,128,20000,0.1,0.9,0.0005,cpu,False,False,6,111,896,0.13244615495204926
fixed_random,0,results_v3_lr0p1,results_v3_lr0p1,small_cnn,sgd,10,128,20000,0.1,0.9,0.0005,cpu,False,False,6,112,897,0.08404669165611267
fixed_random,0,results_v3_lr0p1,results_v3_lr0p1,small_cnn,sgd,10,128,20000,0.1,0.9,0.0005,cpu,False,False,6,113,898,0.17402981221675873
fixed_random,0,results_v3_lr0p1,results_v3_lr0p1,small_cnn,sgd,10,128,20000,0.1,0.9,0.0005,cpu,False,False,6,114,899,0.2152986228466034
fixed_random,0,results_v3_lr0p1,results_v3_lr0p1,small_cnn,sgd,10,128,20000,0.1,0.9,0.0005,cpu,False,False,6,115,900,0.45479828119277954
fixed_random,0,results_v3_lr0p1,results_v3_lr0p1,small_cnn,sgd,10,128,20000,0.1,0.9,0.0005,cpu,False,False,6,116,901,0.29431527853012085
fixed_random,0,results_v3_lr0p1,results_v3_lr0p1,small_cnn,sgd,10,128,20000,0.1,0.9,0.0005,cpu,False,False,6,117,902,0.2522686719894409
fixed_random,0,results_v3_lr0p1,results_v3_lr0p1,small_cnn,sgd,10,128,20000,0.1,0.9,0.0005,cpu,False,False,6,118,903,0.18909987807273865
fixed_random,0,results_v3_lr0p1,results_v3_lr0p1,small_cnn,sgd,10,128,20000,0.1,0.9,0.0005,cpu,False,False,6,119,904,0.08404047787189484
fixed_random,0,results_v3_lr0p1,results_v3_lr0p1,small_cnn,sgd,10,128,20000,0.1,0.9,0.0005,cpu,False,False,6,120,905,0.2700105905532837
fixed_random,0,results_v3_lr0p1,results_v3_lr0p1,small_cnn,sgd,10,128,20000,0.1,0.9,0.0005,cpu,False,False,6,121,906,0.4442703127861023
fixed_random,0,results_v3_lr0p1,results_v3_lr0p1,small_cnn,sgd,10,128,20000,0.1,0.9,0.0005,cpu,False,False,6,122,907,0.4028937518596649
fixed_random,0,results_v3_lr0p1,results_v3_lr0p1,small_cnn,sgd,10,128,20000,0.1,0.9,0.0005,cpu,False,False,6,123,908,0.3661275804042816
fixed_random,0,results_v3_lr0p1,results_v3_lr0p1,small_cnn,sgd,10,128,20000,0.1,0.9,0.0005,cpu,False,False,6,124,909,-0.24718746542930603
fixed_random,0,results_v3_lr0p1,results_v3_lr0p1,small_cnn,sgd,10,128,20000,0.1,0.9,0.0005,cpu,False,False,6,125,910,0.17543530464172363
fixed_random,0,results_v3_lr0p1,results_v3_lr0p1,small_cnn,sgd,10,128,20000,0.1,0.9,0.0005,cpu,False,False,6,126,911,0.5847882032394409
fixed_random,0,results_v3_lr0p1,results_v3_lr0p1,small_cnn,sgd,10,128,20000,0.1,0.9,0.0005,cpu,False,False,6,127,912,0.5103605389595032
fixed_random,0,results_v3_lr0p1,results_v3_lr0p1,small_cnn,sgd,10,128,20000,0.1,0.9,0.0005,cpu,False,False,6,128,913,-0.23484712839126587
fixed_random,0,results_v3_lr0p1,results_v3_lr0p1,small_cnn,sgd,10,128,20000,0.1,0.9,0.0005,cpu,False,False,6,129,914,0.4597932696342468
fixed_random,0,results_v3_lr0p1,results_v3_lr0p1,small_cnn,sgd,10,128,20000,0.1,0.9,0.0005,cpu,False,False,6,130,915,0.4897928833961487
fixed_random,0,results_v3_lr0p1,results_v3_lr0p1,small_cnn,sgd,10,128,20000,0.1,0.9,0.0005,cpu,False,False,6,131,916,0.3585752844810486
fixed_random,0,results_v3_lr0p1,results_v3_lr0p1,small_cnn,sgd,10,128,20000,0.1,0.9,0.0005,cpu,False,False,6,132,917,0.15969039499759674
fixed_random,0,results_v3_lr0p1,results_v3_lr0p1,small_cnn,sgd,10,128,20000,0.1,0.9,0.0005,cpu,False,False,6,133,918,0.1680898666381836
fixed_random,0,results_v3_lr0p1,results_v3_lr0p1,small_cnn,sgd,10,128,20000,0.1,0.9,0.0005,cpu,False,False,6,134,919,0.26008620858192444
fixed_random,0,results_v3_lr0p1,results_v3_lr0p1,small_cnn,sgd,10,128,20000,0.1,0.9,0.0005,cpu,False,False,6,135,920,-0.05316594988107681
fixed_random,0,results_v3_lr0p1,results_v3_lr0p1,small_cnn,sgd,10,128,20000,0.1,0.9,0.0005,cpu,False,False,6,136,921,0.387531042098999
fixed_random,0,results_v3_lr0p1,results_v3_lr0p1,small_cnn,sgd,10,128,20000,0.1,0.9,0.0005,cpu,False,False,6,137,922,0.28941285610198975
fixed_random,0,results_v3_lr0p1,results_v3_lr0p1,small_cnn,sgd,10,128,20000,0.1,0.9,0.0005,cpu,False,False,6,138,923,-0.18288438022136688
fixed_random,0,results_v3_lr0p1,results_v3_lr0p1,small_cnn,sgd,10,128,20000,0.1,0.9,0.0005,cpu,False,False,6,139,924,0.414015531539917
fixed_random,0,results_v3_lr0p1,results_v3_lr0p1,small_cnn,sgd,10,128,20000,0.1,0.9,0.0005,cpu,False,False,6,140,925,0.21266622841358185
fixed_random,0,results_v3_lr0p1,results_v3_lr0p1,small_cnn,sgd,10,128,20000,0.1,0.9,0.0005,cpu,False,False,6,141,926,0.18967458605766296
fixed_random,0,results_v3_lr0p1,results_v3_lr0p1,small_cnn,sgd,10,128,20000,0.1,0.9,0.0005,cpu,False,False,6,142,927,-0.06659000366926193
fixed_random,0,results_v3_lr0p1,results_v3_lr0p1,small_cnn,sgd,10,128,20000,0.1,0.9,0.0005,cpu,False,False,6,143,928,-0.008574619889259338
fixed_random,0,results_v3_lr0p1,results_v3_lr0p1,small_cnn,sgd,10,128,20000,0.1,0.9,0.0005,cpu,False,False,6,144,929,0.2486436516046524
fixed_random,0,results_v3_lr0p1,results_v3_lr0p1,small_cnn,sgd,10,128,20000,0.1,0.9,0.0005,cpu,False,False,6,145,930,0.13463427126407623
fixed_random,0,results_v3_lr0p1,results_v3_lr0p1,small_cnn,sgd,10,128,20000,0.1,0.9,0.0005,cpu,False,False,6,146,931,0.4177442789077759
fixed_random,0,results_v3_lr0p1,results_v3_lr0p1,small_cnn,sgd,10,128,20000,0.1,0.9,0.0005,cpu,False,False,6,147,932,0.05646005645394325
fixed_random,0,results_v3_lr0p1,results_v3_lr0p1,small_cnn,sgd,10,128,20000,0.1,0.9,0.0005,cpu,False,False,6,148,933,0.15868492424488068
fixed_random,0,results_v3_lr0p1,results_v3_lr0p1,small_cnn,sgd,10,128,20000,0.1,0.9,0.0005,cpu,False,False,6,149,934,0.3035840392112732
fixed_random,0,results_v3_lr0p1,results_v3_lr0p1,small_cnn,sgd,10,128,20000,0.1,0.9,0.0005,cpu,False,False,6,150,935,0.4514155387878418
fixed_random,0,results_v3_lr0p1,results_v3_lr0p1,small_cnn,sgd,10,128,20000,0.1,0.9,0.0005,cpu,False,False,6,151,936,0.05921903997659683
fixed_random,0,results_v3_lr0p1,results_v3_lr0p1,small_cnn,sgd,10,128,20000,0.1,0.9,0.0005,cpu,False,False,6,152,937,0.08301158994436264
fixed_random,0,results_v3_lr0p1,results_v3_lr0p1,small_cnn,sgd,10,128,20000,0.1,0.9,0.0005,cpu,False,False,6,153,938,0.04350906237959862
fixed_random,0,results_v3_lr0p1,results_v3_lr0p1,small_cnn,sgd,10,128,20000,0.1,0.9,0.0005,cpu,False,False,6,154,939,0.14011985063552856
fixed_random,0,results_v3_lr0p1,results_v3_lr0p1,small_cnn,sgd,10,128,20000,0.1,0.9,0.0005,cpu,False,False,6,155,940,0.4181772768497467
fixed_random,0,results_v3_lr0p1,results_v3_lr0p1,small_cnn,sgd,10,128,20000,0.1,0.9,0.0005,cpu,False,False,6,156,941,0.32047444581985474
fixed_random,0,results_v3_lr0p1,results_v3_lr0p1,small_cnn,sgd,10,128,20000,0.1,0.9,0.0005,cpu,False,False,6,157,942,0.2711215615272522
fixed_random,0,results_v3_lr0p1,results_v3_lr0p1,small_cnn,sgd,10,128,20000,0.1,0.9,0.0005,cpu,False,False,7,1,943,-0.29565170407295227
fixed_random,0,results_v3_lr0p1,results_v3_lr0p1,small_cnn,sgd,10,128,20000,0.1,0.9,0.0005,cpu,False,False,7,2,944,0.45364102721214294
fixed_random,0,results_v3_lr0p1,results_v3_lr0p1,small_cnn,sgd,10,128,20000,0.1,0.9,0.0005,cpu,False,False,7,3,945,0.4125020205974579
fixed_random,0,results_v3_lr0p1,results_v3_lr0p1,small_cnn,sgd,10,128,20000,0.1,0.9,0.0005,cpu,False,False,7,4,946,0.3902592658996582
fixed_random,0,results_v3_lr0p1,results_v3_lr0p1,small_cnn,sgd,10,128,20000,0.1,0.9,0.0005,cpu,False,False,7,5,947,0.20422077178955078
fixed_random,0,results_v3_lr0p1,results_v3_lr0p1,small_cnn,sgd,10,128,20000,0.1,0.9,0.0005,cpu,False,False,7,6,948,-0.32268720865249634
fixed_random,0,results_v3_lr0p1,results_v3_lr0p1,small_cnn,sgd,10,128,20000,0.1,0.9,0.0005,cpu,False,False,7,7,949,0.22941985726356506
fixed_random,0,results_v3_lr0p1,results_v3_lr0p1,small_cnn,sgd,10,128,20000,0.1,0.9,0.0005,cpu,False,False,7,8,950,0.5257973074913025
fixed_random,0,results_v3_lr0p1,results_v3_lr0p1,small_cnn,sgd,10,128,20000,0.1,0.9,0.0005,cpu,False,False,7,9,951,0.16273736953735352
fixed_random,0,results_v3_lr0p1,results_v3_lr0p1,small_cnn,sgd,10,128,20000,0.1,0.9,0.0005,cpu,False,False,7,10,952,-0.04695095866918564
fixed_random,0,results_v3_lr0p1,results_v3_lr0p1,small_cnn,sgd,10,128,20000,0.1,0.9,0.0005,cpu,False,False,7,11,953,-0.08783954381942749
fixed_random,0,results_v3_lr0p1,results_v3_lr0p1,small_cnn,sgd,10,128,20000,0.1,0.9,0.0005,cpu,False,False,7,12,954,0.2757765054702759
fixed_random,0,results_v3_lr0p1,results_v3_lr0p1,small_cnn,sgd,10,128,20000,0.1,0.9,0.0005,cpu,False,False,7,13,955,0.1809970587491989
fixed_random,0,results_v3_lr0p1,results_v3_lr0p1,small_cnn,sgd,10,128,20000,0.1,0.9,0.0005,cpu,False,False,7,14,956,0.1151467114686966
fixed_random,0,results_v3_lr0p1,results_v3_lr0p1,small_cnn,sgd,10,128,20000,0.1,0.9,0.0005,cpu,False,False,7,15,957,0.21193087100982666
fixed_random,0,results_v3_lr0p1,results_v3_lr0p1,small_cnn,sgd,10,128,20000,0.1,0.9,0.0005,cpu,False,False,7,16,958,0.1687462031841278
fixed_random,0,results_v3_lr0p1,results_v3_lr0p1,small_cnn,sgd,10,128,20000,0.1,0.9,0.0005,cpu,False,False,7,17,959,0.11919911205768585
fixed_random,0,results_v3_lr0p1,results_v3_lr0p1,small_cnn,sgd,10,128,20000,0.1,0.9,0.0005,cpu,False,False,7,18,960,0.0850825309753418
fixed_random,0,results_v3_lr0p1,results_v3_lr0p1,small_cnn,sgd,10,128,20000,0.1,0.9,0.0005,cpu,False,False,7,19,961,0.26462888717651367
fixed_random,0,results_v3_lr0p1,results_v3_lr0p1,small_cnn,sgd,10,128,20000,0.1,0.9,0.0005,cpu,False,False,7,20,962,0.1497553586959839
fixed_random,0,results_v3_lr0p1,results_v3_lr0p1,small_cnn,sgd,10,128,20000,0.1,0.9,0.0005,cpu,False,False,7,21,963,0.04572291299700737
fixed_random,0,results_v3_lr0p1,results_v3_lr0p1,small_cnn,sgd,10,128,20000,0.1,0.9,0.0005,cpu,False,False,7,22,964,-0.18704596161842346
fixed_random,0,results_v3_lr0p1,results_v3_lr0p1,small_cnn,sgd,10,128,20000,0.1,0.9,0.0005,cpu,False,False,7,23,965,0.28649887442588806
fixed_random,0,results_v3_lr0p1,results_v3_lr0p1,small_cnn,sgd,10,128,20000,0.1,0.9,0.0005,cpu,False,False,7,24,966,0.219395712018013
fixed_random,0,results_v3_lr0p1,results_v3_lr0p1,small_cnn,sgd,10,128,20000,0.1,0.9,0.0005,cpu,False,False,7,25,967,0.3650731146335602
fixed_random,0,results_v3_lr0p1,results_v3_lr0p1,small_cnn,sgd,10,128,20000,0.1,0.9,0.0005,cpu,False,False,7,26,968,0.3469383716583252
fixed_random,0,results_v3_lr0p1,results_v3_lr0p1,small_cnn,sgd,10,128,20000,0.1,0.9,0.0005,cpu,False,False,7,27,969,-0.25887659192085266
fixed_random,0,results_v3_lr0p1,results_v3_lr0p1,small_cnn,sgd,10,128,20000,0.1,0.9,0.0005,cpu,False,False,7,28,970,0.3304724395275116
fixed_random,0,results_v3_lr0p1,results_v3_lr0p1,small_cnn,sgd,10,128,20000,0.1,0.9,0.0005,cpu,False,False,7,29,971,0.13709664344787598
fixed_random,0,results_v3_lr0p1,results_v3_lr0p1,small_cnn,sgd,10,128,20000,0.1,0.9,0.0005,cpu,False,False,7,30,972,0.2394755333662033
fixed_random,0,results_v3_lr0p1,results_v3_lr0p1,small_cnn,sgd,10,128,20000,0.1,0.9,0.0005,cpu,False,False,7,31,973,0.07996458560228348
fixed_random,0,results_v3_lr0p1,results_v3_lr0p1,small_cnn,sgd,10,128,20000,0.1,0.9,0.0005,cpu,False,False,7,32,974,0.2598157525062561
fixed_random,0,results_v3_lr0p1,results_v3_lr0p1,small_cnn,sgd,10,128,20000,0.1,0.9,0.0005,cpu,False,False,7,33,975,0.03686344251036644
fixed_random,0,results_v3_lr0p1,results_v3_lr0p1,small_cnn,sgd,10,128,20000,0.1,0.9,0.0005,cpu,False,False,7,34,976,-0.045699696987867355
fixed_random,0,results_v3_lr0p1,results_v3_lr0p1,small_cnn,sgd,10,128,20000,0.1,0.9,0.0005,cpu,False,False,7,35,977,-0.02611820213496685
fixed_random,0,results_v3_lr0p1,results_v3_lr0p1,small_cnn,sgd,10,128,20000,0.1,0.9,0.0005,cpu,False,False,7,36,978,0.1418372243642807
fixed_random,0,results_v3_lr0p1,results_v3_lr0p1,small_cnn,sgd,10,128,20000,0.1,0.9,0.0005,cpu,False,False,7,37,979,0.19737935066223145
fixed_random,0,results_v3_lr0p1,results_v3_lr0p1,small_cnn,sgd,10,128,20000,0.1,0.9,0.0005,cpu,False,False,7,38,980,0.33239132165908813
fixed_random,0,results_v3_lr0p1,results_v3_lr0p1,small_cnn,sgd,10,128,20000,0.1,0.9,0.0005,cpu,False,False,7,39,981,-0.03978735953569412
fixed_random,0,results_v3_lr0p1,results_v3_lr0p1,small_cnn,sgd,10,128,20000,0.1,0.9,0.0005,cpu,False,False,7,40,982,0.16501541435718536
fixed_random,0,results_v3_lr0p1,results_v3_lr0p1,small_cnn,sgd,10,128,20000,0.1,0.9,0.0005,cpu,False,False,7,41,983,-0.042940977960824966
fixed_random,0,results_v3_lr0p1,results_v3_lr0p1,small_cnn,sgd,10,128,20000,0.1,0.9,0.0005,cpu,False,False,7,42,984,0.0623287633061409
fixed_random,0,results_v3_lr0p1,results_v3_lr0p1,small_cnn,sgd,10,128,20000,0.1,0.9,0.0005,cpu,False,False,7,43,985,0.19858336448669434
fixed_random,0,results_v3_lr0p1,results_v3_lr0p1,small_cnn,sgd,10,128,20000,0.1,0.9,0.0005,cpu,False,False,7,44,986,0.21353937685489655
fixed_random,0,results_v3_lr0p1,results_v3_lr0p1,small_cnn,sgd,10,128,20000,0.1,0.9,0.0005,cpu,False,False,7,45,987,0.08052963018417358
fixed_random,0,results_v3_lr0p1,results_v3_lr0p1,small_cnn,sgd,10,128,20000,0.1,0.9,0.0005,cpu,False,False,7,46,988,-0.013505538925528526
fixed_random,0,results_v3_lr0p1,results_v3_lr0p1,small_cnn,sgd,10,128,20000,0.1,0.9,0.0005,cpu,False,False,7,47,989,0.3746075928211212
fixed_random,0,results_v3_lr0p1,results_v3_lr0p1,small_cnn,sgd,10,128,20000,0.1,0.9,0.0005,cpu,False,False,7,48,990,0.35362741351127625
fixed_random,0,results_v3_lr0p1,results_v3_lr0p1,small_cnn,sgd,10,128,20000,0.1,0.9,0.0005,cpu,False,False,7,49,991,0.2511632740497589
fixed_random,0,results_v3_lr0p1,results_v3_lr0p1,small_cnn,sgd,10,128,20000,0.1,0.9,0.0005,cpu,False,False,7,50,992,0.36540624499320984
fixed_random,0,results_v3_lr0p1,results_v3_lr0p1,small_cnn,sgd,10,128,20000,0.1,0.9,0.0005,cpu,False,False,7,51,993,-0.025466829538345337
fixed_random,0,results_v3_lr0p1,results_v3_lr0p1,small_cnn,sgd,10,128,20000,0.1,0.9,0.0005,cpu,False,False,7,52,994,0.04725402593612671
fixed_random,0,results_v3_lr0p1,results_v3_lr0p1,small_cnn,sgd,10,128,20000,0.1,0.9,0.0005,cpu,False,False,7,53,995,0.39537516236305237
fixed_random,0,results_v3_lr0p1,results_v3_lr0p1,small_cnn,sgd,10,128,20000,0.1,0.9,0.0005,cpu,False,False,7,54,996,0.12423712760210037
fixed_random,0,results_v3_lr0p1,results_v3_lr0p1,small_cnn,sgd,10,128,20000,0.1,0.9,0.0005,cpu,False,False,7,55,997,0.2917713522911072
fixed_random,0,results_v3_lr0p1,results_v3_lr0p1,small_cnn,sgd,10,128,20000,0.1,0.9,0.0005,cpu,False,False,7,56,998,0.15903763473033905
fixed_random,0,results_v3_lr0p1,results_v3_lr0p1,small_cnn,sgd,10,128,20000,0.1,0.9,0.0005,cpu,False,False,7,57,999,0.1860782653093338
fixed_random,0,results_v3_lr0p1,results_v3_lr0p1,small_cnn,sgd,10,128,20000,0.1,0.9,0.0005,cpu,False,False,7,58,1000,0.07114722579717636
fixed_random,0,results_v3_lr0p1,results_v3_lr0p1,small_cnn,sgd,10,128,20000,0.1,0.9,0.0005,cpu,False,False,7,59,1001,0.5494102239608765
fixed_random,0,results_v3_lr0p1,results_v3_lr0p1,small_cnn,sgd,10,128,20000,0.1,0.9,0.0005,cpu,False,False,7,60,1002,0.24481657147407532
fixed_random,0,results_v3_lr0p1,results_v3_lr0p1,small_cnn,sgd,10,128,20000,0.1,0.9,0.0005,cpu,False,False,7,61,1003,-0.06097777560353279
fixed_random,0,results_v3_lr0p1,results_v3_lr0p1,small_cnn,sgd,10,128,20000,0.1,0.9,0.0005,cpu,False,False,7,62,1004,0.19717824459075928
fixed_random,0,results_v3_lr0p1,results_v3_lr0p1,small_cnn,sgd,10,128,20000,0.1,0.9,0.0005,cpu,False,False,7,63,1005,0.4179878830909729
fixed_random,0,results_v3_lr0p1,results_v3_lr0p1,small_cnn,sgd,10,128,20000,0.1,0.9,0.0005,cpu,False,False,7,64,1006,0.26112645864486694
fixed_random,0,results_v3_lr0p1,results_v3_lr0p1,small_cnn,sgd,10,128,20000,0.1,0.9,0.0005,cpu,False,False,7,65,1007,0.07605493813753128
fixed_random,0,results_v3_lr0p1,results_v3_lr0p1,small_cnn,sgd,10,128,20000,0.1,0.9,0.0005,cpu,False,False,7,66,1008,0.06704839318990707
fixed_random,0,results_v3_lr0p1,results_v3_lr0p1,small_cnn,sgd,10,128,20000,0.1,0.9,0.0005,cpu,False,False,7,67,1009,0.15694774687290192
fixed_random,0,results_v3_lr0p1,results_v3_lr0p1,small_cnn,sgd,10,128,20000,0.1,0.9,0.0005,cpu,False,False,7,68,1010,0.062009669840335846
fixed_random,0,results_v3_lr0p1,results_v3_lr0p1,small_cnn,sgd,10,128,20000,0.1,0.9,0.0005,cpu,False,False,7,69,1011,0.24143806099891663
fixed_random,0,results_v3_lr0p1,results_v3_lr0p1,small_cnn,sgd,10,128,20000,0.1,0.9,0.0005,cpu,False,False,7,70,1012,0.045112013816833496
fixed_random,0,results_v3_lr0p1,results_v3_lr0p1,small_cnn,sgd,10,128,20000,0.1,0.9,0.0005,cpu,False,False,7,71,1013,0.038834746927022934
fixed_random,0,results_v3_lr0p1,results_v3_lr0p1,small_cnn,sgd,10,128,20000,0.1,0.9,0.0005,cpu,False,False,7,72,1014,-9.72445122897625e-05
fixed_random,0,results_v3_lr0p1,results_v3_lr0p1,small_cnn,sgd,10,128,20000,0.1,0.9,0.0005,cpu,False,False,7,73,1015,0.29651495814323425
fixed_random,0,results_v3_lr0p1,results_v3_lr0p1,small_cnn,sgd,10,128,20000,0.1,0.9,0.0005,cpu,False,False,7,74,1016,0.30945074558258057
fixed_random,0,results_v3_lr0p1,results_v3_lr0p1,small_cnn,sgd,10,128,20000,0.1,0.9,0.0005,cpu,False,False,7,75,1017,-0.10281968861818314
fixed_random,0,results_v3_lr0p1,results_v3_lr0p1,small_cnn,sgd,10,128,20000,0.1,0.9,0.0005,cpu,False,False,7,76,1018,-0.17287027835845947
fixed_random,0,results_v3_lr0p1,results_v3_lr0p1,small_cnn,sgd,10,128,20000,0.1,0.9,0.0005,cpu,False,False,7,77,1019,0.1996118724346161
fixed_random,0,results_v3_lr0p1,results_v3_lr0p1,small_cnn,sgd,10,128,20000,0.1,0.9,0.0005,cpu,False,False,7,78,1020,0.14001992344856262
fixed_random,0,results_v3_lr0p1,results_v3_lr0p1,small_cnn,sgd,10,128,20000,0.1,0.9,0.0005,cpu,False,False,7,79,1021,0.35394152998924255
fixed_random,0,results_v3_lr0p1,results_v3_lr0p1,small_cnn,sgd,10,128,20000,0.1,0.9,0.0005,cpu,False,False,7,80,1022,0.0706365704536438
fixed_random,0,results_v3_lr0p1,results_v3_lr0p1,small_cnn,sgd,10,128,20000,0.1,0.9,0.0005,cpu,False,False,7,81,1023,0.34096816182136536
fixed_random,0,results_v3_lr0p1,results_v3_lr0p1,small_cnn,sgd,10,128,20000,0.1,0.9,0.0005,cpu,False,False,7,82,1024,0.1682690680027008
fixed_random,0,results_v3_lr0p1,results_v3_lr0p1,small_cnn,sgd,10,128,20000,0.1,0.9,0.0005,cpu,False,False,7,83,1025,0.24033507704734802
fixed_random,0,results_v3_lr0p1,results_v3_lr0p1,small_cnn,sgd,10,128,20000,0.1,0.9,0.0005,cpu,False,False,7,84,1026,0.3154982924461365
fixed_random,0,results_v3_lr0p1,results_v3_lr0p1,small_cnn,sgd,10,128,20000,0.1,0.9,0.0005,cpu,False,False,7,85,1027,0.4728190004825592
fixed_random,0,results_v3_lr0p1,results_v3_lr0p1,small_cnn,sgd,10,128,20000,0.1,0.9,0.0005,cpu,False,False,7,86,1028,-0.1919056624174118
fixed_random,0,results_v3_lr0p1,results_v3_lr0p1,small_cnn,sgd,10,128,20000,0.1,0.9,0.0005,cpu,False,False,7,87,1029,0.3853316605091095
fixed_random,0,results_v3_lr0p1,results_v3_lr0p1,small_cnn,sgd,10,128,20000,0.1,0.9,0.0005,cpu,False,False,7,88,1030,0.3228886127471924
fixed_random,0,results_v3_lr0p1,results_v3_lr0p1,small_cnn,sgd,10,128,20000,0.1,0.9,0.0005,cpu,False,False,7,89,1031,0.05669651925563812
fixed_random,0,results_v3_lr0p1,results_v3_lr0p1,small_cnn,sgd,10,128,20000,0.1,0.9,0.0005,cpu,False,False,7,90,1032,0.008935891091823578
fixed_random,0,results_v3_lr0p1,results_v3_lr0p1,small_cnn,sgd,10,128,20000,0.1,0.9,0.0005,cpu,False,False,7,91,1033,0.4673251509666443
fixed_random,0,results_v3_lr0p1,results_v3_lr0p1,small_cnn,sgd,10,128,20000,0.1,0.9,0.0005,cpu,False,False,7,92,1034,-0.0853426605463028
fixed_random,0,results_v3_lr0p1,results_v3_lr0p1,small_cnn,sgd,10,128,20000,0.1,0.9,0.0005,cpu,False,False,7,93,1035,-0.18452295660972595
fixed_random,0,results_v3_lr0p1,results_v3_lr0p1,small_cnn,sgd,10,128,20000,0.1,0.9,0.0005,cpu,False,False,7,94,1036,0.3166867792606354
fixed_random,0,results_v3_lr0p1,results_v3_lr0p1,small_cnn,sgd,10,128,20000,0.1,0.9,0.0005,cpu,False,False,7,95,1037,0.36351653933525085
fixed_random,0,results_v3_lr0p1,results_v3_lr0p1,small_cnn,sgd,10,128,20000,0.1,0.9,0.0005,cpu,False,False,7,96,1038,0.14379030466079712
fixed_random,0,results_v3_lr0p1,results_v3_lr0p1,small_cnn,sgd,10,128,20000,0.1,0.9,0.0005,cpu,False,False,7,97,1039,0.4733272194862366
fixed_random,0,results_v3_lr0p1,results_v3_lr0p1,small_cnn,sgd,10,128,20000,0.1,0.9,0.0005,cpu,False,False,7,98,1040,0.20474684238433838
fixed_random,0,results_v3_lr0p1,results_v3_lr0p1,small_cnn,sgd,10,128,20000,0.1,0.9,0.0005,cpu,False,False,7,99,1041,-0.04315957799553871
fixed_random,0,results_v3_lr0p1,results_v3_lr0p1,small_cnn,sgd,10,128,20000,0.1,0.9,0.0005,cpu,False,False,7,100,1042,-0.14551538228988647
fixed_random,0,results_v3_lr0p1,results_v3_lr0p1,small_cnn,sgd,10,128,20000,0.1,0.9,0.0005,cpu,False,False,7,101,1043,0.34234198927879333
fixed_random,0,results_v3_lr0p1,results_v3_lr0p1,small_cnn,sgd,10,128,20000,0.1,0.9,0.0005,cpu,False,False,7,102,1044,0.06868103891611099
fixed_random,0,results_v3_lr0p1,results_v3_lr0p1,small_cnn,sgd,10,128,20000,0.1,0.9,0.0005,cpu,False,False,7,103,1045,-0.023293714970350266
fixed_random,0,results_v3_lr0p1,results_v3_lr0p1,small_cnn,sgd,10,128,20000,0.1,0.9,0.0005,cpu,False,False,7,104,1046,0.32050949335098267
fixed_random,0,results_v3_lr0p1,results_v3_lr0p1,small_cnn,sgd,10,128,20000,0.1,0.9,0.0005,cpu,False,False,7,105,1047,0.21807488799095154
fixed_random,0,results_v3_lr0p1,results_v3_lr0p1,small_cnn,sgd,10,128,20000,0.1,0.9,0.0005,cpu,False,False,7,106,1048,0.4271359443664551
fixed_random,0,results_v3_lr0p1,results_v3_lr0p1,small_cnn,sgd,10,128,20000,0.1,0.9,0.0005,cpu,False,False,7,107,1049,0.3423577547073364
fixed_random,0,results_v3_lr0p1,results_v3_lr0p1,small_cnn,sgd,10,128,20000,0.1,0.9,0.0005,cpu,False,False,7,108,1050,-0.000217316672205925
fixed_random,0,results_v3_lr0p1,results_v3_lr0p1,small_cnn,sgd,10,128,20000,0.1,0.9,0.0005,cpu,False,False,7,109,1051,0.37679633498191833
fixed_random,0,results_v3_lr0p1,results_v3_lr0p1,small_cnn,sgd,10,128,20000,0.1,0.9,0.0005,cpu,False,False,7,110,1052,0.20991496741771698
fixed_random,0,results_v3_lr0p1,results_v3_lr0p1,small_cnn,sgd,10,128,20000,0.1,0.9,0.0005,cpu,False,False,7,111,1053,0.2193300724029541
fixed_random,0,results_v3_lr0p1,results_v3_lr0p1,small_cnn,sgd,10,128,20000,0.1,0.9,0.0005,cpu,False,False,7,112,1054,0.14946512877941132
fixed_random,0,results_v3_lr0p1,results_v3_lr0p1,small_cnn,sgd,10,128,20000,0.1,0.9,0.0005,cpu,False,False,7,113,1055,0.2224205583333969
fixed_random,0,results_v3_lr0p1,results_v3_lr0p1,small_cnn,sgd,10,128,20000,0.1,0.9,0.0005,cpu,False,False,7,114,1056,0.2670419216156006
fixed_random,0,results_v3_lr0p1,results_v3_lr0p1,small_cnn,sgd,10,128,20000,0.1,0.9,0.0005,cpu,False,False,7,115,1057,0.539624810218811
fixed_random,0,results_v3_lr0p1,results_v3_lr0p1,small_cnn,sgd,10,128,20000,0.1,0.9,0.0005,cpu,False,False,7,116,1058,0.5037078261375427
fixed_random,0,results_v3_lr0p1,results_v3_lr0p1,small_cnn,sgd,10,128,20000,0.1,0.9,0.0005,cpu,False,False,7,117,1059,-0.044731128960847855
fixed_random,0,results_v3_lr0p1,results_v3_lr0p1,small_cnn,sgd,10,128,20000,0.1,0.9,0.0005,cpu,False,False,7,118,1060,0.2998555302619934
fixed_random,0,results_v3_lr0p1,results_v3_lr0p1,small_cnn,sgd,10,128,20000,0.1,0.9,0.0005,cpu,False,False,7,119,1061,0.4180215001106262
fixed_random,0,results_v3_lr0p1,results_v3_lr0p1,small_cnn,sgd,10,128,20000,0.1,0.9,0.0005,cpu,False,False,7,120,1062,0.07840330898761749
fixed_random,0,results_v3_lr0p1,results_v3_lr0p1,small_cnn,sgd,10,128,20000,0.1,0.9,0.0005,cpu,False,False,7,121,1063,0.33880800008773804
fixed_random,0,results_v3_lr0p1,results_v3_lr0p1,small_cnn,sgd,10,128,20000,0.1,0.9,0.0005,cpu,False,False,7,122,1064,0.48742347955703735
fixed_random,0,results_v3_lr0p1,results_v3_lr0p1,small_cnn,sgd,10,128,20000,0.1,0.9,0.0005,cpu,False,False,7,123,1065,0.3461388051509857
fixed_random,0,results_v3_lr0p1,results_v3_lr0p1,small_cnn,sgd,10,128,20000,0.1,0.9,0.0005,cpu,False,False,7,124,1066,-0.10505013167858124
fixed_random,0,results_v3_lr0p1,results_v3_lr0p1,small_cnn,sgd,10,128,20000,0.1,0.9,0.0005,cpu,False,False,7,125,1067,0.2303231805562973
fixed_random,0,results_v3_lr0p1,results_v3_lr0p1,small_cnn,sgd,10,128,20000,0.1,0.9,0.0005,cpu,False,False,7,126,1068,0.40913328528404236
fixed_random,0,results_v3_lr0p1,results_v3_lr0p1,small_cnn,sgd,10,128,20000,0.1,0.9,0.0005,cpu,False,False,7,127,1069,0.26083168387413025
fixed_random,0,results_v3_lr0p1,results_v3_lr0p1,small_cnn,sgd,10,128,20000,0.1,0.9,0.0005,cpu,False,False,7,128,1070,-0.08341681957244873
fixed_random,0,results_v3_lr0p1,results_v3_lr0p1,small_cnn,sgd,10,128,20000,0.1,0.9,0.0005,cpu,False,False,7,129,1071,0.5489175915718079
fixed_random,0,results_v3_lr0p1,results_v3_lr0p1,small_cnn,sgd,10,128,20000,0.1,0.9,0.0005,cpu,False,False,7,130,1072,0.4284854829311371
fixed_random,0,results_v3_lr0p1,results_v3_lr0p1,small_cnn,sgd,10,128,20000,0.1,0.9,0.0005,cpu,False,False,7,131,1073,0.1290118396282196
fixed_random,0,results_v3_lr0p1,results_v3_lr0p1,small_cnn,sgd,10,128,20000,0.1,0.9,0.0005,cpu,False,False,7,132,1074,0.0643254742026329
fixed_random,0,results_v3_lr0p1,results_v3_lr0p1,small_cnn,sgd,10,128,20000,0.1,0.9,0.0005,cpu,False,False,7,133,1075,0.22421948611736298
fixed_random,0,results_v3_lr0p1,results_v3_lr0p1,small_cnn,sgd,10,128,20000,0.1,0.9,0.0005,cpu,False,False,7,134,1076,0.20540358126163483
fixed_random,0,results_v3_lr0p1,results_v3_lr0p1,small_cnn,sgd,10,128,20000,0.1,0.9,0.0005,cpu,False,False,7,135,1077,-0.10275829583406448
fixed_random,0,results_v3_lr0p1,results_v3_lr0p1,small_cnn,sgd,10,128,20000,0.1,0.9,0.0005,cpu,False,False,7,136,1078,0.4607776999473572
fixed_random,0,results_v3_lr0p1,results_v3_lr0p1,small_cnn,sgd,10,128,20000,0.1,0.9,0.0005,cpu,False,False,7,137,1079,0.19657495617866516
fixed_random,0,results_v3_lr0p1,results_v3_lr0p1,small_cnn,sgd,10,128,20000,0.1,0.9,0.0005,cpu,False,False,7,138,1080,-0.06770429015159607
fixed_random,0,results_v3_lr0p1,results_v3_lr0p1,small_cnn,sgd,10,128,20000,0.1,0.9,0.0005,cpu,False,False,7,139,1081,0.1946292668581009
fixed_random,0,results_v3_lr0p1,results_v3_lr0p1,small_cnn,sgd,10,128,20000,0.1,0.9,0.0005,cpu,False,False,7,140,1082,0.04730059579014778
fixed_random,0,results_v3_lr0p1,results_v3_lr0p1,small_cnn,sgd,10,128,20000,0.1,0.9,0.0005,cpu,False,False,7,141,1083,0.0459408238530159
fixed_random,0,results_v3_lr0p1,results_v3_lr0p1,small_cnn,sgd,10,128,20000,0.1,0.9,0.0005,cpu,False,False,7,142,1084,0.1164792999625206
fixed_random,0,results_v3_lr0p1,results_v3_lr0p1,small_cnn,sgd,10,128,20000,0.1,0.9,0.0005,cpu,False,False,7,143,1085,0.014355511404573917
fixed_random,0,results_v3_lr0p1,results_v3_lr0p1,small_cnn,sgd,10,128,20000,0.1,0.9,0.0005,cpu,False,False,7,144,1086,0.06108328700065613
fixed_random,0,results_v3_lr0p1,results_v3_lr0p1,small_cnn,sgd,10,128,20000,0.1,0.9,0.0005,cpu,False,False,7,145,1087,0.060010962188243866
fixed_random,0,results_v3_lr0p1,results_v3_lr0p1,small_cnn,sgd,10,128,20000,0.1,0.9,0.0005,cpu,False,False,7,146,1088,0.34848636388778687
fixed_random,0,results_v3_lr0p1,results_v3_lr0p1,small_cnn,sgd,10,128,20000,0.1,0.9,0.0005,cpu,False,False,7,147,1089,0.2554582357406616
fixed_random,0,results_v3_lr0p1,results_v3_lr0p1,small_cnn,sgd,10,128,20000,0.1,0.9,0.0005,cpu,False,False,7,148,1090,0.02717621438205242
fixed_random,0,results_v3_lr0p1,results_v3_lr0p1,small_cnn,sgd,10,128,20000,0.1,0.9,0.0005,cpu,False,False,7,149,1091,0.06841861456632614
fixed_random,0,results_v3_lr0p1,results_v3_lr0p1,small_cnn,sgd,10,128,20000,0.1,0.9,0.0005,cpu,False,False,7,150,1092,0.4958771765232086
fixed_random,0,results_v3_lr0p1,results_v3_lr0p1,small_cnn,sgd,10,128,20000,0.1,0.9,0.0005,cpu,False,False,7,151,1093,0.10335211455821991
fixed_random,0,results_v3_lr0p1,results_v3_lr0p1,small_cnn,sgd,10,128,20000,0.1,0.9,0.0005,cpu,False,False,7,152,1094,0.13232848048210144
fixed_random,0,results_v3_lr0p1,results_v3_lr0p1,small_cnn,sgd,10,128,20000,0.1,0.9,0.0005,cpu,False,False,7,153,1095,-0.056325506418943405
fixed_random,0,results_v3_lr0p1,results_v3_lr0p1,small_cnn,sgd,10,128,20000,0.1,0.9,0.0005,cpu,False,False,7,154,1096,-0.05634403973817825
fixed_random,0,results_v3_lr0p1,results_v3_lr0p1,small_cnn,sgd,10,128,20000,0.1,0.9,0.0005,cpu,False,False,7,155,1097,0.24476675689220428
fixed_random,0,results_v3_lr0p1,results_v3_lr0p1,small_cnn,sgd,10,128,20000,0.1,0.9,0.0005,cpu,False,False,7,156,1098,0.21592801809310913
fixed_random,0,results_v3_lr0p1,results_v3_lr0p1,small_cnn,sgd,10,128,20000,0.1,0.9,0.0005,cpu,False,False,7,157,1099,0.18483911454677582
fixed_random,0,results_v3_lr0p1,results_v3_lr0p1,small_cnn,sgd,10,128,20000,0.1,0.9,0.0005,cpu,False,False,8,1,1100,-0.12323207408189774
fixed_random,0,results_v3_lr0p1,results_v3_lr0p1,small_cnn,sgd,10,128,20000,0.1,0.9,0.0005,cpu,False,False,8,2,1101,0.19381305575370789
fixed_random,0,results_v3_lr0p1,results_v3_lr0p1,small_cnn,sgd,10,128,20000,0.1,0.9,0.0005,cpu,False,False,8,3,1102,0.22959370911121368
fixed_random,0,results_v3_lr0p1,results_v3_lr0p1,small_cnn,sgd,10,128,20000,0.1,0.9,0.0005,cpu,False,False,8,4,1103,0.048273008316755295
fixed_random,0,results_v3_lr0p1,results_v3_lr0p1,small_cnn,sgd,10,128,20000,0.1,0.9,0.0005,cpu,False,False,8,5,1104,0.25283753871917725
fixed_random,0,results_v3_lr0p1,results_v3_lr0p1,small_cnn,sgd,10,128,20000,0.1,0.9,0.0005,cpu,False,False,8,6,1105,-0.1289830207824707
fixed_random,0,results_v3_lr0p1,results_v3_lr0p1,small_cnn,sgd,10,128,20000,0.1,0.9,0.0005,cpu,False,False,8,7,1106,0.0033610211685299873
fixed_random,0,results_v3_lr0p1,results_v3_lr0p1,small_cnn,sgd,10,128,20000,0.1,0.9,0.0005,cpu,False,False,8,8,1107,0.24981649219989777
fixed_random,0,results_v3_lr0p1,results_v3_lr0p1,small_cnn,sgd,10,128,20000,0.1,0.9,0.0005,cpu,False,False,8,9,1108,0.1332830786705017
fixed_random,0,results_v3_lr0p1,results_v3_lr0p1,small_cnn,sgd,10,128,20000,0.1,0.9,0.0005,cpu,False,False,8,10,1109,0.10979989916086197
fixed_random,0,results_v3_lr0p1,results_v3_lr0p1,small_cnn,sgd,10,128,20000,0.1,0.9,0.0005,cpu,False,False,8,11,1110,-0.10243415087461472
fixed_random,0,results_v3_lr0p1,results_v3_lr0p1,small_cnn,sgd,10,128,20000,0.1,0.9,0.0005,cpu,False,False,8,12,1111,0.3233873248100281
fixed_random,0,results_v3_lr0p1,results_v3_lr0p1,small_cnn,sgd,10,128,20000,0.1,0.9,0.0005,cpu,False,False,8,13,1112,0.10516877472400665
fixed_random,0,results_v3_lr0p1,results_v3_lr0p1,small_cnn,sgd,10,128,20000,0.1,0.9,0.0005,cpu,False,False,8,14,1113,-0.036345843225717545
fixed_random,0,results_v3_lr0p1,results_v3_lr0p1,small_cnn,sgd,10,128,20000,0.1,0.9,0.0005,cpu,False,False,8,15,1114,0.24023807048797607
fixed_random,0,results_v3_lr0p1,results_v3_lr0p1,small_cnn,sgd,10,128,20000,0.1,0.9,0.0005,cpu,False,False,8,16,1115,0.17764511704444885
fixed_random,0,results_v3_lr0p1,results_v3_lr0p1,small_cnn,sgd,10,128,20000,0.1,0.9,0.0005,cpu,False,False,8,17,1116,-0.055167585611343384
fixed_random,0,results_v3_lr0p1,results_v3_lr0p1,small_cnn,sgd,10,128,20000,0.1,0.9,0.0005,cpu,False,False,8,18,1117,-0.17915315926074982
fixed_random,0,results_v3_lr0p1,results_v3_lr0p1,small_cnn,sgd,10,128,20000,0.1,0.9,0.0005,cpu,False,False,8,19,1118,0.35902494192123413
fixed_random,0,results_v3_lr0p1,results_v3_lr0p1,small_cnn,sgd,10,128,20000,0.1,0.9,0.0005,cpu,False,False,8,20,1119,0.31734737753868103
fixed_random,0,results_v3_lr0p1,results_v3_lr0p1,small_cnn,sgd,10,128,20000,0.1,0.9,0.0005,cpu,False,False,8,21,1120,-0.09781817346811295
fixed_random,0,results_v3_lr0p1,results_v3_lr0p1,small_cnn,sgd,10,128,20000,0.1,0.9,0.0005,cpu,False,False,8,22,1121,-0.17419064044952393
fixed_random,0,results_v3_lr0p1,results_v3_lr0p1,small_cnn,sgd,10,128,20000,0.1,0.9,0.0005,cpu,False,False,8,23,1122,0.15737180411815643
fixed_random,0,results_v3_lr0p1,results_v3_lr0p1,small_cnn,sgd,10,128,20000,0.1,0.9,0.0005,cpu,False,False,8,24,1123,0.09262795746326447
fixed_random,0,results_v3_lr0p1,results_v3_lr0p1,small_cnn,sgd,10,128,20000,0.1,0.9,0.0005,cpu,False,False,8,25,1124,0.20486727356910706
fixed_random,0,results_v3_lr0p1,results_v3_lr0p1,small_cnn,sgd,10,128,20000,0.1,0.9,0.0005,cpu,False,False,8,26,1125,0.2910045087337494
fixed_random,0,results_v3_lr0p1,results_v3_lr0p1,small_cnn,sgd,10,128,20000,0.1,0.9,0.0005,cpu,False,False,8,27,1126,0.06732477247714996
fixed_random,0,results_v3_lr0p1,results_v3_lr0p1,small_cnn,sgd,10,128,20000,0.1,0.9,0.0005,cpu,False,False,8,28,1127,0.19370627403259277
fixed_random,0,results_v3_lr0p1,results_v3_lr0p1,small_cnn,sgd,10,128,20000,0.1,0.9,0.0005,cpu,False,False,8,29,1128,-0.012874431908130646
fixed_random,0,results_v3_lr0p1,results_v3_lr0p1,small_cnn,sgd,10,128,20000,0.1,0.9,0.0005,cpu,False,False,8,30,1129,0.28906938433647156
fixed_random,0,results_v3_lr0p1,results_v3_lr0p1,small_cnn,sgd,10,128,20000,0.1,0.9,0.0005,cpu,False,False,8,31,1130,0.10017484426498413
fixed_random,0,results_v3_lr0p1,results_v3_lr0p1,small_cnn,sgd,10,128,20000,0.1,0.9,0.0005,cpu,False,False,8,32,1131,-0.11372935026884079
fixed_random,0,results_v3_lr0p1,results_v3_lr0p1,small_cnn,sgd,10,128,20000,0.1,0.9,0.0005,cpu,False,False,8,33,1132,0.004156630486249924
fixed_random,0,results_v3_lr0p1,results_v3_lr0p1,small_cnn,sgd,10,128,20000,0.1,0.9,0.0005,cpu,False,False,8,34,1133,-0.05548978969454765
fixed_random,0,results_v3_lr0p1,results_v3_lr0p1,small_cnn,sgd,10,128,20000,0.1,0.9,0.0005,cpu,False,False,8,35,1134,-0.2375507950782776
fixed_random,0,results_v3_lr0p1,results_v3_lr0p1,small_cnn,sgd,10,128,20000,0.1,0.9,0.0005,cpu,False,False,8,36,1135,0.019135668873786926
fixed_random,0,results_v3_lr0p1,results_v3_lr0p1,small_cnn,sgd,10,128,20000,0.1,0.9,0.0005,cpu,False,False,8,37,1136,0.3026835024356842
fixed_random,0,results_v3_lr0p1,results_v3_lr0p1,small_cnn,sgd,10,128,20000,0.1,0.9,0.0005,cpu,False,False,8,38,1137,0.07742589712142944
fixed_random,0,results_v3_lr0p1,results_v3_lr0p1,small_cnn,sgd,10,128,20000,0.1,0.9,0.0005,cpu,False,False,8,39,1138,0.07452894002199173
fixed_random,0,results_v3_lr0p1,results_v3_lr0p1,small_cnn,sgd,10,128,20000,0.1,0.9,0.0005,cpu,False,False,8,40,1139,0.042553555220365524
fixed_random,0,results_v3_lr0p1,results_v3_lr0p1,small_cnn,sgd,10,128,20000,0.1,0.9,0.0005,cpu,False,False,8,41,1140,0.04533632844686508
fixed_random,0,results_v3_lr0p1,results_v3_lr0p1,small_cnn,sgd,10,128,20000,0.1,0.9,0.0005,cpu,False,False,8,42,1141,0.23281168937683105
fixed_random,0,results_v3_lr0p1,results_v3_lr0p1,small_cnn,sgd,10,128,20000,0.1,0.9,0.0005,cpu,False,False,8,43,1142,0.09488829970359802
fixed_random,0,results_v3_lr0p1,results_v3_lr0p1,small_cnn,sgd,10,128,20000,0.1,0.9,0.0005,cpu,False,False,8,44,1143,0.20968836545944214
fixed_random,0,results_v3_lr0p1,results_v3_lr0p1,small_cnn,sgd,10,128,20000,0.1,0.9,0.0005,cpu,False,False,8,45,1144,-0.01951143890619278
fixed_random,0,results_v3_lr0p1,results_v3_lr0p1,small_cnn,sgd,10,128,20000,0.1,0.9,0.0005,cpu,False,False,8,46,1145,0.16358041763305664
fixed_random,0,results_v3_lr0p1,results_v3_lr0p1,small_cnn,sgd,10,128,20000,0.1,0.9,0.0005,cpu,False,False,8,47,1146,0.39390814304351807
fixed_random,0,results_v3_lr0p1,results_v3_lr0p1,small_cnn,sgd,10,128,20000,0.1,0.9,0.0005,cpu,False,False,8,48,1147,0.19600318372249603
fixed_random,0,results_v3_lr0p1,results_v3_lr0p1,small_cnn,sgd,10,128,20000,0.1,0.9,0.0005,cpu,False,False,8,49,1148,0.29366838932037354
fixed_random,0,results_v3_lr0p1,results_v3_lr0p1,small_cnn,sgd,10,128,20000,0.1,0.9,0.0005,cpu,False,False,8,50,1149,0.3330793082714081
fixed_random,0,results_v3_lr0p1,results_v3_lr0p1,small_cnn,sgd,10,128,20000,0.1,0.9,0.0005,cpu,False,False,8,51,1150,0.30860698223114014
fixed_random,0,results_v3_lr0p1,results_v3_lr0p1,small_cnn,sgd,10,128,20000,0.1,0.9,0.0005,cpu,False,False,8,52,1151,0.0599895678460598
fixed_random,0,results_v3_lr0p1,results_v3_lr0p1,small_cnn,sgd,10,128,20000,0.1,0.9,0.0005,cpu,False,False,8,53,1152,0.3804071545600891
fixed_random,0,results_v3_lr0p1,results_v3_lr0p1,small_cnn,sgd,10,128,20000,0.1,0.9,0.0005,cpu,False,False,8,54,1153,0.32573410868644714
fixed_random,0,results_v3_lr0p1,results_v3_lr0p1,small_cnn,sgd,10,128,20000,0.1,0.9,0.0005,cpu,False,False,8,55,1154,0.2711314857006073
fixed_random,0,results_v3_lr0p1,results_v3_lr0p1,small_cnn,sgd,10,128,20000,0.1,0.9,0.0005,cpu,False,False,8,56,1155,0.2843303680419922
fixed_random,0,results_v3_lr0p1,results_v3_lr0p1,small_cnn,sgd,10,128,20000,0.1,0.9,0.0005,cpu,False,False,8,57,1156,0.288427472114563
fixed_random,0,results_v3_lr0p1,results_v3_lr0p1,small_cnn,sgd,10,128,20000,0.1,0.9,0.0005,cpu,False,False,8,58,1157,0.1832253336906433
fixed_random,0,results_v3_lr0p1,results_v3_lr0p1,small_cnn,sgd,10,128,20000,0.1,0.9,0.0005,cpu,False,False,8,59,1158,0.4338272511959076
fixed_random,0,results_v3_lr0p1,results_v3_lr0p1,small_cnn,sgd,10,128,20000,0.1,0.9,0.0005,cpu,False,False,8,60,1159,0.17903439700603485
fixed_random,0,results_v3_lr0p1,results_v3_lr0p1,small_cnn,sgd,10,128,20000,0.1,0.9,0.0005,cpu,False,False,8,61,1160,0.03711962699890137
fixed_random,0,results_v3_lr0p1,results_v3_lr0p1,small_cnn,sgd,10,128,20000,0.1,0.9,0.0005,cpu,False,False,8,62,1161,0.4066765308380127
fixed_random,0,results_v3_lr0p1,results_v3_lr0p1,small_cnn,sgd,10,128,20000,0.1,0.9,0.0005,cpu,False,False,8,63,1162,0.45480936765670776
fixed_random,0,results_v3_lr0p1,results_v3_lr0p1,small_cnn,sgd,10,128,20000,0.1,0.9,0.0005,cpu,False,False,8,64,1163,0.24564380943775177
fixed_random,0,results_v3_lr0p1,results_v3_lr0p1,small_cnn,sgd,10,128,20000,0.1,0.9,0.0005,cpu,False,False,8,65,1164,-0.007629639934748411
fixed_random,0,results_v3_lr0p1,results_v3_lr0p1,small_cnn,sgd,10,128,20000,0.1,0.9,0.0005,cpu,False,False,8,66,1165,0.27790558338165283
fixed_random,0,results_v3_lr0p1,results_v3_lr0p1,small_cnn,sgd,10,128,20000,0.1,0.9,0.0005,cpu,False,False,8,67,1166,0.17001596093177795
fixed_random,0,results_v3_lr0p1,results_v3_lr0p1,small_cnn,sgd,10,128,20000,0.1,0.9,0.0005,cpu,False,False,8,68,1167,-0.036957770586013794
fixed_random,0,results_v3_lr0p1,results_v3_lr0p1,small_cnn,sgd,10,128,20000,0.1,0.9,0.0005,cpu,False,False,8,69,1168,0.2248900681734085
fixed_random,0,results_v3_lr0p1,results_v3_lr0p1,small_cnn,sgd,10,128,20000,0.1,0.9,0.0005,cpu,False,False,8,70,1169,0.03114193305373192
fixed_random,0,results_v3_lr0p1,results_v3_lr0p1,small_cnn,sgd,10,128,20000,0.1,0.9,0.0005,cpu,False,False,8,71,1170,0.18371765315532684
fixed_random,0,results_v3_lr0p1,results_v3_lr0p1,small_cnn,sgd,10,128,20000,0.1,0.9,0.0005,cpu,False,False,8,72,1171,0.19677972793579102
fixed_random,0,results_v3_lr0p1,results_v3_lr0p1,small_cnn,sgd,10,128,20000,0.1,0.9,0.0005,cpu,False,False,8,73,1172,0.1917582005262375
fixed_random,0,results_v3_lr0p1,results_v3_lr0p1,small_cnn,sgd,10,128,20000,0.1,0.9,0.0005,cpu,False,False,8,74,1173,0.17853911221027374
fixed_random,0,results_v3_lr0p1,results_v3_lr0p1,small_cnn,sgd,10,128,20000,0.1,0.9,0.0005,cpu,False,False,8,75,1174,0.10948880761861801
fixed_random,0,results_v3_lr0p1,results_v3_lr0p1,small_cnn,sgd,10,128,20000,0.1,0.9,0.0005,cpu,False,False,8,76,1175,0.11614207923412323
fixed_random,0,results_v3_lr0p1,results_v3_lr0p1,small_cnn,sgd,10,128,20000,0.1,0.9,0.0005,cpu,False,False,8,77,1176,0.2427968829870224
fixed_random,0,results_v3_lr0p1,results_v3_lr0p1,small_cnn,sgd,10,128,20000,0.1,0.9,0.0005,cpu,False,False,8,78,1177,0.2475982904434204
fixed_random,0,results_v3_lr0p1,results_v3_lr0p1,small_cnn,sgd,10,128,20000,0.1,0.9,0.0005,cpu,False,False,8,79,1178,0.3054254949092865
fixed_random,0,results_v3_lr0p1,results_v3_lr0p1,small_cnn,sgd,10,128,20000,0.1,0.9,0.0005,cpu,False,False,8,80,1179,0.10667213052511215
fixed_random,0,results_v3_lr0p1,results_v3_lr0p1,small_cnn,sgd,10,128,20000,0.1,0.9,0.0005,cpu,False,False,8,81,1180,0.11339165270328522
fixed_random,0,results_v3_lr0p1,results_v3_lr0p1,small_cnn,sgd,10,128,20000,0.1,0.9,0.0005,cpu,False,False,8,82,1181,0.07499242573976517
fixed_random,0,results_v3_lr0p1,results_v3_lr0p1,small_cnn,sgd,10,128,20000,0.1,0.9,0.0005,cpu,False,False,8,83,1182,0.14579840004444122
fixed_random,0,results_v3_lr0p1,results_v3_lr0p1,small_cnn,sgd,10,128,20000,0.1,0.9,0.0005,cpu,False,False,8,84,1183,0.2577795684337616
fixed_random,0,results_v3_lr0p1,results_v3_lr0p1,small_cnn,sgd,10,128,20000,0.1,0.9,0.0005,cpu,False,False,8,85,1184,0.3090022802352905
fixed_random,0,results_v3_lr0p1,results_v3_lr0p1,small_cnn,sgd,10,128,20000,0.1,0.9,0.0005,cpu,False,False,8,86,1185,0.02704530395567417
fixed_random,0,results_v3_lr0p1,results_v3_lr0p1,small_cnn,sgd,10,128,20000,0.1,0.9,0.0005,cpu,False,False,8,87,1186,0.045441143214702606
fixed_random,0,results_v3_lr0p1,results_v3_lr0p1,small_cnn,sgd,10,128,20000,0.1,0.9,0.0005,cpu,False,False,8,88,1187,0.03260655701160431
fixed_random,0,results_v3_lr0p1,results_v3_lr0p1,small_cnn,sgd,10,128,20000,0.1,0.9,0.0005,cpu,False,False,8,89,1188,0.13828136026859283
fixed_random,0,results_v3_lr0p1,results_v3_lr0p1,small_cnn,sgd,10,128,20000,0.1,0.9,0.0005,cpu,False,False,8,90,1189,0.01338241808116436
fixed_random,0,results_v3_lr0p1,results_v3_lr0p1,small_cnn,sgd,10,128,20000,0.1,0.9,0.0005,cpu,False,False,8,91,1190,0.4412170350551605
fixed_random,0,results_v3_lr0p1,results_v3_lr0p1,small_cnn,sgd,10,128,20000,0.1,0.9,0.0005,cpu,False,False,8,92,1191,0.016386844217777252
fixed_random,0,results_v3_lr0p1,results_v3_lr0p1,small_cnn,sgd,10,128,20000,0.1,0.9,0.0005,cpu,False,False,8,93,1192,-0.09300167113542557
fixed_random,0,results_v3_lr0p1,results_v3_lr0p1,small_cnn,sgd,10,128,20000,0.1,0.9,0.0005,cpu,False,False,8,94,1193,0.21844805777072906
fixed_random,0,results_v3_lr0p1,results_v3_lr0p1,small_cnn,sgd,10,128,20000,0.1,0.9,0.0005,cpu,False,False,8,95,1194,0.09250294417142868
fixed_random,0,results_v3_lr0p1,results_v3_lr0p1,small_cnn,sgd,10,128,20000,0.1,0.9,0.0005,cpu,False,False,8,96,1195,0.3260512351989746
fixed_random,0,results_v3_lr0p1,results_v3_lr0p1,small_cnn,sgd,10,128,20000,0.1,0.9,0.0005,cpu,False,False,8,97,1196,0.48003262281417847
fixed_random,0,results_v3_lr0p1,results_v3_lr0p1,small_cnn,sgd,10,128,20000,0.1,0.9,0.0005,cpu,False,False,8,98,1197,0.16827894747257233
fixed_random,0,results_v3_lr0p1,results_v3_lr0p1,small_cnn,sgd,10,128,20000,0.1,0.9,0.0005,cpu,False,False,8,99,1198,-0.026592900976538658
fixed_random,0,results_v3_lr0p1,results_v3_lr0p1,small_cnn,sgd,10,128,20000,0.1,0.9,0.0005,cpu,False,False,8,100,1199,-0.16769254207611084
fixed_random,0,results_v3_lr0p1,results_v3_lr0p1,small_cnn,sgd,10,128,20000,0.1,0.9,0.0005,cpu,False,False,8,101,1200,0.2109164297580719
fixed_random,0,results_v3_lr0p1,results_v3_lr0p1,small_cnn,sgd,10,128,20000,0.1,0.9,0.0005,cpu,False,False,8,102,1201,0.13114280998706818
fixed_random,0,results_v3_lr0p1,results_v3_lr0p1,small_cnn,sgd,10,128,20000,0.1,0.9,0.0005,cpu,False,False,8,103,1202,0.052636608481407166
fixed_random,0,results_v3_lr0p1,results_v3_lr0p1,small_cnn,sgd,10,128,20000,0.1,0.9,0.0005,cpu,False,False,8,104,1203,0.08670037239789963
fixed_random,0,results_v3_lr0p1,results_v3_lr0p1,small_cnn,sgd,10,128,20000,0.1,0.9,0.0005,cpu,False,False,8,105,1204,0.2354746162891388
fixed_random,0,results_v3_lr0p1,results_v3_lr0p1,small_cnn,sgd,10,128,20000,0.1,0.9,0.0005,cpu,False,False,8,106,1205,0.04184836894273758
fixed_random,0,results_v3_lr0p1,results_v3_lr0p1,small_cnn,sgd,10,128,20000,0.1,0.9,0.0005,cpu,False,False,8,107,1206,0.4662574529647827
fixed_random,0,results_v3_lr0p1,results_v3_lr0p1,small_cnn,sgd,10,128,20000,0.1,0.9,0.0005,cpu,False,False,8,108,1207,0.15231925249099731
fixed_random,0,results_v3_lr0p1,results_v3_lr0p1,small_cnn,sgd,10,128,20000,0.1,0.9,0.0005,cpu,False,False,8,109,1208,0.5151293277740479
fixed_random,0,results_v3_lr0p1,results_v3_lr0p1,small_cnn,sgd,10,128,20000,0.1,0.9,0.0005,cpu,False,False,8,110,1209,0.14092299342155457
fixed_random,0,results_v3_lr0p1,results_v3_lr0p1,small_cnn,sgd,10,128,20000,0.1,0.9,0.0005,cpu,False,False,8,111,1210,0.22283361852169037
fixed_random,0,results_v3_lr0p1,results_v3_lr0p1,small_cnn,sgd,10,128,20000,0.1,0.9,0.0005,cpu,False,False,8,112,1211,0.3791307508945465
fixed_random,0,results_v3_lr0p1,results_v3_lr0p1,small_cnn,sgd,10,128,20000,0.1,0.9,0.0005,cpu,False,False,8,113,1212,0.2283613532781601
fixed_random,0,results_v3_lr0p1,results_v3_lr0p1,small_cnn,sgd,10,128,20000,0.1,0.9,0.0005,cpu,False,False,8,114,1213,0.2556006908416748
fixed_random,0,results_v3_lr0p1,results_v3_lr0p1,small_cnn,sgd,10,128,20000,0.1,0.9,0.0005,cpu,False,False,8,115,1214,0.5166590809822083
fixed_random,0,results_v3_lr0p1,results_v3_lr0p1,small_cnn,sgd,10,128,20000,0.1,0.9,0.0005,cpu,False,False,8,116,1215,0.3565407395362854
fixed_random,0,results_v3_lr0p1,results_v3_lr0p1,small_cnn,sgd,10,128,20000,0.1,0.9,0.0005,cpu,False,False,8,117,1216,0.19711655378341675
fixed_random,0,results_v3_lr0p1,results_v3_lr0p1,small_cnn,sgd,10,128,20000,0.1,0.9,0.0005,cpu,False,False,8,118,1217,0.13932044804096222
fixed_random,0,results_v3_lr0p1,results_v3_lr0p1,small_cnn,sgd,10,128,20000,0.1,0.9,0.0005,cpu,False,False,8,119,1218,0.12965817749500275
fixed_random,0,results_v3_lr0p1,results_v3_lr0p1,small_cnn,sgd,10,128,20000,0.1,0.9,0.0005,cpu,False,False,8,120,1219,0.26459652185440063
fixed_random,0,results_v3_lr0p1,results_v3_lr0p1,small_cnn,sgd,10,128,20000,0.1,0.9,0.0005,cpu,False,False,8,121,1220,0.316446453332901
fixed_random,0,results_v3_lr0p1,results_v3_lr0p1,small_cnn,sgd,10,128,20000,0.1,0.9,0.0005,cpu,False,False,8,122,1221,0.4650295674800873
fixed_random,0,results_v3_lr0p1,results_v3_lr0p1,small_cnn,sgd,10,128,20000,0.1,0.9,0.0005,cpu,False,False,8,123,1222,0.45802026987075806
fixed_random,0,results_v3_lr0p1,results_v3_lr0p1,small_cnn,sgd,10,128,20000,0.1,0.9,0.0005,cpu,False,False,8,124,1223,-0.01657060533761978
fixed_random,0,results_v3_lr0p1,results_v3_lr0p1,small_cnn,sgd,10,128,20000,0.1,0.9,0.0005,cpu,False,False,8,125,1224,0.12595967948436737
fixed_random,0,results_v3_lr0p1,results_v3_lr0p1,small_cnn,sgd,10,128,20000,0.1,0.9,0.0005,cpu,False,False,8,126,1225,0.3861023783683777
fixed_random,0,results_v3_lr0p1,results_v3_lr0p1,small_cnn,sgd,10,128,20000,0.1,0.9,0.0005,cpu,False,False,8,127,1226,0.2865787744522095
fixed_random,0,results_v3_lr0p1,results_v3_lr0p1,small_cnn,sgd,10,128,20000,0.1,0.9,0.0005,cpu,False,False,8,128,1227,0.1363517791032791
fixed_random,0,results_v3_lr0p1,results_v3_lr0p1,small_cnn,sgd,10,128,20000,0.1,0.9,0.0005,cpu,False,False,8,129,1228,0.410392165184021
fixed_random,0,results_v3_lr0p1,results_v3_lr0p1,small_cnn,sgd,10,128,20000,0.1,0.9,0.0005,cpu,False,False,8,130,1229,0.2983640432357788
fixed_random,0,results_v3_lr0p1,results_v3_lr0p1,small_cnn,sgd,10,128,20000,0.1,0.9,0.0005,cpu,False,False,8,131,1230,-0.06052776426076889
fixed_random,0,results_v3_lr0p1,results_v3_lr0p1,small_cnn,sgd,10,128,20000,0.1,0.9,0.0005,cpu,False,False,8,132,1231,0.14155347645282745
fixed_random,0,results_v3_lr0p1,results_v3_lr0p1,small_cnn,sgd,10,128,20000,0.1,0.9,0.0005,cpu,False,False,8,133,1232,0.21265828609466553
fixed_random,0,results_v3_lr0p1,results_v3_lr0p1,small_cnn,sgd,10,128,20000,0.1,0.9,0.0005,cpu,False,False,8,134,1233,0.42888760566711426
fixed_random,0,results_v3_lr0p1,results_v3_lr0p1,small_cnn,sgd,10,128,20000,0.1,0.9,0.0005,cpu,False,False,8,135,1234,-0.13931262493133545
fixed_random,0,results_v3_lr0p1,results_v3_lr0p1,small_cnn,sgd,10,128,20000,0.1,0.9,0.0005,cpu,False,False,8,136,1235,0.4895200729370117
fixed_random,0,results_v3_lr0p1,results_v3_lr0p1,small_cnn,sgd,10,128,20000,0.1,0.9,0.0005,cpu,False,False,8,137,1236,0.46418681740760803
fixed_random,0,results_v3_lr0p1,results_v3_lr0p1,small_cnn,sgd,10,128,20000,0.1,0.9,0.0005,cpu,False,False,8,138,1237,0.08638058602809906
fixed_random,0,results_v3_lr0p1,results_v3_lr0p1,small_cnn,sgd,10,128,20000,0.1,0.9,0.0005,cpu,False,False,8,139,1238,0.15236987173557281
fixed_random,0,results_v3_lr0p1,results_v3_lr0p1,small_cnn,sgd,10,128,20000,0.1,0.9,0.0005,cpu,False,False,8,140,1239,0.044435396790504456
fixed_random,0,results_v3_lr0p1,results_v3_lr0p1,small_cnn,sgd,10,128,20000,0.1,0.9,0.0005,cpu,False,False,8,141,1240,0.1069989800453186
fixed_random,0,results_v3_lr0p1,results_v3_lr0p1,small_cnn,sgd,10,128,20000,0.1,0.9,0.0005,cpu,False,False,8,142,1241,0.20176781713962555
fixed_random,0,results_v3_lr0p1,results_v3_lr0p1,small_cnn,sgd,10,128,20000,0.1,0.9,0.0005,cpu,False,False,8,143,1242,0.1286551058292389
fixed_random,0,results_v3_lr0p1,results_v3_lr0p1,small_cnn,sgd,10,128,20000,0.1,0.9,0.0005,cpu,False,False,8,144,1243,0.07641734927892685
fixed_random,0,results_v3_lr0p1,results_v3_lr0p1,small_cnn,sgd,10,128,20000,0.1,0.9,0.0005,cpu,False,False,8,145,1244,0.09366866201162338
fixed_random,0,results_v3_lr0p1,results_v3_lr0p1,small_cnn,sgd,10,128,20000,0.1,0.9,0.0005,cpu,False,False,8,146,1245,0.19142784178256989
fixed_random,0,results_v3_lr0p1,results_v3_lr0p1,small_cnn,sgd,10,128,20000,0.1,0.9,0.0005,cpu,False,False,8,147,1246,0.2718604803085327
fixed_random,0,results_v3_lr0p1,results_v3_lr0p1,small_cnn,sgd,10,128,20000,0.1,0.9,0.0005,cpu,False,False,8,148,1247,0.2526775598526001
fixed_random,0,results_v3_lr0p1,results_v3_lr0p1,small_cnn,sgd,10,128,20000,0.1,0.9,0.0005,cpu,False,False,8,149,1248,0.16250687837600708
fixed_random,0,results_v3_lr0p1,results_v3_lr0p1,small_cnn,sgd,10,128,20000,0.1,0.9,0.0005,cpu,False,False,8,150,1249,0.3461140990257263
fixed_random,0,results_v3_lr0p1,results_v3_lr0p1,small_cnn,sgd,10,128,20000,0.1,0.9,0.0005,cpu,False,False,8,151,1250,0.0989740788936615
fixed_random,0,results_v3_lr0p1,results_v3_lr0p1,small_cnn,sgd,10,128,20000,0.1,0.9,0.0005,cpu,False,False,8,152,1251,0.06374122202396393
fixed_random,0,results_v3_lr0p1,results_v3_lr0p1,small_cnn,sgd,10,128,20000,0.1,0.9,0.0005,cpu,False,False,8,153,1252,0.09194491803646088
fixed_random,0,results_v3_lr0p1,results_v3_lr0p1,small_cnn,sgd,10,128,20000,0.1,0.9,0.0005,cpu,False,False,8,154,1253,-0.019549701362848282
fixed_random,0,results_v3_lr0p1,results_v3_lr0p1,small_cnn,sgd,10,128,20000,0.1,0.9,0.0005,cpu,False,False,8,155,1254,0.018996553495526314
fixed_random,0,results_v3_lr0p1,results_v3_lr0p1,small_cnn,sgd,10,128,20000,0.1,0.9,0.0005,cpu,False,False,8,156,1255,0.3578779399394989
fixed_random,0,results_v3_lr0p1,results_v3_lr0p1,small_cnn,sgd,10,128,20000,0.1,0.9,0.0005,cpu,False,False,8,157,1256,0.2989599108695984
fixed_random,0,results_v3_lr0p1,results_v3_lr0p1,small_cnn,sgd,10,128,20000,0.1,0.9,0.0005,cpu,False,False,9,1,1257,-0.061890166252851486
fixed_random,0,results_v3_lr0p1,results_v3_lr0p1,small_cnn,sgd,10,128,20000,0.1,0.9,0.0005,cpu,False,False,9,2,1258,0.21435494720935822
fixed_random,0,results_v3_lr0p1,results_v3_lr0p1,small_cnn,sgd,10,128,20000,0.1,0.9,0.0005,cpu,False,False,9,3,1259,0.39583349227905273
fixed_random,0,results_v3_lr0p1,results_v3_lr0p1,small_cnn,sgd,10,128,20000,0.1,0.9,0.0005,cpu,False,False,9,4,1260,0.23763518035411835
fixed_random,0,results_v3_lr0p1,results_v3_lr0p1,small_cnn,sgd,10,128,20000,0.1,0.9,0.0005,cpu,False,False,9,5,1261,0.18461968004703522
fixed_random,0,results_v3_lr0p1,results_v3_lr0p1,small_cnn,sgd,10,128,20000,0.1,0.9,0.0005,cpu,False,False,9,6,1262,0.014723118394613266
fixed_random,0,results_v3_lr0p1,results_v3_lr0p1,small_cnn,sgd,10,128,20000,0.1,0.9,0.0005,cpu,False,False,9,7,1263,0.1306871473789215
fixed_random,0,results_v3_lr0p1,results_v3_lr0p1,small_cnn,sgd,10,128,20000,0.1,0.9,0.0005,cpu,False,False,9,8,1264,-0.001562601188197732
fixed_random,0,results_v3_lr0p1,results_v3_lr0p1,small_cnn,sgd,10,128,20000,0.1,0.9,0.0005,cpu,False,False,9,9,1265,0.19664888083934784
fixed_random,0,results_v3_lr0p1,results_v3_lr0p1,small_cnn,sgd,10,128,20000,0.1,0.9,0.0005,cpu,False,False,9,10,1266,0.2839468717575073
fixed_random,0,results_v3_lr0p1,results_v3_lr0p1,small_cnn,sgd,10,128,20000,0.1,0.9,0.0005,cpu,False,False,9,11,1267,-0.01336158998310566
fixed_random,0,results_v3_lr0p1,results_v3_lr0p1,small_cnn,sgd,10,128,20000,0.1,0.9,0.0005,cpu,False,False,9,12,1268,0.4109220802783966
fixed_random,0,results_v3_lr0p1,results_v3_lr0p1,small_cnn,sgd,10,128,20000,0.1,0.9,0.0005,cpu,False,False,9,13,1269,0.18648004531860352
fixed_random,0,results_v3_lr0p1,results_v3_lr0p1,small_cnn,sgd,10,128,20000,0.1,0.9,0.0005,cpu,False,False,9,14,1270,0.06734897196292877
fixed_random,0,results_v3_lr0p1,results_v3_lr0p1,small_cnn,sgd,10,128,20000,0.1,0.9,0.0005,cpu,False,False,9,15,1271,0.3110654652118683
fixed_random,0,results_v3_lr0p1,results_v3_lr0p1,small_cnn,sgd,10,128,20000,0.1,0.9,0.0005,cpu,False,False,9,16,1272,0.46460315585136414
fixed_random,0,results_v3_lr0p1,results_v3_lr0p1,small_cnn,sgd,10,128,20000,0.1,0.9,0.0005,cpu,False,False,9,17,1273,-0.10116717964410782
fixed_random,0,results_v3_lr0p1,results_v3_lr0p1,small_cnn,sgd,10,128,20000,0.1,0.9,0.0005,cpu,False,False,9,18,1274,0.028695285320281982
fixed_random,0,results_v3_lr0p1,results_v3_lr0p1,small_cnn,sgd,10,128,20000,0.1,0.9,0.0005,cpu,False,False,9,19,1275,-0.07266891747713089
fixed_random,0,results_v3_lr0p1,results_v3_lr0p1,small_cnn,sgd,10,128,20000,0.1,0.9,0.0005,cpu,False,False,9,20,1276,0.4281282424926758
fixed_random,0,results_v3_lr0p1,results_v3_lr0p1,small_cnn,sgd,10,128,20000,0.1,0.9,0.0005,cpu,False,False,9,21,1277,-0.18578371405601501
fixed_random,0,results_v3_lr0p1,results_v3_lr0p1,small_cnn,sgd,10,128,20000,0.1,0.9,0.0005,cpu,False,False,9,22,1278,0.05024566501379013
fixed_random,0,results_v3_lr0p1,results_v3_lr0p1,small_cnn,sgd,10,128,20000,0.1,0.9,0.0005,cpu,False,False,9,23,1279,0.20549927651882172
fixed_random,0,results_v3_lr0p1,results_v3_lr0p1,small_cnn,sgd,10,128,20000,0.1,0.9,0.0005,cpu,False,False,9,24,1280,0.08063815534114838
fixed_random,0,results_v3_lr0p1,results_v3_lr0p1,small_cnn,sgd,10,128,20000,0.1,0.9,0.0005,cpu,False,False,9,25,1281,0.2950304448604584
fixed_random,0,results_v3_lr0p1,results_v3_lr0p1,small_cnn,sgd,10,128,20000,0.1,0.9,0.0005,cpu,False,False,9,26,1282,0.17737111449241638
fixed_random,0,results_v3_lr0p1,results_v3_lr0p1,small_cnn,sgd,10,128,20000,0.1,0.9,0.0005,cpu,False,False,9,27,1283,0.13494935631752014
fixed_random,0,results_v3_lr0p1,results_v3_lr0p1,small_cnn,sgd,10,128,20000,0.1,0.9,0.0005,cpu,False,False,9,28,1284,0.17003515362739563
fixed_random,0,results_v3_lr0p1,results_v3_lr0p1,small_cnn,sgd,10,128,20000,0.1,0.9,0.0005,cpu,False,False,9,29,1285,0.2566497027873993
fixed_random,0,results_v3_lr0p1,results_v3_lr0p1,small_cnn,sgd,10,128,20000,0.1,0.9,0.0005,cpu,False,False,9,30,1286,0.08087890595197678
fixed_random,0,results_v3_lr0p1,results_v3_lr0p1,small_cnn,sgd,10,128,20000,0.1,0.9,0.0005,cpu,False,False,9,31,1287,-0.010007409378886223
fixed_random,0,results_v3_lr0p1,results_v3_lr0p1,small_cnn,sgd,10,128,20000,0.1,0.9,0.0005,cpu,False,False,9,32,1288,0.4866219758987427
fixed_random,0,results_v3_lr0p1,results_v3_lr0p1,small_cnn,sgd,10,128,20000,0.1,0.9,0.0005,cpu,False,False,9,33,1289,-0.010169768705964088
fixed_random,0,results_v3_lr0p1,results_v3_lr0p1,small_cnn,sgd,10,128,20000,0.1,0.9,0.0005,cpu,False,False,9,34,1290,0.055683087557554245
fixed_random,0,results_v3_lr0p1,results_v3_lr0p1,small_cnn,sgd,10,128,20000,0.1,0.9,0.0005,cpu,False,False,9,35,1291,0.5388906002044678
fixed_random,0,results_v3_lr0p1,results_v3_lr0p1,small_cnn,sgd,10,128,20000,0.1,0.9,0.0005,cpu,False,False,9,36,1292,0.3492748439311981
fixed_random,0,results_v3_lr0p1,results_v3_lr0p1,small_cnn,sgd,10,128,20000,0.1,0.9,0.0005,cpu,False,False,9,37,1293,-0.017882075160741806
fixed_random,0,results_v3_lr0p1,results_v3_lr0p1,small_cnn,sgd,10,128,20000,0.1,0.9,0.0005,cpu,False,False,9,38,1294,-0.005818808916956186
fixed_random,0,results_v3_lr0p1,results_v3_lr0p1,small_cnn,sgd,10,128,20000,0.1,0.9,0.0005,cpu,False,False,9,39,1295,0.3946242928504944
fixed_random,0,results_v3_lr0p1,results_v3_lr0p1,small_cnn,sgd,10,128,20000,0.1,0.9,0.0005,cpu,False,False,9,40,1296,0.11547986418008804
fixed_random,0,results_v3_lr0p1,results_v3_lr0p1,small_cnn,sgd,10,128,20000,0.1,0.9,0.0005,cpu,False,False,9,41,1297,0.05008509382605553
fixed_random,0,results_v3_lr0p1,results_v3_lr0p1,small_cnn,sgd,10,128,20000,0.1,0.9,0.0005,cpu,False,False,9,42,1298,0.24369774758815765
fixed_random,0,results_v3_lr0p1,results_v3_lr0p1,small_cnn,sgd,10,128,20000,0.1,0.9,0.0005,cpu,False,False,9,43,1299,0.15547819435596466
fixed_random,0,results_v3_lr0p1,results_v3_lr0p1,small_cnn,sgd,10,128,20000,0.1,0.9,0.0005,cpu,False,False,9,44,1300,0.12784460186958313
fixed_random,0,results_v3_lr0p1,results_v3_lr0p1,small_cnn,sgd,10,128,20000,0.1,0.9,0.0005,cpu,False,False,9,45,1301,0.14222893118858337
fixed_random,0,results_v3_lr0p1,results_v3_lr0p1,small_cnn,sgd,10,128,20000,0.1,0.9,0.0005,cpu,False,False,9,46,1302,0.11265403777360916
fixed_random,0,results_v3_lr0p1,results_v3_lr0p1,small_cnn,sgd,10,128,20000,0.1,0.9,0.0005,cpu,False,False,9,47,1303,0.14269106090068817
fixed_random,0,results_v3_lr0p1,results_v3_lr0p1,small_cnn,sgd,10,128,20000,0.1,0.9,0.0005,cpu,False,False,9,48,1304,0.3320893943309784
fixed_random,0,results_v3_lr0p1,results_v3_lr0p1,small_cnn,sgd,10,128,20000,0.1,0.9,0.0005,cpu,False,False,9,49,1305,0.15703965723514557
fixed_random,0,results_v3_lr0p1,results_v3_lr0p1,small_cnn,sgd,10,128,20000,0.1,0.9,0.0005,cpu,False,False,9,50,1306,-0.004033877979964018
fixed_random,0,results_v3_lr0p1,results_v3_lr0p1,small_cnn,sgd,10,128,20000,0.1,0.9,0.0005,cpu,False,False,9,51,1307,0.03126799315214157
fixed_random,0,results_v3_lr0p1,results_v3_lr0p1,small_cnn,sgd,10,128,20000,0.1,0.9,0.0005,cpu,False,False,9,52,1308,0.0336085669696331
fixed_random,0,results_v3_lr0p1,results_v3_lr0p1,small_cnn,sgd,10,128,20000,0.1,0.9,0.0005,cpu,False,False,9,53,1309,0.30606648325920105
fixed_random,0,results_v3_lr0p1,results_v3_lr0p1,small_cnn,sgd,10,128,20000,0.1,0.9,0.0005,cpu,False,False,9,54,1310,0.058789510279893875
fixed_random,0,results_v3_lr0p1,results_v3_lr0p1,small_cnn,sgd,10,128,20000,0.1,0.9,0.0005,cpu,False,False,9,55,1311,0.26464834809303284
fixed_random,0,results_v3_lr0p1,results_v3_lr0p1,small_cnn,sgd,10,128,20000,0.1,0.9,0.0005,cpu,False,False,9,56,1312,0.2539006769657135
fixed_random,0,results_v3_lr0p1,results_v3_lr0p1,small_cnn,sgd,10,128,20000,0.1,0.9,0.0005,cpu,False,False,9,57,1313,0.2149207592010498
fixed_random,0,results_v3_lr0p1,results_v3_lr0p1,small_cnn,sgd,10,128,20000,0.1,0.9,0.0005,cpu,False,False,9,58,1314,0.16170184314250946
fixed_random,0,results_v3_lr0p1,results_v3_lr0p1,small_cnn,sgd,10,128,20000,0.1,0.9,0.0005,cpu,False,False,9,59,1315,0.584347665309906
fixed_random,0,results_v3_lr0p1,results_v3_lr0p1,small_cnn,sgd,10,128,20000,0.1,0.9,0.0005,cpu,False,False,9,60,1316,0.06995410472154617
fixed_random,0,results_v3_lr0p1,results_v3_lr0p1,small_cnn,sgd,10,128,20000,0.1,0.9,0.0005,cpu,False,False,9,61,1317,0.1672416776418686
fixed_random,0,results_v3_lr0p1,results_v3_lr0p1,small_cnn,sgd,10,128,20000,0.1,0.9,0.0005,cpu,False,False,9,62,1318,0.22722990810871124
fixed_random,0,results_v3_lr0p1,results_v3_lr0p1,small_cnn,sgd,10,128,20000,0.1,0.9,0.0005,cpu,False,False,9,63,1319,0.29334598779678345
fixed_random,0,results_v3_lr0p1,results_v3_lr0p1,small_cnn,sgd,10,128,20000,0.1,0.9,0.0005,cpu,False,False,9,64,1320,0.11538892984390259
fixed_random,0,results_v3_lr0p1,results_v3_lr0p1,small_cnn,sgd,10,128,20000,0.1,0.9,0.0005,cpu,False,False,9,65,1321,0.12546409666538239
fixed_random,0,results_v3_lr0p1,results_v3_lr0p1,small_cnn,sgd,10,128,20000,0.1,0.9,0.0005,cpu,False,False,9,66,1322,0.20020216703414917
fixed_random,0,results_v3_lr0p1,results_v3_lr0p1,small_cnn,sgd,10,128,20000,0.1,0.9,0.0005,cpu,False,False,9,67,1323,0.1301063448190689
fixed_random,0,results_v3_lr0p1,results_v3_lr0p1,small_cnn,sgd,10,128,20000,0.1,0.9,0.0005,cpu,False,False,9,68,1324,-0.018127966672182083
fixed_random,0,results_v3_lr0p1,results_v3_lr0p1,small_cnn,sgd,10,128,20000,0.1,0.9,0.0005,cpu,False,False,9,69,1325,0.19730409979820251
fixed_random,0,results_v3_lr0p1,results_v3_lr0p1,small_cnn,sgd,10,128,20000,0.1,0.9,0.0005,cpu,False,False,9,70,1326,-0.0705522745847702
fixed_random,0,results_v3_lr0p1,results_v3_lr0p1,small_cnn,sgd,10,128,20000,0.1,0.9,0.0005,cpu,False,False,9,71,1327,-0.06321638077497482
fixed_random,0,results_v3_lr0p1,results_v3_lr0p1,small_cnn,sgd,10,128,20000,0.1,0.9,0.0005,cpu,False,False,9,72,1328,0.016020871698856354
fixed_random,0,results_v3_lr0p1,results_v3_lr0p1,small_cnn,sgd,10,128,20000,0.1,0.9,0.0005,cpu,False,False,9,73,1329,0.30161648988723755
fixed_random,0,results_v3_lr0p1,results_v3_lr0p1,small_cnn,sgd,10,128,20000,0.1,0.9,0.0005,cpu,False,False,9,74,1330,0.4141395688056946
fixed_random,0,results_v3_lr0p1,results_v3_lr0p1,small_cnn,sgd,10,128,20000,0.1,0.9,0.0005,cpu,False,False,9,75,1331,0.0815722644329071
fixed_random,0,results_v3_lr0p1,results_v3_lr0p1,small_cnn,sgd,10,128,20000,0.1,0.9,0.0005,cpu,False,False,9,76,1332,0.03810681030154228
fixed_random,0,results_v3_lr0p1,results_v3_lr0p1,small_cnn,sgd,10,128,20000,0.1,0.9,0.0005,cpu,False,False,9,77,1333,0.28175559639930725
fixed_random,0,results_v3_lr0p1,results_v3_lr0p1,small_cnn,sgd,10,128,20000,0.1,0.9,0.0005,cpu,False,False,9,78,1334,0.35293054580688477
fixed_random,0,results_v3_lr0p1,results_v3_lr0p1,small_cnn,sgd,10,128,20000,0.1,0.9,0.0005,cpu,False,False,9,79,1335,0.3061150908470154
fixed_random,0,results_v3_lr0p1,results_v3_lr0p1,small_cnn,sgd,10,128,20000,0.1,0.9,0.0005,cpu,False,False,9,80,1336,0.24199466407299042
fixed_random,0,results_v3_lr0p1,results_v3_lr0p1,small_cnn,sgd,10,128,20000,0.1,0.9,0.0005,cpu,False,False,9,81,1337,0.18438035249710083
fixed_random,0,results_v3_lr0p1,results_v3_lr0p1,small_cnn,sgd,10,128,20000,0.1,0.9,0.0005,cpu,False,False,9,82,1338,0.11331555992364883
fixed_random,0,results_v3_lr0p1,results_v3_lr0p1,small_cnn,sgd,10,128,20000,0.1,0.9,0.0005,cpu,False,False,9,83,1339,0.14883752167224884
fixed_random,0,results_v3_lr0p1,results_v3_lr0p1,small_cnn,sgd,10,128,20000,0.1,0.9,0.0005,cpu,False,False,9,84,1340,-0.05715439096093178
fixed_random,0,results_v3_lr0p1,results_v3_lr0p1,small_cnn,sgd,10,128,20000,0.1,0.9,0.0005,cpu,False,False,9,85,1341,0.17312447726726532
fixed_random,0,results_v3_lr0p1,results_v3_lr0p1,small_cnn,sgd,10,128,20000,0.1,0.9,0.0005,cpu,False,False,9,86,1342,0.152755469083786
fixed_random,0,results_v3_lr0p1,results_v3_lr0p1,small_cnn,sgd,10,128,20000,0.1,0.9,0.0005,cpu,False,False,9,87,1343,0.24078141152858734
fixed_random,0,results_v3_lr0p1,results_v3_lr0p1,small_cnn,sgd,10,128,20000,0.1,0.9,0.0005,cpu,False,False,9,88,1344,-0.025446638464927673
fixed_random,0,results_v3_lr0p1,results_v3_lr0p1,small_cnn,sgd,10,128,20000,0.1,0.9,0.0005,cpu,False,False,9,89,1345,0.09800228476524353
fixed_random,0,results_v3_lr0p1,results_v3_lr0p1,small_cnn,sgd,10,128,20000,0.1,0.9,0.0005,cpu,False,False,9,90,1346,0.0015772543847560883
fixed_random,0,results_v3_lr0p1,results_v3_lr0p1,small_cnn,sgd,10,128,20000,0.1,0.9,0.0005,cpu,False,False,9,91,1347,0.4272589087486267
fixed_random,0,results_v3_lr0p1,results_v3_lr0p1,small_cnn,sgd,10,128,20000,0.1,0.9,0.0005,cpu,False,False,9,92,1348,-0.03462187945842743
fixed_random,0,results_v3_lr0p1,results_v3_lr0p1,small_cnn,sgd,10,128,20000,0.1,0.9,0.0005,cpu,False,False,9,93,1349,-0.14840546250343323
fixed_random,0,results_v3_lr0p1,results_v3_lr0p1,small_cnn,sgd,10,128,20000,0.1,0.9,0.0005,cpu,False,False,9,94,1350,-0.008520063944160938
fixed_random,0,results_v3_lr0p1,results_v3_lr0p1,small_cnn,sgd,10,128,20000,0.1,0.9,0.0005,cpu,False,False,9,95,1351,0.2150610387325287
fixed_random,0,results_v3_lr0p1,results_v3_lr0p1,small_cnn,sgd,10,128,20000,0.1,0.9,0.0005,cpu,False,False,9,96,1352,0.3225276470184326
fixed_random,0,results_v3_lr0p1,results_v3_lr0p1,small_cnn,sgd,10,128,20000,0.1,0.9,0.0005,cpu,False,False,9,97,1353,0.26279211044311523
fixed_random,0,results_v3_lr0p1,results_v3_lr0p1,small_cnn,sgd,10,128,20000,0.1,0.9,0.0005,cpu,False,False,9,98,1354,0.23967160284519196
fixed_random,0,results_v3_lr0p1,results_v3_lr0p1,small_cnn,sgd,10,128,20000,0.1,0.9,0.0005,cpu,False,False,9,99,1355,0.0779513493180275
fixed_random,0,results_v3_lr0p1,results_v3_lr0p1,small_cnn,sgd,10,128,20000,0.1,0.9,0.0005,cpu,False,False,9,100,1356,-0.16263943910598755
fixed_random,0,results_v3_lr0p1,results_v3_lr0p1,small_cnn,sgd,10,128,20000,0.1,0.9,0.0005,cpu,False,False,9,101,1357,0.41632214188575745
fixed_random,0,results_v3_lr0p1,results_v3_lr0p1,small_cnn,sgd,10,128,20000,0.1,0.9,0.0005,cpu,False,False,9,102,1358,0.17536187171936035
fixed_random,0,results_v3_lr0p1,results_v3_lr0p1,small_cnn,sgd,10,128,20000,0.1,0.9,0.0005,cpu,False,False,9,103,1359,0.18000280857086182
fixed_random,0,results_v3_lr0p1,results_v3_lr0p1,small_cnn,sgd,10,128,20000,0.1,0.9,0.0005,cpu,False,False,9,104,1360,0.2115621268749237
fixed_random,0,results_v3_lr0p1,results_v3_lr0p1,small_cnn,sgd,10,128,20000,0.1,0.9,0.0005,cpu,False,False,9,105,1361,0.11753661930561066
fixed_random,0,results_v3_lr0p1,results_v3_lr0p1,small_cnn,sgd,10,128,20000,0.1,0.9,0.0005,cpu,False,False,9,106,1362,0.18506236374378204
fixed_random,0,results_v3_lr0p1,results_v3_lr0p1,small_cnn,sgd,10,128,20000,0.1,0.9,0.0005,cpu,False,False,9,107,1363,0.23179641366004944
fixed_random,0,results_v3_lr0p1,results_v3_lr0p1,small_cnn,sgd,10,128,20000,0.1,0.9,0.0005,cpu,False,False,9,108,1364,0.261039137840271
fixed_random,0,results_v3_lr0p1,results_v3_lr0p1,small_cnn,sgd,10,128,20000,0.1,0.9,0.0005,cpu,False,False,9,109,1365,0.2747674882411957
fixed_random,0,results_v3_lr0p1,results_v3_lr0p1,small_cnn,sgd,10,128,20000,0.1,0.9,0.0005,cpu,False,False,9,110,1366,0.22939886152744293
fixed_random,0,results_v3_lr0p1,results_v3_lr0p1,small_cnn,sgd,10,128,20000,0.1,0.9,0.0005,cpu,False,False,9,111,1367,0.42800605297088623
fixed_random,0,results_v3_lr0p1,results_v3_lr0p1,small_cnn,sgd,10,128,20000,0.1,0.9,0.0005,cpu,False,False,9,112,1368,0.30851688981056213
fixed_random,0,results_v3_lr0p1,results_v3_lr0p1,small_cnn,sgd,10,128,20000,0.1,0.9,0.0005,cpu,False,False,9,113,1369,0.38226479291915894
fixed_random,0,results_v3_lr0p1,results_v3_lr0p1,small_cnn,sgd,10,128,20000,0.1,0.9,0.0005,cpu,False,False,9,114,1370,0.1662938892841339
fixed_random,0,results_v3_lr0p1,results_v3_lr0p1,small_cnn,sgd,10,128,20000,0.1,0.9,0.0005,cpu,False,False,9,115,1371,0.33245649933815
fixed_random,0,results_v3_lr0p1,results_v3_lr0p1,small_cnn,sgd,10,128,20000,0.1,0.9,0.0005,cpu,False,False,9,116,1372,0.4723345935344696
fixed_random,0,results_v3_lr0p1,results_v3_lr0p1,small_cnn,sgd,10,128,20000,0.1,0.9,0.0005,cpu,False,False,9,117,1373,0.47493380308151245
fixed_random,0,results_v3_lr0p1,results_v3_lr0p1,small_cnn,sgd,10,128,20000,0.1,0.9,0.0005,cpu,False,False,9,118,1374,0.1747138947248459
fixed_random,0,results_v3_lr0p1,results_v3_lr0p1,small_cnn,sgd,10,128,20000,0.1,0.9,0.0005,cpu,False,False,9,119,1375,0.07585449516773224
fixed_random,0,results_v3_lr0p1,results_v3_lr0p1,small_cnn,sgd,10,128,20000,0.1,0.9,0.0005,cpu,False,False,9,120,1376,0.04239507019519806
fixed_random,0,results_v3_lr0p1,results_v3_lr0p1,small_cnn,sgd,10,128,20000,0.1,0.9,0.0005,cpu,False,False,9,121,1377,0.4487539231777191
fixed_random,0,results_v3_lr0p1,results_v3_lr0p1,small_cnn,sgd,10,128,20000,0.1,0.9,0.0005,cpu,False,False,9,122,1378,0.3859599828720093
fixed_random,0,results_v3_lr0p1,results_v3_lr0p1,small_cnn,sgd,10,128,20000,0.1,0.9,0.0005,cpu,False,False,9,123,1379,0.5310426354408264
fixed_random,0,results_v3_lr0p1,results_v3_lr0p1,small_cnn,sgd,10,128,20000,0.1,0.9,0.0005,cpu,False,False,9,124,1380,0.24451018869876862
fixed_random,0,results_v3_lr0p1,results_v3_lr0p1,small_cnn,sgd,10,128,20000,0.1,0.9,0.0005,cpu,False,False,9,125,1381,0.03501725196838379
fixed_random,0,results_v3_lr0p1,results_v3_lr0p1,small_cnn,sgd,10,128,20000,0.1,0.9,0.0005,cpu,False,False,9,126,1382,-0.01735033467411995
fixed_random,0,results_v3_lr0p1,results_v3_lr0p1,small_cnn,sgd,10,128,20000,0.1,0.9,0.0005,cpu,False,False,9,127,1383,0.23219436407089233
fixed_random,0,results_v3_lr0p1,results_v3_lr0p1,small_cnn,sgd,10,128,20000,0.1,0.9,0.0005,cpu,False,False,9,128,1384,0.2796001136302948
fixed_random,0,results_v3_lr0p1,results_v3_lr0p1,small_cnn,sgd,10,128,20000,0.1,0.9,0.0005,cpu,False,False,9,129,1385,0.34009480476379395
fixed_random,0,results_v3_lr0p1,results_v3_lr0p1,small_cnn,sgd,10,128,20000,0.1,0.9,0.0005,cpu,False,False,9,130,1386,0.03776445984840393
fixed_random,0,results_v3_lr0p1,results_v3_lr0p1,small_cnn,sgd,10,128,20000,0.1,0.9,0.0005,cpu,False,False,9,131,1387,-0.056748855859041214
fixed_random,0,results_v3_lr0p1,results_v3_lr0p1,small_cnn,sgd,10,128,20000,0.1,0.9,0.0005,cpu,False,False,9,132,1388,0.042011335492134094
fixed_random,0,results_v3_lr0p1,results_v3_lr0p1,small_cnn,sgd,10,128,20000,0.1,0.9,0.0005,cpu,False,False,9,133,1389,0.12231037020683289
fixed_random,0,results_v3_lr0p1,results_v3_lr0p1,small_cnn,sgd,10,128,20000,0.1,0.9,0.0005,cpu,False,False,9,134,1390,0.21525904536247253
fixed_random,0,results_v3_lr0p1,results_v3_lr0p1,small_cnn,sgd,10,128,20000,0.1,0.9,0.0005,cpu,False,False,9,135,1391,0.24900148808956146
fixed_random,0,results_v3_lr0p1,results_v3_lr0p1,small_cnn,sgd,10,128,20000,0.1,0.9,0.0005,cpu,False,False,9,136,1392,0.5228971242904663
fixed_random,0,results_v3_lr0p1,results_v3_lr0p1,small_cnn,sgd,10,128,20000,0.1,0.9,0.0005,cpu,False,False,9,137,1393,0.10507629066705704
fixed_random,0,results_v3_lr0p1,results_v3_lr0p1,small_cnn,sgd,10,128,20000,0.1,0.9,0.0005,cpu,False,False,9,138,1394,-0.05594068020582199
fixed_random,0,results_v3_lr0p1,results_v3_lr0p1,small_cnn,sgd,10,128,20000,0.1,0.9,0.0005,cpu,False,False,9,139,1395,0.28382614254951477
fixed_random,0,results_v3_lr0p1,results_v3_lr0p1,small_cnn,sgd,10,128,20000,0.1,0.9,0.0005,cpu,False,False,9,140,1396,0.05786699801683426
fixed_random,0,results_v3_lr0p1,results_v3_lr0p1,small_cnn,sgd,10,128,20000,0.1,0.9,0.0005,cpu,False,False,9,141,1397,0.03216475620865822
fixed_random,0,results_v3_lr0p1,results_v3_lr0p1,small_cnn,sgd,10,128,20000,0.1,0.9,0.0005,cpu,False,False,9,142,1398,0.2488992065191269
fixed_random,0,results_v3_lr0p1,results_v3_lr0p1,small_cnn,sgd,10,128,20000,0.1,0.9,0.0005,cpu,False,False,9,143,1399,0.13475920259952545
fixed_random,0,results_v3_lr0p1,results_v3_lr0p1,small_cnn,sgd,10,128,20000,0.1,0.9,0.0005,cpu,False,False,9,144,1400,-0.06325788050889969
fixed_random,0,results_v3_lr0p1,results_v3_lr0p1,small_cnn,sgd,10,128,20000,0.1,0.9,0.0005,cpu,False,False,9,145,1401,0.08888000249862671
fixed_random,0,results_v3_lr0p1,results_v3_lr0p1,small_cnn,sgd,10,128,20000,0.1,0.9,0.0005,cpu,False,False,9,146,1402,0.056779611855745316
fixed_random,0,results_v3_lr0p1,results_v3_lr0p1,small_cnn,sgd,10,128,20000,0.1,0.9,0.0005,cpu,False,False,9,147,1403,0.27575671672821045
fixed_random,0,results_v3_lr0p1,results_v3_lr0p1,small_cnn,sgd,10,128,20000,0.1,0.9,0.0005,cpu,False,False,9,148,1404,0.22310562431812286
fixed_random,0,results_v3_lr0p1,results_v3_lr0p1,small_cnn,sgd,10,128,20000,0.1,0.9,0.0005,cpu,False,False,9,149,1405,0.2002106010913849
fixed_random,0,results_v3_lr0p1,results_v3_lr0p1,small_cnn,sgd,10,128,20000,0.1,0.9,0.0005,cpu,False,False,9,150,1406,0.22272592782974243
fixed_random,0,results_v3_lr0p1,results_v3_lr0p1,small_cnn,sgd,10,128,20000,0.1,0.9,0.0005,cpu,False,False,9,151,1407,0.09248704463243484
fixed_random,0,results_v3_lr0p1,results_v3_lr0p1,small_cnn,sgd,10,128,20000,0.1,0.9,0.0005,cpu,False,False,9,152,1408,-0.12478628754615784
fixed_random,0,results_v3_lr0p1,results_v3_lr0p1,small_cnn,sgd,10,128,20000,0.1,0.9,0.0005,cpu,False,False,9,153,1409,0.010653498582541943
fixed_random,0,results_v3_lr0p1,results_v3_lr0p1,small_cnn,sgd,10,128,20000,0.1,0.9,0.0005,cpu,False,False,9,154,1410,0.005260034464299679
fixed_random,0,results_v3_lr0p1,results_v3_lr0p1,small_cnn,sgd,10,128,20000,0.1,0.9,0.0005,cpu,False,False,9,155,1411,0.0520152673125267
fixed_random,0,results_v3_lr0p1,results_v3_lr0p1,small_cnn,sgd,10,128,20000,0.1,0.9,0.0005,cpu,False,False,9,156,1412,0.3463551104068756
fixed_random,0,results_v3_lr0p1,results_v3_lr0p1,small_cnn,sgd,10,128,20000,0.1,0.9,0.0005,cpu,False,False,9,157,1413,0.2841894030570984
fixed_random,0,results_v3_lr0p1,results_v3_lr0p1,small_cnn,sgd,10,128,20000,0.1,0.9,0.0005,cpu,False,False,10,1,1414,-0.02663787454366684
fixed_random,0,results_v3_lr0p1,results_v3_lr0p1,small_cnn,sgd,10,128,20000,0.1,0.9,0.0005,cpu,False,False,10,2,1415,0.16564884781837463
fixed_random,0,results_v3_lr0p1,results_v3_lr0p1,small_cnn,sgd,10,128,20000,0.1,0.9,0.0005,cpu,False,False,10,3,1416,0.1884685605764389
fixed_random,0,results_v3_lr0p1,results_v3_lr0p1,small_cnn,sgd,10,128,20000,0.1,0.9,0.0005,cpu,False,False,10,4,1417,0.2078382819890976
fixed_random,0,results_v3_lr0p1,results_v3_lr0p1,small_cnn,sgd,10,128,20000,0.1,0.9,0.0005,cpu,False,False,10,5,1418,0.04487660899758339
fixed_random,0,results_v3_lr0p1,results_v3_lr0p1,small_cnn,sgd,10,128,20000,0.1,0.9,0.0005,cpu,False,False,10,6,1419,-0.059714335948228836
fixed_random,0,results_v3_lr0p1,results_v3_lr0p1,small_cnn,sgd,10,128,20000,0.1,0.9,0.0005,cpu,False,False,10,7,1420,0.15558335185050964
fixed_random,0,results_v3_lr0p1,results_v3_lr0p1,small_cnn,sgd,10,128,20000,0.1,0.9,0.0005,cpu,False,False,10,8,1421,-0.006253011059015989
fixed_random,0,results_v3_lr0p1,results_v3_lr0p1,small_cnn,sgd,10,128,20000,0.1,0.9,0.0005,cpu,False,False,10,9,1422,0.06971514970064163
fixed_random,0,results_v3_lr0p1,results_v3_lr0p1,small_cnn,sgd,10,128,20000,0.1,0.9,0.0005,cpu,False,False,10,10,1423,0.060468096286058426
fixed_random,0,results_v3_lr0p1,results_v3_lr0p1,small_cnn,sgd,10,128,20000,0.1,0.9,0.0005,cpu,False,False,10,11,1424,-0.027961544692516327
fixed_random,0,results_v3_lr0p1,results_v3_lr0p1,small_cnn,sgd,10,128,20000,0.1,0.9,0.0005,cpu,False,False,10,12,1425,0.4202083647251129
fixed_random,0,results_v3_lr0p1,results_v3_lr0p1,small_cnn,sgd,10,128,20000,0.1,0.9,0.0005,cpu,False,False,10,13,1426,0.15210270881652832
fixed_random,0,results_v3_lr0p1,results_v3_lr0p1,small_cnn,sgd,10,128,20000,0.1,0.9,0.0005,cpu,False,False,10,14,1427,0.18012630939483643
fixed_random,0,results_v3_lr0p1,results_v3_lr0p1,small_cnn,sgd,10,128,20000,0.1,0.9,0.0005,cpu,False,False,10,15,1428,0.18462562561035156
fixed_random,0,results_v3_lr0p1,results_v3_lr0p1,small_cnn,sgd,10,128,20000,0.1,0.9,0.0005,cpu,False,False,10,16,1429,0.4428313076496124
fixed_random,0,results_v3_lr0p1,results_v3_lr0p1,small_cnn,sgd,10,128,20000,0.1,0.9,0.0005,cpu,False,False,10,17,1430,0.07406041026115417
fixed_random,0,results_v3_lr0p1,results_v3_lr0p1,small_cnn,sgd,10,128,20000,0.1,0.9,0.0005,cpu,False,False,10,18,1431,-0.027152901515364647
fixed_random,0,results_v3_lr0p1,results_v3_lr0p1,small_cnn,sgd,10,128,20000,0.1,0.9,0.0005,cpu,False,False,10,19,1432,-0.17684844136238098
fixed_random,0,results_v3_lr0p1,results_v3_lr0p1,small_cnn,sgd,10,128,20000,0.1,0.9,0.0005,cpu,False,False,10,20,1433,0.3851645886898041
fixed_random,0,results_v3_lr0p1,results_v3_lr0p1,small_cnn,sgd,10,128,20000,0.1,0.9,0.0005,cpu,False,False,10,21,1434,0.1554500311613083
fixed_random,0,results_v3_lr0p1,results_v3_lr0p1,small_cnn,sgd,10,128,20000,0.1,0.9,0.0005,cpu,False,False,10,22,1435,0.16887067258358002
fixed_random,0,results_v3_lr0p1,results_v3_lr0p1,small_cnn,sgd,10,128,20000,0.1,0.9,0.0005,cpu,False,False,10,23,1436,0.16265976428985596
fixed_random,0,results_v3_lr0p1,results_v3_lr0p1,small_cnn,sgd,10,128,20000,0.1,0.9,0.0005,cpu,False,False,10,24,1437,0.05108790844678879
fixed_random,0,results_v3_lr0p1,results_v3_lr0p1,small_cnn,sgd,10,128,20000,0.1,0.9,0.0005,cpu,False,False,10,25,1438,0.09114306420087814
fixed_random,0,results_v3_lr0p1,results_v3_lr0p1,small_cnn,sgd,10,128,20000,0.1,0.9,0.0005,cpu,False,False,10,26,1439,0.26007258892059326
fixed_random,0,results_v3_lr0p1,results_v3_lr0p1,small_cnn,sgd,10,128,20000,0.1,0.9,0.0005,cpu,False,False,10,27,1440,-0.024980459362268448
fixed_random,0,results_v3_lr0p1,results_v3_lr0p1,small_cnn,sgd,10,128,20000,0.1,0.9,0.0005,cpu,False,False,10,28,1441,0.18253283202648163
fixed_random,0,results_v3_lr0p1,results_v3_lr0p1,small_cnn,sgd,10,128,20000,0.1,0.9,0.0005,cpu,False,False,10,29,1442,-0.051353443413972855
fixed_random,0,results_v3_lr0p1,results_v3_lr0p1,small_cnn,sgd,10,128,20000,0.1,0.9,0.0005,cpu,False,False,10,30,1443,0.12090820074081421
fixed_random,0,results_v3_lr0p1,results_v3_lr0p1,small_cnn,sgd,10,128,20000,0.1,0.9,0.0005,cpu,False,False,10,31,1444,0.23986996710300446
fixed_random,0,results_v3_lr0p1,results_v3_lr0p1,small_cnn,sgd,10,128,20000,0.1,0.9,0.0005,cpu,False,False,10,32,1445,0.12162702530622482
fixed_random,0,results_v3_lr0p1,results_v3_lr0p1,small_cnn,sgd,10,128,20000,0.1,0.9,0.0005,cpu,False,False,10,33,1446,0.15454286336898804
fixed_random,0,results_v3_lr0p1,results_v3_lr0p1,small_cnn,sgd,10,128,20000,0.1,0.9,0.0005,cpu,False,False,10,34,1447,-0.054000768810510635
fixed_random,0,results_v3_lr0p1,results_v3_lr0p1,small_cnn,sgd,10,128,20000,0.1,0.9,0.0005,cpu,False,False,10,35,1448,0.03539812192320824
fixed_random,0,results_v3_lr0p1,results_v3_lr0p1,small_cnn,sgd,10,128,20000,0.1,0.9,0.0005,cpu,False,False,10,36,1449,0.202649787068367
fixed_random,0,results_v3_lr0p1,results_v3_lr0p1,small_cnn,sgd,10,128,20000,0.1,0.9,0.0005,cpu,False,False,10,37,1450,0.34988781809806824
fixed_random,0,results_v3_lr0p1,results_v3_lr0p1,small_cnn,sgd,10,128,20000,0.1,0.9,0.0005,cpu,False,False,10,38,1451,0.1635783612728119
fixed_random,0,results_v3_lr0p1,results_v3_lr0p1,small_cnn,sgd,10,128,20000,0.1,0.9,0.0005,cpu,False,False,10,39,1452,-0.014579091221094131
fixed_random,0,results_v3_lr0p1,results_v3_lr0p1,small_cnn,sgd,10,128,20000,0.1,0.9,0.0005,cpu,False,False,10,40,1453,0.10127095133066177
fixed_random,0,results_v3_lr0p1,results_v3_lr0p1,small_cnn,sgd,10,128,20000,0.1,0.9,0.0005,cpu,False,False,10,41,1454,0.13512611389160156
fixed_random,0,results_v3_lr0p1,results_v3_lr0p1,small_cnn,sgd,10,128,20000,0.1,0.9,0.0005,cpu,False,False,10,42,1455,0.07944987714290619
fixed_random,0,results_v3_lr0p1,results_v3_lr0p1,small_cnn,sgd,10,128,20000,0.1,0.9,0.0005,cpu,False,False,10,43,1456,0.133510023355484
fixed_random,0,results_v3_lr0p1,results_v3_lr0p1,small_cnn,sgd,10,128,20000,0.1,0.9,0.0005,cpu,False,False,10,44,1457,0.1484127938747406
fixed_random,0,results_v3_lr0p1,results_v3_lr0p1,small_cnn,sgd,10,128,20000,0.1,0.9,0.0005,cpu,False,False,10,45,1458,0.07005135715007782
fixed_random,0,results_v3_lr0p1,results_v3_lr0p1,small_cnn,sgd,10,128,20000,0.1,0.9,0.0005,cpu,False,False,10,46,1459,0.022594168782234192
fixed_random,0,results_v3_lr0p1,results_v3_lr0p1,small_cnn,sgd,10,128,20000,0.1,0.9,0.0005,cpu,False,False,10,47,1460,0.3266119062900543
fixed_random,0,results_v3_lr0p1,results_v3_lr0p1,small_cnn,sgd,10,128,20000,0.1,0.9,0.0005,cpu,False,False,10,48,1461,0.21738843619823456
fixed_random,0,results_v3_lr0p1,results_v3_lr0p1,small_cnn,sgd,10,128,20000,0.1,0.9,0.0005,cpu,False,False,10,49,1462,0.1570889949798584
fixed_random,0,results_v3_lr0p1,results_v3_lr0p1,small_cnn,sgd,10,128,20000,0.1,0.9,0.0005,cpu,False,False,10,50,1463,0.1520199179649353
fixed_random,0,results_v3_lr0p1,results_v3_lr0p1,small_cnn,sgd,10,128,20000,0.1,0.9,0.0005,cpu,False,False,10,51,1464,0.3610776364803314
fixed_random,0,results_v3_lr0p1,results_v3_lr0p1,small_cnn,sgd,10,128,20000,0.1,0.9,0.0005,cpu,False,False,10,52,1465,0.31556177139282227
fixed_random,0,results_v3_lr0p1,results_v3_lr0p1,small_cnn,sgd,10,128,20000,0.1,0.9,0.0005,cpu,False,False,10,53,1466,0.06624103337526321
fixed_random,0,results_v3_lr0p1,results_v3_lr0p1,small_cnn,sgd,10,128,20000,0.1,0.9,0.0005,cpu,False,False,10,54,1467,0.1550678312778473
fixed_random,0,results_v3_lr0p1,results_v3_lr0p1,small_cnn,sgd,10,128,20000,0.1,0.9,0.0005,cpu,False,False,10,55,1468,0.3933243155479431
fixed_random,0,results_v3_lr0p1,results_v3_lr0p1,small_cnn,sgd,10,128,20000,0.1,0.9,0.0005,cpu,False,False,10,56,1469,0.19710904359817505
fixed_random,0,results_v3_lr0p1,results_v3_lr0p1,small_cnn,sgd,10,128,20000,0.1,0.9,0.0005,cpu,False,False,10,57,1470,0.11005271226167679
fixed_random,0,results_v3_lr0p1,results_v3_lr0p1,small_cnn,sgd,10,128,20000,0.1,0.9,0.0005,cpu,False,False,10,58,1471,0.3031162619590759
fixed_random,0,results_v3_lr0p1,results_v3_lr0p1,small_cnn,sgd,10,128,20000,0.1,0.9,0.0005,cpu,False,False,10,59,1472,0.42731133103370667
fixed_random,0,results_v3_lr0p1,results_v3_lr0p1,small_cnn,sgd,10,128,20000,0.1,0.9,0.0005,cpu,False,False,10,60,1473,0.11157550662755966
fixed_random,0,results_v3_lr0p1,results_v3_lr0p1,small_cnn,sgd,10,128,20000,0.1,0.9,0.0005,cpu,False,False,10,61,1474,0.08467971533536911
fixed_random,0,results_v3_lr0p1,results_v3_lr0p1,small_cnn,sgd,10,128,20000,0.1,0.9,0.0005,cpu,False,False,10,62,1475,0.36246564984321594
fixed_random,0,results_v3_lr0p1,results_v3_lr0p1,small_cnn,sgd,10,128,20000,0.1,0.9,0.0005,cpu,False,False,10,63,1476,0.5332438349723816
fixed_random,0,results_v3_lr0p1,results_v3_lr0p1,small_cnn,sgd,10,128,20000,0.1,0.9,0.0005,cpu,False,False,10,64,1477,0.2485683262348175
fixed_random,0,results_v3_lr0p1,results_v3_lr0p1,small_cnn,sgd,10,128,20000,0.1,0.9,0.0005,cpu,False,False,10,65,1478,0.050505321472883224
fixed_random,0,results_v3_lr0p1,results_v3_lr0p1,small_cnn,sgd,10,128,20000,0.1,0.9,0.0005,cpu,False,False,10,66,1479,0.07046109437942505
fixed_random,0,results_v3_lr0p1,results_v3_lr0p1,small_cnn,sgd,10,128,20000,0.1,0.9,0.0005,cpu,False,False,10,67,1480,0.17472214996814728
fixed_random,0,results_v3_lr0p1,results_v3_lr0p1,small_cnn,sgd,10,128,20000,0.1,0.9,0.0005,cpu,False,False,10,68,1481,-0.01985391043126583
fixed_random,0,results_v3_lr0p1,results_v3_lr0p1,small_cnn,sgd,10,128,20000,0.1,0.9,0.0005,cpu,False,False,10,69,1482,0.1376185268163681
fixed_random,0,results_v3_lr0p1,results_v3_lr0p1,small_cnn,sgd,10,128,20000,0.1,0.9,0.0005,cpu,False,False,10,70,1483,0.06561815738677979
fixed_random,0,results_v3_lr0p1,results_v3_lr0p1,small_cnn,sgd,10,128,20000,0.1,0.9,0.0005,cpu,False,False,10,71,1484,-0.055242203176021576
fixed_random,0,results_v3_lr0p1,results_v3_lr0p1,small_cnn,sgd,10,128,20000,0.1,0.9,0.0005,cpu,False,False,10,72,1485,0.21672722697257996
fixed_random,0,results_v3_lr0p1,results_v3_lr0p1,small_cnn,sgd,10,128,20000,0.1,0.9,0.0005,cpu,False,False,10,73,1486,0.0555964894592762
fixed_random,0,results_v3_lr0p1,results_v3_lr0p1,small_cnn,sgd,10,128,20000,0.1,0.9,0.0005,cpu,False,False,10,74,1487,0.29141828417778015
fixed_random,0,results_v3_lr0p1,results_v3_lr0p1,small_cnn,sgd,10,128,20000,0.1,0.9,0.0005,cpu,False,False,10,75,1488,0.38810598850250244
fixed_random,0,results_v3_lr0p1,results_v3_lr0p1,small_cnn,sgd,10,128,20000,0.1,0.9,0.0005,cpu,False,False,10,76,1489,0.2937118113040924
fixed_random,0,results_v3_lr0p1,results_v3_lr0p1,small_cnn,sgd,10,128,20000,0.1,0.9,0.0005,cpu,False,False,10,77,1490,0.03326144814491272
fixed_random,0,results_v3_lr0p1,results_v3_lr0p1,small_cnn,sgd,10,128,20000,0.1,0.9,0.0005,cpu,False,False,10,78,1491,0.34873148798942566
fixed_random,0,results_v3_lr0p1,results_v3_lr0p1,small_cnn,sgd,10,128,20000,0.1,0.9,0.0005,cpu,False,False,10,79,1492,0.3560337424278259
fixed_random,0,results_v3_lr0p1,results_v3_lr0p1,small_cnn,sgd,10,128,20000,0.1,0.9,0.0005,cpu,False,False,10,80,1493,-0.05836479365825653
fixed_random,0,results_v3_lr0p1,results_v3_lr0p1,small_cnn,sgd,10,128,20000,0.1,0.9,0.0005,cpu,False,False,10,81,1494,0.16228538751602173
fixed_random,0,results_v3_lr0p1,results_v3_lr0p1,small_cnn,sgd,10,128,20000,0.1,0.9,0.0005,cpu,False,False,10,82,1495,0.24557644128799438
fixed_random,0,results_v3_lr0p1,results_v3_lr0p1,small_cnn,sgd,10,128,20000,0.1,0.9,0.0005,cpu,False,False,10,83,1496,0.2922441363334656
fixed_random,0,results_v3_lr0p1,results_v3_lr0p1,small_cnn,sgd,10,128,20000,0.1,0.9,0.0005,cpu,False,False,10,84,1497,0.11863727122545242
fixed_random,0,results_v3_lr0p1,results_v3_lr0p1,small_cnn,sgd,10,128,20000,0.1,0.9,0.0005,cpu,False,False,10,85,1498,0.3223938047885895
fixed_random,0,results_v3_lr0p1,results_v3_lr0p1,small_cnn,sgd,10,128,20000,0.1,0.9,0.0005,cpu,False,False,10,86,1499,0.09263286739587784
fixed_random,0,results_v3_lr0p1,results_v3_lr0p1,small_cnn,sgd,10,128,20000,0.1,0.9,0.0005,cpu,False,False,10,87,1500,0.29432573914527893
fixed_random,0,results_v3_lr0p1,results_v3_lr0p1,small_cnn,sgd,10,128,20000,0.1,0.9,0.0005,cpu,False,False,10,88,1501,0.10756119340658188
fixed_random,0,results_v3_lr0p1,results_v3_lr0p1,small_cnn,sgd,10,128,20000,0.1,0.9,0.0005,cpu,False,False,10,89,1502,0.013974232599139214
fixed_random,0,results_v3_lr0p1,results_v3_lr0p1,small_cnn,sgd,10,128,20000,0.1,0.9,0.0005,cpu,False,False,10,90,1503,0.11519841849803925
fixed_random,0,results_v3_lr0p1,results_v3_lr0p1,small_cnn,sgd,10,128,20000,0.1,0.9,0.0005,cpu,False,False,10,91,1504,0.44944703578948975
fixed_random,0,results_v3_lr0p1,results_v3_lr0p1,small_cnn,sgd,10,128,20000,0.1,0.9,0.0005,cpu,False,False,10,92,1505,-0.01790144108235836
fixed_random,0,results_v3_lr0p1,results_v3_lr0p1,small_cnn,sgd,10,128,20000,0.1,0.9,0.0005,cpu,False,False,10,93,1506,0.019686676561832428
fixed_random,0,results_v3_lr0p1,results_v3_lr0p1,small_cnn,sgd,10,128,20000,0.1,0.9,0.0005,cpu,False,False,10,94,1507,0.03490366414189339
fixed_random,0,results_v3_lr0p1,results_v3_lr0p1,small_cnn,sgd,10,128,20000,0.1,0.9,0.0005,cpu,False,False,10,95,1508,-0.05899224430322647
fixed_random,0,results_v3_lr0p1,results_v3_lr0p1,small_cnn,sgd,10,128,20000,0.1,0.9,0.0005,cpu,False,False,10,96,1509,0.35357144474983215
fixed_random,0,results_v3_lr0p1,results_v3_lr0p1,small_cnn,sgd,10,128,20000,0.1,0.9,0.0005,cpu,False,False,10,97,1510,0.08701038360595703
fixed_random,0,results_v3_lr0p1,results_v3_lr0p1,small_cnn,sgd,10,128,20000,0.1,0.9,0.0005,cpu,False,False,10,98,1511,0.07696212828159332
fixed_random,0,results_v3_lr0p1,results_v3_lr0p1,small_cnn,sgd,10,128,20000,0.1,0.9,0.0005,cpu,False,False,10,99,1512,-0.03530687093734741
fixed_random,0,results_v3_lr0p1,results_v3_lr0p1,small_cnn,sgd,10,128,20000,0.1,0.9,0.0005,cpu,False,False,10,100,1513,-0.1033599004149437
fixed_random,0,results_v3_lr0p1,results_v3_lr0p1,small_cnn,sgd,10,128,20000,0.1,0.9,0.0005,cpu,False,False,10,101,1514,0.23629315197467804
fixed_random,0,results_v3_lr0p1,results_v3_lr0p1,small_cnn,sgd,10,128,20000,0.1,0.9,0.0005,cpu,False,False,10,102,1515,-0.02760937809944153
fixed_random,0,results_v3_lr0p1,results_v3_lr0p1,small_cnn,sgd,10,128,20000,0.1,0.9,0.0005,cpu,False,False,10,103,1516,0.03982918709516525
fixed_random,0,results_v3_lr0p1,results_v3_lr0p1,small_cnn,sgd,10,128,20000,0.1,0.9,0.0005,cpu,False,False,10,104,1517,0.2660496234893799
fixed_random,0,results_v3_lr0p1,results_v3_lr0p1,small_cnn,sgd,10,128,20000,0.1,0.9,0.0005,cpu,False,False,10,105,1518,0.3023839294910431
fixed_random,0,results_v3_lr0p1,results_v3_lr0p1,small_cnn,sgd,10,128,20000,0.1,0.9,0.0005,cpu,False,False,10,106,1519,0.1573260873556137
fixed_random,0,results_v3_lr0p1,results_v3_lr0p1,small_cnn,sgd,10,128,20000,0.1,0.9,0.0005,cpu,False,False,10,107,1520,0.11174394190311432
fixed_random,0,results_v3_lr0p1,results_v3_lr0p1,small_cnn,sgd,10,128,20000,0.1,0.9,0.0005,cpu,False,False,10,108,1521,0.043596528470516205
fixed_random,0,results_v3_lr0p1,results_v3_lr0p1,small_cnn,sgd,10,128,20000,0.1,0.9,0.0005,cpu,False,False,10,109,1522,0.07133933901786804
fixed_random,0,results_v3_lr0p1,results_v3_lr0p1,small_cnn,sgd,10,128,20000,0.1,0.9,0.0005,cpu,False,False,10,110,1523,0.06002694368362427
fixed_random,0,results_v3_lr0p1,results_v3_lr0p1,small_cnn,sgd,10,128,20000,0.1,0.9,0.0005,cpu,False,False,10,111,1524,0.2344854176044464
fixed_random,0,results_v3_lr0p1,results_v3_lr0p1,small_cnn,sgd,10,128,20000,0.1,0.9,0.0005,cpu,False,False,10,112,1525,0.2905093729496002
fixed_random,0,results_v3_lr0p1,results_v3_lr0p1,small_cnn,sgd,10,128,20000,0.1,0.9,0.0005,cpu,False,False,10,113,1526,0.2549152970314026
fixed_random,0,results_v3_lr0p1,results_v3_lr0p1,small_cnn,sgd,10,128,20000,0.1,0.9,0.0005,cpu,False,False,10,114,1527,-0.11202169209718704
fixed_random,0,results_v3_lr0p1,results_v3_lr0p1,small_cnn,sgd,10,128,20000,0.1,0.9,0.0005,cpu,False,False,10,115,1528,0.3590063452720642
fixed_random,0,results_v3_lr0p1,results_v3_lr0p1,small_cnn,sgd,10,128,20000,0.1,0.9,0.0005,cpu,False,False,10,116,1529,0.016308387741446495
fixed_random,0,results_v3_lr0p1,results_v3_lr0p1,small_cnn,sgd,10,128,20000,0.1,0.9,0.0005,cpu,False,False,10,117,1530,0.1934250295162201
fixed_random,0,results_v3_lr0p1,results_v3_lr0p1,small_cnn,sgd,10,128,20000,0.1,0.9,0.0005,cpu,False,False,10,118,1531,0.028825363144278526
fixed_random,0,results_v3_lr0p1,results_v3_lr0p1,small_cnn,sgd,10,128,20000,0.1,0.9,0.0005,cpu,False,False,10,119,1532,0.18912719190120697
fixed_random,0,results_v3_lr0p1,results_v3_lr0p1,small_cnn,sgd,10,128,20000,0.1,0.9,0.0005,cpu,False,False,10,120,1533,-0.08722839504480362
fixed_random,0,results_v3_lr0p1,results_v3_lr0p1,small_cnn,sgd,10,128,20000,0.1,0.9,0.0005,cpu,False,False,10,121,1534,0.10056934505701065
fixed_random,0,results_v3_lr0p1,results_v3_lr0p1,small_cnn,sgd,10,128,20000,0.1,0.9,0.0005,cpu,False,False,10,122,1535,0.3940620720386505
fixed_random,0,results_v3_lr0p1,results_v3_lr0p1,small_cnn,sgd,10,128,20000,0.1,0.9,0.0005,cpu,False,False,10,123,1536,0.5110799670219421
fixed_random,0,results_v3_lr0p1,results_v3_lr0p1,small_cnn,sgd,10,128,20000,0.1,0.9,0.0005,cpu,False,False,10,124,1537,0.22580963373184204
fixed_random,0,results_v3_lr0p1,results_v3_lr0p1,small_cnn,sgd,10,128,20000,0.1,0.9,0.0005,cpu,False,False,10,125,1538,0.13387230038642883
fixed_random,0,results_v3_lr0p1,results_v3_lr0p1,small_cnn,sgd,10,128,20000,0.1,0.9,0.0005,cpu,False,False,10,126,1539,0.05112984776496887
fixed_random,0,results_v3_lr0p1,results_v3_lr0p1,small_cnn,sgd,10,128,20000,0.1,0.9,0.0005,cpu,False,False,10,127,1540,0.29360756278038025
fixed_random,0,results_v3_lr0p1,results_v3_lr0p1,small_cnn,sgd,10,128,20000,0.1,0.9,0.0005,cpu,False,False,10,128,1541,0.2817980647087097
fixed_random,0,results_v3_lr0p1,results_v3_lr0p1,small_cnn,sgd,10,128,20000,0.1,0.9,0.0005,cpu,False,False,10,129,1542,0.2869715392589569
fixed_random,0,results_v3_lr0p1,results_v3_lr0p1,small_cnn,sgd,10,128,20000,0.1,0.9,0.0005,cpu,False,False,10,130,1543,0.25754663348197937
fixed_random,0,results_v3_lr0p1,results_v3_lr0p1,small_cnn,sgd,10,128,20000,0.1,0.9,0.0005,cpu,False,False,10,131,1544,-0.050803083926439285
fixed_random,0,results_v3_lr0p1,results_v3_lr0p1,small_cnn,sgd,10,128,20000,0.1,0.9,0.0005,cpu,False,False,10,132,1545,-0.09027326852083206
fixed_random,0,results_v3_lr0p1,results_v3_lr0p1,small_cnn,sgd,10,128,20000,0.1,0.9,0.0005,cpu,False,False,10,133,1546,0.027629829943180084
fixed_random,0,results_v3_lr0p1,results_v3_lr0p1,small_cnn,sgd,10,128,20000,0.1,0.9,0.0005,cpu,False,False,10,134,1547,0.28300580382347107
fixed_random,0,results_v3_lr0p1,results_v3_lr0p1,small_cnn,sgd,10,128,20000,0.1,0.9,0.0005,cpu,False,False,10,135,1548,0.021054409444332123
fixed_random,0,results_v3_lr0p1,results_v3_lr0p1,small_cnn,sgd,10,128,20000,0.1,0.9,0.0005,cpu,False,False,10,136,1549,0.5818077921867371
fixed_random,0,results_v3_lr0p1,results_v3_lr0p1,small_cnn,sgd,10,128,20000,0.1,0.9,0.0005,cpu,False,False,10,137,1550,0.12807931005954742
fixed_random,0,results_v3_lr0p1,results_v3_lr0p1,small_cnn,sgd,10,128,20000,0.1,0.9,0.0005,cpu,False,False,10,138,1551,-0.04785782843828201
fixed_random,0,results_v3_lr0p1,results_v3_lr0p1,small_cnn,sgd,10,128,20000,0.1,0.9,0.0005,cpu,False,False,10,139,1552,0.059120211750268936
fixed_random,0,results_v3_lr0p1,results_v3_lr0p1,small_cnn,sgd,10,128,20000,0.1,0.9,0.0005,cpu,False,False,10,140,1553,-0.023824118077754974
fixed_random,0,results_v3_lr0p1,results_v3_lr0p1,small_cnn,sgd,10,128,20000,0.1,0.9,0.0005,cpu,False,False,10,141,1554,-0.09013360738754272
fixed_random,0,results_v3_lr0p1,results_v3_lr0p1,small_cnn,sgd,10,128,20000,0.1,0.9,0.0005,cpu,False,False,10,142,1555,0.24366796016693115
fixed_random,0,results_v3_lr0p1,results_v3_lr0p1,small_cnn,sgd,10,128,20000,0.1,0.9,0.0005,cpu,False,False,10,143,1556,0.1992340385913849
fixed_random,0,results_v3_lr0p1,results_v3_lr0p1,small_cnn,sgd,10,128,20000,0.1,0.9,0.0005,cpu,False,False,10,144,1557,-0.04462447762489319
fixed_random,0,results_v3_lr0p1,results_v3_lr0p1,small_cnn,sgd,10,128,20000,0.1,0.9,0.0005,cpu,False,False,10,145,1558,-0.1872299462556839
fixed_random,0,results_v3_lr0p1,results_v3_lr0p1,small_cnn,sgd,10,128,20000,0.1,0.9,0.0005,cpu,False,False,10,146,1559,0.19628199934959412
fixed_random,0,results_v3_lr0p1,results_v3_lr0p1,small_cnn,sgd,10,128,20000,0.1,0.9,0.0005,cpu,False,False,10,147,1560,0.035340096801519394
fixed_random,0,results_v3_lr0p1,results_v3_lr0p1,small_cnn,sgd,10,128,20000,0.1,0.9,0.0005,cpu,False,False,10,148,1561,0.28475698828697205
fixed_random,0,results_v3_lr0p1,results_v3_lr0p1,small_cnn,sgd,10,128,20000,0.1,0.9,0.0005,cpu,False,False,10,149,1562,0.2427484542131424
fixed_random,0,results_v3_lr0p1,results_v3_lr0p1,small_cnn,sgd,10,128,20000,0.1,0.9,0.0005,cpu,False,False,10,150,1563,0.2932277321815491
fixed_random,0,results_v3_lr0p1,results_v3_lr0p1,small_cnn,sgd,10,128,20000,0.1,0.9,0.0005,cpu,False,False,10,151,1564,0.22754566371440887
fixed_random,0,results_v3_lr0p1,results_v3_lr0p1,small_cnn,sgd,10,128,20000,0.1,0.9,0.0005,cpu,False,False,10,152,1565,-0.27827465534210205
fixed_random,0,results_v3_lr0p1,results_v3_lr0p1,small_cnn,sgd,10,128,20000,0.1,0.9,0.0005,cpu,False,False,10,153,1566,0.05072275921702385
fixed_random,0,results_v3_lr0p1,results_v3_lr0p1,small_cnn,sgd,10,128,20000,0.1,0.9,0.0005,cpu,False,False,10,154,1567,-0.1478191316127777
fixed_random,0,results_v3_lr0p1,results_v3_lr0p1,small_cnn,sgd,10,128,20000,0.1,0.9,0.0005,cpu,False,False,10,155,1568,0.1602349579334259
fixed_random,0,results_v3_lr0p1,results_v3_lr0p1,small_cnn,sgd,10,128,20000,0.1,0.9,0.0005,cpu,False,False,10,156,1569,0.4068921208381653
fixed_random,0,results_v3_lr0p1,results_v3_lr0p1,small_cnn,sgd,10,128,20000,0.1,0.9,0.0005,cpu,False,False,10,157,1570,0.18246883153915405
