order_mode,seed,experiment_name,output_dir,model,optimizer,epochs,batch_size,max_train_examples,learning_rate,momentum,weight_decay,device,deterministic,save_embeddings,epoch,batch_index,global_step,cosine_similarity
label_sorted,2,results_v3_lr0p001,results_v3_lr0p001,small_cnn,sgd,10,128,20000,0.001,0.9,0.0005,cuda,False,False,1,1,1,
label_sorted,2,results_v3_lr0p001,results_v3_lr0p001,small_cnn,sgd,10,128,20000,0.001,0.9,0.0005,cuda,False,False,1,2,2,0.9948816299438477
label_sorted,2,results_v3_lr0p001,results_v3_lr0p001,small_cnn,sgd,10,128,20000,0.001,0.9,0.0005,cuda,False,False,1,3,3,0.9945158362388611
label_sorted,2,results_v3_lr0p001,results_v3_lr0p001,small_cnn,sgd,10,128,20000,0.001,0.9,0.0005,cuda,False,False,1,4,4,0.9902703762054443
label_sorted,2,results_v3_lr0p001,results_v3_lr0p001,small_cnn,sgd,10,128,20000,0.001,0.9,0.0005,cuda,False,False,1,5,5,0.9802310466766357
label_sorted,2,results_v3_lr0p001,results_v3_lr0p001,small_cnn,sgd,10,128,20000,0.001,0.9,0.0005,cuda,False,False,1,6,6,0.9711239337921143
label_sorted,2,results_v3_lr0p001,results_v3_lr0p001,small_cnn,sgd,10,128,20000,0.001,0.9,0.0005,cuda,False,False,1,7,7,0.9771645069122314
label_sorted,2,results_v3_lr0p001,results_v3_lr0p001,small_cnn,sgd,10,128,20000,0.001,0.9,0.0005,cuda,False,False,1,8,8,0.9837362766265869
label_sorted,2,results_v3_lr0p001,results_v3_lr0p001,small_cnn,sgd,10,128,20000,0.001,0.9,0.0005,cuda,False,False,1,9,9,0.9919125437736511
label_sorted,2,results_v3_lr0p001,results_v3_lr0p001,small_cnn,sgd,10,128,20000,0.001,0.9,0.0005,cuda,False,False,1,10,10,0.9923421144485474
label_sorted,2,results_v3_lr0p001,results_v3_lr0p001,small_cnn,sgd,10,128,20000,0.001,0.9,0.0005,cuda,False,False,1,11,11,0.9950133562088013
label_sorted,2,results_v3_lr0p001,results_v3_lr0p001,small_cnn,sgd,10,128,20000,0.001,0.9,0.0005,cuda,False,False,1,12,12,0.9953364133834839
label_sorted,2,results_v3_lr0p001,results_v3_lr0p001,small_cnn,sgd,10,128,20000,0.001,0.9,0.0005,cuda,False,False,1,13,13,0.9960602521896362
label_sorted,2,results_v3_lr0p001,results_v3_lr0p001,small_cnn,sgd,10,128,20000,0.001,0.9,0.0005,cuda,False,False,1,14,14,0.9971892833709717
label_sorted,2,results_v3_lr0p001,results_v3_lr0p001,small_cnn,sgd,10,128,20000,0.001,0.9,0.0005,cuda,False,False,1,15,15,0.9965404868125916
label_sorted,2,results_v3_lr0p001,results_v3_lr0p001,small_cnn,sgd,10,128,20000,0.001,0.9,0.0005,cuda,False,False,1,16,16,0.6868732571601868
label_sorted,2,results_v3_lr0p001,results_v3_lr0p001,small_cnn,sgd,10,128,20000,0.001,0.9,0.0005,cuda,False,False,1,17,17,0.31618309020996094
label_sorted,2,results_v3_lr0p001,results_v3_lr0p001,small_cnn,sgd,10,128,20000,0.001,0.9,0.0005,cuda,False,False,1,18,18,0.9970278739929199
label_sorted,2,results_v3_lr0p001,results_v3_lr0p001,small_cnn,sgd,10,128,20000,0.001,0.9,0.0005,cuda,False,False,1,19,19,0.9982910752296448
label_sorted,2,results_v3_lr0p001,results_v3_lr0p001,small_cnn,sgd,10,128,20000,0.001,0.9,0.0005,cuda,False,False,1,20,20,0.9929232597351074
label_sorted,2,results_v3_lr0p001,results_v3_lr0p001,small_cnn,sgd,10,128,20000,0.001,0.9,0.0005,cuda,False,False,1,21,21,0.9969237446784973
label_sorted,2,results_v3_lr0p001,results_v3_lr0p001,small_cnn,sgd,10,128,20000,0.001,0.9,0.0005,cuda,False,False,1,22,22,0.9964497685432434
label_sorted,2,results_v3_lr0p001,results_v3_lr0p001,small_cnn,sgd,10,128,20000,0.001,0.9,0.0005,cuda,False,False,1,23,23,0.990955114364624
label_sorted,2,results_v3_lr0p001,results_v3_lr0p001,small_cnn,sgd,10,128,20000,0.001,0.9,0.0005,cuda,False,False,1,24,24,0.9760030508041382
label_sorted,2,results_v3_lr0p001,results_v3_lr0p001,small_cnn,sgd,10,128,20000,0.001,0.9,0.0005,cuda,False,False,1,25,25,0.9797319769859314
label_sorted,2,results_v3_lr0p001,results_v3_lr0p001,small_cnn,sgd,10,128,20000,0.001,0.9,0.0005,cuda,False,False,1,26,26,0.988978385925293
label_sorted,2,results_v3_lr0p001,results_v3_lr0p001,small_cnn,sgd,10,128,20000,0.001,0.9,0.0005,cuda,False,False,1,27,27,0.9894522428512573
label_sorted,2,results_v3_lr0p001,results_v3_lr0p001,small_cnn,sgd,10,128,20000,0.001,0.9,0.0005,cuda,False,False,1,28,28,0.9932276010513306
label_sorted,2,results_v3_lr0p001,results_v3_lr0p001,small_cnn,sgd,10,128,20000,0.001,0.9,0.0005,cuda,False,False,1,29,29,0.9917620420455933
label_sorted,2,results_v3_lr0p001,results_v3_lr0p001,small_cnn,sgd,10,128,20000,0.001,0.9,0.0005,cuda,False,False,1,30,30,0.9961085319519043
label_sorted,2,results_v3_lr0p001,results_v3_lr0p001,small_cnn,sgd,10,128,20000,0.001,0.9,0.0005,cuda,False,False,1,31,31,0.9985159635543823
label_sorted,2,results_v3_lr0p001,results_v3_lr0p001,small_cnn,sgd,10,128,20000,0.001,0.9,0.0005,cuda,False,False,1,32,32,-0.7171883583068848
label_sorted,2,results_v3_lr0p001,results_v3_lr0p001,small_cnn,sgd,10,128,20000,0.001,0.9,0.0005,cuda,False,False,1,33,33,0.9983178377151489
label_sorted,2,results_v3_lr0p001,results_v3_lr0p001,small_cnn,sgd,10,128,20000,0.001,0.9,0.0005,cuda,False,False,1,34,34,0.9992830157279968
label_sorted,2,results_v3_lr0p001,results_v3_lr0p001,small_cnn,sgd,10,128,20000,0.001,0.9,0.0005,cuda,False,False,1,35,35,0.9993252754211426
label_sorted,2,results_v3_lr0p001,results_v3_lr0p001,small_cnn,sgd,10,128,20000,0.001,0.9,0.0005,cuda,False,False,1,36,36,0.9980201125144958
label_sorted,2,results_v3_lr0p001,results_v3_lr0p001,small_cnn,sgd,10,128,20000,0.001,0.9,0.0005,cuda,False,False,1,37,37,0.996193528175354
label_sorted,2,results_v3_lr0p001,results_v3_lr0p001,small_cnn,sgd,10,128,20000,0.001,0.9,0.0005,cuda,False,False,1,38,38,0.9890910983085632
label_sorted,2,results_v3_lr0p001,results_v3_lr0p001,small_cnn,sgd,10,128,20000,0.001,0.9,0.0005,cuda,False,False,1,39,39,0.9722429513931274
label_sorted,2,results_v3_lr0p001,results_v3_lr0p001,small_cnn,sgd,10,128,20000,0.001,0.9,0.0005,cuda,False,False,1,40,40,0.9595627784729004
label_sorted,2,results_v3_lr0p001,results_v3_lr0p001,small_cnn,sgd,10,128,20000,0.001,0.9,0.0005,cuda,False,False,1,41,41,0.9351064562797546
label_sorted,2,results_v3_lr0p001,results_v3_lr0p001,small_cnn,sgd,10,128,20000,0.001,0.9,0.0005,cuda,False,False,1,42,42,0.9439606666564941
label_sorted,2,results_v3_lr0p001,results_v3_lr0p001,small_cnn,sgd,10,128,20000,0.001,0.9,0.0005,cuda,False,False,1,43,43,0.9626871347427368
label_sorted,2,results_v3_lr0p001,results_v3_lr0p001,small_cnn,sgd,10,128,20000,0.001,0.9,0.0005,cuda,False,False,1,44,44,0.9847596883773804
label_sorted,2,results_v3_lr0p001,results_v3_lr0p001,small_cnn,sgd,10,128,20000,0.001,0.9,0.0005,cuda,False,False,1,45,45,0.9929779171943665
label_sorted,2,results_v3_lr0p001,results_v3_lr0p001,small_cnn,sgd,10,128,20000,0.001,0.9,0.0005,cuda,False,False,1,46,46,0.9951518177986145
label_sorted,2,results_v3_lr0p001,results_v3_lr0p001,small_cnn,sgd,10,128,20000,0.001,0.9,0.0005,cuda,False,False,1,47,47,0.9890305995941162
label_sorted,2,results_v3_lr0p001,results_v3_lr0p001,small_cnn,sgd,10,128,20000,0.001,0.9,0.0005,cuda,False,False,1,48,48,-0.22520753741264343
label_sorted,2,results_v3_lr0p001,results_v3_lr0p001,small_cnn,sgd,10,128,20000,0.001,0.9,0.0005,cuda,False,False,1,49,49,0.9969709515571594
label_sorted,2,results_v3_lr0p001,results_v3_lr0p001,small_cnn,sgd,10,128,20000,0.001,0.9,0.0005,cuda,False,False,1,50,50,0.9976620674133301
label_sorted,2,results_v3_lr0p001,results_v3_lr0p001,small_cnn,sgd,10,128,20000,0.001,0.9,0.0005,cuda,False,False,1,51,51,0.9975990056991577
label_sorted,2,results_v3_lr0p001,results_v3_lr0p001,small_cnn,sgd,10,128,20000,0.001,0.9,0.0005,cuda,False,False,1,52,52,0.9970341920852661
label_sorted,2,results_v3_lr0p001,results_v3_lr0p001,small_cnn,sgd,10,128,20000,0.001,0.9,0.0005,cuda,False,False,1,53,53,0.9959969520568848
label_sorted,2,results_v3_lr0p001,results_v3_lr0p001,small_cnn,sgd,10,128,20000,0.001,0.9,0.0005,cuda,False,False,1,54,54,0.9953107237815857
label_sorted,2,results_v3_lr0p001,results_v3_lr0p001,small_cnn,sgd,10,128,20000,0.001,0.9,0.0005,cuda,False,False,1,55,55,0.9943501949310303
label_sorted,2,results_v3_lr0p001,results_v3_lr0p001,small_cnn,sgd,10,128,20000,0.001,0.9,0.0005,cuda,False,False,1,56,56,0.9936102628707886
label_sorted,2,results_v3_lr0p001,results_v3_lr0p001,small_cnn,sgd,10,128,20000,0.001,0.9,0.0005,cuda,False,False,1,57,57,0.9938446283340454
label_sorted,2,results_v3_lr0p001,results_v3_lr0p001,small_cnn,sgd,10,128,20000,0.001,0.9,0.0005,cuda,False,False,1,58,58,0.9944063425064087
label_sorted,2,results_v3_lr0p001,results_v3_lr0p001,small_cnn,sgd,10,128,20000,0.001,0.9,0.0005,cuda,False,False,1,59,59,0.9938735961914062
label_sorted,2,results_v3_lr0p001,results_v3_lr0p001,small_cnn,sgd,10,128,20000,0.001,0.9,0.0005,cuda,False,False,1,60,60,0.994331955909729
label_sorted,2,results_v3_lr0p001,results_v3_lr0p001,small_cnn,sgd,10,128,20000,0.001,0.9,0.0005,cuda,False,False,1,61,61,0.9944655299186707
label_sorted,2,results_v3_lr0p001,results_v3_lr0p001,small_cnn,sgd,10,128,20000,0.001,0.9,0.0005,cuda,False,False,1,62,62,0.9935246109962463
label_sorted,2,results_v3_lr0p001,results_v3_lr0p001,small_cnn,sgd,10,128,20000,0.001,0.9,0.0005,cuda,False,False,1,63,63,0.5496150851249695
label_sorted,2,results_v3_lr0p001,results_v3_lr0p001,small_cnn,sgd,10,128,20000,0.001,0.9,0.0005,cuda,False,False,1,64,64,0.6141626238822937
label_sorted,2,results_v3_lr0p001,results_v3_lr0p001,small_cnn,sgd,10,128,20000,0.001,0.9,0.0005,cuda,False,False,1,65,65,0.9980823993682861
label_sorted,2,results_v3_lr0p001,results_v3_lr0p001,small_cnn,sgd,10,128,20000,0.001,0.9,0.0005,cuda,False,False,1,66,66,0.9979543685913086
label_sorted,2,results_v3_lr0p001,results_v3_lr0p001,small_cnn,sgd,10,128,20000,0.001,0.9,0.0005,cuda,False,False,1,67,67,0.9972139596939087
label_sorted,2,results_v3_lr0p001,results_v3_lr0p001,small_cnn,sgd,10,128,20000,0.001,0.9,0.0005,cuda,False,False,1,68,68,0.9977214336395264
label_sorted,2,results_v3_lr0p001,results_v3_lr0p001,small_cnn,sgd,10,128,20000,0.001,0.9,0.0005,cuda,False,False,1,69,69,0.9960678815841675
label_sorted,2,results_v3_lr0p001,results_v3_lr0p001,small_cnn,sgd,10,128,20000,0.001,0.9,0.0005,cuda,False,False,1,70,70,0.9969608187675476
label_sorted,2,results_v3_lr0p001,results_v3_lr0p001,small_cnn,sgd,10,128,20000,0.001,0.9,0.0005,cuda,False,False,1,71,71,0.9963312149047852
label_sorted,2,results_v3_lr0p001,results_v3_lr0p001,small_cnn,sgd,10,128,20000,0.001,0.9,0.0005,cuda,False,False,1,72,72,0.9953421354293823
label_sorted,2,results_v3_lr0p001,results_v3_lr0p001,small_cnn,sgd,10,128,20000,0.001,0.9,0.0005,cuda,False,False,1,73,73,0.9952192306518555
label_sorted,2,results_v3_lr0p001,results_v3_lr0p001,small_cnn,sgd,10,128,20000,0.001,0.9,0.0005,cuda,False,False,1,74,74,0.9958281517028809
label_sorted,2,results_v3_lr0p001,results_v3_lr0p001,small_cnn,sgd,10,128,20000,0.001,0.9,0.0005,cuda,False,False,1,75,75,0.9951988458633423
label_sorted,2,results_v3_lr0p001,results_v3_lr0p001,small_cnn,sgd,10,128,20000,0.001,0.9,0.0005,cuda,False,False,1,76,76,0.9949156641960144
label_sorted,2,results_v3_lr0p001,results_v3_lr0p001,small_cnn,sgd,10,128,20000,0.001,0.9,0.0005,cuda,False,False,1,77,77,0.9917441606521606
label_sorted,2,results_v3_lr0p001,results_v3_lr0p001,small_cnn,sgd,10,128,20000,0.001,0.9,0.0005,cuda,False,False,1,78,78,0.99483722448349
label_sorted,2,results_v3_lr0p001,results_v3_lr0p001,small_cnn,sgd,10,128,20000,0.001,0.9,0.0005,cuda,False,False,1,79,79,0.04485432431101799
label_sorted,2,results_v3_lr0p001,results_v3_lr0p001,small_cnn,sgd,10,128,20000,0.001,0.9,0.0005,cuda,False,False,1,80,80,0.9868907928466797
label_sorted,2,results_v3_lr0p001,results_v3_lr0p001,small_cnn,sgd,10,128,20000,0.001,0.9,0.0005,cuda,False,False,1,81,81,0.9967204332351685
label_sorted,2,results_v3_lr0p001,results_v3_lr0p001,small_cnn,sgd,10,128,20000,0.001,0.9,0.0005,cuda,False,False,1,82,82,0.9960516095161438
label_sorted,2,results_v3_lr0p001,results_v3_lr0p001,small_cnn,sgd,10,128,20000,0.001,0.9,0.0005,cuda,False,False,1,83,83,0.9958165287971497
label_sorted,2,results_v3_lr0p001,results_v3_lr0p001,small_cnn,sgd,10,128,20000,0.001,0.9,0.0005,cuda,False,False,1,84,84,0.9949179887771606
label_sorted,2,results_v3_lr0p001,results_v3_lr0p001,small_cnn,sgd,10,128,20000,0.001,0.9,0.0005,cuda,False,False,1,85,85,0.9956497550010681
label_sorted,2,results_v3_lr0p001,results_v3_lr0p001,small_cnn,sgd,10,128,20000,0.001,0.9,0.0005,cuda,False,False,1,86,86,0.9921599626541138
label_sorted,2,results_v3_lr0p001,results_v3_lr0p001,small_cnn,sgd,10,128,20000,0.001,0.9,0.0005,cuda,False,False,1,87,87,0.9936715364456177
label_sorted,2,results_v3_lr0p001,results_v3_lr0p001,small_cnn,sgd,10,128,20000,0.001,0.9,0.0005,cuda,False,False,1,88,88,0.9946643710136414
label_sorted,2,results_v3_lr0p001,results_v3_lr0p001,small_cnn,sgd,10,128,20000,0.001,0.9,0.0005,cuda,False,False,1,89,89,0.9903130531311035
label_sorted,2,results_v3_lr0p001,results_v3_lr0p001,small_cnn,sgd,10,128,20000,0.001,0.9,0.0005,cuda,False,False,1,90,90,0.9932950139045715
label_sorted,2,results_v3_lr0p001,results_v3_lr0p001,small_cnn,sgd,10,128,20000,0.001,0.9,0.0005,cuda,False,False,1,91,91,0.9937273263931274
label_sorted,2,results_v3_lr0p001,results_v3_lr0p001,small_cnn,sgd,10,128,20000,0.001,0.9,0.0005,cuda,False,False,1,92,92,0.9945755004882812
label_sorted,2,results_v3_lr0p001,results_v3_lr0p001,small_cnn,sgd,10,128,20000,0.001,0.9,0.0005,cuda,False,False,1,93,93,0.9929677248001099
label_sorted,2,results_v3_lr0p001,results_v3_lr0p001,small_cnn,sgd,10,128,20000,0.001,0.9,0.0005,cuda,False,False,1,94,94,0.9235520958900452
label_sorted,2,results_v3_lr0p001,results_v3_lr0p001,small_cnn,sgd,10,128,20000,0.001,0.9,0.0005,cuda,False,False,1,95,95,0.244322270154953
label_sorted,2,results_v3_lr0p001,results_v3_lr0p001,small_cnn,sgd,10,128,20000,0.001,0.9,0.0005,cuda,False,False,1,96,96,0.9970967769622803
label_sorted,2,results_v3_lr0p001,results_v3_lr0p001,small_cnn,sgd,10,128,20000,0.001,0.9,0.0005,cuda,False,False,1,97,97,0.9957576394081116
label_sorted,2,results_v3_lr0p001,results_v3_lr0p001,small_cnn,sgd,10,128,20000,0.001,0.9,0.0005,cuda,False,False,1,98,98,0.9964559078216553
label_sorted,2,results_v3_lr0p001,results_v3_lr0p001,small_cnn,sgd,10,128,20000,0.001,0.9,0.0005,cuda,False,False,1,99,99,0.9967268109321594
label_sorted,2,results_v3_lr0p001,results_v3_lr0p001,small_cnn,sgd,10,128,20000,0.001,0.9,0.0005,cuda,False,False,1,100,100,0.995512843132019
label_sorted,2,results_v3_lr0p001,results_v3_lr0p001,small_cnn,sgd,10,128,20000,0.001,0.9,0.0005,cuda,False,False,1,101,101,0.9952583909034729
label_sorted,2,results_v3_lr0p001,results_v3_lr0p001,small_cnn,sgd,10,128,20000,0.001,0.9,0.0005,cuda,False,False,1,102,102,0.9963553547859192
label_sorted,2,results_v3_lr0p001,results_v3_lr0p001,small_cnn,sgd,10,128,20000,0.001,0.9,0.0005,cuda,False,False,1,103,103,0.9955118894577026
label_sorted,2,results_v3_lr0p001,results_v3_lr0p001,small_cnn,sgd,10,128,20000,0.001,0.9,0.0005,cuda,False,False,1,104,104,0.9961601495742798
label_sorted,2,results_v3_lr0p001,results_v3_lr0p001,small_cnn,sgd,10,128,20000,0.001,0.9,0.0005,cuda,False,False,1,105,105,0.9955762624740601
label_sorted,2,results_v3_lr0p001,results_v3_lr0p001,small_cnn,sgd,10,128,20000,0.001,0.9,0.0005,cuda,False,False,1,106,106,0.9943780899047852
label_sorted,2,results_v3_lr0p001,results_v3_lr0p001,small_cnn,sgd,10,128,20000,0.001,0.9,0.0005,cuda,False,False,1,107,107,0.9962771534919739
label_sorted,2,results_v3_lr0p001,results_v3_lr0p001,small_cnn,sgd,10,128,20000,0.001,0.9,0.0005,cuda,False,False,1,108,108,0.9956173300743103
label_sorted,2,results_v3_lr0p001,results_v3_lr0p001,small_cnn,sgd,10,128,20000,0.001,0.9,0.0005,cuda,False,False,1,109,109,0.9956521987915039
label_sorted,2,results_v3_lr0p001,results_v3_lr0p001,small_cnn,sgd,10,128,20000,0.001,0.9,0.0005,cuda,False,False,1,110,110,0.5036094188690186
label_sorted,2,results_v3_lr0p001,results_v3_lr0p001,small_cnn,sgd,10,128,20000,0.001,0.9,0.0005,cuda,False,False,1,111,111,0.8470233678817749
label_sorted,2,results_v3_lr0p001,results_v3_lr0p001,small_cnn,sgd,10,128,20000,0.001,0.9,0.0005,cuda,False,False,1,112,112,0.9981793165206909
label_sorted,2,results_v3_lr0p001,results_v3_lr0p001,small_cnn,sgd,10,128,20000,0.001,0.9,0.0005,cuda,False,False,1,113,113,0.9981040358543396
label_sorted,2,results_v3_lr0p001,results_v3_lr0p001,small_cnn,sgd,10,128,20000,0.001,0.9,0.0005,cuda,False,False,1,114,114,0.9969059824943542
label_sorted,2,results_v3_lr0p001,results_v3_lr0p001,small_cnn,sgd,10,128,20000,0.001,0.9,0.0005,cuda,False,False,1,115,115,0.9974828362464905
label_sorted,2,results_v3_lr0p001,results_v3_lr0p001,small_cnn,sgd,10,128,20000,0.001,0.9,0.0005,cuda,False,False,1,116,116,0.9968323111534119
label_sorted,2,results_v3_lr0p001,results_v3_lr0p001,small_cnn,sgd,10,128,20000,0.001,0.9,0.0005,cuda,False,False,1,117,117,0.9976006150245667
label_sorted,2,results_v3_lr0p001,results_v3_lr0p001,small_cnn,sgd,10,128,20000,0.001,0.9,0.0005,cuda,False,False,1,118,118,0.9977019429206848
label_sorted,2,results_v3_lr0p001,results_v3_lr0p001,small_cnn,sgd,10,128,20000,0.001,0.9,0.0005,cuda,False,False,1,119,119,0.9981564879417419
label_sorted,2,results_v3_lr0p001,results_v3_lr0p001,small_cnn,sgd,10,128,20000,0.001,0.9,0.0005,cuda,False,False,1,120,120,0.997931957244873
label_sorted,2,results_v3_lr0p001,results_v3_lr0p001,small_cnn,sgd,10,128,20000,0.001,0.9,0.0005,cuda,False,False,1,121,121,0.9970753192901611
label_sorted,2,results_v3_lr0p001,results_v3_lr0p001,small_cnn,sgd,10,128,20000,0.001,0.9,0.0005,cuda,False,False,1,122,122,0.9980083107948303
label_sorted,2,results_v3_lr0p001,results_v3_lr0p001,small_cnn,sgd,10,128,20000,0.001,0.9,0.0005,cuda,False,False,1,123,123,0.9983139038085938
label_sorted,2,results_v3_lr0p001,results_v3_lr0p001,small_cnn,sgd,10,128,20000,0.001,0.9,0.0005,cuda,False,False,1,124,124,0.998084306716919
label_sorted,2,results_v3_lr0p001,results_v3_lr0p001,small_cnn,sgd,10,128,20000,0.001,0.9,0.0005,cuda,False,False,1,125,125,0.9977710843086243
label_sorted,2,results_v3_lr0p001,results_v3_lr0p001,small_cnn,sgd,10,128,20000,0.001,0.9,0.0005,cuda,False,False,1,126,126,-0.1310490369796753
label_sorted,2,results_v3_lr0p001,results_v3_lr0p001,small_cnn,sgd,10,128,20000,0.001,0.9,0.0005,cuda,False,False,1,127,127,0.9968912601470947
label_sorted,2,results_v3_lr0p001,results_v3_lr0p001,small_cnn,sgd,10,128,20000,0.001,0.9,0.0005,cuda,False,False,1,128,128,0.9962721467018127
label_sorted,2,results_v3_lr0p001,results_v3_lr0p001,small_cnn,sgd,10,128,20000,0.001,0.9,0.0005,cuda,False,False,1,129,129,0.9960668087005615
label_sorted,2,results_v3_lr0p001,results_v3_lr0p001,small_cnn,sgd,10,128,20000,0.001,0.9,0.0005,cuda,False,False,1,130,130,0.9970746636390686
label_sorted,2,results_v3_lr0p001,results_v3_lr0p001,small_cnn,sgd,10,128,20000,0.001,0.9,0.0005,cuda,False,False,1,131,131,0.996448814868927
label_sorted,2,results_v3_lr0p001,results_v3_lr0p001,small_cnn,sgd,10,128,20000,0.001,0.9,0.0005,cuda,False,False,1,132,132,0.9973101615905762
label_sorted,2,results_v3_lr0p001,results_v3_lr0p001,small_cnn,sgd,10,128,20000,0.001,0.9,0.0005,cuda,False,False,1,133,133,0.9970495104789734
label_sorted,2,results_v3_lr0p001,results_v3_lr0p001,small_cnn,sgd,10,128,20000,0.001,0.9,0.0005,cuda,False,False,1,134,134,0.9968112707138062
label_sorted,2,results_v3_lr0p001,results_v3_lr0p001,small_cnn,sgd,10,128,20000,0.001,0.9,0.0005,cuda,False,False,1,135,135,0.9954276084899902
label_sorted,2,results_v3_lr0p001,results_v3_lr0p001,small_cnn,sgd,10,128,20000,0.001,0.9,0.0005,cuda,False,False,1,136,136,0.996681809425354
label_sorted,2,results_v3_lr0p001,results_v3_lr0p001,small_cnn,sgd,10,128,20000,0.001,0.9,0.0005,cuda,False,False,1,137,137,0.996307909488678
label_sorted,2,results_v3_lr0p001,results_v3_lr0p001,small_cnn,sgd,10,128,20000,0.001,0.9,0.0005,cuda,False,False,1,138,138,0.9972216486930847
label_sorted,2,results_v3_lr0p001,results_v3_lr0p001,small_cnn,sgd,10,128,20000,0.001,0.9,0.0005,cuda,False,False,1,139,139,0.9970811009407043
label_sorted,2,results_v3_lr0p001,results_v3_lr0p001,small_cnn,sgd,10,128,20000,0.001,0.9,0.0005,cuda,False,False,1,140,140,0.9972681999206543
label_sorted,2,results_v3_lr0p001,results_v3_lr0p001,small_cnn,sgd,10,128,20000,0.001,0.9,0.0005,cuda,False,False,1,141,141,0.8233315944671631
label_sorted,2,results_v3_lr0p001,results_v3_lr0p001,small_cnn,sgd,10,128,20000,0.001,0.9,0.0005,cuda,False,False,1,142,142,0.4946911334991455
label_sorted,2,results_v3_lr0p001,results_v3_lr0p001,small_cnn,sgd,10,128,20000,0.001,0.9,0.0005,cuda,False,False,1,143,143,0.9965726733207703
label_sorted,2,results_v3_lr0p001,results_v3_lr0p001,small_cnn,sgd,10,128,20000,0.001,0.9,0.0005,cuda,False,False,1,144,144,0.9968633651733398
label_sorted,2,results_v3_lr0p001,results_v3_lr0p001,small_cnn,sgd,10,128,20000,0.001,0.9,0.0005,cuda,False,False,1,145,145,0.9969783425331116
label_sorted,2,results_v3_lr0p001,results_v3_lr0p001,small_cnn,sgd,10,128,20000,0.001,0.9,0.0005,cuda,False,False,1,146,146,0.9966015815734863
label_sorted,2,results_v3_lr0p001,results_v3_lr0p001,small_cnn,sgd,10,128,20000,0.001,0.9,0.0005,cuda,False,False,1,147,147,0.9959902763366699
label_sorted,2,results_v3_lr0p001,results_v3_lr0p001,small_cnn,sgd,10,128,20000,0.001,0.9,0.0005,cuda,False,False,1,148,148,0.9960860013961792
label_sorted,2,results_v3_lr0p001,results_v3_lr0p001,small_cnn,sgd,10,128,20000,0.001,0.9,0.0005,cuda,False,False,1,149,149,0.9966838359832764
label_sorted,2,results_v3_lr0p001,results_v3_lr0p001,small_cnn,sgd,10,128,20000,0.001,0.9,0.0005,cuda,False,False,1,150,150,0.996846079826355
label_sorted,2,results_v3_lr0p001,results_v3_lr0p001,small_cnn,sgd,10,128,20000,0.001,0.9,0.0005,cuda,False,False,1,151,151,0.9975274801254272
label_sorted,2,results_v3_lr0p001,results_v3_lr0p001,small_cnn,sgd,10,128,20000,0.001,0.9,0.0005,cuda,False,False,1,152,152,0.9955177903175354
label_sorted,2,results_v3_lr0p001,results_v3_lr0p001,small_cnn,sgd,10,128,20000,0.001,0.9,0.0005,cuda,False,False,1,153,153,0.9951865673065186
label_sorted,2,results_v3_lr0p001,results_v3_lr0p001,small_cnn,sgd,10,128,20000,0.001,0.9,0.0005,cuda,False,False,1,154,154,0.996977686882019
label_sorted,2,results_v3_lr0p001,results_v3_lr0p001,small_cnn,sgd,10,128,20000,0.001,0.9,0.0005,cuda,False,False,1,155,155,0.9958992004394531
label_sorted,2,results_v3_lr0p001,results_v3_lr0p001,small_cnn,sgd,10,128,20000,0.001,0.9,0.0005,cuda,False,False,1,156,156,0.9910605549812317
label_sorted,2,results_v3_lr0p001,results_v3_lr0p001,small_cnn,sgd,10,128,20000,0.001,0.9,0.0005,cuda,False,False,1,157,157,0.9924500584602356
label_sorted,2,results_v3_lr0p001,results_v3_lr0p001,small_cnn,sgd,10,128,20000,0.001,0.9,0.0005,cuda,False,False,2,1,158,-0.1508873552083969
label_sorted,2,results_v3_lr0p001,results_v3_lr0p001,small_cnn,sgd,10,128,20000,0.001,0.9,0.0005,cuda,False,False,2,2,159,0.996166467666626
label_sorted,2,results_v3_lr0p001,results_v3_lr0p001,small_cnn,sgd,10,128,20000,0.001,0.9,0.0005,cuda,False,False,2,3,160,0.9971117973327637
label_sorted,2,results_v3_lr0p001,results_v3_lr0p001,small_cnn,sgd,10,128,20000,0.001,0.9,0.0005,cuda,False,False,2,4,161,0.9973217248916626
label_sorted,2,results_v3_lr0p001,results_v3_lr0p001,small_cnn,sgd,10,128,20000,0.001,0.9,0.0005,cuda,False,False,2,5,162,0.9966824650764465
label_sorted,2,results_v3_lr0p001,results_v3_lr0p001,small_cnn,sgd,10,128,20000,0.001,0.9,0.0005,cuda,False,False,2,6,163,0.996137797832489
label_sorted,2,results_v3_lr0p001,results_v3_lr0p001,small_cnn,sgd,10,128,20000,0.001,0.9,0.0005,cuda,False,False,2,7,164,0.9973028302192688
label_sorted,2,results_v3_lr0p001,results_v3_lr0p001,small_cnn,sgd,10,128,20000,0.001,0.9,0.0005,cuda,False,False,2,8,165,0.9972949028015137
label_sorted,2,results_v3_lr0p001,results_v3_lr0p001,small_cnn,sgd,10,128,20000,0.001,0.9,0.0005,cuda,False,False,2,9,166,0.9972245693206787
label_sorted,2,results_v3_lr0p001,results_v3_lr0p001,small_cnn,sgd,10,128,20000,0.001,0.9,0.0005,cuda,False,False,2,10,167,0.996751606464386
label_sorted,2,results_v3_lr0p001,results_v3_lr0p001,small_cnn,sgd,10,128,20000,0.001,0.9,0.0005,cuda,False,False,2,11,168,0.9976730942726135
label_sorted,2,results_v3_lr0p001,results_v3_lr0p001,small_cnn,sgd,10,128,20000,0.001,0.9,0.0005,cuda,False,False,2,12,169,0.9973067045211792
label_sorted,2,results_v3_lr0p001,results_v3_lr0p001,small_cnn,sgd,10,128,20000,0.001,0.9,0.0005,cuda,False,False,2,13,170,0.9974497556686401
label_sorted,2,results_v3_lr0p001,results_v3_lr0p001,small_cnn,sgd,10,128,20000,0.001,0.9,0.0005,cuda,False,False,2,14,171,0.9959794282913208
label_sorted,2,results_v3_lr0p001,results_v3_lr0p001,small_cnn,sgd,10,128,20000,0.001,0.9,0.0005,cuda,False,False,2,15,172,0.9961622357368469
label_sorted,2,results_v3_lr0p001,results_v3_lr0p001,small_cnn,sgd,10,128,20000,0.001,0.9,0.0005,cuda,False,False,2,16,173,0.8270285725593567
label_sorted,2,results_v3_lr0p001,results_v3_lr0p001,small_cnn,sgd,10,128,20000,0.001,0.9,0.0005,cuda,False,False,2,17,174,0.5411668419837952
label_sorted,2,results_v3_lr0p001,results_v3_lr0p001,small_cnn,sgd,10,128,20000,0.001,0.9,0.0005,cuda,False,False,2,18,175,0.9968910217285156
label_sorted,2,results_v3_lr0p001,results_v3_lr0p001,small_cnn,sgd,10,128,20000,0.001,0.9,0.0005,cuda,False,False,2,19,176,0.9972174167633057
label_sorted,2,results_v3_lr0p001,results_v3_lr0p001,small_cnn,sgd,10,128,20000,0.001,0.9,0.0005,cuda,False,False,2,20,177,0.9967315196990967
label_sorted,2,results_v3_lr0p001,results_v3_lr0p001,small_cnn,sgd,10,128,20000,0.001,0.9,0.0005,cuda,False,False,2,21,178,0.9970394372940063
label_sorted,2,results_v3_lr0p001,results_v3_lr0p001,small_cnn,sgd,10,128,20000,0.001,0.9,0.0005,cuda,False,False,2,22,179,0.9969047904014587
label_sorted,2,results_v3_lr0p001,results_v3_lr0p001,small_cnn,sgd,10,128,20000,0.001,0.9,0.0005,cuda,False,False,2,23,180,0.9965736269950867
label_sorted,2,results_v3_lr0p001,results_v3_lr0p001,small_cnn,sgd,10,128,20000,0.001,0.9,0.0005,cuda,False,False,2,24,181,0.9976345896720886
label_sorted,2,results_v3_lr0p001,results_v3_lr0p001,small_cnn,sgd,10,128,20000,0.001,0.9,0.0005,cuda,False,False,2,25,182,0.9972591400146484
label_sorted,2,results_v3_lr0p001,results_v3_lr0p001,small_cnn,sgd,10,128,20000,0.001,0.9,0.0005,cuda,False,False,2,26,183,0.9964891672134399
label_sorted,2,results_v3_lr0p001,results_v3_lr0p001,small_cnn,sgd,10,128,20000,0.001,0.9,0.0005,cuda,False,False,2,27,184,0.9958794116973877
label_sorted,2,results_v3_lr0p001,results_v3_lr0p001,small_cnn,sgd,10,128,20000,0.001,0.9,0.0005,cuda,False,False,2,28,185,0.995841383934021
label_sorted,2,results_v3_lr0p001,results_v3_lr0p001,small_cnn,sgd,10,128,20000,0.001,0.9,0.0005,cuda,False,False,2,29,186,0.9971346855163574
label_sorted,2,results_v3_lr0p001,results_v3_lr0p001,small_cnn,sgd,10,128,20000,0.001,0.9,0.0005,cuda,False,False,2,30,187,0.9968750476837158
label_sorted,2,results_v3_lr0p001,results_v3_lr0p001,small_cnn,sgd,10,128,20000,0.001,0.9,0.0005,cuda,False,False,2,31,188,0.9967336654663086
label_sorted,2,results_v3_lr0p001,results_v3_lr0p001,small_cnn,sgd,10,128,20000,0.001,0.9,0.0005,cuda,False,False,2,32,189,0.31051865220069885
label_sorted,2,results_v3_lr0p001,results_v3_lr0p001,small_cnn,sgd,10,128,20000,0.001,0.9,0.0005,cuda,False,False,2,33,190,0.9351582527160645
label_sorted,2,results_v3_lr0p001,results_v3_lr0p001,small_cnn,sgd,10,128,20000,0.001,0.9,0.0005,cuda,False,False,2,34,191,0.9958693385124207
label_sorted,2,results_v3_lr0p001,results_v3_lr0p001,small_cnn,sgd,10,128,20000,0.001,0.9,0.0005,cuda,False,False,2,35,192,0.9962801337242126
label_sorted,2,results_v3_lr0p001,results_v3_lr0p001,small_cnn,sgd,10,128,20000,0.001,0.9,0.0005,cuda,False,False,2,36,193,0.9969151616096497
label_sorted,2,results_v3_lr0p001,results_v3_lr0p001,small_cnn,sgd,10,128,20000,0.001,0.9,0.0005,cuda,False,False,2,37,194,0.9961097836494446
label_sorted,2,results_v3_lr0p001,results_v3_lr0p001,small_cnn,sgd,10,128,20000,0.001,0.9,0.0005,cuda,False,False,2,38,195,0.9948477149009705
label_sorted,2,results_v3_lr0p001,results_v3_lr0p001,small_cnn,sgd,10,128,20000,0.001,0.9,0.0005,cuda,False,False,2,39,196,0.995160698890686
label_sorted,2,results_v3_lr0p001,results_v3_lr0p001,small_cnn,sgd,10,128,20000,0.001,0.9,0.0005,cuda,False,False,2,40,197,0.9940480589866638
label_sorted,2,results_v3_lr0p001,results_v3_lr0p001,small_cnn,sgd,10,128,20000,0.001,0.9,0.0005,cuda,False,False,2,41,198,0.9924257397651672
label_sorted,2,results_v3_lr0p001,results_v3_lr0p001,small_cnn,sgd,10,128,20000,0.001,0.9,0.0005,cuda,False,False,2,42,199,0.9932375550270081
label_sorted,2,results_v3_lr0p001,results_v3_lr0p001,small_cnn,sgd,10,128,20000,0.001,0.9,0.0005,cuda,False,False,2,43,200,0.9942188262939453
label_sorted,2,results_v3_lr0p001,results_v3_lr0p001,small_cnn,sgd,10,128,20000,0.001,0.9,0.0005,cuda,False,False,2,44,201,0.9948203563690186
label_sorted,2,results_v3_lr0p001,results_v3_lr0p001,small_cnn,sgd,10,128,20000,0.001,0.9,0.0005,cuda,False,False,2,45,202,0.9938963055610657
label_sorted,2,results_v3_lr0p001,results_v3_lr0p001,small_cnn,sgd,10,128,20000,0.001,0.9,0.0005,cuda,False,False,2,46,203,0.9944940805435181
label_sorted,2,results_v3_lr0p001,results_v3_lr0p001,small_cnn,sgd,10,128,20000,0.001,0.9,0.0005,cuda,False,False,2,47,204,0.984062671661377
label_sorted,2,results_v3_lr0p001,results_v3_lr0p001,small_cnn,sgd,10,128,20000,0.001,0.9,0.0005,cuda,False,False,2,48,205,0.1897432804107666
label_sorted,2,results_v3_lr0p001,results_v3_lr0p001,small_cnn,sgd,10,128,20000,0.001,0.9,0.0005,cuda,False,False,2,49,206,0.9968632459640503
label_sorted,2,results_v3_lr0p001,results_v3_lr0p001,small_cnn,sgd,10,128,20000,0.001,0.9,0.0005,cuda,False,False,2,50,207,0.9977103471755981
label_sorted,2,results_v3_lr0p001,results_v3_lr0p001,small_cnn,sgd,10,128,20000,0.001,0.9,0.0005,cuda,False,False,2,51,208,0.9970897436141968
label_sorted,2,results_v3_lr0p001,results_v3_lr0p001,small_cnn,sgd,10,128,20000,0.001,0.9,0.0005,cuda,False,False,2,52,209,0.9960392117500305
label_sorted,2,results_v3_lr0p001,results_v3_lr0p001,small_cnn,sgd,10,128,20000,0.001,0.9,0.0005,cuda,False,False,2,53,210,0.9964021444320679
label_sorted,2,results_v3_lr0p001,results_v3_lr0p001,small_cnn,sgd,10,128,20000,0.001,0.9,0.0005,cuda,False,False,2,54,211,0.9961313605308533
label_sorted,2,results_v3_lr0p001,results_v3_lr0p001,small_cnn,sgd,10,128,20000,0.001,0.9,0.0005,cuda,False,False,2,55,212,0.9958651661872864
label_sorted,2,results_v3_lr0p001,results_v3_lr0p001,small_cnn,sgd,10,128,20000,0.001,0.9,0.0005,cuda,False,False,2,56,213,0.9960858821868896
label_sorted,2,results_v3_lr0p001,results_v3_lr0p001,small_cnn,sgd,10,128,20000,0.001,0.9,0.0005,cuda,False,False,2,57,214,0.9960299730300903
label_sorted,2,results_v3_lr0p001,results_v3_lr0p001,small_cnn,sgd,10,128,20000,0.001,0.9,0.0005,cuda,False,False,2,58,215,0.9971582889556885
label_sorted,2,results_v3_lr0p001,results_v3_lr0p001,small_cnn,sgd,10,128,20000,0.001,0.9,0.0005,cuda,False,False,2,59,216,0.9967063069343567
label_sorted,2,results_v3_lr0p001,results_v3_lr0p001,small_cnn,sgd,10,128,20000,0.001,0.9,0.0005,cuda,False,False,2,60,217,0.9968733191490173
label_sorted,2,results_v3_lr0p001,results_v3_lr0p001,small_cnn,sgd,10,128,20000,0.001,0.9,0.0005,cuda,False,False,2,61,218,0.9963119626045227
label_sorted,2,results_v3_lr0p001,results_v3_lr0p001,small_cnn,sgd,10,128,20000,0.001,0.9,0.0005,cuda,False,False,2,62,219,0.9949521422386169
label_sorted,2,results_v3_lr0p001,results_v3_lr0p001,small_cnn,sgd,10,128,20000,0.001,0.9,0.0005,cuda,False,False,2,63,220,0.7245934009552002
label_sorted,2,results_v3_lr0p001,results_v3_lr0p001,small_cnn,sgd,10,128,20000,0.001,0.9,0.0005,cuda,False,False,2,64,221,0.48391643166542053
label_sorted,2,results_v3_lr0p001,results_v3_lr0p001,small_cnn,sgd,10,128,20000,0.001,0.9,0.0005,cuda,False,False,2,65,222,0.9969611167907715
label_sorted,2,results_v3_lr0p001,results_v3_lr0p001,small_cnn,sgd,10,128,20000,0.001,0.9,0.0005,cuda,False,False,2,66,223,0.996898353099823
label_sorted,2,results_v3_lr0p001,results_v3_lr0p001,small_cnn,sgd,10,128,20000,0.001,0.9,0.0005,cuda,False,False,2,67,224,0.995949923992157
label_sorted,2,results_v3_lr0p001,results_v3_lr0p001,small_cnn,sgd,10,128,20000,0.001,0.9,0.0005,cuda,False,False,2,68,225,0.9969942569732666
label_sorted,2,results_v3_lr0p001,results_v3_lr0p001,small_cnn,sgd,10,128,20000,0.001,0.9,0.0005,cuda,False,False,2,69,226,0.9941666126251221
label_sorted,2,results_v3_lr0p001,results_v3_lr0p001,small_cnn,sgd,10,128,20000,0.001,0.9,0.0005,cuda,False,False,2,70,227,0.9960050582885742
label_sorted,2,results_v3_lr0p001,results_v3_lr0p001,small_cnn,sgd,10,128,20000,0.001,0.9,0.0005,cuda,False,False,2,71,228,0.9959231019020081
label_sorted,2,results_v3_lr0p001,results_v3_lr0p001,small_cnn,sgd,10,128,20000,0.001,0.9,0.0005,cuda,False,False,2,72,229,0.9944779872894287
label_sorted,2,results_v3_lr0p001,results_v3_lr0p001,small_cnn,sgd,10,128,20000,0.001,0.9,0.0005,cuda,False,False,2,73,230,0.9952558279037476
label_sorted,2,results_v3_lr0p001,results_v3_lr0p001,small_cnn,sgd,10,128,20000,0.001,0.9,0.0005,cuda,False,False,2,74,231,0.9939976930618286
label_sorted,2,results_v3_lr0p001,results_v3_lr0p001,small_cnn,sgd,10,128,20000,0.001,0.9,0.0005,cuda,False,False,2,75,232,0.9932175874710083
label_sorted,2,results_v3_lr0p001,results_v3_lr0p001,small_cnn,sgd,10,128,20000,0.001,0.9,0.0005,cuda,False,False,2,76,233,0.9923473596572876
label_sorted,2,results_v3_lr0p001,results_v3_lr0p001,small_cnn,sgd,10,128,20000,0.001,0.9,0.0005,cuda,False,False,2,77,234,0.9943719506263733
label_sorted,2,results_v3_lr0p001,results_v3_lr0p001,small_cnn,sgd,10,128,20000,0.001,0.9,0.0005,cuda,False,False,2,78,235,0.9951940774917603
label_sorted,2,results_v3_lr0p001,results_v3_lr0p001,small_cnn,sgd,10,128,20000,0.001,0.9,0.0005,cuda,False,False,2,79,236,-0.0254824236035347
label_sorted,2,results_v3_lr0p001,results_v3_lr0p001,small_cnn,sgd,10,128,20000,0.001,0.9,0.0005,cuda,False,False,2,80,237,0.9904929399490356
label_sorted,2,results_v3_lr0p001,results_v3_lr0p001,small_cnn,sgd,10,128,20000,0.001,0.9,0.0005,cuda,False,False,2,81,238,0.9974316358566284
label_sorted,2,results_v3_lr0p001,results_v3_lr0p001,small_cnn,sgd,10,128,20000,0.001,0.9,0.0005,cuda,False,False,2,82,239,0.9975379705429077
label_sorted,2,results_v3_lr0p001,results_v3_lr0p001,small_cnn,sgd,10,128,20000,0.001,0.9,0.0005,cuda,False,False,2,83,240,0.9962822198867798
label_sorted,2,results_v3_lr0p001,results_v3_lr0p001,small_cnn,sgd,10,128,20000,0.001,0.9,0.0005,cuda,False,False,2,84,241,0.99462890625
label_sorted,2,results_v3_lr0p001,results_v3_lr0p001,small_cnn,sgd,10,128,20000,0.001,0.9,0.0005,cuda,False,False,2,85,242,0.9950507283210754
label_sorted,2,results_v3_lr0p001,results_v3_lr0p001,small_cnn,sgd,10,128,20000,0.001,0.9,0.0005,cuda,False,False,2,86,243,0.993369460105896
label_sorted,2,results_v3_lr0p001,results_v3_lr0p001,small_cnn,sgd,10,128,20000,0.001,0.9,0.0005,cuda,False,False,2,87,244,0.992664098739624
label_sorted,2,results_v3_lr0p001,results_v3_lr0p001,small_cnn,sgd,10,128,20000,0.001,0.9,0.0005,cuda,False,False,2,88,245,0.9856372475624084
label_sorted,2,results_v3_lr0p001,results_v3_lr0p001,small_cnn,sgd,10,128,20000,0.001,0.9,0.0005,cuda,False,False,2,89,246,0.9908931851387024
label_sorted,2,results_v3_lr0p001,results_v3_lr0p001,small_cnn,sgd,10,128,20000,0.001,0.9,0.0005,cuda,False,False,2,90,247,0.990682065486908
label_sorted,2,results_v3_lr0p001,results_v3_lr0p001,small_cnn,sgd,10,128,20000,0.001,0.9,0.0005,cuda,False,False,2,91,248,0.9924063682556152
label_sorted,2,results_v3_lr0p001,results_v3_lr0p001,small_cnn,sgd,10,128,20000,0.001,0.9,0.0005,cuda,False,False,2,92,249,0.9944614171981812
label_sorted,2,results_v3_lr0p001,results_v3_lr0p001,small_cnn,sgd,10,128,20000,0.001,0.9,0.0005,cuda,False,False,2,93,250,0.9937853813171387
label_sorted,2,results_v3_lr0p001,results_v3_lr0p001,small_cnn,sgd,10,128,20000,0.001,0.9,0.0005,cuda,False,False,2,94,251,0.9502942562103271
label_sorted,2,results_v3_lr0p001,results_v3_lr0p001,small_cnn,sgd,10,128,20000,0.001,0.9,0.0005,cuda,False,False,2,95,252,0.06400346010923386
label_sorted,2,results_v3_lr0p001,results_v3_lr0p001,small_cnn,sgd,10,128,20000,0.001,0.9,0.0005,cuda,False,False,2,96,253,0.9966700077056885
label_sorted,2,results_v3_lr0p001,results_v3_lr0p001,small_cnn,sgd,10,128,20000,0.001,0.9,0.0005,cuda,False,False,2,97,254,0.9969494342803955
label_sorted,2,results_v3_lr0p001,results_v3_lr0p001,small_cnn,sgd,10,128,20000,0.001,0.9,0.0005,cuda,False,False,2,98,255,0.9965813159942627
label_sorted,2,results_v3_lr0p001,results_v3_lr0p001,small_cnn,sgd,10,128,20000,0.001,0.9,0.0005,cuda,False,False,2,99,256,0.9970812797546387
label_sorted,2,results_v3_lr0p001,results_v3_lr0p001,small_cnn,sgd,10,128,20000,0.001,0.9,0.0005,cuda,False,False,2,100,257,0.9953256845474243
label_sorted,2,results_v3_lr0p001,results_v3_lr0p001,small_cnn,sgd,10,128,20000,0.001,0.9,0.0005,cuda,False,False,2,101,258,0.9942960143089294
label_sorted,2,results_v3_lr0p001,results_v3_lr0p001,small_cnn,sgd,10,128,20000,0.001,0.9,0.0005,cuda,False,False,2,102,259,0.9963966608047485
label_sorted,2,results_v3_lr0p001,results_v3_lr0p001,small_cnn,sgd,10,128,20000,0.001,0.9,0.0005,cuda,False,False,2,103,260,0.9960559010505676
label_sorted,2,results_v3_lr0p001,results_v3_lr0p001,small_cnn,sgd,10,128,20000,0.001,0.9,0.0005,cuda,False,False,2,104,261,0.9955277442932129
label_sorted,2,results_v3_lr0p001,results_v3_lr0p001,small_cnn,sgd,10,128,20000,0.001,0.9,0.0005,cuda,False,False,2,105,262,0.9947608113288879
label_sorted,2,results_v3_lr0p001,results_v3_lr0p001,small_cnn,sgd,10,128,20000,0.001,0.9,0.0005,cuda,False,False,2,106,263,0.9949995875358582
label_sorted,2,results_v3_lr0p001,results_v3_lr0p001,small_cnn,sgd,10,128,20000,0.001,0.9,0.0005,cuda,False,False,2,107,264,0.9949849843978882
label_sorted,2,results_v3_lr0p001,results_v3_lr0p001,small_cnn,sgd,10,128,20000,0.001,0.9,0.0005,cuda,False,False,2,108,265,0.9937075972557068
label_sorted,2,results_v3_lr0p001,results_v3_lr0p001,small_cnn,sgd,10,128,20000,0.001,0.9,0.0005,cuda,False,False,2,109,266,0.9940411448478699
label_sorted,2,results_v3_lr0p001,results_v3_lr0p001,small_cnn,sgd,10,128,20000,0.001,0.9,0.0005,cuda,False,False,2,110,267,0.4288978576660156
label_sorted,2,results_v3_lr0p001,results_v3_lr0p001,small_cnn,sgd,10,128,20000,0.001,0.9,0.0005,cuda,False,False,2,111,268,0.878451943397522
label_sorted,2,results_v3_lr0p001,results_v3_lr0p001,small_cnn,sgd,10,128,20000,0.001,0.9,0.0005,cuda,False,False,2,112,269,0.9973117709159851
label_sorted,2,results_v3_lr0p001,results_v3_lr0p001,small_cnn,sgd,10,128,20000,0.001,0.9,0.0005,cuda,False,False,2,113,270,0.9982088804244995
label_sorted,2,results_v3_lr0p001,results_v3_lr0p001,small_cnn,sgd,10,128,20000,0.001,0.9,0.0005,cuda,False,False,2,114,271,0.9971639513969421
label_sorted,2,results_v3_lr0p001,results_v3_lr0p001,small_cnn,sgd,10,128,20000,0.001,0.9,0.0005,cuda,False,False,2,115,272,0.9961310625076294
label_sorted,2,results_v3_lr0p001,results_v3_lr0p001,small_cnn,sgd,10,128,20000,0.001,0.9,0.0005,cuda,False,False,2,116,273,0.9956039190292358
label_sorted,2,results_v3_lr0p001,results_v3_lr0p001,small_cnn,sgd,10,128,20000,0.001,0.9,0.0005,cuda,False,False,2,117,274,0.9962406158447266
label_sorted,2,results_v3_lr0p001,results_v3_lr0p001,small_cnn,sgd,10,128,20000,0.001,0.9,0.0005,cuda,False,False,2,118,275,0.9950041174888611
label_sorted,2,results_v3_lr0p001,results_v3_lr0p001,small_cnn,sgd,10,128,20000,0.001,0.9,0.0005,cuda,False,False,2,119,276,0.9956544637680054
label_sorted,2,results_v3_lr0p001,results_v3_lr0p001,small_cnn,sgd,10,128,20000,0.001,0.9,0.0005,cuda,False,False,2,120,277,0.9925330281257629
label_sorted,2,results_v3_lr0p001,results_v3_lr0p001,small_cnn,sgd,10,128,20000,0.001,0.9,0.0005,cuda,False,False,2,121,278,0.9944560527801514
label_sorted,2,results_v3_lr0p001,results_v3_lr0p001,small_cnn,sgd,10,128,20000,0.001,0.9,0.0005,cuda,False,False,2,122,279,0.9942449927330017
label_sorted,2,results_v3_lr0p001,results_v3_lr0p001,small_cnn,sgd,10,128,20000,0.001,0.9,0.0005,cuda,False,False,2,123,280,0.9967753887176514
label_sorted,2,results_v3_lr0p001,results_v3_lr0p001,small_cnn,sgd,10,128,20000,0.001,0.9,0.0005,cuda,False,False,2,124,281,0.9952366948127747
label_sorted,2,results_v3_lr0p001,results_v3_lr0p001,small_cnn,sgd,10,128,20000,0.001,0.9,0.0005,cuda,False,False,2,125,282,0.9965846538543701
label_sorted,2,results_v3_lr0p001,results_v3_lr0p001,small_cnn,sgd,10,128,20000,0.001,0.9,0.0005,cuda,False,False,2,126,283,-0.09924910962581635
label_sorted,2,results_v3_lr0p001,results_v3_lr0p001,small_cnn,sgd,10,128,20000,0.001,0.9,0.0005,cuda,False,False,2,127,284,0.9960629343986511
label_sorted,2,results_v3_lr0p001,results_v3_lr0p001,small_cnn,sgd,10,128,20000,0.001,0.9,0.0005,cuda,False,False,2,128,285,0.9959502220153809
label_sorted,2,results_v3_lr0p001,results_v3_lr0p001,small_cnn,sgd,10,128,20000,0.001,0.9,0.0005,cuda,False,False,2,129,286,0.9950094819068909
label_sorted,2,results_v3_lr0p001,results_v3_lr0p001,small_cnn,sgd,10,128,20000,0.001,0.9,0.0005,cuda,False,False,2,130,287,0.9953955411911011
label_sorted,2,results_v3_lr0p001,results_v3_lr0p001,small_cnn,sgd,10,128,20000,0.001,0.9,0.0005,cuda,False,False,2,131,288,0.9953967928886414
label_sorted,2,results_v3_lr0p001,results_v3_lr0p001,small_cnn,sgd,10,128,20000,0.001,0.9,0.0005,cuda,False,False,2,132,289,0.9959177374839783
label_sorted,2,results_v3_lr0p001,results_v3_lr0p001,small_cnn,sgd,10,128,20000,0.001,0.9,0.0005,cuda,False,False,2,133,290,0.9957515001296997
label_sorted,2,results_v3_lr0p001,results_v3_lr0p001,small_cnn,sgd,10,128,20000,0.001,0.9,0.0005,cuda,False,False,2,134,291,0.9940931797027588
label_sorted,2,results_v3_lr0p001,results_v3_lr0p001,small_cnn,sgd,10,128,20000,0.001,0.9,0.0005,cuda,False,False,2,135,292,0.9937883019447327
label_sorted,2,results_v3_lr0p001,results_v3_lr0p001,small_cnn,sgd,10,128,20000,0.001,0.9,0.0005,cuda,False,False,2,136,293,0.9953656792640686
label_sorted,2,results_v3_lr0p001,results_v3_lr0p001,small_cnn,sgd,10,128,20000,0.001,0.9,0.0005,cuda,False,False,2,137,294,0.9950839877128601
label_sorted,2,results_v3_lr0p001,results_v3_lr0p001,small_cnn,sgd,10,128,20000,0.001,0.9,0.0005,cuda,False,False,2,138,295,0.9965672492980957
label_sorted,2,results_v3_lr0p001,results_v3_lr0p001,small_cnn,sgd,10,128,20000,0.001,0.9,0.0005,cuda,False,False,2,139,296,0.9965396523475647
label_sorted,2,results_v3_lr0p001,results_v3_lr0p001,small_cnn,sgd,10,128,20000,0.001,0.9,0.0005,cuda,False,False,2,140,297,0.9963158965110779
label_sorted,2,results_v3_lr0p001,results_v3_lr0p001,small_cnn,sgd,10,128,20000,0.001,0.9,0.0005,cuda,False,False,2,141,298,0.7979599237442017
label_sorted,2,results_v3_lr0p001,results_v3_lr0p001,small_cnn,sgd,10,128,20000,0.001,0.9,0.0005,cuda,False,False,2,142,299,0.5334045886993408
label_sorted,2,results_v3_lr0p001,results_v3_lr0p001,small_cnn,sgd,10,128,20000,0.001,0.9,0.0005,cuda,False,False,2,143,300,0.9962763786315918
label_sorted,2,results_v3_lr0p001,results_v3_lr0p001,small_cnn,sgd,10,128,20000,0.001,0.9,0.0005,cuda,False,False,2,144,301,0.9963346719741821
label_sorted,2,results_v3_lr0p001,results_v3_lr0p001,small_cnn,sgd,10,128,20000,0.001,0.9,0.0005,cuda,False,False,2,145,302,0.9960392713546753
label_sorted,2,results_v3_lr0p001,results_v3_lr0p001,small_cnn,sgd,10,128,20000,0.001,0.9,0.0005,cuda,False,False,2,146,303,0.9961212873458862
label_sorted,2,results_v3_lr0p001,results_v3_lr0p001,small_cnn,sgd,10,128,20000,0.001,0.9,0.0005,cuda,False,False,2,147,304,0.9944652318954468
label_sorted,2,results_v3_lr0p001,results_v3_lr0p001,small_cnn,sgd,10,128,20000,0.001,0.9,0.0005,cuda,False,False,2,148,305,0.9962207078933716
label_sorted,2,results_v3_lr0p001,results_v3_lr0p001,small_cnn,sgd,10,128,20000,0.001,0.9,0.0005,cuda,False,False,2,149,306,0.9953414797782898
label_sorted,2,results_v3_lr0p001,results_v3_lr0p001,small_cnn,sgd,10,128,20000,0.001,0.9,0.0005,cuda,False,False,2,150,307,0.9968217611312866
label_sorted,2,results_v3_lr0p001,results_v3_lr0p001,small_cnn,sgd,10,128,20000,0.001,0.9,0.0005,cuda,False,False,2,151,308,0.9972022771835327
label_sorted,2,results_v3_lr0p001,results_v3_lr0p001,small_cnn,sgd,10,128,20000,0.001,0.9,0.0005,cuda,False,False,2,152,309,0.9953798055648804
label_sorted,2,results_v3_lr0p001,results_v3_lr0p001,small_cnn,sgd,10,128,20000,0.001,0.9,0.0005,cuda,False,False,2,153,310,0.9957475662231445
label_sorted,2,results_v3_lr0p001,results_v3_lr0p001,small_cnn,sgd,10,128,20000,0.001,0.9,0.0005,cuda,False,False,2,154,311,0.996735692024231
label_sorted,2,results_v3_lr0p001,results_v3_lr0p001,small_cnn,sgd,10,128,20000,0.001,0.9,0.0005,cuda,False,False,2,155,312,0.9943097829818726
label_sorted,2,results_v3_lr0p001,results_v3_lr0p001,small_cnn,sgd,10,128,20000,0.001,0.9,0.0005,cuda,False,False,2,156,313,0.9886811375617981
label_sorted,2,results_v3_lr0p001,results_v3_lr0p001,small_cnn,sgd,10,128,20000,0.001,0.9,0.0005,cuda,False,False,2,157,314,0.9923604130744934
label_sorted,2,results_v3_lr0p001,results_v3_lr0p001,small_cnn,sgd,10,128,20000,0.001,0.9,0.0005,cuda,False,False,3,1,315,-0.15429313480854034
label_sorted,2,results_v3_lr0p001,results_v3_lr0p001,small_cnn,sgd,10,128,20000,0.001,0.9,0.0005,cuda,False,False,3,2,316,0.9956302046775818
label_sorted,2,results_v3_lr0p001,results_v3_lr0p001,small_cnn,sgd,10,128,20000,0.001,0.9,0.0005,cuda,False,False,3,3,317,0.996683657169342
label_sorted,2,results_v3_lr0p001,results_v3_lr0p001,small_cnn,sgd,10,128,20000,0.001,0.9,0.0005,cuda,False,False,3,4,318,0.9977338314056396
label_sorted,2,results_v3_lr0p001,results_v3_lr0p001,small_cnn,sgd,10,128,20000,0.001,0.9,0.0005,cuda,False,False,3,5,319,0.9954573512077332
label_sorted,2,results_v3_lr0p001,results_v3_lr0p001,small_cnn,sgd,10,128,20000,0.001,0.9,0.0005,cuda,False,False,3,6,320,0.9953885078430176
label_sorted,2,results_v3_lr0p001,results_v3_lr0p001,small_cnn,sgd,10,128,20000,0.001,0.9,0.0005,cuda,False,False,3,7,321,0.9967604875564575
label_sorted,2,results_v3_lr0p001,results_v3_lr0p001,small_cnn,sgd,10,128,20000,0.001,0.9,0.0005,cuda,False,False,3,8,322,0.9966232776641846
label_sorted,2,results_v3_lr0p001,results_v3_lr0p001,small_cnn,sgd,10,128,20000,0.001,0.9,0.0005,cuda,False,False,3,9,323,0.996597945690155
label_sorted,2,results_v3_lr0p001,results_v3_lr0p001,small_cnn,sgd,10,128,20000,0.001,0.9,0.0005,cuda,False,False,3,10,324,0.9950773119926453
label_sorted,2,results_v3_lr0p001,results_v3_lr0p001,small_cnn,sgd,10,128,20000,0.001,0.9,0.0005,cuda,False,False,3,11,325,0.9965867400169373
label_sorted,2,results_v3_lr0p001,results_v3_lr0p001,small_cnn,sgd,10,128,20000,0.001,0.9,0.0005,cuda,False,False,3,12,326,0.9968646764755249
label_sorted,2,results_v3_lr0p001,results_v3_lr0p001,small_cnn,sgd,10,128,20000,0.001,0.9,0.0005,cuda,False,False,3,13,327,0.995890200138092
label_sorted,2,results_v3_lr0p001,results_v3_lr0p001,small_cnn,sgd,10,128,20000,0.001,0.9,0.0005,cuda,False,False,3,14,328,0.9953505992889404
label_sorted,2,results_v3_lr0p001,results_v3_lr0p001,small_cnn,sgd,10,128,20000,0.001,0.9,0.0005,cuda,False,False,3,15,329,0.9952964186668396
label_sorted,2,results_v3_lr0p001,results_v3_lr0p001,small_cnn,sgd,10,128,20000,0.001,0.9,0.0005,cuda,False,False,3,16,330,0.8201676607131958
label_sorted,2,results_v3_lr0p001,results_v3_lr0p001,small_cnn,sgd,10,128,20000,0.001,0.9,0.0005,cuda,False,False,3,17,331,0.5657374262809753
label_sorted,2,results_v3_lr0p001,results_v3_lr0p001,small_cnn,sgd,10,128,20000,0.001,0.9,0.0005,cuda,False,False,3,18,332,0.9947322607040405
label_sorted,2,results_v3_lr0p001,results_v3_lr0p001,small_cnn,sgd,10,128,20000,0.001,0.9,0.0005,cuda,False,False,3,19,333,0.9947720766067505
label_sorted,2,results_v3_lr0p001,results_v3_lr0p001,small_cnn,sgd,10,128,20000,0.001,0.9,0.0005,cuda,False,False,3,20,334,0.9950832724571228
label_sorted,2,results_v3_lr0p001,results_v3_lr0p001,small_cnn,sgd,10,128,20000,0.001,0.9,0.0005,cuda,False,False,3,21,335,0.9956129789352417
label_sorted,2,results_v3_lr0p001,results_v3_lr0p001,small_cnn,sgd,10,128,20000,0.001,0.9,0.0005,cuda,False,False,3,22,336,0.9961963295936584
label_sorted,2,results_v3_lr0p001,results_v3_lr0p001,small_cnn,sgd,10,128,20000,0.001,0.9,0.0005,cuda,False,False,3,23,337,0.9942440986633301
label_sorted,2,results_v3_lr0p001,results_v3_lr0p001,small_cnn,sgd,10,128,20000,0.001,0.9,0.0005,cuda,False,False,3,24,338,0.9945946931838989
label_sorted,2,results_v3_lr0p001,results_v3_lr0p001,small_cnn,sgd,10,128,20000,0.001,0.9,0.0005,cuda,False,False,3,25,339,0.9962797164916992
label_sorted,2,results_v3_lr0p001,results_v3_lr0p001,small_cnn,sgd,10,128,20000,0.001,0.9,0.0005,cuda,False,False,3,26,340,0.9960257411003113
label_sorted,2,results_v3_lr0p001,results_v3_lr0p001,small_cnn,sgd,10,128,20000,0.001,0.9,0.0005,cuda,False,False,3,27,341,0.9970933794975281
label_sorted,2,results_v3_lr0p001,results_v3_lr0p001,small_cnn,sgd,10,128,20000,0.001,0.9,0.0005,cuda,False,False,3,28,342,0.9947885274887085
label_sorted,2,results_v3_lr0p001,results_v3_lr0p001,small_cnn,sgd,10,128,20000,0.001,0.9,0.0005,cuda,False,False,3,29,343,0.9968215227127075
label_sorted,2,results_v3_lr0p001,results_v3_lr0p001,small_cnn,sgd,10,128,20000,0.001,0.9,0.0005,cuda,False,False,3,30,344,0.9972052574157715
label_sorted,2,results_v3_lr0p001,results_v3_lr0p001,small_cnn,sgd,10,128,20000,0.001,0.9,0.0005,cuda,False,False,3,31,345,0.9973934888839722
label_sorted,2,results_v3_lr0p001,results_v3_lr0p001,small_cnn,sgd,10,128,20000,0.001,0.9,0.0005,cuda,False,False,3,32,346,0.44622620940208435
label_sorted,2,results_v3_lr0p001,results_v3_lr0p001,small_cnn,sgd,10,128,20000,0.001,0.9,0.0005,cuda,False,False,3,33,347,0.9297532439231873
label_sorted,2,results_v3_lr0p001,results_v3_lr0p001,small_cnn,sgd,10,128,20000,0.001,0.9,0.0005,cuda,False,False,3,34,348,0.9947584867477417
label_sorted,2,results_v3_lr0p001,results_v3_lr0p001,small_cnn,sgd,10,128,20000,0.001,0.9,0.0005,cuda,False,False,3,35,349,0.9955368041992188
label_sorted,2,results_v3_lr0p001,results_v3_lr0p001,small_cnn,sgd,10,128,20000,0.001,0.9,0.0005,cuda,False,False,3,36,350,0.9935311675071716
label_sorted,2,results_v3_lr0p001,results_v3_lr0p001,small_cnn,sgd,10,128,20000,0.001,0.9,0.0005,cuda,False,False,3,37,351,0.9940460324287415
label_sorted,2,results_v3_lr0p001,results_v3_lr0p001,small_cnn,sgd,10,128,20000,0.001,0.9,0.0005,cuda,False,False,3,38,352,0.991814374923706
label_sorted,2,results_v3_lr0p001,results_v3_lr0p001,small_cnn,sgd,10,128,20000,0.001,0.9,0.0005,cuda,False,False,3,39,353,0.9932884573936462
label_sorted,2,results_v3_lr0p001,results_v3_lr0p001,small_cnn,sgd,10,128,20000,0.001,0.9,0.0005,cuda,False,False,3,40,354,0.9932481646537781
label_sorted,2,results_v3_lr0p001,results_v3_lr0p001,small_cnn,sgd,10,128,20000,0.001,0.9,0.0005,cuda,False,False,3,41,355,0.9838340282440186
label_sorted,2,results_v3_lr0p001,results_v3_lr0p001,small_cnn,sgd,10,128,20000,0.001,0.9,0.0005,cuda,False,False,3,42,356,0.9945679903030396
label_sorted,2,results_v3_lr0p001,results_v3_lr0p001,small_cnn,sgd,10,128,20000,0.001,0.9,0.0005,cuda,False,False,3,43,357,0.99424147605896
label_sorted,2,results_v3_lr0p001,results_v3_lr0p001,small_cnn,sgd,10,128,20000,0.001,0.9,0.0005,cuda,False,False,3,44,358,0.9968374967575073
label_sorted,2,results_v3_lr0p001,results_v3_lr0p001,small_cnn,sgd,10,128,20000,0.001,0.9,0.0005,cuda,False,False,3,45,359,0.9948837161064148
label_sorted,2,results_v3_lr0p001,results_v3_lr0p001,small_cnn,sgd,10,128,20000,0.001,0.9,0.0005,cuda,False,False,3,46,360,0.9971067905426025
label_sorted,2,results_v3_lr0p001,results_v3_lr0p001,small_cnn,sgd,10,128,20000,0.001,0.9,0.0005,cuda,False,False,3,47,361,0.9908955097198486
label_sorted,2,results_v3_lr0p001,results_v3_lr0p001,small_cnn,sgd,10,128,20000,0.001,0.9,0.0005,cuda,False,False,3,48,362,-0.09767039120197296
label_sorted,2,results_v3_lr0p001,results_v3_lr0p001,small_cnn,sgd,10,128,20000,0.001,0.9,0.0005,cuda,False,False,3,49,363,0.9966899156570435
label_sorted,2,results_v3_lr0p001,results_v3_lr0p001,small_cnn,sgd,10,128,20000,0.001,0.9,0.0005,cuda,False,False,3,50,364,0.9981858730316162
label_sorted,2,results_v3_lr0p001,results_v3_lr0p001,small_cnn,sgd,10,128,20000,0.001,0.9,0.0005,cuda,False,False,3,51,365,0.9979457855224609
label_sorted,2,results_v3_lr0p001,results_v3_lr0p001,small_cnn,sgd,10,128,20000,0.001,0.9,0.0005,cuda,False,False,3,52,366,0.9962966442108154
label_sorted,2,results_v3_lr0p001,results_v3_lr0p001,small_cnn,sgd,10,128,20000,0.001,0.9,0.0005,cuda,False,False,3,53,367,0.9962536692619324
label_sorted,2,results_v3_lr0p001,results_v3_lr0p001,small_cnn,sgd,10,128,20000,0.001,0.9,0.0005,cuda,False,False,3,54,368,0.9966614246368408
label_sorted,2,results_v3_lr0p001,results_v3_lr0p001,small_cnn,sgd,10,128,20000,0.001,0.9,0.0005,cuda,False,False,3,55,369,0.9955494999885559
label_sorted,2,results_v3_lr0p001,results_v3_lr0p001,small_cnn,sgd,10,128,20000,0.001,0.9,0.0005,cuda,False,False,3,56,370,0.994504988193512
label_sorted,2,results_v3_lr0p001,results_v3_lr0p001,small_cnn,sgd,10,128,20000,0.001,0.9,0.0005,cuda,False,False,3,57,371,0.99579256772995
label_sorted,2,results_v3_lr0p001,results_v3_lr0p001,small_cnn,sgd,10,128,20000,0.001,0.9,0.0005,cuda,False,False,3,58,372,0.9949312210083008
label_sorted,2,results_v3_lr0p001,results_v3_lr0p001,small_cnn,sgd,10,128,20000,0.001,0.9,0.0005,cuda,False,False,3,59,373,0.9902300238609314
label_sorted,2,results_v3_lr0p001,results_v3_lr0p001,small_cnn,sgd,10,128,20000,0.001,0.9,0.0005,cuda,False,False,3,60,374,0.9953374266624451
label_sorted,2,results_v3_lr0p001,results_v3_lr0p001,small_cnn,sgd,10,128,20000,0.001,0.9,0.0005,cuda,False,False,3,61,375,0.9962625503540039
label_sorted,2,results_v3_lr0p001,results_v3_lr0p001,small_cnn,sgd,10,128,20000,0.001,0.9,0.0005,cuda,False,False,3,62,376,0.9958902597427368
label_sorted,2,results_v3_lr0p001,results_v3_lr0p001,small_cnn,sgd,10,128,20000,0.001,0.9,0.0005,cuda,False,False,3,63,377,0.5248889923095703
label_sorted,2,results_v3_lr0p001,results_v3_lr0p001,small_cnn,sgd,10,128,20000,0.001,0.9,0.0005,cuda,False,False,3,64,378,0.6218662858009338
label_sorted,2,results_v3_lr0p001,results_v3_lr0p001,small_cnn,sgd,10,128,20000,0.001,0.9,0.0005,cuda,False,False,3,65,379,0.9984874725341797
label_sorted,2,results_v3_lr0p001,results_v3_lr0p001,small_cnn,sgd,10,128,20000,0.001,0.9,0.0005,cuda,False,False,3,66,380,0.9988594651222229
label_sorted,2,results_v3_lr0p001,results_v3_lr0p001,small_cnn,sgd,10,128,20000,0.001,0.9,0.0005,cuda,False,False,3,67,381,0.9979584813117981
label_sorted,2,results_v3_lr0p001,results_v3_lr0p001,small_cnn,sgd,10,128,20000,0.001,0.9,0.0005,cuda,False,False,3,68,382,0.9983277916908264
label_sorted,2,results_v3_lr0p001,results_v3_lr0p001,small_cnn,sgd,10,128,20000,0.001,0.9,0.0005,cuda,False,False,3,69,383,0.9965636134147644
label_sorted,2,results_v3_lr0p001,results_v3_lr0p001,small_cnn,sgd,10,128,20000,0.001,0.9,0.0005,cuda,False,False,3,70,384,0.9949138164520264
label_sorted,2,results_v3_lr0p001,results_v3_lr0p001,small_cnn,sgd,10,128,20000,0.001,0.9,0.0005,cuda,False,False,3,71,385,0.9926083087921143
label_sorted,2,results_v3_lr0p001,results_v3_lr0p001,small_cnn,sgd,10,128,20000,0.001,0.9,0.0005,cuda,False,False,3,72,386,0.9917709827423096
label_sorted,2,results_v3_lr0p001,results_v3_lr0p001,small_cnn,sgd,10,128,20000,0.001,0.9,0.0005,cuda,False,False,3,73,387,0.9897490739822388
label_sorted,2,results_v3_lr0p001,results_v3_lr0p001,small_cnn,sgd,10,128,20000,0.001,0.9,0.0005,cuda,False,False,3,74,388,0.9885488748550415
label_sorted,2,results_v3_lr0p001,results_v3_lr0p001,small_cnn,sgd,10,128,20000,0.001,0.9,0.0005,cuda,False,False,3,75,389,0.9865190386772156
label_sorted,2,results_v3_lr0p001,results_v3_lr0p001,small_cnn,sgd,10,128,20000,0.001,0.9,0.0005,cuda,False,False,3,76,390,0.9900360107421875
label_sorted,2,results_v3_lr0p001,results_v3_lr0p001,small_cnn,sgd,10,128,20000,0.001,0.9,0.0005,cuda,False,False,3,77,391,0.9881700277328491
label_sorted,2,results_v3_lr0p001,results_v3_lr0p001,small_cnn,sgd,10,128,20000,0.001,0.9,0.0005,cuda,False,False,3,78,392,0.9943199157714844
label_sorted,2,results_v3_lr0p001,results_v3_lr0p001,small_cnn,sgd,10,128,20000,0.001,0.9,0.0005,cuda,False,False,3,79,393,-0.29935896396636963
label_sorted,2,results_v3_lr0p001,results_v3_lr0p001,small_cnn,sgd,10,128,20000,0.001,0.9,0.0005,cuda,False,False,3,80,394,0.9920213222503662
label_sorted,2,results_v3_lr0p001,results_v3_lr0p001,small_cnn,sgd,10,128,20000,0.001,0.9,0.0005,cuda,False,False,3,81,395,0.9980012774467468
label_sorted,2,results_v3_lr0p001,results_v3_lr0p001,small_cnn,sgd,10,128,20000,0.001,0.9,0.0005,cuda,False,False,3,82,396,0.9974573850631714
label_sorted,2,results_v3_lr0p001,results_v3_lr0p001,small_cnn,sgd,10,128,20000,0.001,0.9,0.0005,cuda,False,False,3,83,397,0.997742235660553
label_sorted,2,results_v3_lr0p001,results_v3_lr0p001,small_cnn,sgd,10,128,20000,0.001,0.9,0.0005,cuda,False,False,3,84,398,0.9959040880203247
label_sorted,2,results_v3_lr0p001,results_v3_lr0p001,small_cnn,sgd,10,128,20000,0.001,0.9,0.0005,cuda,False,False,3,85,399,0.9931399822235107
label_sorted,2,results_v3_lr0p001,results_v3_lr0p001,small_cnn,sgd,10,128,20000,0.001,0.9,0.0005,cuda,False,False,3,86,400,0.9918606877326965
label_sorted,2,results_v3_lr0p001,results_v3_lr0p001,small_cnn,sgd,10,128,20000,0.001,0.9,0.0005,cuda,False,False,3,87,401,0.9903910756111145
label_sorted,2,results_v3_lr0p001,results_v3_lr0p001,small_cnn,sgd,10,128,20000,0.001,0.9,0.0005,cuda,False,False,3,88,402,0.9842724204063416
label_sorted,2,results_v3_lr0p001,results_v3_lr0p001,small_cnn,sgd,10,128,20000,0.001,0.9,0.0005,cuda,False,False,3,89,403,0.957913339138031
label_sorted,2,results_v3_lr0p001,results_v3_lr0p001,small_cnn,sgd,10,128,20000,0.001,0.9,0.0005,cuda,False,False,3,90,404,0.9719805717468262
label_sorted,2,results_v3_lr0p001,results_v3_lr0p001,small_cnn,sgd,10,128,20000,0.001,0.9,0.0005,cuda,False,False,3,91,405,0.9880138039588928
label_sorted,2,results_v3_lr0p001,results_v3_lr0p001,small_cnn,sgd,10,128,20000,0.001,0.9,0.0005,cuda,False,False,3,92,406,0.9908468723297119
label_sorted,2,results_v3_lr0p001,results_v3_lr0p001,small_cnn,sgd,10,128,20000,0.001,0.9,0.0005,cuda,False,False,3,93,407,0.9901797771453857
label_sorted,2,results_v3_lr0p001,results_v3_lr0p001,small_cnn,sgd,10,128,20000,0.001,0.9,0.0005,cuda,False,False,3,94,408,0.8257216215133667
label_sorted,2,results_v3_lr0p001,results_v3_lr0p001,small_cnn,sgd,10,128,20000,0.001,0.9,0.0005,cuda,False,False,3,95,409,0.3856202960014343
label_sorted,2,results_v3_lr0p001,results_v3_lr0p001,small_cnn,sgd,10,128,20000,0.001,0.9,0.0005,cuda,False,False,3,96,410,0.9967105388641357
label_sorted,2,results_v3_lr0p001,results_v3_lr0p001,small_cnn,sgd,10,128,20000,0.001,0.9,0.0005,cuda,False,False,3,97,411,0.9951337575912476
label_sorted,2,results_v3_lr0p001,results_v3_lr0p001,small_cnn,sgd,10,128,20000,0.001,0.9,0.0005,cuda,False,False,3,98,412,0.9968304634094238
label_sorted,2,results_v3_lr0p001,results_v3_lr0p001,small_cnn,sgd,10,128,20000,0.001,0.9,0.0005,cuda,False,False,3,99,413,0.9963551163673401
label_sorted,2,results_v3_lr0p001,results_v3_lr0p001,small_cnn,sgd,10,128,20000,0.001,0.9,0.0005,cuda,False,False,3,100,414,0.9938376545906067
label_sorted,2,results_v3_lr0p001,results_v3_lr0p001,small_cnn,sgd,10,128,20000,0.001,0.9,0.0005,cuda,False,False,3,101,415,0.9912161231040955
label_sorted,2,results_v3_lr0p001,results_v3_lr0p001,small_cnn,sgd,10,128,20000,0.001,0.9,0.0005,cuda,False,False,3,102,416,0.9924172759056091
label_sorted,2,results_v3_lr0p001,results_v3_lr0p001,small_cnn,sgd,10,128,20000,0.001,0.9,0.0005,cuda,False,False,3,103,417,0.9919412732124329
label_sorted,2,results_v3_lr0p001,results_v3_lr0p001,small_cnn,sgd,10,128,20000,0.001,0.9,0.0005,cuda,False,False,3,104,418,0.9911361336708069
label_sorted,2,results_v3_lr0p001,results_v3_lr0p001,small_cnn,sgd,10,128,20000,0.001,0.9,0.0005,cuda,False,False,3,105,419,0.9928128123283386
label_sorted,2,results_v3_lr0p001,results_v3_lr0p001,small_cnn,sgd,10,128,20000,0.001,0.9,0.0005,cuda,False,False,3,106,420,0.9929400682449341
label_sorted,2,results_v3_lr0p001,results_v3_lr0p001,small_cnn,sgd,10,128,20000,0.001,0.9,0.0005,cuda,False,False,3,107,421,0.9936062693595886
label_sorted,2,results_v3_lr0p001,results_v3_lr0p001,small_cnn,sgd,10,128,20000,0.001,0.9,0.0005,cuda,False,False,3,108,422,0.9943039417266846
label_sorted,2,results_v3_lr0p001,results_v3_lr0p001,small_cnn,sgd,10,128,20000,0.001,0.9,0.0005,cuda,False,False,3,109,423,0.9940521121025085
label_sorted,2,results_v3_lr0p001,results_v3_lr0p001,small_cnn,sgd,10,128,20000,0.001,0.9,0.0005,cuda,False,False,3,110,424,0.5077873468399048
label_sorted,2,results_v3_lr0p001,results_v3_lr0p001,small_cnn,sgd,10,128,20000,0.001,0.9,0.0005,cuda,False,False,3,111,425,0.8069556951522827
label_sorted,2,results_v3_lr0p001,results_v3_lr0p001,small_cnn,sgd,10,128,20000,0.001,0.9,0.0005,cuda,False,False,3,112,426,0.9949714541435242
label_sorted,2,results_v3_lr0p001,results_v3_lr0p001,small_cnn,sgd,10,128,20000,0.001,0.9,0.0005,cuda,False,False,3,113,427,0.996820867061615
label_sorted,2,results_v3_lr0p001,results_v3_lr0p001,small_cnn,sgd,10,128,20000,0.001,0.9,0.0005,cuda,False,False,3,114,428,0.9952698349952698
label_sorted,2,results_v3_lr0p001,results_v3_lr0p001,small_cnn,sgd,10,128,20000,0.001,0.9,0.0005,cuda,False,False,3,115,429,0.9953417181968689
label_sorted,2,results_v3_lr0p001,results_v3_lr0p001,small_cnn,sgd,10,128,20000,0.001,0.9,0.0005,cuda,False,False,3,116,430,0.9958271980285645
label_sorted,2,results_v3_lr0p001,results_v3_lr0p001,small_cnn,sgd,10,128,20000,0.001,0.9,0.0005,cuda,False,False,3,117,431,0.9932413697242737
label_sorted,2,results_v3_lr0p001,results_v3_lr0p001,small_cnn,sgd,10,128,20000,0.001,0.9,0.0005,cuda,False,False,3,118,432,0.9967121481895447
label_sorted,2,results_v3_lr0p001,results_v3_lr0p001,small_cnn,sgd,10,128,20000,0.001,0.9,0.0005,cuda,False,False,3,119,433,0.9977166056632996
label_sorted,2,results_v3_lr0p001,results_v3_lr0p001,small_cnn,sgd,10,128,20000,0.001,0.9,0.0005,cuda,False,False,3,120,434,0.9953508377075195
label_sorted,2,results_v3_lr0p001,results_v3_lr0p001,small_cnn,sgd,10,128,20000,0.001,0.9,0.0005,cuda,False,False,3,121,435,0.9958536028862
label_sorted,2,results_v3_lr0p001,results_v3_lr0p001,small_cnn,sgd,10,128,20000,0.001,0.9,0.0005,cuda,False,False,3,122,436,0.9934454560279846
label_sorted,2,results_v3_lr0p001,results_v3_lr0p001,small_cnn,sgd,10,128,20000,0.001,0.9,0.0005,cuda,False,False,3,123,437,0.996581494808197
label_sorted,2,results_v3_lr0p001,results_v3_lr0p001,small_cnn,sgd,10,128,20000,0.001,0.9,0.0005,cuda,False,False,3,124,438,0.9967473149299622
label_sorted,2,results_v3_lr0p001,results_v3_lr0p001,small_cnn,sgd,10,128,20000,0.001,0.9,0.0005,cuda,False,False,3,125,439,0.9963101744651794
label_sorted,2,results_v3_lr0p001,results_v3_lr0p001,small_cnn,sgd,10,128,20000,0.001,0.9,0.0005,cuda,False,False,3,126,440,-0.06094246357679367
label_sorted,2,results_v3_lr0p001,results_v3_lr0p001,small_cnn,sgd,10,128,20000,0.001,0.9,0.0005,cuda,False,False,3,127,441,0.9957221746444702
label_sorted,2,results_v3_lr0p001,results_v3_lr0p001,small_cnn,sgd,10,128,20000,0.001,0.9,0.0005,cuda,False,False,3,128,442,0.9956430196762085
label_sorted,2,results_v3_lr0p001,results_v3_lr0p001,small_cnn,sgd,10,128,20000,0.001,0.9,0.0005,cuda,False,False,3,129,443,0.993252158164978
label_sorted,2,results_v3_lr0p001,results_v3_lr0p001,small_cnn,sgd,10,128,20000,0.001,0.9,0.0005,cuda,False,False,3,130,444,0.9956545829772949
label_sorted,2,results_v3_lr0p001,results_v3_lr0p001,small_cnn,sgd,10,128,20000,0.001,0.9,0.0005,cuda,False,False,3,131,445,0.9932969212532043
label_sorted,2,results_v3_lr0p001,results_v3_lr0p001,small_cnn,sgd,10,128,20000,0.001,0.9,0.0005,cuda,False,False,3,132,446,0.9957975149154663
label_sorted,2,results_v3_lr0p001,results_v3_lr0p001,small_cnn,sgd,10,128,20000,0.001,0.9,0.0005,cuda,False,False,3,133,447,0.994784951210022
label_sorted,2,results_v3_lr0p001,results_v3_lr0p001,small_cnn,sgd,10,128,20000,0.001,0.9,0.0005,cuda,False,False,3,134,448,0.994056761264801
label_sorted,2,results_v3_lr0p001,results_v3_lr0p001,small_cnn,sgd,10,128,20000,0.001,0.9,0.0005,cuda,False,False,3,135,449,0.9929032921791077
label_sorted,2,results_v3_lr0p001,results_v3_lr0p001,small_cnn,sgd,10,128,20000,0.001,0.9,0.0005,cuda,False,False,3,136,450,0.9943157434463501
label_sorted,2,results_v3_lr0p001,results_v3_lr0p001,small_cnn,sgd,10,128,20000,0.001,0.9,0.0005,cuda,False,False,3,137,451,0.994073748588562
label_sorted,2,results_v3_lr0p001,results_v3_lr0p001,small_cnn,sgd,10,128,20000,0.001,0.9,0.0005,cuda,False,False,3,138,452,0.9956619143486023
label_sorted,2,results_v3_lr0p001,results_v3_lr0p001,small_cnn,sgd,10,128,20000,0.001,0.9,0.0005,cuda,False,False,3,139,453,0.99568110704422
label_sorted,2,results_v3_lr0p001,results_v3_lr0p001,small_cnn,sgd,10,128,20000,0.001,0.9,0.0005,cuda,False,False,3,140,454,0.9956015348434448
label_sorted,2,results_v3_lr0p001,results_v3_lr0p001,small_cnn,sgd,10,128,20000,0.001,0.9,0.0005,cuda,False,False,3,141,455,0.7802130579948425
label_sorted,2,results_v3_lr0p001,results_v3_lr0p001,small_cnn,sgd,10,128,20000,0.001,0.9,0.0005,cuda,False,False,3,142,456,0.6387549042701721
label_sorted,2,results_v3_lr0p001,results_v3_lr0p001,small_cnn,sgd,10,128,20000,0.001,0.9,0.0005,cuda,False,False,3,143,457,0.9968117475509644
label_sorted,2,results_v3_lr0p001,results_v3_lr0p001,small_cnn,sgd,10,128,20000,0.001,0.9,0.0005,cuda,False,False,3,144,458,0.9968122839927673
label_sorted,2,results_v3_lr0p001,results_v3_lr0p001,small_cnn,sgd,10,128,20000,0.001,0.9,0.0005,cuda,False,False,3,145,459,0.9967374801635742
label_sorted,2,results_v3_lr0p001,results_v3_lr0p001,small_cnn,sgd,10,128,20000,0.001,0.9,0.0005,cuda,False,False,3,146,460,0.9969354867935181
label_sorted,2,results_v3_lr0p001,results_v3_lr0p001,small_cnn,sgd,10,128,20000,0.001,0.9,0.0005,cuda,False,False,3,147,461,0.9956629872322083
label_sorted,2,results_v3_lr0p001,results_v3_lr0p001,small_cnn,sgd,10,128,20000,0.001,0.9,0.0005,cuda,False,False,3,148,462,0.9952205419540405
label_sorted,2,results_v3_lr0p001,results_v3_lr0p001,small_cnn,sgd,10,128,20000,0.001,0.9,0.0005,cuda,False,False,3,149,463,0.9958558082580566
label_sorted,2,results_v3_lr0p001,results_v3_lr0p001,small_cnn,sgd,10,128,20000,0.001,0.9,0.0005,cuda,False,False,3,150,464,0.9968839883804321
label_sorted,2,results_v3_lr0p001,results_v3_lr0p001,small_cnn,sgd,10,128,20000,0.001,0.9,0.0005,cuda,False,False,3,151,465,0.9966061115264893
label_sorted,2,results_v3_lr0p001,results_v3_lr0p001,small_cnn,sgd,10,128,20000,0.001,0.9,0.0005,cuda,False,False,3,152,466,0.9961580038070679
label_sorted,2,results_v3_lr0p001,results_v3_lr0p001,small_cnn,sgd,10,128,20000,0.001,0.9,0.0005,cuda,False,False,3,153,467,0.996046781539917
label_sorted,2,results_v3_lr0p001,results_v3_lr0p001,small_cnn,sgd,10,128,20000,0.001,0.9,0.0005,cuda,False,False,3,154,468,0.9973922967910767
label_sorted,2,results_v3_lr0p001,results_v3_lr0p001,small_cnn,sgd,10,128,20000,0.001,0.9,0.0005,cuda,False,False,3,155,469,0.9958925247192383
label_sorted,2,results_v3_lr0p001,results_v3_lr0p001,small_cnn,sgd,10,128,20000,0.001,0.9,0.0005,cuda,False,False,3,156,470,0.9915565252304077
label_sorted,2,results_v3_lr0p001,results_v3_lr0p001,small_cnn,sgd,10,128,20000,0.001,0.9,0.0005,cuda,False,False,3,157,471,0.9943208694458008
label_sorted,2,results_v3_lr0p001,results_v3_lr0p001,small_cnn,sgd,10,128,20000,0.001,0.9,0.0005,cuda,False,False,4,1,472,-0.3175550699234009
label_sorted,2,results_v3_lr0p001,results_v3_lr0p001,small_cnn,sgd,10,128,20000,0.001,0.9,0.0005,cuda,False,False,4,2,473,0.9961556196212769
label_sorted,2,results_v3_lr0p001,results_v3_lr0p001,small_cnn,sgd,10,128,20000,0.001,0.9,0.0005,cuda,False,False,4,3,474,0.995807945728302
label_sorted,2,results_v3_lr0p001,results_v3_lr0p001,small_cnn,sgd,10,128,20000,0.001,0.9,0.0005,cuda,False,False,4,4,475,0.9974431991577148
label_sorted,2,results_v3_lr0p001,results_v3_lr0p001,small_cnn,sgd,10,128,20000,0.001,0.9,0.0005,cuda,False,False,4,5,476,0.9958329200744629
label_sorted,2,results_v3_lr0p001,results_v3_lr0p001,small_cnn,sgd,10,128,20000,0.001,0.9,0.0005,cuda,False,False,4,6,477,0.9947288036346436
label_sorted,2,results_v3_lr0p001,results_v3_lr0p001,small_cnn,sgd,10,128,20000,0.001,0.9,0.0005,cuda,False,False,4,7,478,0.99701327085495
label_sorted,2,results_v3_lr0p001,results_v3_lr0p001,small_cnn,sgd,10,128,20000,0.001,0.9,0.0005,cuda,False,False,4,8,479,0.9953143000602722
label_sorted,2,results_v3_lr0p001,results_v3_lr0p001,small_cnn,sgd,10,128,20000,0.001,0.9,0.0005,cuda,False,False,4,9,480,0.9960910081863403
label_sorted,2,results_v3_lr0p001,results_v3_lr0p001,small_cnn,sgd,10,128,20000,0.001,0.9,0.0005,cuda,False,False,4,10,481,0.9926090240478516
label_sorted,2,results_v3_lr0p001,results_v3_lr0p001,small_cnn,sgd,10,128,20000,0.001,0.9,0.0005,cuda,False,False,4,11,482,0.9952112436294556
label_sorted,2,results_v3_lr0p001,results_v3_lr0p001,small_cnn,sgd,10,128,20000,0.001,0.9,0.0005,cuda,False,False,4,12,483,0.9938235282897949
label_sorted,2,results_v3_lr0p001,results_v3_lr0p001,small_cnn,sgd,10,128,20000,0.001,0.9,0.0005,cuda,False,False,4,13,484,0.9910389184951782
label_sorted,2,results_v3_lr0p001,results_v3_lr0p001,small_cnn,sgd,10,128,20000,0.001,0.9,0.0005,cuda,False,False,4,14,485,0.986842155456543
label_sorted,2,results_v3_lr0p001,results_v3_lr0p001,small_cnn,sgd,10,128,20000,0.001,0.9,0.0005,cuda,False,False,4,15,486,0.9876509308815002
label_sorted,2,results_v3_lr0p001,results_v3_lr0p001,small_cnn,sgd,10,128,20000,0.001,0.9,0.0005,cuda,False,False,4,16,487,0.7499133348464966
label_sorted,2,results_v3_lr0p001,results_v3_lr0p001,small_cnn,sgd,10,128,20000,0.001,0.9,0.0005,cuda,False,False,4,17,488,0.6281505823135376
label_sorted,2,results_v3_lr0p001,results_v3_lr0p001,small_cnn,sgd,10,128,20000,0.001,0.9,0.0005,cuda,False,False,4,18,489,0.9970524907112122
label_sorted,2,results_v3_lr0p001,results_v3_lr0p001,small_cnn,sgd,10,128,20000,0.001,0.9,0.0005,cuda,False,False,4,19,490,0.9969989657402039
label_sorted,2,results_v3_lr0p001,results_v3_lr0p001,small_cnn,sgd,10,128,20000,0.001,0.9,0.0005,cuda,False,False,4,20,491,0.9962916374206543
label_sorted,2,results_v3_lr0p001,results_v3_lr0p001,small_cnn,sgd,10,128,20000,0.001,0.9,0.0005,cuda,False,False,4,21,492,0.9926644563674927
label_sorted,2,results_v3_lr0p001,results_v3_lr0p001,small_cnn,sgd,10,128,20000,0.001,0.9,0.0005,cuda,False,False,4,22,493,0.9933521151542664
label_sorted,2,results_v3_lr0p001,results_v3_lr0p001,small_cnn,sgd,10,128,20000,0.001,0.9,0.0005,cuda,False,False,4,23,494,0.9934282302856445
label_sorted,2,results_v3_lr0p001,results_v3_lr0p001,small_cnn,sgd,10,128,20000,0.001,0.9,0.0005,cuda,False,False,4,24,495,0.9875140190124512
label_sorted,2,results_v3_lr0p001,results_v3_lr0p001,small_cnn,sgd,10,128,20000,0.001,0.9,0.0005,cuda,False,False,4,25,496,0.9935224056243896
label_sorted,2,results_v3_lr0p001,results_v3_lr0p001,small_cnn,sgd,10,128,20000,0.001,0.9,0.0005,cuda,False,False,4,26,497,0.9951120615005493
label_sorted,2,results_v3_lr0p001,results_v3_lr0p001,small_cnn,sgd,10,128,20000,0.001,0.9,0.0005,cuda,False,False,4,27,498,0.9960927963256836
label_sorted,2,results_v3_lr0p001,results_v3_lr0p001,small_cnn,sgd,10,128,20000,0.001,0.9,0.0005,cuda,False,False,4,28,499,0.9950348138809204
label_sorted,2,results_v3_lr0p001,results_v3_lr0p001,small_cnn,sgd,10,128,20000,0.001,0.9,0.0005,cuda,False,False,4,29,500,0.9958918690681458
label_sorted,2,results_v3_lr0p001,results_v3_lr0p001,small_cnn,sgd,10,128,20000,0.001,0.9,0.0005,cuda,False,False,4,30,501,0.9967781901359558
label_sorted,2,results_v3_lr0p001,results_v3_lr0p001,small_cnn,sgd,10,128,20000,0.001,0.9,0.0005,cuda,False,False,4,31,502,0.9963381886482239
label_sorted,2,results_v3_lr0p001,results_v3_lr0p001,small_cnn,sgd,10,128,20000,0.001,0.9,0.0005,cuda,False,False,4,32,503,0.4960014820098877
label_sorted,2,results_v3_lr0p001,results_v3_lr0p001,small_cnn,sgd,10,128,20000,0.001,0.9,0.0005,cuda,False,False,4,33,504,0.9343839883804321
label_sorted,2,results_v3_lr0p001,results_v3_lr0p001,small_cnn,sgd,10,128,20000,0.001,0.9,0.0005,cuda,False,False,4,34,505,0.9962427616119385
label_sorted,2,results_v3_lr0p001,results_v3_lr0p001,small_cnn,sgd,10,128,20000,0.001,0.9,0.0005,cuda,False,False,4,35,506,0.9951827526092529
label_sorted,2,results_v3_lr0p001,results_v3_lr0p001,small_cnn,sgd,10,128,20000,0.001,0.9,0.0005,cuda,False,False,4,36,507,0.9964876174926758
label_sorted,2,results_v3_lr0p001,results_v3_lr0p001,small_cnn,sgd,10,128,20000,0.001,0.9,0.0005,cuda,False,False,4,37,508,0.9958093166351318
label_sorted,2,results_v3_lr0p001,results_v3_lr0p001,small_cnn,sgd,10,128,20000,0.001,0.9,0.0005,cuda,False,False,4,38,509,0.9946960210800171
label_sorted,2,results_v3_lr0p001,results_v3_lr0p001,small_cnn,sgd,10,128,20000,0.001,0.9,0.0005,cuda,False,False,4,39,510,0.9947681427001953
label_sorted,2,results_v3_lr0p001,results_v3_lr0p001,small_cnn,sgd,10,128,20000,0.001,0.9,0.0005,cuda,False,False,4,40,511,0.9953255653381348
label_sorted,2,results_v3_lr0p001,results_v3_lr0p001,small_cnn,sgd,10,128,20000,0.001,0.9,0.0005,cuda,False,False,4,41,512,0.9949599504470825
label_sorted,2,results_v3_lr0p001,results_v3_lr0p001,small_cnn,sgd,10,128,20000,0.001,0.9,0.0005,cuda,False,False,4,42,513,0.9954430460929871
label_sorted,2,results_v3_lr0p001,results_v3_lr0p001,small_cnn,sgd,10,128,20000,0.001,0.9,0.0005,cuda,False,False,4,43,514,0.9965304732322693
label_sorted,2,results_v3_lr0p001,results_v3_lr0p001,small_cnn,sgd,10,128,20000,0.001,0.9,0.0005,cuda,False,False,4,44,515,0.9977747797966003
label_sorted,2,results_v3_lr0p001,results_v3_lr0p001,small_cnn,sgd,10,128,20000,0.001,0.9,0.0005,cuda,False,False,4,45,516,0.9969698190689087
label_sorted,2,results_v3_lr0p001,results_v3_lr0p001,small_cnn,sgd,10,128,20000,0.001,0.9,0.0005,cuda,False,False,4,46,517,0.9978320002555847
label_sorted,2,results_v3_lr0p001,results_v3_lr0p001,small_cnn,sgd,10,128,20000,0.001,0.9,0.0005,cuda,False,False,4,47,518,0.9667667746543884
label_sorted,2,results_v3_lr0p001,results_v3_lr0p001,small_cnn,sgd,10,128,20000,0.001,0.9,0.0005,cuda,False,False,4,48,519,-0.2884564995765686
label_sorted,2,results_v3_lr0p001,results_v3_lr0p001,small_cnn,sgd,10,128,20000,0.001,0.9,0.0005,cuda,False,False,4,49,520,0.9977191686630249
label_sorted,2,results_v3_lr0p001,results_v3_lr0p001,small_cnn,sgd,10,128,20000,0.001,0.9,0.0005,cuda,False,False,4,50,521,0.9989036917686462
label_sorted,2,results_v3_lr0p001,results_v3_lr0p001,small_cnn,sgd,10,128,20000,0.001,0.9,0.0005,cuda,False,False,4,51,522,0.9979090690612793
label_sorted,2,results_v3_lr0p001,results_v3_lr0p001,small_cnn,sgd,10,128,20000,0.001,0.9,0.0005,cuda,False,False,4,52,523,0.9954530596733093
label_sorted,2,results_v3_lr0p001,results_v3_lr0p001,small_cnn,sgd,10,128,20000,0.001,0.9,0.0005,cuda,False,False,4,53,524,0.9916554689407349
label_sorted,2,results_v3_lr0p001,results_v3_lr0p001,small_cnn,sgd,10,128,20000,0.001,0.9,0.0005,cuda,False,False,4,54,525,0.990491509437561
label_sorted,2,results_v3_lr0p001,results_v3_lr0p001,small_cnn,sgd,10,128,20000,0.001,0.9,0.0005,cuda,False,False,4,55,526,0.9849701523780823
label_sorted,2,results_v3_lr0p001,results_v3_lr0p001,small_cnn,sgd,10,128,20000,0.001,0.9,0.0005,cuda,False,False,4,56,527,0.9783169627189636
label_sorted,2,results_v3_lr0p001,results_v3_lr0p001,small_cnn,sgd,10,128,20000,0.001,0.9,0.0005,cuda,False,False,4,57,528,0.9791193008422852
label_sorted,2,results_v3_lr0p001,results_v3_lr0p001,small_cnn,sgd,10,128,20000,0.001,0.9,0.0005,cuda,False,False,4,58,529,0.9809041619300842
label_sorted,2,results_v3_lr0p001,results_v3_lr0p001,small_cnn,sgd,10,128,20000,0.001,0.9,0.0005,cuda,False,False,4,59,530,0.9843142032623291
label_sorted,2,results_v3_lr0p001,results_v3_lr0p001,small_cnn,sgd,10,128,20000,0.001,0.9,0.0005,cuda,False,False,4,60,531,0.9932877421379089
label_sorted,2,results_v3_lr0p001,results_v3_lr0p001,small_cnn,sgd,10,128,20000,0.001,0.9,0.0005,cuda,False,False,4,61,532,0.9955019354820251
label_sorted,2,results_v3_lr0p001,results_v3_lr0p001,small_cnn,sgd,10,128,20000,0.001,0.9,0.0005,cuda,False,False,4,62,533,0.9963473677635193
label_sorted,2,results_v3_lr0p001,results_v3_lr0p001,small_cnn,sgd,10,128,20000,0.001,0.9,0.0005,cuda,False,False,4,63,534,-0.46377989649772644
label_sorted,2,results_v3_lr0p001,results_v3_lr0p001,small_cnn,sgd,10,128,20000,0.001,0.9,0.0005,cuda,False,False,4,64,535,0.9420091509819031
label_sorted,2,results_v3_lr0p001,results_v3_lr0p001,small_cnn,sgd,10,128,20000,0.001,0.9,0.0005,cuda,False,False,4,65,536,0.998954176902771
label_sorted,2,results_v3_lr0p001,results_v3_lr0p001,small_cnn,sgd,10,128,20000,0.001,0.9,0.0005,cuda,False,False,4,66,537,0.9989040493965149
label_sorted,2,results_v3_lr0p001,results_v3_lr0p001,small_cnn,sgd,10,128,20000,0.001,0.9,0.0005,cuda,False,False,4,67,538,0.9977404475212097
label_sorted,2,results_v3_lr0p001,results_v3_lr0p001,small_cnn,sgd,10,128,20000,0.001,0.9,0.0005,cuda,False,False,4,68,539,0.9967422485351562
label_sorted,2,results_v3_lr0p001,results_v3_lr0p001,small_cnn,sgd,10,128,20000,0.001,0.9,0.0005,cuda,False,False,4,69,540,0.9869384765625
label_sorted,2,results_v3_lr0p001,results_v3_lr0p001,small_cnn,sgd,10,128,20000,0.001,0.9,0.0005,cuda,False,False,4,70,541,0.9810065627098083
label_sorted,2,results_v3_lr0p001,results_v3_lr0p001,small_cnn,sgd,10,128,20000,0.001,0.9,0.0005,cuda,False,False,4,71,542,0.9483352303504944
label_sorted,2,results_v3_lr0p001,results_v3_lr0p001,small_cnn,sgd,10,128,20000,0.001,0.9,0.0005,cuda,False,False,4,72,543,0.9486981630325317
label_sorted,2,results_v3_lr0p001,results_v3_lr0p001,small_cnn,sgd,10,128,20000,0.001,0.9,0.0005,cuda,False,False,4,73,544,0.9634886980056763
label_sorted,2,results_v3_lr0p001,results_v3_lr0p001,small_cnn,sgd,10,128,20000,0.001,0.9,0.0005,cuda,False,False,4,74,545,0.9797423481941223
label_sorted,2,results_v3_lr0p001,results_v3_lr0p001,small_cnn,sgd,10,128,20000,0.001,0.9,0.0005,cuda,False,False,4,75,546,0.9862016439437866
label_sorted,2,results_v3_lr0p001,results_v3_lr0p001,small_cnn,sgd,10,128,20000,0.001,0.9,0.0005,cuda,False,False,4,76,547,0.9948979616165161
label_sorted,2,results_v3_lr0p001,results_v3_lr0p001,small_cnn,sgd,10,128,20000,0.001,0.9,0.0005,cuda,False,False,4,77,548,0.9964926242828369
label_sorted,2,results_v3_lr0p001,results_v3_lr0p001,small_cnn,sgd,10,128,20000,0.001,0.9,0.0005,cuda,False,False,4,78,549,0.997278094291687
label_sorted,2,results_v3_lr0p001,results_v3_lr0p001,small_cnn,sgd,10,128,20000,0.001,0.9,0.0005,cuda,False,False,4,79,550,-0.22438675165176392
label_sorted,2,results_v3_lr0p001,results_v3_lr0p001,small_cnn,sgd,10,128,20000,0.001,0.9,0.0005,cuda,False,False,4,80,551,0.9834400415420532
label_sorted,2,results_v3_lr0p001,results_v3_lr0p001,small_cnn,sgd,10,128,20000,0.001,0.9,0.0005,cuda,False,False,4,81,552,0.9943373203277588
label_sorted,2,results_v3_lr0p001,results_v3_lr0p001,small_cnn,sgd,10,128,20000,0.001,0.9,0.0005,cuda,False,False,4,82,553,0.9895200729370117
label_sorted,2,results_v3_lr0p001,results_v3_lr0p001,small_cnn,sgd,10,128,20000,0.001,0.9,0.0005,cuda,False,False,4,83,554,0.9855929613113403
label_sorted,2,results_v3_lr0p001,results_v3_lr0p001,small_cnn,sgd,10,128,20000,0.001,0.9,0.0005,cuda,False,False,4,84,555,0.9840713143348694
label_sorted,2,results_v3_lr0p001,results_v3_lr0p001,small_cnn,sgd,10,128,20000,0.001,0.9,0.0005,cuda,False,False,4,85,556,0.9426228404045105
label_sorted,2,results_v3_lr0p001,results_v3_lr0p001,small_cnn,sgd,10,128,20000,0.001,0.9,0.0005,cuda,False,False,4,86,557,0.9820998311042786
label_sorted,2,results_v3_lr0p001,results_v3_lr0p001,small_cnn,sgd,10,128,20000,0.001,0.9,0.0005,cuda,False,False,4,87,558,0.9891235828399658
label_sorted,2,results_v3_lr0p001,results_v3_lr0p001,small_cnn,sgd,10,128,20000,0.001,0.9,0.0005,cuda,False,False,4,88,559,0.986615777015686
label_sorted,2,results_v3_lr0p001,results_v3_lr0p001,small_cnn,sgd,10,128,20000,0.001,0.9,0.0005,cuda,False,False,4,89,560,0.9895066022872925
label_sorted,2,results_v3_lr0p001,results_v3_lr0p001,small_cnn,sgd,10,128,20000,0.001,0.9,0.0005,cuda,False,False,4,90,561,0.9877593517303467
label_sorted,2,results_v3_lr0p001,results_v3_lr0p001,small_cnn,sgd,10,128,20000,0.001,0.9,0.0005,cuda,False,False,4,91,562,0.9942389130592346
label_sorted,2,results_v3_lr0p001,results_v3_lr0p001,small_cnn,sgd,10,128,20000,0.001,0.9,0.0005,cuda,False,False,4,92,563,0.9943830966949463
label_sorted,2,results_v3_lr0p001,results_v3_lr0p001,small_cnn,sgd,10,128,20000,0.001,0.9,0.0005,cuda,False,False,4,93,564,0.9945884943008423
label_sorted,2,results_v3_lr0p001,results_v3_lr0p001,small_cnn,sgd,10,128,20000,0.001,0.9,0.0005,cuda,False,False,4,94,565,0.752956748008728
label_sorted,2,results_v3_lr0p001,results_v3_lr0p001,small_cnn,sgd,10,128,20000,0.001,0.9,0.0005,cuda,False,False,4,95,566,0.5565122365951538
label_sorted,2,results_v3_lr0p001,results_v3_lr0p001,small_cnn,sgd,10,128,20000,0.001,0.9,0.0005,cuda,False,False,4,96,567,0.996888279914856
label_sorted,2,results_v3_lr0p001,results_v3_lr0p001,small_cnn,sgd,10,128,20000,0.001,0.9,0.0005,cuda,False,False,4,97,568,0.9971365928649902
label_sorted,2,results_v3_lr0p001,results_v3_lr0p001,small_cnn,sgd,10,128,20000,0.001,0.9,0.0005,cuda,False,False,4,98,569,0.9947546720504761
label_sorted,2,results_v3_lr0p001,results_v3_lr0p001,small_cnn,sgd,10,128,20000,0.001,0.9,0.0005,cuda,False,False,4,99,570,0.9738801121711731
label_sorted,2,results_v3_lr0p001,results_v3_lr0p001,small_cnn,sgd,10,128,20000,0.001,0.9,0.0005,cuda,False,False,4,100,571,0.9880260229110718
label_sorted,2,results_v3_lr0p001,results_v3_lr0p001,small_cnn,sgd,10,128,20000,0.001,0.9,0.0005,cuda,False,False,4,101,572,0.9858793616294861
label_sorted,2,results_v3_lr0p001,results_v3_lr0p001,small_cnn,sgd,10,128,20000,0.001,0.9,0.0005,cuda,False,False,4,102,573,0.989011287689209
label_sorted,2,results_v3_lr0p001,results_v3_lr0p001,small_cnn,sgd,10,128,20000,0.001,0.9,0.0005,cuda,False,False,4,103,574,0.9909102320671082
label_sorted,2,results_v3_lr0p001,results_v3_lr0p001,small_cnn,sgd,10,128,20000,0.001,0.9,0.0005,cuda,False,False,4,104,575,0.9890994429588318
label_sorted,2,results_v3_lr0p001,results_v3_lr0p001,small_cnn,sgd,10,128,20000,0.001,0.9,0.0005,cuda,False,False,4,105,576,0.9903811812400818
label_sorted,2,results_v3_lr0p001,results_v3_lr0p001,small_cnn,sgd,10,128,20000,0.001,0.9,0.0005,cuda,False,False,4,106,577,0.985619306564331
label_sorted,2,results_v3_lr0p001,results_v3_lr0p001,small_cnn,sgd,10,128,20000,0.001,0.9,0.0005,cuda,False,False,4,107,578,0.9921645522117615
label_sorted,2,results_v3_lr0p001,results_v3_lr0p001,small_cnn,sgd,10,128,20000,0.001,0.9,0.0005,cuda,False,False,4,108,579,0.9960946440696716
label_sorted,2,results_v3_lr0p001,results_v3_lr0p001,small_cnn,sgd,10,128,20000,0.001,0.9,0.0005,cuda,False,False,4,109,580,0.9955596327781677
label_sorted,2,results_v3_lr0p001,results_v3_lr0p001,small_cnn,sgd,10,128,20000,0.001,0.9,0.0005,cuda,False,False,4,110,581,0.508753776550293
label_sorted,2,results_v3_lr0p001,results_v3_lr0p001,small_cnn,sgd,10,128,20000,0.001,0.9,0.0005,cuda,False,False,4,111,582,0.7161867618560791
label_sorted,2,results_v3_lr0p001,results_v3_lr0p001,small_cnn,sgd,10,128,20000,0.001,0.9,0.0005,cuda,False,False,4,112,583,0.9959107637405396
label_sorted,2,results_v3_lr0p001,results_v3_lr0p001,small_cnn,sgd,10,128,20000,0.001,0.9,0.0005,cuda,False,False,4,113,584,0.9983245134353638
label_sorted,2,results_v3_lr0p001,results_v3_lr0p001,small_cnn,sgd,10,128,20000,0.001,0.9,0.0005,cuda,False,False,4,114,585,0.9971311688423157
label_sorted,2,results_v3_lr0p001,results_v3_lr0p001,small_cnn,sgd,10,128,20000,0.001,0.9,0.0005,cuda,False,False,4,115,586,0.9936250448226929
label_sorted,2,results_v3_lr0p001,results_v3_lr0p001,small_cnn,sgd,10,128,20000,0.001,0.9,0.0005,cuda,False,False,4,116,587,0.994499921798706
label_sorted,2,results_v3_lr0p001,results_v3_lr0p001,small_cnn,sgd,10,128,20000,0.001,0.9,0.0005,cuda,False,False,4,117,588,0.9941779375076294
label_sorted,2,results_v3_lr0p001,results_v3_lr0p001,small_cnn,sgd,10,128,20000,0.001,0.9,0.0005,cuda,False,False,4,118,589,0.9939115643501282
label_sorted,2,results_v3_lr0p001,results_v3_lr0p001,small_cnn,sgd,10,128,20000,0.001,0.9,0.0005,cuda,False,False,4,119,590,0.9938338994979858
label_sorted,2,results_v3_lr0p001,results_v3_lr0p001,small_cnn,sgd,10,128,20000,0.001,0.9,0.0005,cuda,False,False,4,120,591,0.9915196895599365
label_sorted,2,results_v3_lr0p001,results_v3_lr0p001,small_cnn,sgd,10,128,20000,0.001,0.9,0.0005,cuda,False,False,4,121,592,0.9953922629356384
label_sorted,2,results_v3_lr0p001,results_v3_lr0p001,small_cnn,sgd,10,128,20000,0.001,0.9,0.0005,cuda,False,False,4,122,593,0.9921441674232483
label_sorted,2,results_v3_lr0p001,results_v3_lr0p001,small_cnn,sgd,10,128,20000,0.001,0.9,0.0005,cuda,False,False,4,123,594,0.9971489906311035
label_sorted,2,results_v3_lr0p001,results_v3_lr0p001,small_cnn,sgd,10,128,20000,0.001,0.9,0.0005,cuda,False,False,4,124,595,0.9961543083190918
label_sorted,2,results_v3_lr0p001,results_v3_lr0p001,small_cnn,sgd,10,128,20000,0.001,0.9,0.0005,cuda,False,False,4,125,596,0.9972747564315796
label_sorted,2,results_v3_lr0p001,results_v3_lr0p001,small_cnn,sgd,10,128,20000,0.001,0.9,0.0005,cuda,False,False,4,126,597,-0.2309802919626236
label_sorted,2,results_v3_lr0p001,results_v3_lr0p001,small_cnn,sgd,10,128,20000,0.001,0.9,0.0005,cuda,False,False,4,127,598,0.9982059001922607
label_sorted,2,results_v3_lr0p001,results_v3_lr0p001,small_cnn,sgd,10,128,20000,0.001,0.9,0.0005,cuda,False,False,4,128,599,0.9975303411483765
label_sorted,2,results_v3_lr0p001,results_v3_lr0p001,small_cnn,sgd,10,128,20000,0.001,0.9,0.0005,cuda,False,False,4,129,600,0.9957588911056519
label_sorted,2,results_v3_lr0p001,results_v3_lr0p001,small_cnn,sgd,10,128,20000,0.001,0.9,0.0005,cuda,False,False,4,130,601,0.9952612519264221
label_sorted,2,results_v3_lr0p001,results_v3_lr0p001,small_cnn,sgd,10,128,20000,0.001,0.9,0.0005,cuda,False,False,4,131,602,0.9937896728515625
label_sorted,2,results_v3_lr0p001,results_v3_lr0p001,small_cnn,sgd,10,128,20000,0.001,0.9,0.0005,cuda,False,False,4,132,603,0.9925038814544678
label_sorted,2,results_v3_lr0p001,results_v3_lr0p001,small_cnn,sgd,10,128,20000,0.001,0.9,0.0005,cuda,False,False,4,133,604,0.9932700991630554
label_sorted,2,results_v3_lr0p001,results_v3_lr0p001,small_cnn,sgd,10,128,20000,0.001,0.9,0.0005,cuda,False,False,4,134,605,0.9910423755645752
label_sorted,2,results_v3_lr0p001,results_v3_lr0p001,small_cnn,sgd,10,128,20000,0.001,0.9,0.0005,cuda,False,False,4,135,606,0.9904176592826843
label_sorted,2,results_v3_lr0p001,results_v3_lr0p001,small_cnn,sgd,10,128,20000,0.001,0.9,0.0005,cuda,False,False,4,136,607,0.9915068745613098
label_sorted,2,results_v3_lr0p001,results_v3_lr0p001,small_cnn,sgd,10,128,20000,0.001,0.9,0.0005,cuda,False,False,4,137,608,0.9916011095046997
label_sorted,2,results_v3_lr0p001,results_v3_lr0p001,small_cnn,sgd,10,128,20000,0.001,0.9,0.0005,cuda,False,False,4,138,609,0.9905127286911011
label_sorted,2,results_v3_lr0p001,results_v3_lr0p001,small_cnn,sgd,10,128,20000,0.001,0.9,0.0005,cuda,False,False,4,139,610,0.9891639947891235
label_sorted,2,results_v3_lr0p001,results_v3_lr0p001,small_cnn,sgd,10,128,20000,0.001,0.9,0.0005,cuda,False,False,4,140,611,0.9939619302749634
label_sorted,2,results_v3_lr0p001,results_v3_lr0p001,small_cnn,sgd,10,128,20000,0.001,0.9,0.0005,cuda,False,False,4,141,612,0.6876583695411682
label_sorted,2,results_v3_lr0p001,results_v3_lr0p001,small_cnn,sgd,10,128,20000,0.001,0.9,0.0005,cuda,False,False,4,142,613,0.46777820587158203
label_sorted,2,results_v3_lr0p001,results_v3_lr0p001,small_cnn,sgd,10,128,20000,0.001,0.9,0.0005,cuda,False,False,4,143,614,0.9976223111152649
label_sorted,2,results_v3_lr0p001,results_v3_lr0p001,small_cnn,sgd,10,128,20000,0.001,0.9,0.0005,cuda,False,False,4,144,615,0.9983606338500977
label_sorted,2,results_v3_lr0p001,results_v3_lr0p001,small_cnn,sgd,10,128,20000,0.001,0.9,0.0005,cuda,False,False,4,145,616,0.9971088767051697
label_sorted,2,results_v3_lr0p001,results_v3_lr0p001,small_cnn,sgd,10,128,20000,0.001,0.9,0.0005,cuda,False,False,4,146,617,0.9976078867912292
label_sorted,2,results_v3_lr0p001,results_v3_lr0p001,small_cnn,sgd,10,128,20000,0.001,0.9,0.0005,cuda,False,False,4,147,618,0.9948176741600037
label_sorted,2,results_v3_lr0p001,results_v3_lr0p001,small_cnn,sgd,10,128,20000,0.001,0.9,0.0005,cuda,False,False,4,148,619,0.994063675403595
label_sorted,2,results_v3_lr0p001,results_v3_lr0p001,small_cnn,sgd,10,128,20000,0.001,0.9,0.0005,cuda,False,False,4,149,620,0.9917082786560059
label_sorted,2,results_v3_lr0p001,results_v3_lr0p001,small_cnn,sgd,10,128,20000,0.001,0.9,0.0005,cuda,False,False,4,150,621,0.9929029941558838
label_sorted,2,results_v3_lr0p001,results_v3_lr0p001,small_cnn,sgd,10,128,20000,0.001,0.9,0.0005,cuda,False,False,4,151,622,0.9939329624176025
label_sorted,2,results_v3_lr0p001,results_v3_lr0p001,small_cnn,sgd,10,128,20000,0.001,0.9,0.0005,cuda,False,False,4,152,623,0.9925940036773682
label_sorted,2,results_v3_lr0p001,results_v3_lr0p001,small_cnn,sgd,10,128,20000,0.001,0.9,0.0005,cuda,False,False,4,153,624,0.9911559224128723
label_sorted,2,results_v3_lr0p001,results_v3_lr0p001,small_cnn,sgd,10,128,20000,0.001,0.9,0.0005,cuda,False,False,4,154,625,0.9883670806884766
label_sorted,2,results_v3_lr0p001,results_v3_lr0p001,small_cnn,sgd,10,128,20000,0.001,0.9,0.0005,cuda,False,False,4,155,626,0.9950058460235596
label_sorted,2,results_v3_lr0p001,results_v3_lr0p001,small_cnn,sgd,10,128,20000,0.001,0.9,0.0005,cuda,False,False,4,156,627,0.991857647895813
label_sorted,2,results_v3_lr0p001,results_v3_lr0p001,small_cnn,sgd,10,128,20000,0.001,0.9,0.0005,cuda,False,False,4,157,628,0.9968617558479309
label_sorted,2,results_v3_lr0p001,results_v3_lr0p001,small_cnn,sgd,10,128,20000,0.001,0.9,0.0005,cuda,False,False,5,1,629,-0.45189785957336426
label_sorted,2,results_v3_lr0p001,results_v3_lr0p001,small_cnn,sgd,10,128,20000,0.001,0.9,0.0005,cuda,False,False,5,2,630,0.9969469308853149
label_sorted,2,results_v3_lr0p001,results_v3_lr0p001,small_cnn,sgd,10,128,20000,0.001,0.9,0.0005,cuda,False,False,5,3,631,0.9956321716308594
label_sorted,2,results_v3_lr0p001,results_v3_lr0p001,small_cnn,sgd,10,128,20000,0.001,0.9,0.0005,cuda,False,False,5,4,632,0.9976466298103333
label_sorted,2,results_v3_lr0p001,results_v3_lr0p001,small_cnn,sgd,10,128,20000,0.001,0.9,0.0005,cuda,False,False,5,5,633,0.9970880746841431
label_sorted,2,results_v3_lr0p001,results_v3_lr0p001,small_cnn,sgd,10,128,20000,0.001,0.9,0.0005,cuda,False,False,5,6,634,0.9969226121902466
label_sorted,2,results_v3_lr0p001,results_v3_lr0p001,small_cnn,sgd,10,128,20000,0.001,0.9,0.0005,cuda,False,False,5,7,635,0.9964497089385986
label_sorted,2,results_v3_lr0p001,results_v3_lr0p001,small_cnn,sgd,10,128,20000,0.001,0.9,0.0005,cuda,False,False,5,8,636,0.9942272901535034
label_sorted,2,results_v3_lr0p001,results_v3_lr0p001,small_cnn,sgd,10,128,20000,0.001,0.9,0.0005,cuda,False,False,5,9,637,0.9934178590774536
label_sorted,2,results_v3_lr0p001,results_v3_lr0p001,small_cnn,sgd,10,128,20000,0.001,0.9,0.0005,cuda,False,False,5,10,638,0.9837679266929626
label_sorted,2,results_v3_lr0p001,results_v3_lr0p001,small_cnn,sgd,10,128,20000,0.001,0.9,0.0005,cuda,False,False,5,11,639,0.9921055436134338
label_sorted,2,results_v3_lr0p001,results_v3_lr0p001,small_cnn,sgd,10,128,20000,0.001,0.9,0.0005,cuda,False,False,5,12,640,0.9812278151512146
label_sorted,2,results_v3_lr0p001,results_v3_lr0p001,small_cnn,sgd,10,128,20000,0.001,0.9,0.0005,cuda,False,False,5,13,641,0.9896698594093323
label_sorted,2,results_v3_lr0p001,results_v3_lr0p001,small_cnn,sgd,10,128,20000,0.001,0.9,0.0005,cuda,False,False,5,14,642,0.982669472694397
label_sorted,2,results_v3_lr0p001,results_v3_lr0p001,small_cnn,sgd,10,128,20000,0.001,0.9,0.0005,cuda,False,False,5,15,643,0.9848430156707764
label_sorted,2,results_v3_lr0p001,results_v3_lr0p001,small_cnn,sgd,10,128,20000,0.001,0.9,0.0005,cuda,False,False,5,16,644,0.713870644569397
label_sorted,2,results_v3_lr0p001,results_v3_lr0p001,small_cnn,sgd,10,128,20000,0.001,0.9,0.0005,cuda,False,False,5,17,645,0.5076806545257568
label_sorted,2,results_v3_lr0p001,results_v3_lr0p001,small_cnn,sgd,10,128,20000,0.001,0.9,0.0005,cuda,False,False,5,18,646,0.9968980550765991
label_sorted,2,results_v3_lr0p001,results_v3_lr0p001,small_cnn,sgd,10,128,20000,0.001,0.9,0.0005,cuda,False,False,5,19,647,0.9957191348075867
label_sorted,2,results_v3_lr0p001,results_v3_lr0p001,small_cnn,sgd,10,128,20000,0.001,0.9,0.0005,cuda,False,False,5,20,648,0.9951835870742798
label_sorted,2,results_v3_lr0p001,results_v3_lr0p001,small_cnn,sgd,10,128,20000,0.001,0.9,0.0005,cuda,False,False,5,21,649,0.9844124913215637
label_sorted,2,results_v3_lr0p001,results_v3_lr0p001,small_cnn,sgd,10,128,20000,0.001,0.9,0.0005,cuda,False,False,5,22,650,0.9683883786201477
label_sorted,2,results_v3_lr0p001,results_v3_lr0p001,small_cnn,sgd,10,128,20000,0.001,0.9,0.0005,cuda,False,False,5,23,651,0.9876313805580139
label_sorted,2,results_v3_lr0p001,results_v3_lr0p001,small_cnn,sgd,10,128,20000,0.001,0.9,0.0005,cuda,False,False,5,24,652,0.9923081994056702
label_sorted,2,results_v3_lr0p001,results_v3_lr0p001,small_cnn,sgd,10,128,20000,0.001,0.9,0.0005,cuda,False,False,5,25,653,0.9913938045501709
label_sorted,2,results_v3_lr0p001,results_v3_lr0p001,small_cnn,sgd,10,128,20000,0.001,0.9,0.0005,cuda,False,False,5,26,654,0.9931795597076416
label_sorted,2,results_v3_lr0p001,results_v3_lr0p001,small_cnn,sgd,10,128,20000,0.001,0.9,0.0005,cuda,False,False,5,27,655,0.9968475699424744
label_sorted,2,results_v3_lr0p001,results_v3_lr0p001,small_cnn,sgd,10,128,20000,0.001,0.9,0.0005,cuda,False,False,5,28,656,0.9946545362472534
label_sorted,2,results_v3_lr0p001,results_v3_lr0p001,small_cnn,sgd,10,128,20000,0.001,0.9,0.0005,cuda,False,False,5,29,657,0.9969291687011719
label_sorted,2,results_v3_lr0p001,results_v3_lr0p001,small_cnn,sgd,10,128,20000,0.001,0.9,0.0005,cuda,False,False,5,30,658,0.9971356391906738
label_sorted,2,results_v3_lr0p001,results_v3_lr0p001,small_cnn,sgd,10,128,20000,0.001,0.9,0.0005,cuda,False,False,5,31,659,0.9974077939987183
label_sorted,2,results_v3_lr0p001,results_v3_lr0p001,small_cnn,sgd,10,128,20000,0.001,0.9,0.0005,cuda,False,False,5,32,660,0.16502103209495544
label_sorted,2,results_v3_lr0p001,results_v3_lr0p001,small_cnn,sgd,10,128,20000,0.001,0.9,0.0005,cuda,False,False,5,33,661,0.9560568332672119
label_sorted,2,results_v3_lr0p001,results_v3_lr0p001,small_cnn,sgd,10,128,20000,0.001,0.9,0.0005,cuda,False,False,5,34,662,0.9965140223503113
label_sorted,2,results_v3_lr0p001,results_v3_lr0p001,small_cnn,sgd,10,128,20000,0.001,0.9,0.0005,cuda,False,False,5,35,663,0.9949374198913574
label_sorted,2,results_v3_lr0p001,results_v3_lr0p001,small_cnn,sgd,10,128,20000,0.001,0.9,0.0005,cuda,False,False,5,36,664,0.9950189590454102
label_sorted,2,results_v3_lr0p001,results_v3_lr0p001,small_cnn,sgd,10,128,20000,0.001,0.9,0.0005,cuda,False,False,5,37,665,0.9920197129249573
label_sorted,2,results_v3_lr0p001,results_v3_lr0p001,small_cnn,sgd,10,128,20000,0.001,0.9,0.0005,cuda,False,False,5,38,666,0.9926968812942505
label_sorted,2,results_v3_lr0p001,results_v3_lr0p001,small_cnn,sgd,10,128,20000,0.001,0.9,0.0005,cuda,False,False,5,39,667,0.9914544820785522
label_sorted,2,results_v3_lr0p001,results_v3_lr0p001,small_cnn,sgd,10,128,20000,0.001,0.9,0.0005,cuda,False,False,5,40,668,0.9849478602409363
label_sorted,2,results_v3_lr0p001,results_v3_lr0p001,small_cnn,sgd,10,128,20000,0.001,0.9,0.0005,cuda,False,False,5,41,669,0.9927088022232056
label_sorted,2,results_v3_lr0p001,results_v3_lr0p001,small_cnn,sgd,10,128,20000,0.001,0.9,0.0005,cuda,False,False,5,42,670,0.9925934076309204
label_sorted,2,results_v3_lr0p001,results_v3_lr0p001,small_cnn,sgd,10,128,20000,0.001,0.9,0.0005,cuda,False,False,5,43,671,0.9949426651000977
label_sorted,2,results_v3_lr0p001,results_v3_lr0p001,small_cnn,sgd,10,128,20000,0.001,0.9,0.0005,cuda,False,False,5,44,672,0.995732307434082
label_sorted,2,results_v3_lr0p001,results_v3_lr0p001,small_cnn,sgd,10,128,20000,0.001,0.9,0.0005,cuda,False,False,5,45,673,0.9957855343818665
label_sorted,2,results_v3_lr0p001,results_v3_lr0p001,small_cnn,sgd,10,128,20000,0.001,0.9,0.0005,cuda,False,False,5,46,674,0.9968363642692566
label_sorted,2,results_v3_lr0p001,results_v3_lr0p001,small_cnn,sgd,10,128,20000,0.001,0.9,0.0005,cuda,False,False,5,47,675,0.9843971133232117
label_sorted,2,results_v3_lr0p001,results_v3_lr0p001,small_cnn,sgd,10,128,20000,0.001,0.9,0.0005,cuda,False,False,5,48,676,0.1711687445640564
label_sorted,2,results_v3_lr0p001,results_v3_lr0p001,small_cnn,sgd,10,128,20000,0.001,0.9,0.0005,cuda,False,False,5,49,677,0.9970086216926575
label_sorted,2,results_v3_lr0p001,results_v3_lr0p001,small_cnn,sgd,10,128,20000,0.001,0.9,0.0005,cuda,False,False,5,50,678,0.9975298643112183
label_sorted,2,results_v3_lr0p001,results_v3_lr0p001,small_cnn,sgd,10,128,20000,0.001,0.9,0.0005,cuda,False,False,5,51,679,0.9979729652404785
label_sorted,2,results_v3_lr0p001,results_v3_lr0p001,small_cnn,sgd,10,128,20000,0.001,0.9,0.0005,cuda,False,False,5,52,680,0.9945580363273621
label_sorted,2,results_v3_lr0p001,results_v3_lr0p001,small_cnn,sgd,10,128,20000,0.001,0.9,0.0005,cuda,False,False,5,53,681,0.9965529441833496
label_sorted,2,results_v3_lr0p001,results_v3_lr0p001,small_cnn,sgd,10,128,20000,0.001,0.9,0.0005,cuda,False,False,5,54,682,0.9962099194526672
label_sorted,2,results_v3_lr0p001,results_v3_lr0p001,small_cnn,sgd,10,128,20000,0.001,0.9,0.0005,cuda,False,False,5,55,683,0.9923074245452881
label_sorted,2,results_v3_lr0p001,results_v3_lr0p001,small_cnn,sgd,10,128,20000,0.001,0.9,0.0005,cuda,False,False,5,56,684,0.9934046268463135
label_sorted,2,results_v3_lr0p001,results_v3_lr0p001,small_cnn,sgd,10,128,20000,0.001,0.9,0.0005,cuda,False,False,5,57,685,0.9961811304092407
label_sorted,2,results_v3_lr0p001,results_v3_lr0p001,small_cnn,sgd,10,128,20000,0.001,0.9,0.0005,cuda,False,False,5,58,686,0.997031569480896
label_sorted,2,results_v3_lr0p001,results_v3_lr0p001,small_cnn,sgd,10,128,20000,0.001,0.9,0.0005,cuda,False,False,5,59,687,0.9972912073135376
label_sorted,2,results_v3_lr0p001,results_v3_lr0p001,small_cnn,sgd,10,128,20000,0.001,0.9,0.0005,cuda,False,False,5,60,688,0.9975146651268005
label_sorted,2,results_v3_lr0p001,results_v3_lr0p001,small_cnn,sgd,10,128,20000,0.001,0.9,0.0005,cuda,False,False,5,61,689,0.9971864819526672
label_sorted,2,results_v3_lr0p001,results_v3_lr0p001,small_cnn,sgd,10,128,20000,0.001,0.9,0.0005,cuda,False,False,5,62,690,0.9943078756332397
label_sorted,2,results_v3_lr0p001,results_v3_lr0p001,small_cnn,sgd,10,128,20000,0.001,0.9,0.0005,cuda,False,False,5,63,691,-0.5578544735908508
label_sorted,2,results_v3_lr0p001,results_v3_lr0p001,small_cnn,sgd,10,128,20000,0.001,0.9,0.0005,cuda,False,False,5,64,692,0.994307279586792
label_sorted,2,results_v3_lr0p001,results_v3_lr0p001,small_cnn,sgd,10,128,20000,0.001,0.9,0.0005,cuda,False,False,5,65,693,0.9983019828796387
label_sorted,2,results_v3_lr0p001,results_v3_lr0p001,small_cnn,sgd,10,128,20000,0.001,0.9,0.0005,cuda,False,False,5,66,694,0.9973533749580383
label_sorted,2,results_v3_lr0p001,results_v3_lr0p001,small_cnn,sgd,10,128,20000,0.001,0.9,0.0005,cuda,False,False,5,67,695,0.9956246018409729
label_sorted,2,results_v3_lr0p001,results_v3_lr0p001,small_cnn,sgd,10,128,20000,0.001,0.9,0.0005,cuda,False,False,5,68,696,0.9918683767318726
label_sorted,2,results_v3_lr0p001,results_v3_lr0p001,small_cnn,sgd,10,128,20000,0.001,0.9,0.0005,cuda,False,False,5,69,697,0.9791877865791321
label_sorted,2,results_v3_lr0p001,results_v3_lr0p001,small_cnn,sgd,10,128,20000,0.001,0.9,0.0005,cuda,False,False,5,70,698,0.9742315411567688
label_sorted,2,results_v3_lr0p001,results_v3_lr0p001,small_cnn,sgd,10,128,20000,0.001,0.9,0.0005,cuda,False,False,5,71,699,0.9592454433441162
label_sorted,2,results_v3_lr0p001,results_v3_lr0p001,small_cnn,sgd,10,128,20000,0.001,0.9,0.0005,cuda,False,False,5,72,700,0.9692025184631348
label_sorted,2,results_v3_lr0p001,results_v3_lr0p001,small_cnn,sgd,10,128,20000,0.001,0.9,0.0005,cuda,False,False,5,73,701,0.9746503829956055
label_sorted,2,results_v3_lr0p001,results_v3_lr0p001,small_cnn,sgd,10,128,20000,0.001,0.9,0.0005,cuda,False,False,5,74,702,0.9904484748840332
label_sorted,2,results_v3_lr0p001,results_v3_lr0p001,small_cnn,sgd,10,128,20000,0.001,0.9,0.0005,cuda,False,False,5,75,703,0.9933807849884033
label_sorted,2,results_v3_lr0p001,results_v3_lr0p001,small_cnn,sgd,10,128,20000,0.001,0.9,0.0005,cuda,False,False,5,76,704,0.9974563717842102
label_sorted,2,results_v3_lr0p001,results_v3_lr0p001,small_cnn,sgd,10,128,20000,0.001,0.9,0.0005,cuda,False,False,5,77,705,0.9931297302246094
label_sorted,2,results_v3_lr0p001,results_v3_lr0p001,small_cnn,sgd,10,128,20000,0.001,0.9,0.0005,cuda,False,False,5,78,706,0.9973896145820618
label_sorted,2,results_v3_lr0p001,results_v3_lr0p001,small_cnn,sgd,10,128,20000,0.001,0.9,0.0005,cuda,False,False,5,79,707,-0.6966661810874939
label_sorted,2,results_v3_lr0p001,results_v3_lr0p001,small_cnn,sgd,10,128,20000,0.001,0.9,0.0005,cuda,False,False,5,80,708,0.9971750974655151
label_sorted,2,results_v3_lr0p001,results_v3_lr0p001,small_cnn,sgd,10,128,20000,0.001,0.9,0.0005,cuda,False,False,5,81,709,0.9969459772109985
label_sorted,2,results_v3_lr0p001,results_v3_lr0p001,small_cnn,sgd,10,128,20000,0.001,0.9,0.0005,cuda,False,False,5,82,710,0.9952078461647034
label_sorted,2,results_v3_lr0p001,results_v3_lr0p001,small_cnn,sgd,10,128,20000,0.001,0.9,0.0005,cuda,False,False,5,83,711,0.9760650992393494
label_sorted,2,results_v3_lr0p001,results_v3_lr0p001,small_cnn,sgd,10,128,20000,0.001,0.9,0.0005,cuda,False,False,5,84,712,0.9813487529754639
label_sorted,2,results_v3_lr0p001,results_v3_lr0p001,small_cnn,sgd,10,128,20000,0.001,0.9,0.0005,cuda,False,False,5,85,713,0.9737421870231628
label_sorted,2,results_v3_lr0p001,results_v3_lr0p001,small_cnn,sgd,10,128,20000,0.001,0.9,0.0005,cuda,False,False,5,86,714,0.974570095539093
label_sorted,2,results_v3_lr0p001,results_v3_lr0p001,small_cnn,sgd,10,128,20000,0.001,0.9,0.0005,cuda,False,False,5,87,715,0.9820548892021179
label_sorted,2,results_v3_lr0p001,results_v3_lr0p001,small_cnn,sgd,10,128,20000,0.001,0.9,0.0005,cuda,False,False,5,88,716,0.9525471329689026
label_sorted,2,results_v3_lr0p001,results_v3_lr0p001,small_cnn,sgd,10,128,20000,0.001,0.9,0.0005,cuda,False,False,5,89,717,0.9864853620529175
label_sorted,2,results_v3_lr0p001,results_v3_lr0p001,small_cnn,sgd,10,128,20000,0.001,0.9,0.0005,cuda,False,False,5,90,718,0.9656801223754883
label_sorted,2,results_v3_lr0p001,results_v3_lr0p001,small_cnn,sgd,10,128,20000,0.001,0.9,0.0005,cuda,False,False,5,91,719,0.9919013977050781
label_sorted,2,results_v3_lr0p001,results_v3_lr0p001,small_cnn,sgd,10,128,20000,0.001,0.9,0.0005,cuda,False,False,5,92,720,0.9927306771278381
label_sorted,2,results_v3_lr0p001,results_v3_lr0p001,small_cnn,sgd,10,128,20000,0.001,0.9,0.0005,cuda,False,False,5,93,721,0.991735577583313
label_sorted,2,results_v3_lr0p001,results_v3_lr0p001,small_cnn,sgd,10,128,20000,0.001,0.9,0.0005,cuda,False,False,5,94,722,0.7805415391921997
label_sorted,2,results_v3_lr0p001,results_v3_lr0p001,small_cnn,sgd,10,128,20000,0.001,0.9,0.0005,cuda,False,False,5,95,723,0.5667315721511841
label_sorted,2,results_v3_lr0p001,results_v3_lr0p001,small_cnn,sgd,10,128,20000,0.001,0.9,0.0005,cuda,False,False,5,96,724,0.991891622543335
label_sorted,2,results_v3_lr0p001,results_v3_lr0p001,small_cnn,sgd,10,128,20000,0.001,0.9,0.0005,cuda,False,False,5,97,725,0.9940797090530396
label_sorted,2,results_v3_lr0p001,results_v3_lr0p001,small_cnn,sgd,10,128,20000,0.001,0.9,0.0005,cuda,False,False,5,98,726,0.9925016760826111
label_sorted,2,results_v3_lr0p001,results_v3_lr0p001,small_cnn,sgd,10,128,20000,0.001,0.9,0.0005,cuda,False,False,5,99,727,0.9925094246864319
label_sorted,2,results_v3_lr0p001,results_v3_lr0p001,small_cnn,sgd,10,128,20000,0.001,0.9,0.0005,cuda,False,False,5,100,728,0.9819218516349792
label_sorted,2,results_v3_lr0p001,results_v3_lr0p001,small_cnn,sgd,10,128,20000,0.001,0.9,0.0005,cuda,False,False,5,101,729,0.9849586486816406
label_sorted,2,results_v3_lr0p001,results_v3_lr0p001,small_cnn,sgd,10,128,20000,0.001,0.9,0.0005,cuda,False,False,5,102,730,0.9912238717079163
label_sorted,2,results_v3_lr0p001,results_v3_lr0p001,small_cnn,sgd,10,128,20000,0.001,0.9,0.0005,cuda,False,False,5,103,731,0.994560718536377
label_sorted,2,results_v3_lr0p001,results_v3_lr0p001,small_cnn,sgd,10,128,20000,0.001,0.9,0.0005,cuda,False,False,5,104,732,0.9947504997253418
label_sorted,2,results_v3_lr0p001,results_v3_lr0p001,small_cnn,sgd,10,128,20000,0.001,0.9,0.0005,cuda,False,False,5,105,733,0.9954370260238647
label_sorted,2,results_v3_lr0p001,results_v3_lr0p001,small_cnn,sgd,10,128,20000,0.001,0.9,0.0005,cuda,False,False,5,106,734,0.9947270154953003
label_sorted,2,results_v3_lr0p001,results_v3_lr0p001,small_cnn,sgd,10,128,20000,0.001,0.9,0.0005,cuda,False,False,5,107,735,0.9977363348007202
label_sorted,2,results_v3_lr0p001,results_v3_lr0p001,small_cnn,sgd,10,128,20000,0.001,0.9,0.0005,cuda,False,False,5,108,736,0.998185396194458
label_sorted,2,results_v3_lr0p001,results_v3_lr0p001,small_cnn,sgd,10,128,20000,0.001,0.9,0.0005,cuda,False,False,5,109,737,0.9980478882789612
label_sorted,2,results_v3_lr0p001,results_v3_lr0p001,small_cnn,sgd,10,128,20000,0.001,0.9,0.0005,cuda,False,False,5,110,738,-0.025385506451129913
label_sorted,2,results_v3_lr0p001,results_v3_lr0p001,small_cnn,sgd,10,128,20000,0.001,0.9,0.0005,cuda,False,False,5,111,739,0.9167834520339966
label_sorted,2,results_v3_lr0p001,results_v3_lr0p001,small_cnn,sgd,10,128,20000,0.001,0.9,0.0005,cuda,False,False,5,112,740,0.997306227684021
label_sorted,2,results_v3_lr0p001,results_v3_lr0p001,small_cnn,sgd,10,128,20000,0.001,0.9,0.0005,cuda,False,False,5,113,741,0.9981040954589844
label_sorted,2,results_v3_lr0p001,results_v3_lr0p001,small_cnn,sgd,10,128,20000,0.001,0.9,0.0005,cuda,False,False,5,114,742,0.9976065158843994
label_sorted,2,results_v3_lr0p001,results_v3_lr0p001,small_cnn,sgd,10,128,20000,0.001,0.9,0.0005,cuda,False,False,5,115,743,0.9953983426094055
label_sorted,2,results_v3_lr0p001,results_v3_lr0p001,small_cnn,sgd,10,128,20000,0.001,0.9,0.0005,cuda,False,False,5,116,744,0.9904264211654663
label_sorted,2,results_v3_lr0p001,results_v3_lr0p001,small_cnn,sgd,10,128,20000,0.001,0.9,0.0005,cuda,False,False,5,117,745,0.9810698628425598
label_sorted,2,results_v3_lr0p001,results_v3_lr0p001,small_cnn,sgd,10,128,20000,0.001,0.9,0.0005,cuda,False,False,5,118,746,0.9733275771141052
label_sorted,2,results_v3_lr0p001,results_v3_lr0p001,small_cnn,sgd,10,128,20000,0.001,0.9,0.0005,cuda,False,False,5,119,747,0.9848349094390869
label_sorted,2,results_v3_lr0p001,results_v3_lr0p001,small_cnn,sgd,10,128,20000,0.001,0.9,0.0005,cuda,False,False,5,120,748,0.985439121723175
label_sorted,2,results_v3_lr0p001,results_v3_lr0p001,small_cnn,sgd,10,128,20000,0.001,0.9,0.0005,cuda,False,False,5,121,749,0.9937446117401123
label_sorted,2,results_v3_lr0p001,results_v3_lr0p001,small_cnn,sgd,10,128,20000,0.001,0.9,0.0005,cuda,False,False,5,122,750,0.9872771501541138
label_sorted,2,results_v3_lr0p001,results_v3_lr0p001,small_cnn,sgd,10,128,20000,0.001,0.9,0.0005,cuda,False,False,5,123,751,0.9958239197731018
label_sorted,2,results_v3_lr0p001,results_v3_lr0p001,small_cnn,sgd,10,128,20000,0.001,0.9,0.0005,cuda,False,False,5,124,752,0.9940548539161682
label_sorted,2,results_v3_lr0p001,results_v3_lr0p001,small_cnn,sgd,10,128,20000,0.001,0.9,0.0005,cuda,False,False,5,125,753,0.9962905049324036
label_sorted,2,results_v3_lr0p001,results_v3_lr0p001,small_cnn,sgd,10,128,20000,0.001,0.9,0.0005,cuda,False,False,5,126,754,-0.27822548151016235
label_sorted,2,results_v3_lr0p001,results_v3_lr0p001,small_cnn,sgd,10,128,20000,0.001,0.9,0.0005,cuda,False,False,5,127,755,0.995362401008606
label_sorted,2,results_v3_lr0p001,results_v3_lr0p001,small_cnn,sgd,10,128,20000,0.001,0.9,0.0005,cuda,False,False,5,128,756,0.991021990776062
label_sorted,2,results_v3_lr0p001,results_v3_lr0p001,small_cnn,sgd,10,128,20000,0.001,0.9,0.0005,cuda,False,False,5,129,757,0.9943844079971313
label_sorted,2,results_v3_lr0p001,results_v3_lr0p001,small_cnn,sgd,10,128,20000,0.001,0.9,0.0005,cuda,False,False,5,130,758,0.9866978526115417
label_sorted,2,results_v3_lr0p001,results_v3_lr0p001,small_cnn,sgd,10,128,20000,0.001,0.9,0.0005,cuda,False,False,5,131,759,0.9948620200157166
label_sorted,2,results_v3_lr0p001,results_v3_lr0p001,small_cnn,sgd,10,128,20000,0.001,0.9,0.0005,cuda,False,False,5,132,760,0.9923819303512573
label_sorted,2,results_v3_lr0p001,results_v3_lr0p001,small_cnn,sgd,10,128,20000,0.001,0.9,0.0005,cuda,False,False,5,133,761,0.9895408153533936
label_sorted,2,results_v3_lr0p001,results_v3_lr0p001,small_cnn,sgd,10,128,20000,0.001,0.9,0.0005,cuda,False,False,5,134,762,0.9834719896316528
label_sorted,2,results_v3_lr0p001,results_v3_lr0p001,small_cnn,sgd,10,128,20000,0.001,0.9,0.0005,cuda,False,False,5,135,763,0.9795033931732178
label_sorted,2,results_v3_lr0p001,results_v3_lr0p001,small_cnn,sgd,10,128,20000,0.001,0.9,0.0005,cuda,False,False,5,136,764,0.9889485239982605
label_sorted,2,results_v3_lr0p001,results_v3_lr0p001,small_cnn,sgd,10,128,20000,0.001,0.9,0.0005,cuda,False,False,5,137,765,0.9913368225097656
label_sorted,2,results_v3_lr0p001,results_v3_lr0p001,small_cnn,sgd,10,128,20000,0.001,0.9,0.0005,cuda,False,False,5,138,766,0.993157148361206
label_sorted,2,results_v3_lr0p001,results_v3_lr0p001,small_cnn,sgd,10,128,20000,0.001,0.9,0.0005,cuda,False,False,5,139,767,0.9960901737213135
label_sorted,2,results_v3_lr0p001,results_v3_lr0p001,small_cnn,sgd,10,128,20000,0.001,0.9,0.0005,cuda,False,False,5,140,768,0.9959021210670471
label_sorted,2,results_v3_lr0p001,results_v3_lr0p001,small_cnn,sgd,10,128,20000,0.001,0.9,0.0005,cuda,False,False,5,141,769,-0.2680429518222809
label_sorted,2,results_v3_lr0p001,results_v3_lr0p001,small_cnn,sgd,10,128,20000,0.001,0.9,0.0005,cuda,False,False,5,142,770,0.8941457271575928
label_sorted,2,results_v3_lr0p001,results_v3_lr0p001,small_cnn,sgd,10,128,20000,0.001,0.9,0.0005,cuda,False,False,5,143,771,0.9984157085418701
label_sorted,2,results_v3_lr0p001,results_v3_lr0p001,small_cnn,sgd,10,128,20000,0.001,0.9,0.0005,cuda,False,False,5,144,772,0.9982702732086182
label_sorted,2,results_v3_lr0p001,results_v3_lr0p001,small_cnn,sgd,10,128,20000,0.001,0.9,0.0005,cuda,False,False,5,145,773,0.9959319829940796
label_sorted,2,results_v3_lr0p001,results_v3_lr0p001,small_cnn,sgd,10,128,20000,0.001,0.9,0.0005,cuda,False,False,5,146,774,0.9943569302558899
label_sorted,2,results_v3_lr0p001,results_v3_lr0p001,small_cnn,sgd,10,128,20000,0.001,0.9,0.0005,cuda,False,False,5,147,775,0.9859730005264282
label_sorted,2,results_v3_lr0p001,results_v3_lr0p001,small_cnn,sgd,10,128,20000,0.001,0.9,0.0005,cuda,False,False,5,148,776,0.9718620181083679
label_sorted,2,results_v3_lr0p001,results_v3_lr0p001,small_cnn,sgd,10,128,20000,0.001,0.9,0.0005,cuda,False,False,5,149,777,0.96440589427948
label_sorted,2,results_v3_lr0p001,results_v3_lr0p001,small_cnn,sgd,10,128,20000,0.001,0.9,0.0005,cuda,False,False,5,150,778,0.9611650109291077
label_sorted,2,results_v3_lr0p001,results_v3_lr0p001,small_cnn,sgd,10,128,20000,0.001,0.9,0.0005,cuda,False,False,5,151,779,0.9827488660812378
label_sorted,2,results_v3_lr0p001,results_v3_lr0p001,small_cnn,sgd,10,128,20000,0.001,0.9,0.0005,cuda,False,False,5,152,780,0.9936466217041016
label_sorted,2,results_v3_lr0p001,results_v3_lr0p001,small_cnn,sgd,10,128,20000,0.001,0.9,0.0005,cuda,False,False,5,153,781,0.9968992471694946
label_sorted,2,results_v3_lr0p001,results_v3_lr0p001,small_cnn,sgd,10,128,20000,0.001,0.9,0.0005,cuda,False,False,5,154,782,0.9960594773292542
label_sorted,2,results_v3_lr0p001,results_v3_lr0p001,small_cnn,sgd,10,128,20000,0.001,0.9,0.0005,cuda,False,False,5,155,783,0.9971354007720947
label_sorted,2,results_v3_lr0p001,results_v3_lr0p001,small_cnn,sgd,10,128,20000,0.001,0.9,0.0005,cuda,False,False,5,156,784,0.9964510202407837
label_sorted,2,results_v3_lr0p001,results_v3_lr0p001,small_cnn,sgd,10,128,20000,0.001,0.9,0.0005,cuda,False,False,5,157,785,0.9987481832504272
label_sorted,2,results_v3_lr0p001,results_v3_lr0p001,small_cnn,sgd,10,128,20000,0.001,0.9,0.0005,cuda,False,False,6,1,786,-0.6592111587524414
label_sorted,2,results_v3_lr0p001,results_v3_lr0p001,small_cnn,sgd,10,128,20000,0.001,0.9,0.0005,cuda,False,False,6,2,787,0.9946557283401489
label_sorted,2,results_v3_lr0p001,results_v3_lr0p001,small_cnn,sgd,10,128,20000,0.001,0.9,0.0005,cuda,False,False,6,3,788,0.998138964176178
label_sorted,2,results_v3_lr0p001,results_v3_lr0p001,small_cnn,sgd,10,128,20000,0.001,0.9,0.0005,cuda,False,False,6,4,789,0.9979451894760132
label_sorted,2,results_v3_lr0p001,results_v3_lr0p001,small_cnn,sgd,10,128,20000,0.001,0.9,0.0005,cuda,False,False,6,5,790,0.9904388189315796
label_sorted,2,results_v3_lr0p001,results_v3_lr0p001,small_cnn,sgd,10,128,20000,0.001,0.9,0.0005,cuda,False,False,6,6,791,0.9879459142684937
label_sorted,2,results_v3_lr0p001,results_v3_lr0p001,small_cnn,sgd,10,128,20000,0.001,0.9,0.0005,cuda,False,False,6,7,792,0.9776392579078674
label_sorted,2,results_v3_lr0p001,results_v3_lr0p001,small_cnn,sgd,10,128,20000,0.001,0.9,0.0005,cuda,False,False,6,8,793,0.9555454254150391
label_sorted,2,results_v3_lr0p001,results_v3_lr0p001,small_cnn,sgd,10,128,20000,0.001,0.9,0.0005,cuda,False,False,6,9,794,0.9800477623939514
label_sorted,2,results_v3_lr0p001,results_v3_lr0p001,small_cnn,sgd,10,128,20000,0.001,0.9,0.0005,cuda,False,False,6,10,795,0.9527548551559448
label_sorted,2,results_v3_lr0p001,results_v3_lr0p001,small_cnn,sgd,10,128,20000,0.001,0.9,0.0005,cuda,False,False,6,11,796,0.9955228567123413
label_sorted,2,results_v3_lr0p001,results_v3_lr0p001,small_cnn,sgd,10,128,20000,0.001,0.9,0.0005,cuda,False,False,6,12,797,0.9795050024986267
label_sorted,2,results_v3_lr0p001,results_v3_lr0p001,small_cnn,sgd,10,128,20000,0.001,0.9,0.0005,cuda,False,False,6,13,798,0.9970589280128479
label_sorted,2,results_v3_lr0p001,results_v3_lr0p001,small_cnn,sgd,10,128,20000,0.001,0.9,0.0005,cuda,False,False,6,14,799,0.9957047700881958
label_sorted,2,results_v3_lr0p001,results_v3_lr0p001,small_cnn,sgd,10,128,20000,0.001,0.9,0.0005,cuda,False,False,6,15,800,0.9943861365318298
label_sorted,2,results_v3_lr0p001,results_v3_lr0p001,small_cnn,sgd,10,128,20000,0.001,0.9,0.0005,cuda,False,False,6,16,801,0.40391474962234497
label_sorted,2,results_v3_lr0p001,results_v3_lr0p001,small_cnn,sgd,10,128,20000,0.001,0.9,0.0005,cuda,False,False,6,17,802,0.5133610963821411
label_sorted,2,results_v3_lr0p001,results_v3_lr0p001,small_cnn,sgd,10,128,20000,0.001,0.9,0.0005,cuda,False,False,6,18,803,0.9975394606590271
label_sorted,2,results_v3_lr0p001,results_v3_lr0p001,small_cnn,sgd,10,128,20000,0.001,0.9,0.0005,cuda,False,False,6,19,804,0.9958956241607666
label_sorted,2,results_v3_lr0p001,results_v3_lr0p001,small_cnn,sgd,10,128,20000,0.001,0.9,0.0005,cuda,False,False,6,20,805,0.9916988611221313
label_sorted,2,results_v3_lr0p001,results_v3_lr0p001,small_cnn,sgd,10,128,20000,0.001,0.9,0.0005,cuda,False,False,6,21,806,0.973034143447876
label_sorted,2,results_v3_lr0p001,results_v3_lr0p001,small_cnn,sgd,10,128,20000,0.001,0.9,0.0005,cuda,False,False,6,22,807,0.9732964634895325
label_sorted,2,results_v3_lr0p001,results_v3_lr0p001,small_cnn,sgd,10,128,20000,0.001,0.9,0.0005,cuda,False,False,6,23,808,0.9632793664932251
label_sorted,2,results_v3_lr0p001,results_v3_lr0p001,small_cnn,sgd,10,128,20000,0.001,0.9,0.0005,cuda,False,False,6,24,809,0.9773656129837036
label_sorted,2,results_v3_lr0p001,results_v3_lr0p001,small_cnn,sgd,10,128,20000,0.001,0.9,0.0005,cuda,False,False,6,25,810,0.9669468998908997
label_sorted,2,results_v3_lr0p001,results_v3_lr0p001,small_cnn,sgd,10,128,20000,0.001,0.9,0.0005,cuda,False,False,6,26,811,0.983184278011322
label_sorted,2,results_v3_lr0p001,results_v3_lr0p001,small_cnn,sgd,10,128,20000,0.001,0.9,0.0005,cuda,False,False,6,27,812,0.9948452115058899
label_sorted,2,results_v3_lr0p001,results_v3_lr0p001,small_cnn,sgd,10,128,20000,0.001,0.9,0.0005,cuda,False,False,6,28,813,0.9962582588195801
label_sorted,2,results_v3_lr0p001,results_v3_lr0p001,small_cnn,sgd,10,128,20000,0.001,0.9,0.0005,cuda,False,False,6,29,814,0.9969303011894226
label_sorted,2,results_v3_lr0p001,results_v3_lr0p001,small_cnn,sgd,10,128,20000,0.001,0.9,0.0005,cuda,False,False,6,30,815,0.9977282881736755
label_sorted,2,results_v3_lr0p001,results_v3_lr0p001,small_cnn,sgd,10,128,20000,0.001,0.9,0.0005,cuda,False,False,6,31,816,0.9985706806182861
label_sorted,2,results_v3_lr0p001,results_v3_lr0p001,small_cnn,sgd,10,128,20000,0.001,0.9,0.0005,cuda,False,False,6,32,817,-0.2841576337814331
label_sorted,2,results_v3_lr0p001,results_v3_lr0p001,small_cnn,sgd,10,128,20000,0.001,0.9,0.0005,cuda,False,False,6,33,818,0.9869304895401001
label_sorted,2,results_v3_lr0p001,results_v3_lr0p001,small_cnn,sgd,10,128,20000,0.001,0.9,0.0005,cuda,False,False,6,34,819,0.9938352108001709
label_sorted,2,results_v3_lr0p001,results_v3_lr0p001,small_cnn,sgd,10,128,20000,0.001,0.9,0.0005,cuda,False,False,6,35,820,0.9955721497535706
label_sorted,2,results_v3_lr0p001,results_v3_lr0p001,small_cnn,sgd,10,128,20000,0.001,0.9,0.0005,cuda,False,False,6,36,821,0.9954773187637329
label_sorted,2,results_v3_lr0p001,results_v3_lr0p001,small_cnn,sgd,10,128,20000,0.001,0.9,0.0005,cuda,False,False,6,37,822,0.9897335767745972
label_sorted,2,results_v3_lr0p001,results_v3_lr0p001,small_cnn,sgd,10,128,20000,0.001,0.9,0.0005,cuda,False,False,6,38,823,0.9763216376304626
label_sorted,2,results_v3_lr0p001,results_v3_lr0p001,small_cnn,sgd,10,128,20000,0.001,0.9,0.0005,cuda,False,False,6,39,824,0.9786733388900757
label_sorted,2,results_v3_lr0p001,results_v3_lr0p001,small_cnn,sgd,10,128,20000,0.001,0.9,0.0005,cuda,False,False,6,40,825,0.9695078134536743
label_sorted,2,results_v3_lr0p001,results_v3_lr0p001,small_cnn,sgd,10,128,20000,0.001,0.9,0.0005,cuda,False,False,6,41,826,0.9848450422286987
label_sorted,2,results_v3_lr0p001,results_v3_lr0p001,small_cnn,sgd,10,128,20000,0.001,0.9,0.0005,cuda,False,False,6,42,827,0.9711820483207703
label_sorted,2,results_v3_lr0p001,results_v3_lr0p001,small_cnn,sgd,10,128,20000,0.001,0.9,0.0005,cuda,False,False,6,43,828,0.977572500705719
label_sorted,2,results_v3_lr0p001,results_v3_lr0p001,small_cnn,sgd,10,128,20000,0.001,0.9,0.0005,cuda,False,False,6,44,829,0.9953100085258484
label_sorted,2,results_v3_lr0p001,results_v3_lr0p001,small_cnn,sgd,10,128,20000,0.001,0.9,0.0005,cuda,False,False,6,45,830,0.9957377314567566
label_sorted,2,results_v3_lr0p001,results_v3_lr0p001,small_cnn,sgd,10,128,20000,0.001,0.9,0.0005,cuda,False,False,6,46,831,0.9962543249130249
label_sorted,2,results_v3_lr0p001,results_v3_lr0p001,small_cnn,sgd,10,128,20000,0.001,0.9,0.0005,cuda,False,False,6,47,832,0.9027930498123169
label_sorted,2,results_v3_lr0p001,results_v3_lr0p001,small_cnn,sgd,10,128,20000,0.001,0.9,0.0005,cuda,False,False,6,48,833,-0.09726385772228241
label_sorted,2,results_v3_lr0p001,results_v3_lr0p001,small_cnn,sgd,10,128,20000,0.001,0.9,0.0005,cuda,False,False,6,49,834,0.9958522319793701
label_sorted,2,results_v3_lr0p001,results_v3_lr0p001,small_cnn,sgd,10,128,20000,0.001,0.9,0.0005,cuda,False,False,6,50,835,0.9973082542419434
label_sorted,2,results_v3_lr0p001,results_v3_lr0p001,small_cnn,sgd,10,128,20000,0.001,0.9,0.0005,cuda,False,False,6,51,836,0.9965604543685913
label_sorted,2,results_v3_lr0p001,results_v3_lr0p001,small_cnn,sgd,10,128,20000,0.001,0.9,0.0005,cuda,False,False,6,52,837,0.979360818862915
label_sorted,2,results_v3_lr0p001,results_v3_lr0p001,small_cnn,sgd,10,128,20000,0.001,0.9,0.0005,cuda,False,False,6,53,838,0.9851163625717163
label_sorted,2,results_v3_lr0p001,results_v3_lr0p001,small_cnn,sgd,10,128,20000,0.001,0.9,0.0005,cuda,False,False,6,54,839,0.9845287799835205
label_sorted,2,results_v3_lr0p001,results_v3_lr0p001,small_cnn,sgd,10,128,20000,0.001,0.9,0.0005,cuda,False,False,6,55,840,0.9830327033996582
label_sorted,2,results_v3_lr0p001,results_v3_lr0p001,small_cnn,sgd,10,128,20000,0.001,0.9,0.0005,cuda,False,False,6,56,841,0.9717945456504822
label_sorted,2,results_v3_lr0p001,results_v3_lr0p001,small_cnn,sgd,10,128,20000,0.001,0.9,0.0005,cuda,False,False,6,57,842,0.9865977764129639
label_sorted,2,results_v3_lr0p001,results_v3_lr0p001,small_cnn,sgd,10,128,20000,0.001,0.9,0.0005,cuda,False,False,6,58,843,0.9918233752250671
label_sorted,2,results_v3_lr0p001,results_v3_lr0p001,small_cnn,sgd,10,128,20000,0.001,0.9,0.0005,cuda,False,False,6,59,844,0.9957261085510254
label_sorted,2,results_v3_lr0p001,results_v3_lr0p001,small_cnn,sgd,10,128,20000,0.001,0.9,0.0005,cuda,False,False,6,60,845,0.9936598539352417
label_sorted,2,results_v3_lr0p001,results_v3_lr0p001,small_cnn,sgd,10,128,20000,0.001,0.9,0.0005,cuda,False,False,6,61,846,0.9936233758926392
label_sorted,2,results_v3_lr0p001,results_v3_lr0p001,small_cnn,sgd,10,128,20000,0.001,0.9,0.0005,cuda,False,False,6,62,847,0.9918234944343567
label_sorted,2,results_v3_lr0p001,results_v3_lr0p001,small_cnn,sgd,10,128,20000,0.001,0.9,0.0005,cuda,False,False,6,63,848,-0.18135210871696472
label_sorted,2,results_v3_lr0p001,results_v3_lr0p001,small_cnn,sgd,10,128,20000,0.001,0.9,0.0005,cuda,False,False,6,64,849,0.9900463223457336
label_sorted,2,results_v3_lr0p001,results_v3_lr0p001,small_cnn,sgd,10,128,20000,0.001,0.9,0.0005,cuda,False,False,6,65,850,0.9920824766159058
label_sorted,2,results_v3_lr0p001,results_v3_lr0p001,small_cnn,sgd,10,128,20000,0.001,0.9,0.0005,cuda,False,False,6,66,851,0.9914811253547668
label_sorted,2,results_v3_lr0p001,results_v3_lr0p001,small_cnn,sgd,10,128,20000,0.001,0.9,0.0005,cuda,False,False,6,67,852,0.9607621431350708
label_sorted,2,results_v3_lr0p001,results_v3_lr0p001,small_cnn,sgd,10,128,20000,0.001,0.9,0.0005,cuda,False,False,6,68,853,0.9601888656616211
label_sorted,2,results_v3_lr0p001,results_v3_lr0p001,small_cnn,sgd,10,128,20000,0.001,0.9,0.0005,cuda,False,False,6,69,854,0.9863826036453247
label_sorted,2,results_v3_lr0p001,results_v3_lr0p001,small_cnn,sgd,10,128,20000,0.001,0.9,0.0005,cuda,False,False,6,70,855,0.9901819229125977
label_sorted,2,results_v3_lr0p001,results_v3_lr0p001,small_cnn,sgd,10,128,20000,0.001,0.9,0.0005,cuda,False,False,6,71,856,0.9938434362411499
label_sorted,2,results_v3_lr0p001,results_v3_lr0p001,small_cnn,sgd,10,128,20000,0.001,0.9,0.0005,cuda,False,False,6,72,857,0.9911284446716309
label_sorted,2,results_v3_lr0p001,results_v3_lr0p001,small_cnn,sgd,10,128,20000,0.001,0.9,0.0005,cuda,False,False,6,73,858,0.9949389100074768
label_sorted,2,results_v3_lr0p001,results_v3_lr0p001,small_cnn,sgd,10,128,20000,0.001,0.9,0.0005,cuda,False,False,6,74,859,0.9959644675254822
label_sorted,2,results_v3_lr0p001,results_v3_lr0p001,small_cnn,sgd,10,128,20000,0.001,0.9,0.0005,cuda,False,False,6,75,860,0.9973627924919128
label_sorted,2,results_v3_lr0p001,results_v3_lr0p001,small_cnn,sgd,10,128,20000,0.001,0.9,0.0005,cuda,False,False,6,76,861,0.9972193241119385
label_sorted,2,results_v3_lr0p001,results_v3_lr0p001,small_cnn,sgd,10,128,20000,0.001,0.9,0.0005,cuda,False,False,6,77,862,0.9723349213600159
label_sorted,2,results_v3_lr0p001,results_v3_lr0p001,small_cnn,sgd,10,128,20000,0.001,0.9,0.0005,cuda,False,False,6,78,863,0.9732431173324585
label_sorted,2,results_v3_lr0p001,results_v3_lr0p001,small_cnn,sgd,10,128,20000,0.001,0.9,0.0005,cuda,False,False,6,79,864,-0.5215080380439758
label_sorted,2,results_v3_lr0p001,results_v3_lr0p001,small_cnn,sgd,10,128,20000,0.001,0.9,0.0005,cuda,False,False,6,80,865,0.997037410736084
label_sorted,2,results_v3_lr0p001,results_v3_lr0p001,small_cnn,sgd,10,128,20000,0.001,0.9,0.0005,cuda,False,False,6,81,866,0.9980106949806213
label_sorted,2,results_v3_lr0p001,results_v3_lr0p001,small_cnn,sgd,10,128,20000,0.001,0.9,0.0005,cuda,False,False,6,82,867,0.9965553879737854
label_sorted,2,results_v3_lr0p001,results_v3_lr0p001,small_cnn,sgd,10,128,20000,0.001,0.9,0.0005,cuda,False,False,6,83,868,0.9848089218139648
label_sorted,2,results_v3_lr0p001,results_v3_lr0p001,small_cnn,sgd,10,128,20000,0.001,0.9,0.0005,cuda,False,False,6,84,869,0.9741769433021545
label_sorted,2,results_v3_lr0p001,results_v3_lr0p001,small_cnn,sgd,10,128,20000,0.001,0.9,0.0005,cuda,False,False,6,85,870,0.9198124408721924
label_sorted,2,results_v3_lr0p001,results_v3_lr0p001,small_cnn,sgd,10,128,20000,0.001,0.9,0.0005,cuda,False,False,6,86,871,0.9593830108642578
label_sorted,2,results_v3_lr0p001,results_v3_lr0p001,small_cnn,sgd,10,128,20000,0.001,0.9,0.0005,cuda,False,False,6,87,872,0.9819997549057007
label_sorted,2,results_v3_lr0p001,results_v3_lr0p001,small_cnn,sgd,10,128,20000,0.001,0.9,0.0005,cuda,False,False,6,88,873,0.9425411224365234
label_sorted,2,results_v3_lr0p001,results_v3_lr0p001,small_cnn,sgd,10,128,20000,0.001,0.9,0.0005,cuda,False,False,6,89,874,0.9896652102470398
label_sorted,2,results_v3_lr0p001,results_v3_lr0p001,small_cnn,sgd,10,128,20000,0.001,0.9,0.0005,cuda,False,False,6,90,875,0.9782661199569702
label_sorted,2,results_v3_lr0p001,results_v3_lr0p001,small_cnn,sgd,10,128,20000,0.001,0.9,0.0005,cuda,False,False,6,91,876,0.9955594539642334
label_sorted,2,results_v3_lr0p001,results_v3_lr0p001,small_cnn,sgd,10,128,20000,0.001,0.9,0.0005,cuda,False,False,6,92,877,0.9950688481330872
label_sorted,2,results_v3_lr0p001,results_v3_lr0p001,small_cnn,sgd,10,128,20000,0.001,0.9,0.0005,cuda,False,False,6,93,878,0.9960163235664368
label_sorted,2,results_v3_lr0p001,results_v3_lr0p001,small_cnn,sgd,10,128,20000,0.001,0.9,0.0005,cuda,False,False,6,94,879,0.6715627312660217
label_sorted,2,results_v3_lr0p001,results_v3_lr0p001,small_cnn,sgd,10,128,20000,0.001,0.9,0.0005,cuda,False,False,6,95,880,0.5881048440933228
label_sorted,2,results_v3_lr0p001,results_v3_lr0p001,small_cnn,sgd,10,128,20000,0.001,0.9,0.0005,cuda,False,False,6,96,881,0.9941250085830688
label_sorted,2,results_v3_lr0p001,results_v3_lr0p001,small_cnn,sgd,10,128,20000,0.001,0.9,0.0005,cuda,False,False,6,97,882,0.9928590059280396
label_sorted,2,results_v3_lr0p001,results_v3_lr0p001,small_cnn,sgd,10,128,20000,0.001,0.9,0.0005,cuda,False,False,6,98,883,0.9919381141662598
label_sorted,2,results_v3_lr0p001,results_v3_lr0p001,small_cnn,sgd,10,128,20000,0.001,0.9,0.0005,cuda,False,False,6,99,884,0.9865944385528564
label_sorted,2,results_v3_lr0p001,results_v3_lr0p001,small_cnn,sgd,10,128,20000,0.001,0.9,0.0005,cuda,False,False,6,100,885,0.9857643246650696
label_sorted,2,results_v3_lr0p001,results_v3_lr0p001,small_cnn,sgd,10,128,20000,0.001,0.9,0.0005,cuda,False,False,6,101,886,0.9746004343032837
label_sorted,2,results_v3_lr0p001,results_v3_lr0p001,small_cnn,sgd,10,128,20000,0.001,0.9,0.0005,cuda,False,False,6,102,887,0.9880480170249939
label_sorted,2,results_v3_lr0p001,results_v3_lr0p001,small_cnn,sgd,10,128,20000,0.001,0.9,0.0005,cuda,False,False,6,103,888,0.9907714128494263
label_sorted,2,results_v3_lr0p001,results_v3_lr0p001,small_cnn,sgd,10,128,20000,0.001,0.9,0.0005,cuda,False,False,6,104,889,0.9930756092071533
label_sorted,2,results_v3_lr0p001,results_v3_lr0p001,small_cnn,sgd,10,128,20000,0.001,0.9,0.0005,cuda,False,False,6,105,890,0.9903552532196045
label_sorted,2,results_v3_lr0p001,results_v3_lr0p001,small_cnn,sgd,10,128,20000,0.001,0.9,0.0005,cuda,False,False,6,106,891,0.9887739419937134
label_sorted,2,results_v3_lr0p001,results_v3_lr0p001,small_cnn,sgd,10,128,20000,0.001,0.9,0.0005,cuda,False,False,6,107,892,0.9961174130439758
label_sorted,2,results_v3_lr0p001,results_v3_lr0p001,small_cnn,sgd,10,128,20000,0.001,0.9,0.0005,cuda,False,False,6,108,893,0.9938896298408508
label_sorted,2,results_v3_lr0p001,results_v3_lr0p001,small_cnn,sgd,10,128,20000,0.001,0.9,0.0005,cuda,False,False,6,109,894,0.996330738067627
label_sorted,2,results_v3_lr0p001,results_v3_lr0p001,small_cnn,sgd,10,128,20000,0.001,0.9,0.0005,cuda,False,False,6,110,895,-0.30094173550605774
label_sorted,2,results_v3_lr0p001,results_v3_lr0p001,small_cnn,sgd,10,128,20000,0.001,0.9,0.0005,cuda,False,False,6,111,896,0.9950879812240601
label_sorted,2,results_v3_lr0p001,results_v3_lr0p001,small_cnn,sgd,10,128,20000,0.001,0.9,0.0005,cuda,False,False,6,112,897,0.9982805848121643
label_sorted,2,results_v3_lr0p001,results_v3_lr0p001,small_cnn,sgd,10,128,20000,0.001,0.9,0.0005,cuda,False,False,6,113,898,0.9961255788803101
label_sorted,2,results_v3_lr0p001,results_v3_lr0p001,small_cnn,sgd,10,128,20000,0.001,0.9,0.0005,cuda,False,False,6,114,899,0.9922360777854919
label_sorted,2,results_v3_lr0p001,results_v3_lr0p001,small_cnn,sgd,10,128,20000,0.001,0.9,0.0005,cuda,False,False,6,115,900,0.9901275038719177
label_sorted,2,results_v3_lr0p001,results_v3_lr0p001,small_cnn,sgd,10,128,20000,0.001,0.9,0.0005,cuda,False,False,6,116,901,0.982019305229187
label_sorted,2,results_v3_lr0p001,results_v3_lr0p001,small_cnn,sgd,10,128,20000,0.001,0.9,0.0005,cuda,False,False,6,117,902,0.9770301580429077
label_sorted,2,results_v3_lr0p001,results_v3_lr0p001,small_cnn,sgd,10,128,20000,0.001,0.9,0.0005,cuda,False,False,6,118,903,0.9834892749786377
label_sorted,2,results_v3_lr0p001,results_v3_lr0p001,small_cnn,sgd,10,128,20000,0.001,0.9,0.0005,cuda,False,False,6,119,904,0.982524037361145
label_sorted,2,results_v3_lr0p001,results_v3_lr0p001,small_cnn,sgd,10,128,20000,0.001,0.9,0.0005,cuda,False,False,6,120,905,0.978514552116394
label_sorted,2,results_v3_lr0p001,results_v3_lr0p001,small_cnn,sgd,10,128,20000,0.001,0.9,0.0005,cuda,False,False,6,121,906,0.9951497316360474
label_sorted,2,results_v3_lr0p001,results_v3_lr0p001,small_cnn,sgd,10,128,20000,0.001,0.9,0.0005,cuda,False,False,6,122,907,0.9900997877120972
label_sorted,2,results_v3_lr0p001,results_v3_lr0p001,small_cnn,sgd,10,128,20000,0.001,0.9,0.0005,cuda,False,False,6,123,908,0.9972649812698364
label_sorted,2,results_v3_lr0p001,results_v3_lr0p001,small_cnn,sgd,10,128,20000,0.001,0.9,0.0005,cuda,False,False,6,124,909,0.9977201223373413
label_sorted,2,results_v3_lr0p001,results_v3_lr0p001,small_cnn,sgd,10,128,20000,0.001,0.9,0.0005,cuda,False,False,6,125,910,0.9983609914779663
label_sorted,2,results_v3_lr0p001,results_v3_lr0p001,small_cnn,sgd,10,128,20000,0.001,0.9,0.0005,cuda,False,False,6,126,911,-0.3354496657848358
label_sorted,2,results_v3_lr0p001,results_v3_lr0p001,small_cnn,sgd,10,128,20000,0.001,0.9,0.0005,cuda,False,False,6,127,912,0.9914438128471375
label_sorted,2,results_v3_lr0p001,results_v3_lr0p001,small_cnn,sgd,10,128,20000,0.001,0.9,0.0005,cuda,False,False,6,128,913,0.9845750331878662
label_sorted,2,results_v3_lr0p001,results_v3_lr0p001,small_cnn,sgd,10,128,20000,0.001,0.9,0.0005,cuda,False,False,6,129,914,0.9917666912078857
label_sorted,2,results_v3_lr0p001,results_v3_lr0p001,small_cnn,sgd,10,128,20000,0.001,0.9,0.0005,cuda,False,False,6,130,915,0.9653782844543457
label_sorted,2,results_v3_lr0p001,results_v3_lr0p001,small_cnn,sgd,10,128,20000,0.001,0.9,0.0005,cuda,False,False,6,131,916,0.989743173122406
label_sorted,2,results_v3_lr0p001,results_v3_lr0p001,small_cnn,sgd,10,128,20000,0.001,0.9,0.0005,cuda,False,False,6,132,917,0.9866300821304321
label_sorted,2,results_v3_lr0p001,results_v3_lr0p001,small_cnn,sgd,10,128,20000,0.001,0.9,0.0005,cuda,False,False,6,133,918,0.9861879348754883
label_sorted,2,results_v3_lr0p001,results_v3_lr0p001,small_cnn,sgd,10,128,20000,0.001,0.9,0.0005,cuda,False,False,6,134,919,0.9896669983863831
label_sorted,2,results_v3_lr0p001,results_v3_lr0p001,small_cnn,sgd,10,128,20000,0.001,0.9,0.0005,cuda,False,False,6,135,920,0.9846881628036499
label_sorted,2,results_v3_lr0p001,results_v3_lr0p001,small_cnn,sgd,10,128,20000,0.001,0.9,0.0005,cuda,False,False,6,136,921,0.9943598508834839
label_sorted,2,results_v3_lr0p001,results_v3_lr0p001,small_cnn,sgd,10,128,20000,0.001,0.9,0.0005,cuda,False,False,6,137,922,0.9950364828109741
label_sorted,2,results_v3_lr0p001,results_v3_lr0p001,small_cnn,sgd,10,128,20000,0.001,0.9,0.0005,cuda,False,False,6,138,923,0.9915046691894531
label_sorted,2,results_v3_lr0p001,results_v3_lr0p001,small_cnn,sgd,10,128,20000,0.001,0.9,0.0005,cuda,False,False,6,139,924,0.9976515769958496
label_sorted,2,results_v3_lr0p001,results_v3_lr0p001,small_cnn,sgd,10,128,20000,0.001,0.9,0.0005,cuda,False,False,6,140,925,0.995418906211853
label_sorted,2,results_v3_lr0p001,results_v3_lr0p001,small_cnn,sgd,10,128,20000,0.001,0.9,0.0005,cuda,False,False,6,141,926,-0.7491907477378845
label_sorted,2,results_v3_lr0p001,results_v3_lr0p001,small_cnn,sgd,10,128,20000,0.001,0.9,0.0005,cuda,False,False,6,142,927,0.9968266487121582
label_sorted,2,results_v3_lr0p001,results_v3_lr0p001,small_cnn,sgd,10,128,20000,0.001,0.9,0.0005,cuda,False,False,6,143,928,0.9967398643493652
label_sorted,2,results_v3_lr0p001,results_v3_lr0p001,small_cnn,sgd,10,128,20000,0.001,0.9,0.0005,cuda,False,False,6,144,929,0.9957699179649353
label_sorted,2,results_v3_lr0p001,results_v3_lr0p001,small_cnn,sgd,10,128,20000,0.001,0.9,0.0005,cuda,False,False,6,145,930,0.9907322525978088
label_sorted,2,results_v3_lr0p001,results_v3_lr0p001,small_cnn,sgd,10,128,20000,0.001,0.9,0.0005,cuda,False,False,6,146,931,0.9876490235328674
label_sorted,2,results_v3_lr0p001,results_v3_lr0p001,small_cnn,sgd,10,128,20000,0.001,0.9,0.0005,cuda,False,False,6,147,932,0.9674063324928284
label_sorted,2,results_v3_lr0p001,results_v3_lr0p001,small_cnn,sgd,10,128,20000,0.001,0.9,0.0005,cuda,False,False,6,148,933,0.9270890951156616
label_sorted,2,results_v3_lr0p001,results_v3_lr0p001,small_cnn,sgd,10,128,20000,0.001,0.9,0.0005,cuda,False,False,6,149,934,0.9232653379440308
label_sorted,2,results_v3_lr0p001,results_v3_lr0p001,small_cnn,sgd,10,128,20000,0.001,0.9,0.0005,cuda,False,False,6,150,935,0.9746397137641907
label_sorted,2,results_v3_lr0p001,results_v3_lr0p001,small_cnn,sgd,10,128,20000,0.001,0.9,0.0005,cuda,False,False,6,151,936,0.9927830100059509
label_sorted,2,results_v3_lr0p001,results_v3_lr0p001,small_cnn,sgd,10,128,20000,0.001,0.9,0.0005,cuda,False,False,6,152,937,0.9951831102371216
label_sorted,2,results_v3_lr0p001,results_v3_lr0p001,small_cnn,sgd,10,128,20000,0.001,0.9,0.0005,cuda,False,False,6,153,938,0.9975858330726624
label_sorted,2,results_v3_lr0p001,results_v3_lr0p001,small_cnn,sgd,10,128,20000,0.001,0.9,0.0005,cuda,False,False,6,154,939,0.9968326687812805
label_sorted,2,results_v3_lr0p001,results_v3_lr0p001,small_cnn,sgd,10,128,20000,0.001,0.9,0.0005,cuda,False,False,6,155,940,0.9968920350074768
label_sorted,2,results_v3_lr0p001,results_v3_lr0p001,small_cnn,sgd,10,128,20000,0.001,0.9,0.0005,cuda,False,False,6,156,941,0.9956961870193481
label_sorted,2,results_v3_lr0p001,results_v3_lr0p001,small_cnn,sgd,10,128,20000,0.001,0.9,0.0005,cuda,False,False,6,157,942,0.9981039762496948
label_sorted,2,results_v3_lr0p001,results_v3_lr0p001,small_cnn,sgd,10,128,20000,0.001,0.9,0.0005,cuda,False,False,7,1,943,-0.3927870988845825
label_sorted,2,results_v3_lr0p001,results_v3_lr0p001,small_cnn,sgd,10,128,20000,0.001,0.9,0.0005,cuda,False,False,7,2,944,0.9928528666496277
label_sorted,2,results_v3_lr0p001,results_v3_lr0p001,small_cnn,sgd,10,128,20000,0.001,0.9,0.0005,cuda,False,False,7,3,945,0.9964973330497742
label_sorted,2,results_v3_lr0p001,results_v3_lr0p001,small_cnn,sgd,10,128,20000,0.001,0.9,0.0005,cuda,False,False,7,4,946,0.9958591461181641
label_sorted,2,results_v3_lr0p001,results_v3_lr0p001,small_cnn,sgd,10,128,20000,0.001,0.9,0.0005,cuda,False,False,7,5,947,0.9765690565109253
label_sorted,2,results_v3_lr0p001,results_v3_lr0p001,small_cnn,sgd,10,128,20000,0.001,0.9,0.0005,cuda,False,False,7,6,948,0.966833233833313
label_sorted,2,results_v3_lr0p001,results_v3_lr0p001,small_cnn,sgd,10,128,20000,0.001,0.9,0.0005,cuda,False,False,7,7,949,0.972316324710846
label_sorted,2,results_v3_lr0p001,results_v3_lr0p001,small_cnn,sgd,10,128,20000,0.001,0.9,0.0005,cuda,False,False,7,8,950,0.9757102727890015
label_sorted,2,results_v3_lr0p001,results_v3_lr0p001,small_cnn,sgd,10,128,20000,0.001,0.9,0.0005,cuda,False,False,7,9,951,0.9909734725952148
label_sorted,2,results_v3_lr0p001,results_v3_lr0p001,small_cnn,sgd,10,128,20000,0.001,0.9,0.0005,cuda,False,False,7,10,952,0.9724597930908203
label_sorted,2,results_v3_lr0p001,results_v3_lr0p001,small_cnn,sgd,10,128,20000,0.001,0.9,0.0005,cuda,False,False,7,11,953,0.9888526201248169
label_sorted,2,results_v3_lr0p001,results_v3_lr0p001,small_cnn,sgd,10,128,20000,0.001,0.9,0.0005,cuda,False,False,7,12,954,0.9649146795272827
label_sorted,2,results_v3_lr0p001,results_v3_lr0p001,small_cnn,sgd,10,128,20000,0.001,0.9,0.0005,cuda,False,False,7,13,955,0.981975793838501
label_sorted,2,results_v3_lr0p001,results_v3_lr0p001,small_cnn,sgd,10,128,20000,0.001,0.9,0.0005,cuda,False,False,7,14,956,0.986659049987793
label_sorted,2,results_v3_lr0p001,results_v3_lr0p001,small_cnn,sgd,10,128,20000,0.001,0.9,0.0005,cuda,False,False,7,15,957,0.9871435165405273
label_sorted,2,results_v3_lr0p001,results_v3_lr0p001,small_cnn,sgd,10,128,20000,0.001,0.9,0.0005,cuda,False,False,7,16,958,0.39835381507873535
label_sorted,2,results_v3_lr0p001,results_v3_lr0p001,small_cnn,sgd,10,128,20000,0.001,0.9,0.0005,cuda,False,False,7,17,959,0.7505871057510376
label_sorted,2,results_v3_lr0p001,results_v3_lr0p001,small_cnn,sgd,10,128,20000,0.001,0.9,0.0005,cuda,False,False,7,18,960,0.9964480400085449
label_sorted,2,results_v3_lr0p001,results_v3_lr0p001,small_cnn,sgd,10,128,20000,0.001,0.9,0.0005,cuda,False,False,7,19,961,0.9874229431152344
label_sorted,2,results_v3_lr0p001,results_v3_lr0p001,small_cnn,sgd,10,128,20000,0.001,0.9,0.0005,cuda,False,False,7,20,962,0.9912775754928589
label_sorted,2,results_v3_lr0p001,results_v3_lr0p001,small_cnn,sgd,10,128,20000,0.001,0.9,0.0005,cuda,False,False,7,21,963,0.9862222671508789
label_sorted,2,results_v3_lr0p001,results_v3_lr0p001,small_cnn,sgd,10,128,20000,0.001,0.9,0.0005,cuda,False,False,7,22,964,0.9767619371414185
label_sorted,2,results_v3_lr0p001,results_v3_lr0p001,small_cnn,sgd,10,128,20000,0.001,0.9,0.0005,cuda,False,False,7,23,965,0.9829622507095337
label_sorted,2,results_v3_lr0p001,results_v3_lr0p001,small_cnn,sgd,10,128,20000,0.001,0.9,0.0005,cuda,False,False,7,24,966,0.9833905100822449
label_sorted,2,results_v3_lr0p001,results_v3_lr0p001,small_cnn,sgd,10,128,20000,0.001,0.9,0.0005,cuda,False,False,7,25,967,0.9812235832214355
label_sorted,2,results_v3_lr0p001,results_v3_lr0p001,small_cnn,sgd,10,128,20000,0.001,0.9,0.0005,cuda,False,False,7,26,968,0.989967405796051
label_sorted,2,results_v3_lr0p001,results_v3_lr0p001,small_cnn,sgd,10,128,20000,0.001,0.9,0.0005,cuda,False,False,7,27,969,0.9942830204963684
label_sorted,2,results_v3_lr0p001,results_v3_lr0p001,small_cnn,sgd,10,128,20000,0.001,0.9,0.0005,cuda,False,False,7,28,970,0.9962560534477234
label_sorted,2,results_v3_lr0p001,results_v3_lr0p001,small_cnn,sgd,10,128,20000,0.001,0.9,0.0005,cuda,False,False,7,29,971,0.9974321722984314
label_sorted,2,results_v3_lr0p001,results_v3_lr0p001,small_cnn,sgd,10,128,20000,0.001,0.9,0.0005,cuda,False,False,7,30,972,0.996819019317627
label_sorted,2,results_v3_lr0p001,results_v3_lr0p001,small_cnn,sgd,10,128,20000,0.001,0.9,0.0005,cuda,False,False,7,31,973,0.9982633590698242
label_sorted,2,results_v3_lr0p001,results_v3_lr0p001,small_cnn,sgd,10,128,20000,0.001,0.9,0.0005,cuda,False,False,7,32,974,-0.06785593181848526
label_sorted,2,results_v3_lr0p001,results_v3_lr0p001,small_cnn,sgd,10,128,20000,0.001,0.9,0.0005,cuda,False,False,7,33,975,0.9898052215576172
label_sorted,2,results_v3_lr0p001,results_v3_lr0p001,small_cnn,sgd,10,128,20000,0.001,0.9,0.0005,cuda,False,False,7,34,976,0.9940807223320007
label_sorted,2,results_v3_lr0p001,results_v3_lr0p001,small_cnn,sgd,10,128,20000,0.001,0.9,0.0005,cuda,False,False,7,35,977,0.9888384342193604
label_sorted,2,results_v3_lr0p001,results_v3_lr0p001,small_cnn,sgd,10,128,20000,0.001,0.9,0.0005,cuda,False,False,7,36,978,0.9918076395988464
label_sorted,2,results_v3_lr0p001,results_v3_lr0p001,small_cnn,sgd,10,128,20000,0.001,0.9,0.0005,cuda,False,False,7,37,979,0.9871415495872498
label_sorted,2,results_v3_lr0p001,results_v3_lr0p001,small_cnn,sgd,10,128,20000,0.001,0.9,0.0005,cuda,False,False,7,38,980,0.9902215003967285
label_sorted,2,results_v3_lr0p001,results_v3_lr0p001,small_cnn,sgd,10,128,20000,0.001,0.9,0.0005,cuda,False,False,7,39,981,0.9843364953994751
label_sorted,2,results_v3_lr0p001,results_v3_lr0p001,small_cnn,sgd,10,128,20000,0.001,0.9,0.0005,cuda,False,False,7,40,982,0.9877453446388245
label_sorted,2,results_v3_lr0p001,results_v3_lr0p001,small_cnn,sgd,10,128,20000,0.001,0.9,0.0005,cuda,False,False,7,41,983,0.9822314381599426
label_sorted,2,results_v3_lr0p001,results_v3_lr0p001,small_cnn,sgd,10,128,20000,0.001,0.9,0.0005,cuda,False,False,7,42,984,0.9936693906784058
label_sorted,2,results_v3_lr0p001,results_v3_lr0p001,small_cnn,sgd,10,128,20000,0.001,0.9,0.0005,cuda,False,False,7,43,985,0.9922309517860413
label_sorted,2,results_v3_lr0p001,results_v3_lr0p001,small_cnn,sgd,10,128,20000,0.001,0.9,0.0005,cuda,False,False,7,44,986,0.9974368214607239
label_sorted,2,results_v3_lr0p001,results_v3_lr0p001,small_cnn,sgd,10,128,20000,0.001,0.9,0.0005,cuda,False,False,7,45,987,0.9865946769714355
label_sorted,2,results_v3_lr0p001,results_v3_lr0p001,small_cnn,sgd,10,128,20000,0.001,0.9,0.0005,cuda,False,False,7,46,988,0.9949278235435486
label_sorted,2,results_v3_lr0p001,results_v3_lr0p001,small_cnn,sgd,10,128,20000,0.001,0.9,0.0005,cuda,False,False,7,47,989,-0.09145528078079224
label_sorted,2,results_v3_lr0p001,results_v3_lr0p001,small_cnn,sgd,10,128,20000,0.001,0.9,0.0005,cuda,False,False,7,48,990,0.8347101211547852
label_sorted,2,results_v3_lr0p001,results_v3_lr0p001,small_cnn,sgd,10,128,20000,0.001,0.9,0.0005,cuda,False,False,7,49,991,0.9979455471038818
label_sorted,2,results_v3_lr0p001,results_v3_lr0p001,small_cnn,sgd,10,128,20000,0.001,0.9,0.0005,cuda,False,False,7,50,992,0.9985232949256897
label_sorted,2,results_v3_lr0p001,results_v3_lr0p001,small_cnn,sgd,10,128,20000,0.001,0.9,0.0005,cuda,False,False,7,51,993,0.99378502368927
label_sorted,2,results_v3_lr0p001,results_v3_lr0p001,small_cnn,sgd,10,128,20000,0.001,0.9,0.0005,cuda,False,False,7,52,994,0.9648458957672119
label_sorted,2,results_v3_lr0p001,results_v3_lr0p001,small_cnn,sgd,10,128,20000,0.001,0.9,0.0005,cuda,False,False,7,53,995,0.9855785369873047
label_sorted,2,results_v3_lr0p001,results_v3_lr0p001,small_cnn,sgd,10,128,20000,0.001,0.9,0.0005,cuda,False,False,7,54,996,0.9782366752624512
label_sorted,2,results_v3_lr0p001,results_v3_lr0p001,small_cnn,sgd,10,128,20000,0.001,0.9,0.0005,cuda,False,False,7,55,997,0.9842424392700195
label_sorted,2,results_v3_lr0p001,results_v3_lr0p001,small_cnn,sgd,10,128,20000,0.001,0.9,0.0005,cuda,False,False,7,56,998,0.9822902679443359
label_sorted,2,results_v3_lr0p001,results_v3_lr0p001,small_cnn,sgd,10,128,20000,0.001,0.9,0.0005,cuda,False,False,7,57,999,0.9877573251724243
label_sorted,2,results_v3_lr0p001,results_v3_lr0p001,small_cnn,sgd,10,128,20000,0.001,0.9,0.0005,cuda,False,False,7,58,1000,0.9917360544204712
label_sorted,2,results_v3_lr0p001,results_v3_lr0p001,small_cnn,sgd,10,128,20000,0.001,0.9,0.0005,cuda,False,False,7,59,1001,0.994968056678772
label_sorted,2,results_v3_lr0p001,results_v3_lr0p001,small_cnn,sgd,10,128,20000,0.001,0.9,0.0005,cuda,False,False,7,60,1002,0.9935396909713745
label_sorted,2,results_v3_lr0p001,results_v3_lr0p001,small_cnn,sgd,10,128,20000,0.001,0.9,0.0005,cuda,False,False,7,61,1003,0.9940580129623413
label_sorted,2,results_v3_lr0p001,results_v3_lr0p001,small_cnn,sgd,10,128,20000,0.001,0.9,0.0005,cuda,False,False,7,62,1004,0.9907940030097961
label_sorted,2,results_v3_lr0p001,results_v3_lr0p001,small_cnn,sgd,10,128,20000,0.001,0.9,0.0005,cuda,False,False,7,63,1005,-0.7119258642196655
label_sorted,2,results_v3_lr0p001,results_v3_lr0p001,small_cnn,sgd,10,128,20000,0.001,0.9,0.0005,cuda,False,False,7,64,1006,0.996845006942749
label_sorted,2,results_v3_lr0p001,results_v3_lr0p001,small_cnn,sgd,10,128,20000,0.001,0.9,0.0005,cuda,False,False,7,65,1007,0.9982765913009644
label_sorted,2,results_v3_lr0p001,results_v3_lr0p001,small_cnn,sgd,10,128,20000,0.001,0.9,0.0005,cuda,False,False,7,66,1008,0.9937379360198975
label_sorted,2,results_v3_lr0p001,results_v3_lr0p001,small_cnn,sgd,10,128,20000,0.001,0.9,0.0005,cuda,False,False,7,67,1009,0.9925982356071472
label_sorted,2,results_v3_lr0p001,results_v3_lr0p001,small_cnn,sgd,10,128,20000,0.001,0.9,0.0005,cuda,False,False,7,68,1010,0.9834582805633545
label_sorted,2,results_v3_lr0p001,results_v3_lr0p001,small_cnn,sgd,10,128,20000,0.001,0.9,0.0005,cuda,False,False,7,69,1011,0.9502600431442261
label_sorted,2,results_v3_lr0p001,results_v3_lr0p001,small_cnn,sgd,10,128,20000,0.001,0.9,0.0005,cuda,False,False,7,70,1012,0.9644725322723389
label_sorted,2,results_v3_lr0p001,results_v3_lr0p001,small_cnn,sgd,10,128,20000,0.001,0.9,0.0005,cuda,False,False,7,71,1013,0.9316051602363586
label_sorted,2,results_v3_lr0p001,results_v3_lr0p001,small_cnn,sgd,10,128,20000,0.001,0.9,0.0005,cuda,False,False,7,72,1014,0.9650061130523682
label_sorted,2,results_v3_lr0p001,results_v3_lr0p001,small_cnn,sgd,10,128,20000,0.001,0.9,0.0005,cuda,False,False,7,73,1015,0.9914161562919617
label_sorted,2,results_v3_lr0p001,results_v3_lr0p001,small_cnn,sgd,10,128,20000,0.001,0.9,0.0005,cuda,False,False,7,74,1016,0.9965674877166748
label_sorted,2,results_v3_lr0p001,results_v3_lr0p001,small_cnn,sgd,10,128,20000,0.001,0.9,0.0005,cuda,False,False,7,75,1017,0.9979109168052673
label_sorted,2,results_v3_lr0p001,results_v3_lr0p001,small_cnn,sgd,10,128,20000,0.001,0.9,0.0005,cuda,False,False,7,76,1018,0.9973342418670654
label_sorted,2,results_v3_lr0p001,results_v3_lr0p001,small_cnn,sgd,10,128,20000,0.001,0.9,0.0005,cuda,False,False,7,77,1019,0.9947534203529358
label_sorted,2,results_v3_lr0p001,results_v3_lr0p001,small_cnn,sgd,10,128,20000,0.001,0.9,0.0005,cuda,False,False,7,78,1020,0.9968101382255554
label_sorted,2,results_v3_lr0p001,results_v3_lr0p001,small_cnn,sgd,10,128,20000,0.001,0.9,0.0005,cuda,False,False,7,79,1021,-0.5071564316749573
label_sorted,2,results_v3_lr0p001,results_v3_lr0p001,small_cnn,sgd,10,128,20000,0.001,0.9,0.0005,cuda,False,False,7,80,1022,0.9956119656562805
label_sorted,2,results_v3_lr0p001,results_v3_lr0p001,small_cnn,sgd,10,128,20000,0.001,0.9,0.0005,cuda,False,False,7,81,1023,0.9970889091491699
label_sorted,2,results_v3_lr0p001,results_v3_lr0p001,small_cnn,sgd,10,128,20000,0.001,0.9,0.0005,cuda,False,False,7,82,1024,0.9956850409507751
label_sorted,2,results_v3_lr0p001,results_v3_lr0p001,small_cnn,sgd,10,128,20000,0.001,0.9,0.0005,cuda,False,False,7,83,1025,0.9904553890228271
label_sorted,2,results_v3_lr0p001,results_v3_lr0p001,small_cnn,sgd,10,128,20000,0.001,0.9,0.0005,cuda,False,False,7,84,1026,0.9919165968894958
label_sorted,2,results_v3_lr0p001,results_v3_lr0p001,small_cnn,sgd,10,128,20000,0.001,0.9,0.0005,cuda,False,False,7,85,1027,0.9811990857124329
label_sorted,2,results_v3_lr0p001,results_v3_lr0p001,small_cnn,sgd,10,128,20000,0.001,0.9,0.0005,cuda,False,False,7,86,1028,0.9877701997756958
label_sorted,2,results_v3_lr0p001,results_v3_lr0p001,small_cnn,sgd,10,128,20000,0.001,0.9,0.0005,cuda,False,False,7,87,1029,0.9927893280982971
label_sorted,2,results_v3_lr0p001,results_v3_lr0p001,small_cnn,sgd,10,128,20000,0.001,0.9,0.0005,cuda,False,False,7,88,1030,0.9433582425117493
label_sorted,2,results_v3_lr0p001,results_v3_lr0p001,small_cnn,sgd,10,128,20000,0.001,0.9,0.0005,cuda,False,False,7,89,1031,0.9928569793701172
label_sorted,2,results_v3_lr0p001,results_v3_lr0p001,small_cnn,sgd,10,128,20000,0.001,0.9,0.0005,cuda,False,False,7,90,1032,0.9693936109542847
label_sorted,2,results_v3_lr0p001,results_v3_lr0p001,small_cnn,sgd,10,128,20000,0.001,0.9,0.0005,cuda,False,False,7,91,1033,0.994025707244873
label_sorted,2,results_v3_lr0p001,results_v3_lr0p001,small_cnn,sgd,10,128,20000,0.001,0.9,0.0005,cuda,False,False,7,92,1034,0.9970235824584961
label_sorted,2,results_v3_lr0p001,results_v3_lr0p001,small_cnn,sgd,10,128,20000,0.001,0.9,0.0005,cuda,False,False,7,93,1035,0.9939402937889099
label_sorted,2,results_v3_lr0p001,results_v3_lr0p001,small_cnn,sgd,10,128,20000,0.001,0.9,0.0005,cuda,False,False,7,94,1036,0.6492521166801453
label_sorted,2,results_v3_lr0p001,results_v3_lr0p001,small_cnn,sgd,10,128,20000,0.001,0.9,0.0005,cuda,False,False,7,95,1037,0.6590887308120728
label_sorted,2,results_v3_lr0p001,results_v3_lr0p001,small_cnn,sgd,10,128,20000,0.001,0.9,0.0005,cuda,False,False,7,96,1038,0.9956760406494141
label_sorted,2,results_v3_lr0p001,results_v3_lr0p001,small_cnn,sgd,10,128,20000,0.001,0.9,0.0005,cuda,False,False,7,97,1039,0.9924688935279846
label_sorted,2,results_v3_lr0p001,results_v3_lr0p001,small_cnn,sgd,10,128,20000,0.001,0.9,0.0005,cuda,False,False,7,98,1040,0.9926807880401611
label_sorted,2,results_v3_lr0p001,results_v3_lr0p001,small_cnn,sgd,10,128,20000,0.001,0.9,0.0005,cuda,False,False,7,99,1041,0.9872230291366577
label_sorted,2,results_v3_lr0p001,results_v3_lr0p001,small_cnn,sgd,10,128,20000,0.001,0.9,0.0005,cuda,False,False,7,100,1042,0.982629120349884
label_sorted,2,results_v3_lr0p001,results_v3_lr0p001,small_cnn,sgd,10,128,20000,0.001,0.9,0.0005,cuda,False,False,7,101,1043,0.9570454359054565
label_sorted,2,results_v3_lr0p001,results_v3_lr0p001,small_cnn,sgd,10,128,20000,0.001,0.9,0.0005,cuda,False,False,7,102,1044,0.9883184432983398
label_sorted,2,results_v3_lr0p001,results_v3_lr0p001,small_cnn,sgd,10,128,20000,0.001,0.9,0.0005,cuda,False,False,7,103,1045,0.9911396503448486
label_sorted,2,results_v3_lr0p001,results_v3_lr0p001,small_cnn,sgd,10,128,20000,0.001,0.9,0.0005,cuda,False,False,7,104,1046,0.9939268231391907
label_sorted,2,results_v3_lr0p001,results_v3_lr0p001,small_cnn,sgd,10,128,20000,0.001,0.9,0.0005,cuda,False,False,7,105,1047,0.9946720600128174
label_sorted,2,results_v3_lr0p001,results_v3_lr0p001,small_cnn,sgd,10,128,20000,0.001,0.9,0.0005,cuda,False,False,7,106,1048,0.991684079170227
label_sorted,2,results_v3_lr0p001,results_v3_lr0p001,small_cnn,sgd,10,128,20000,0.001,0.9,0.0005,cuda,False,False,7,107,1049,0.9961190819740295
label_sorted,2,results_v3_lr0p001,results_v3_lr0p001,small_cnn,sgd,10,128,20000,0.001,0.9,0.0005,cuda,False,False,7,108,1050,0.9930752515792847
label_sorted,2,results_v3_lr0p001,results_v3_lr0p001,small_cnn,sgd,10,128,20000,0.001,0.9,0.0005,cuda,False,False,7,109,1051,0.9953767657279968
label_sorted,2,results_v3_lr0p001,results_v3_lr0p001,small_cnn,sgd,10,128,20000,0.001,0.9,0.0005,cuda,False,False,7,110,1052,-0.4969262480735779
label_sorted,2,results_v3_lr0p001,results_v3_lr0p001,small_cnn,sgd,10,128,20000,0.001,0.9,0.0005,cuda,False,False,7,111,1053,0.9972065687179565
label_sorted,2,results_v3_lr0p001,results_v3_lr0p001,small_cnn,sgd,10,128,20000,0.001,0.9,0.0005,cuda,False,False,7,112,1054,0.9986180067062378
label_sorted,2,results_v3_lr0p001,results_v3_lr0p001,small_cnn,sgd,10,128,20000,0.001,0.9,0.0005,cuda,False,False,7,113,1055,0.9950288534164429
label_sorted,2,results_v3_lr0p001,results_v3_lr0p001,small_cnn,sgd,10,128,20000,0.001,0.9,0.0005,cuda,False,False,7,114,1056,0.9759633541107178
label_sorted,2,results_v3_lr0p001,results_v3_lr0p001,small_cnn,sgd,10,128,20000,0.001,0.9,0.0005,cuda,False,False,7,115,1057,0.9768452048301697
label_sorted,2,results_v3_lr0p001,results_v3_lr0p001,small_cnn,sgd,10,128,20000,0.001,0.9,0.0005,cuda,False,False,7,116,1058,0.9591540694236755
label_sorted,2,results_v3_lr0p001,results_v3_lr0p001,small_cnn,sgd,10,128,20000,0.001,0.9,0.0005,cuda,False,False,7,117,1059,0.9474086165428162
label_sorted,2,results_v3_lr0p001,results_v3_lr0p001,small_cnn,sgd,10,128,20000,0.001,0.9,0.0005,cuda,False,False,7,118,1060,0.9808776378631592
label_sorted,2,results_v3_lr0p001,results_v3_lr0p001,small_cnn,sgd,10,128,20000,0.001,0.9,0.0005,cuda,False,False,7,119,1061,0.9933983087539673
label_sorted,2,results_v3_lr0p001,results_v3_lr0p001,small_cnn,sgd,10,128,20000,0.001,0.9,0.0005,cuda,False,False,7,120,1062,0.9946019649505615
label_sorted,2,results_v3_lr0p001,results_v3_lr0p001,small_cnn,sgd,10,128,20000,0.001,0.9,0.0005,cuda,False,False,7,121,1063,0.9953362941741943
label_sorted,2,results_v3_lr0p001,results_v3_lr0p001,small_cnn,sgd,10,128,20000,0.001,0.9,0.0005,cuda,False,False,7,122,1064,0.9937677383422852
label_sorted,2,results_v3_lr0p001,results_v3_lr0p001,small_cnn,sgd,10,128,20000,0.001,0.9,0.0005,cuda,False,False,7,123,1065,0.9979872703552246
label_sorted,2,results_v3_lr0p001,results_v3_lr0p001,small_cnn,sgd,10,128,20000,0.001,0.9,0.0005,cuda,False,False,7,124,1066,0.9986348152160645
label_sorted,2,results_v3_lr0p001,results_v3_lr0p001,small_cnn,sgd,10,128,20000,0.001,0.9,0.0005,cuda,False,False,7,125,1067,0.9987121224403381
label_sorted,2,results_v3_lr0p001,results_v3_lr0p001,small_cnn,sgd,10,128,20000,0.001,0.9,0.0005,cuda,False,False,7,126,1068,-0.4659360647201538
label_sorted,2,results_v3_lr0p001,results_v3_lr0p001,small_cnn,sgd,10,128,20000,0.001,0.9,0.0005,cuda,False,False,7,127,1069,0.9927124977111816
label_sorted,2,results_v3_lr0p001,results_v3_lr0p001,small_cnn,sgd,10,128,20000,0.001,0.9,0.0005,cuda,False,False,7,128,1070,0.9855996966362
label_sorted,2,results_v3_lr0p001,results_v3_lr0p001,small_cnn,sgd,10,128,20000,0.001,0.9,0.0005,cuda,False,False,7,129,1071,0.9920892119407654
label_sorted,2,results_v3_lr0p001,results_v3_lr0p001,small_cnn,sgd,10,128,20000,0.001,0.9,0.0005,cuda,False,False,7,130,1072,0.983740508556366
label_sorted,2,results_v3_lr0p001,results_v3_lr0p001,small_cnn,sgd,10,128,20000,0.001,0.9,0.0005,cuda,False,False,7,131,1073,0.9892957210540771
label_sorted,2,results_v3_lr0p001,results_v3_lr0p001,small_cnn,sgd,10,128,20000,0.001,0.9,0.0005,cuda,False,False,7,132,1074,0.9889906644821167
label_sorted,2,results_v3_lr0p001,results_v3_lr0p001,small_cnn,sgd,10,128,20000,0.001,0.9,0.0005,cuda,False,False,7,133,1075,0.9853349328041077
label_sorted,2,results_v3_lr0p001,results_v3_lr0p001,small_cnn,sgd,10,128,20000,0.001,0.9,0.0005,cuda,False,False,7,134,1076,0.9825085401535034
label_sorted,2,results_v3_lr0p001,results_v3_lr0p001,small_cnn,sgd,10,128,20000,0.001,0.9,0.0005,cuda,False,False,7,135,1077,0.9698074460029602
label_sorted,2,results_v3_lr0p001,results_v3_lr0p001,small_cnn,sgd,10,128,20000,0.001,0.9,0.0005,cuda,False,False,7,136,1078,0.9833522439002991
label_sorted,2,results_v3_lr0p001,results_v3_lr0p001,small_cnn,sgd,10,128,20000,0.001,0.9,0.0005,cuda,False,False,7,137,1079,0.9885868430137634
label_sorted,2,results_v3_lr0p001,results_v3_lr0p001,small_cnn,sgd,10,128,20000,0.001,0.9,0.0005,cuda,False,False,7,138,1080,0.9933483600616455
label_sorted,2,results_v3_lr0p001,results_v3_lr0p001,small_cnn,sgd,10,128,20000,0.001,0.9,0.0005,cuda,False,False,7,139,1081,0.9940465092658997
label_sorted,2,results_v3_lr0p001,results_v3_lr0p001,small_cnn,sgd,10,128,20000,0.001,0.9,0.0005,cuda,False,False,7,140,1082,0.9914409518241882
label_sorted,2,results_v3_lr0p001,results_v3_lr0p001,small_cnn,sgd,10,128,20000,0.001,0.9,0.0005,cuda,False,False,7,141,1083,-0.23864969611167908
label_sorted,2,results_v3_lr0p001,results_v3_lr0p001,small_cnn,sgd,10,128,20000,0.001,0.9,0.0005,cuda,False,False,7,142,1084,0.9153124094009399
label_sorted,2,results_v3_lr0p001,results_v3_lr0p001,small_cnn,sgd,10,128,20000,0.001,0.9,0.0005,cuda,False,False,7,143,1085,0.9973066449165344
label_sorted,2,results_v3_lr0p001,results_v3_lr0p001,small_cnn,sgd,10,128,20000,0.001,0.9,0.0005,cuda,False,False,7,144,1086,0.9963777661323547
label_sorted,2,results_v3_lr0p001,results_v3_lr0p001,small_cnn,sgd,10,128,20000,0.001,0.9,0.0005,cuda,False,False,7,145,1087,0.9951522350311279
label_sorted,2,results_v3_lr0p001,results_v3_lr0p001,small_cnn,sgd,10,128,20000,0.001,0.9,0.0005,cuda,False,False,7,146,1088,0.993259072303772
label_sorted,2,results_v3_lr0p001,results_v3_lr0p001,small_cnn,sgd,10,128,20000,0.001,0.9,0.0005,cuda,False,False,7,147,1089,0.9871982336044312
label_sorted,2,results_v3_lr0p001,results_v3_lr0p001,small_cnn,sgd,10,128,20000,0.001,0.9,0.0005,cuda,False,False,7,148,1090,0.9848385453224182
label_sorted,2,results_v3_lr0p001,results_v3_lr0p001,small_cnn,sgd,10,128,20000,0.001,0.9,0.0005,cuda,False,False,7,149,1091,0.972824215888977
label_sorted,2,results_v3_lr0p001,results_v3_lr0p001,small_cnn,sgd,10,128,20000,0.001,0.9,0.0005,cuda,False,False,7,150,1092,0.970428466796875
label_sorted,2,results_v3_lr0p001,results_v3_lr0p001,small_cnn,sgd,10,128,20000,0.001,0.9,0.0005,cuda,False,False,7,151,1093,0.9815865755081177
label_sorted,2,results_v3_lr0p001,results_v3_lr0p001,small_cnn,sgd,10,128,20000,0.001,0.9,0.0005,cuda,False,False,7,152,1094,0.978186845779419
label_sorted,2,results_v3_lr0p001,results_v3_lr0p001,small_cnn,sgd,10,128,20000,0.001,0.9,0.0005,cuda,False,False,7,153,1095,0.9922063946723938
label_sorted,2,results_v3_lr0p001,results_v3_lr0p001,small_cnn,sgd,10,128,20000,0.001,0.9,0.0005,cuda,False,False,7,154,1096,0.9927133321762085
label_sorted,2,results_v3_lr0p001,results_v3_lr0p001,small_cnn,sgd,10,128,20000,0.001,0.9,0.0005,cuda,False,False,7,155,1097,0.9905099272727966
label_sorted,2,results_v3_lr0p001,results_v3_lr0p001,small_cnn,sgd,10,128,20000,0.001,0.9,0.0005,cuda,False,False,7,156,1098,0.9843849539756775
label_sorted,2,results_v3_lr0p001,results_v3_lr0p001,small_cnn,sgd,10,128,20000,0.001,0.9,0.0005,cuda,False,False,7,157,1099,0.978312611579895
label_sorted,2,results_v3_lr0p001,results_v3_lr0p001,small_cnn,sgd,10,128,20000,0.001,0.9,0.0005,cuda,False,False,8,1,1100,-0.3242202401161194
label_sorted,2,results_v3_lr0p001,results_v3_lr0p001,small_cnn,sgd,10,128,20000,0.001,0.9,0.0005,cuda,False,False,8,2,1101,0.9952249526977539
label_sorted,2,results_v3_lr0p001,results_v3_lr0p001,small_cnn,sgd,10,128,20000,0.001,0.9,0.0005,cuda,False,False,8,3,1102,0.9961013197898865
label_sorted,2,results_v3_lr0p001,results_v3_lr0p001,small_cnn,sgd,10,128,20000,0.001,0.9,0.0005,cuda,False,False,8,4,1103,0.9942702054977417
label_sorted,2,results_v3_lr0p001,results_v3_lr0p001,small_cnn,sgd,10,128,20000,0.001,0.9,0.0005,cuda,False,False,8,5,1104,0.98391193151474
label_sorted,2,results_v3_lr0p001,results_v3_lr0p001,small_cnn,sgd,10,128,20000,0.001,0.9,0.0005,cuda,False,False,8,6,1105,0.9788368940353394
label_sorted,2,results_v3_lr0p001,results_v3_lr0p001,small_cnn,sgd,10,128,20000,0.001,0.9,0.0005,cuda,False,False,8,7,1106,0.9698864221572876
label_sorted,2,results_v3_lr0p001,results_v3_lr0p001,small_cnn,sgd,10,128,20000,0.001,0.9,0.0005,cuda,False,False,8,8,1107,0.9742199182510376
label_sorted,2,results_v3_lr0p001,results_v3_lr0p001,small_cnn,sgd,10,128,20000,0.001,0.9,0.0005,cuda,False,False,8,9,1108,0.9838992953300476
label_sorted,2,results_v3_lr0p001,results_v3_lr0p001,small_cnn,sgd,10,128,20000,0.001,0.9,0.0005,cuda,False,False,8,10,1109,0.981765627861023
label_sorted,2,results_v3_lr0p001,results_v3_lr0p001,small_cnn,sgd,10,128,20000,0.001,0.9,0.0005,cuda,False,False,8,11,1110,0.9888062477111816
label_sorted,2,results_v3_lr0p001,results_v3_lr0p001,small_cnn,sgd,10,128,20000,0.001,0.9,0.0005,cuda,False,False,8,12,1111,0.9879862070083618
label_sorted,2,results_v3_lr0p001,results_v3_lr0p001,small_cnn,sgd,10,128,20000,0.001,0.9,0.0005,cuda,False,False,8,13,1112,0.9887981414794922
label_sorted,2,results_v3_lr0p001,results_v3_lr0p001,small_cnn,sgd,10,128,20000,0.001,0.9,0.0005,cuda,False,False,8,14,1113,0.9961205124855042
label_sorted,2,results_v3_lr0p001,results_v3_lr0p001,small_cnn,sgd,10,128,20000,0.001,0.9,0.0005,cuda,False,False,8,15,1114,0.9934569597244263
label_sorted,2,results_v3_lr0p001,results_v3_lr0p001,small_cnn,sgd,10,128,20000,0.001,0.9,0.0005,cuda,False,False,8,16,1115,0.19755735993385315
label_sorted,2,results_v3_lr0p001,results_v3_lr0p001,small_cnn,sgd,10,128,20000,0.001,0.9,0.0005,cuda,False,False,8,17,1116,0.837843120098114
label_sorted,2,results_v3_lr0p001,results_v3_lr0p001,small_cnn,sgd,10,128,20000,0.001,0.9,0.0005,cuda,False,False,8,18,1117,0.993295431137085
label_sorted,2,results_v3_lr0p001,results_v3_lr0p001,small_cnn,sgd,10,128,20000,0.001,0.9,0.0005,cuda,False,False,8,19,1118,0.9909599423408508
label_sorted,2,results_v3_lr0p001,results_v3_lr0p001,small_cnn,sgd,10,128,20000,0.001,0.9,0.0005,cuda,False,False,8,20,1119,0.9921234250068665
label_sorted,2,results_v3_lr0p001,results_v3_lr0p001,small_cnn,sgd,10,128,20000,0.001,0.9,0.0005,cuda,False,False,8,21,1120,0.9910533428192139
label_sorted,2,results_v3_lr0p001,results_v3_lr0p001,small_cnn,sgd,10,128,20000,0.001,0.9,0.0005,cuda,False,False,8,22,1121,0.9897205829620361
label_sorted,2,results_v3_lr0p001,results_v3_lr0p001,small_cnn,sgd,10,128,20000,0.001,0.9,0.0005,cuda,False,False,8,23,1122,0.9809896945953369
label_sorted,2,results_v3_lr0p001,results_v3_lr0p001,small_cnn,sgd,10,128,20000,0.001,0.9,0.0005,cuda,False,False,8,24,1123,0.9894760847091675
label_sorted,2,results_v3_lr0p001,results_v3_lr0p001,small_cnn,sgd,10,128,20000,0.001,0.9,0.0005,cuda,False,False,8,25,1124,0.9587117433547974
label_sorted,2,results_v3_lr0p001,results_v3_lr0p001,small_cnn,sgd,10,128,20000,0.001,0.9,0.0005,cuda,False,False,8,26,1125,0.9854370355606079
label_sorted,2,results_v3_lr0p001,results_v3_lr0p001,small_cnn,sgd,10,128,20000,0.001,0.9,0.0005,cuda,False,False,8,27,1126,0.9805347919464111
label_sorted,2,results_v3_lr0p001,results_v3_lr0p001,small_cnn,sgd,10,128,20000,0.001,0.9,0.0005,cuda,False,False,8,28,1127,0.9752984642982483
label_sorted,2,results_v3_lr0p001,results_v3_lr0p001,small_cnn,sgd,10,128,20000,0.001,0.9,0.0005,cuda,False,False,8,29,1128,0.9698742032051086
label_sorted,2,results_v3_lr0p001,results_v3_lr0p001,small_cnn,sgd,10,128,20000,0.001,0.9,0.0005,cuda,False,False,8,30,1129,0.9648012518882751
label_sorted,2,results_v3_lr0p001,results_v3_lr0p001,small_cnn,sgd,10,128,20000,0.001,0.9,0.0005,cuda,False,False,8,31,1130,0.966346800327301
label_sorted,2,results_v3_lr0p001,results_v3_lr0p001,small_cnn,sgd,10,128,20000,0.001,0.9,0.0005,cuda,False,False,8,32,1131,-0.17023850977420807
label_sorted,2,results_v3_lr0p001,results_v3_lr0p001,small_cnn,sgd,10,128,20000,0.001,0.9,0.0005,cuda,False,False,8,33,1132,0.9977266192436218
label_sorted,2,results_v3_lr0p001,results_v3_lr0p001,small_cnn,sgd,10,128,20000,0.001,0.9,0.0005,cuda,False,False,8,34,1133,0.9973026514053345
label_sorted,2,results_v3_lr0p001,results_v3_lr0p001,small_cnn,sgd,10,128,20000,0.001,0.9,0.0005,cuda,False,False,8,35,1134,0.9953900575637817
label_sorted,2,results_v3_lr0p001,results_v3_lr0p001,small_cnn,sgd,10,128,20000,0.001,0.9,0.0005,cuda,False,False,8,36,1135,0.9912712574005127
label_sorted,2,results_v3_lr0p001,results_v3_lr0p001,small_cnn,sgd,10,128,20000,0.001,0.9,0.0005,cuda,False,False,8,37,1136,0.983062744140625
label_sorted,2,results_v3_lr0p001,results_v3_lr0p001,small_cnn,sgd,10,128,20000,0.001,0.9,0.0005,cuda,False,False,8,38,1137,0.9698310494422913
label_sorted,2,results_v3_lr0p001,results_v3_lr0p001,small_cnn,sgd,10,128,20000,0.001,0.9,0.0005,cuda,False,False,8,39,1138,0.967591404914856
label_sorted,2,results_v3_lr0p001,results_v3_lr0p001,small_cnn,sgd,10,128,20000,0.001,0.9,0.0005,cuda,False,False,8,40,1139,0.9346200227737427
label_sorted,2,results_v3_lr0p001,results_v3_lr0p001,small_cnn,sgd,10,128,20000,0.001,0.9,0.0005,cuda,False,False,8,41,1140,0.9845179915428162
label_sorted,2,results_v3_lr0p001,results_v3_lr0p001,small_cnn,sgd,10,128,20000,0.001,0.9,0.0005,cuda,False,False,8,42,1141,0.9775515794754028
label_sorted,2,results_v3_lr0p001,results_v3_lr0p001,small_cnn,sgd,10,128,20000,0.001,0.9,0.0005,cuda,False,False,8,43,1142,0.991814136505127
label_sorted,2,results_v3_lr0p001,results_v3_lr0p001,small_cnn,sgd,10,128,20000,0.001,0.9,0.0005,cuda,False,False,8,44,1143,0.995783805847168
label_sorted,2,results_v3_lr0p001,results_v3_lr0p001,small_cnn,sgd,10,128,20000,0.001,0.9,0.0005,cuda,False,False,8,45,1144,0.989098072052002
label_sorted,2,results_v3_lr0p001,results_v3_lr0p001,small_cnn,sgd,10,128,20000,0.001,0.9,0.0005,cuda,False,False,8,46,1145,0.9936122894287109
label_sorted,2,results_v3_lr0p001,results_v3_lr0p001,small_cnn,sgd,10,128,20000,0.001,0.9,0.0005,cuda,False,False,8,47,1146,0.879754364490509
label_sorted,2,results_v3_lr0p001,results_v3_lr0p001,small_cnn,sgd,10,128,20000,0.001,0.9,0.0005,cuda,False,False,8,48,1147,0.25932976603507996
label_sorted,2,results_v3_lr0p001,results_v3_lr0p001,small_cnn,sgd,10,128,20000,0.001,0.9,0.0005,cuda,False,False,8,49,1148,0.9957903027534485
label_sorted,2,results_v3_lr0p001,results_v3_lr0p001,small_cnn,sgd,10,128,20000,0.001,0.9,0.0005,cuda,False,False,8,50,1149,0.99333256483078
label_sorted,2,results_v3_lr0p001,results_v3_lr0p001,small_cnn,sgd,10,128,20000,0.001,0.9,0.0005,cuda,False,False,8,51,1150,0.9894986748695374
label_sorted,2,results_v3_lr0p001,results_v3_lr0p001,small_cnn,sgd,10,128,20000,0.001,0.9,0.0005,cuda,False,False,8,52,1151,0.9792371988296509
label_sorted,2,results_v3_lr0p001,results_v3_lr0p001,small_cnn,sgd,10,128,20000,0.001,0.9,0.0005,cuda,False,False,8,53,1152,0.9756559133529663
label_sorted,2,results_v3_lr0p001,results_v3_lr0p001,small_cnn,sgd,10,128,20000,0.001,0.9,0.0005,cuda,False,False,8,54,1153,0.9911588430404663
label_sorted,2,results_v3_lr0p001,results_v3_lr0p001,small_cnn,sgd,10,128,20000,0.001,0.9,0.0005,cuda,False,False,8,55,1154,0.982833981513977
label_sorted,2,results_v3_lr0p001,results_v3_lr0p001,small_cnn,sgd,10,128,20000,0.001,0.9,0.0005,cuda,False,False,8,56,1155,0.9900163412094116
label_sorted,2,results_v3_lr0p001,results_v3_lr0p001,small_cnn,sgd,10,128,20000,0.001,0.9,0.0005,cuda,False,False,8,57,1156,0.9921659231185913
label_sorted,2,results_v3_lr0p001,results_v3_lr0p001,small_cnn,sgd,10,128,20000,0.001,0.9,0.0005,cuda,False,False,8,58,1157,0.9935281276702881
label_sorted,2,results_v3_lr0p001,results_v3_lr0p001,small_cnn,sgd,10,128,20000,0.001,0.9,0.0005,cuda,False,False,8,59,1158,0.9948412179946899
label_sorted,2,results_v3_lr0p001,results_v3_lr0p001,small_cnn,sgd,10,128,20000,0.001,0.9,0.0005,cuda,False,False,8,60,1159,0.9840186834335327
label_sorted,2,results_v3_lr0p001,results_v3_lr0p001,small_cnn,sgd,10,128,20000,0.001,0.9,0.0005,cuda,False,False,8,61,1160,0.9857851266860962
label_sorted,2,results_v3_lr0p001,results_v3_lr0p001,small_cnn,sgd,10,128,20000,0.001,0.9,0.0005,cuda,False,False,8,62,1161,0.9896295070648193
label_sorted,2,results_v3_lr0p001,results_v3_lr0p001,small_cnn,sgd,10,128,20000,0.001,0.9,0.0005,cuda,False,False,8,63,1162,0.05819566175341606
label_sorted,2,results_v3_lr0p001,results_v3_lr0p001,small_cnn,sgd,10,128,20000,0.001,0.9,0.0005,cuda,False,False,8,64,1163,0.9842997789382935
label_sorted,2,results_v3_lr0p001,results_v3_lr0p001,small_cnn,sgd,10,128,20000,0.001,0.9,0.0005,cuda,False,False,8,65,1164,0.9971235990524292
label_sorted,2,results_v3_lr0p001,results_v3_lr0p001,small_cnn,sgd,10,128,20000,0.001,0.9,0.0005,cuda,False,False,8,66,1165,0.9969766736030579
label_sorted,2,results_v3_lr0p001,results_v3_lr0p001,small_cnn,sgd,10,128,20000,0.001,0.9,0.0005,cuda,False,False,8,67,1166,0.9825987815856934
label_sorted,2,results_v3_lr0p001,results_v3_lr0p001,small_cnn,sgd,10,128,20000,0.001,0.9,0.0005,cuda,False,False,8,68,1167,0.9915748834609985
label_sorted,2,results_v3_lr0p001,results_v3_lr0p001,small_cnn,sgd,10,128,20000,0.001,0.9,0.0005,cuda,False,False,8,69,1168,0.992043673992157
label_sorted,2,results_v3_lr0p001,results_v3_lr0p001,small_cnn,sgd,10,128,20000,0.001,0.9,0.0005,cuda,False,False,8,70,1169,0.9718444347381592
label_sorted,2,results_v3_lr0p001,results_v3_lr0p001,small_cnn,sgd,10,128,20000,0.001,0.9,0.0005,cuda,False,False,8,71,1170,0.9856594800949097
label_sorted,2,results_v3_lr0p001,results_v3_lr0p001,small_cnn,sgd,10,128,20000,0.001,0.9,0.0005,cuda,False,False,8,72,1171,0.9791685342788696
label_sorted,2,results_v3_lr0p001,results_v3_lr0p001,small_cnn,sgd,10,128,20000,0.001,0.9,0.0005,cuda,False,False,8,73,1172,0.9771466255187988
label_sorted,2,results_v3_lr0p001,results_v3_lr0p001,small_cnn,sgd,10,128,20000,0.001,0.9,0.0005,cuda,False,False,8,74,1173,0.9882635474205017
label_sorted,2,results_v3_lr0p001,results_v3_lr0p001,small_cnn,sgd,10,128,20000,0.001,0.9,0.0005,cuda,False,False,8,75,1174,0.9959496259689331
label_sorted,2,results_v3_lr0p001,results_v3_lr0p001,small_cnn,sgd,10,128,20000,0.001,0.9,0.0005,cuda,False,False,8,76,1175,0.9946314096450806
label_sorted,2,results_v3_lr0p001,results_v3_lr0p001,small_cnn,sgd,10,128,20000,0.001,0.9,0.0005,cuda,False,False,8,77,1176,0.9874178171157837
label_sorted,2,results_v3_lr0p001,results_v3_lr0p001,small_cnn,sgd,10,128,20000,0.001,0.9,0.0005,cuda,False,False,8,78,1177,0.9815100431442261
label_sorted,2,results_v3_lr0p001,results_v3_lr0p001,small_cnn,sgd,10,128,20000,0.001,0.9,0.0005,cuda,False,False,8,79,1178,-0.17331664264202118
label_sorted,2,results_v3_lr0p001,results_v3_lr0p001,small_cnn,sgd,10,128,20000,0.001,0.9,0.0005,cuda,False,False,8,80,1179,0.9950900673866272
label_sorted,2,results_v3_lr0p001,results_v3_lr0p001,small_cnn,sgd,10,128,20000,0.001,0.9,0.0005,cuda,False,False,8,81,1180,0.998131513595581
label_sorted,2,results_v3_lr0p001,results_v3_lr0p001,small_cnn,sgd,10,128,20000,0.001,0.9,0.0005,cuda,False,False,8,82,1181,0.9961008429527283
label_sorted,2,results_v3_lr0p001,results_v3_lr0p001,small_cnn,sgd,10,128,20000,0.001,0.9,0.0005,cuda,False,False,8,83,1182,0.9922667741775513
label_sorted,2,results_v3_lr0p001,results_v3_lr0p001,small_cnn,sgd,10,128,20000,0.001,0.9,0.0005,cuda,False,False,8,84,1183,0.9892839193344116
label_sorted,2,results_v3_lr0p001,results_v3_lr0p001,small_cnn,sgd,10,128,20000,0.001,0.9,0.0005,cuda,False,False,8,85,1184,0.9695659875869751
label_sorted,2,results_v3_lr0p001,results_v3_lr0p001,small_cnn,sgd,10,128,20000,0.001,0.9,0.0005,cuda,False,False,8,86,1185,0.9646766781806946
label_sorted,2,results_v3_lr0p001,results_v3_lr0p001,small_cnn,sgd,10,128,20000,0.001,0.9,0.0005,cuda,False,False,8,87,1186,0.9786453247070312
label_sorted,2,results_v3_lr0p001,results_v3_lr0p001,small_cnn,sgd,10,128,20000,0.001,0.9,0.0005,cuda,False,False,8,88,1187,0.932671070098877
label_sorted,2,results_v3_lr0p001,results_v3_lr0p001,small_cnn,sgd,10,128,20000,0.001,0.9,0.0005,cuda,False,False,8,89,1188,0.9864299297332764
label_sorted,2,results_v3_lr0p001,results_v3_lr0p001,small_cnn,sgd,10,128,20000,0.001,0.9,0.0005,cuda,False,False,8,90,1189,0.9721680283546448
label_sorted,2,results_v3_lr0p001,results_v3_lr0p001,small_cnn,sgd,10,128,20000,0.001,0.9,0.0005,cuda,False,False,8,91,1190,0.9909231662750244
label_sorted,2,results_v3_lr0p001,results_v3_lr0p001,small_cnn,sgd,10,128,20000,0.001,0.9,0.0005,cuda,False,False,8,92,1191,0.9947450757026672
label_sorted,2,results_v3_lr0p001,results_v3_lr0p001,small_cnn,sgd,10,128,20000,0.001,0.9,0.0005,cuda,False,False,8,93,1192,0.9960561990737915
label_sorted,2,results_v3_lr0p001,results_v3_lr0p001,small_cnn,sgd,10,128,20000,0.001,0.9,0.0005,cuda,False,False,8,94,1193,0.6733065843582153
label_sorted,2,results_v3_lr0p001,results_v3_lr0p001,small_cnn,sgd,10,128,20000,0.001,0.9,0.0005,cuda,False,False,8,95,1194,0.5507312417030334
label_sorted,2,results_v3_lr0p001,results_v3_lr0p001,small_cnn,sgd,10,128,20000,0.001,0.9,0.0005,cuda,False,False,8,96,1195,0.9953378438949585
label_sorted,2,results_v3_lr0p001,results_v3_lr0p001,small_cnn,sgd,10,128,20000,0.001,0.9,0.0005,cuda,False,False,8,97,1196,0.9928144216537476
label_sorted,2,results_v3_lr0p001,results_v3_lr0p001,small_cnn,sgd,10,128,20000,0.001,0.9,0.0005,cuda,False,False,8,98,1197,0.9929338097572327
label_sorted,2,results_v3_lr0p001,results_v3_lr0p001,small_cnn,sgd,10,128,20000,0.001,0.9,0.0005,cuda,False,False,8,99,1198,0.9913139343261719
label_sorted,2,results_v3_lr0p001,results_v3_lr0p001,small_cnn,sgd,10,128,20000,0.001,0.9,0.0005,cuda,False,False,8,100,1199,0.988625705242157
label_sorted,2,results_v3_lr0p001,results_v3_lr0p001,small_cnn,sgd,10,128,20000,0.001,0.9,0.0005,cuda,False,False,8,101,1200,0.9796477556228638
label_sorted,2,results_v3_lr0p001,results_v3_lr0p001,small_cnn,sgd,10,128,20000,0.001,0.9,0.0005,cuda,False,False,8,102,1201,0.9890896677970886
label_sorted,2,results_v3_lr0p001,results_v3_lr0p001,small_cnn,sgd,10,128,20000,0.001,0.9,0.0005,cuda,False,False,8,103,1202,0.9879652261734009
label_sorted,2,results_v3_lr0p001,results_v3_lr0p001,small_cnn,sgd,10,128,20000,0.001,0.9,0.0005,cuda,False,False,8,104,1203,0.991147518157959
label_sorted,2,results_v3_lr0p001,results_v3_lr0p001,small_cnn,sgd,10,128,20000,0.001,0.9,0.0005,cuda,False,False,8,105,1204,0.9939117431640625
label_sorted,2,results_v3_lr0p001,results_v3_lr0p001,small_cnn,sgd,10,128,20000,0.001,0.9,0.0005,cuda,False,False,8,106,1205,0.9946060180664062
label_sorted,2,results_v3_lr0p001,results_v3_lr0p001,small_cnn,sgd,10,128,20000,0.001,0.9,0.0005,cuda,False,False,8,107,1206,0.9973337054252625
label_sorted,2,results_v3_lr0p001,results_v3_lr0p001,small_cnn,sgd,10,128,20000,0.001,0.9,0.0005,cuda,False,False,8,108,1207,0.9937661290168762
label_sorted,2,results_v3_lr0p001,results_v3_lr0p001,small_cnn,sgd,10,128,20000,0.001,0.9,0.0005,cuda,False,False,8,109,1208,0.9948233366012573
label_sorted,2,results_v3_lr0p001,results_v3_lr0p001,small_cnn,sgd,10,128,20000,0.001,0.9,0.0005,cuda,False,False,8,110,1209,-0.6134501695632935
label_sorted,2,results_v3_lr0p001,results_v3_lr0p001,small_cnn,sgd,10,128,20000,0.001,0.9,0.0005,cuda,False,False,8,111,1210,0.9979352951049805
label_sorted,2,results_v3_lr0p001,results_v3_lr0p001,small_cnn,sgd,10,128,20000,0.001,0.9,0.0005,cuda,False,False,8,112,1211,0.9980060458183289
label_sorted,2,results_v3_lr0p001,results_v3_lr0p001,small_cnn,sgd,10,128,20000,0.001,0.9,0.0005,cuda,False,False,8,113,1212,0.9970760345458984
label_sorted,2,results_v3_lr0p001,results_v3_lr0p001,small_cnn,sgd,10,128,20000,0.001,0.9,0.0005,cuda,False,False,8,114,1213,0.9784451723098755
label_sorted,2,results_v3_lr0p001,results_v3_lr0p001,small_cnn,sgd,10,128,20000,0.001,0.9,0.0005,cuda,False,False,8,115,1214,0.9749919772148132
label_sorted,2,results_v3_lr0p001,results_v3_lr0p001,small_cnn,sgd,10,128,20000,0.001,0.9,0.0005,cuda,False,False,8,116,1215,0.9512159824371338
label_sorted,2,results_v3_lr0p001,results_v3_lr0p001,small_cnn,sgd,10,128,20000,0.001,0.9,0.0005,cuda,False,False,8,117,1216,0.926326334476471
label_sorted,2,results_v3_lr0p001,results_v3_lr0p001,small_cnn,sgd,10,128,20000,0.001,0.9,0.0005,cuda,False,False,8,118,1217,0.9554093480110168
label_sorted,2,results_v3_lr0p001,results_v3_lr0p001,small_cnn,sgd,10,128,20000,0.001,0.9,0.0005,cuda,False,False,8,119,1218,0.9796782732009888
label_sorted,2,results_v3_lr0p001,results_v3_lr0p001,small_cnn,sgd,10,128,20000,0.001,0.9,0.0005,cuda,False,False,8,120,1219,0.9844684600830078
label_sorted,2,results_v3_lr0p001,results_v3_lr0p001,small_cnn,sgd,10,128,20000,0.001,0.9,0.0005,cuda,False,False,8,121,1220,0.9931353330612183
label_sorted,2,results_v3_lr0p001,results_v3_lr0p001,small_cnn,sgd,10,128,20000,0.001,0.9,0.0005,cuda,False,False,8,122,1221,0.9887910485267639
label_sorted,2,results_v3_lr0p001,results_v3_lr0p001,small_cnn,sgd,10,128,20000,0.001,0.9,0.0005,cuda,False,False,8,123,1222,0.9986417889595032
label_sorted,2,results_v3_lr0p001,results_v3_lr0p001,small_cnn,sgd,10,128,20000,0.001,0.9,0.0005,cuda,False,False,8,124,1223,0.9985511302947998
label_sorted,2,results_v3_lr0p001,results_v3_lr0p001,small_cnn,sgd,10,128,20000,0.001,0.9,0.0005,cuda,False,False,8,125,1224,0.998985230922699
label_sorted,2,results_v3_lr0p001,results_v3_lr0p001,small_cnn,sgd,10,128,20000,0.001,0.9,0.0005,cuda,False,False,8,126,1225,-0.4507383704185486
label_sorted,2,results_v3_lr0p001,results_v3_lr0p001,small_cnn,sgd,10,128,20000,0.001,0.9,0.0005,cuda,False,False,8,127,1226,0.9949922561645508
label_sorted,2,results_v3_lr0p001,results_v3_lr0p001,small_cnn,sgd,10,128,20000,0.001,0.9,0.0005,cuda,False,False,8,128,1227,0.9902870655059814
label_sorted,2,results_v3_lr0p001,results_v3_lr0p001,small_cnn,sgd,10,128,20000,0.001,0.9,0.0005,cuda,False,False,8,129,1228,0.9932566285133362
label_sorted,2,results_v3_lr0p001,results_v3_lr0p001,small_cnn,sgd,10,128,20000,0.001,0.9,0.0005,cuda,False,False,8,130,1229,0.9860587120056152
label_sorted,2,results_v3_lr0p001,results_v3_lr0p001,small_cnn,sgd,10,128,20000,0.001,0.9,0.0005,cuda,False,False,8,131,1230,0.9916860461235046
label_sorted,2,results_v3_lr0p001,results_v3_lr0p001,small_cnn,sgd,10,128,20000,0.001,0.9,0.0005,cuda,False,False,8,132,1231,0.9918447136878967
label_sorted,2,results_v3_lr0p001,results_v3_lr0p001,small_cnn,sgd,10,128,20000,0.001,0.9,0.0005,cuda,False,False,8,133,1232,0.9876794815063477
label_sorted,2,results_v3_lr0p001,results_v3_lr0p001,small_cnn,sgd,10,128,20000,0.001,0.9,0.0005,cuda,False,False,8,134,1233,0.9760299921035767
label_sorted,2,results_v3_lr0p001,results_v3_lr0p001,small_cnn,sgd,10,128,20000,0.001,0.9,0.0005,cuda,False,False,8,135,1234,0.9786081314086914
label_sorted,2,results_v3_lr0p001,results_v3_lr0p001,small_cnn,sgd,10,128,20000,0.001,0.9,0.0005,cuda,False,False,8,136,1235,0.9821063876152039
label_sorted,2,results_v3_lr0p001,results_v3_lr0p001,small_cnn,sgd,10,128,20000,0.001,0.9,0.0005,cuda,False,False,8,137,1236,0.983856201171875
label_sorted,2,results_v3_lr0p001,results_v3_lr0p001,small_cnn,sgd,10,128,20000,0.001,0.9,0.0005,cuda,False,False,8,138,1237,0.9895118474960327
label_sorted,2,results_v3_lr0p001,results_v3_lr0p001,small_cnn,sgd,10,128,20000,0.001,0.9,0.0005,cuda,False,False,8,139,1238,0.9932472705841064
label_sorted,2,results_v3_lr0p001,results_v3_lr0p001,small_cnn,sgd,10,128,20000,0.001,0.9,0.0005,cuda,False,False,8,140,1239,0.993060290813446
label_sorted,2,results_v3_lr0p001,results_v3_lr0p001,small_cnn,sgd,10,128,20000,0.001,0.9,0.0005,cuda,False,False,8,141,1240,0.07322772592306137
label_sorted,2,results_v3_lr0p001,results_v3_lr0p001,small_cnn,sgd,10,128,20000,0.001,0.9,0.0005,cuda,False,False,8,142,1241,0.7970364093780518
label_sorted,2,results_v3_lr0p001,results_v3_lr0p001,small_cnn,sgd,10,128,20000,0.001,0.9,0.0005,cuda,False,False,8,143,1242,0.9971065521240234
label_sorted,2,results_v3_lr0p001,results_v3_lr0p001,small_cnn,sgd,10,128,20000,0.001,0.9,0.0005,cuda,False,False,8,144,1243,0.9973653554916382
label_sorted,2,results_v3_lr0p001,results_v3_lr0p001,small_cnn,sgd,10,128,20000,0.001,0.9,0.0005,cuda,False,False,8,145,1244,0.9958042502403259
label_sorted,2,results_v3_lr0p001,results_v3_lr0p001,small_cnn,sgd,10,128,20000,0.001,0.9,0.0005,cuda,False,False,8,146,1245,0.9913327693939209
label_sorted,2,results_v3_lr0p001,results_v3_lr0p001,small_cnn,sgd,10,128,20000,0.001,0.9,0.0005,cuda,False,False,8,147,1246,0.9941215515136719
label_sorted,2,results_v3_lr0p001,results_v3_lr0p001,small_cnn,sgd,10,128,20000,0.001,0.9,0.0005,cuda,False,False,8,148,1247,0.9936902523040771
label_sorted,2,results_v3_lr0p001,results_v3_lr0p001,small_cnn,sgd,10,128,20000,0.001,0.9,0.0005,cuda,False,False,8,149,1248,0.9882724285125732
label_sorted,2,results_v3_lr0p001,results_v3_lr0p001,small_cnn,sgd,10,128,20000,0.001,0.9,0.0005,cuda,False,False,8,150,1249,0.987234354019165
label_sorted,2,results_v3_lr0p001,results_v3_lr0p001,small_cnn,sgd,10,128,20000,0.001,0.9,0.0005,cuda,False,False,8,151,1250,0.9883832931518555
label_sorted,2,results_v3_lr0p001,results_v3_lr0p001,small_cnn,sgd,10,128,20000,0.001,0.9,0.0005,cuda,False,False,8,152,1251,0.9893468618392944
label_sorted,2,results_v3_lr0p001,results_v3_lr0p001,small_cnn,sgd,10,128,20000,0.001,0.9,0.0005,cuda,False,False,8,153,1252,0.9929783344268799
label_sorted,2,results_v3_lr0p001,results_v3_lr0p001,small_cnn,sgd,10,128,20000,0.001,0.9,0.0005,cuda,False,False,8,154,1253,0.9909416437149048
label_sorted,2,results_v3_lr0p001,results_v3_lr0p001,small_cnn,sgd,10,128,20000,0.001,0.9,0.0005,cuda,False,False,8,155,1254,0.9912721514701843
label_sorted,2,results_v3_lr0p001,results_v3_lr0p001,small_cnn,sgd,10,128,20000,0.001,0.9,0.0005,cuda,False,False,8,156,1255,0.9888261556625366
label_sorted,2,results_v3_lr0p001,results_v3_lr0p001,small_cnn,sgd,10,128,20000,0.001,0.9,0.0005,cuda,False,False,8,157,1256,0.9784340262413025
label_sorted,2,results_v3_lr0p001,results_v3_lr0p001,small_cnn,sgd,10,128,20000,0.001,0.9,0.0005,cuda,False,False,9,1,1257,-0.6308501958847046
label_sorted,2,results_v3_lr0p001,results_v3_lr0p001,small_cnn,sgd,10,128,20000,0.001,0.9,0.0005,cuda,False,False,9,2,1258,0.9950932264328003
label_sorted,2,results_v3_lr0p001,results_v3_lr0p001,small_cnn,sgd,10,128,20000,0.001,0.9,0.0005,cuda,False,False,9,3,1259,0.9970539808273315
label_sorted,2,results_v3_lr0p001,results_v3_lr0p001,small_cnn,sgd,10,128,20000,0.001,0.9,0.0005,cuda,False,False,9,4,1260,0.9956893920898438
label_sorted,2,results_v3_lr0p001,results_v3_lr0p001,small_cnn,sgd,10,128,20000,0.001,0.9,0.0005,cuda,False,False,9,5,1261,0.9817999601364136
label_sorted,2,results_v3_lr0p001,results_v3_lr0p001,small_cnn,sgd,10,128,20000,0.001,0.9,0.0005,cuda,False,False,9,6,1262,0.980888307094574
label_sorted,2,results_v3_lr0p001,results_v3_lr0p001,small_cnn,sgd,10,128,20000,0.001,0.9,0.0005,cuda,False,False,9,7,1263,0.9462090730667114
label_sorted,2,results_v3_lr0p001,results_v3_lr0p001,small_cnn,sgd,10,128,20000,0.001,0.9,0.0005,cuda,False,False,9,8,1264,0.9562362432479858
label_sorted,2,results_v3_lr0p001,results_v3_lr0p001,small_cnn,sgd,10,128,20000,0.001,0.9,0.0005,cuda,False,False,9,9,1265,0.9223475456237793
label_sorted,2,results_v3_lr0p001,results_v3_lr0p001,small_cnn,sgd,10,128,20000,0.001,0.9,0.0005,cuda,False,False,9,10,1266,0.9919157028198242
label_sorted,2,results_v3_lr0p001,results_v3_lr0p001,small_cnn,sgd,10,128,20000,0.001,0.9,0.0005,cuda,False,False,9,11,1267,0.990543782711029
label_sorted,2,results_v3_lr0p001,results_v3_lr0p001,small_cnn,sgd,10,128,20000,0.001,0.9,0.0005,cuda,False,False,9,12,1268,0.9957593679428101
label_sorted,2,results_v3_lr0p001,results_v3_lr0p001,small_cnn,sgd,10,128,20000,0.001,0.9,0.0005,cuda,False,False,9,13,1269,0.9960513710975647
label_sorted,2,results_v3_lr0p001,results_v3_lr0p001,small_cnn,sgd,10,128,20000,0.001,0.9,0.0005,cuda,False,False,9,14,1270,0.9974514245986938
label_sorted,2,results_v3_lr0p001,results_v3_lr0p001,small_cnn,sgd,10,128,20000,0.001,0.9,0.0005,cuda,False,False,9,15,1271,0.9974645376205444
label_sorted,2,results_v3_lr0p001,results_v3_lr0p001,small_cnn,sgd,10,128,20000,0.001,0.9,0.0005,cuda,False,False,9,16,1272,-0.11039532721042633
label_sorted,2,results_v3_lr0p001,results_v3_lr0p001,small_cnn,sgd,10,128,20000,0.001,0.9,0.0005,cuda,False,False,9,17,1273,0.8711577653884888
label_sorted,2,results_v3_lr0p001,results_v3_lr0p001,small_cnn,sgd,10,128,20000,0.001,0.9,0.0005,cuda,False,False,9,18,1274,0.9970608949661255
label_sorted,2,results_v3_lr0p001,results_v3_lr0p001,small_cnn,sgd,10,128,20000,0.001,0.9,0.0005,cuda,False,False,9,19,1275,0.9969483613967896
label_sorted,2,results_v3_lr0p001,results_v3_lr0p001,small_cnn,sgd,10,128,20000,0.001,0.9,0.0005,cuda,False,False,9,20,1276,0.9899219274520874
label_sorted,2,results_v3_lr0p001,results_v3_lr0p001,small_cnn,sgd,10,128,20000,0.001,0.9,0.0005,cuda,False,False,9,21,1277,0.972942054271698
label_sorted,2,results_v3_lr0p001,results_v3_lr0p001,small_cnn,sgd,10,128,20000,0.001,0.9,0.0005,cuda,False,False,9,22,1278,0.9223273992538452
label_sorted,2,results_v3_lr0p001,results_v3_lr0p001,small_cnn,sgd,10,128,20000,0.001,0.9,0.0005,cuda,False,False,9,23,1279,0.9451417922973633
label_sorted,2,results_v3_lr0p001,results_v3_lr0p001,small_cnn,sgd,10,128,20000,0.001,0.9,0.0005,cuda,False,False,9,24,1280,0.9759339690208435
label_sorted,2,results_v3_lr0p001,results_v3_lr0p001,small_cnn,sgd,10,128,20000,0.001,0.9,0.0005,cuda,False,False,9,25,1281,0.9752573370933533
label_sorted,2,results_v3_lr0p001,results_v3_lr0p001,small_cnn,sgd,10,128,20000,0.001,0.9,0.0005,cuda,False,False,9,26,1282,0.9915071129798889
label_sorted,2,results_v3_lr0p001,results_v3_lr0p001,small_cnn,sgd,10,128,20000,0.001,0.9,0.0005,cuda,False,False,9,27,1283,0.9969614744186401
label_sorted,2,results_v3_lr0p001,results_v3_lr0p001,small_cnn,sgd,10,128,20000,0.001,0.9,0.0005,cuda,False,False,9,28,1284,0.9980543255805969
label_sorted,2,results_v3_lr0p001,results_v3_lr0p001,small_cnn,sgd,10,128,20000,0.001,0.9,0.0005,cuda,False,False,9,29,1285,0.9941223859786987
label_sorted,2,results_v3_lr0p001,results_v3_lr0p001,small_cnn,sgd,10,128,20000,0.001,0.9,0.0005,cuda,False,False,9,30,1286,0.9967321157455444
label_sorted,2,results_v3_lr0p001,results_v3_lr0p001,small_cnn,sgd,10,128,20000,0.001,0.9,0.0005,cuda,False,False,9,31,1287,0.9954975247383118
label_sorted,2,results_v3_lr0p001,results_v3_lr0p001,small_cnn,sgd,10,128,20000,0.001,0.9,0.0005,cuda,False,False,9,32,1288,-0.24514594674110413
label_sorted,2,results_v3_lr0p001,results_v3_lr0p001,small_cnn,sgd,10,128,20000,0.001,0.9,0.0005,cuda,False,False,9,33,1289,0.9880744218826294
label_sorted,2,results_v3_lr0p001,results_v3_lr0p001,small_cnn,sgd,10,128,20000,0.001,0.9,0.0005,cuda,False,False,9,34,1290,0.9938781261444092
label_sorted,2,results_v3_lr0p001,results_v3_lr0p001,small_cnn,sgd,10,128,20000,0.001,0.9,0.0005,cuda,False,False,9,35,1291,0.9951695203781128
label_sorted,2,results_v3_lr0p001,results_v3_lr0p001,small_cnn,sgd,10,128,20000,0.001,0.9,0.0005,cuda,False,False,9,36,1292,0.9935542941093445
label_sorted,2,results_v3_lr0p001,results_v3_lr0p001,small_cnn,sgd,10,128,20000,0.001,0.9,0.0005,cuda,False,False,9,37,1293,0.990149974822998
label_sorted,2,results_v3_lr0p001,results_v3_lr0p001,small_cnn,sgd,10,128,20000,0.001,0.9,0.0005,cuda,False,False,9,38,1294,0.972673237323761
label_sorted,2,results_v3_lr0p001,results_v3_lr0p001,small_cnn,sgd,10,128,20000,0.001,0.9,0.0005,cuda,False,False,9,39,1295,0.9919083118438721
label_sorted,2,results_v3_lr0p001,results_v3_lr0p001,small_cnn,sgd,10,128,20000,0.001,0.9,0.0005,cuda,False,False,9,40,1296,0.9744794964790344
label_sorted,2,results_v3_lr0p001,results_v3_lr0p001,small_cnn,sgd,10,128,20000,0.001,0.9,0.0005,cuda,False,False,9,41,1297,0.9785319566726685
label_sorted,2,results_v3_lr0p001,results_v3_lr0p001,small_cnn,sgd,10,128,20000,0.001,0.9,0.0005,cuda,False,False,9,42,1298,0.9563366174697876
label_sorted,2,results_v3_lr0p001,results_v3_lr0p001,small_cnn,sgd,10,128,20000,0.001,0.9,0.0005,cuda,False,False,9,43,1299,0.9901127219200134
label_sorted,2,results_v3_lr0p001,results_v3_lr0p001,small_cnn,sgd,10,128,20000,0.001,0.9,0.0005,cuda,False,False,9,44,1300,0.9951094388961792
label_sorted,2,results_v3_lr0p001,results_v3_lr0p001,small_cnn,sgd,10,128,20000,0.001,0.9,0.0005,cuda,False,False,9,45,1301,0.9810688495635986
label_sorted,2,results_v3_lr0p001,results_v3_lr0p001,small_cnn,sgd,10,128,20000,0.001,0.9,0.0005,cuda,False,False,9,46,1302,0.9910385012626648
label_sorted,2,results_v3_lr0p001,results_v3_lr0p001,small_cnn,sgd,10,128,20000,0.001,0.9,0.0005,cuda,False,False,9,47,1303,0.42483335733413696
label_sorted,2,results_v3_lr0p001,results_v3_lr0p001,small_cnn,sgd,10,128,20000,0.001,0.9,0.0005,cuda,False,False,9,48,1304,0.7439790964126587
label_sorted,2,results_v3_lr0p001,results_v3_lr0p001,small_cnn,sgd,10,128,20000,0.001,0.9,0.0005,cuda,False,False,9,49,1305,0.9971867203712463
label_sorted,2,results_v3_lr0p001,results_v3_lr0p001,small_cnn,sgd,10,128,20000,0.001,0.9,0.0005,cuda,False,False,9,50,1306,0.9971232414245605
label_sorted,2,results_v3_lr0p001,results_v3_lr0p001,small_cnn,sgd,10,128,20000,0.001,0.9,0.0005,cuda,False,False,9,51,1307,0.9943668842315674
label_sorted,2,results_v3_lr0p001,results_v3_lr0p001,small_cnn,sgd,10,128,20000,0.001,0.9,0.0005,cuda,False,False,9,52,1308,0.9864131212234497
label_sorted,2,results_v3_lr0p001,results_v3_lr0p001,small_cnn,sgd,10,128,20000,0.001,0.9,0.0005,cuda,False,False,9,53,1309,0.9717541337013245
label_sorted,2,results_v3_lr0p001,results_v3_lr0p001,small_cnn,sgd,10,128,20000,0.001,0.9,0.0005,cuda,False,False,9,54,1310,0.9807224273681641
label_sorted,2,results_v3_lr0p001,results_v3_lr0p001,small_cnn,sgd,10,128,20000,0.001,0.9,0.0005,cuda,False,False,9,55,1311,0.9142031073570251
label_sorted,2,results_v3_lr0p001,results_v3_lr0p001,small_cnn,sgd,10,128,20000,0.001,0.9,0.0005,cuda,False,False,9,56,1312,0.9581078886985779
label_sorted,2,results_v3_lr0p001,results_v3_lr0p001,small_cnn,sgd,10,128,20000,0.001,0.9,0.0005,cuda,False,False,9,57,1313,0.963838517665863
label_sorted,2,results_v3_lr0p001,results_v3_lr0p001,small_cnn,sgd,10,128,20000,0.001,0.9,0.0005,cuda,False,False,9,58,1314,0.990937352180481
label_sorted,2,results_v3_lr0p001,results_v3_lr0p001,small_cnn,sgd,10,128,20000,0.001,0.9,0.0005,cuda,False,False,9,59,1315,0.9880319833755493
label_sorted,2,results_v3_lr0p001,results_v3_lr0p001,small_cnn,sgd,10,128,20000,0.001,0.9,0.0005,cuda,False,False,9,60,1316,0.9801064133644104
label_sorted,2,results_v3_lr0p001,results_v3_lr0p001,small_cnn,sgd,10,128,20000,0.001,0.9,0.0005,cuda,False,False,9,61,1317,0.9901584386825562
label_sorted,2,results_v3_lr0p001,results_v3_lr0p001,small_cnn,sgd,10,128,20000,0.001,0.9,0.0005,cuda,False,False,9,62,1318,0.9843957424163818
label_sorted,2,results_v3_lr0p001,results_v3_lr0p001,small_cnn,sgd,10,128,20000,0.001,0.9,0.0005,cuda,False,False,9,63,1319,0.19271279871463776
label_sorted,2,results_v3_lr0p001,results_v3_lr0p001,small_cnn,sgd,10,128,20000,0.001,0.9,0.0005,cuda,False,False,9,64,1320,0.9743720889091492
label_sorted,2,results_v3_lr0p001,results_v3_lr0p001,small_cnn,sgd,10,128,20000,0.001,0.9,0.0005,cuda,False,False,9,65,1321,0.9936726093292236
label_sorted,2,results_v3_lr0p001,results_v3_lr0p001,small_cnn,sgd,10,128,20000,0.001,0.9,0.0005,cuda,False,False,9,66,1322,0.9926328063011169
label_sorted,2,results_v3_lr0p001,results_v3_lr0p001,small_cnn,sgd,10,128,20000,0.001,0.9,0.0005,cuda,False,False,9,67,1323,0.9853622317314148
label_sorted,2,results_v3_lr0p001,results_v3_lr0p001,small_cnn,sgd,10,128,20000,0.001,0.9,0.0005,cuda,False,False,9,68,1324,0.9873355627059937
label_sorted,2,results_v3_lr0p001,results_v3_lr0p001,small_cnn,sgd,10,128,20000,0.001,0.9,0.0005,cuda,False,False,9,69,1325,0.9950389862060547
label_sorted,2,results_v3_lr0p001,results_v3_lr0p001,small_cnn,sgd,10,128,20000,0.001,0.9,0.0005,cuda,False,False,9,70,1326,0.9764726758003235
label_sorted,2,results_v3_lr0p001,results_v3_lr0p001,small_cnn,sgd,10,128,20000,0.001,0.9,0.0005,cuda,False,False,9,71,1327,0.9901624321937561
label_sorted,2,results_v3_lr0p001,results_v3_lr0p001,small_cnn,sgd,10,128,20000,0.001,0.9,0.0005,cuda,False,False,9,72,1328,0.9905737638473511
label_sorted,2,results_v3_lr0p001,results_v3_lr0p001,small_cnn,sgd,10,128,20000,0.001,0.9,0.0005,cuda,False,False,9,73,1329,0.9911609888076782
label_sorted,2,results_v3_lr0p001,results_v3_lr0p001,small_cnn,sgd,10,128,20000,0.001,0.9,0.0005,cuda,False,False,9,74,1330,0.9803543090820312
label_sorted,2,results_v3_lr0p001,results_v3_lr0p001,small_cnn,sgd,10,128,20000,0.001,0.9,0.0005,cuda,False,False,9,75,1331,0.9907618165016174
label_sorted,2,results_v3_lr0p001,results_v3_lr0p001,small_cnn,sgd,10,128,20000,0.001,0.9,0.0005,cuda,False,False,9,76,1332,0.9935924410820007
label_sorted,2,results_v3_lr0p001,results_v3_lr0p001,small_cnn,sgd,10,128,20000,0.001,0.9,0.0005,cuda,False,False,9,77,1333,0.9732135534286499
label_sorted,2,results_v3_lr0p001,results_v3_lr0p001,small_cnn,sgd,10,128,20000,0.001,0.9,0.0005,cuda,False,False,9,78,1334,0.9614131450653076
label_sorted,2,results_v3_lr0p001,results_v3_lr0p001,small_cnn,sgd,10,128,20000,0.001,0.9,0.0005,cuda,False,False,9,79,1335,0.06990368664264679
label_sorted,2,results_v3_lr0p001,results_v3_lr0p001,small_cnn,sgd,10,128,20000,0.001,0.9,0.0005,cuda,False,False,9,80,1336,0.9873232841491699
label_sorted,2,results_v3_lr0p001,results_v3_lr0p001,small_cnn,sgd,10,128,20000,0.001,0.9,0.0005,cuda,False,False,9,81,1337,0.9946211576461792
label_sorted,2,results_v3_lr0p001,results_v3_lr0p001,small_cnn,sgd,10,128,20000,0.001,0.9,0.0005,cuda,False,False,9,82,1338,0.9806476831436157
label_sorted,2,results_v3_lr0p001,results_v3_lr0p001,small_cnn,sgd,10,128,20000,0.001,0.9,0.0005,cuda,False,False,9,83,1339,0.9850426912307739
label_sorted,2,results_v3_lr0p001,results_v3_lr0p001,small_cnn,sgd,10,128,20000,0.001,0.9,0.0005,cuda,False,False,9,84,1340,0.9943257570266724
label_sorted,2,results_v3_lr0p001,results_v3_lr0p001,small_cnn,sgd,10,128,20000,0.001,0.9,0.0005,cuda,False,False,9,85,1341,0.9891685247421265
label_sorted,2,results_v3_lr0p001,results_v3_lr0p001,small_cnn,sgd,10,128,20000,0.001,0.9,0.0005,cuda,False,False,9,86,1342,0.9909601211547852
label_sorted,2,results_v3_lr0p001,results_v3_lr0p001,small_cnn,sgd,10,128,20000,0.001,0.9,0.0005,cuda,False,False,9,87,1343,0.9874471426010132
label_sorted,2,results_v3_lr0p001,results_v3_lr0p001,small_cnn,sgd,10,128,20000,0.001,0.9,0.0005,cuda,False,False,9,88,1344,0.9759018421173096
label_sorted,2,results_v3_lr0p001,results_v3_lr0p001,small_cnn,sgd,10,128,20000,0.001,0.9,0.0005,cuda,False,False,9,89,1345,0.9858013391494751
label_sorted,2,results_v3_lr0p001,results_v3_lr0p001,small_cnn,sgd,10,128,20000,0.001,0.9,0.0005,cuda,False,False,9,90,1346,0.9417943954467773
label_sorted,2,results_v3_lr0p001,results_v3_lr0p001,small_cnn,sgd,10,128,20000,0.001,0.9,0.0005,cuda,False,False,9,91,1347,0.9891093969345093
label_sorted,2,results_v3_lr0p001,results_v3_lr0p001,small_cnn,sgd,10,128,20000,0.001,0.9,0.0005,cuda,False,False,9,92,1348,0.9898535013198853
label_sorted,2,results_v3_lr0p001,results_v3_lr0p001,small_cnn,sgd,10,128,20000,0.001,0.9,0.0005,cuda,False,False,9,93,1349,0.9792920351028442
label_sorted,2,results_v3_lr0p001,results_v3_lr0p001,small_cnn,sgd,10,128,20000,0.001,0.9,0.0005,cuda,False,False,9,94,1350,0.4744132161140442
label_sorted,2,results_v3_lr0p001,results_v3_lr0p001,small_cnn,sgd,10,128,20000,0.001,0.9,0.0005,cuda,False,False,9,95,1351,0.8214113712310791
label_sorted,2,results_v3_lr0p001,results_v3_lr0p001,small_cnn,sgd,10,128,20000,0.001,0.9,0.0005,cuda,False,False,9,96,1352,0.9976149201393127
label_sorted,2,results_v3_lr0p001,results_v3_lr0p001,small_cnn,sgd,10,128,20000,0.001,0.9,0.0005,cuda,False,False,9,97,1353,0.9958077669143677
label_sorted,2,results_v3_lr0p001,results_v3_lr0p001,small_cnn,sgd,10,128,20000,0.001,0.9,0.0005,cuda,False,False,9,98,1354,0.9960775375366211
label_sorted,2,results_v3_lr0p001,results_v3_lr0p001,small_cnn,sgd,10,128,20000,0.001,0.9,0.0005,cuda,False,False,9,99,1355,0.992121160030365
label_sorted,2,results_v3_lr0p001,results_v3_lr0p001,small_cnn,sgd,10,128,20000,0.001,0.9,0.0005,cuda,False,False,9,100,1356,0.9870386123657227
label_sorted,2,results_v3_lr0p001,results_v3_lr0p001,small_cnn,sgd,10,128,20000,0.001,0.9,0.0005,cuda,False,False,9,101,1357,0.9771202802658081
label_sorted,2,results_v3_lr0p001,results_v3_lr0p001,small_cnn,sgd,10,128,20000,0.001,0.9,0.0005,cuda,False,False,9,102,1358,0.9783310294151306
label_sorted,2,results_v3_lr0p001,results_v3_lr0p001,small_cnn,sgd,10,128,20000,0.001,0.9,0.0005,cuda,False,False,9,103,1359,0.9786539673805237
label_sorted,2,results_v3_lr0p001,results_v3_lr0p001,small_cnn,sgd,10,128,20000,0.001,0.9,0.0005,cuda,False,False,9,104,1360,0.9840250015258789
label_sorted,2,results_v3_lr0p001,results_v3_lr0p001,small_cnn,sgd,10,128,20000,0.001,0.9,0.0005,cuda,False,False,9,105,1361,0.9812158942222595
label_sorted,2,results_v3_lr0p001,results_v3_lr0p001,small_cnn,sgd,10,128,20000,0.001,0.9,0.0005,cuda,False,False,9,106,1362,0.9829508066177368
label_sorted,2,results_v3_lr0p001,results_v3_lr0p001,small_cnn,sgd,10,128,20000,0.001,0.9,0.0005,cuda,False,False,9,107,1363,0.9915770888328552
label_sorted,2,results_v3_lr0p001,results_v3_lr0p001,small_cnn,sgd,10,128,20000,0.001,0.9,0.0005,cuda,False,False,9,108,1364,0.9880844354629517
label_sorted,2,results_v3_lr0p001,results_v3_lr0p001,small_cnn,sgd,10,128,20000,0.001,0.9,0.0005,cuda,False,False,9,109,1365,0.9930714964866638
label_sorted,2,results_v3_lr0p001,results_v3_lr0p001,small_cnn,sgd,10,128,20000,0.001,0.9,0.0005,cuda,False,False,9,110,1366,0.2847488820552826
label_sorted,2,results_v3_lr0p001,results_v3_lr0p001,small_cnn,sgd,10,128,20000,0.001,0.9,0.0005,cuda,False,False,9,111,1367,0.9462283253669739
label_sorted,2,results_v3_lr0p001,results_v3_lr0p001,small_cnn,sgd,10,128,20000,0.001,0.9,0.0005,cuda,False,False,9,112,1368,0.99662184715271
label_sorted,2,results_v3_lr0p001,results_v3_lr0p001,small_cnn,sgd,10,128,20000,0.001,0.9,0.0005,cuda,False,False,9,113,1369,0.9977115988731384
label_sorted,2,results_v3_lr0p001,results_v3_lr0p001,small_cnn,sgd,10,128,20000,0.001,0.9,0.0005,cuda,False,False,9,114,1370,0.9958392977714539
label_sorted,2,results_v3_lr0p001,results_v3_lr0p001,small_cnn,sgd,10,128,20000,0.001,0.9,0.0005,cuda,False,False,9,115,1371,0.9921346306800842
label_sorted,2,results_v3_lr0p001,results_v3_lr0p001,small_cnn,sgd,10,128,20000,0.001,0.9,0.0005,cuda,False,False,9,116,1372,0.996726393699646
label_sorted,2,results_v3_lr0p001,results_v3_lr0p001,small_cnn,sgd,10,128,20000,0.001,0.9,0.0005,cuda,False,False,9,117,1373,0.9942166209220886
label_sorted,2,results_v3_lr0p001,results_v3_lr0p001,small_cnn,sgd,10,128,20000,0.001,0.9,0.0005,cuda,False,False,9,118,1374,0.995025098323822
label_sorted,2,results_v3_lr0p001,results_v3_lr0p001,small_cnn,sgd,10,128,20000,0.001,0.9,0.0005,cuda,False,False,9,119,1375,0.9971174001693726
label_sorted,2,results_v3_lr0p001,results_v3_lr0p001,small_cnn,sgd,10,128,20000,0.001,0.9,0.0005,cuda,False,False,9,120,1376,0.9958369731903076
label_sorted,2,results_v3_lr0p001,results_v3_lr0p001,small_cnn,sgd,10,128,20000,0.001,0.9,0.0005,cuda,False,False,9,121,1377,0.9956859946250916
label_sorted,2,results_v3_lr0p001,results_v3_lr0p001,small_cnn,sgd,10,128,20000,0.001,0.9,0.0005,cuda,False,False,9,122,1378,0.9919797778129578
label_sorted,2,results_v3_lr0p001,results_v3_lr0p001,small_cnn,sgd,10,128,20000,0.001,0.9,0.0005,cuda,False,False,9,123,1379,0.9967847466468811
label_sorted,2,results_v3_lr0p001,results_v3_lr0p001,small_cnn,sgd,10,128,20000,0.001,0.9,0.0005,cuda,False,False,9,124,1380,0.9974178075790405
label_sorted,2,results_v3_lr0p001,results_v3_lr0p001,small_cnn,sgd,10,128,20000,0.001,0.9,0.0005,cuda,False,False,9,125,1381,0.9976063370704651
label_sorted,2,results_v3_lr0p001,results_v3_lr0p001,small_cnn,sgd,10,128,20000,0.001,0.9,0.0005,cuda,False,False,9,126,1382,-0.046449609100818634
label_sorted,2,results_v3_lr0p001,results_v3_lr0p001,small_cnn,sgd,10,128,20000,0.001,0.9,0.0005,cuda,False,False,9,127,1383,0.994496762752533
label_sorted,2,results_v3_lr0p001,results_v3_lr0p001,small_cnn,sgd,10,128,20000,0.001,0.9,0.0005,cuda,False,False,9,128,1384,0.9898977279663086
label_sorted,2,results_v3_lr0p001,results_v3_lr0p001,small_cnn,sgd,10,128,20000,0.001,0.9,0.0005,cuda,False,False,9,129,1385,0.9898606538772583
label_sorted,2,results_v3_lr0p001,results_v3_lr0p001,small_cnn,sgd,10,128,20000,0.001,0.9,0.0005,cuda,False,False,9,130,1386,0.9800454378128052
label_sorted,2,results_v3_lr0p001,results_v3_lr0p001,small_cnn,sgd,10,128,20000,0.001,0.9,0.0005,cuda,False,False,9,131,1387,0.991362452507019
label_sorted,2,results_v3_lr0p001,results_v3_lr0p001,small_cnn,sgd,10,128,20000,0.001,0.9,0.0005,cuda,False,False,9,132,1388,0.97670978307724
label_sorted,2,results_v3_lr0p001,results_v3_lr0p001,small_cnn,sgd,10,128,20000,0.001,0.9,0.0005,cuda,False,False,9,133,1389,0.9905295372009277
label_sorted,2,results_v3_lr0p001,results_v3_lr0p001,small_cnn,sgd,10,128,20000,0.001,0.9,0.0005,cuda,False,False,9,134,1390,0.9764255285263062
label_sorted,2,results_v3_lr0p001,results_v3_lr0p001,small_cnn,sgd,10,128,20000,0.001,0.9,0.0005,cuda,False,False,9,135,1391,0.9870020747184753
label_sorted,2,results_v3_lr0p001,results_v3_lr0p001,small_cnn,sgd,10,128,20000,0.001,0.9,0.0005,cuda,False,False,9,136,1392,0.9811319708824158
label_sorted,2,results_v3_lr0p001,results_v3_lr0p001,small_cnn,sgd,10,128,20000,0.001,0.9,0.0005,cuda,False,False,9,137,1393,0.9929901361465454
label_sorted,2,results_v3_lr0p001,results_v3_lr0p001,small_cnn,sgd,10,128,20000,0.001,0.9,0.0005,cuda,False,False,9,138,1394,0.995043933391571
label_sorted,2,results_v3_lr0p001,results_v3_lr0p001,small_cnn,sgd,10,128,20000,0.001,0.9,0.0005,cuda,False,False,9,139,1395,0.9928175210952759
label_sorted,2,results_v3_lr0p001,results_v3_lr0p001,small_cnn,sgd,10,128,20000,0.001,0.9,0.0005,cuda,False,False,9,140,1396,0.9947470426559448
label_sorted,2,results_v3_lr0p001,results_v3_lr0p001,small_cnn,sgd,10,128,20000,0.001,0.9,0.0005,cuda,False,False,9,141,1397,-0.3989359736442566
label_sorted,2,results_v3_lr0p001,results_v3_lr0p001,small_cnn,sgd,10,128,20000,0.001,0.9,0.0005,cuda,False,False,9,142,1398,0.9721481800079346
label_sorted,2,results_v3_lr0p001,results_v3_lr0p001,small_cnn,sgd,10,128,20000,0.001,0.9,0.0005,cuda,False,False,9,143,1399,0.9977933764457703
label_sorted,2,results_v3_lr0p001,results_v3_lr0p001,small_cnn,sgd,10,128,20000,0.001,0.9,0.0005,cuda,False,False,9,144,1400,0.9968804717063904
label_sorted,2,results_v3_lr0p001,results_v3_lr0p001,small_cnn,sgd,10,128,20000,0.001,0.9,0.0005,cuda,False,False,9,145,1401,0.9921253323554993
label_sorted,2,results_v3_lr0p001,results_v3_lr0p001,small_cnn,sgd,10,128,20000,0.001,0.9,0.0005,cuda,False,False,9,146,1402,0.9897328615188599
label_sorted,2,results_v3_lr0p001,results_v3_lr0p001,small_cnn,sgd,10,128,20000,0.001,0.9,0.0005,cuda,False,False,9,147,1403,0.9830552339553833
label_sorted,2,results_v3_lr0p001,results_v3_lr0p001,small_cnn,sgd,10,128,20000,0.001,0.9,0.0005,cuda,False,False,9,148,1404,0.9833923578262329
label_sorted,2,results_v3_lr0p001,results_v3_lr0p001,small_cnn,sgd,10,128,20000,0.001,0.9,0.0005,cuda,False,False,9,149,1405,0.9803961515426636
label_sorted,2,results_v3_lr0p001,results_v3_lr0p001,small_cnn,sgd,10,128,20000,0.001,0.9,0.0005,cuda,False,False,9,150,1406,0.9833976626396179
label_sorted,2,results_v3_lr0p001,results_v3_lr0p001,small_cnn,sgd,10,128,20000,0.001,0.9,0.0005,cuda,False,False,9,151,1407,0.9822694659233093
label_sorted,2,results_v3_lr0p001,results_v3_lr0p001,small_cnn,sgd,10,128,20000,0.001,0.9,0.0005,cuda,False,False,9,152,1408,0.9817832112312317
label_sorted,2,results_v3_lr0p001,results_v3_lr0p001,small_cnn,sgd,10,128,20000,0.001,0.9,0.0005,cuda,False,False,9,153,1409,0.9888046979904175
label_sorted,2,results_v3_lr0p001,results_v3_lr0p001,small_cnn,sgd,10,128,20000,0.001,0.9,0.0005,cuda,False,False,9,154,1410,0.9843353033065796
label_sorted,2,results_v3_lr0p001,results_v3_lr0p001,small_cnn,sgd,10,128,20000,0.001,0.9,0.0005,cuda,False,False,9,155,1411,0.9827566146850586
label_sorted,2,results_v3_lr0p001,results_v3_lr0p001,small_cnn,sgd,10,128,20000,0.001,0.9,0.0005,cuda,False,False,9,156,1412,0.9696230888366699
label_sorted,2,results_v3_lr0p001,results_v3_lr0p001,small_cnn,sgd,10,128,20000,0.001,0.9,0.0005,cuda,False,False,9,157,1413,0.9584745764732361
label_sorted,2,results_v3_lr0p001,results_v3_lr0p001,small_cnn,sgd,10,128,20000,0.001,0.9,0.0005,cuda,False,False,10,1,1414,-0.16918179392814636
label_sorted,2,results_v3_lr0p001,results_v3_lr0p001,small_cnn,sgd,10,128,20000,0.001,0.9,0.0005,cuda,False,False,10,2,1415,0.993380606174469
label_sorted,2,results_v3_lr0p001,results_v3_lr0p001,small_cnn,sgd,10,128,20000,0.001,0.9,0.0005,cuda,False,False,10,3,1416,0.9939374923706055
label_sorted,2,results_v3_lr0p001,results_v3_lr0p001,small_cnn,sgd,10,128,20000,0.001,0.9,0.0005,cuda,False,False,10,4,1417,0.9940378665924072
label_sorted,2,results_v3_lr0p001,results_v3_lr0p001,small_cnn,sgd,10,128,20000,0.001,0.9,0.0005,cuda,False,False,10,5,1418,0.9789080023765564
label_sorted,2,results_v3_lr0p001,results_v3_lr0p001,small_cnn,sgd,10,128,20000,0.001,0.9,0.0005,cuda,False,False,10,6,1419,0.9539592266082764
label_sorted,2,results_v3_lr0p001,results_v3_lr0p001,small_cnn,sgd,10,128,20000,0.001,0.9,0.0005,cuda,False,False,10,7,1420,0.9818854331970215
label_sorted,2,results_v3_lr0p001,results_v3_lr0p001,small_cnn,sgd,10,128,20000,0.001,0.9,0.0005,cuda,False,False,10,8,1421,0.9838895797729492
label_sorted,2,results_v3_lr0p001,results_v3_lr0p001,small_cnn,sgd,10,128,20000,0.001,0.9,0.0005,cuda,False,False,10,9,1422,0.9866684675216675
label_sorted,2,results_v3_lr0p001,results_v3_lr0p001,small_cnn,sgd,10,128,20000,0.001,0.9,0.0005,cuda,False,False,10,10,1423,0.9785758256912231
label_sorted,2,results_v3_lr0p001,results_v3_lr0p001,small_cnn,sgd,10,128,20000,0.001,0.9,0.0005,cuda,False,False,10,11,1424,0.9801419973373413
label_sorted,2,results_v3_lr0p001,results_v3_lr0p001,small_cnn,sgd,10,128,20000,0.001,0.9,0.0005,cuda,False,False,10,12,1425,0.9749586582183838
label_sorted,2,results_v3_lr0p001,results_v3_lr0p001,small_cnn,sgd,10,128,20000,0.001,0.9,0.0005,cuda,False,False,10,13,1426,0.9828379154205322
label_sorted,2,results_v3_lr0p001,results_v3_lr0p001,small_cnn,sgd,10,128,20000,0.001,0.9,0.0005,cuda,False,False,10,14,1427,0.9887235164642334
label_sorted,2,results_v3_lr0p001,results_v3_lr0p001,small_cnn,sgd,10,128,20000,0.001,0.9,0.0005,cuda,False,False,10,15,1428,0.9821341037750244
label_sorted,2,results_v3_lr0p001,results_v3_lr0p001,small_cnn,sgd,10,128,20000,0.001,0.9,0.0005,cuda,False,False,10,16,1429,0.5971218347549438
label_sorted,2,results_v3_lr0p001,results_v3_lr0p001,small_cnn,sgd,10,128,20000,0.001,0.9,0.0005,cuda,False,False,10,17,1430,0.7635471224784851
label_sorted,2,results_v3_lr0p001,results_v3_lr0p001,small_cnn,sgd,10,128,20000,0.001,0.9,0.0005,cuda,False,False,10,18,1431,0.985711395740509
label_sorted,2,results_v3_lr0p001,results_v3_lr0p001,small_cnn,sgd,10,128,20000,0.001,0.9,0.0005,cuda,False,False,10,19,1432,0.9789302349090576
label_sorted,2,results_v3_lr0p001,results_v3_lr0p001,small_cnn,sgd,10,128,20000,0.001,0.9,0.0005,cuda,False,False,10,20,1433,0.9967570900917053
label_sorted,2,results_v3_lr0p001,results_v3_lr0p001,small_cnn,sgd,10,128,20000,0.001,0.9,0.0005,cuda,False,False,10,21,1434,0.9886283874511719
label_sorted,2,results_v3_lr0p001,results_v3_lr0p001,small_cnn,sgd,10,128,20000,0.001,0.9,0.0005,cuda,False,False,10,22,1435,0.9894656538963318
label_sorted,2,results_v3_lr0p001,results_v3_lr0p001,small_cnn,sgd,10,128,20000,0.001,0.9,0.0005,cuda,False,False,10,23,1436,0.992622971534729
label_sorted,2,results_v3_lr0p001,results_v3_lr0p001,small_cnn,sgd,10,128,20000,0.001,0.9,0.0005,cuda,False,False,10,24,1437,0.993625819683075
label_sorted,2,results_v3_lr0p001,results_v3_lr0p001,small_cnn,sgd,10,128,20000,0.001,0.9,0.0005,cuda,False,False,10,25,1438,0.9886153936386108
label_sorted,2,results_v3_lr0p001,results_v3_lr0p001,small_cnn,sgd,10,128,20000,0.001,0.9,0.0005,cuda,False,False,10,26,1439,0.9933247566223145
label_sorted,2,results_v3_lr0p001,results_v3_lr0p001,small_cnn,sgd,10,128,20000,0.001,0.9,0.0005,cuda,False,False,10,27,1440,0.9943199753761292
label_sorted,2,results_v3_lr0p001,results_v3_lr0p001,small_cnn,sgd,10,128,20000,0.001,0.9,0.0005,cuda,False,False,10,28,1441,0.9941041469573975
label_sorted,2,results_v3_lr0p001,results_v3_lr0p001,small_cnn,sgd,10,128,20000,0.001,0.9,0.0005,cuda,False,False,10,29,1442,0.9920806884765625
label_sorted,2,results_v3_lr0p001,results_v3_lr0p001,small_cnn,sgd,10,128,20000,0.001,0.9,0.0005,cuda,False,False,10,30,1443,0.9929326772689819
label_sorted,2,results_v3_lr0p001,results_v3_lr0p001,small_cnn,sgd,10,128,20000,0.001,0.9,0.0005,cuda,False,False,10,31,1444,0.997139573097229
label_sorted,2,results_v3_lr0p001,results_v3_lr0p001,small_cnn,sgd,10,128,20000,0.001,0.9,0.0005,cuda,False,False,10,32,1445,-0.03256312012672424
label_sorted,2,results_v3_lr0p001,results_v3_lr0p001,small_cnn,sgd,10,128,20000,0.001,0.9,0.0005,cuda,False,False,10,33,1446,0.9917670488357544
label_sorted,2,results_v3_lr0p001,results_v3_lr0p001,small_cnn,sgd,10,128,20000,0.001,0.9,0.0005,cuda,False,False,10,34,1447,0.9964686632156372
label_sorted,2,results_v3_lr0p001,results_v3_lr0p001,small_cnn,sgd,10,128,20000,0.001,0.9,0.0005,cuda,False,False,10,35,1448,0.9948591589927673
label_sorted,2,results_v3_lr0p001,results_v3_lr0p001,small_cnn,sgd,10,128,20000,0.001,0.9,0.0005,cuda,False,False,10,36,1449,0.9947587847709656
label_sorted,2,results_v3_lr0p001,results_v3_lr0p001,small_cnn,sgd,10,128,20000,0.001,0.9,0.0005,cuda,False,False,10,37,1450,0.9902524352073669
label_sorted,2,results_v3_lr0p001,results_v3_lr0p001,small_cnn,sgd,10,128,20000,0.001,0.9,0.0005,cuda,False,False,10,38,1451,0.9898275136947632
label_sorted,2,results_v3_lr0p001,results_v3_lr0p001,small_cnn,sgd,10,128,20000,0.001,0.9,0.0005,cuda,False,False,10,39,1452,0.9840123653411865
label_sorted,2,results_v3_lr0p001,results_v3_lr0p001,small_cnn,sgd,10,128,20000,0.001,0.9,0.0005,cuda,False,False,10,40,1453,0.9732204079627991
label_sorted,2,results_v3_lr0p001,results_v3_lr0p001,small_cnn,sgd,10,128,20000,0.001,0.9,0.0005,cuda,False,False,10,41,1454,0.9900957942008972
label_sorted,2,results_v3_lr0p001,results_v3_lr0p001,small_cnn,sgd,10,128,20000,0.001,0.9,0.0005,cuda,False,False,10,42,1455,0.9829691648483276
label_sorted,2,results_v3_lr0p001,results_v3_lr0p001,small_cnn,sgd,10,128,20000,0.001,0.9,0.0005,cuda,False,False,10,43,1456,0.9889615774154663
label_sorted,2,results_v3_lr0p001,results_v3_lr0p001,small_cnn,sgd,10,128,20000,0.001,0.9,0.0005,cuda,False,False,10,44,1457,0.9954994320869446
label_sorted,2,results_v3_lr0p001,results_v3_lr0p001,small_cnn,sgd,10,128,20000,0.001,0.9,0.0005,cuda,False,False,10,45,1458,0.9911746978759766
label_sorted,2,results_v3_lr0p001,results_v3_lr0p001,small_cnn,sgd,10,128,20000,0.001,0.9,0.0005,cuda,False,False,10,46,1459,0.9947071075439453
label_sorted,2,results_v3_lr0p001,results_v3_lr0p001,small_cnn,sgd,10,128,20000,0.001,0.9,0.0005,cuda,False,False,10,47,1460,0.8458430171012878
label_sorted,2,results_v3_lr0p001,results_v3_lr0p001,small_cnn,sgd,10,128,20000,0.001,0.9,0.0005,cuda,False,False,10,48,1461,0.14718705415725708
label_sorted,2,results_v3_lr0p001,results_v3_lr0p001,small_cnn,sgd,10,128,20000,0.001,0.9,0.0005,cuda,False,False,10,49,1462,0.9917179346084595
label_sorted,2,results_v3_lr0p001,results_v3_lr0p001,small_cnn,sgd,10,128,20000,0.001,0.9,0.0005,cuda,False,False,10,50,1463,0.9970323443412781
label_sorted,2,results_v3_lr0p001,results_v3_lr0p001,small_cnn,sgd,10,128,20000,0.001,0.9,0.0005,cuda,False,False,10,51,1464,0.9960095286369324
label_sorted,2,results_v3_lr0p001,results_v3_lr0p001,small_cnn,sgd,10,128,20000,0.001,0.9,0.0005,cuda,False,False,10,52,1465,0.9700627326965332
label_sorted,2,results_v3_lr0p001,results_v3_lr0p001,small_cnn,sgd,10,128,20000,0.001,0.9,0.0005,cuda,False,False,10,53,1466,0.9902170896530151
label_sorted,2,results_v3_lr0p001,results_v3_lr0p001,small_cnn,sgd,10,128,20000,0.001,0.9,0.0005,cuda,False,False,10,54,1467,0.99052894115448
label_sorted,2,results_v3_lr0p001,results_v3_lr0p001,small_cnn,sgd,10,128,20000,0.001,0.9,0.0005,cuda,False,False,10,55,1468,0.986099123954773
label_sorted,2,results_v3_lr0p001,results_v3_lr0p001,small_cnn,sgd,10,128,20000,0.001,0.9,0.0005,cuda,False,False,10,56,1469,0.9767380356788635
label_sorted,2,results_v3_lr0p001,results_v3_lr0p001,small_cnn,sgd,10,128,20000,0.001,0.9,0.0005,cuda,False,False,10,57,1470,0.9920094013214111
label_sorted,2,results_v3_lr0p001,results_v3_lr0p001,small_cnn,sgd,10,128,20000,0.001,0.9,0.0005,cuda,False,False,10,58,1471,0.9913537502288818
label_sorted,2,results_v3_lr0p001,results_v3_lr0p001,small_cnn,sgd,10,128,20000,0.001,0.9,0.0005,cuda,False,False,10,59,1472,0.9926151633262634
label_sorted,2,results_v3_lr0p001,results_v3_lr0p001,small_cnn,sgd,10,128,20000,0.001,0.9,0.0005,cuda,False,False,10,60,1473,0.9867610335350037
label_sorted,2,results_v3_lr0p001,results_v3_lr0p001,small_cnn,sgd,10,128,20000,0.001,0.9,0.0005,cuda,False,False,10,61,1474,0.9791823625564575
label_sorted,2,results_v3_lr0p001,results_v3_lr0p001,small_cnn,sgd,10,128,20000,0.001,0.9,0.0005,cuda,False,False,10,62,1475,0.9839484691619873
label_sorted,2,results_v3_lr0p001,results_v3_lr0p001,small_cnn,sgd,10,128,20000,0.001,0.9,0.0005,cuda,False,False,10,63,1476,0.062242358922958374
label_sorted,2,results_v3_lr0p001,results_v3_lr0p001,small_cnn,sgd,10,128,20000,0.001,0.9,0.0005,cuda,False,False,10,64,1477,0.97779381275177
label_sorted,2,results_v3_lr0p001,results_v3_lr0p001,small_cnn,sgd,10,128,20000,0.001,0.9,0.0005,cuda,False,False,10,65,1478,0.9971601366996765
label_sorted,2,results_v3_lr0p001,results_v3_lr0p001,small_cnn,sgd,10,128,20000,0.001,0.9,0.0005,cuda,False,False,10,66,1479,0.996605396270752
label_sorted,2,results_v3_lr0p001,results_v3_lr0p001,small_cnn,sgd,10,128,20000,0.001,0.9,0.0005,cuda,False,False,10,67,1480,0.9864941239356995
label_sorted,2,results_v3_lr0p001,results_v3_lr0p001,small_cnn,sgd,10,128,20000,0.001,0.9,0.0005,cuda,False,False,10,68,1481,0.9885398149490356
label_sorted,2,results_v3_lr0p001,results_v3_lr0p001,small_cnn,sgd,10,128,20000,0.001,0.9,0.0005,cuda,False,False,10,69,1482,0.9790727496147156
label_sorted,2,results_v3_lr0p001,results_v3_lr0p001,small_cnn,sgd,10,128,20000,0.001,0.9,0.0005,cuda,False,False,10,70,1483,0.973158597946167
label_sorted,2,results_v3_lr0p001,results_v3_lr0p001,small_cnn,sgd,10,128,20000,0.001,0.9,0.0005,cuda,False,False,10,71,1484,0.9798219203948975
label_sorted,2,results_v3_lr0p001,results_v3_lr0p001,small_cnn,sgd,10,128,20000,0.001,0.9,0.0005,cuda,False,False,10,72,1485,0.9709615707397461
label_sorted,2,results_v3_lr0p001,results_v3_lr0p001,small_cnn,sgd,10,128,20000,0.001,0.9,0.0005,cuda,False,False,10,73,1486,0.9816631078720093
label_sorted,2,results_v3_lr0p001,results_v3_lr0p001,small_cnn,sgd,10,128,20000,0.001,0.9,0.0005,cuda,False,False,10,74,1487,0.9910537004470825
label_sorted,2,results_v3_lr0p001,results_v3_lr0p001,small_cnn,sgd,10,128,20000,0.001,0.9,0.0005,cuda,False,False,10,75,1488,0.9945002198219299
label_sorted,2,results_v3_lr0p001,results_v3_lr0p001,small_cnn,sgd,10,128,20000,0.001,0.9,0.0005,cuda,False,False,10,76,1489,0.994627833366394
label_sorted,2,results_v3_lr0p001,results_v3_lr0p001,small_cnn,sgd,10,128,20000,0.001,0.9,0.0005,cuda,False,False,10,77,1490,0.9887485504150391
label_sorted,2,results_v3_lr0p001,results_v3_lr0p001,small_cnn,sgd,10,128,20000,0.001,0.9,0.0005,cuda,False,False,10,78,1491,0.9740816950798035
label_sorted,2,results_v3_lr0p001,results_v3_lr0p001,small_cnn,sgd,10,128,20000,0.001,0.9,0.0005,cuda,False,False,10,79,1492,-0.10892720520496368
label_sorted,2,results_v3_lr0p001,results_v3_lr0p001,small_cnn,sgd,10,128,20000,0.001,0.9,0.0005,cuda,False,False,10,80,1493,0.9831625819206238
label_sorted,2,results_v3_lr0p001,results_v3_lr0p001,small_cnn,sgd,10,128,20000,0.001,0.9,0.0005,cuda,False,False,10,81,1494,0.9936066269874573
label_sorted,2,results_v3_lr0p001,results_v3_lr0p001,small_cnn,sgd,10,128,20000,0.001,0.9,0.0005,cuda,False,False,10,82,1495,0.9913259148597717
label_sorted,2,results_v3_lr0p001,results_v3_lr0p001,small_cnn,sgd,10,128,20000,0.001,0.9,0.0005,cuda,False,False,10,83,1496,0.990496039390564
label_sorted,2,results_v3_lr0p001,results_v3_lr0p001,small_cnn,sgd,10,128,20000,0.001,0.9,0.0005,cuda,False,False,10,84,1497,0.9901814460754395
label_sorted,2,results_v3_lr0p001,results_v3_lr0p001,small_cnn,sgd,10,128,20000,0.001,0.9,0.0005,cuda,False,False,10,85,1498,0.9861620664596558
label_sorted,2,results_v3_lr0p001,results_v3_lr0p001,small_cnn,sgd,10,128,20000,0.001,0.9,0.0005,cuda,False,False,10,86,1499,0.9906094670295715
label_sorted,2,results_v3_lr0p001,results_v3_lr0p001,small_cnn,sgd,10,128,20000,0.001,0.9,0.0005,cuda,False,False,10,87,1500,0.986639142036438
label_sorted,2,results_v3_lr0p001,results_v3_lr0p001,small_cnn,sgd,10,128,20000,0.001,0.9,0.0005,cuda,False,False,10,88,1501,0.9874152541160583
label_sorted,2,results_v3_lr0p001,results_v3_lr0p001,small_cnn,sgd,10,128,20000,0.001,0.9,0.0005,cuda,False,False,10,89,1502,0.9816495180130005
label_sorted,2,results_v3_lr0p001,results_v3_lr0p001,small_cnn,sgd,10,128,20000,0.001,0.9,0.0005,cuda,False,False,10,90,1503,0.9821425080299377
label_sorted,2,results_v3_lr0p001,results_v3_lr0p001,small_cnn,sgd,10,128,20000,0.001,0.9,0.0005,cuda,False,False,10,91,1504,0.990580677986145
label_sorted,2,results_v3_lr0p001,results_v3_lr0p001,small_cnn,sgd,10,128,20000,0.001,0.9,0.0005,cuda,False,False,10,92,1505,0.9912387132644653
label_sorted,2,results_v3_lr0p001,results_v3_lr0p001,small_cnn,sgd,10,128,20000,0.001,0.9,0.0005,cuda,False,False,10,93,1506,0.9900419116020203
label_sorted,2,results_v3_lr0p001,results_v3_lr0p001,small_cnn,sgd,10,128,20000,0.001,0.9,0.0005,cuda,False,False,10,94,1507,0.7682574391365051
label_sorted,2,results_v3_lr0p001,results_v3_lr0p001,small_cnn,sgd,10,128,20000,0.001,0.9,0.0005,cuda,False,False,10,95,1508,0.7102047204971313
label_sorted,2,results_v3_lr0p001,results_v3_lr0p001,small_cnn,sgd,10,128,20000,0.001,0.9,0.0005,cuda,False,False,10,96,1509,0.9948605298995972
label_sorted,2,results_v3_lr0p001,results_v3_lr0p001,small_cnn,sgd,10,128,20000,0.001,0.9,0.0005,cuda,False,False,10,97,1510,0.9934180378913879
label_sorted,2,results_v3_lr0p001,results_v3_lr0p001,small_cnn,sgd,10,128,20000,0.001,0.9,0.0005,cuda,False,False,10,98,1511,0.9946683049201965
label_sorted,2,results_v3_lr0p001,results_v3_lr0p001,small_cnn,sgd,10,128,20000,0.001,0.9,0.0005,cuda,False,False,10,99,1512,0.993121862411499
label_sorted,2,results_v3_lr0p001,results_v3_lr0p001,small_cnn,sgd,10,128,20000,0.001,0.9,0.0005,cuda,False,False,10,100,1513,0.9887714982032776
label_sorted,2,results_v3_lr0p001,results_v3_lr0p001,small_cnn,sgd,10,128,20000,0.001,0.9,0.0005,cuda,False,False,10,101,1514,0.9786840677261353
label_sorted,2,results_v3_lr0p001,results_v3_lr0p001,small_cnn,sgd,10,128,20000,0.001,0.9,0.0005,cuda,False,False,10,102,1515,0.9869279265403748
label_sorted,2,results_v3_lr0p001,results_v3_lr0p001,small_cnn,sgd,10,128,20000,0.001,0.9,0.0005,cuda,False,False,10,103,1516,0.9937251806259155
label_sorted,2,results_v3_lr0p001,results_v3_lr0p001,small_cnn,sgd,10,128,20000,0.001,0.9,0.0005,cuda,False,False,10,104,1517,0.9911249279975891
label_sorted,2,results_v3_lr0p001,results_v3_lr0p001,small_cnn,sgd,10,128,20000,0.001,0.9,0.0005,cuda,False,False,10,105,1518,0.9877961874008179
label_sorted,2,results_v3_lr0p001,results_v3_lr0p001,small_cnn,sgd,10,128,20000,0.001,0.9,0.0005,cuda,False,False,10,106,1519,0.9930689930915833
label_sorted,2,results_v3_lr0p001,results_v3_lr0p001,small_cnn,sgd,10,128,20000,0.001,0.9,0.0005,cuda,False,False,10,107,1520,0.9933529496192932
label_sorted,2,results_v3_lr0p001,results_v3_lr0p001,small_cnn,sgd,10,128,20000,0.001,0.9,0.0005,cuda,False,False,10,108,1521,0.9918744564056396
label_sorted,2,results_v3_lr0p001,results_v3_lr0p001,small_cnn,sgd,10,128,20000,0.001,0.9,0.0005,cuda,False,False,10,109,1522,0.9947719573974609
label_sorted,2,results_v3_lr0p001,results_v3_lr0p001,small_cnn,sgd,10,128,20000,0.001,0.9,0.0005,cuda,False,False,10,110,1523,-0.03114481456577778
label_sorted,2,results_v3_lr0p001,results_v3_lr0p001,small_cnn,sgd,10,128,20000,0.001,0.9,0.0005,cuda,False,False,10,111,1524,0.9822275042533875
label_sorted,2,results_v3_lr0p001,results_v3_lr0p001,small_cnn,sgd,10,128,20000,0.001,0.9,0.0005,cuda,False,False,10,112,1525,0.9983122944831848
label_sorted,2,results_v3_lr0p001,results_v3_lr0p001,small_cnn,sgd,10,128,20000,0.001,0.9,0.0005,cuda,False,False,10,113,1526,0.9985151886940002
label_sorted,2,results_v3_lr0p001,results_v3_lr0p001,small_cnn,sgd,10,128,20000,0.001,0.9,0.0005,cuda,False,False,10,114,1527,0.9970168471336365
label_sorted,2,results_v3_lr0p001,results_v3_lr0p001,small_cnn,sgd,10,128,20000,0.001,0.9,0.0005,cuda,False,False,10,115,1528,0.9948404431343079
label_sorted,2,results_v3_lr0p001,results_v3_lr0p001,small_cnn,sgd,10,128,20000,0.001,0.9,0.0005,cuda,False,False,10,116,1529,0.9919456839561462
label_sorted,2,results_v3_lr0p001,results_v3_lr0p001,small_cnn,sgd,10,128,20000,0.001,0.9,0.0005,cuda,False,False,10,117,1530,0.9913212656974792
label_sorted,2,results_v3_lr0p001,results_v3_lr0p001,small_cnn,sgd,10,128,20000,0.001,0.9,0.0005,cuda,False,False,10,118,1531,0.990401566028595
label_sorted,2,results_v3_lr0p001,results_v3_lr0p001,small_cnn,sgd,10,128,20000,0.001,0.9,0.0005,cuda,False,False,10,119,1532,0.9867136478424072
label_sorted,2,results_v3_lr0p001,results_v3_lr0p001,small_cnn,sgd,10,128,20000,0.001,0.9,0.0005,cuda,False,False,10,120,1533,0.9868637323379517
label_sorted,2,results_v3_lr0p001,results_v3_lr0p001,small_cnn,sgd,10,128,20000,0.001,0.9,0.0005,cuda,False,False,10,121,1534,0.9945844411849976
label_sorted,2,results_v3_lr0p001,results_v3_lr0p001,small_cnn,sgd,10,128,20000,0.001,0.9,0.0005,cuda,False,False,10,122,1535,0.9904730319976807
label_sorted,2,results_v3_lr0p001,results_v3_lr0p001,small_cnn,sgd,10,128,20000,0.001,0.9,0.0005,cuda,False,False,10,123,1536,0.996798038482666
label_sorted,2,results_v3_lr0p001,results_v3_lr0p001,small_cnn,sgd,10,128,20000,0.001,0.9,0.0005,cuda,False,False,10,124,1537,0.9962915182113647
label_sorted,2,results_v3_lr0p001,results_v3_lr0p001,small_cnn,sgd,10,128,20000,0.001,0.9,0.0005,cuda,False,False,10,125,1538,0.9976975321769714
label_sorted,2,results_v3_lr0p001,results_v3_lr0p001,small_cnn,sgd,10,128,20000,0.001,0.9,0.0005,cuda,False,False,10,126,1539,-0.2886907458305359
label_sorted,2,results_v3_lr0p001,results_v3_lr0p001,small_cnn,sgd,10,128,20000,0.001,0.9,0.0005,cuda,False,False,10,127,1540,0.9943332672119141
label_sorted,2,results_v3_lr0p001,results_v3_lr0p001,small_cnn,sgd,10,128,20000,0.001,0.9,0.0005,cuda,False,False,10,128,1541,0.9922264814376831
label_sorted,2,results_v3_lr0p001,results_v3_lr0p001,small_cnn,sgd,10,128,20000,0.001,0.9,0.0005,cuda,False,False,10,129,1542,0.9917742013931274
label_sorted,2,results_v3_lr0p001,results_v3_lr0p001,small_cnn,sgd,10,128,20000,0.001,0.9,0.0005,cuda,False,False,10,130,1543,0.9787958860397339
label_sorted,2,results_v3_lr0p001,results_v3_lr0p001,small_cnn,sgd,10,128,20000,0.001,0.9,0.0005,cuda,False,False,10,131,1544,0.9907902479171753
label_sorted,2,results_v3_lr0p001,results_v3_lr0p001,small_cnn,sgd,10,128,20000,0.001,0.9,0.0005,cuda,False,False,10,132,1545,0.9848970174789429
label_sorted,2,results_v3_lr0p001,results_v3_lr0p001,small_cnn,sgd,10,128,20000,0.001,0.9,0.0005,cuda,False,False,10,133,1546,0.9892836809158325
label_sorted,2,results_v3_lr0p001,results_v3_lr0p001,small_cnn,sgd,10,128,20000,0.001,0.9,0.0005,cuda,False,False,10,134,1547,0.9794336557388306
label_sorted,2,results_v3_lr0p001,results_v3_lr0p001,small_cnn,sgd,10,128,20000,0.001,0.9,0.0005,cuda,False,False,10,135,1548,0.9826449155807495
label_sorted,2,results_v3_lr0p001,results_v3_lr0p001,small_cnn,sgd,10,128,20000,0.001,0.9,0.0005,cuda,False,False,10,136,1549,0.9848766922950745
label_sorted,2,results_v3_lr0p001,results_v3_lr0p001,small_cnn,sgd,10,128,20000,0.001,0.9,0.0005,cuda,False,False,10,137,1550,0.9823775887489319
label_sorted,2,results_v3_lr0p001,results_v3_lr0p001,small_cnn,sgd,10,128,20000,0.001,0.9,0.0005,cuda,False,False,10,138,1551,0.9906226396560669
label_sorted,2,results_v3_lr0p001,results_v3_lr0p001,small_cnn,sgd,10,128,20000,0.001,0.9,0.0005,cuda,False,False,10,139,1552,0.9885216951370239
label_sorted,2,results_v3_lr0p001,results_v3_lr0p001,small_cnn,sgd,10,128,20000,0.001,0.9,0.0005,cuda,False,False,10,140,1553,0.9863904714584351
label_sorted,2,results_v3_lr0p001,results_v3_lr0p001,small_cnn,sgd,10,128,20000,0.001,0.9,0.0005,cuda,False,False,10,141,1554,0.5339693427085876
label_sorted,2,results_v3_lr0p001,results_v3_lr0p001,small_cnn,sgd,10,128,20000,0.001,0.9,0.0005,cuda,False,False,10,142,1555,0.7314523458480835
label_sorted,2,results_v3_lr0p001,results_v3_lr0p001,small_cnn,sgd,10,128,20000,0.001,0.9,0.0005,cuda,False,False,10,143,1556,0.9940814971923828
label_sorted,2,results_v3_lr0p001,results_v3_lr0p001,small_cnn,sgd,10,128,20000,0.001,0.9,0.0005,cuda,False,False,10,144,1557,0.995556116104126
label_sorted,2,results_v3_lr0p001,results_v3_lr0p001,small_cnn,sgd,10,128,20000,0.001,0.9,0.0005,cuda,False,False,10,145,1558,0.9950448870658875
label_sorted,2,results_v3_lr0p001,results_v3_lr0p001,small_cnn,sgd,10,128,20000,0.001,0.9,0.0005,cuda,False,False,10,146,1559,0.9956703782081604
label_sorted,2,results_v3_lr0p001,results_v3_lr0p001,small_cnn,sgd,10,128,20000,0.001,0.9,0.0005,cuda,False,False,10,147,1560,0.9926352500915527
label_sorted,2,results_v3_lr0p001,results_v3_lr0p001,small_cnn,sgd,10,128,20000,0.001,0.9,0.0005,cuda,False,False,10,148,1561,0.9935148358345032
label_sorted,2,results_v3_lr0p001,results_v3_lr0p001,small_cnn,sgd,10,128,20000,0.001,0.9,0.0005,cuda,False,False,10,149,1562,0.9914764165878296
label_sorted,2,results_v3_lr0p001,results_v3_lr0p001,small_cnn,sgd,10,128,20000,0.001,0.9,0.0005,cuda,False,False,10,150,1563,0.9953446984291077
label_sorted,2,results_v3_lr0p001,results_v3_lr0p001,small_cnn,sgd,10,128,20000,0.001,0.9,0.0005,cuda,False,False,10,151,1564,0.9933414459228516
label_sorted,2,results_v3_lr0p001,results_v3_lr0p001,small_cnn,sgd,10,128,20000,0.001,0.9,0.0005,cuda,False,False,10,152,1565,0.9943956136703491
label_sorted,2,results_v3_lr0p001,results_v3_lr0p001,small_cnn,sgd,10,128,20000,0.001,0.9,0.0005,cuda,False,False,10,153,1566,0.993217945098877
label_sorted,2,results_v3_lr0p001,results_v3_lr0p001,small_cnn,sgd,10,128,20000,0.001,0.9,0.0005,cuda,False,False,10,154,1567,0.9905074238777161
label_sorted,2,results_v3_lr0p001,results_v3_lr0p001,small_cnn,sgd,10,128,20000,0.001,0.9,0.0005,cuda,False,False,10,155,1568,0.9917520880699158
label_sorted,2,results_v3_lr0p001,results_v3_lr0p001,small_cnn,sgd,10,128,20000,0.001,0.9,0.0005,cuda,False,False,10,156,1569,0.9853324294090271
label_sorted,2,results_v3_lr0p001,results_v3_lr0p001,small_cnn,sgd,10,128,20000,0.001,0.9,0.0005,cuda,False,False,10,157,1570,0.9866207242012024
