order_mode,seed,experiment_name,output_dir,model,optimizer,epochs,batch_size,max_train_examples,learning_rate,momentum,weight_decay,device,deterministic,save_embeddings,epoch,batch_index,global_step,cosine_similarity
random,1,results_adamw_lr0p001,results_adamw_lr0p001,small_cnn,adamw,10,128,20000,0.001,0.9,0.0005,cuda,False,False,1,1,1,
random,1,results_adamw_lr0p001,results_adamw_lr0p001,small_cnn,adamw,10,128,20000,0.001,0.9,0.0005,cuda,False,False,1,2,2,0.13650740683078766
random,1,results_adamw_lr0p001,results_adamw_lr0p001,small_cnn,adamw,10,128,20000,0.001,0.9,0.0005,cuda,False,False,1,3,3,0.1902267336845398
random,1,results_adamw_lr0p001,results_adamw_lr0p001,small_cnn,adamw,10,128,20000,0.001,0.9,0.0005,cuda,False,False,1,4,4,0.46942389011383057
random,1,results_adamw_lr0p001,results_adamw_lr0p001,small_cnn,adamw,10,128,20000,0.001,0.9,0.0005,cuda,False,False,1,5,5,0.3786837160587311
random,1,results_adamw_lr0p001,results_adamw_lr0p001,small_cnn,adamw,10,128,20000,0.001,0.9,0.0005,cuda,False,False,1,6,6,0.5463004112243652
random,1,results_adamw_lr0p001,results_adamw_lr0p001,small_cnn,adamw,10,128,20000,0.001,0.9,0.0005,cuda,False,False,1,7,7,0.3732947111129761
random,1,results_adamw_lr0p001,results_adamw_lr0p001,small_cnn,adamw,10,128,20000,0.001,0.9,0.0005,cuda,False,False,1,8,8,0.48286008834838867
random,1,results_adamw_lr0p001,results_adamw_lr0p001,small_cnn,adamw,10,128,20000,0.001,0.9,0.0005,cuda,False,False,1,9,9,0.024643506854772568
random,1,results_adamw_lr0p001,results_adamw_lr0p001,small_cnn,adamw,10,128,20000,0.001,0.9,0.0005,cuda,False,False,1,10,10,0.3718279004096985
random,1,results_adamw_lr0p001,results_adamw_lr0p001,small_cnn,adamw,10,128,20000,0.001,0.9,0.0005,cuda,False,False,1,11,11,0.08506738394498825
random,1,results_adamw_lr0p001,results_adamw_lr0p001,small_cnn,adamw,10,128,20000,0.001,0.9,0.0005,cuda,False,False,1,12,12,0.046043761074543
random,1,results_adamw_lr0p001,results_adamw_lr0p001,small_cnn,adamw,10,128,20000,0.001,0.9,0.0005,cuda,False,False,1,13,13,0.08303046226501465
random,1,results_adamw_lr0p001,results_adamw_lr0p001,small_cnn,adamw,10,128,20000,0.001,0.9,0.0005,cuda,False,False,1,14,14,0.6265694499015808
random,1,results_adamw_lr0p001,results_adamw_lr0p001,small_cnn,adamw,10,128,20000,0.001,0.9,0.0005,cuda,False,False,1,15,15,0.2121654450893402
random,1,results_adamw_lr0p001,results_adamw_lr0p001,small_cnn,adamw,10,128,20000,0.001,0.9,0.0005,cuda,False,False,1,16,16,-0.42376548051834106
random,1,results_adamw_lr0p001,results_adamw_lr0p001,small_cnn,adamw,10,128,20000,0.001,0.9,0.0005,cuda,False,False,1,17,17,0.8886958360671997
random,1,results_adamw_lr0p001,results_adamw_lr0p001,small_cnn,adamw,10,128,20000,0.001,0.9,0.0005,cuda,False,False,1,18,18,-0.02432379685342312
random,1,results_adamw_lr0p001,results_adamw_lr0p001,small_cnn,adamw,10,128,20000,0.001,0.9,0.0005,cuda,False,False,1,19,19,0.1675473302602768
random,1,results_adamw_lr0p001,results_adamw_lr0p001,small_cnn,adamw,10,128,20000,0.001,0.9,0.0005,cuda,False,False,1,20,20,0.4451673924922943
random,1,results_adamw_lr0p001,results_adamw_lr0p001,small_cnn,adamw,10,128,20000,0.001,0.9,0.0005,cuda,False,False,1,21,21,0.6949447393417358
random,1,results_adamw_lr0p001,results_adamw_lr0p001,small_cnn,adamw,10,128,20000,0.001,0.9,0.0005,cuda,False,False,1,22,22,0.23060594499111176
random,1,results_adamw_lr0p001,results_adamw_lr0p001,small_cnn,adamw,10,128,20000,0.001,0.9,0.0005,cuda,False,False,1,23,23,-0.35934364795684814
random,1,results_adamw_lr0p001,results_adamw_lr0p001,small_cnn,adamw,10,128,20000,0.001,0.9,0.0005,cuda,False,False,1,24,24,0.6301655769348145
random,1,results_adamw_lr0p001,results_adamw_lr0p001,small_cnn,adamw,10,128,20000,0.001,0.9,0.0005,cuda,False,False,1,25,25,0.2601427137851715
random,1,results_adamw_lr0p001,results_adamw_lr0p001,small_cnn,adamw,10,128,20000,0.001,0.9,0.0005,cuda,False,False,1,26,26,-0.5882250666618347
random,1,results_adamw_lr0p001,results_adamw_lr0p001,small_cnn,adamw,10,128,20000,0.001,0.9,0.0005,cuda,False,False,1,27,27,0.5782932639122009
random,1,results_adamw_lr0p001,results_adamw_lr0p001,small_cnn,adamw,10,128,20000,0.001,0.9,0.0005,cuda,False,False,1,28,28,0.8823917508125305
random,1,results_adamw_lr0p001,results_adamw_lr0p001,small_cnn,adamw,10,128,20000,0.001,0.9,0.0005,cuda,False,False,1,29,29,0.47706395387649536
random,1,results_adamw_lr0p001,results_adamw_lr0p001,small_cnn,adamw,10,128,20000,0.001,0.9,0.0005,cuda,False,False,1,30,30,-0.12792974710464478
random,1,results_adamw_lr0p001,results_adamw_lr0p001,small_cnn,adamw,10,128,20000,0.001,0.9,0.0005,cuda,False,False,1,31,31,0.1419951170682907
random,1,results_adamw_lr0p001,results_adamw_lr0p001,small_cnn,adamw,10,128,20000,0.001,0.9,0.0005,cuda,False,False,1,32,32,0.653210461139679
random,1,results_adamw_lr0p001,results_adamw_lr0p001,small_cnn,adamw,10,128,20000,0.001,0.9,0.0005,cuda,False,False,1,33,33,0.2819092571735382
random,1,results_adamw_lr0p001,results_adamw_lr0p001,small_cnn,adamw,10,128,20000,0.001,0.9,0.0005,cuda,False,False,1,34,34,0.05214890465140343
random,1,results_adamw_lr0p001,results_adamw_lr0p001,small_cnn,adamw,10,128,20000,0.001,0.9,0.0005,cuda,False,False,1,35,35,0.5103625655174255
random,1,results_adamw_lr0p001,results_adamw_lr0p001,small_cnn,adamw,10,128,20000,0.001,0.9,0.0005,cuda,False,False,1,36,36,0.2433725893497467
random,1,results_adamw_lr0p001,results_adamw_lr0p001,small_cnn,adamw,10,128,20000,0.001,0.9,0.0005,cuda,False,False,1,37,37,0.7656505107879639
random,1,results_adamw_lr0p001,results_adamw_lr0p001,small_cnn,adamw,10,128,20000,0.001,0.9,0.0005,cuda,False,False,1,38,38,0.49094271659851074
random,1,results_adamw_lr0p001,results_adamw_lr0p001,small_cnn,adamw,10,128,20000,0.001,0.9,0.0005,cuda,False,False,1,39,39,-0.34406569600105286
random,1,results_adamw_lr0p001,results_adamw_lr0p001,small_cnn,adamw,10,128,20000,0.001,0.9,0.0005,cuda,False,False,1,40,40,0.6842891573905945
random,1,results_adamw_lr0p001,results_adamw_lr0p001,small_cnn,adamw,10,128,20000,0.001,0.9,0.0005,cuda,False,False,1,41,41,0.8349326848983765
random,1,results_adamw_lr0p001,results_adamw_lr0p001,small_cnn,adamw,10,128,20000,0.001,0.9,0.0005,cuda,False,False,1,42,42,0.034784652292728424
random,1,results_adamw_lr0p001,results_adamw_lr0p001,small_cnn,adamw,10,128,20000,0.001,0.9,0.0005,cuda,False,False,1,43,43,0.2907443344593048
random,1,results_adamw_lr0p001,results_adamw_lr0p001,small_cnn,adamw,10,128,20000,0.001,0.9,0.0005,cuda,False,False,1,44,44,-0.013944178819656372
random,1,results_adamw_lr0p001,results_adamw_lr0p001,small_cnn,adamw,10,128,20000,0.001,0.9,0.0005,cuda,False,False,1,45,45,0.3932603597640991
random,1,results_adamw_lr0p001,results_adamw_lr0p001,small_cnn,adamw,10,128,20000,0.001,0.9,0.0005,cuda,False,False,1,46,46,0.4749540686607361
random,1,results_adamw_lr0p001,results_adamw_lr0p001,small_cnn,adamw,10,128,20000,0.001,0.9,0.0005,cuda,False,False,1,47,47,0.2627806067466736
random,1,results_adamw_lr0p001,results_adamw_lr0p001,small_cnn,adamw,10,128,20000,0.001,0.9,0.0005,cuda,False,False,1,48,48,0.3344530165195465
random,1,results_adamw_lr0p001,results_adamw_lr0p001,small_cnn,adamw,10,128,20000,0.001,0.9,0.0005,cuda,False,False,1,49,49,0.5455641746520996
random,1,results_adamw_lr0p001,results_adamw_lr0p001,small_cnn,adamw,10,128,20000,0.001,0.9,0.0005,cuda,False,False,1,50,50,0.5325769782066345
random,1,results_adamw_lr0p001,results_adamw_lr0p001,small_cnn,adamw,10,128,20000,0.001,0.9,0.0005,cuda,False,False,1,51,51,-0.006149087101221085
random,1,results_adamw_lr0p001,results_adamw_lr0p001,small_cnn,adamw,10,128,20000,0.001,0.9,0.0005,cuda,False,False,1,52,52,0.479411780834198
random,1,results_adamw_lr0p001,results_adamw_lr0p001,small_cnn,adamw,10,128,20000,0.001,0.9,0.0005,cuda,False,False,1,53,53,0.7023842930793762
random,1,results_adamw_lr0p001,results_adamw_lr0p001,small_cnn,adamw,10,128,20000,0.001,0.9,0.0005,cuda,False,False,1,54,54,0.6552494764328003
random,1,results_adamw_lr0p001,results_adamw_lr0p001,small_cnn,adamw,10,128,20000,0.001,0.9,0.0005,cuda,False,False,1,55,55,-0.3855724632740021
random,1,results_adamw_lr0p001,results_adamw_lr0p001,small_cnn,adamw,10,128,20000,0.001,0.9,0.0005,cuda,False,False,1,56,56,0.2483411282300949
random,1,results_adamw_lr0p001,results_adamw_lr0p001,small_cnn,adamw,10,128,20000,0.001,0.9,0.0005,cuda,False,False,1,57,57,0.16723811626434326
random,1,results_adamw_lr0p001,results_adamw_lr0p001,small_cnn,adamw,10,128,20000,0.001,0.9,0.0005,cuda,False,False,1,58,58,0.15849730372428894
random,1,results_adamw_lr0p001,results_adamw_lr0p001,small_cnn,adamw,10,128,20000,0.001,0.9,0.0005,cuda,False,False,1,59,59,0.5383663773536682
random,1,results_adamw_lr0p001,results_adamw_lr0p001,small_cnn,adamw,10,128,20000,0.001,0.9,0.0005,cuda,False,False,1,60,60,0.15118218958377838
random,1,results_adamw_lr0p001,results_adamw_lr0p001,small_cnn,adamw,10,128,20000,0.001,0.9,0.0005,cuda,False,False,1,61,61,0.6539397239685059
random,1,results_adamw_lr0p001,results_adamw_lr0p001,small_cnn,adamw,10,128,20000,0.001,0.9,0.0005,cuda,False,False,1,62,62,0.13426761329174042
random,1,results_adamw_lr0p001,results_adamw_lr0p001,small_cnn,adamw,10,128,20000,0.001,0.9,0.0005,cuda,False,False,1,63,63,0.1510239988565445
random,1,results_adamw_lr0p001,results_adamw_lr0p001,small_cnn,adamw,10,128,20000,0.001,0.9,0.0005,cuda,False,False,1,64,64,-0.6468024253845215
random,1,results_adamw_lr0p001,results_adamw_lr0p001,small_cnn,adamw,10,128,20000,0.001,0.9,0.0005,cuda,False,False,1,65,65,0.7377541661262512
random,1,results_adamw_lr0p001,results_adamw_lr0p001,small_cnn,adamw,10,128,20000,0.001,0.9,0.0005,cuda,False,False,1,66,66,0.7590271830558777
random,1,results_adamw_lr0p001,results_adamw_lr0p001,small_cnn,adamw,10,128,20000,0.001,0.9,0.0005,cuda,False,False,1,67,67,0.31818532943725586
random,1,results_adamw_lr0p001,results_adamw_lr0p001,small_cnn,adamw,10,128,20000,0.001,0.9,0.0005,cuda,False,False,1,68,68,0.7807514071464539
random,1,results_adamw_lr0p001,results_adamw_lr0p001,small_cnn,adamw,10,128,20000,0.001,0.9,0.0005,cuda,False,False,1,69,69,0.3831646144390106
random,1,results_adamw_lr0p001,results_adamw_lr0p001,small_cnn,adamw,10,128,20000,0.001,0.9,0.0005,cuda,False,False,1,70,70,0.5684542655944824
random,1,results_adamw_lr0p001,results_adamw_lr0p001,small_cnn,adamw,10,128,20000,0.001,0.9,0.0005,cuda,False,False,1,71,71,0.32589754462242126
random,1,results_adamw_lr0p001,results_adamw_lr0p001,small_cnn,adamw,10,128,20000,0.001,0.9,0.0005,cuda,False,False,1,72,72,0.7551262378692627
random,1,results_adamw_lr0p001,results_adamw_lr0p001,small_cnn,adamw,10,128,20000,0.001,0.9,0.0005,cuda,False,False,1,73,73,0.6254456043243408
random,1,results_adamw_lr0p001,results_adamw_lr0p001,small_cnn,adamw,10,128,20000,0.001,0.9,0.0005,cuda,False,False,1,74,74,-0.2922470271587372
random,1,results_adamw_lr0p001,results_adamw_lr0p001,small_cnn,adamw,10,128,20000,0.001,0.9,0.0005,cuda,False,False,1,75,75,0.17143088579177856
random,1,results_adamw_lr0p001,results_adamw_lr0p001,small_cnn,adamw,10,128,20000,0.001,0.9,0.0005,cuda,False,False,1,76,76,0.3338094651699066
random,1,results_adamw_lr0p001,results_adamw_lr0p001,small_cnn,adamw,10,128,20000,0.001,0.9,0.0005,cuda,False,False,1,77,77,0.4041772484779358
random,1,results_adamw_lr0p001,results_adamw_lr0p001,small_cnn,adamw,10,128,20000,0.001,0.9,0.0005,cuda,False,False,1,78,78,-0.02928042784333229
random,1,results_adamw_lr0p001,results_adamw_lr0p001,small_cnn,adamw,10,128,20000,0.001,0.9,0.0005,cuda,False,False,1,79,79,0.35199689865112305
random,1,results_adamw_lr0p001,results_adamw_lr0p001,small_cnn,adamw,10,128,20000,0.001,0.9,0.0005,cuda,False,False,1,80,80,-0.23409296572208405
random,1,results_adamw_lr0p001,results_adamw_lr0p001,small_cnn,adamw,10,128,20000,0.001,0.9,0.0005,cuda,False,False,1,81,81,0.27227920293807983
random,1,results_adamw_lr0p001,results_adamw_lr0p001,small_cnn,adamw,10,128,20000,0.001,0.9,0.0005,cuda,False,False,1,82,82,0.6672183275222778
random,1,results_adamw_lr0p001,results_adamw_lr0p001,small_cnn,adamw,10,128,20000,0.001,0.9,0.0005,cuda,False,False,1,83,83,0.7168079018592834
random,1,results_adamw_lr0p001,results_adamw_lr0p001,small_cnn,adamw,10,128,20000,0.001,0.9,0.0005,cuda,False,False,1,84,84,0.559654176235199
random,1,results_adamw_lr0p001,results_adamw_lr0p001,small_cnn,adamw,10,128,20000,0.001,0.9,0.0005,cuda,False,False,1,85,85,-0.402057409286499
random,1,results_adamw_lr0p001,results_adamw_lr0p001,small_cnn,adamw,10,128,20000,0.001,0.9,0.0005,cuda,False,False,1,86,86,0.7656241655349731
random,1,results_adamw_lr0p001,results_adamw_lr0p001,small_cnn,adamw,10,128,20000,0.001,0.9,0.0005,cuda,False,False,1,87,87,0.614952802658081
random,1,results_adamw_lr0p001,results_adamw_lr0p001,small_cnn,adamw,10,128,20000,0.001,0.9,0.0005,cuda,False,False,1,88,88,0.6134957671165466
random,1,results_adamw_lr0p001,results_adamw_lr0p001,small_cnn,adamw,10,128,20000,0.001,0.9,0.0005,cuda,False,False,1,89,89,-0.17242096364498138
random,1,results_adamw_lr0p001,results_adamw_lr0p001,small_cnn,adamw,10,128,20000,0.001,0.9,0.0005,cuda,False,False,1,90,90,0.7976419925689697
random,1,results_adamw_lr0p001,results_adamw_lr0p001,small_cnn,adamw,10,128,20000,0.001,0.9,0.0005,cuda,False,False,1,91,91,0.8782187104225159
random,1,results_adamw_lr0p001,results_adamw_lr0p001,small_cnn,adamw,10,128,20000,0.001,0.9,0.0005,cuda,False,False,1,92,92,0.9164450168609619
random,1,results_adamw_lr0p001,results_adamw_lr0p001,small_cnn,adamw,10,128,20000,0.001,0.9,0.0005,cuda,False,False,1,93,93,0.7703673243522644
random,1,results_adamw_lr0p001,results_adamw_lr0p001,small_cnn,adamw,10,128,20000,0.001,0.9,0.0005,cuda,False,False,1,94,94,-0.433907151222229
random,1,results_adamw_lr0p001,results_adamw_lr0p001,small_cnn,adamw,10,128,20000,0.001,0.9,0.0005,cuda,False,False,1,95,95,0.5970058441162109
random,1,results_adamw_lr0p001,results_adamw_lr0p001,small_cnn,adamw,10,128,20000,0.001,0.9,0.0005,cuda,False,False,1,96,96,0.8265554904937744
random,1,results_adamw_lr0p001,results_adamw_lr0p001,small_cnn,adamw,10,128,20000,0.001,0.9,0.0005,cuda,False,False,1,97,97,0.3293358385562897
random,1,results_adamw_lr0p001,results_adamw_lr0p001,small_cnn,adamw,10,128,20000,0.001,0.9,0.0005,cuda,False,False,1,98,98,0.23708516359329224
random,1,results_adamw_lr0p001,results_adamw_lr0p001,small_cnn,adamw,10,128,20000,0.001,0.9,0.0005,cuda,False,False,1,99,99,-0.033858124166727066
random,1,results_adamw_lr0p001,results_adamw_lr0p001,small_cnn,adamw,10,128,20000,0.001,0.9,0.0005,cuda,False,False,1,100,100,0.08864553272724152
random,1,results_adamw_lr0p001,results_adamw_lr0p001,small_cnn,adamw,10,128,20000,0.001,0.9,0.0005,cuda,False,False,1,101,101,0.7713124752044678
random,1,results_adamw_lr0p001,results_adamw_lr0p001,small_cnn,adamw,10,128,20000,0.001,0.9,0.0005,cuda,False,False,1,102,102,0.8337057828903198
random,1,results_adamw_lr0p001,results_adamw_lr0p001,small_cnn,adamw,10,128,20000,0.001,0.9,0.0005,cuda,False,False,1,103,103,0.33069121837615967
random,1,results_adamw_lr0p001,results_adamw_lr0p001,small_cnn,adamw,10,128,20000,0.001,0.9,0.0005,cuda,False,False,1,104,104,0.24907700717449188
random,1,results_adamw_lr0p001,results_adamw_lr0p001,small_cnn,adamw,10,128,20000,0.001,0.9,0.0005,cuda,False,False,1,105,105,0.14869806170463562
random,1,results_adamw_lr0p001,results_adamw_lr0p001,small_cnn,adamw,10,128,20000,0.001,0.9,0.0005,cuda,False,False,1,106,106,0.6158432364463806
random,1,results_adamw_lr0p001,results_adamw_lr0p001,small_cnn,adamw,10,128,20000,0.001,0.9,0.0005,cuda,False,False,1,107,107,-0.06821288913488388
random,1,results_adamw_lr0p001,results_adamw_lr0p001,small_cnn,adamw,10,128,20000,0.001,0.9,0.0005,cuda,False,False,1,108,108,0.8205268979072571
random,1,results_adamw_lr0p001,results_adamw_lr0p001,small_cnn,adamw,10,128,20000,0.001,0.9,0.0005,cuda,False,False,1,109,109,0.8086025714874268
random,1,results_adamw_lr0p001,results_adamw_lr0p001,small_cnn,adamw,10,128,20000,0.001,0.9,0.0005,cuda,False,False,1,110,110,-0.09999475628137589
random,1,results_adamw_lr0p001,results_adamw_lr0p001,small_cnn,adamw,10,128,20000,0.001,0.9,0.0005,cuda,False,False,1,111,111,-0.15180952847003937
random,1,results_adamw_lr0p001,results_adamw_lr0p001,small_cnn,adamw,10,128,20000,0.001,0.9,0.0005,cuda,False,False,1,112,112,0.2882588803768158
random,1,results_adamw_lr0p001,results_adamw_lr0p001,small_cnn,adamw,10,128,20000,0.001,0.9,0.0005,cuda,False,False,1,113,113,0.03324102237820625
random,1,results_adamw_lr0p001,results_adamw_lr0p001,small_cnn,adamw,10,128,20000,0.001,0.9,0.0005,cuda,False,False,1,114,114,0.8558622598648071
random,1,results_adamw_lr0p001,results_adamw_lr0p001,small_cnn,adamw,10,128,20000,0.001,0.9,0.0005,cuda,False,False,1,115,115,0.5592251420021057
random,1,results_adamw_lr0p001,results_adamw_lr0p001,small_cnn,adamw,10,128,20000,0.001,0.9,0.0005,cuda,False,False,1,116,116,-0.1094064861536026
random,1,results_adamw_lr0p001,results_adamw_lr0p001,small_cnn,adamw,10,128,20000,0.001,0.9,0.0005,cuda,False,False,1,117,117,0.17982551455497742
random,1,results_adamw_lr0p001,results_adamw_lr0p001,small_cnn,adamw,10,128,20000,0.001,0.9,0.0005,cuda,False,False,1,118,118,0.4612976312637329
random,1,results_adamw_lr0p001,results_adamw_lr0p001,small_cnn,adamw,10,128,20000,0.001,0.9,0.0005,cuda,False,False,1,119,119,-0.4152102768421173
random,1,results_adamw_lr0p001,results_adamw_lr0p001,small_cnn,adamw,10,128,20000,0.001,0.9,0.0005,cuda,False,False,1,120,120,0.6886599659919739
random,1,results_adamw_lr0p001,results_adamw_lr0p001,small_cnn,adamw,10,128,20000,0.001,0.9,0.0005,cuda,False,False,1,121,121,0.7024419903755188
random,1,results_adamw_lr0p001,results_adamw_lr0p001,small_cnn,adamw,10,128,20000,0.001,0.9,0.0005,cuda,False,False,1,122,122,0.731163501739502
random,1,results_adamw_lr0p001,results_adamw_lr0p001,small_cnn,adamw,10,128,20000,0.001,0.9,0.0005,cuda,False,False,1,123,123,0.67958664894104
random,1,results_adamw_lr0p001,results_adamw_lr0p001,small_cnn,adamw,10,128,20000,0.001,0.9,0.0005,cuda,False,False,1,124,124,-0.05498029291629791
random,1,results_adamw_lr0p001,results_adamw_lr0p001,small_cnn,adamw,10,128,20000,0.001,0.9,0.0005,cuda,False,False,1,125,125,0.15964777767658234
random,1,results_adamw_lr0p001,results_adamw_lr0p001,small_cnn,adamw,10,128,20000,0.001,0.9,0.0005,cuda,False,False,1,126,126,0.4671417474746704
random,1,results_adamw_lr0p001,results_adamw_lr0p001,small_cnn,adamw,10,128,20000,0.001,0.9,0.0005,cuda,False,False,1,127,127,0.8012555837631226
random,1,results_adamw_lr0p001,results_adamw_lr0p001,small_cnn,adamw,10,128,20000,0.001,0.9,0.0005,cuda,False,False,1,128,128,0.885504961013794
random,1,results_adamw_lr0p001,results_adamw_lr0p001,small_cnn,adamw,10,128,20000,0.001,0.9,0.0005,cuda,False,False,1,129,129,0.5201676487922668
random,1,results_adamw_lr0p001,results_adamw_lr0p001,small_cnn,adamw,10,128,20000,0.001,0.9,0.0005,cuda,False,False,1,130,130,0.2060176432132721
random,1,results_adamw_lr0p001,results_adamw_lr0p001,small_cnn,adamw,10,128,20000,0.001,0.9,0.0005,cuda,False,False,1,131,131,0.7039104104042053
random,1,results_adamw_lr0p001,results_adamw_lr0p001,small_cnn,adamw,10,128,20000,0.001,0.9,0.0005,cuda,False,False,1,132,132,0.46547794342041016
random,1,results_adamw_lr0p001,results_adamw_lr0p001,small_cnn,adamw,10,128,20000,0.001,0.9,0.0005,cuda,False,False,1,133,133,0.9371544122695923
random,1,results_adamw_lr0p001,results_adamw_lr0p001,small_cnn,adamw,10,128,20000,0.001,0.9,0.0005,cuda,False,False,1,134,134,0.7536743879318237
random,1,results_adamw_lr0p001,results_adamw_lr0p001,small_cnn,adamw,10,128,20000,0.001,0.9,0.0005,cuda,False,False,1,135,135,0.2492707073688507
random,1,results_adamw_lr0p001,results_adamw_lr0p001,small_cnn,adamw,10,128,20000,0.001,0.9,0.0005,cuda,False,False,1,136,136,0.647051215171814
random,1,results_adamw_lr0p001,results_adamw_lr0p001,small_cnn,adamw,10,128,20000,0.001,0.9,0.0005,cuda,False,False,1,137,137,0.48201918601989746
random,1,results_adamw_lr0p001,results_adamw_lr0p001,small_cnn,adamw,10,128,20000,0.001,0.9,0.0005,cuda,False,False,1,138,138,0.7435926795005798
random,1,results_adamw_lr0p001,results_adamw_lr0p001,small_cnn,adamw,10,128,20000,0.001,0.9,0.0005,cuda,False,False,1,139,139,0.42555078864097595
random,1,results_adamw_lr0p001,results_adamw_lr0p001,small_cnn,adamw,10,128,20000,0.001,0.9,0.0005,cuda,False,False,1,140,140,0.6872234344482422
random,1,results_adamw_lr0p001,results_adamw_lr0p001,small_cnn,adamw,10,128,20000,0.001,0.9,0.0005,cuda,False,False,1,141,141,0.5160115361213684
random,1,results_adamw_lr0p001,results_adamw_lr0p001,small_cnn,adamw,10,128,20000,0.001,0.9,0.0005,cuda,False,False,1,142,142,-0.38387346267700195
random,1,results_adamw_lr0p001,results_adamw_lr0p001,small_cnn,adamw,10,128,20000,0.001,0.9,0.0005,cuda,False,False,1,143,143,-0.03972752019762993
random,1,results_adamw_lr0p001,results_adamw_lr0p001,small_cnn,adamw,10,128,20000,0.001,0.9,0.0005,cuda,False,False,1,144,144,0.5666602253913879
random,1,results_adamw_lr0p001,results_adamw_lr0p001,small_cnn,adamw,10,128,20000,0.001,0.9,0.0005,cuda,False,False,1,145,145,0.5978825092315674
random,1,results_adamw_lr0p001,results_adamw_lr0p001,small_cnn,adamw,10,128,20000,0.001,0.9,0.0005,cuda,False,False,1,146,146,0.6191933751106262
random,1,results_adamw_lr0p001,results_adamw_lr0p001,small_cnn,adamw,10,128,20000,0.001,0.9,0.0005,cuda,False,False,1,147,147,0.702834963798523
random,1,results_adamw_lr0p001,results_adamw_lr0p001,small_cnn,adamw,10,128,20000,0.001,0.9,0.0005,cuda,False,False,1,148,148,0.7493686079978943
random,1,results_adamw_lr0p001,results_adamw_lr0p001,small_cnn,adamw,10,128,20000,0.001,0.9,0.0005,cuda,False,False,1,149,149,-0.4053049683570862
random,1,results_adamw_lr0p001,results_adamw_lr0p001,small_cnn,adamw,10,128,20000,0.001,0.9,0.0005,cuda,False,False,1,150,150,0.6392137408256531
random,1,results_adamw_lr0p001,results_adamw_lr0p001,small_cnn,adamw,10,128,20000,0.001,0.9,0.0005,cuda,False,False,1,151,151,0.4677235186100006
random,1,results_adamw_lr0p001,results_adamw_lr0p001,small_cnn,adamw,10,128,20000,0.001,0.9,0.0005,cuda,False,False,1,152,152,0.865827202796936
random,1,results_adamw_lr0p001,results_adamw_lr0p001,small_cnn,adamw,10,128,20000,0.001,0.9,0.0005,cuda,False,False,1,153,153,0.5824345350265503
random,1,results_adamw_lr0p001,results_adamw_lr0p001,small_cnn,adamw,10,128,20000,0.001,0.9,0.0005,cuda,False,False,1,154,154,0.6389926075935364
random,1,results_adamw_lr0p001,results_adamw_lr0p001,small_cnn,adamw,10,128,20000,0.001,0.9,0.0005,cuda,False,False,1,155,155,0.051201872527599335
random,1,results_adamw_lr0p001,results_adamw_lr0p001,small_cnn,adamw,10,128,20000,0.001,0.9,0.0005,cuda,False,False,1,156,156,0.19614848494529724
random,1,results_adamw_lr0p001,results_adamw_lr0p001,small_cnn,adamw,10,128,20000,0.001,0.9,0.0005,cuda,False,False,1,157,157,0.20387913286685944
random,1,results_adamw_lr0p001,results_adamw_lr0p001,small_cnn,adamw,10,128,20000,0.001,0.9,0.0005,cuda,False,False,2,1,158,0.5571649074554443
random,1,results_adamw_lr0p001,results_adamw_lr0p001,small_cnn,adamw,10,128,20000,0.001,0.9,0.0005,cuda,False,False,2,2,159,0.5685538053512573
random,1,results_adamw_lr0p001,results_adamw_lr0p001,small_cnn,adamw,10,128,20000,0.001,0.9,0.0005,cuda,False,False,2,3,160,0.5762027502059937
random,1,results_adamw_lr0p001,results_adamw_lr0p001,small_cnn,adamw,10,128,20000,0.001,0.9,0.0005,cuda,False,False,2,4,161,0.6453326344490051
random,1,results_adamw_lr0p001,results_adamw_lr0p001,small_cnn,adamw,10,128,20000,0.001,0.9,0.0005,cuda,False,False,2,5,162,-0.8090685606002808
random,1,results_adamw_lr0p001,results_adamw_lr0p001,small_cnn,adamw,10,128,20000,0.001,0.9,0.0005,cuda,False,False,2,6,163,0.6548166275024414
random,1,results_adamw_lr0p001,results_adamw_lr0p001,small_cnn,adamw,10,128,20000,0.001,0.9,0.0005,cuda,False,False,2,7,164,0.7470000386238098
random,1,results_adamw_lr0p001,results_adamw_lr0p001,small_cnn,adamw,10,128,20000,0.001,0.9,0.0005,cuda,False,False,2,8,165,0.7081554532051086
random,1,results_adamw_lr0p001,results_adamw_lr0p001,small_cnn,adamw,10,128,20000,0.001,0.9,0.0005,cuda,False,False,2,9,166,0.5071326494216919
random,1,results_adamw_lr0p001,results_adamw_lr0p001,small_cnn,adamw,10,128,20000,0.001,0.9,0.0005,cuda,False,False,2,10,167,-0.13138583302497864
random,1,results_adamw_lr0p001,results_adamw_lr0p001,small_cnn,adamw,10,128,20000,0.001,0.9,0.0005,cuda,False,False,2,11,168,0.6632276177406311
random,1,results_adamw_lr0p001,results_adamw_lr0p001,small_cnn,adamw,10,128,20000,0.001,0.9,0.0005,cuda,False,False,2,12,169,0.6971848607063293
random,1,results_adamw_lr0p001,results_adamw_lr0p001,small_cnn,adamw,10,128,20000,0.001,0.9,0.0005,cuda,False,False,2,13,170,0.8179776072502136
random,1,results_adamw_lr0p001,results_adamw_lr0p001,small_cnn,adamw,10,128,20000,0.001,0.9,0.0005,cuda,False,False,2,14,171,0.21884845197200775
random,1,results_adamw_lr0p001,results_adamw_lr0p001,small_cnn,adamw,10,128,20000,0.001,0.9,0.0005,cuda,False,False,2,15,172,0.6431371569633484
random,1,results_adamw_lr0p001,results_adamw_lr0p001,small_cnn,adamw,10,128,20000,0.001,0.9,0.0005,cuda,False,False,2,16,173,0.2013157606124878
random,1,results_adamw_lr0p001,results_adamw_lr0p001,small_cnn,adamw,10,128,20000,0.001,0.9,0.0005,cuda,False,False,2,17,174,0.31325384974479675
random,1,results_adamw_lr0p001,results_adamw_lr0p001,small_cnn,adamw,10,128,20000,0.001,0.9,0.0005,cuda,False,False,2,18,175,0.8048628568649292
random,1,results_adamw_lr0p001,results_adamw_lr0p001,small_cnn,adamw,10,128,20000,0.001,0.9,0.0005,cuda,False,False,2,19,176,-0.12152482569217682
random,1,results_adamw_lr0p001,results_adamw_lr0p001,small_cnn,adamw,10,128,20000,0.001,0.9,0.0005,cuda,False,False,2,20,177,0.6837039589881897
random,1,results_adamw_lr0p001,results_adamw_lr0p001,small_cnn,adamw,10,128,20000,0.001,0.9,0.0005,cuda,False,False,2,21,178,0.4980088472366333
random,1,results_adamw_lr0p001,results_adamw_lr0p001,small_cnn,adamw,10,128,20000,0.001,0.9,0.0005,cuda,False,False,2,22,179,0.5947073698043823
random,1,results_adamw_lr0p001,results_adamw_lr0p001,small_cnn,adamw,10,128,20000,0.001,0.9,0.0005,cuda,False,False,2,23,180,0.23539236187934875
random,1,results_adamw_lr0p001,results_adamw_lr0p001,small_cnn,adamw,10,128,20000,0.001,0.9,0.0005,cuda,False,False,2,24,181,-0.33825254440307617
random,1,results_adamw_lr0p001,results_adamw_lr0p001,small_cnn,adamw,10,128,20000,0.001,0.9,0.0005,cuda,False,False,2,25,182,-0.44569507241249084
random,1,results_adamw_lr0p001,results_adamw_lr0p001,small_cnn,adamw,10,128,20000,0.001,0.9,0.0005,cuda,False,False,2,26,183,0.10402029752731323
random,1,results_adamw_lr0p001,results_adamw_lr0p001,small_cnn,adamw,10,128,20000,0.001,0.9,0.0005,cuda,False,False,2,27,184,0.22174856066703796
random,1,results_adamw_lr0p001,results_adamw_lr0p001,small_cnn,adamw,10,128,20000,0.001,0.9,0.0005,cuda,False,False,2,28,185,0.541979193687439
random,1,results_adamw_lr0p001,results_adamw_lr0p001,small_cnn,adamw,10,128,20000,0.001,0.9,0.0005,cuda,False,False,2,29,186,-0.00474485382437706
random,1,results_adamw_lr0p001,results_adamw_lr0p001,small_cnn,adamw,10,128,20000,0.001,0.9,0.0005,cuda,False,False,2,30,187,-0.532814621925354
random,1,results_adamw_lr0p001,results_adamw_lr0p001,small_cnn,adamw,10,128,20000,0.001,0.9,0.0005,cuda,False,False,2,31,188,0.06927983462810516
random,1,results_adamw_lr0p001,results_adamw_lr0p001,small_cnn,adamw,10,128,20000,0.001,0.9,0.0005,cuda,False,False,2,32,189,0.4477079510688782
random,1,results_adamw_lr0p001,results_adamw_lr0p001,small_cnn,adamw,10,128,20000,0.001,0.9,0.0005,cuda,False,False,2,33,190,-0.20236150920391083
random,1,results_adamw_lr0p001,results_adamw_lr0p001,small_cnn,adamw,10,128,20000,0.001,0.9,0.0005,cuda,False,False,2,34,191,-0.3248421251773834
random,1,results_adamw_lr0p001,results_adamw_lr0p001,small_cnn,adamw,10,128,20000,0.001,0.9,0.0005,cuda,False,False,2,35,192,0.5222539901733398
random,1,results_adamw_lr0p001,results_adamw_lr0p001,small_cnn,adamw,10,128,20000,0.001,0.9,0.0005,cuda,False,False,2,36,193,0.2581219971179962
random,1,results_adamw_lr0p001,results_adamw_lr0p001,small_cnn,adamw,10,128,20000,0.001,0.9,0.0005,cuda,False,False,2,37,194,0.5615305304527283
random,1,results_adamw_lr0p001,results_adamw_lr0p001,small_cnn,adamw,10,128,20000,0.001,0.9,0.0005,cuda,False,False,2,38,195,0.13810983300209045
random,1,results_adamw_lr0p001,results_adamw_lr0p001,small_cnn,adamw,10,128,20000,0.001,0.9,0.0005,cuda,False,False,2,39,196,0.18401740491390228
random,1,results_adamw_lr0p001,results_adamw_lr0p001,small_cnn,adamw,10,128,20000,0.001,0.9,0.0005,cuda,False,False,2,40,197,0.300662100315094
random,1,results_adamw_lr0p001,results_adamw_lr0p001,small_cnn,adamw,10,128,20000,0.001,0.9,0.0005,cuda,False,False,2,41,198,0.5161077976226807
random,1,results_adamw_lr0p001,results_adamw_lr0p001,small_cnn,adamw,10,128,20000,0.001,0.9,0.0005,cuda,False,False,2,42,199,0.4461556375026703
random,1,results_adamw_lr0p001,results_adamw_lr0p001,small_cnn,adamw,10,128,20000,0.001,0.9,0.0005,cuda,False,False,2,43,200,-0.28882110118865967
random,1,results_adamw_lr0p001,results_adamw_lr0p001,small_cnn,adamw,10,128,20000,0.001,0.9,0.0005,cuda,False,False,2,44,201,0.2280513346195221
random,1,results_adamw_lr0p001,results_adamw_lr0p001,small_cnn,adamw,10,128,20000,0.001,0.9,0.0005,cuda,False,False,2,45,202,0.6910431981086731
random,1,results_adamw_lr0p001,results_adamw_lr0p001,small_cnn,adamw,10,128,20000,0.001,0.9,0.0005,cuda,False,False,2,46,203,0.5084998607635498
random,1,results_adamw_lr0p001,results_adamw_lr0p001,small_cnn,adamw,10,128,20000,0.001,0.9,0.0005,cuda,False,False,2,47,204,-0.05566677823662758
random,1,results_adamw_lr0p001,results_adamw_lr0p001,small_cnn,adamw,10,128,20000,0.001,0.9,0.0005,cuda,False,False,2,48,205,0.059424277395009995
random,1,results_adamw_lr0p001,results_adamw_lr0p001,small_cnn,adamw,10,128,20000,0.001,0.9,0.0005,cuda,False,False,2,49,206,0.4160197079181671
random,1,results_adamw_lr0p001,results_adamw_lr0p001,small_cnn,adamw,10,128,20000,0.001,0.9,0.0005,cuda,False,False,2,50,207,0.4000575840473175
random,1,results_adamw_lr0p001,results_adamw_lr0p001,small_cnn,adamw,10,128,20000,0.001,0.9,0.0005,cuda,False,False,2,51,208,-0.06143798679113388
random,1,results_adamw_lr0p001,results_adamw_lr0p001,small_cnn,adamw,10,128,20000,0.001,0.9,0.0005,cuda,False,False,2,52,209,0.160289466381073
random,1,results_adamw_lr0p001,results_adamw_lr0p001,small_cnn,adamw,10,128,20000,0.001,0.9,0.0005,cuda,False,False,2,53,210,0.16288764774799347
random,1,results_adamw_lr0p001,results_adamw_lr0p001,small_cnn,adamw,10,128,20000,0.001,0.9,0.0005,cuda,False,False,2,54,211,0.047169897705316544
random,1,results_adamw_lr0p001,results_adamw_lr0p001,small_cnn,adamw,10,128,20000,0.001,0.9,0.0005,cuda,False,False,2,55,212,0.3497786223888397
random,1,results_adamw_lr0p001,results_adamw_lr0p001,small_cnn,adamw,10,128,20000,0.001,0.9,0.0005,cuda,False,False,2,56,213,-0.5227890610694885
random,1,results_adamw_lr0p001,results_adamw_lr0p001,small_cnn,adamw,10,128,20000,0.001,0.9,0.0005,cuda,False,False,2,57,214,0.26092851161956787
random,1,results_adamw_lr0p001,results_adamw_lr0p001,small_cnn,adamw,10,128,20000,0.001,0.9,0.0005,cuda,False,False,2,58,215,0.42018675804138184
random,1,results_adamw_lr0p001,results_adamw_lr0p001,small_cnn,adamw,10,128,20000,0.001,0.9,0.0005,cuda,False,False,2,59,216,0.7136642932891846
random,1,results_adamw_lr0p001,results_adamw_lr0p001,small_cnn,adamw,10,128,20000,0.001,0.9,0.0005,cuda,False,False,2,60,217,0.6446933150291443
random,1,results_adamw_lr0p001,results_adamw_lr0p001,small_cnn,adamw,10,128,20000,0.001,0.9,0.0005,cuda,False,False,2,61,218,-0.5159063339233398
random,1,results_adamw_lr0p001,results_adamw_lr0p001,small_cnn,adamw,10,128,20000,0.001,0.9,0.0005,cuda,False,False,2,62,219,-0.2625333368778229
random,1,results_adamw_lr0p001,results_adamw_lr0p001,small_cnn,adamw,10,128,20000,0.001,0.9,0.0005,cuda,False,False,2,63,220,-0.16071315109729767
random,1,results_adamw_lr0p001,results_adamw_lr0p001,small_cnn,adamw,10,128,20000,0.001,0.9,0.0005,cuda,False,False,2,64,221,0.6747453808784485
random,1,results_adamw_lr0p001,results_adamw_lr0p001,small_cnn,adamw,10,128,20000,0.001,0.9,0.0005,cuda,False,False,2,65,222,0.5681724548339844
random,1,results_adamw_lr0p001,results_adamw_lr0p001,small_cnn,adamw,10,128,20000,0.001,0.9,0.0005,cuda,False,False,2,66,223,0.45119959115982056
random,1,results_adamw_lr0p001,results_adamw_lr0p001,small_cnn,adamw,10,128,20000,0.001,0.9,0.0005,cuda,False,False,2,67,224,-0.1884947270154953
random,1,results_adamw_lr0p001,results_adamw_lr0p001,small_cnn,adamw,10,128,20000,0.001,0.9,0.0005,cuda,False,False,2,68,225,0.650377631187439
random,1,results_adamw_lr0p001,results_adamw_lr0p001,small_cnn,adamw,10,128,20000,0.001,0.9,0.0005,cuda,False,False,2,69,226,0.53935706615448
random,1,results_adamw_lr0p001,results_adamw_lr0p001,small_cnn,adamw,10,128,20000,0.001,0.9,0.0005,cuda,False,False,2,70,227,0.12983955442905426
random,1,results_adamw_lr0p001,results_adamw_lr0p001,small_cnn,adamw,10,128,20000,0.001,0.9,0.0005,cuda,False,False,2,71,228,0.4924450218677521
random,1,results_adamw_lr0p001,results_adamw_lr0p001,small_cnn,adamw,10,128,20000,0.001,0.9,0.0005,cuda,False,False,2,72,229,0.48211053013801575
random,1,results_adamw_lr0p001,results_adamw_lr0p001,small_cnn,adamw,10,128,20000,0.001,0.9,0.0005,cuda,False,False,2,73,230,0.254885196685791
random,1,results_adamw_lr0p001,results_adamw_lr0p001,small_cnn,adamw,10,128,20000,0.001,0.9,0.0005,cuda,False,False,2,74,231,0.3844367265701294
random,1,results_adamw_lr0p001,results_adamw_lr0p001,small_cnn,adamw,10,128,20000,0.001,0.9,0.0005,cuda,False,False,2,75,232,0.41945040225982666
random,1,results_adamw_lr0p001,results_adamw_lr0p001,small_cnn,adamw,10,128,20000,0.001,0.9,0.0005,cuda,False,False,2,76,233,0.25772586464881897
random,1,results_adamw_lr0p001,results_adamw_lr0p001,small_cnn,adamw,10,128,20000,0.001,0.9,0.0005,cuda,False,False,2,77,234,-0.4219232201576233
random,1,results_adamw_lr0p001,results_adamw_lr0p001,small_cnn,adamw,10,128,20000,0.001,0.9,0.0005,cuda,False,False,2,78,235,-0.2239573746919632
random,1,results_adamw_lr0p001,results_adamw_lr0p001,small_cnn,adamw,10,128,20000,0.001,0.9,0.0005,cuda,False,False,2,79,236,0.44552308320999146
random,1,results_adamw_lr0p001,results_adamw_lr0p001,small_cnn,adamw,10,128,20000,0.001,0.9,0.0005,cuda,False,False,2,80,237,0.5766139626502991
random,1,results_adamw_lr0p001,results_adamw_lr0p001,small_cnn,adamw,10,128,20000,0.001,0.9,0.0005,cuda,False,False,2,81,238,0.5229426026344299
random,1,results_adamw_lr0p001,results_adamw_lr0p001,small_cnn,adamw,10,128,20000,0.001,0.9,0.0005,cuda,False,False,2,82,239,0.4079603850841522
random,1,results_adamw_lr0p001,results_adamw_lr0p001,small_cnn,adamw,10,128,20000,0.001,0.9,0.0005,cuda,False,False,2,83,240,-0.29103970527648926
random,1,results_adamw_lr0p001,results_adamw_lr0p001,small_cnn,adamw,10,128,20000,0.001,0.9,0.0005,cuda,False,False,2,84,241,-0.0019866381771862507
random,1,results_adamw_lr0p001,results_adamw_lr0p001,small_cnn,adamw,10,128,20000,0.001,0.9,0.0005,cuda,False,False,2,85,242,0.19900567829608917
random,1,results_adamw_lr0p001,results_adamw_lr0p001,small_cnn,adamw,10,128,20000,0.001,0.9,0.0005,cuda,False,False,2,86,243,0.6289016008377075
random,1,results_adamw_lr0p001,results_adamw_lr0p001,small_cnn,adamw,10,128,20000,0.001,0.9,0.0005,cuda,False,False,2,87,244,0.6059314608573914
random,1,results_adamw_lr0p001,results_adamw_lr0p001,small_cnn,adamw,10,128,20000,0.001,0.9,0.0005,cuda,False,False,2,88,245,0.3293249309062958
random,1,results_adamw_lr0p001,results_adamw_lr0p001,small_cnn,adamw,10,128,20000,0.001,0.9,0.0005,cuda,False,False,2,89,246,0.19300201535224915
random,1,results_adamw_lr0p001,results_adamw_lr0p001,small_cnn,adamw,10,128,20000,0.001,0.9,0.0005,cuda,False,False,2,90,247,0.4127112030982971
random,1,results_adamw_lr0p001,results_adamw_lr0p001,small_cnn,adamw,10,128,20000,0.001,0.9,0.0005,cuda,False,False,2,91,248,0.8374878168106079
random,1,results_adamw_lr0p001,results_adamw_lr0p001,small_cnn,adamw,10,128,20000,0.001,0.9,0.0005,cuda,False,False,2,92,249,-0.18317003548145294
random,1,results_adamw_lr0p001,results_adamw_lr0p001,small_cnn,adamw,10,128,20000,0.001,0.9,0.0005,cuda,False,False,2,93,250,0.7462162971496582
random,1,results_adamw_lr0p001,results_adamw_lr0p001,small_cnn,adamw,10,128,20000,0.001,0.9,0.0005,cuda,False,False,2,94,251,0.18023163080215454
random,1,results_adamw_lr0p001,results_adamw_lr0p001,small_cnn,adamw,10,128,20000,0.001,0.9,0.0005,cuda,False,False,2,95,252,0.25174281001091003
random,1,results_adamw_lr0p001,results_adamw_lr0p001,small_cnn,adamw,10,128,20000,0.001,0.9,0.0005,cuda,False,False,2,96,253,0.4217543601989746
random,1,results_adamw_lr0p001,results_adamw_lr0p001,small_cnn,adamw,10,128,20000,0.001,0.9,0.0005,cuda,False,False,2,97,254,0.8408544063568115
random,1,results_adamw_lr0p001,results_adamw_lr0p001,small_cnn,adamw,10,128,20000,0.001,0.9,0.0005,cuda,False,False,2,98,255,-0.2551449239253998
random,1,results_adamw_lr0p001,results_adamw_lr0p001,small_cnn,adamw,10,128,20000,0.001,0.9,0.0005,cuda,False,False,2,99,256,0.5183605551719666
random,1,results_adamw_lr0p001,results_adamw_lr0p001,small_cnn,adamw,10,128,20000,0.001,0.9,0.0005,cuda,False,False,2,100,257,0.5909961462020874
random,1,results_adamw_lr0p001,results_adamw_lr0p001,small_cnn,adamw,10,128,20000,0.001,0.9,0.0005,cuda,False,False,2,101,258,0.6803507208824158
random,1,results_adamw_lr0p001,results_adamw_lr0p001,small_cnn,adamw,10,128,20000,0.001,0.9,0.0005,cuda,False,False,2,102,259,0.13710400462150574
random,1,results_adamw_lr0p001,results_adamw_lr0p001,small_cnn,adamw,10,128,20000,0.001,0.9,0.0005,cuda,False,False,2,103,260,0.20484165847301483
random,1,results_adamw_lr0p001,results_adamw_lr0p001,small_cnn,adamw,10,128,20000,0.001,0.9,0.0005,cuda,False,False,2,104,261,-0.31107738614082336
random,1,results_adamw_lr0p001,results_adamw_lr0p001,small_cnn,adamw,10,128,20000,0.001,0.9,0.0005,cuda,False,False,2,105,262,0.4192827343940735
random,1,results_adamw_lr0p001,results_adamw_lr0p001,small_cnn,adamw,10,128,20000,0.001,0.9,0.0005,cuda,False,False,2,106,263,0.4263688027858734
random,1,results_adamw_lr0p001,results_adamw_lr0p001,small_cnn,adamw,10,128,20000,0.001,0.9,0.0005,cuda,False,False,2,107,264,-0.40390318632125854
random,1,results_adamw_lr0p001,results_adamw_lr0p001,small_cnn,adamw,10,128,20000,0.001,0.9,0.0005,cuda,False,False,2,108,265,0.04034892097115517
random,1,results_adamw_lr0p001,results_adamw_lr0p001,small_cnn,adamw,10,128,20000,0.001,0.9,0.0005,cuda,False,False,2,109,266,-0.4399833679199219
random,1,results_adamw_lr0p001,results_adamw_lr0p001,small_cnn,adamw,10,128,20000,0.001,0.9,0.0005,cuda,False,False,2,110,267,-0.13982340693473816
random,1,results_adamw_lr0p001,results_adamw_lr0p001,small_cnn,adamw,10,128,20000,0.001,0.9,0.0005,cuda,False,False,2,111,268,0.24929139018058777
random,1,results_adamw_lr0p001,results_adamw_lr0p001,small_cnn,adamw,10,128,20000,0.001,0.9,0.0005,cuda,False,False,2,112,269,0.23846237361431122
random,1,results_adamw_lr0p001,results_adamw_lr0p001,small_cnn,adamw,10,128,20000,0.001,0.9,0.0005,cuda,False,False,2,113,270,-0.013660473749041557
random,1,results_adamw_lr0p001,results_adamw_lr0p001,small_cnn,adamw,10,128,20000,0.001,0.9,0.0005,cuda,False,False,2,114,271,0.3883305490016937
random,1,results_adamw_lr0p001,results_adamw_lr0p001,small_cnn,adamw,10,128,20000,0.001,0.9,0.0005,cuda,False,False,2,115,272,-0.3325021266937256
random,1,results_adamw_lr0p001,results_adamw_lr0p001,small_cnn,adamw,10,128,20000,0.001,0.9,0.0005,cuda,False,False,2,116,273,0.34709927439689636
random,1,results_adamw_lr0p001,results_adamw_lr0p001,small_cnn,adamw,10,128,20000,0.001,0.9,0.0005,cuda,False,False,2,117,274,0.7706108689308167
random,1,results_adamw_lr0p001,results_adamw_lr0p001,small_cnn,adamw,10,128,20000,0.001,0.9,0.0005,cuda,False,False,2,118,275,0.6851679086685181
random,1,results_adamw_lr0p001,results_adamw_lr0p001,small_cnn,adamw,10,128,20000,0.001,0.9,0.0005,cuda,False,False,2,119,276,-0.3542250096797943
random,1,results_adamw_lr0p001,results_adamw_lr0p001,small_cnn,adamw,10,128,20000,0.001,0.9,0.0005,cuda,False,False,2,120,277,0.3342098295688629
random,1,results_adamw_lr0p001,results_adamw_lr0p001,small_cnn,adamw,10,128,20000,0.001,0.9,0.0005,cuda,False,False,2,121,278,-0.12613743543624878
random,1,results_adamw_lr0p001,results_adamw_lr0p001,small_cnn,adamw,10,128,20000,0.001,0.9,0.0005,cuda,False,False,2,122,279,0.033976610749959946
random,1,results_adamw_lr0p001,results_adamw_lr0p001,small_cnn,adamw,10,128,20000,0.001,0.9,0.0005,cuda,False,False,2,123,280,0.34048447012901306
random,1,results_adamw_lr0p001,results_adamw_lr0p001,small_cnn,adamw,10,128,20000,0.001,0.9,0.0005,cuda,False,False,2,124,281,0.4888465106487274
random,1,results_adamw_lr0p001,results_adamw_lr0p001,small_cnn,adamw,10,128,20000,0.001,0.9,0.0005,cuda,False,False,2,125,282,0.32172057032585144
random,1,results_adamw_lr0p001,results_adamw_lr0p001,small_cnn,adamw,10,128,20000,0.001,0.9,0.0005,cuda,False,False,2,126,283,0.5242157578468323
random,1,results_adamw_lr0p001,results_adamw_lr0p001,small_cnn,adamw,10,128,20000,0.001,0.9,0.0005,cuda,False,False,2,127,284,0.22216281294822693
random,1,results_adamw_lr0p001,results_adamw_lr0p001,small_cnn,adamw,10,128,20000,0.001,0.9,0.0005,cuda,False,False,2,128,285,0.6855083107948303
random,1,results_adamw_lr0p001,results_adamw_lr0p001,small_cnn,adamw,10,128,20000,0.001,0.9,0.0005,cuda,False,False,2,129,286,0.38673368096351624
random,1,results_adamw_lr0p001,results_adamw_lr0p001,small_cnn,adamw,10,128,20000,0.001,0.9,0.0005,cuda,False,False,2,130,287,0.2226453721523285
random,1,results_adamw_lr0p001,results_adamw_lr0p001,small_cnn,adamw,10,128,20000,0.001,0.9,0.0005,cuda,False,False,2,131,288,-0.03406698256731033
random,1,results_adamw_lr0p001,results_adamw_lr0p001,small_cnn,adamw,10,128,20000,0.001,0.9,0.0005,cuda,False,False,2,132,289,0.7029870748519897
random,1,results_adamw_lr0p001,results_adamw_lr0p001,small_cnn,adamw,10,128,20000,0.001,0.9,0.0005,cuda,False,False,2,133,290,0.45298510789871216
random,1,results_adamw_lr0p001,results_adamw_lr0p001,small_cnn,adamw,10,128,20000,0.001,0.9,0.0005,cuda,False,False,2,134,291,0.12474837154150009
random,1,results_adamw_lr0p001,results_adamw_lr0p001,small_cnn,adamw,10,128,20000,0.001,0.9,0.0005,cuda,False,False,2,135,292,0.31052365899086
random,1,results_adamw_lr0p001,results_adamw_lr0p001,small_cnn,adamw,10,128,20000,0.001,0.9,0.0005,cuda,False,False,2,136,293,0.29290929436683655
random,1,results_adamw_lr0p001,results_adamw_lr0p001,small_cnn,adamw,10,128,20000,0.001,0.9,0.0005,cuda,False,False,2,137,294,0.5673587918281555
random,1,results_adamw_lr0p001,results_adamw_lr0p001,small_cnn,adamw,10,128,20000,0.001,0.9,0.0005,cuda,False,False,2,138,295,-0.21871867775917053
random,1,results_adamw_lr0p001,results_adamw_lr0p001,small_cnn,adamw,10,128,20000,0.001,0.9,0.0005,cuda,False,False,2,139,296,-0.10250799357891083
random,1,results_adamw_lr0p001,results_adamw_lr0p001,small_cnn,adamw,10,128,20000,0.001,0.9,0.0005,cuda,False,False,2,140,297,-0.3377264738082886
random,1,results_adamw_lr0p001,results_adamw_lr0p001,small_cnn,adamw,10,128,20000,0.001,0.9,0.0005,cuda,False,False,2,141,298,0.5274250507354736
random,1,results_adamw_lr0p001,results_adamw_lr0p001,small_cnn,adamw,10,128,20000,0.001,0.9,0.0005,cuda,False,False,2,142,299,0.09744373708963394
random,1,results_adamw_lr0p001,results_adamw_lr0p001,small_cnn,adamw,10,128,20000,0.001,0.9,0.0005,cuda,False,False,2,143,300,0.3070310950279236
random,1,results_adamw_lr0p001,results_adamw_lr0p001,small_cnn,adamw,10,128,20000,0.001,0.9,0.0005,cuda,False,False,2,144,301,0.8065738081932068
random,1,results_adamw_lr0p001,results_adamw_lr0p001,small_cnn,adamw,10,128,20000,0.001,0.9,0.0005,cuda,False,False,2,145,302,0.5236415863037109
random,1,results_adamw_lr0p001,results_adamw_lr0p001,small_cnn,adamw,10,128,20000,0.001,0.9,0.0005,cuda,False,False,2,146,303,0.2914353907108307
random,1,results_adamw_lr0p001,results_adamw_lr0p001,small_cnn,adamw,10,128,20000,0.001,0.9,0.0005,cuda,False,False,2,147,304,0.871526837348938
random,1,results_adamw_lr0p001,results_adamw_lr0p001,small_cnn,adamw,10,128,20000,0.001,0.9,0.0005,cuda,False,False,2,148,305,-0.20781497657299042
random,1,results_adamw_lr0p001,results_adamw_lr0p001,small_cnn,adamw,10,128,20000,0.001,0.9,0.0005,cuda,False,False,2,149,306,0.16674457490444183
random,1,results_adamw_lr0p001,results_adamw_lr0p001,small_cnn,adamw,10,128,20000,0.001,0.9,0.0005,cuda,False,False,2,150,307,-0.26641809940338135
random,1,results_adamw_lr0p001,results_adamw_lr0p001,small_cnn,adamw,10,128,20000,0.001,0.9,0.0005,cuda,False,False,2,151,308,0.48343876004219055
random,1,results_adamw_lr0p001,results_adamw_lr0p001,small_cnn,adamw,10,128,20000,0.001,0.9,0.0005,cuda,False,False,2,152,309,0.7513764500617981
random,1,results_adamw_lr0p001,results_adamw_lr0p001,small_cnn,adamw,10,128,20000,0.001,0.9,0.0005,cuda,False,False,2,153,310,0.4106351435184479
random,1,results_adamw_lr0p001,results_adamw_lr0p001,small_cnn,adamw,10,128,20000,0.001,0.9,0.0005,cuda,False,False,2,154,311,0.46569523215293884
random,1,results_adamw_lr0p001,results_adamw_lr0p001,small_cnn,adamw,10,128,20000,0.001,0.9,0.0005,cuda,False,False,2,155,312,-0.23342275619506836
random,1,results_adamw_lr0p001,results_adamw_lr0p001,small_cnn,adamw,10,128,20000,0.001,0.9,0.0005,cuda,False,False,2,156,313,-0.17405594885349274
random,1,results_adamw_lr0p001,results_adamw_lr0p001,small_cnn,adamw,10,128,20000,0.001,0.9,0.0005,cuda,False,False,2,157,314,0.3166077435016632
random,1,results_adamw_lr0p001,results_adamw_lr0p001,small_cnn,adamw,10,128,20000,0.001,0.9,0.0005,cuda,False,False,3,1,315,0.07444877922534943
random,1,results_adamw_lr0p001,results_adamw_lr0p001,small_cnn,adamw,10,128,20000,0.001,0.9,0.0005,cuda,False,False,3,2,316,0.6928697824478149
random,1,results_adamw_lr0p001,results_adamw_lr0p001,small_cnn,adamw,10,128,20000,0.001,0.9,0.0005,cuda,False,False,3,3,317,0.44240602850914
random,1,results_adamw_lr0p001,results_adamw_lr0p001,small_cnn,adamw,10,128,20000,0.001,0.9,0.0005,cuda,False,False,3,4,318,-0.13219711184501648
random,1,results_adamw_lr0p001,results_adamw_lr0p001,small_cnn,adamw,10,128,20000,0.001,0.9,0.0005,cuda,False,False,3,5,319,0.8537729978561401
random,1,results_adamw_lr0p001,results_adamw_lr0p001,small_cnn,adamw,10,128,20000,0.001,0.9,0.0005,cuda,False,False,3,6,320,0.17960724234580994
random,1,results_adamw_lr0p001,results_adamw_lr0p001,small_cnn,adamw,10,128,20000,0.001,0.9,0.0005,cuda,False,False,3,7,321,0.5241919755935669
random,1,results_adamw_lr0p001,results_adamw_lr0p001,small_cnn,adamw,10,128,20000,0.001,0.9,0.0005,cuda,False,False,3,8,322,0.4061928391456604
random,1,results_adamw_lr0p001,results_adamw_lr0p001,small_cnn,adamw,10,128,20000,0.001,0.9,0.0005,cuda,False,False,3,9,323,0.11890607327222824
random,1,results_adamw_lr0p001,results_adamw_lr0p001,small_cnn,adamw,10,128,20000,0.001,0.9,0.0005,cuda,False,False,3,10,324,-0.2629656493663788
random,1,results_adamw_lr0p001,results_adamw_lr0p001,small_cnn,adamw,10,128,20000,0.001,0.9,0.0005,cuda,False,False,3,11,325,0.24374836683273315
random,1,results_adamw_lr0p001,results_adamw_lr0p001,small_cnn,adamw,10,128,20000,0.001,0.9,0.0005,cuda,False,False,3,12,326,0.37694796919822693
random,1,results_adamw_lr0p001,results_adamw_lr0p001,small_cnn,adamw,10,128,20000,0.001,0.9,0.0005,cuda,False,False,3,13,327,0.22369946539402008
random,1,results_adamw_lr0p001,results_adamw_lr0p001,small_cnn,adamw,10,128,20000,0.001,0.9,0.0005,cuda,False,False,3,14,328,-0.22773681581020355
random,1,results_adamw_lr0p001,results_adamw_lr0p001,small_cnn,adamw,10,128,20000,0.001,0.9,0.0005,cuda,False,False,3,15,329,0.3740367889404297
random,1,results_adamw_lr0p001,results_adamw_lr0p001,small_cnn,adamw,10,128,20000,0.001,0.9,0.0005,cuda,False,False,3,16,330,0.017197420820593834
random,1,results_adamw_lr0p001,results_adamw_lr0p001,small_cnn,adamw,10,128,20000,0.001,0.9,0.0005,cuda,False,False,3,17,331,-0.30639877915382385
random,1,results_adamw_lr0p001,results_adamw_lr0p001,small_cnn,adamw,10,128,20000,0.001,0.9,0.0005,cuda,False,False,3,18,332,0.4292161464691162
random,1,results_adamw_lr0p001,results_adamw_lr0p001,small_cnn,adamw,10,128,20000,0.001,0.9,0.0005,cuda,False,False,3,19,333,0.27734559774398804
random,1,results_adamw_lr0p001,results_adamw_lr0p001,small_cnn,adamw,10,128,20000,0.001,0.9,0.0005,cuda,False,False,3,20,334,0.6012424826622009
random,1,results_adamw_lr0p001,results_adamw_lr0p001,small_cnn,adamw,10,128,20000,0.001,0.9,0.0005,cuda,False,False,3,21,335,0.3487314283847809
random,1,results_adamw_lr0p001,results_adamw_lr0p001,small_cnn,adamw,10,128,20000,0.001,0.9,0.0005,cuda,False,False,3,22,336,0.34821856021881104
random,1,results_adamw_lr0p001,results_adamw_lr0p001,small_cnn,adamw,10,128,20000,0.001,0.9,0.0005,cuda,False,False,3,23,337,0.19600805640220642
random,1,results_adamw_lr0p001,results_adamw_lr0p001,small_cnn,adamw,10,128,20000,0.001,0.9,0.0005,cuda,False,False,3,24,338,0.11050144582986832
random,1,results_adamw_lr0p001,results_adamw_lr0p001,small_cnn,adamw,10,128,20000,0.001,0.9,0.0005,cuda,False,False,3,25,339,0.44634515047073364
random,1,results_adamw_lr0p001,results_adamw_lr0p001,small_cnn,adamw,10,128,20000,0.001,0.9,0.0005,cuda,False,False,3,26,340,-0.16196878254413605
random,1,results_adamw_lr0p001,results_adamw_lr0p001,small_cnn,adamw,10,128,20000,0.001,0.9,0.0005,cuda,False,False,3,27,341,0.10500054806470871
random,1,results_adamw_lr0p001,results_adamw_lr0p001,small_cnn,adamw,10,128,20000,0.001,0.9,0.0005,cuda,False,False,3,28,342,0.23272880911827087
random,1,results_adamw_lr0p001,results_adamw_lr0p001,small_cnn,adamw,10,128,20000,0.001,0.9,0.0005,cuda,False,False,3,29,343,0.3189230263233185
random,1,results_adamw_lr0p001,results_adamw_lr0p001,small_cnn,adamw,10,128,20000,0.001,0.9,0.0005,cuda,False,False,3,30,344,-0.08730578422546387
random,1,results_adamw_lr0p001,results_adamw_lr0p001,small_cnn,adamw,10,128,20000,0.001,0.9,0.0005,cuda,False,False,3,31,345,-0.048454929143190384
random,1,results_adamw_lr0p001,results_adamw_lr0p001,small_cnn,adamw,10,128,20000,0.001,0.9,0.0005,cuda,False,False,3,32,346,-0.27989140152931213
random,1,results_adamw_lr0p001,results_adamw_lr0p001,small_cnn,adamw,10,128,20000,0.001,0.9,0.0005,cuda,False,False,3,33,347,0.2922602891921997
random,1,results_adamw_lr0p001,results_adamw_lr0p001,small_cnn,adamw,10,128,20000,0.001,0.9,0.0005,cuda,False,False,3,34,348,-0.6086723804473877
random,1,results_adamw_lr0p001,results_adamw_lr0p001,small_cnn,adamw,10,128,20000,0.001,0.9,0.0005,cuda,False,False,3,35,349,0.7102366089820862
random,1,results_adamw_lr0p001,results_adamw_lr0p001,small_cnn,adamw,10,128,20000,0.001,0.9,0.0005,cuda,False,False,3,36,350,0.5611888766288757
random,1,results_adamw_lr0p001,results_adamw_lr0p001,small_cnn,adamw,10,128,20000,0.001,0.9,0.0005,cuda,False,False,3,37,351,0.08310751616954803
random,1,results_adamw_lr0p001,results_adamw_lr0p001,small_cnn,adamw,10,128,20000,0.001,0.9,0.0005,cuda,False,False,3,38,352,-0.2777056097984314
random,1,results_adamw_lr0p001,results_adamw_lr0p001,small_cnn,adamw,10,128,20000,0.001,0.9,0.0005,cuda,False,False,3,39,353,0.4784582257270813
random,1,results_adamw_lr0p001,results_adamw_lr0p001,small_cnn,adamw,10,128,20000,0.001,0.9,0.0005,cuda,False,False,3,40,354,0.5111251473426819
random,1,results_adamw_lr0p001,results_adamw_lr0p001,small_cnn,adamw,10,128,20000,0.001,0.9,0.0005,cuda,False,False,3,41,355,0.17968356609344482
random,1,results_adamw_lr0p001,results_adamw_lr0p001,small_cnn,adamw,10,128,20000,0.001,0.9,0.0005,cuda,False,False,3,42,356,-0.2601647973060608
random,1,results_adamw_lr0p001,results_adamw_lr0p001,small_cnn,adamw,10,128,20000,0.001,0.9,0.0005,cuda,False,False,3,43,357,0.4604693651199341
random,1,results_adamw_lr0p001,results_adamw_lr0p001,small_cnn,adamw,10,128,20000,0.001,0.9,0.0005,cuda,False,False,3,44,358,0.20099952816963196
random,1,results_adamw_lr0p001,results_adamw_lr0p001,small_cnn,adamw,10,128,20000,0.001,0.9,0.0005,cuda,False,False,3,45,359,0.14882777631282806
random,1,results_adamw_lr0p001,results_adamw_lr0p001,small_cnn,adamw,10,128,20000,0.001,0.9,0.0005,cuda,False,False,3,46,360,0.39996275305747986
random,1,results_adamw_lr0p001,results_adamw_lr0p001,small_cnn,adamw,10,128,20000,0.001,0.9,0.0005,cuda,False,False,3,47,361,-0.71797114610672
random,1,results_adamw_lr0p001,results_adamw_lr0p001,small_cnn,adamw,10,128,20000,0.001,0.9,0.0005,cuda,False,False,3,48,362,0.6119781732559204
random,1,results_adamw_lr0p001,results_adamw_lr0p001,small_cnn,adamw,10,128,20000,0.001,0.9,0.0005,cuda,False,False,3,49,363,0.560761570930481
random,1,results_adamw_lr0p001,results_adamw_lr0p001,small_cnn,adamw,10,128,20000,0.001,0.9,0.0005,cuda,False,False,3,50,364,0.8348466157913208
random,1,results_adamw_lr0p001,results_adamw_lr0p001,small_cnn,adamw,10,128,20000,0.001,0.9,0.0005,cuda,False,False,3,51,365,-0.18951921164989471
random,1,results_adamw_lr0p001,results_adamw_lr0p001,small_cnn,adamw,10,128,20000,0.001,0.9,0.0005,cuda,False,False,3,52,366,-0.2408606857061386
random,1,results_adamw_lr0p001,results_adamw_lr0p001,small_cnn,adamw,10,128,20000,0.001,0.9,0.0005,cuda,False,False,3,53,367,-0.3301904499530792
random,1,results_adamw_lr0p001,results_adamw_lr0p001,small_cnn,adamw,10,128,20000,0.001,0.9,0.0005,cuda,False,False,3,54,368,0.6320196390151978
random,1,results_adamw_lr0p001,results_adamw_lr0p001,small_cnn,adamw,10,128,20000,0.001,0.9,0.0005,cuda,False,False,3,55,369,0.04741514474153519
random,1,results_adamw_lr0p001,results_adamw_lr0p001,small_cnn,adamw,10,128,20000,0.001,0.9,0.0005,cuda,False,False,3,56,370,-0.36797216534614563
random,1,results_adamw_lr0p001,results_adamw_lr0p001,small_cnn,adamw,10,128,20000,0.001,0.9,0.0005,cuda,False,False,3,57,371,-0.16522516310214996
random,1,results_adamw_lr0p001,results_adamw_lr0p001,small_cnn,adamw,10,128,20000,0.001,0.9,0.0005,cuda,False,False,3,58,372,0.8394338488578796
random,1,results_adamw_lr0p001,results_adamw_lr0p001,small_cnn,adamw,10,128,20000,0.001,0.9,0.0005,cuda,False,False,3,59,373,0.37663352489471436
random,1,results_adamw_lr0p001,results_adamw_lr0p001,small_cnn,adamw,10,128,20000,0.001,0.9,0.0005,cuda,False,False,3,60,374,0.303623765707016
random,1,results_adamw_lr0p001,results_adamw_lr0p001,small_cnn,adamw,10,128,20000,0.001,0.9,0.0005,cuda,False,False,3,61,375,-0.2491074949502945
random,1,results_adamw_lr0p001,results_adamw_lr0p001,small_cnn,adamw,10,128,20000,0.001,0.9,0.0005,cuda,False,False,3,62,376,-0.016309387981891632
random,1,results_adamw_lr0p001,results_adamw_lr0p001,small_cnn,adamw,10,128,20000,0.001,0.9,0.0005,cuda,False,False,3,63,377,0.18402186036109924
random,1,results_adamw_lr0p001,results_adamw_lr0p001,small_cnn,adamw,10,128,20000,0.001,0.9,0.0005,cuda,False,False,3,64,378,0.5917868614196777
random,1,results_adamw_lr0p001,results_adamw_lr0p001,small_cnn,adamw,10,128,20000,0.001,0.9,0.0005,cuda,False,False,3,65,379,0.7256163954734802
random,1,results_adamw_lr0p001,results_adamw_lr0p001,small_cnn,adamw,10,128,20000,0.001,0.9,0.0005,cuda,False,False,3,66,380,0.2501073479652405
random,1,results_adamw_lr0p001,results_adamw_lr0p001,small_cnn,adamw,10,128,20000,0.001,0.9,0.0005,cuda,False,False,3,67,381,0.4438626170158386
random,1,results_adamw_lr0p001,results_adamw_lr0p001,small_cnn,adamw,10,128,20000,0.001,0.9,0.0005,cuda,False,False,3,68,382,-0.04957222938537598
random,1,results_adamw_lr0p001,results_adamw_lr0p001,small_cnn,adamw,10,128,20000,0.001,0.9,0.0005,cuda,False,False,3,69,383,0.200644850730896
random,1,results_adamw_lr0p001,results_adamw_lr0p001,small_cnn,adamw,10,128,20000,0.001,0.9,0.0005,cuda,False,False,3,70,384,0.6254656910896301
random,1,results_adamw_lr0p001,results_adamw_lr0p001,small_cnn,adamw,10,128,20000,0.001,0.9,0.0005,cuda,False,False,3,71,385,0.7962098717689514
random,1,results_adamw_lr0p001,results_adamw_lr0p001,small_cnn,adamw,10,128,20000,0.001,0.9,0.0005,cuda,False,False,3,72,386,0.6704856157302856
random,1,results_adamw_lr0p001,results_adamw_lr0p001,small_cnn,adamw,10,128,20000,0.001,0.9,0.0005,cuda,False,False,3,73,387,-0.14227157831192017
random,1,results_adamw_lr0p001,results_adamw_lr0p001,small_cnn,adamw,10,128,20000,0.001,0.9,0.0005,cuda,False,False,3,74,388,0.12928688526153564
random,1,results_adamw_lr0p001,results_adamw_lr0p001,small_cnn,adamw,10,128,20000,0.001,0.9,0.0005,cuda,False,False,3,75,389,0.23765115439891815
random,1,results_adamw_lr0p001,results_adamw_lr0p001,small_cnn,adamw,10,128,20000,0.001,0.9,0.0005,cuda,False,False,3,76,390,0.8442187905311584
random,1,results_adamw_lr0p001,results_adamw_lr0p001,small_cnn,adamw,10,128,20000,0.001,0.9,0.0005,cuda,False,False,3,77,391,0.21656614542007446
random,1,results_adamw_lr0p001,results_adamw_lr0p001,small_cnn,adamw,10,128,20000,0.001,0.9,0.0005,cuda,False,False,3,78,392,-0.5254455208778381
random,1,results_adamw_lr0p001,results_adamw_lr0p001,small_cnn,adamw,10,128,20000,0.001,0.9,0.0005,cuda,False,False,3,79,393,0.7371425628662109
random,1,results_adamw_lr0p001,results_adamw_lr0p001,small_cnn,adamw,10,128,20000,0.001,0.9,0.0005,cuda,False,False,3,80,394,0.5501909255981445
random,1,results_adamw_lr0p001,results_adamw_lr0p001,small_cnn,adamw,10,128,20000,0.001,0.9,0.0005,cuda,False,False,3,81,395,0.5772870182991028
random,1,results_adamw_lr0p001,results_adamw_lr0p001,small_cnn,adamw,10,128,20000,0.001,0.9,0.0005,cuda,False,False,3,82,396,0.2447177618741989
random,1,results_adamw_lr0p001,results_adamw_lr0p001,small_cnn,adamw,10,128,20000,0.001,0.9,0.0005,cuda,False,False,3,83,397,-0.22390127182006836
random,1,results_adamw_lr0p001,results_adamw_lr0p001,small_cnn,adamw,10,128,20000,0.001,0.9,0.0005,cuda,False,False,3,84,398,0.10780560225248337
random,1,results_adamw_lr0p001,results_adamw_lr0p001,small_cnn,adamw,10,128,20000,0.001,0.9,0.0005,cuda,False,False,3,85,399,0.3748667538166046
random,1,results_adamw_lr0p001,results_adamw_lr0p001,small_cnn,adamw,10,128,20000,0.001,0.9,0.0005,cuda,False,False,3,86,400,0.2943272292613983
random,1,results_adamw_lr0p001,results_adamw_lr0p001,small_cnn,adamw,10,128,20000,0.001,0.9,0.0005,cuda,False,False,3,87,401,0.38502541184425354
random,1,results_adamw_lr0p001,results_adamw_lr0p001,small_cnn,adamw,10,128,20000,0.001,0.9,0.0005,cuda,False,False,3,88,402,0.6004573106765747
random,1,results_adamw_lr0p001,results_adamw_lr0p001,small_cnn,adamw,10,128,20000,0.001,0.9,0.0005,cuda,False,False,3,89,403,0.03226000815629959
random,1,results_adamw_lr0p001,results_adamw_lr0p001,small_cnn,adamw,10,128,20000,0.001,0.9,0.0005,cuda,False,False,3,90,404,-0.11756531149148941
random,1,results_adamw_lr0p001,results_adamw_lr0p001,small_cnn,adamw,10,128,20000,0.001,0.9,0.0005,cuda,False,False,3,91,405,0.5657702684402466
random,1,results_adamw_lr0p001,results_adamw_lr0p001,small_cnn,adamw,10,128,20000,0.001,0.9,0.0005,cuda,False,False,3,92,406,0.452594518661499
random,1,results_adamw_lr0p001,results_adamw_lr0p001,small_cnn,adamw,10,128,20000,0.001,0.9,0.0005,cuda,False,False,3,93,407,0.35926344990730286
random,1,results_adamw_lr0p001,results_adamw_lr0p001,small_cnn,adamw,10,128,20000,0.001,0.9,0.0005,cuda,False,False,3,94,408,-0.1574280560016632
random,1,results_adamw_lr0p001,results_adamw_lr0p001,small_cnn,adamw,10,128,20000,0.001,0.9,0.0005,cuda,False,False,3,95,409,0.43296605348587036
random,1,results_adamw_lr0p001,results_adamw_lr0p001,small_cnn,adamw,10,128,20000,0.001,0.9,0.0005,cuda,False,False,3,96,410,0.6997076869010925
random,1,results_adamw_lr0p001,results_adamw_lr0p001,small_cnn,adamw,10,128,20000,0.001,0.9,0.0005,cuda,False,False,3,97,411,0.3967171609401703
random,1,results_adamw_lr0p001,results_adamw_lr0p001,small_cnn,adamw,10,128,20000,0.001,0.9,0.0005,cuda,False,False,3,98,412,0.612412691116333
random,1,results_adamw_lr0p001,results_adamw_lr0p001,small_cnn,adamw,10,128,20000,0.001,0.9,0.0005,cuda,False,False,3,99,413,0.4345250725746155
random,1,results_adamw_lr0p001,results_adamw_lr0p001,small_cnn,adamw,10,128,20000,0.001,0.9,0.0005,cuda,False,False,3,100,414,-0.5350391268730164
random,1,results_adamw_lr0p001,results_adamw_lr0p001,small_cnn,adamw,10,128,20000,0.001,0.9,0.0005,cuda,False,False,3,101,415,0.2776140570640564
random,1,results_adamw_lr0p001,results_adamw_lr0p001,small_cnn,adamw,10,128,20000,0.001,0.9,0.0005,cuda,False,False,3,102,416,-0.04274257645010948
random,1,results_adamw_lr0p001,results_adamw_lr0p001,small_cnn,adamw,10,128,20000,0.001,0.9,0.0005,cuda,False,False,3,103,417,0.6914085745811462
random,1,results_adamw_lr0p001,results_adamw_lr0p001,small_cnn,adamw,10,128,20000,0.001,0.9,0.0005,cuda,False,False,3,104,418,0.560875415802002
random,1,results_adamw_lr0p001,results_adamw_lr0p001,small_cnn,adamw,10,128,20000,0.001,0.9,0.0005,cuda,False,False,3,105,419,-0.1089320033788681
random,1,results_adamw_lr0p001,results_adamw_lr0p001,small_cnn,adamw,10,128,20000,0.001,0.9,0.0005,cuda,False,False,3,106,420,0.5340996980667114
random,1,results_adamw_lr0p001,results_adamw_lr0p001,small_cnn,adamw,10,128,20000,0.001,0.9,0.0005,cuda,False,False,3,107,421,0.4410335421562195
random,1,results_adamw_lr0p001,results_adamw_lr0p001,small_cnn,adamw,10,128,20000,0.001,0.9,0.0005,cuda,False,False,3,108,422,0.14433272182941437
random,1,results_adamw_lr0p001,results_adamw_lr0p001,small_cnn,adamw,10,128,20000,0.001,0.9,0.0005,cuda,False,False,3,109,423,-0.27298057079315186
random,1,results_adamw_lr0p001,results_adamw_lr0p001,small_cnn,adamw,10,128,20000,0.001,0.9,0.0005,cuda,False,False,3,110,424,0.4190451204776764
random,1,results_adamw_lr0p001,results_adamw_lr0p001,small_cnn,adamw,10,128,20000,0.001,0.9,0.0005,cuda,False,False,3,111,425,0.720093309879303
random,1,results_adamw_lr0p001,results_adamw_lr0p001,small_cnn,adamw,10,128,20000,0.001,0.9,0.0005,cuda,False,False,3,112,426,0.1657274216413498
random,1,results_adamw_lr0p001,results_adamw_lr0p001,small_cnn,adamw,10,128,20000,0.001,0.9,0.0005,cuda,False,False,3,113,427,0.19069935381412506
random,1,results_adamw_lr0p001,results_adamw_lr0p001,small_cnn,adamw,10,128,20000,0.001,0.9,0.0005,cuda,False,False,3,114,428,0.18576844036579132
random,1,results_adamw_lr0p001,results_adamw_lr0p001,small_cnn,adamw,10,128,20000,0.001,0.9,0.0005,cuda,False,False,3,115,429,0.5426052212715149
random,1,results_adamw_lr0p001,results_adamw_lr0p001,small_cnn,adamw,10,128,20000,0.001,0.9,0.0005,cuda,False,False,3,116,430,0.5623517036437988
random,1,results_adamw_lr0p001,results_adamw_lr0p001,small_cnn,adamw,10,128,20000,0.001,0.9,0.0005,cuda,False,False,3,117,431,0.23446884751319885
random,1,results_adamw_lr0p001,results_adamw_lr0p001,small_cnn,adamw,10,128,20000,0.001,0.9,0.0005,cuda,False,False,3,118,432,0.5469225645065308
random,1,results_adamw_lr0p001,results_adamw_lr0p001,small_cnn,adamw,10,128,20000,0.001,0.9,0.0005,cuda,False,False,3,119,433,0.11789212375879288
random,1,results_adamw_lr0p001,results_adamw_lr0p001,small_cnn,adamw,10,128,20000,0.001,0.9,0.0005,cuda,False,False,3,120,434,0.5777842998504639
random,1,results_adamw_lr0p001,results_adamw_lr0p001,small_cnn,adamw,10,128,20000,0.001,0.9,0.0005,cuda,False,False,3,121,435,0.647445797920227
random,1,results_adamw_lr0p001,results_adamw_lr0p001,small_cnn,adamw,10,128,20000,0.001,0.9,0.0005,cuda,False,False,3,122,436,0.36916202306747437
random,1,results_adamw_lr0p001,results_adamw_lr0p001,small_cnn,adamw,10,128,20000,0.001,0.9,0.0005,cuda,False,False,3,123,437,0.37243789434432983
random,1,results_adamw_lr0p001,results_adamw_lr0p001,small_cnn,adamw,10,128,20000,0.001,0.9,0.0005,cuda,False,False,3,124,438,0.2531411945819855
random,1,results_adamw_lr0p001,results_adamw_lr0p001,small_cnn,adamw,10,128,20000,0.001,0.9,0.0005,cuda,False,False,3,125,439,0.45039600133895874
random,1,results_adamw_lr0p001,results_adamw_lr0p001,small_cnn,adamw,10,128,20000,0.001,0.9,0.0005,cuda,False,False,3,126,440,0.26746195554733276
random,1,results_adamw_lr0p001,results_adamw_lr0p001,small_cnn,adamw,10,128,20000,0.001,0.9,0.0005,cuda,False,False,3,127,441,0.631329357624054
random,1,results_adamw_lr0p001,results_adamw_lr0p001,small_cnn,adamw,10,128,20000,0.001,0.9,0.0005,cuda,False,False,3,128,442,0.1716056615114212
random,1,results_adamw_lr0p001,results_adamw_lr0p001,small_cnn,adamw,10,128,20000,0.001,0.9,0.0005,cuda,False,False,3,129,443,0.2897869348526001
random,1,results_adamw_lr0p001,results_adamw_lr0p001,small_cnn,adamw,10,128,20000,0.001,0.9,0.0005,cuda,False,False,3,130,444,0.10015478730201721
random,1,results_adamw_lr0p001,results_adamw_lr0p001,small_cnn,adamw,10,128,20000,0.001,0.9,0.0005,cuda,False,False,3,131,445,0.5639616847038269
random,1,results_adamw_lr0p001,results_adamw_lr0p001,small_cnn,adamw,10,128,20000,0.001,0.9,0.0005,cuda,False,False,3,132,446,0.5347843766212463
random,1,results_adamw_lr0p001,results_adamw_lr0p001,small_cnn,adamw,10,128,20000,0.001,0.9,0.0005,cuda,False,False,3,133,447,-0.3833927512168884
random,1,results_adamw_lr0p001,results_adamw_lr0p001,small_cnn,adamw,10,128,20000,0.001,0.9,0.0005,cuda,False,False,3,134,448,0.7169759273529053
random,1,results_adamw_lr0p001,results_adamw_lr0p001,small_cnn,adamw,10,128,20000,0.001,0.9,0.0005,cuda,False,False,3,135,449,0.7547259330749512
random,1,results_adamw_lr0p001,results_adamw_lr0p001,small_cnn,adamw,10,128,20000,0.001,0.9,0.0005,cuda,False,False,3,136,450,0.43550798296928406
random,1,results_adamw_lr0p001,results_adamw_lr0p001,small_cnn,adamw,10,128,20000,0.001,0.9,0.0005,cuda,False,False,3,137,451,0.3687255382537842
random,1,results_adamw_lr0p001,results_adamw_lr0p001,small_cnn,adamw,10,128,20000,0.001,0.9,0.0005,cuda,False,False,3,138,452,0.30804774165153503
random,1,results_adamw_lr0p001,results_adamw_lr0p001,small_cnn,adamw,10,128,20000,0.001,0.9,0.0005,cuda,False,False,3,139,453,0.08579463511705399
random,1,results_adamw_lr0p001,results_adamw_lr0p001,small_cnn,adamw,10,128,20000,0.001,0.9,0.0005,cuda,False,False,3,140,454,0.7967062592506409
random,1,results_adamw_lr0p001,results_adamw_lr0p001,small_cnn,adamw,10,128,20000,0.001,0.9,0.0005,cuda,False,False,3,141,455,0.6569511890411377
random,1,results_adamw_lr0p001,results_adamw_lr0p001,small_cnn,adamw,10,128,20000,0.001,0.9,0.0005,cuda,False,False,3,142,456,-0.4163449704647064
random,1,results_adamw_lr0p001,results_adamw_lr0p001,small_cnn,adamw,10,128,20000,0.001,0.9,0.0005,cuda,False,False,3,143,457,-0.1407100260257721
random,1,results_adamw_lr0p001,results_adamw_lr0p001,small_cnn,adamw,10,128,20000,0.001,0.9,0.0005,cuda,False,False,3,144,458,0.28458184003829956
random,1,results_adamw_lr0p001,results_adamw_lr0p001,small_cnn,adamw,10,128,20000,0.001,0.9,0.0005,cuda,False,False,3,145,459,0.4296950101852417
random,1,results_adamw_lr0p001,results_adamw_lr0p001,small_cnn,adamw,10,128,20000,0.001,0.9,0.0005,cuda,False,False,3,146,460,0.03521265462040901
random,1,results_adamw_lr0p001,results_adamw_lr0p001,small_cnn,adamw,10,128,20000,0.001,0.9,0.0005,cuda,False,False,3,147,461,-0.4381379187107086
random,1,results_adamw_lr0p001,results_adamw_lr0p001,small_cnn,adamw,10,128,20000,0.001,0.9,0.0005,cuda,False,False,3,148,462,0.6703355312347412
random,1,results_adamw_lr0p001,results_adamw_lr0p001,small_cnn,adamw,10,128,20000,0.001,0.9,0.0005,cuda,False,False,3,149,463,0.287942498922348
random,1,results_adamw_lr0p001,results_adamw_lr0p001,small_cnn,adamw,10,128,20000,0.001,0.9,0.0005,cuda,False,False,3,150,464,0.09810149669647217
random,1,results_adamw_lr0p001,results_adamw_lr0p001,small_cnn,adamw,10,128,20000,0.001,0.9,0.0005,cuda,False,False,3,151,465,0.8953834772109985
random,1,results_adamw_lr0p001,results_adamw_lr0p001,small_cnn,adamw,10,128,20000,0.001,0.9,0.0005,cuda,False,False,3,152,466,0.8177040219306946
random,1,results_adamw_lr0p001,results_adamw_lr0p001,small_cnn,adamw,10,128,20000,0.001,0.9,0.0005,cuda,False,False,3,153,467,0.739048421382904
random,1,results_adamw_lr0p001,results_adamw_lr0p001,small_cnn,adamw,10,128,20000,0.001,0.9,0.0005,cuda,False,False,3,154,468,-0.3667222261428833
random,1,results_adamw_lr0p001,results_adamw_lr0p001,small_cnn,adamw,10,128,20000,0.001,0.9,0.0005,cuda,False,False,3,155,469,0.3252975642681122
random,1,results_adamw_lr0p001,results_adamw_lr0p001,small_cnn,adamw,10,128,20000,0.001,0.9,0.0005,cuda,False,False,3,156,470,0.658379077911377
random,1,results_adamw_lr0p001,results_adamw_lr0p001,small_cnn,adamw,10,128,20000,0.001,0.9,0.0005,cuda,False,False,3,157,471,0.6264355778694153
random,1,results_adamw_lr0p001,results_adamw_lr0p001,small_cnn,adamw,10,128,20000,0.001,0.9,0.0005,cuda,False,False,4,1,472,0.4306589663028717
random,1,results_adamw_lr0p001,results_adamw_lr0p001,small_cnn,adamw,10,128,20000,0.001,0.9,0.0005,cuda,False,False,4,2,473,0.32878434658050537
random,1,results_adamw_lr0p001,results_adamw_lr0p001,small_cnn,adamw,10,128,20000,0.001,0.9,0.0005,cuda,False,False,4,3,474,0.47920799255371094
random,1,results_adamw_lr0p001,results_adamw_lr0p001,small_cnn,adamw,10,128,20000,0.001,0.9,0.0005,cuda,False,False,4,4,475,-0.04904576763510704
random,1,results_adamw_lr0p001,results_adamw_lr0p001,small_cnn,adamw,10,128,20000,0.001,0.9,0.0005,cuda,False,False,4,5,476,0.3312196731567383
random,1,results_adamw_lr0p001,results_adamw_lr0p001,small_cnn,adamw,10,128,20000,0.001,0.9,0.0005,cuda,False,False,4,6,477,0.38001108169555664
random,1,results_adamw_lr0p001,results_adamw_lr0p001,small_cnn,adamw,10,128,20000,0.001,0.9,0.0005,cuda,False,False,4,7,478,0.3301343023777008
random,1,results_adamw_lr0p001,results_adamw_lr0p001,small_cnn,adamw,10,128,20000,0.001,0.9,0.0005,cuda,False,False,4,8,479,0.12425392121076584
random,1,results_adamw_lr0p001,results_adamw_lr0p001,small_cnn,adamw,10,128,20000,0.001,0.9,0.0005,cuda,False,False,4,9,480,0.4607235789299011
random,1,results_adamw_lr0p001,results_adamw_lr0p001,small_cnn,adamw,10,128,20000,0.001,0.9,0.0005,cuda,False,False,4,10,481,0.3413664400577545
random,1,results_adamw_lr0p001,results_adamw_lr0p001,small_cnn,adamw,10,128,20000,0.001,0.9,0.0005,cuda,False,False,4,11,482,0.7588159441947937
random,1,results_adamw_lr0p001,results_adamw_lr0p001,small_cnn,adamw,10,128,20000,0.001,0.9,0.0005,cuda,False,False,4,12,483,0.8762290477752686
random,1,results_adamw_lr0p001,results_adamw_lr0p001,small_cnn,adamw,10,128,20000,0.001,0.9,0.0005,cuda,False,False,4,13,484,0.6035369634628296
random,1,results_adamw_lr0p001,results_adamw_lr0p001,small_cnn,adamw,10,128,20000,0.001,0.9,0.0005,cuda,False,False,4,14,485,-0.10502933710813522
random,1,results_adamw_lr0p001,results_adamw_lr0p001,small_cnn,adamw,10,128,20000,0.001,0.9,0.0005,cuda,False,False,4,15,486,0.4769110381603241
random,1,results_adamw_lr0p001,results_adamw_lr0p001,small_cnn,adamw,10,128,20000,0.001,0.9,0.0005,cuda,False,False,4,16,487,0.5597029328346252
random,1,results_adamw_lr0p001,results_adamw_lr0p001,small_cnn,adamw,10,128,20000,0.001,0.9,0.0005,cuda,False,False,4,17,488,0.7302910089492798
random,1,results_adamw_lr0p001,results_adamw_lr0p001,small_cnn,adamw,10,128,20000,0.001,0.9,0.0005,cuda,False,False,4,18,489,0.5246217846870422
random,1,results_adamw_lr0p001,results_adamw_lr0p001,small_cnn,adamw,10,128,20000,0.001,0.9,0.0005,cuda,False,False,4,19,490,0.30673179030418396
random,1,results_adamw_lr0p001,results_adamw_lr0p001,small_cnn,adamw,10,128,20000,0.001,0.9,0.0005,cuda,False,False,4,20,491,0.2785143256187439
random,1,results_adamw_lr0p001,results_adamw_lr0p001,small_cnn,adamw,10,128,20000,0.001,0.9,0.0005,cuda,False,False,4,21,492,-0.20507529377937317
random,1,results_adamw_lr0p001,results_adamw_lr0p001,small_cnn,adamw,10,128,20000,0.001,0.9,0.0005,cuda,False,False,4,22,493,0.5219517946243286
random,1,results_adamw_lr0p001,results_adamw_lr0p001,small_cnn,adamw,10,128,20000,0.001,0.9,0.0005,cuda,False,False,4,23,494,0.20580533146858215
random,1,results_adamw_lr0p001,results_adamw_lr0p001,small_cnn,adamw,10,128,20000,0.001,0.9,0.0005,cuda,False,False,4,24,495,0.20316743850708008
random,1,results_adamw_lr0p001,results_adamw_lr0p001,small_cnn,adamw,10,128,20000,0.001,0.9,0.0005,cuda,False,False,4,25,496,0.7411160469055176
random,1,results_adamw_lr0p001,results_adamw_lr0p001,small_cnn,adamw,10,128,20000,0.001,0.9,0.0005,cuda,False,False,4,26,497,-0.18799017369747162
random,1,results_adamw_lr0p001,results_adamw_lr0p001,small_cnn,adamw,10,128,20000,0.001,0.9,0.0005,cuda,False,False,4,27,498,0.44469207525253296
random,1,results_adamw_lr0p001,results_adamw_lr0p001,small_cnn,adamw,10,128,20000,0.001,0.9,0.0005,cuda,False,False,4,28,499,0.7426468729972839
random,1,results_adamw_lr0p001,results_adamw_lr0p001,small_cnn,adamw,10,128,20000,0.001,0.9,0.0005,cuda,False,False,4,29,500,0.7506718635559082
random,1,results_adamw_lr0p001,results_adamw_lr0p001,small_cnn,adamw,10,128,20000,0.001,0.9,0.0005,cuda,False,False,4,30,501,-0.34155768156051636
random,1,results_adamw_lr0p001,results_adamw_lr0p001,small_cnn,adamw,10,128,20000,0.001,0.9,0.0005,cuda,False,False,4,31,502,0.3077448904514313
random,1,results_adamw_lr0p001,results_adamw_lr0p001,small_cnn,adamw,10,128,20000,0.001,0.9,0.0005,cuda,False,False,4,32,503,0.7051882147789001
random,1,results_adamw_lr0p001,results_adamw_lr0p001,small_cnn,adamw,10,128,20000,0.001,0.9,0.0005,cuda,False,False,4,33,504,0.6556481122970581
random,1,results_adamw_lr0p001,results_adamw_lr0p001,small_cnn,adamw,10,128,20000,0.001,0.9,0.0005,cuda,False,False,4,34,505,0.642249345779419
random,1,results_adamw_lr0p001,results_adamw_lr0p001,small_cnn,adamw,10,128,20000,0.001,0.9,0.0005,cuda,False,False,4,35,506,0.7058488130569458
random,1,results_adamw_lr0p001,results_adamw_lr0p001,small_cnn,adamw,10,128,20000,0.001,0.9,0.0005,cuda,False,False,4,36,507,-0.5498892068862915
random,1,results_adamw_lr0p001,results_adamw_lr0p001,small_cnn,adamw,10,128,20000,0.001,0.9,0.0005,cuda,False,False,4,37,508,-0.13654206693172455
random,1,results_adamw_lr0p001,results_adamw_lr0p001,small_cnn,adamw,10,128,20000,0.001,0.9,0.0005,cuda,False,False,4,38,509,0.26498615741729736
random,1,results_adamw_lr0p001,results_adamw_lr0p001,small_cnn,adamw,10,128,20000,0.001,0.9,0.0005,cuda,False,False,4,39,510,0.6074957847595215
random,1,results_adamw_lr0p001,results_adamw_lr0p001,small_cnn,adamw,10,128,20000,0.001,0.9,0.0005,cuda,False,False,4,40,511,0.44252893328666687
random,1,results_adamw_lr0p001,results_adamw_lr0p001,small_cnn,adamw,10,128,20000,0.001,0.9,0.0005,cuda,False,False,4,41,512,-0.022076532244682312
random,1,results_adamw_lr0p001,results_adamw_lr0p001,small_cnn,adamw,10,128,20000,0.001,0.9,0.0005,cuda,False,False,4,42,513,0.19055160880088806
random,1,results_adamw_lr0p001,results_adamw_lr0p001,small_cnn,adamw,10,128,20000,0.001,0.9,0.0005,cuda,False,False,4,43,514,0.5157886743545532
random,1,results_adamw_lr0p001,results_adamw_lr0p001,small_cnn,adamw,10,128,20000,0.001,0.9,0.0005,cuda,False,False,4,44,515,0.055532023310661316
random,1,results_adamw_lr0p001,results_adamw_lr0p001,small_cnn,adamw,10,128,20000,0.001,0.9,0.0005,cuda,False,False,4,45,516,0.15143203735351562
random,1,results_adamw_lr0p001,results_adamw_lr0p001,small_cnn,adamw,10,128,20000,0.001,0.9,0.0005,cuda,False,False,4,46,517,-0.08888936042785645
random,1,results_adamw_lr0p001,results_adamw_lr0p001,small_cnn,adamw,10,128,20000,0.001,0.9,0.0005,cuda,False,False,4,47,518,0.06932045519351959
random,1,results_adamw_lr0p001,results_adamw_lr0p001,small_cnn,adamw,10,128,20000,0.001,0.9,0.0005,cuda,False,False,4,48,519,0.2053419053554535
random,1,results_adamw_lr0p001,results_adamw_lr0p001,small_cnn,adamw,10,128,20000,0.001,0.9,0.0005,cuda,False,False,4,49,520,-0.5442860722541809
random,1,results_adamw_lr0p001,results_adamw_lr0p001,small_cnn,adamw,10,128,20000,0.001,0.9,0.0005,cuda,False,False,4,50,521,0.566784679889679
random,1,results_adamw_lr0p001,results_adamw_lr0p001,small_cnn,adamw,10,128,20000,0.001,0.9,0.0005,cuda,False,False,4,51,522,0.03472723811864853
random,1,results_adamw_lr0p001,results_adamw_lr0p001,small_cnn,adamw,10,128,20000,0.001,0.9,0.0005,cuda,False,False,4,52,523,-0.42273983359336853
random,1,results_adamw_lr0p001,results_adamw_lr0p001,small_cnn,adamw,10,128,20000,0.001,0.9,0.0005,cuda,False,False,4,53,524,0.23966680467128754
random,1,results_adamw_lr0p001,results_adamw_lr0p001,small_cnn,adamw,10,128,20000,0.001,0.9,0.0005,cuda,False,False,4,54,525,-0.34286338090896606
random,1,results_adamw_lr0p001,results_adamw_lr0p001,small_cnn,adamw,10,128,20000,0.001,0.9,0.0005,cuda,False,False,4,55,526,0.11173095554113388
random,1,results_adamw_lr0p001,results_adamw_lr0p001,small_cnn,adamw,10,128,20000,0.001,0.9,0.0005,cuda,False,False,4,56,527,-0.590210497379303
random,1,results_adamw_lr0p001,results_adamw_lr0p001,small_cnn,adamw,10,128,20000,0.001,0.9,0.0005,cuda,False,False,4,57,528,0.5608885884284973
random,1,results_adamw_lr0p001,results_adamw_lr0p001,small_cnn,adamw,10,128,20000,0.001,0.9,0.0005,cuda,False,False,4,58,529,-0.4722091853618622
random,1,results_adamw_lr0p001,results_adamw_lr0p001,small_cnn,adamw,10,128,20000,0.001,0.9,0.0005,cuda,False,False,4,59,530,0.43271535634994507
random,1,results_adamw_lr0p001,results_adamw_lr0p001,small_cnn,adamw,10,128,20000,0.001,0.9,0.0005,cuda,False,False,4,60,531,0.45632824301719666
random,1,results_adamw_lr0p001,results_adamw_lr0p001,small_cnn,adamw,10,128,20000,0.001,0.9,0.0005,cuda,False,False,4,61,532,0.1172889992594719
random,1,results_adamw_lr0p001,results_adamw_lr0p001,small_cnn,adamw,10,128,20000,0.001,0.9,0.0005,cuda,False,False,4,62,533,0.060324907302856445
random,1,results_adamw_lr0p001,results_adamw_lr0p001,small_cnn,adamw,10,128,20000,0.001,0.9,0.0005,cuda,False,False,4,63,534,0.623529851436615
random,1,results_adamw_lr0p001,results_adamw_lr0p001,small_cnn,adamw,10,128,20000,0.001,0.9,0.0005,cuda,False,False,4,64,535,0.32935044169425964
random,1,results_adamw_lr0p001,results_adamw_lr0p001,small_cnn,adamw,10,128,20000,0.001,0.9,0.0005,cuda,False,False,4,65,536,0.4391975402832031
random,1,results_adamw_lr0p001,results_adamw_lr0p001,small_cnn,adamw,10,128,20000,0.001,0.9,0.0005,cuda,False,False,4,66,537,-0.14116187393665314
random,1,results_adamw_lr0p001,results_adamw_lr0p001,small_cnn,adamw,10,128,20000,0.001,0.9,0.0005,cuda,False,False,4,67,538,-0.14747363328933716
random,1,results_adamw_lr0p001,results_adamw_lr0p001,small_cnn,adamw,10,128,20000,0.001,0.9,0.0005,cuda,False,False,4,68,539,0.09700743854045868
random,1,results_adamw_lr0p001,results_adamw_lr0p001,small_cnn,adamw,10,128,20000,0.001,0.9,0.0005,cuda,False,False,4,69,540,0.517996072769165
random,1,results_adamw_lr0p001,results_adamw_lr0p001,small_cnn,adamw,10,128,20000,0.001,0.9,0.0005,cuda,False,False,4,70,541,-0.049835268408060074
random,1,results_adamw_lr0p001,results_adamw_lr0p001,small_cnn,adamw,10,128,20000,0.001,0.9,0.0005,cuda,False,False,4,71,542,0.456043004989624
random,1,results_adamw_lr0p001,results_adamw_lr0p001,small_cnn,adamw,10,128,20000,0.001,0.9,0.0005,cuda,False,False,4,72,543,0.4788183569908142
random,1,results_adamw_lr0p001,results_adamw_lr0p001,small_cnn,adamw,10,128,20000,0.001,0.9,0.0005,cuda,False,False,4,73,544,0.055000752210617065
random,1,results_adamw_lr0p001,results_adamw_lr0p001,small_cnn,adamw,10,128,20000,0.001,0.9,0.0005,cuda,False,False,4,74,545,0.7830760478973389
random,1,results_adamw_lr0p001,results_adamw_lr0p001,small_cnn,adamw,10,128,20000,0.001,0.9,0.0005,cuda,False,False,4,75,546,0.5268421769142151
random,1,results_adamw_lr0p001,results_adamw_lr0p001,small_cnn,adamw,10,128,20000,0.001,0.9,0.0005,cuda,False,False,4,76,547,0.7929588556289673
random,1,results_adamw_lr0p001,results_adamw_lr0p001,small_cnn,adamw,10,128,20000,0.001,0.9,0.0005,cuda,False,False,4,77,548,0.5135054588317871
random,1,results_adamw_lr0p001,results_adamw_lr0p001,small_cnn,adamw,10,128,20000,0.001,0.9,0.0005,cuda,False,False,4,78,549,0.08547954261302948
random,1,results_adamw_lr0p001,results_adamw_lr0p001,small_cnn,adamw,10,128,20000,0.001,0.9,0.0005,cuda,False,False,4,79,550,-0.12354828417301178
random,1,results_adamw_lr0p001,results_adamw_lr0p001,small_cnn,adamw,10,128,20000,0.001,0.9,0.0005,cuda,False,False,4,80,551,0.4907473027706146
random,1,results_adamw_lr0p001,results_adamw_lr0p001,small_cnn,adamw,10,128,20000,0.001,0.9,0.0005,cuda,False,False,4,81,552,0.7378173470497131
random,1,results_adamw_lr0p001,results_adamw_lr0p001,small_cnn,adamw,10,128,20000,0.001,0.9,0.0005,cuda,False,False,4,82,553,0.6853771209716797
random,1,results_adamw_lr0p001,results_adamw_lr0p001,small_cnn,adamw,10,128,20000,0.001,0.9,0.0005,cuda,False,False,4,83,554,0.27521467208862305
random,1,results_adamw_lr0p001,results_adamw_lr0p001,small_cnn,adamw,10,128,20000,0.001,0.9,0.0005,cuda,False,False,4,84,555,-0.2120688259601593
random,1,results_adamw_lr0p001,results_adamw_lr0p001,small_cnn,adamw,10,128,20000,0.001,0.9,0.0005,cuda,False,False,4,85,556,0.7682603001594543
random,1,results_adamw_lr0p001,results_adamw_lr0p001,small_cnn,adamw,10,128,20000,0.001,0.9,0.0005,cuda,False,False,4,86,557,0.6160488128662109
random,1,results_adamw_lr0p001,results_adamw_lr0p001,small_cnn,adamw,10,128,20000,0.001,0.9,0.0005,cuda,False,False,4,87,558,0.7193840742111206
random,1,results_adamw_lr0p001,results_adamw_lr0p001,small_cnn,adamw,10,128,20000,0.001,0.9,0.0005,cuda,False,False,4,88,559,-0.13450948894023895
random,1,results_adamw_lr0p001,results_adamw_lr0p001,small_cnn,adamw,10,128,20000,0.001,0.9,0.0005,cuda,False,False,4,89,560,0.7439721822738647
random,1,results_adamw_lr0p001,results_adamw_lr0p001,small_cnn,adamw,10,128,20000,0.001,0.9,0.0005,cuda,False,False,4,90,561,0.6724206209182739
random,1,results_adamw_lr0p001,results_adamw_lr0p001,small_cnn,adamw,10,128,20000,0.001,0.9,0.0005,cuda,False,False,4,91,562,0.7698991298675537
random,1,results_adamw_lr0p001,results_adamw_lr0p001,small_cnn,adamw,10,128,20000,0.001,0.9,0.0005,cuda,False,False,4,92,563,-0.05403880402445793
random,1,results_adamw_lr0p001,results_adamw_lr0p001,small_cnn,adamw,10,128,20000,0.001,0.9,0.0005,cuda,False,False,4,93,564,0.39288681745529175
random,1,results_adamw_lr0p001,results_adamw_lr0p001,small_cnn,adamw,10,128,20000,0.001,0.9,0.0005,cuda,False,False,4,94,565,-0.1792047917842865
random,1,results_adamw_lr0p001,results_adamw_lr0p001,small_cnn,adamw,10,128,20000,0.001,0.9,0.0005,cuda,False,False,4,95,566,0.6344355344772339
random,1,results_adamw_lr0p001,results_adamw_lr0p001,small_cnn,adamw,10,128,20000,0.001,0.9,0.0005,cuda,False,False,4,96,567,0.754409670829773
random,1,results_adamw_lr0p001,results_adamw_lr0p001,small_cnn,adamw,10,128,20000,0.001,0.9,0.0005,cuda,False,False,4,97,568,0.6108540296554565
random,1,results_adamw_lr0p001,results_adamw_lr0p001,small_cnn,adamw,10,128,20000,0.001,0.9,0.0005,cuda,False,False,4,98,569,0.4969256818294525
random,1,results_adamw_lr0p001,results_adamw_lr0p001,small_cnn,adamw,10,128,20000,0.001,0.9,0.0005,cuda,False,False,4,99,570,-0.07253210246562958
random,1,results_adamw_lr0p001,results_adamw_lr0p001,small_cnn,adamw,10,128,20000,0.001,0.9,0.0005,cuda,False,False,4,100,571,0.43567436933517456
random,1,results_adamw_lr0p001,results_adamw_lr0p001,small_cnn,adamw,10,128,20000,0.001,0.9,0.0005,cuda,False,False,4,101,572,0.10581730306148529
random,1,results_adamw_lr0p001,results_adamw_lr0p001,small_cnn,adamw,10,128,20000,0.001,0.9,0.0005,cuda,False,False,4,102,573,0.4934137761592865
random,1,results_adamw_lr0p001,results_adamw_lr0p001,small_cnn,adamw,10,128,20000,0.001,0.9,0.0005,cuda,False,False,4,103,574,0.17496159672737122
random,1,results_adamw_lr0p001,results_adamw_lr0p001,small_cnn,adamw,10,128,20000,0.001,0.9,0.0005,cuda,False,False,4,104,575,0.2865273952484131
random,1,results_adamw_lr0p001,results_adamw_lr0p001,small_cnn,adamw,10,128,20000,0.001,0.9,0.0005,cuda,False,False,4,105,576,0.29615408182144165
random,1,results_adamw_lr0p001,results_adamw_lr0p001,small_cnn,adamw,10,128,20000,0.001,0.9,0.0005,cuda,False,False,4,106,577,0.11371176689863205
random,1,results_adamw_lr0p001,results_adamw_lr0p001,small_cnn,adamw,10,128,20000,0.001,0.9,0.0005,cuda,False,False,4,107,578,0.47469833493232727
random,1,results_adamw_lr0p001,results_adamw_lr0p001,small_cnn,adamw,10,128,20000,0.001,0.9,0.0005,cuda,False,False,4,108,579,0.5729230046272278
random,1,results_adamw_lr0p001,results_adamw_lr0p001,small_cnn,adamw,10,128,20000,0.001,0.9,0.0005,cuda,False,False,4,109,580,0.35095274448394775
random,1,results_adamw_lr0p001,results_adamw_lr0p001,small_cnn,adamw,10,128,20000,0.001,0.9,0.0005,cuda,False,False,4,110,581,-0.0326986089348793
random,1,results_adamw_lr0p001,results_adamw_lr0p001,small_cnn,adamw,10,128,20000,0.001,0.9,0.0005,cuda,False,False,4,111,582,0.4598005414009094
random,1,results_adamw_lr0p001,results_adamw_lr0p001,small_cnn,adamw,10,128,20000,0.001,0.9,0.0005,cuda,False,False,4,112,583,0.5858895778656006
random,1,results_adamw_lr0p001,results_adamw_lr0p001,small_cnn,adamw,10,128,20000,0.001,0.9,0.0005,cuda,False,False,4,113,584,0.919505774974823
random,1,results_adamw_lr0p001,results_adamw_lr0p001,small_cnn,adamw,10,128,20000,0.001,0.9,0.0005,cuda,False,False,4,114,585,0.7411590218544006
random,1,results_adamw_lr0p001,results_adamw_lr0p001,small_cnn,adamw,10,128,20000,0.001,0.9,0.0005,cuda,False,False,4,115,586,0.48561903834342957
random,1,results_adamw_lr0p001,results_adamw_lr0p001,small_cnn,adamw,10,128,20000,0.001,0.9,0.0005,cuda,False,False,4,116,587,-0.019458554685115814
random,1,results_adamw_lr0p001,results_adamw_lr0p001,small_cnn,adamw,10,128,20000,0.001,0.9,0.0005,cuda,False,False,4,117,588,0.6600905656814575
random,1,results_adamw_lr0p001,results_adamw_lr0p001,small_cnn,adamw,10,128,20000,0.001,0.9,0.0005,cuda,False,False,4,118,589,0.6506714224815369
random,1,results_adamw_lr0p001,results_adamw_lr0p001,small_cnn,adamw,10,128,20000,0.001,0.9,0.0005,cuda,False,False,4,119,590,0.15681420266628265
random,1,results_adamw_lr0p001,results_adamw_lr0p001,small_cnn,adamw,10,128,20000,0.001,0.9,0.0005,cuda,False,False,4,120,591,0.12129206955432892
random,1,results_adamw_lr0p001,results_adamw_lr0p001,small_cnn,adamw,10,128,20000,0.001,0.9,0.0005,cuda,False,False,4,121,592,0.39307788014411926
random,1,results_adamw_lr0p001,results_adamw_lr0p001,small_cnn,adamw,10,128,20000,0.001,0.9,0.0005,cuda,False,False,4,122,593,0.3325611650943756
random,1,results_adamw_lr0p001,results_adamw_lr0p001,small_cnn,adamw,10,128,20000,0.001,0.9,0.0005,cuda,False,False,4,123,594,0.5552871227264404
random,1,results_adamw_lr0p001,results_adamw_lr0p001,small_cnn,adamw,10,128,20000,0.001,0.9,0.0005,cuda,False,False,4,124,595,0.6234127283096313
random,1,results_adamw_lr0p001,results_adamw_lr0p001,small_cnn,adamw,10,128,20000,0.001,0.9,0.0005,cuda,False,False,4,125,596,-0.1636219024658203
random,1,results_adamw_lr0p001,results_adamw_lr0p001,small_cnn,adamw,10,128,20000,0.001,0.9,0.0005,cuda,False,False,4,126,597,0.6828649044036865
random,1,results_adamw_lr0p001,results_adamw_lr0p001,small_cnn,adamw,10,128,20000,0.001,0.9,0.0005,cuda,False,False,4,127,598,0.49165812134742737
random,1,results_adamw_lr0p001,results_adamw_lr0p001,small_cnn,adamw,10,128,20000,0.001,0.9,0.0005,cuda,False,False,4,128,599,0.8312854766845703
random,1,results_adamw_lr0p001,results_adamw_lr0p001,small_cnn,adamw,10,128,20000,0.001,0.9,0.0005,cuda,False,False,4,129,600,0.2078717052936554
random,1,results_adamw_lr0p001,results_adamw_lr0p001,small_cnn,adamw,10,128,20000,0.001,0.9,0.0005,cuda,False,False,4,130,601,-0.21652568876743317
random,1,results_adamw_lr0p001,results_adamw_lr0p001,small_cnn,adamw,10,128,20000,0.001,0.9,0.0005,cuda,False,False,4,131,602,0.43262574076652527
random,1,results_adamw_lr0p001,results_adamw_lr0p001,small_cnn,adamw,10,128,20000,0.001,0.9,0.0005,cuda,False,False,4,132,603,0.47582393884658813
random,1,results_adamw_lr0p001,results_adamw_lr0p001,small_cnn,adamw,10,128,20000,0.001,0.9,0.0005,cuda,False,False,4,133,604,0.5336852073669434
random,1,results_adamw_lr0p001,results_adamw_lr0p001,small_cnn,adamw,10,128,20000,0.001,0.9,0.0005,cuda,False,False,4,134,605,0.577094554901123
random,1,results_adamw_lr0p001,results_adamw_lr0p001,small_cnn,adamw,10,128,20000,0.001,0.9,0.0005,cuda,False,False,4,135,606,0.288492888212204
random,1,results_adamw_lr0p001,results_adamw_lr0p001,small_cnn,adamw,10,128,20000,0.001,0.9,0.0005,cuda,False,False,4,136,607,-0.31499308347702026
random,1,results_adamw_lr0p001,results_adamw_lr0p001,small_cnn,adamw,10,128,20000,0.001,0.9,0.0005,cuda,False,False,4,137,608,-0.23321214318275452
random,1,results_adamw_lr0p001,results_adamw_lr0p001,small_cnn,adamw,10,128,20000,0.001,0.9,0.0005,cuda,False,False,4,138,609,-0.32978662848472595
random,1,results_adamw_lr0p001,results_adamw_lr0p001,small_cnn,adamw,10,128,20000,0.001,0.9,0.0005,cuda,False,False,4,139,610,0.640525221824646
random,1,results_adamw_lr0p001,results_adamw_lr0p001,small_cnn,adamw,10,128,20000,0.001,0.9,0.0005,cuda,False,False,4,140,611,0.4598754048347473
random,1,results_adamw_lr0p001,results_adamw_lr0p001,small_cnn,adamw,10,128,20000,0.001,0.9,0.0005,cuda,False,False,4,141,612,-0.18656934797763824
random,1,results_adamw_lr0p001,results_adamw_lr0p001,small_cnn,adamw,10,128,20000,0.001,0.9,0.0005,cuda,False,False,4,142,613,-0.2684953510761261
random,1,results_adamw_lr0p001,results_adamw_lr0p001,small_cnn,adamw,10,128,20000,0.001,0.9,0.0005,cuda,False,False,4,143,614,0.4565832316875458
random,1,results_adamw_lr0p001,results_adamw_lr0p001,small_cnn,adamw,10,128,20000,0.001,0.9,0.0005,cuda,False,False,4,144,615,-0.007216976955533028
random,1,results_adamw_lr0p001,results_adamw_lr0p001,small_cnn,adamw,10,128,20000,0.001,0.9,0.0005,cuda,False,False,4,145,616,0.12538424134254456
random,1,results_adamw_lr0p001,results_adamw_lr0p001,small_cnn,adamw,10,128,20000,0.001,0.9,0.0005,cuda,False,False,4,146,617,-0.6649876236915588
random,1,results_adamw_lr0p001,results_adamw_lr0p001,small_cnn,adamw,10,128,20000,0.001,0.9,0.0005,cuda,False,False,4,147,618,-0.1982962191104889
random,1,results_adamw_lr0p001,results_adamw_lr0p001,small_cnn,adamw,10,128,20000,0.001,0.9,0.0005,cuda,False,False,4,148,619,0.1478360891342163
random,1,results_adamw_lr0p001,results_adamw_lr0p001,small_cnn,adamw,10,128,20000,0.001,0.9,0.0005,cuda,False,False,4,149,620,0.47560223937034607
random,1,results_adamw_lr0p001,results_adamw_lr0p001,small_cnn,adamw,10,128,20000,0.001,0.9,0.0005,cuda,False,False,4,150,621,0.3975839912891388
random,1,results_adamw_lr0p001,results_adamw_lr0p001,small_cnn,adamw,10,128,20000,0.001,0.9,0.0005,cuda,False,False,4,151,622,0.5149994492530823
random,1,results_adamw_lr0p001,results_adamw_lr0p001,small_cnn,adamw,10,128,20000,0.001,0.9,0.0005,cuda,False,False,4,152,623,-0.22114846110343933
random,1,results_adamw_lr0p001,results_adamw_lr0p001,small_cnn,adamw,10,128,20000,0.001,0.9,0.0005,cuda,False,False,4,153,624,0.7575135827064514
random,1,results_adamw_lr0p001,results_adamw_lr0p001,small_cnn,adamw,10,128,20000,0.001,0.9,0.0005,cuda,False,False,4,154,625,0.669773519039154
random,1,results_adamw_lr0p001,results_adamw_lr0p001,small_cnn,adamw,10,128,20000,0.001,0.9,0.0005,cuda,False,False,4,155,626,-0.43241825699806213
random,1,results_adamw_lr0p001,results_adamw_lr0p001,small_cnn,adamw,10,128,20000,0.001,0.9,0.0005,cuda,False,False,4,156,627,-0.2909601330757141
random,1,results_adamw_lr0p001,results_adamw_lr0p001,small_cnn,adamw,10,128,20000,0.001,0.9,0.0005,cuda,False,False,4,157,628,0.13048338890075684
random,1,results_adamw_lr0p001,results_adamw_lr0p001,small_cnn,adamw,10,128,20000,0.001,0.9,0.0005,cuda,False,False,5,1,629,-0.16698424518108368
random,1,results_adamw_lr0p001,results_adamw_lr0p001,small_cnn,adamw,10,128,20000,0.001,0.9,0.0005,cuda,False,False,5,2,630,0.14667828381061554
random,1,results_adamw_lr0p001,results_adamw_lr0p001,small_cnn,adamw,10,128,20000,0.001,0.9,0.0005,cuda,False,False,5,3,631,0.0558982752263546
random,1,results_adamw_lr0p001,results_adamw_lr0p001,small_cnn,adamw,10,128,20000,0.001,0.9,0.0005,cuda,False,False,5,4,632,-0.25773006677627563
random,1,results_adamw_lr0p001,results_adamw_lr0p001,small_cnn,adamw,10,128,20000,0.001,0.9,0.0005,cuda,False,False,5,5,633,0.25657299160957336
random,1,results_adamw_lr0p001,results_adamw_lr0p001,small_cnn,adamw,10,128,20000,0.001,0.9,0.0005,cuda,False,False,5,6,634,0.5964452624320984
random,1,results_adamw_lr0p001,results_adamw_lr0p001,small_cnn,adamw,10,128,20000,0.001,0.9,0.0005,cuda,False,False,5,7,635,0.771557629108429
random,1,results_adamw_lr0p001,results_adamw_lr0p001,small_cnn,adamw,10,128,20000,0.001,0.9,0.0005,cuda,False,False,5,8,636,-0.43158429861068726
random,1,results_adamw_lr0p001,results_adamw_lr0p001,small_cnn,adamw,10,128,20000,0.001,0.9,0.0005,cuda,False,False,5,9,637,0.2996273636817932
random,1,results_adamw_lr0p001,results_adamw_lr0p001,small_cnn,adamw,10,128,20000,0.001,0.9,0.0005,cuda,False,False,5,10,638,0.48881620168685913
random,1,results_adamw_lr0p001,results_adamw_lr0p001,small_cnn,adamw,10,128,20000,0.001,0.9,0.0005,cuda,False,False,5,11,639,-0.19907283782958984
random,1,results_adamw_lr0p001,results_adamw_lr0p001,small_cnn,adamw,10,128,20000,0.001,0.9,0.0005,cuda,False,False,5,12,640,-0.048608891665935516
random,1,results_adamw_lr0p001,results_adamw_lr0p001,small_cnn,adamw,10,128,20000,0.001,0.9,0.0005,cuda,False,False,5,13,641,0.6332840323448181
random,1,results_adamw_lr0p001,results_adamw_lr0p001,small_cnn,adamw,10,128,20000,0.001,0.9,0.0005,cuda,False,False,5,14,642,0.39167729020118713
random,1,results_adamw_lr0p001,results_adamw_lr0p001,small_cnn,adamw,10,128,20000,0.001,0.9,0.0005,cuda,False,False,5,15,643,0.38071343302726746
random,1,results_adamw_lr0p001,results_adamw_lr0p001,small_cnn,adamw,10,128,20000,0.001,0.9,0.0005,cuda,False,False,5,16,644,-0.17485815286636353
random,1,results_adamw_lr0p001,results_adamw_lr0p001,small_cnn,adamw,10,128,20000,0.001,0.9,0.0005,cuda,False,False,5,17,645,0.39077726006507874
random,1,results_adamw_lr0p001,results_adamw_lr0p001,small_cnn,adamw,10,128,20000,0.001,0.9,0.0005,cuda,False,False,5,18,646,-0.4749564826488495
random,1,results_adamw_lr0p001,results_adamw_lr0p001,small_cnn,adamw,10,128,20000,0.001,0.9,0.0005,cuda,False,False,5,19,647,0.23687587678432465
random,1,results_adamw_lr0p001,results_adamw_lr0p001,small_cnn,adamw,10,128,20000,0.001,0.9,0.0005,cuda,False,False,5,20,648,-0.030015602707862854
random,1,results_adamw_lr0p001,results_adamw_lr0p001,small_cnn,adamw,10,128,20000,0.001,0.9,0.0005,cuda,False,False,5,21,649,0.4058740735054016
random,1,results_adamw_lr0p001,results_adamw_lr0p001,small_cnn,adamw,10,128,20000,0.001,0.9,0.0005,cuda,False,False,5,22,650,-0.520930826663971
random,1,results_adamw_lr0p001,results_adamw_lr0p001,small_cnn,adamw,10,128,20000,0.001,0.9,0.0005,cuda,False,False,5,23,651,-0.13778090476989746
random,1,results_adamw_lr0p001,results_adamw_lr0p001,small_cnn,adamw,10,128,20000,0.001,0.9,0.0005,cuda,False,False,5,24,652,0.3863905370235443
random,1,results_adamw_lr0p001,results_adamw_lr0p001,small_cnn,adamw,10,128,20000,0.001,0.9,0.0005,cuda,False,False,5,25,653,0.3979777693748474
random,1,results_adamw_lr0p001,results_adamw_lr0p001,small_cnn,adamw,10,128,20000,0.001,0.9,0.0005,cuda,False,False,5,26,654,0.5821413993835449
random,1,results_adamw_lr0p001,results_adamw_lr0p001,small_cnn,adamw,10,128,20000,0.001,0.9,0.0005,cuda,False,False,5,27,655,0.3425343632698059
random,1,results_adamw_lr0p001,results_adamw_lr0p001,small_cnn,adamw,10,128,20000,0.001,0.9,0.0005,cuda,False,False,5,28,656,-0.23417973518371582
random,1,results_adamw_lr0p001,results_adamw_lr0p001,small_cnn,adamw,10,128,20000,0.001,0.9,0.0005,cuda,False,False,5,29,657,0.8238155245780945
random,1,results_adamw_lr0p001,results_adamw_lr0p001,small_cnn,adamw,10,128,20000,0.001,0.9,0.0005,cuda,False,False,5,30,658,0.20971722900867462
random,1,results_adamw_lr0p001,results_adamw_lr0p001,small_cnn,adamw,10,128,20000,0.001,0.9,0.0005,cuda,False,False,5,31,659,-0.21870927512645721
random,1,results_adamw_lr0p001,results_adamw_lr0p001,small_cnn,adamw,10,128,20000,0.001,0.9,0.0005,cuda,False,False,5,32,660,0.19325296580791473
random,1,results_adamw_lr0p001,results_adamw_lr0p001,small_cnn,adamw,10,128,20000,0.001,0.9,0.0005,cuda,False,False,5,33,661,0.3244468569755554
random,1,results_adamw_lr0p001,results_adamw_lr0p001,small_cnn,adamw,10,128,20000,0.001,0.9,0.0005,cuda,False,False,5,34,662,-0.37780630588531494
random,1,results_adamw_lr0p001,results_adamw_lr0p001,small_cnn,adamw,10,128,20000,0.001,0.9,0.0005,cuda,False,False,5,35,663,0.5915730595588684
random,1,results_adamw_lr0p001,results_adamw_lr0p001,small_cnn,adamw,10,128,20000,0.001,0.9,0.0005,cuda,False,False,5,36,664,0.7751433253288269
random,1,results_adamw_lr0p001,results_adamw_lr0p001,small_cnn,adamw,10,128,20000,0.001,0.9,0.0005,cuda,False,False,5,37,665,0.4332927167415619
random,1,results_adamw_lr0p001,results_adamw_lr0p001,small_cnn,adamw,10,128,20000,0.001,0.9,0.0005,cuda,False,False,5,38,666,-0.198726087808609
random,1,results_adamw_lr0p001,results_adamw_lr0p001,small_cnn,adamw,10,128,20000,0.001,0.9,0.0005,cuda,False,False,5,39,667,0.34520864486694336
random,1,results_adamw_lr0p001,results_adamw_lr0p001,small_cnn,adamw,10,128,20000,0.001,0.9,0.0005,cuda,False,False,5,40,668,0.7920712828636169
random,1,results_adamw_lr0p001,results_adamw_lr0p001,small_cnn,adamw,10,128,20000,0.001,0.9,0.0005,cuda,False,False,5,41,669,0.7385708093643188
random,1,results_adamw_lr0p001,results_adamw_lr0p001,small_cnn,adamw,10,128,20000,0.001,0.9,0.0005,cuda,False,False,5,42,670,0.17832905054092407
random,1,results_adamw_lr0p001,results_adamw_lr0p001,small_cnn,adamw,10,128,20000,0.001,0.9,0.0005,cuda,False,False,5,43,671,0.5504611134529114
random,1,results_adamw_lr0p001,results_adamw_lr0p001,small_cnn,adamw,10,128,20000,0.001,0.9,0.0005,cuda,False,False,5,44,672,0.6233007907867432
random,1,results_adamw_lr0p001,results_adamw_lr0p001,small_cnn,adamw,10,128,20000,0.001,0.9,0.0005,cuda,False,False,5,45,673,0.6127645969390869
random,1,results_adamw_lr0p001,results_adamw_lr0p001,small_cnn,adamw,10,128,20000,0.001,0.9,0.0005,cuda,False,False,5,46,674,0.46000587940216064
random,1,results_adamw_lr0p001,results_adamw_lr0p001,small_cnn,adamw,10,128,20000,0.001,0.9,0.0005,cuda,False,False,5,47,675,-0.2984830141067505
random,1,results_adamw_lr0p001,results_adamw_lr0p001,small_cnn,adamw,10,128,20000,0.001,0.9,0.0005,cuda,False,False,5,48,676,0.24263764917850494
random,1,results_adamw_lr0p001,results_adamw_lr0p001,small_cnn,adamw,10,128,20000,0.001,0.9,0.0005,cuda,False,False,5,49,677,0.1390109360218048
random,1,results_adamw_lr0p001,results_adamw_lr0p001,small_cnn,adamw,10,128,20000,0.001,0.9,0.0005,cuda,False,False,5,50,678,0.3632843494415283
random,1,results_adamw_lr0p001,results_adamw_lr0p001,small_cnn,adamw,10,128,20000,0.001,0.9,0.0005,cuda,False,False,5,51,679,-0.26952993869781494
random,1,results_adamw_lr0p001,results_adamw_lr0p001,small_cnn,adamw,10,128,20000,0.001,0.9,0.0005,cuda,False,False,5,52,680,-0.48185575008392334
random,1,results_adamw_lr0p001,results_adamw_lr0p001,small_cnn,adamw,10,128,20000,0.001,0.9,0.0005,cuda,False,False,5,53,681,0.6405560970306396
random,1,results_adamw_lr0p001,results_adamw_lr0p001,small_cnn,adamw,10,128,20000,0.001,0.9,0.0005,cuda,False,False,5,54,682,0.07806318253278732
random,1,results_adamw_lr0p001,results_adamw_lr0p001,small_cnn,adamw,10,128,20000,0.001,0.9,0.0005,cuda,False,False,5,55,683,0.6524649262428284
random,1,results_adamw_lr0p001,results_adamw_lr0p001,small_cnn,adamw,10,128,20000,0.001,0.9,0.0005,cuda,False,False,5,56,684,0.30883365869522095
random,1,results_adamw_lr0p001,results_adamw_lr0p001,small_cnn,adamw,10,128,20000,0.001,0.9,0.0005,cuda,False,False,5,57,685,-0.2131788730621338
random,1,results_adamw_lr0p001,results_adamw_lr0p001,small_cnn,adamw,10,128,20000,0.001,0.9,0.0005,cuda,False,False,5,58,686,0.26800328493118286
random,1,results_adamw_lr0p001,results_adamw_lr0p001,small_cnn,adamw,10,128,20000,0.001,0.9,0.0005,cuda,False,False,5,59,687,-0.5391342043876648
random,1,results_adamw_lr0p001,results_adamw_lr0p001,small_cnn,adamw,10,128,20000,0.001,0.9,0.0005,cuda,False,False,5,60,688,-0.30145639181137085
random,1,results_adamw_lr0p001,results_adamw_lr0p001,small_cnn,adamw,10,128,20000,0.001,0.9,0.0005,cuda,False,False,5,61,689,0.22742538154125214
random,1,results_adamw_lr0p001,results_adamw_lr0p001,small_cnn,adamw,10,128,20000,0.001,0.9,0.0005,cuda,False,False,5,62,690,0.6606038212776184
random,1,results_adamw_lr0p001,results_adamw_lr0p001,small_cnn,adamw,10,128,20000,0.001,0.9,0.0005,cuda,False,False,5,63,691,-0.19870823621749878
random,1,results_adamw_lr0p001,results_adamw_lr0p001,small_cnn,adamw,10,128,20000,0.001,0.9,0.0005,cuda,False,False,5,64,692,-0.12330468744039536
random,1,results_adamw_lr0p001,results_adamw_lr0p001,small_cnn,adamw,10,128,20000,0.001,0.9,0.0005,cuda,False,False,5,65,693,0.2910176217556
random,1,results_adamw_lr0p001,results_adamw_lr0p001,small_cnn,adamw,10,128,20000,0.001,0.9,0.0005,cuda,False,False,5,66,694,0.1763058453798294
random,1,results_adamw_lr0p001,results_adamw_lr0p001,small_cnn,adamw,10,128,20000,0.001,0.9,0.0005,cuda,False,False,5,67,695,0.3720135986804962
random,1,results_adamw_lr0p001,results_adamw_lr0p001,small_cnn,adamw,10,128,20000,0.001,0.9,0.0005,cuda,False,False,5,68,696,-0.6514065265655518
random,1,results_adamw_lr0p001,results_adamw_lr0p001,small_cnn,adamw,10,128,20000,0.001,0.9,0.0005,cuda,False,False,5,69,697,0.2603389620780945
random,1,results_adamw_lr0p001,results_adamw_lr0p001,small_cnn,adamw,10,128,20000,0.001,0.9,0.0005,cuda,False,False,5,70,698,-0.00037848111242055893
random,1,results_adamw_lr0p001,results_adamw_lr0p001,small_cnn,adamw,10,128,20000,0.001,0.9,0.0005,cuda,False,False,5,71,699,0.8533337712287903
random,1,results_adamw_lr0p001,results_adamw_lr0p001,small_cnn,adamw,10,128,20000,0.001,0.9,0.0005,cuda,False,False,5,72,700,-0.10680749267339706
random,1,results_adamw_lr0p001,results_adamw_lr0p001,small_cnn,adamw,10,128,20000,0.001,0.9,0.0005,cuda,False,False,5,73,701,0.117313452064991
random,1,results_adamw_lr0p001,results_adamw_lr0p001,small_cnn,adamw,10,128,20000,0.001,0.9,0.0005,cuda,False,False,5,74,702,-0.038511455059051514
random,1,results_adamw_lr0p001,results_adamw_lr0p001,small_cnn,adamw,10,128,20000,0.001,0.9,0.0005,cuda,False,False,5,75,703,0.12122427672147751
random,1,results_adamw_lr0p001,results_adamw_lr0p001,small_cnn,adamw,10,128,20000,0.001,0.9,0.0005,cuda,False,False,5,76,704,-0.25891968607902527
random,1,results_adamw_lr0p001,results_adamw_lr0p001,small_cnn,adamw,10,128,20000,0.001,0.9,0.0005,cuda,False,False,5,77,705,0.4386874735355377
random,1,results_adamw_lr0p001,results_adamw_lr0p001,small_cnn,adamw,10,128,20000,0.001,0.9,0.0005,cuda,False,False,5,78,706,0.4869329631328583
random,1,results_adamw_lr0p001,results_adamw_lr0p001,small_cnn,adamw,10,128,20000,0.001,0.9,0.0005,cuda,False,False,5,79,707,0.4426785707473755
random,1,results_adamw_lr0p001,results_adamw_lr0p001,small_cnn,adamw,10,128,20000,0.001,0.9,0.0005,cuda,False,False,5,80,708,-0.4590628445148468
random,1,results_adamw_lr0p001,results_adamw_lr0p001,small_cnn,adamw,10,128,20000,0.001,0.9,0.0005,cuda,False,False,5,81,709,-0.29526424407958984
random,1,results_adamw_lr0p001,results_adamw_lr0p001,small_cnn,adamw,10,128,20000,0.001,0.9,0.0005,cuda,False,False,5,82,710,-0.2951723337173462
random,1,results_adamw_lr0p001,results_adamw_lr0p001,small_cnn,adamw,10,128,20000,0.001,0.9,0.0005,cuda,False,False,5,83,711,0.06709729880094528
random,1,results_adamw_lr0p001,results_adamw_lr0p001,small_cnn,adamw,10,128,20000,0.001,0.9,0.0005,cuda,False,False,5,84,712,-0.2450503408908844
random,1,results_adamw_lr0p001,results_adamw_lr0p001,small_cnn,adamw,10,128,20000,0.001,0.9,0.0005,cuda,False,False,5,85,713,-0.11839143186807632
random,1,results_adamw_lr0p001,results_adamw_lr0p001,small_cnn,adamw,10,128,20000,0.001,0.9,0.0005,cuda,False,False,5,86,714,0.29629549384117126
random,1,results_adamw_lr0p001,results_adamw_lr0p001,small_cnn,adamw,10,128,20000,0.001,0.9,0.0005,cuda,False,False,5,87,715,-0.6131616830825806
random,1,results_adamw_lr0p001,results_adamw_lr0p001,small_cnn,adamw,10,128,20000,0.001,0.9,0.0005,cuda,False,False,5,88,716,0.5126957297325134
random,1,results_adamw_lr0p001,results_adamw_lr0p001,small_cnn,adamw,10,128,20000,0.001,0.9,0.0005,cuda,False,False,5,89,717,-0.19492636620998383
random,1,results_adamw_lr0p001,results_adamw_lr0p001,small_cnn,adamw,10,128,20000,0.001,0.9,0.0005,cuda,False,False,5,90,718,0.0363747701048851
random,1,results_adamw_lr0p001,results_adamw_lr0p001,small_cnn,adamw,10,128,20000,0.001,0.9,0.0005,cuda,False,False,5,91,719,0.21905900537967682
random,1,results_adamw_lr0p001,results_adamw_lr0p001,small_cnn,adamw,10,128,20000,0.001,0.9,0.0005,cuda,False,False,5,92,720,0.6397009491920471
random,1,results_adamw_lr0p001,results_adamw_lr0p001,small_cnn,adamw,10,128,20000,0.001,0.9,0.0005,cuda,False,False,5,93,721,-0.3524482846260071
random,1,results_adamw_lr0p001,results_adamw_lr0p001,small_cnn,adamw,10,128,20000,0.001,0.9,0.0005,cuda,False,False,5,94,722,0.5442992448806763
random,1,results_adamw_lr0p001,results_adamw_lr0p001,small_cnn,adamw,10,128,20000,0.001,0.9,0.0005,cuda,False,False,5,95,723,0.7045688033103943
random,1,results_adamw_lr0p001,results_adamw_lr0p001,small_cnn,adamw,10,128,20000,0.001,0.9,0.0005,cuda,False,False,5,96,724,0.03570762649178505
random,1,results_adamw_lr0p001,results_adamw_lr0p001,small_cnn,adamw,10,128,20000,0.001,0.9,0.0005,cuda,False,False,5,97,725,0.5306466817855835
random,1,results_adamw_lr0p001,results_adamw_lr0p001,small_cnn,adamw,10,128,20000,0.001,0.9,0.0005,cuda,False,False,5,98,726,-0.09635042399168015
random,1,results_adamw_lr0p001,results_adamw_lr0p001,small_cnn,adamw,10,128,20000,0.001,0.9,0.0005,cuda,False,False,5,99,727,-0.33521759510040283
random,1,results_adamw_lr0p001,results_adamw_lr0p001,small_cnn,adamw,10,128,20000,0.001,0.9,0.0005,cuda,False,False,5,100,728,0.04157624393701553
random,1,results_adamw_lr0p001,results_adamw_lr0p001,small_cnn,adamw,10,128,20000,0.001,0.9,0.0005,cuda,False,False,5,101,729,0.1292308270931244
random,1,results_adamw_lr0p001,results_adamw_lr0p001,small_cnn,adamw,10,128,20000,0.001,0.9,0.0005,cuda,False,False,5,102,730,0.03052455186843872
random,1,results_adamw_lr0p001,results_adamw_lr0p001,small_cnn,adamw,10,128,20000,0.001,0.9,0.0005,cuda,False,False,5,103,731,0.32625389099121094
random,1,results_adamw_lr0p001,results_adamw_lr0p001,small_cnn,adamw,10,128,20000,0.001,0.9,0.0005,cuda,False,False,5,104,732,0.35844993591308594
random,1,results_adamw_lr0p001,results_adamw_lr0p001,small_cnn,adamw,10,128,20000,0.001,0.9,0.0005,cuda,False,False,5,105,733,0.31960076093673706
random,1,results_adamw_lr0p001,results_adamw_lr0p001,small_cnn,adamw,10,128,20000,0.001,0.9,0.0005,cuda,False,False,5,106,734,-0.24179159104824066
random,1,results_adamw_lr0p001,results_adamw_lr0p001,small_cnn,adamw,10,128,20000,0.001,0.9,0.0005,cuda,False,False,5,107,735,-0.2426244467496872
random,1,results_adamw_lr0p001,results_adamw_lr0p001,small_cnn,adamw,10,128,20000,0.001,0.9,0.0005,cuda,False,False,5,108,736,-0.4708109200000763
random,1,results_adamw_lr0p001,results_adamw_lr0p001,small_cnn,adamw,10,128,20000,0.001,0.9,0.0005,cuda,False,False,5,109,737,0.4391685724258423
random,1,results_adamw_lr0p001,results_adamw_lr0p001,small_cnn,adamw,10,128,20000,0.001,0.9,0.0005,cuda,False,False,5,110,738,0.719836413860321
random,1,results_adamw_lr0p001,results_adamw_lr0p001,small_cnn,adamw,10,128,20000,0.001,0.9,0.0005,cuda,False,False,5,111,739,0.03561701625585556
random,1,results_adamw_lr0p001,results_adamw_lr0p001,small_cnn,adamw,10,128,20000,0.001,0.9,0.0005,cuda,False,False,5,112,740,-0.8080387115478516
random,1,results_adamw_lr0p001,results_adamw_lr0p001,small_cnn,adamw,10,128,20000,0.001,0.9,0.0005,cuda,False,False,5,113,741,0.7551418542861938
random,1,results_adamw_lr0p001,results_adamw_lr0p001,small_cnn,adamw,10,128,20000,0.001,0.9,0.0005,cuda,False,False,5,114,742,0.2575392723083496
random,1,results_adamw_lr0p001,results_adamw_lr0p001,small_cnn,adamw,10,128,20000,0.001,0.9,0.0005,cuda,False,False,5,115,743,0.5378727316856384
random,1,results_adamw_lr0p001,results_adamw_lr0p001,small_cnn,adamw,10,128,20000,0.001,0.9,0.0005,cuda,False,False,5,116,744,0.6354547142982483
random,1,results_adamw_lr0p001,results_adamw_lr0p001,small_cnn,adamw,10,128,20000,0.001,0.9,0.0005,cuda,False,False,5,117,745,0.7474489808082581
random,1,results_adamw_lr0p001,results_adamw_lr0p001,small_cnn,adamw,10,128,20000,0.001,0.9,0.0005,cuda,False,False,5,118,746,-0.2215697169303894
random,1,results_adamw_lr0p001,results_adamw_lr0p001,small_cnn,adamw,10,128,20000,0.001,0.9,0.0005,cuda,False,False,5,119,747,0.4912243187427521
random,1,results_adamw_lr0p001,results_adamw_lr0p001,small_cnn,adamw,10,128,20000,0.001,0.9,0.0005,cuda,False,False,5,120,748,0.644045352935791
random,1,results_adamw_lr0p001,results_adamw_lr0p001,small_cnn,adamw,10,128,20000,0.001,0.9,0.0005,cuda,False,False,5,121,749,0.19601543247699738
random,1,results_adamw_lr0p001,results_adamw_lr0p001,small_cnn,adamw,10,128,20000,0.001,0.9,0.0005,cuda,False,False,5,122,750,0.244956836104393
random,1,results_adamw_lr0p001,results_adamw_lr0p001,small_cnn,adamw,10,128,20000,0.001,0.9,0.0005,cuda,False,False,5,123,751,-0.1984655261039734
random,1,results_adamw_lr0p001,results_adamw_lr0p001,small_cnn,adamw,10,128,20000,0.001,0.9,0.0005,cuda,False,False,5,124,752,0.4606669843196869
random,1,results_adamw_lr0p001,results_adamw_lr0p001,small_cnn,adamw,10,128,20000,0.001,0.9,0.0005,cuda,False,False,5,125,753,-0.11858053505420685
random,1,results_adamw_lr0p001,results_adamw_lr0p001,small_cnn,adamw,10,128,20000,0.001,0.9,0.0005,cuda,False,False,5,126,754,-0.4000815153121948
random,1,results_adamw_lr0p001,results_adamw_lr0p001,small_cnn,adamw,10,128,20000,0.001,0.9,0.0005,cuda,False,False,5,127,755,-0.41987523436546326
random,1,results_adamw_lr0p001,results_adamw_lr0p001,small_cnn,adamw,10,128,20000,0.001,0.9,0.0005,cuda,False,False,5,128,756,0.5062413811683655
random,1,results_adamw_lr0p001,results_adamw_lr0p001,small_cnn,adamw,10,128,20000,0.001,0.9,0.0005,cuda,False,False,5,129,757,0.32582154870033264
random,1,results_adamw_lr0p001,results_adamw_lr0p001,small_cnn,adamw,10,128,20000,0.001,0.9,0.0005,cuda,False,False,5,130,758,-0.21654784679412842
random,1,results_adamw_lr0p001,results_adamw_lr0p001,small_cnn,adamw,10,128,20000,0.001,0.9,0.0005,cuda,False,False,5,131,759,0.3938196897506714
random,1,results_adamw_lr0p001,results_adamw_lr0p001,small_cnn,adamw,10,128,20000,0.001,0.9,0.0005,cuda,False,False,5,132,760,0.00645426707342267
random,1,results_adamw_lr0p001,results_adamw_lr0p001,small_cnn,adamw,10,128,20000,0.001,0.9,0.0005,cuda,False,False,5,133,761,0.7808922529220581
random,1,results_adamw_lr0p001,results_adamw_lr0p001,small_cnn,adamw,10,128,20000,0.001,0.9,0.0005,cuda,False,False,5,134,762,-0.4352712631225586
random,1,results_adamw_lr0p001,results_adamw_lr0p001,small_cnn,adamw,10,128,20000,0.001,0.9,0.0005,cuda,False,False,5,135,763,-0.4456208348274231
random,1,results_adamw_lr0p001,results_adamw_lr0p001,small_cnn,adamw,10,128,20000,0.001,0.9,0.0005,cuda,False,False,5,136,764,0.17244628071784973
random,1,results_adamw_lr0p001,results_adamw_lr0p001,small_cnn,adamw,10,128,20000,0.001,0.9,0.0005,cuda,False,False,5,137,765,0.4122132360935211
random,1,results_adamw_lr0p001,results_adamw_lr0p001,small_cnn,adamw,10,128,20000,0.001,0.9,0.0005,cuda,False,False,5,138,766,0.3557925522327423
random,1,results_adamw_lr0p001,results_adamw_lr0p001,small_cnn,adamw,10,128,20000,0.001,0.9,0.0005,cuda,False,False,5,139,767,0.6013109683990479
random,1,results_adamw_lr0p001,results_adamw_lr0p001,small_cnn,adamw,10,128,20000,0.001,0.9,0.0005,cuda,False,False,5,140,768,-0.6567092537879944
random,1,results_adamw_lr0p001,results_adamw_lr0p001,small_cnn,adamw,10,128,20000,0.001,0.9,0.0005,cuda,False,False,5,141,769,-0.48041287064552307
random,1,results_adamw_lr0p001,results_adamw_lr0p001,small_cnn,adamw,10,128,20000,0.001,0.9,0.0005,cuda,False,False,5,142,770,-0.3431149125099182
random,1,results_adamw_lr0p001,results_adamw_lr0p001,small_cnn,adamw,10,128,20000,0.001,0.9,0.0005,cuda,False,False,5,143,771,0.227788507938385
random,1,results_adamw_lr0p001,results_adamw_lr0p001,small_cnn,adamw,10,128,20000,0.001,0.9,0.0005,cuda,False,False,5,144,772,0.6465631127357483
random,1,results_adamw_lr0p001,results_adamw_lr0p001,small_cnn,adamw,10,128,20000,0.001,0.9,0.0005,cuda,False,False,5,145,773,0.17831668257713318
random,1,results_adamw_lr0p001,results_adamw_lr0p001,small_cnn,adamw,10,128,20000,0.001,0.9,0.0005,cuda,False,False,5,146,774,-0.28734084963798523
random,1,results_adamw_lr0p001,results_adamw_lr0p001,small_cnn,adamw,10,128,20000,0.001,0.9,0.0005,cuda,False,False,5,147,775,-0.23415860533714294
random,1,results_adamw_lr0p001,results_adamw_lr0p001,small_cnn,adamw,10,128,20000,0.001,0.9,0.0005,cuda,False,False,5,148,776,0.37517598271369934
random,1,results_adamw_lr0p001,results_adamw_lr0p001,small_cnn,adamw,10,128,20000,0.001,0.9,0.0005,cuda,False,False,5,149,777,0.23562726378440857
random,1,results_adamw_lr0p001,results_adamw_lr0p001,small_cnn,adamw,10,128,20000,0.001,0.9,0.0005,cuda,False,False,5,150,778,0.2951287627220154
random,1,results_adamw_lr0p001,results_adamw_lr0p001,small_cnn,adamw,10,128,20000,0.001,0.9,0.0005,cuda,False,False,5,151,779,0.6937352418899536
random,1,results_adamw_lr0p001,results_adamw_lr0p001,small_cnn,adamw,10,128,20000,0.001,0.9,0.0005,cuda,False,False,5,152,780,0.04052184522151947
random,1,results_adamw_lr0p001,results_adamw_lr0p001,small_cnn,adamw,10,128,20000,0.001,0.9,0.0005,cuda,False,False,5,153,781,-0.2079417109489441
random,1,results_adamw_lr0p001,results_adamw_lr0p001,small_cnn,adamw,10,128,20000,0.001,0.9,0.0005,cuda,False,False,5,154,782,0.31276625394821167
random,1,results_adamw_lr0p001,results_adamw_lr0p001,small_cnn,adamw,10,128,20000,0.001,0.9,0.0005,cuda,False,False,5,155,783,-0.14796538650989532
random,1,results_adamw_lr0p001,results_adamw_lr0p001,small_cnn,adamw,10,128,20000,0.001,0.9,0.0005,cuda,False,False,5,156,784,-0.2604159712791443
random,1,results_adamw_lr0p001,results_adamw_lr0p001,small_cnn,adamw,10,128,20000,0.001,0.9,0.0005,cuda,False,False,5,157,785,-0.44485342502593994
random,1,results_adamw_lr0p001,results_adamw_lr0p001,small_cnn,adamw,10,128,20000,0.001,0.9,0.0005,cuda,False,False,6,1,786,0.18805769085884094
random,1,results_adamw_lr0p001,results_adamw_lr0p001,small_cnn,adamw,10,128,20000,0.001,0.9,0.0005,cuda,False,False,6,2,787,0.15029911696910858
random,1,results_adamw_lr0p001,results_adamw_lr0p001,small_cnn,adamw,10,128,20000,0.001,0.9,0.0005,cuda,False,False,6,3,788,0.40531885623931885
random,1,results_adamw_lr0p001,results_adamw_lr0p001,small_cnn,adamw,10,128,20000,0.001,0.9,0.0005,cuda,False,False,6,4,789,0.1786012500524521
random,1,results_adamw_lr0p001,results_adamw_lr0p001,small_cnn,adamw,10,128,20000,0.001,0.9,0.0005,cuda,False,False,6,5,790,0.3666795492172241
random,1,results_adamw_lr0p001,results_adamw_lr0p001,small_cnn,adamw,10,128,20000,0.001,0.9,0.0005,cuda,False,False,6,6,791,0.24537166953086853
random,1,results_adamw_lr0p001,results_adamw_lr0p001,small_cnn,adamw,10,128,20000,0.001,0.9,0.0005,cuda,False,False,6,7,792,0.10765837132930756
random,1,results_adamw_lr0p001,results_adamw_lr0p001,small_cnn,adamw,10,128,20000,0.001,0.9,0.0005,cuda,False,False,6,8,793,0.023737074807286263
random,1,results_adamw_lr0p001,results_adamw_lr0p001,small_cnn,adamw,10,128,20000,0.001,0.9,0.0005,cuda,False,False,6,9,794,-0.25768500566482544
random,1,results_adamw_lr0p001,results_adamw_lr0p001,small_cnn,adamw,10,128,20000,0.001,0.9,0.0005,cuda,False,False,6,10,795,-0.37300291657447815
random,1,results_adamw_lr0p001,results_adamw_lr0p001,small_cnn,adamw,10,128,20000,0.001,0.9,0.0005,cuda,False,False,6,11,796,0.2719460129737854
random,1,results_adamw_lr0p001,results_adamw_lr0p001,small_cnn,adamw,10,128,20000,0.001,0.9,0.0005,cuda,False,False,6,12,797,0.27166393399238586
random,1,results_adamw_lr0p001,results_adamw_lr0p001,small_cnn,adamw,10,128,20000,0.001,0.9,0.0005,cuda,False,False,6,13,798,0.31066980957984924
random,1,results_adamw_lr0p001,results_adamw_lr0p001,small_cnn,adamw,10,128,20000,0.001,0.9,0.0005,cuda,False,False,6,14,799,0.4129398763179779
random,1,results_adamw_lr0p001,results_adamw_lr0p001,small_cnn,adamw,10,128,20000,0.001,0.9,0.0005,cuda,False,False,6,15,800,-0.39346304535865784
random,1,results_adamw_lr0p001,results_adamw_lr0p001,small_cnn,adamw,10,128,20000,0.001,0.9,0.0005,cuda,False,False,6,16,801,0.12347124516963959
random,1,results_adamw_lr0p001,results_adamw_lr0p001,small_cnn,adamw,10,128,20000,0.001,0.9,0.0005,cuda,False,False,6,17,802,0.4450962543487549
random,1,results_adamw_lr0p001,results_adamw_lr0p001,small_cnn,adamw,10,128,20000,0.001,0.9,0.0005,cuda,False,False,6,18,803,-0.6396914720535278
random,1,results_adamw_lr0p001,results_adamw_lr0p001,small_cnn,adamw,10,128,20000,0.001,0.9,0.0005,cuda,False,False,6,19,804,0.5548058748245239
random,1,results_adamw_lr0p001,results_adamw_lr0p001,small_cnn,adamw,10,128,20000,0.001,0.9,0.0005,cuda,False,False,6,20,805,0.48936155438423157
random,1,results_adamw_lr0p001,results_adamw_lr0p001,small_cnn,adamw,10,128,20000,0.001,0.9,0.0005,cuda,False,False,6,21,806,-0.1451113522052765
random,1,results_adamw_lr0p001,results_adamw_lr0p001,small_cnn,adamw,10,128,20000,0.001,0.9,0.0005,cuda,False,False,6,22,807,0.5205476880073547
random,1,results_adamw_lr0p001,results_adamw_lr0p001,small_cnn,adamw,10,128,20000,0.001,0.9,0.0005,cuda,False,False,6,23,808,0.25229331851005554
random,1,results_adamw_lr0p001,results_adamw_lr0p001,small_cnn,adamw,10,128,20000,0.001,0.9,0.0005,cuda,False,False,6,24,809,-0.3118894100189209
random,1,results_adamw_lr0p001,results_adamw_lr0p001,small_cnn,adamw,10,128,20000,0.001,0.9,0.0005,cuda,False,False,6,25,810,0.6214648485183716
random,1,results_adamw_lr0p001,results_adamw_lr0p001,small_cnn,adamw,10,128,20000,0.001,0.9,0.0005,cuda,False,False,6,26,811,0.19454903900623322
random,1,results_adamw_lr0p001,results_adamw_lr0p001,small_cnn,adamw,10,128,20000,0.001,0.9,0.0005,cuda,False,False,6,27,812,0.1798785924911499
random,1,results_adamw_lr0p001,results_adamw_lr0p001,small_cnn,adamw,10,128,20000,0.001,0.9,0.0005,cuda,False,False,6,28,813,0.6018109321594238
random,1,results_adamw_lr0p001,results_adamw_lr0p001,small_cnn,adamw,10,128,20000,0.001,0.9,0.0005,cuda,False,False,6,29,814,0.14810284972190857
random,1,results_adamw_lr0p001,results_adamw_lr0p001,small_cnn,adamw,10,128,20000,0.001,0.9,0.0005,cuda,False,False,6,30,815,-0.35655611753463745
random,1,results_adamw_lr0p001,results_adamw_lr0p001,small_cnn,adamw,10,128,20000,0.001,0.9,0.0005,cuda,False,False,6,31,816,0.44619110226631165
random,1,results_adamw_lr0p001,results_adamw_lr0p001,small_cnn,adamw,10,128,20000,0.001,0.9,0.0005,cuda,False,False,6,32,817,0.7805119752883911
random,1,results_adamw_lr0p001,results_adamw_lr0p001,small_cnn,adamw,10,128,20000,0.001,0.9,0.0005,cuda,False,False,6,33,818,0.9406485557556152
random,1,results_adamw_lr0p001,results_adamw_lr0p001,small_cnn,adamw,10,128,20000,0.001,0.9,0.0005,cuda,False,False,6,34,819,0.39366304874420166
random,1,results_adamw_lr0p001,results_adamw_lr0p001,small_cnn,adamw,10,128,20000,0.001,0.9,0.0005,cuda,False,False,6,35,820,-0.2906063497066498
random,1,results_adamw_lr0p001,results_adamw_lr0p001,small_cnn,adamw,10,128,20000,0.001,0.9,0.0005,cuda,False,False,6,36,821,0.9104697108268738
random,1,results_adamw_lr0p001,results_adamw_lr0p001,small_cnn,adamw,10,128,20000,0.001,0.9,0.0005,cuda,False,False,6,37,822,0.7134908437728882
random,1,results_adamw_lr0p001,results_adamw_lr0p001,small_cnn,adamw,10,128,20000,0.001,0.9,0.0005,cuda,False,False,6,38,823,0.5677273869514465
random,1,results_adamw_lr0p001,results_adamw_lr0p001,small_cnn,adamw,10,128,20000,0.001,0.9,0.0005,cuda,False,False,6,39,824,0.2484160214662552
random,1,results_adamw_lr0p001,results_adamw_lr0p001,small_cnn,adamw,10,128,20000,0.001,0.9,0.0005,cuda,False,False,6,40,825,0.11973623186349869
random,1,results_adamw_lr0p001,results_adamw_lr0p001,small_cnn,adamw,10,128,20000,0.001,0.9,0.0005,cuda,False,False,6,41,826,0.7380390167236328
random,1,results_adamw_lr0p001,results_adamw_lr0p001,small_cnn,adamw,10,128,20000,0.001,0.9,0.0005,cuda,False,False,6,42,827,0.5781394243240356
random,1,results_adamw_lr0p001,results_adamw_lr0p001,small_cnn,adamw,10,128,20000,0.001,0.9,0.0005,cuda,False,False,6,43,828,0.5180158019065857
random,1,results_adamw_lr0p001,results_adamw_lr0p001,small_cnn,adamw,10,128,20000,0.001,0.9,0.0005,cuda,False,False,6,44,829,0.567267894744873
random,1,results_adamw_lr0p001,results_adamw_lr0p001,small_cnn,adamw,10,128,20000,0.001,0.9,0.0005,cuda,False,False,6,45,830,0.2271873503923416
random,1,results_adamw_lr0p001,results_adamw_lr0p001,small_cnn,adamw,10,128,20000,0.001,0.9,0.0005,cuda,False,False,6,46,831,0.4731295108795166
random,1,results_adamw_lr0p001,results_adamw_lr0p001,small_cnn,adamw,10,128,20000,0.001,0.9,0.0005,cuda,False,False,6,47,832,0.4933883547782898
random,1,results_adamw_lr0p001,results_adamw_lr0p001,small_cnn,adamw,10,128,20000,0.001,0.9,0.0005,cuda,False,False,6,48,833,0.4246702790260315
random,1,results_adamw_lr0p001,results_adamw_lr0p001,small_cnn,adamw,10,128,20000,0.001,0.9,0.0005,cuda,False,False,6,49,834,0.02660827338695526
random,1,results_adamw_lr0p001,results_adamw_lr0p001,small_cnn,adamw,10,128,20000,0.001,0.9,0.0005,cuda,False,False,6,50,835,0.746816098690033
random,1,results_adamw_lr0p001,results_adamw_lr0p001,small_cnn,adamw,10,128,20000,0.001,0.9,0.0005,cuda,False,False,6,51,836,0.07888162136077881
random,1,results_adamw_lr0p001,results_adamw_lr0p001,small_cnn,adamw,10,128,20000,0.001,0.9,0.0005,cuda,False,False,6,52,837,0.22684775292873383
random,1,results_adamw_lr0p001,results_adamw_lr0p001,small_cnn,adamw,10,128,20000,0.001,0.9,0.0005,cuda,False,False,6,53,838,0.26014965772628784
random,1,results_adamw_lr0p001,results_adamw_lr0p001,small_cnn,adamw,10,128,20000,0.001,0.9,0.0005,cuda,False,False,6,54,839,0.5110398530960083
random,1,results_adamw_lr0p001,results_adamw_lr0p001,small_cnn,adamw,10,128,20000,0.001,0.9,0.0005,cuda,False,False,6,55,840,0.5968078374862671
random,1,results_adamw_lr0p001,results_adamw_lr0p001,small_cnn,adamw,10,128,20000,0.001,0.9,0.0005,cuda,False,False,6,56,841,0.536975622177124
random,1,results_adamw_lr0p001,results_adamw_lr0p001,small_cnn,adamw,10,128,20000,0.001,0.9,0.0005,cuda,False,False,6,57,842,0.23765334486961365
random,1,results_adamw_lr0p001,results_adamw_lr0p001,small_cnn,adamw,10,128,20000,0.001,0.9,0.0005,cuda,False,False,6,58,843,0.41388872265815735
random,1,results_adamw_lr0p001,results_adamw_lr0p001,small_cnn,adamw,10,128,20000,0.001,0.9,0.0005,cuda,False,False,6,59,844,0.6968472599983215
random,1,results_adamw_lr0p001,results_adamw_lr0p001,small_cnn,adamw,10,128,20000,0.001,0.9,0.0005,cuda,False,False,6,60,845,-0.5122861266136169
random,1,results_adamw_lr0p001,results_adamw_lr0p001,small_cnn,adamw,10,128,20000,0.001,0.9,0.0005,cuda,False,False,6,61,846,0.7840434312820435
random,1,results_adamw_lr0p001,results_adamw_lr0p001,small_cnn,adamw,10,128,20000,0.001,0.9,0.0005,cuda,False,False,6,62,847,0.6909904479980469
random,1,results_adamw_lr0p001,results_adamw_lr0p001,small_cnn,adamw,10,128,20000,0.001,0.9,0.0005,cuda,False,False,6,63,848,0.6861684322357178
random,1,results_adamw_lr0p001,results_adamw_lr0p001,small_cnn,adamw,10,128,20000,0.001,0.9,0.0005,cuda,False,False,6,64,849,0.016087017953395844
random,1,results_adamw_lr0p001,results_adamw_lr0p001,small_cnn,adamw,10,128,20000,0.001,0.9,0.0005,cuda,False,False,6,65,850,0.06879012286663055
random,1,results_adamw_lr0p001,results_adamw_lr0p001,small_cnn,adamw,10,128,20000,0.001,0.9,0.0005,cuda,False,False,6,66,851,0.4607169032096863
random,1,results_adamw_lr0p001,results_adamw_lr0p001,small_cnn,adamw,10,128,20000,0.001,0.9,0.0005,cuda,False,False,6,67,852,0.801414430141449
random,1,results_adamw_lr0p001,results_adamw_lr0p001,small_cnn,adamw,10,128,20000,0.001,0.9,0.0005,cuda,False,False,6,68,853,0.24544750154018402
random,1,results_adamw_lr0p001,results_adamw_lr0p001,small_cnn,adamw,10,128,20000,0.001,0.9,0.0005,cuda,False,False,6,69,854,0.4193657636642456
random,1,results_adamw_lr0p001,results_adamw_lr0p001,small_cnn,adamw,10,128,20000,0.001,0.9,0.0005,cuda,False,False,6,70,855,0.03940609470009804
random,1,results_adamw_lr0p001,results_adamw_lr0p001,small_cnn,adamw,10,128,20000,0.001,0.9,0.0005,cuda,False,False,6,71,856,0.5365290641784668
random,1,results_adamw_lr0p001,results_adamw_lr0p001,small_cnn,adamw,10,128,20000,0.001,0.9,0.0005,cuda,False,False,6,72,857,0.21012070775032043
random,1,results_adamw_lr0p001,results_adamw_lr0p001,small_cnn,adamw,10,128,20000,0.001,0.9,0.0005,cuda,False,False,6,73,858,0.5074573755264282
random,1,results_adamw_lr0p001,results_adamw_lr0p001,small_cnn,adamw,10,128,20000,0.001,0.9,0.0005,cuda,False,False,6,74,859,0.27906879782676697
random,1,results_adamw_lr0p001,results_adamw_lr0p001,small_cnn,adamw,10,128,20000,0.001,0.9,0.0005,cuda,False,False,6,75,860,0.7570339441299438
random,1,results_adamw_lr0p001,results_adamw_lr0p001,small_cnn,adamw,10,128,20000,0.001,0.9,0.0005,cuda,False,False,6,76,861,-0.3707782030105591
random,1,results_adamw_lr0p001,results_adamw_lr0p001,small_cnn,adamw,10,128,20000,0.001,0.9,0.0005,cuda,False,False,6,77,862,-0.09460602700710297
random,1,results_adamw_lr0p001,results_adamw_lr0p001,small_cnn,adamw,10,128,20000,0.001,0.9,0.0005,cuda,False,False,6,78,863,-0.31304267048835754
random,1,results_adamw_lr0p001,results_adamw_lr0p001,small_cnn,adamw,10,128,20000,0.001,0.9,0.0005,cuda,False,False,6,79,864,-0.14550048112869263
random,1,results_adamw_lr0p001,results_adamw_lr0p001,small_cnn,adamw,10,128,20000,0.001,0.9,0.0005,cuda,False,False,6,80,865,5.6133605539798737e-05
random,1,results_adamw_lr0p001,results_adamw_lr0p001,small_cnn,adamw,10,128,20000,0.001,0.9,0.0005,cuda,False,False,6,81,866,0.792165994644165
random,1,results_adamw_lr0p001,results_adamw_lr0p001,small_cnn,adamw,10,128,20000,0.001,0.9,0.0005,cuda,False,False,6,82,867,0.5554996728897095
random,1,results_adamw_lr0p001,results_adamw_lr0p001,small_cnn,adamw,10,128,20000,0.001,0.9,0.0005,cuda,False,False,6,83,868,-0.188017338514328
random,1,results_adamw_lr0p001,results_adamw_lr0p001,small_cnn,adamw,10,128,20000,0.001,0.9,0.0005,cuda,False,False,6,84,869,0.1747877448797226
random,1,results_adamw_lr0p001,results_adamw_lr0p001,small_cnn,adamw,10,128,20000,0.001,0.9,0.0005,cuda,False,False,6,85,870,-0.7302824258804321
random,1,results_adamw_lr0p001,results_adamw_lr0p001,small_cnn,adamw,10,128,20000,0.001,0.9,0.0005,cuda,False,False,6,86,871,0.7639786601066589
random,1,results_adamw_lr0p001,results_adamw_lr0p001,small_cnn,adamw,10,128,20000,0.001,0.9,0.0005,cuda,False,False,6,87,872,-0.07686423510313034
random,1,results_adamw_lr0p001,results_adamw_lr0p001,small_cnn,adamw,10,128,20000,0.001,0.9,0.0005,cuda,False,False,6,88,873,0.48722466826438904
random,1,results_adamw_lr0p001,results_adamw_lr0p001,small_cnn,adamw,10,128,20000,0.001,0.9,0.0005,cuda,False,False,6,89,874,-0.07492552697658539
random,1,results_adamw_lr0p001,results_adamw_lr0p001,small_cnn,adamw,10,128,20000,0.001,0.9,0.0005,cuda,False,False,6,90,875,-0.6008942127227783
random,1,results_adamw_lr0p001,results_adamw_lr0p001,small_cnn,adamw,10,128,20000,0.001,0.9,0.0005,cuda,False,False,6,91,876,0.2519015967845917
random,1,results_adamw_lr0p001,results_adamw_lr0p001,small_cnn,adamw,10,128,20000,0.001,0.9,0.0005,cuda,False,False,6,92,877,-0.15082968771457672
random,1,results_adamw_lr0p001,results_adamw_lr0p001,small_cnn,adamw,10,128,20000,0.001,0.9,0.0005,cuda,False,False,6,93,878,0.19564807415008545
random,1,results_adamw_lr0p001,results_adamw_lr0p001,small_cnn,adamw,10,128,20000,0.001,0.9,0.0005,cuda,False,False,6,94,879,0.4466618597507477
random,1,results_adamw_lr0p001,results_adamw_lr0p001,small_cnn,adamw,10,128,20000,0.001,0.9,0.0005,cuda,False,False,6,95,880,0.3311353623867035
random,1,results_adamw_lr0p001,results_adamw_lr0p001,small_cnn,adamw,10,128,20000,0.001,0.9,0.0005,cuda,False,False,6,96,881,-0.18889760971069336
random,1,results_adamw_lr0p001,results_adamw_lr0p001,small_cnn,adamw,10,128,20000,0.001,0.9,0.0005,cuda,False,False,6,97,882,-0.0948585718870163
random,1,results_adamw_lr0p001,results_adamw_lr0p001,small_cnn,adamw,10,128,20000,0.001,0.9,0.0005,cuda,False,False,6,98,883,-0.3450055718421936
random,1,results_adamw_lr0p001,results_adamw_lr0p001,small_cnn,adamw,10,128,20000,0.001,0.9,0.0005,cuda,False,False,6,99,884,0.7028977870941162
random,1,results_adamw_lr0p001,results_adamw_lr0p001,small_cnn,adamw,10,128,20000,0.001,0.9,0.0005,cuda,False,False,6,100,885,0.4738772511482239
random,1,results_adamw_lr0p001,results_adamw_lr0p001,small_cnn,adamw,10,128,20000,0.001,0.9,0.0005,cuda,False,False,6,101,886,0.6343038082122803
random,1,results_adamw_lr0p001,results_adamw_lr0p001,small_cnn,adamw,10,128,20000,0.001,0.9,0.0005,cuda,False,False,6,102,887,0.19662144780158997
random,1,results_adamw_lr0p001,results_adamw_lr0p001,small_cnn,adamw,10,128,20000,0.001,0.9,0.0005,cuda,False,False,6,103,888,0.30825522541999817
random,1,results_adamw_lr0p001,results_adamw_lr0p001,small_cnn,adamw,10,128,20000,0.001,0.9,0.0005,cuda,False,False,6,104,889,-0.25731703639030457
random,1,results_adamw_lr0p001,results_adamw_lr0p001,small_cnn,adamw,10,128,20000,0.001,0.9,0.0005,cuda,False,False,6,105,890,0.22028465569019318
random,1,results_adamw_lr0p001,results_adamw_lr0p001,small_cnn,adamw,10,128,20000,0.001,0.9,0.0005,cuda,False,False,6,106,891,0.3539230227470398
random,1,results_adamw_lr0p001,results_adamw_lr0p001,small_cnn,adamw,10,128,20000,0.001,0.9,0.0005,cuda,False,False,6,107,892,0.4750990867614746
random,1,results_adamw_lr0p001,results_adamw_lr0p001,small_cnn,adamw,10,128,20000,0.001,0.9,0.0005,cuda,False,False,6,108,893,0.4270205795764923
random,1,results_adamw_lr0p001,results_adamw_lr0p001,small_cnn,adamw,10,128,20000,0.001,0.9,0.0005,cuda,False,False,6,109,894,0.02869582176208496
random,1,results_adamw_lr0p001,results_adamw_lr0p001,small_cnn,adamw,10,128,20000,0.001,0.9,0.0005,cuda,False,False,6,110,895,0.333264023065567
random,1,results_adamw_lr0p001,results_adamw_lr0p001,small_cnn,adamw,10,128,20000,0.001,0.9,0.0005,cuda,False,False,6,111,896,-0.08011693507432938
random,1,results_adamw_lr0p001,results_adamw_lr0p001,small_cnn,adamw,10,128,20000,0.001,0.9,0.0005,cuda,False,False,6,112,897,-0.6340099573135376
random,1,results_adamw_lr0p001,results_adamw_lr0p001,small_cnn,adamw,10,128,20000,0.001,0.9,0.0005,cuda,False,False,6,113,898,0.512752115726471
random,1,results_adamw_lr0p001,results_adamw_lr0p001,small_cnn,adamw,10,128,20000,0.001,0.9,0.0005,cuda,False,False,6,114,899,-0.13478948175907135
random,1,results_adamw_lr0p001,results_adamw_lr0p001,small_cnn,adamw,10,128,20000,0.001,0.9,0.0005,cuda,False,False,6,115,900,-0.534267783164978
random,1,results_adamw_lr0p001,results_adamw_lr0p001,small_cnn,adamw,10,128,20000,0.001,0.9,0.0005,cuda,False,False,6,116,901,0.46693524718284607
random,1,results_adamw_lr0p001,results_adamw_lr0p001,small_cnn,adamw,10,128,20000,0.001,0.9,0.0005,cuda,False,False,6,117,902,0.5123976469039917
random,1,results_adamw_lr0p001,results_adamw_lr0p001,small_cnn,adamw,10,128,20000,0.001,0.9,0.0005,cuda,False,False,6,118,903,0.007286475505679846
random,1,results_adamw_lr0p001,results_adamw_lr0p001,small_cnn,adamw,10,128,20000,0.001,0.9,0.0005,cuda,False,False,6,119,904,0.33553993701934814
random,1,results_adamw_lr0p001,results_adamw_lr0p001,small_cnn,adamw,10,128,20000,0.001,0.9,0.0005,cuda,False,False,6,120,905,0.6888328194618225
random,1,results_adamw_lr0p001,results_adamw_lr0p001,small_cnn,adamw,10,128,20000,0.001,0.9,0.0005,cuda,False,False,6,121,906,0.4503850042819977
random,1,results_adamw_lr0p001,results_adamw_lr0p001,small_cnn,adamw,10,128,20000,0.001,0.9,0.0005,cuda,False,False,6,122,907,0.36377549171447754
random,1,results_adamw_lr0p001,results_adamw_lr0p001,small_cnn,adamw,10,128,20000,0.001,0.9,0.0005,cuda,False,False,6,123,908,-0.17137835919857025
random,1,results_adamw_lr0p001,results_adamw_lr0p001,small_cnn,adamw,10,128,20000,0.001,0.9,0.0005,cuda,False,False,6,124,909,0.8198752999305725
random,1,results_adamw_lr0p001,results_adamw_lr0p001,small_cnn,adamw,10,128,20000,0.001,0.9,0.0005,cuda,False,False,6,125,910,0.5078682899475098
random,1,results_adamw_lr0p001,results_adamw_lr0p001,small_cnn,adamw,10,128,20000,0.001,0.9,0.0005,cuda,False,False,6,126,911,0.3180345892906189
random,1,results_adamw_lr0p001,results_adamw_lr0p001,small_cnn,adamw,10,128,20000,0.001,0.9,0.0005,cuda,False,False,6,127,912,0.6191948056221008
random,1,results_adamw_lr0p001,results_adamw_lr0p001,small_cnn,adamw,10,128,20000,0.001,0.9,0.0005,cuda,False,False,6,128,913,-0.04033074900507927
random,1,results_adamw_lr0p001,results_adamw_lr0p001,small_cnn,adamw,10,128,20000,0.001,0.9,0.0005,cuda,False,False,6,129,914,-0.06922759860754013
random,1,results_adamw_lr0p001,results_adamw_lr0p001,small_cnn,adamw,10,128,20000,0.001,0.9,0.0005,cuda,False,False,6,130,915,0.4101337790489197
random,1,results_adamw_lr0p001,results_adamw_lr0p001,small_cnn,adamw,10,128,20000,0.001,0.9,0.0005,cuda,False,False,6,131,916,-0.20665434002876282
random,1,results_adamw_lr0p001,results_adamw_lr0p001,small_cnn,adamw,10,128,20000,0.001,0.9,0.0005,cuda,False,False,6,132,917,-0.1321493536233902
random,1,results_adamw_lr0p001,results_adamw_lr0p001,small_cnn,adamw,10,128,20000,0.001,0.9,0.0005,cuda,False,False,6,133,918,0.19997775554656982
random,1,results_adamw_lr0p001,results_adamw_lr0p001,small_cnn,adamw,10,128,20000,0.001,0.9,0.0005,cuda,False,False,6,134,919,-0.18162894248962402
random,1,results_adamw_lr0p001,results_adamw_lr0p001,small_cnn,adamw,10,128,20000,0.001,0.9,0.0005,cuda,False,False,6,135,920,0.34393179416656494
random,1,results_adamw_lr0p001,results_adamw_lr0p001,small_cnn,adamw,10,128,20000,0.001,0.9,0.0005,cuda,False,False,6,136,921,0.28332093358039856
random,1,results_adamw_lr0p001,results_adamw_lr0p001,small_cnn,adamw,10,128,20000,0.001,0.9,0.0005,cuda,False,False,6,137,922,0.6970025897026062
random,1,results_adamw_lr0p001,results_adamw_lr0p001,small_cnn,adamw,10,128,20000,0.001,0.9,0.0005,cuda,False,False,6,138,923,0.5740727186203003
random,1,results_adamw_lr0p001,results_adamw_lr0p001,small_cnn,adamw,10,128,20000,0.001,0.9,0.0005,cuda,False,False,6,139,924,0.003103190567344427
random,1,results_adamw_lr0p001,results_adamw_lr0p001,small_cnn,adamw,10,128,20000,0.001,0.9,0.0005,cuda,False,False,6,140,925,0.6428533792495728
random,1,results_adamw_lr0p001,results_adamw_lr0p001,small_cnn,adamw,10,128,20000,0.001,0.9,0.0005,cuda,False,False,6,141,926,0.5709354877471924
random,1,results_adamw_lr0p001,results_adamw_lr0p001,small_cnn,adamw,10,128,20000,0.001,0.9,0.0005,cuda,False,False,6,142,927,0.465973436832428
random,1,results_adamw_lr0p001,results_adamw_lr0p001,small_cnn,adamw,10,128,20000,0.001,0.9,0.0005,cuda,False,False,6,143,928,0.7522880434989929
random,1,results_adamw_lr0p001,results_adamw_lr0p001,small_cnn,adamw,10,128,20000,0.001,0.9,0.0005,cuda,False,False,6,144,929,-0.07796207070350647
random,1,results_adamw_lr0p001,results_adamw_lr0p001,small_cnn,adamw,10,128,20000,0.001,0.9,0.0005,cuda,False,False,6,145,930,0.17399762570858002
random,1,results_adamw_lr0p001,results_adamw_lr0p001,small_cnn,adamw,10,128,20000,0.001,0.9,0.0005,cuda,False,False,6,146,931,-0.300327330827713
random,1,results_adamw_lr0p001,results_adamw_lr0p001,small_cnn,adamw,10,128,20000,0.001,0.9,0.0005,cuda,False,False,6,147,932,0.4959198832511902
random,1,results_adamw_lr0p001,results_adamw_lr0p001,small_cnn,adamw,10,128,20000,0.001,0.9,0.0005,cuda,False,False,6,148,933,0.539582371711731
random,1,results_adamw_lr0p001,results_adamw_lr0p001,small_cnn,adamw,10,128,20000,0.001,0.9,0.0005,cuda,False,False,6,149,934,0.4423508644104004
random,1,results_adamw_lr0p001,results_adamw_lr0p001,small_cnn,adamw,10,128,20000,0.001,0.9,0.0005,cuda,False,False,6,150,935,0.5097066760063171
random,1,results_adamw_lr0p001,results_adamw_lr0p001,small_cnn,adamw,10,128,20000,0.001,0.9,0.0005,cuda,False,False,6,151,936,0.1247241273522377
random,1,results_adamw_lr0p001,results_adamw_lr0p001,small_cnn,adamw,10,128,20000,0.001,0.9,0.0005,cuda,False,False,6,152,937,-0.3527847230434418
random,1,results_adamw_lr0p001,results_adamw_lr0p001,small_cnn,adamw,10,128,20000,0.001,0.9,0.0005,cuda,False,False,6,153,938,0.44858795404434204
random,1,results_adamw_lr0p001,results_adamw_lr0p001,small_cnn,adamw,10,128,20000,0.001,0.9,0.0005,cuda,False,False,6,154,939,0.4248490631580353
random,1,results_adamw_lr0p001,results_adamw_lr0p001,small_cnn,adamw,10,128,20000,0.001,0.9,0.0005,cuda,False,False,6,155,940,0.37389126420021057
random,1,results_adamw_lr0p001,results_adamw_lr0p001,small_cnn,adamw,10,128,20000,0.001,0.9,0.0005,cuda,False,False,6,156,941,0.5430836081504822
random,1,results_adamw_lr0p001,results_adamw_lr0p001,small_cnn,adamw,10,128,20000,0.001,0.9,0.0005,cuda,False,False,6,157,942,-0.602698802947998
random,1,results_adamw_lr0p001,results_adamw_lr0p001,small_cnn,adamw,10,128,20000,0.001,0.9,0.0005,cuda,False,False,7,1,943,0.6886239647865295
random,1,results_adamw_lr0p001,results_adamw_lr0p001,small_cnn,adamw,10,128,20000,0.001,0.9,0.0005,cuda,False,False,7,2,944,-0.4533824324607849
random,1,results_adamw_lr0p001,results_adamw_lr0p001,small_cnn,adamw,10,128,20000,0.001,0.9,0.0005,cuda,False,False,7,3,945,-0.17565256357192993
random,1,results_adamw_lr0p001,results_adamw_lr0p001,small_cnn,adamw,10,128,20000,0.001,0.9,0.0005,cuda,False,False,7,4,946,-0.23356486856937408
random,1,results_adamw_lr0p001,results_adamw_lr0p001,small_cnn,adamw,10,128,20000,0.001,0.9,0.0005,cuda,False,False,7,5,947,0.15422751009464264
random,1,results_adamw_lr0p001,results_adamw_lr0p001,small_cnn,adamw,10,128,20000,0.001,0.9,0.0005,cuda,False,False,7,6,948,0.40832191705703735
random,1,results_adamw_lr0p001,results_adamw_lr0p001,small_cnn,adamw,10,128,20000,0.001,0.9,0.0005,cuda,False,False,7,7,949,0.3854116201400757
random,1,results_adamw_lr0p001,results_adamw_lr0p001,small_cnn,adamw,10,128,20000,0.001,0.9,0.0005,cuda,False,False,7,8,950,-0.18868587911128998
random,1,results_adamw_lr0p001,results_adamw_lr0p001,small_cnn,adamw,10,128,20000,0.001,0.9,0.0005,cuda,False,False,7,9,951,0.3364078104496002
random,1,results_adamw_lr0p001,results_adamw_lr0p001,small_cnn,adamw,10,128,20000,0.001,0.9,0.0005,cuda,False,False,7,10,952,0.31966692209243774
random,1,results_adamw_lr0p001,results_adamw_lr0p001,small_cnn,adamw,10,128,20000,0.001,0.9,0.0005,cuda,False,False,7,11,953,0.4986913800239563
random,1,results_adamw_lr0p001,results_adamw_lr0p001,small_cnn,adamw,10,128,20000,0.001,0.9,0.0005,cuda,False,False,7,12,954,0.0056516258046031
random,1,results_adamw_lr0p001,results_adamw_lr0p001,small_cnn,adamw,10,128,20000,0.001,0.9,0.0005,cuda,False,False,7,13,955,0.14686325192451477
random,1,results_adamw_lr0p001,results_adamw_lr0p001,small_cnn,adamw,10,128,20000,0.001,0.9,0.0005,cuda,False,False,7,14,956,-0.16690002381801605
random,1,results_adamw_lr0p001,results_adamw_lr0p001,small_cnn,adamw,10,128,20000,0.001,0.9,0.0005,cuda,False,False,7,15,957,-0.055709145963191986
random,1,results_adamw_lr0p001,results_adamw_lr0p001,small_cnn,adamw,10,128,20000,0.001,0.9,0.0005,cuda,False,False,7,16,958,-0.10036367177963257
random,1,results_adamw_lr0p001,results_adamw_lr0p001,small_cnn,adamw,10,128,20000,0.001,0.9,0.0005,cuda,False,False,7,17,959,-0.3770373463630676
random,1,results_adamw_lr0p001,results_adamw_lr0p001,small_cnn,adamw,10,128,20000,0.001,0.9,0.0005,cuda,False,False,7,18,960,0.6806350946426392
random,1,results_adamw_lr0p001,results_adamw_lr0p001,small_cnn,adamw,10,128,20000,0.001,0.9,0.0005,cuda,False,False,7,19,961,-0.028072403743863106
random,1,results_adamw_lr0p001,results_adamw_lr0p001,small_cnn,adamw,10,128,20000,0.001,0.9,0.0005,cuda,False,False,7,20,962,0.5492273569107056
random,1,results_adamw_lr0p001,results_adamw_lr0p001,small_cnn,adamw,10,128,20000,0.001,0.9,0.0005,cuda,False,False,7,21,963,0.39648956060409546
random,1,results_adamw_lr0p001,results_adamw_lr0p001,small_cnn,adamw,10,128,20000,0.001,0.9,0.0005,cuda,False,False,7,22,964,-0.3960479497909546
random,1,results_adamw_lr0p001,results_adamw_lr0p001,small_cnn,adamw,10,128,20000,0.001,0.9,0.0005,cuda,False,False,7,23,965,0.7240329384803772
random,1,results_adamw_lr0p001,results_adamw_lr0p001,small_cnn,adamw,10,128,20000,0.001,0.9,0.0005,cuda,False,False,7,24,966,0.5015735626220703
random,1,results_adamw_lr0p001,results_adamw_lr0p001,small_cnn,adamw,10,128,20000,0.001,0.9,0.0005,cuda,False,False,7,25,967,0.056911811232566833
random,1,results_adamw_lr0p001,results_adamw_lr0p001,small_cnn,adamw,10,128,20000,0.001,0.9,0.0005,cuda,False,False,7,26,968,-0.008348984643816948
random,1,results_adamw_lr0p001,results_adamw_lr0p001,small_cnn,adamw,10,128,20000,0.001,0.9,0.0005,cuda,False,False,7,27,969,0.5852876901626587
random,1,results_adamw_lr0p001,results_adamw_lr0p001,small_cnn,adamw,10,128,20000,0.001,0.9,0.0005,cuda,False,False,7,28,970,0.5645499229431152
random,1,results_adamw_lr0p001,results_adamw_lr0p001,small_cnn,adamw,10,128,20000,0.001,0.9,0.0005,cuda,False,False,7,29,971,-0.1110273078083992
random,1,results_adamw_lr0p001,results_adamw_lr0p001,small_cnn,adamw,10,128,20000,0.001,0.9,0.0005,cuda,False,False,7,30,972,0.06251835823059082
random,1,results_adamw_lr0p001,results_adamw_lr0p001,small_cnn,adamw,10,128,20000,0.001,0.9,0.0005,cuda,False,False,7,31,973,0.7365807890892029
random,1,results_adamw_lr0p001,results_adamw_lr0p001,small_cnn,adamw,10,128,20000,0.001,0.9,0.0005,cuda,False,False,7,32,974,0.32410553097724915
random,1,results_adamw_lr0p001,results_adamw_lr0p001,small_cnn,adamw,10,128,20000,0.001,0.9,0.0005,cuda,False,False,7,33,975,0.6443829536437988
random,1,results_adamw_lr0p001,results_adamw_lr0p001,small_cnn,adamw,10,128,20000,0.001,0.9,0.0005,cuda,False,False,7,34,976,0.09722504764795303
random,1,results_adamw_lr0p001,results_adamw_lr0p001,small_cnn,adamw,10,128,20000,0.001,0.9,0.0005,cuda,False,False,7,35,977,0.4488210678100586
random,1,results_adamw_lr0p001,results_adamw_lr0p001,small_cnn,adamw,10,128,20000,0.001,0.9,0.0005,cuda,False,False,7,36,978,0.36118167638778687
random,1,results_adamw_lr0p001,results_adamw_lr0p001,small_cnn,adamw,10,128,20000,0.001,0.9,0.0005,cuda,False,False,7,37,979,0.4288276731967926
random,1,results_adamw_lr0p001,results_adamw_lr0p001,small_cnn,adamw,10,128,20000,0.001,0.9,0.0005,cuda,False,False,7,38,980,0.08642362058162689
random,1,results_adamw_lr0p001,results_adamw_lr0p001,small_cnn,adamw,10,128,20000,0.001,0.9,0.0005,cuda,False,False,7,39,981,0.35089948773384094
random,1,results_adamw_lr0p001,results_adamw_lr0p001,small_cnn,adamw,10,128,20000,0.001,0.9,0.0005,cuda,False,False,7,40,982,0.8023861646652222
random,1,results_adamw_lr0p001,results_adamw_lr0p001,small_cnn,adamw,10,128,20000,0.001,0.9,0.0005,cuda,False,False,7,41,983,0.8937586545944214
random,1,results_adamw_lr0p001,results_adamw_lr0p001,small_cnn,adamw,10,128,20000,0.001,0.9,0.0005,cuda,False,False,7,42,984,-0.017701203003525734
random,1,results_adamw_lr0p001,results_adamw_lr0p001,small_cnn,adamw,10,128,20000,0.001,0.9,0.0005,cuda,False,False,7,43,985,0.5738906860351562
random,1,results_adamw_lr0p001,results_adamw_lr0p001,small_cnn,adamw,10,128,20000,0.001,0.9,0.0005,cuda,False,False,7,44,986,0.23039399087429047
random,1,results_adamw_lr0p001,results_adamw_lr0p001,small_cnn,adamw,10,128,20000,0.001,0.9,0.0005,cuda,False,False,7,45,987,0.8335840106010437
random,1,results_adamw_lr0p001,results_adamw_lr0p001,small_cnn,adamw,10,128,20000,0.001,0.9,0.0005,cuda,False,False,7,46,988,0.746746838092804
random,1,results_adamw_lr0p001,results_adamw_lr0p001,small_cnn,adamw,10,128,20000,0.001,0.9,0.0005,cuda,False,False,7,47,989,0.8010083436965942
random,1,results_adamw_lr0p001,results_adamw_lr0p001,small_cnn,adamw,10,128,20000,0.001,0.9,0.0005,cuda,False,False,7,48,990,0.4295445680618286
random,1,results_adamw_lr0p001,results_adamw_lr0p001,small_cnn,adamw,10,128,20000,0.001,0.9,0.0005,cuda,False,False,7,49,991,-0.5287322998046875
random,1,results_adamw_lr0p001,results_adamw_lr0p001,small_cnn,adamw,10,128,20000,0.001,0.9,0.0005,cuda,False,False,7,50,992,0.8200708627700806
random,1,results_adamw_lr0p001,results_adamw_lr0p001,small_cnn,adamw,10,128,20000,0.001,0.9,0.0005,cuda,False,False,7,51,993,-0.12400255352258682
random,1,results_adamw_lr0p001,results_adamw_lr0p001,small_cnn,adamw,10,128,20000,0.001,0.9,0.0005,cuda,False,False,7,52,994,0.5696744322776794
random,1,results_adamw_lr0p001,results_adamw_lr0p001,small_cnn,adamw,10,128,20000,0.001,0.9,0.0005,cuda,False,False,7,53,995,0.5412558317184448
random,1,results_adamw_lr0p001,results_adamw_lr0p001,small_cnn,adamw,10,128,20000,0.001,0.9,0.0005,cuda,False,False,7,54,996,0.7323405146598816
random,1,results_adamw_lr0p001,results_adamw_lr0p001,small_cnn,adamw,10,128,20000,0.001,0.9,0.0005,cuda,False,False,7,55,997,0.24803639948368073
random,1,results_adamw_lr0p001,results_adamw_lr0p001,small_cnn,adamw,10,128,20000,0.001,0.9,0.0005,cuda,False,False,7,56,998,0.10626453906297684
random,1,results_adamw_lr0p001,results_adamw_lr0p001,small_cnn,adamw,10,128,20000,0.001,0.9,0.0005,cuda,False,False,7,57,999,0.10892879962921143
random,1,results_adamw_lr0p001,results_adamw_lr0p001,small_cnn,adamw,10,128,20000,0.001,0.9,0.0005,cuda,False,False,7,58,1000,0.27117663621902466
random,1,results_adamw_lr0p001,results_adamw_lr0p001,small_cnn,adamw,10,128,20000,0.001,0.9,0.0005,cuda,False,False,7,59,1001,-0.33268189430236816
random,1,results_adamw_lr0p001,results_adamw_lr0p001,small_cnn,adamw,10,128,20000,0.001,0.9,0.0005,cuda,False,False,7,60,1002,0.545594334602356
random,1,results_adamw_lr0p001,results_adamw_lr0p001,small_cnn,adamw,10,128,20000,0.001,0.9,0.0005,cuda,False,False,7,61,1003,-0.12194838374853134
random,1,results_adamw_lr0p001,results_adamw_lr0p001,small_cnn,adamw,10,128,20000,0.001,0.9,0.0005,cuda,False,False,7,62,1004,0.25866466760635376
random,1,results_adamw_lr0p001,results_adamw_lr0p001,small_cnn,adamw,10,128,20000,0.001,0.9,0.0005,cuda,False,False,7,63,1005,-0.17290934920310974
random,1,results_adamw_lr0p001,results_adamw_lr0p001,small_cnn,adamw,10,128,20000,0.001,0.9,0.0005,cuda,False,False,7,64,1006,0.6179631352424622
random,1,results_adamw_lr0p001,results_adamw_lr0p001,small_cnn,adamw,10,128,20000,0.001,0.9,0.0005,cuda,False,False,7,65,1007,-0.3582737147808075
random,1,results_adamw_lr0p001,results_adamw_lr0p001,small_cnn,adamw,10,128,20000,0.001,0.9,0.0005,cuda,False,False,7,66,1008,-0.16729366779327393
random,1,results_adamw_lr0p001,results_adamw_lr0p001,small_cnn,adamw,10,128,20000,0.001,0.9,0.0005,cuda,False,False,7,67,1009,0.6175262331962585
random,1,results_adamw_lr0p001,results_adamw_lr0p001,small_cnn,adamw,10,128,20000,0.001,0.9,0.0005,cuda,False,False,7,68,1010,0.621209979057312
random,1,results_adamw_lr0p001,results_adamw_lr0p001,small_cnn,adamw,10,128,20000,0.001,0.9,0.0005,cuda,False,False,7,69,1011,-0.24396894872188568
random,1,results_adamw_lr0p001,results_adamw_lr0p001,small_cnn,adamw,10,128,20000,0.001,0.9,0.0005,cuda,False,False,7,70,1012,0.28326183557510376
random,1,results_adamw_lr0p001,results_adamw_lr0p001,small_cnn,adamw,10,128,20000,0.001,0.9,0.0005,cuda,False,False,7,71,1013,0.8482747077941895
random,1,results_adamw_lr0p001,results_adamw_lr0p001,small_cnn,adamw,10,128,20000,0.001,0.9,0.0005,cuda,False,False,7,72,1014,0.5573191046714783
random,1,results_adamw_lr0p001,results_adamw_lr0p001,small_cnn,adamw,10,128,20000,0.001,0.9,0.0005,cuda,False,False,7,73,1015,0.2912442684173584
random,1,results_adamw_lr0p001,results_adamw_lr0p001,small_cnn,adamw,10,128,20000,0.001,0.9,0.0005,cuda,False,False,7,74,1016,-0.4257330298423767
random,1,results_adamw_lr0p001,results_adamw_lr0p001,small_cnn,adamw,10,128,20000,0.001,0.9,0.0005,cuda,False,False,7,75,1017,0.42008182406425476
random,1,results_adamw_lr0p001,results_adamw_lr0p001,small_cnn,adamw,10,128,20000,0.001,0.9,0.0005,cuda,False,False,7,76,1018,0.46177563071250916
random,1,results_adamw_lr0p001,results_adamw_lr0p001,small_cnn,adamw,10,128,20000,0.001,0.9,0.0005,cuda,False,False,7,77,1019,-0.08476313203573227
random,1,results_adamw_lr0p001,results_adamw_lr0p001,small_cnn,adamw,10,128,20000,0.001,0.9,0.0005,cuda,False,False,7,78,1020,0.2306985706090927
random,1,results_adamw_lr0p001,results_adamw_lr0p001,small_cnn,adamw,10,128,20000,0.001,0.9,0.0005,cuda,False,False,7,79,1021,-0.3677416741847992
random,1,results_adamw_lr0p001,results_adamw_lr0p001,small_cnn,adamw,10,128,20000,0.001,0.9,0.0005,cuda,False,False,7,80,1022,0.06688187271356583
random,1,results_adamw_lr0p001,results_adamw_lr0p001,small_cnn,adamw,10,128,20000,0.001,0.9,0.0005,cuda,False,False,7,81,1023,-0.1398402601480484
random,1,results_adamw_lr0p001,results_adamw_lr0p001,small_cnn,adamw,10,128,20000,0.001,0.9,0.0005,cuda,False,False,7,82,1024,-0.21046584844589233
random,1,results_adamw_lr0p001,results_adamw_lr0p001,small_cnn,adamw,10,128,20000,0.001,0.9,0.0005,cuda,False,False,7,83,1025,0.13895884156227112
random,1,results_adamw_lr0p001,results_adamw_lr0p001,small_cnn,adamw,10,128,20000,0.001,0.9,0.0005,cuda,False,False,7,84,1026,-0.5294674038887024
random,1,results_adamw_lr0p001,results_adamw_lr0p001,small_cnn,adamw,10,128,20000,0.001,0.9,0.0005,cuda,False,False,7,85,1027,0.3836643695831299
random,1,results_adamw_lr0p001,results_adamw_lr0p001,small_cnn,adamw,10,128,20000,0.001,0.9,0.0005,cuda,False,False,7,86,1028,0.025693122297525406
random,1,results_adamw_lr0p001,results_adamw_lr0p001,small_cnn,adamw,10,128,20000,0.001,0.9,0.0005,cuda,False,False,7,87,1029,0.33835530281066895
random,1,results_adamw_lr0p001,results_adamw_lr0p001,small_cnn,adamw,10,128,20000,0.001,0.9,0.0005,cuda,False,False,7,88,1030,0.414602667093277
random,1,results_adamw_lr0p001,results_adamw_lr0p001,small_cnn,adamw,10,128,20000,0.001,0.9,0.0005,cuda,False,False,7,89,1031,0.09055554866790771
random,1,results_adamw_lr0p001,results_adamw_lr0p001,small_cnn,adamw,10,128,20000,0.001,0.9,0.0005,cuda,False,False,7,90,1032,-0.10233458131551743
random,1,results_adamw_lr0p001,results_adamw_lr0p001,small_cnn,adamw,10,128,20000,0.001,0.9,0.0005,cuda,False,False,7,91,1033,0.28510668873786926
random,1,results_adamw_lr0p001,results_adamw_lr0p001,small_cnn,adamw,10,128,20000,0.001,0.9,0.0005,cuda,False,False,7,92,1034,-0.09965702891349792
random,1,results_adamw_lr0p001,results_adamw_lr0p001,small_cnn,adamw,10,128,20000,0.001,0.9,0.0005,cuda,False,False,7,93,1035,-0.18231776356697083
random,1,results_adamw_lr0p001,results_adamw_lr0p001,small_cnn,adamw,10,128,20000,0.001,0.9,0.0005,cuda,False,False,7,94,1036,-0.14207644760608673
random,1,results_adamw_lr0p001,results_adamw_lr0p001,small_cnn,adamw,10,128,20000,0.001,0.9,0.0005,cuda,False,False,7,95,1037,0.25875067710876465
random,1,results_adamw_lr0p001,results_adamw_lr0p001,small_cnn,adamw,10,128,20000,0.001,0.9,0.0005,cuda,False,False,7,96,1038,0.45052415132522583
random,1,results_adamw_lr0p001,results_adamw_lr0p001,small_cnn,adamw,10,128,20000,0.001,0.9,0.0005,cuda,False,False,7,97,1039,-0.13693946599960327
random,1,results_adamw_lr0p001,results_adamw_lr0p001,small_cnn,adamw,10,128,20000,0.001,0.9,0.0005,cuda,False,False,7,98,1040,0.5477229952812195
random,1,results_adamw_lr0p001,results_adamw_lr0p001,small_cnn,adamw,10,128,20000,0.001,0.9,0.0005,cuda,False,False,7,99,1041,0.4364655017852783
random,1,results_adamw_lr0p001,results_adamw_lr0p001,small_cnn,adamw,10,128,20000,0.001,0.9,0.0005,cuda,False,False,7,100,1042,0.4967630207538605
random,1,results_adamw_lr0p001,results_adamw_lr0p001,small_cnn,adamw,10,128,20000,0.001,0.9,0.0005,cuda,False,False,7,101,1043,0.2982217073440552
random,1,results_adamw_lr0p001,results_adamw_lr0p001,small_cnn,adamw,10,128,20000,0.001,0.9,0.0005,cuda,False,False,7,102,1044,0.3803284168243408
random,1,results_adamw_lr0p001,results_adamw_lr0p001,small_cnn,adamw,10,128,20000,0.001,0.9,0.0005,cuda,False,False,7,103,1045,-0.15366530418395996
random,1,results_adamw_lr0p001,results_adamw_lr0p001,small_cnn,adamw,10,128,20000,0.001,0.9,0.0005,cuda,False,False,7,104,1046,0.30454719066619873
random,1,results_adamw_lr0p001,results_adamw_lr0p001,small_cnn,adamw,10,128,20000,0.001,0.9,0.0005,cuda,False,False,7,105,1047,0.21093569695949554
random,1,results_adamw_lr0p001,results_adamw_lr0p001,small_cnn,adamw,10,128,20000,0.001,0.9,0.0005,cuda,False,False,7,106,1048,-0.0901532769203186
random,1,results_adamw_lr0p001,results_adamw_lr0p001,small_cnn,adamw,10,128,20000,0.001,0.9,0.0005,cuda,False,False,7,107,1049,-0.1649833470582962
random,1,results_adamw_lr0p001,results_adamw_lr0p001,small_cnn,adamw,10,128,20000,0.001,0.9,0.0005,cuda,False,False,7,108,1050,0.21134808659553528
random,1,results_adamw_lr0p001,results_adamw_lr0p001,small_cnn,adamw,10,128,20000,0.001,0.9,0.0005,cuda,False,False,7,109,1051,-0.09665640443563461
random,1,results_adamw_lr0p001,results_adamw_lr0p001,small_cnn,adamw,10,128,20000,0.001,0.9,0.0005,cuda,False,False,7,110,1052,0.4000976085662842
random,1,results_adamw_lr0p001,results_adamw_lr0p001,small_cnn,adamw,10,128,20000,0.001,0.9,0.0005,cuda,False,False,7,111,1053,-0.04259299486875534
random,1,results_adamw_lr0p001,results_adamw_lr0p001,small_cnn,adamw,10,128,20000,0.001,0.9,0.0005,cuda,False,False,7,112,1054,0.2920537292957306
random,1,results_adamw_lr0p001,results_adamw_lr0p001,small_cnn,adamw,10,128,20000,0.001,0.9,0.0005,cuda,False,False,7,113,1055,0.37688758969306946
random,1,results_adamw_lr0p001,results_adamw_lr0p001,small_cnn,adamw,10,128,20000,0.001,0.9,0.0005,cuda,False,False,7,114,1056,-0.45832473039627075
random,1,results_adamw_lr0p001,results_adamw_lr0p001,small_cnn,adamw,10,128,20000,0.001,0.9,0.0005,cuda,False,False,7,115,1057,0.6213500499725342
random,1,results_adamw_lr0p001,results_adamw_lr0p001,small_cnn,adamw,10,128,20000,0.001,0.9,0.0005,cuda,False,False,7,116,1058,0.666267454624176
random,1,results_adamw_lr0p001,results_adamw_lr0p001,small_cnn,adamw,10,128,20000,0.001,0.9,0.0005,cuda,False,False,7,117,1059,0.5134510397911072
random,1,results_adamw_lr0p001,results_adamw_lr0p001,small_cnn,adamw,10,128,20000,0.001,0.9,0.0005,cuda,False,False,7,118,1060,0.12355591356754303
random,1,results_adamw_lr0p001,results_adamw_lr0p001,small_cnn,adamw,10,128,20000,0.001,0.9,0.0005,cuda,False,False,7,119,1061,0.46811527013778687
random,1,results_adamw_lr0p001,results_adamw_lr0p001,small_cnn,adamw,10,128,20000,0.001,0.9,0.0005,cuda,False,False,7,120,1062,0.8500075936317444
random,1,results_adamw_lr0p001,results_adamw_lr0p001,small_cnn,adamw,10,128,20000,0.001,0.9,0.0005,cuda,False,False,7,121,1063,-0.14496582746505737
random,1,results_adamw_lr0p001,results_adamw_lr0p001,small_cnn,adamw,10,128,20000,0.001,0.9,0.0005,cuda,False,False,7,122,1064,0.5075576305389404
random,1,results_adamw_lr0p001,results_adamw_lr0p001,small_cnn,adamw,10,128,20000,0.001,0.9,0.0005,cuda,False,False,7,123,1065,0.001784658059477806
random,1,results_adamw_lr0p001,results_adamw_lr0p001,small_cnn,adamw,10,128,20000,0.001,0.9,0.0005,cuda,False,False,7,124,1066,0.1736741065979004
random,1,results_adamw_lr0p001,results_adamw_lr0p001,small_cnn,adamw,10,128,20000,0.001,0.9,0.0005,cuda,False,False,7,125,1067,0.6680765748023987
random,1,results_adamw_lr0p001,results_adamw_lr0p001,small_cnn,adamw,10,128,20000,0.001,0.9,0.0005,cuda,False,False,7,126,1068,0.45029234886169434
random,1,results_adamw_lr0p001,results_adamw_lr0p001,small_cnn,adamw,10,128,20000,0.001,0.9,0.0005,cuda,False,False,7,127,1069,0.18869394063949585
random,1,results_adamw_lr0p001,results_adamw_lr0p001,small_cnn,adamw,10,128,20000,0.001,0.9,0.0005,cuda,False,False,7,128,1070,0.3557502329349518
random,1,results_adamw_lr0p001,results_adamw_lr0p001,small_cnn,adamw,10,128,20000,0.001,0.9,0.0005,cuda,False,False,7,129,1071,0.2519949674606323
random,1,results_adamw_lr0p001,results_adamw_lr0p001,small_cnn,adamw,10,128,20000,0.001,0.9,0.0005,cuda,False,False,7,130,1072,0.7694952487945557
random,1,results_adamw_lr0p001,results_adamw_lr0p001,small_cnn,adamw,10,128,20000,0.001,0.9,0.0005,cuda,False,False,7,131,1073,-0.03924551606178284
random,1,results_adamw_lr0p001,results_adamw_lr0p001,small_cnn,adamw,10,128,20000,0.001,0.9,0.0005,cuda,False,False,7,132,1074,0.07092978060245514
random,1,results_adamw_lr0p001,results_adamw_lr0p001,small_cnn,adamw,10,128,20000,0.001,0.9,0.0005,cuda,False,False,7,133,1075,0.7161961793899536
random,1,results_adamw_lr0p001,results_adamw_lr0p001,small_cnn,adamw,10,128,20000,0.001,0.9,0.0005,cuda,False,False,7,134,1076,-0.18317662179470062
random,1,results_adamw_lr0p001,results_adamw_lr0p001,small_cnn,adamw,10,128,20000,0.001,0.9,0.0005,cuda,False,False,7,135,1077,0.735622227191925
random,1,results_adamw_lr0p001,results_adamw_lr0p001,small_cnn,adamw,10,128,20000,0.001,0.9,0.0005,cuda,False,False,7,136,1078,0.5881329774856567
random,1,results_adamw_lr0p001,results_adamw_lr0p001,small_cnn,adamw,10,128,20000,0.001,0.9,0.0005,cuda,False,False,7,137,1079,0.6416093707084656
random,1,results_adamw_lr0p001,results_adamw_lr0p001,small_cnn,adamw,10,128,20000,0.001,0.9,0.0005,cuda,False,False,7,138,1080,0.2899492681026459
random,1,results_adamw_lr0p001,results_adamw_lr0p001,small_cnn,adamw,10,128,20000,0.001,0.9,0.0005,cuda,False,False,7,139,1081,0.12646174430847168
random,1,results_adamw_lr0p001,results_adamw_lr0p001,small_cnn,adamw,10,128,20000,0.001,0.9,0.0005,cuda,False,False,7,140,1082,-0.16689306497573853
random,1,results_adamw_lr0p001,results_adamw_lr0p001,small_cnn,adamw,10,128,20000,0.001,0.9,0.0005,cuda,False,False,7,141,1083,0.30298545956611633
random,1,results_adamw_lr0p001,results_adamw_lr0p001,small_cnn,adamw,10,128,20000,0.001,0.9,0.0005,cuda,False,False,7,142,1084,0.25989046692848206
random,1,results_adamw_lr0p001,results_adamw_lr0p001,small_cnn,adamw,10,128,20000,0.001,0.9,0.0005,cuda,False,False,7,143,1085,0.4230891466140747
random,1,results_adamw_lr0p001,results_adamw_lr0p001,small_cnn,adamw,10,128,20000,0.001,0.9,0.0005,cuda,False,False,7,144,1086,0.3639712333679199
random,1,results_adamw_lr0p001,results_adamw_lr0p001,small_cnn,adamw,10,128,20000,0.001,0.9,0.0005,cuda,False,False,7,145,1087,-0.07838381826877594
random,1,results_adamw_lr0p001,results_adamw_lr0p001,small_cnn,adamw,10,128,20000,0.001,0.9,0.0005,cuda,False,False,7,146,1088,0.20174507796764374
random,1,results_adamw_lr0p001,results_adamw_lr0p001,small_cnn,adamw,10,128,20000,0.001,0.9,0.0005,cuda,False,False,7,147,1089,0.8898036479949951
random,1,results_adamw_lr0p001,results_adamw_lr0p001,small_cnn,adamw,10,128,20000,0.001,0.9,0.0005,cuda,False,False,7,148,1090,0.8720254302024841
random,1,results_adamw_lr0p001,results_adamw_lr0p001,small_cnn,adamw,10,128,20000,0.001,0.9,0.0005,cuda,False,False,7,149,1091,-0.030337601900100708
random,1,results_adamw_lr0p001,results_adamw_lr0p001,small_cnn,adamw,10,128,20000,0.001,0.9,0.0005,cuda,False,False,7,150,1092,-0.09219148010015488
random,1,results_adamw_lr0p001,results_adamw_lr0p001,small_cnn,adamw,10,128,20000,0.001,0.9,0.0005,cuda,False,False,7,151,1093,0.34179848432540894
random,1,results_adamw_lr0p001,results_adamw_lr0p001,small_cnn,adamw,10,128,20000,0.001,0.9,0.0005,cuda,False,False,7,152,1094,0.17048273980617523
random,1,results_adamw_lr0p001,results_adamw_lr0p001,small_cnn,adamw,10,128,20000,0.001,0.9,0.0005,cuda,False,False,7,153,1095,0.6481371521949768
random,1,results_adamw_lr0p001,results_adamw_lr0p001,small_cnn,adamw,10,128,20000,0.001,0.9,0.0005,cuda,False,False,7,154,1096,0.837491512298584
random,1,results_adamw_lr0p001,results_adamw_lr0p001,small_cnn,adamw,10,128,20000,0.001,0.9,0.0005,cuda,False,False,7,155,1097,-0.17109712958335876
random,1,results_adamw_lr0p001,results_adamw_lr0p001,small_cnn,adamw,10,128,20000,0.001,0.9,0.0005,cuda,False,False,7,156,1098,0.5791490077972412
random,1,results_adamw_lr0p001,results_adamw_lr0p001,small_cnn,adamw,10,128,20000,0.001,0.9,0.0005,cuda,False,False,7,157,1099,0.39604371786117554
random,1,results_adamw_lr0p001,results_adamw_lr0p001,small_cnn,adamw,10,128,20000,0.001,0.9,0.0005,cuda,False,False,8,1,1100,0.36742234230041504
random,1,results_adamw_lr0p001,results_adamw_lr0p001,small_cnn,adamw,10,128,20000,0.001,0.9,0.0005,cuda,False,False,8,2,1101,0.2248273342847824
random,1,results_adamw_lr0p001,results_adamw_lr0p001,small_cnn,adamw,10,128,20000,0.001,0.9,0.0005,cuda,False,False,8,3,1102,0.21340781450271606
random,1,results_adamw_lr0p001,results_adamw_lr0p001,small_cnn,adamw,10,128,20000,0.001,0.9,0.0005,cuda,False,False,8,4,1103,0.2252458781003952
random,1,results_adamw_lr0p001,results_adamw_lr0p001,small_cnn,adamw,10,128,20000,0.001,0.9,0.0005,cuda,False,False,8,5,1104,0.06978385895490646
random,1,results_adamw_lr0p001,results_adamw_lr0p001,small_cnn,adamw,10,128,20000,0.001,0.9,0.0005,cuda,False,False,8,6,1105,0.1746460348367691
random,1,results_adamw_lr0p001,results_adamw_lr0p001,small_cnn,adamw,10,128,20000,0.001,0.9,0.0005,cuda,False,False,8,7,1106,0.09956313669681549
random,1,results_adamw_lr0p001,results_adamw_lr0p001,small_cnn,adamw,10,128,20000,0.001,0.9,0.0005,cuda,False,False,8,8,1107,0.05942889302968979
random,1,results_adamw_lr0p001,results_adamw_lr0p001,small_cnn,adamw,10,128,20000,0.001,0.9,0.0005,cuda,False,False,8,9,1108,0.6344850659370422
random,1,results_adamw_lr0p001,results_adamw_lr0p001,small_cnn,adamw,10,128,20000,0.001,0.9,0.0005,cuda,False,False,8,10,1109,0.382575660943985
random,1,results_adamw_lr0p001,results_adamw_lr0p001,small_cnn,adamw,10,128,20000,0.001,0.9,0.0005,cuda,False,False,8,11,1110,0.5327394008636475
random,1,results_adamw_lr0p001,results_adamw_lr0p001,small_cnn,adamw,10,128,20000,0.001,0.9,0.0005,cuda,False,False,8,12,1111,-0.5145319104194641
random,1,results_adamw_lr0p001,results_adamw_lr0p001,small_cnn,adamw,10,128,20000,0.001,0.9,0.0005,cuda,False,False,8,13,1112,0.5668637156486511
random,1,results_adamw_lr0p001,results_adamw_lr0p001,small_cnn,adamw,10,128,20000,0.001,0.9,0.0005,cuda,False,False,8,14,1113,0.7022272348403931
random,1,results_adamw_lr0p001,results_adamw_lr0p001,small_cnn,adamw,10,128,20000,0.001,0.9,0.0005,cuda,False,False,8,15,1114,0.26974180340766907
random,1,results_adamw_lr0p001,results_adamw_lr0p001,small_cnn,adamw,10,128,20000,0.001,0.9,0.0005,cuda,False,False,8,16,1115,0.16286161541938782
random,1,results_adamw_lr0p001,results_adamw_lr0p001,small_cnn,adamw,10,128,20000,0.001,0.9,0.0005,cuda,False,False,8,17,1116,0.2889742851257324
random,1,results_adamw_lr0p001,results_adamw_lr0p001,small_cnn,adamw,10,128,20000,0.001,0.9,0.0005,cuda,False,False,8,18,1117,-0.2911519408226013
random,1,results_adamw_lr0p001,results_adamw_lr0p001,small_cnn,adamw,10,128,20000,0.001,0.9,0.0005,cuda,False,False,8,19,1118,0.8343286514282227
random,1,results_adamw_lr0p001,results_adamw_lr0p001,small_cnn,adamw,10,128,20000,0.001,0.9,0.0005,cuda,False,False,8,20,1119,0.49111810326576233
random,1,results_adamw_lr0p001,results_adamw_lr0p001,small_cnn,adamw,10,128,20000,0.001,0.9,0.0005,cuda,False,False,8,21,1120,0.02091272920370102
random,1,results_adamw_lr0p001,results_adamw_lr0p001,small_cnn,adamw,10,128,20000,0.001,0.9,0.0005,cuda,False,False,8,22,1121,0.7799584865570068
random,1,results_adamw_lr0p001,results_adamw_lr0p001,small_cnn,adamw,10,128,20000,0.001,0.9,0.0005,cuda,False,False,8,23,1122,-0.028826599940657616
random,1,results_adamw_lr0p001,results_adamw_lr0p001,small_cnn,adamw,10,128,20000,0.001,0.9,0.0005,cuda,False,False,8,24,1123,0.5879020094871521
random,1,results_adamw_lr0p001,results_adamw_lr0p001,small_cnn,adamw,10,128,20000,0.001,0.9,0.0005,cuda,False,False,8,25,1124,0.6774806380271912
random,1,results_adamw_lr0p001,results_adamw_lr0p001,small_cnn,adamw,10,128,20000,0.001,0.9,0.0005,cuda,False,False,8,26,1125,0.7617676258087158
random,1,results_adamw_lr0p001,results_adamw_lr0p001,small_cnn,adamw,10,128,20000,0.001,0.9,0.0005,cuda,False,False,8,27,1126,0.8559156656265259
random,1,results_adamw_lr0p001,results_adamw_lr0p001,small_cnn,adamw,10,128,20000,0.001,0.9,0.0005,cuda,False,False,8,28,1127,-0.19184188544750214
random,1,results_adamw_lr0p001,results_adamw_lr0p001,small_cnn,adamw,10,128,20000,0.001,0.9,0.0005,cuda,False,False,8,29,1128,0.6822251081466675
random,1,results_adamw_lr0p001,results_adamw_lr0p001,small_cnn,adamw,10,128,20000,0.001,0.9,0.0005,cuda,False,False,8,30,1129,0.047971852123737335
random,1,results_adamw_lr0p001,results_adamw_lr0p001,small_cnn,adamw,10,128,20000,0.001,0.9,0.0005,cuda,False,False,8,31,1130,0.709710419178009
random,1,results_adamw_lr0p001,results_adamw_lr0p001,small_cnn,adamw,10,128,20000,0.001,0.9,0.0005,cuda,False,False,8,32,1131,0.5076900124549866
random,1,results_adamw_lr0p001,results_adamw_lr0p001,small_cnn,adamw,10,128,20000,0.001,0.9,0.0005,cuda,False,False,8,33,1132,-0.040223345160484314
random,1,results_adamw_lr0p001,results_adamw_lr0p001,small_cnn,adamw,10,128,20000,0.001,0.9,0.0005,cuda,False,False,8,34,1133,0.011627732776105404
random,1,results_adamw_lr0p001,results_adamw_lr0p001,small_cnn,adamw,10,128,20000,0.001,0.9,0.0005,cuda,False,False,8,35,1134,-0.21796448528766632
random,1,results_adamw_lr0p001,results_adamw_lr0p001,small_cnn,adamw,10,128,20000,0.001,0.9,0.0005,cuda,False,False,8,36,1135,0.31285563111305237
random,1,results_adamw_lr0p001,results_adamw_lr0p001,small_cnn,adamw,10,128,20000,0.001,0.9,0.0005,cuda,False,False,8,37,1136,0.8418095707893372
random,1,results_adamw_lr0p001,results_adamw_lr0p001,small_cnn,adamw,10,128,20000,0.001,0.9,0.0005,cuda,False,False,8,38,1137,0.7979662418365479
random,1,results_adamw_lr0p001,results_adamw_lr0p001,small_cnn,adamw,10,128,20000,0.001,0.9,0.0005,cuda,False,False,8,39,1138,0.8235056400299072
random,1,results_adamw_lr0p001,results_adamw_lr0p001,small_cnn,adamw,10,128,20000,0.001,0.9,0.0005,cuda,False,False,8,40,1139,-0.573003351688385
random,1,results_adamw_lr0p001,results_adamw_lr0p001,small_cnn,adamw,10,128,20000,0.001,0.9,0.0005,cuda,False,False,8,41,1140,0.6644288897514343
random,1,results_adamw_lr0p001,results_adamw_lr0p001,small_cnn,adamw,10,128,20000,0.001,0.9,0.0005,cuda,False,False,8,42,1141,0.6828506588935852
random,1,results_adamw_lr0p001,results_adamw_lr0p001,small_cnn,adamw,10,128,20000,0.001,0.9,0.0005,cuda,False,False,8,43,1142,0.6219666004180908
random,1,results_adamw_lr0p001,results_adamw_lr0p001,small_cnn,adamw,10,128,20000,0.001,0.9,0.0005,cuda,False,False,8,44,1143,0.2751047611236572
random,1,results_adamw_lr0p001,results_adamw_lr0p001,small_cnn,adamw,10,128,20000,0.001,0.9,0.0005,cuda,False,False,8,45,1144,-0.03279386833310127
random,1,results_adamw_lr0p001,results_adamw_lr0p001,small_cnn,adamw,10,128,20000,0.001,0.9,0.0005,cuda,False,False,8,46,1145,0.5390869379043579
random,1,results_adamw_lr0p001,results_adamw_lr0p001,small_cnn,adamw,10,128,20000,0.001,0.9,0.0005,cuda,False,False,8,47,1146,0.21490605175495148
random,1,results_adamw_lr0p001,results_adamw_lr0p001,small_cnn,adamw,10,128,20000,0.001,0.9,0.0005,cuda,False,False,8,48,1147,0.25695833563804626
random,1,results_adamw_lr0p001,results_adamw_lr0p001,small_cnn,adamw,10,128,20000,0.001,0.9,0.0005,cuda,False,False,8,49,1148,0.5464609861373901
random,1,results_adamw_lr0p001,results_adamw_lr0p001,small_cnn,adamw,10,128,20000,0.001,0.9,0.0005,cuda,False,False,8,50,1149,0.055438753217458725
random,1,results_adamw_lr0p001,results_adamw_lr0p001,small_cnn,adamw,10,128,20000,0.001,0.9,0.0005,cuda,False,False,8,51,1150,0.4364296495914459
random,1,results_adamw_lr0p001,results_adamw_lr0p001,small_cnn,adamw,10,128,20000,0.001,0.9,0.0005,cuda,False,False,8,52,1151,0.4685666263103485
random,1,results_adamw_lr0p001,results_adamw_lr0p001,small_cnn,adamw,10,128,20000,0.001,0.9,0.0005,cuda,False,False,8,53,1152,0.43949925899505615
random,1,results_adamw_lr0p001,results_adamw_lr0p001,small_cnn,adamw,10,128,20000,0.001,0.9,0.0005,cuda,False,False,8,54,1153,0.18508094549179077
random,1,results_adamw_lr0p001,results_adamw_lr0p001,small_cnn,adamw,10,128,20000,0.001,0.9,0.0005,cuda,False,False,8,55,1154,-0.22213588654994965
random,1,results_adamw_lr0p001,results_adamw_lr0p001,small_cnn,adamw,10,128,20000,0.001,0.9,0.0005,cuda,False,False,8,56,1155,0.402580201625824
random,1,results_adamw_lr0p001,results_adamw_lr0p001,small_cnn,adamw,10,128,20000,0.001,0.9,0.0005,cuda,False,False,8,57,1156,0.30330440402030945
random,1,results_adamw_lr0p001,results_adamw_lr0p001,small_cnn,adamw,10,128,20000,0.001,0.9,0.0005,cuda,False,False,8,58,1157,0.39399608969688416
random,1,results_adamw_lr0p001,results_adamw_lr0p001,small_cnn,adamw,10,128,20000,0.001,0.9,0.0005,cuda,False,False,8,59,1158,0.3242906928062439
random,1,results_adamw_lr0p001,results_adamw_lr0p001,small_cnn,adamw,10,128,20000,0.001,0.9,0.0005,cuda,False,False,8,60,1159,0.23744653165340424
random,1,results_adamw_lr0p001,results_adamw_lr0p001,small_cnn,adamw,10,128,20000,0.001,0.9,0.0005,cuda,False,False,8,61,1160,0.07188010215759277
random,1,results_adamw_lr0p001,results_adamw_lr0p001,small_cnn,adamw,10,128,20000,0.001,0.9,0.0005,cuda,False,False,8,62,1161,0.37821412086486816
random,1,results_adamw_lr0p001,results_adamw_lr0p001,small_cnn,adamw,10,128,20000,0.001,0.9,0.0005,cuda,False,False,8,63,1162,0.34568771719932556
random,1,results_adamw_lr0p001,results_adamw_lr0p001,small_cnn,adamw,10,128,20000,0.001,0.9,0.0005,cuda,False,False,8,64,1163,0.4936479926109314
random,1,results_adamw_lr0p001,results_adamw_lr0p001,small_cnn,adamw,10,128,20000,0.001,0.9,0.0005,cuda,False,False,8,65,1164,0.23706668615341187
random,1,results_adamw_lr0p001,results_adamw_lr0p001,small_cnn,adamw,10,128,20000,0.001,0.9,0.0005,cuda,False,False,8,66,1165,0.26259946823120117
random,1,results_adamw_lr0p001,results_adamw_lr0p001,small_cnn,adamw,10,128,20000,0.001,0.9,0.0005,cuda,False,False,8,67,1166,-0.11487547308206558
random,1,results_adamw_lr0p001,results_adamw_lr0p001,small_cnn,adamw,10,128,20000,0.001,0.9,0.0005,cuda,False,False,8,68,1167,0.6765657067298889
random,1,results_adamw_lr0p001,results_adamw_lr0p001,small_cnn,adamw,10,128,20000,0.001,0.9,0.0005,cuda,False,False,8,69,1168,-0.03068213164806366
random,1,results_adamw_lr0p001,results_adamw_lr0p001,small_cnn,adamw,10,128,20000,0.001,0.9,0.0005,cuda,False,False,8,70,1169,0.4656418561935425
random,1,results_adamw_lr0p001,results_adamw_lr0p001,small_cnn,adamw,10,128,20000,0.001,0.9,0.0005,cuda,False,False,8,71,1170,0.5146662592887878
random,1,results_adamw_lr0p001,results_adamw_lr0p001,small_cnn,adamw,10,128,20000,0.001,0.9,0.0005,cuda,False,False,8,72,1171,0.5080294013023376
random,1,results_adamw_lr0p001,results_adamw_lr0p001,small_cnn,adamw,10,128,20000,0.001,0.9,0.0005,cuda,False,False,8,73,1172,0.3475199341773987
random,1,results_adamw_lr0p001,results_adamw_lr0p001,small_cnn,adamw,10,128,20000,0.001,0.9,0.0005,cuda,False,False,8,74,1173,0.5484004020690918
random,1,results_adamw_lr0p001,results_adamw_lr0p001,small_cnn,adamw,10,128,20000,0.001,0.9,0.0005,cuda,False,False,8,75,1174,0.24509553611278534
random,1,results_adamw_lr0p001,results_adamw_lr0p001,small_cnn,adamw,10,128,20000,0.001,0.9,0.0005,cuda,False,False,8,76,1175,0.5604954361915588
random,1,results_adamw_lr0p001,results_adamw_lr0p001,small_cnn,adamw,10,128,20000,0.001,0.9,0.0005,cuda,False,False,8,77,1176,0.4719010889530182
random,1,results_adamw_lr0p001,results_adamw_lr0p001,small_cnn,adamw,10,128,20000,0.001,0.9,0.0005,cuda,False,False,8,78,1177,0.4713859260082245
random,1,results_adamw_lr0p001,results_adamw_lr0p001,small_cnn,adamw,10,128,20000,0.001,0.9,0.0005,cuda,False,False,8,79,1178,0.4229206442832947
random,1,results_adamw_lr0p001,results_adamw_lr0p001,small_cnn,adamw,10,128,20000,0.001,0.9,0.0005,cuda,False,False,8,80,1179,0.6191674470901489
random,1,results_adamw_lr0p001,results_adamw_lr0p001,small_cnn,adamw,10,128,20000,0.001,0.9,0.0005,cuda,False,False,8,81,1180,0.527420699596405
random,1,results_adamw_lr0p001,results_adamw_lr0p001,small_cnn,adamw,10,128,20000,0.001,0.9,0.0005,cuda,False,False,8,82,1181,0.5487118363380432
random,1,results_adamw_lr0p001,results_adamw_lr0p001,small_cnn,adamw,10,128,20000,0.001,0.9,0.0005,cuda,False,False,8,83,1182,-0.15872789919376373
random,1,results_adamw_lr0p001,results_adamw_lr0p001,small_cnn,adamw,10,128,20000,0.001,0.9,0.0005,cuda,False,False,8,84,1183,0.7073742151260376
random,1,results_adamw_lr0p001,results_adamw_lr0p001,small_cnn,adamw,10,128,20000,0.001,0.9,0.0005,cuda,False,False,8,85,1184,0.7980861663818359
random,1,results_adamw_lr0p001,results_adamw_lr0p001,small_cnn,adamw,10,128,20000,0.001,0.9,0.0005,cuda,False,False,8,86,1185,0.28773924708366394
random,1,results_adamw_lr0p001,results_adamw_lr0p001,small_cnn,adamw,10,128,20000,0.001,0.9,0.0005,cuda,False,False,8,87,1186,0.5560475587844849
random,1,results_adamw_lr0p001,results_adamw_lr0p001,small_cnn,adamw,10,128,20000,0.001,0.9,0.0005,cuda,False,False,8,88,1187,0.6615297794342041
random,1,results_adamw_lr0p001,results_adamw_lr0p001,small_cnn,adamw,10,128,20000,0.001,0.9,0.0005,cuda,False,False,8,89,1188,0.19492773711681366
random,1,results_adamw_lr0p001,results_adamw_lr0p001,small_cnn,adamw,10,128,20000,0.001,0.9,0.0005,cuda,False,False,8,90,1189,0.5063365697860718
random,1,results_adamw_lr0p001,results_adamw_lr0p001,small_cnn,adamw,10,128,20000,0.001,0.9,0.0005,cuda,False,False,8,91,1190,0.6551239490509033
random,1,results_adamw_lr0p001,results_adamw_lr0p001,small_cnn,adamw,10,128,20000,0.001,0.9,0.0005,cuda,False,False,8,92,1191,0.6255661249160767
random,1,results_adamw_lr0p001,results_adamw_lr0p001,small_cnn,adamw,10,128,20000,0.001,0.9,0.0005,cuda,False,False,8,93,1192,0.6351885795593262
random,1,results_adamw_lr0p001,results_adamw_lr0p001,small_cnn,adamw,10,128,20000,0.001,0.9,0.0005,cuda,False,False,8,94,1193,0.43670520186424255
random,1,results_adamw_lr0p001,results_adamw_lr0p001,small_cnn,adamw,10,128,20000,0.001,0.9,0.0005,cuda,False,False,8,95,1194,0.41160959005355835
random,1,results_adamw_lr0p001,results_adamw_lr0p001,small_cnn,adamw,10,128,20000,0.001,0.9,0.0005,cuda,False,False,8,96,1195,-0.01924774795770645
random,1,results_adamw_lr0p001,results_adamw_lr0p001,small_cnn,adamw,10,128,20000,0.001,0.9,0.0005,cuda,False,False,8,97,1196,0.5128817558288574
random,1,results_adamw_lr0p001,results_adamw_lr0p001,small_cnn,adamw,10,128,20000,0.001,0.9,0.0005,cuda,False,False,8,98,1197,0.35215139389038086
random,1,results_adamw_lr0p001,results_adamw_lr0p001,small_cnn,adamw,10,128,20000,0.001,0.9,0.0005,cuda,False,False,8,99,1198,0.11751210689544678
random,1,results_adamw_lr0p001,results_adamw_lr0p001,small_cnn,adamw,10,128,20000,0.001,0.9,0.0005,cuda,False,False,8,100,1199,-0.10783619433641434
random,1,results_adamw_lr0p001,results_adamw_lr0p001,small_cnn,adamw,10,128,20000,0.001,0.9,0.0005,cuda,False,False,8,101,1200,-0.0329209603369236
random,1,results_adamw_lr0p001,results_adamw_lr0p001,small_cnn,adamw,10,128,20000,0.001,0.9,0.0005,cuda,False,False,8,102,1201,0.370451420545578
random,1,results_adamw_lr0p001,results_adamw_lr0p001,small_cnn,adamw,10,128,20000,0.001,0.9,0.0005,cuda,False,False,8,103,1202,0.7196213006973267
random,1,results_adamw_lr0p001,results_adamw_lr0p001,small_cnn,adamw,10,128,20000,0.001,0.9,0.0005,cuda,False,False,8,104,1203,0.5547717213630676
random,1,results_adamw_lr0p001,results_adamw_lr0p001,small_cnn,adamw,10,128,20000,0.001,0.9,0.0005,cuda,False,False,8,105,1204,-0.0825161263346672
random,1,results_adamw_lr0p001,results_adamw_lr0p001,small_cnn,adamw,10,128,20000,0.001,0.9,0.0005,cuda,False,False,8,106,1205,0.19542472064495087
random,1,results_adamw_lr0p001,results_adamw_lr0p001,small_cnn,adamw,10,128,20000,0.001,0.9,0.0005,cuda,False,False,8,107,1206,0.012929221615195274
random,1,results_adamw_lr0p001,results_adamw_lr0p001,small_cnn,adamw,10,128,20000,0.001,0.9,0.0005,cuda,False,False,8,108,1207,0.06354422867298126
random,1,results_adamw_lr0p001,results_adamw_lr0p001,small_cnn,adamw,10,128,20000,0.001,0.9,0.0005,cuda,False,False,8,109,1208,0.6642047166824341
random,1,results_adamw_lr0p001,results_adamw_lr0p001,small_cnn,adamw,10,128,20000,0.001,0.9,0.0005,cuda,False,False,8,110,1209,0.8010789155960083
random,1,results_adamw_lr0p001,results_adamw_lr0p001,small_cnn,adamw,10,128,20000,0.001,0.9,0.0005,cuda,False,False,8,111,1210,0.4512426257133484
random,1,results_adamw_lr0p001,results_adamw_lr0p001,small_cnn,adamw,10,128,20000,0.001,0.9,0.0005,cuda,False,False,8,112,1211,-0.04276807978749275
random,1,results_adamw_lr0p001,results_adamw_lr0p001,small_cnn,adamw,10,128,20000,0.001,0.9,0.0005,cuda,False,False,8,113,1212,0.8355315923690796
random,1,results_adamw_lr0p001,results_adamw_lr0p001,small_cnn,adamw,10,128,20000,0.001,0.9,0.0005,cuda,False,False,8,114,1213,0.19170798361301422
random,1,results_adamw_lr0p001,results_adamw_lr0p001,small_cnn,adamw,10,128,20000,0.001,0.9,0.0005,cuda,False,False,8,115,1214,0.4514908492565155
random,1,results_adamw_lr0p001,results_adamw_lr0p001,small_cnn,adamw,10,128,20000,0.001,0.9,0.0005,cuda,False,False,8,116,1215,0.13805115222930908
random,1,results_adamw_lr0p001,results_adamw_lr0p001,small_cnn,adamw,10,128,20000,0.001,0.9,0.0005,cuda,False,False,8,117,1216,0.28518038988113403
random,1,results_adamw_lr0p001,results_adamw_lr0p001,small_cnn,adamw,10,128,20000,0.001,0.9,0.0005,cuda,False,False,8,118,1217,0.24210992455482483
random,1,results_adamw_lr0p001,results_adamw_lr0p001,small_cnn,adamw,10,128,20000,0.001,0.9,0.0005,cuda,False,False,8,119,1218,0.8623954653739929
random,1,results_adamw_lr0p001,results_adamw_lr0p001,small_cnn,adamw,10,128,20000,0.001,0.9,0.0005,cuda,False,False,8,120,1219,0.3481297492980957
random,1,results_adamw_lr0p001,results_adamw_lr0p001,small_cnn,adamw,10,128,20000,0.001,0.9,0.0005,cuda,False,False,8,121,1220,0.12751227617263794
random,1,results_adamw_lr0p001,results_adamw_lr0p001,small_cnn,adamw,10,128,20000,0.001,0.9,0.0005,cuda,False,False,8,122,1221,0.08427407592535019
random,1,results_adamw_lr0p001,results_adamw_lr0p001,small_cnn,adamw,10,128,20000,0.001,0.9,0.0005,cuda,False,False,8,123,1222,0.428387850522995
random,1,results_adamw_lr0p001,results_adamw_lr0p001,small_cnn,adamw,10,128,20000,0.001,0.9,0.0005,cuda,False,False,8,124,1223,-0.2720124125480652
random,1,results_adamw_lr0p001,results_adamw_lr0p001,small_cnn,adamw,10,128,20000,0.001,0.9,0.0005,cuda,False,False,8,125,1224,0.3103613555431366
random,1,results_adamw_lr0p001,results_adamw_lr0p001,small_cnn,adamw,10,128,20000,0.001,0.9,0.0005,cuda,False,False,8,126,1225,0.47886693477630615
random,1,results_adamw_lr0p001,results_adamw_lr0p001,small_cnn,adamw,10,128,20000,0.001,0.9,0.0005,cuda,False,False,8,127,1226,0.16788259148597717
random,1,results_adamw_lr0p001,results_adamw_lr0p001,small_cnn,adamw,10,128,20000,0.001,0.9,0.0005,cuda,False,False,8,128,1227,0.7043522596359253
random,1,results_adamw_lr0p001,results_adamw_lr0p001,small_cnn,adamw,10,128,20000,0.001,0.9,0.0005,cuda,False,False,8,129,1228,-0.09025190025568008
random,1,results_adamw_lr0p001,results_adamw_lr0p001,small_cnn,adamw,10,128,20000,0.001,0.9,0.0005,cuda,False,False,8,130,1229,0.08315785229206085
random,1,results_adamw_lr0p001,results_adamw_lr0p001,small_cnn,adamw,10,128,20000,0.001,0.9,0.0005,cuda,False,False,8,131,1230,-0.02514975145459175
random,1,results_adamw_lr0p001,results_adamw_lr0p001,small_cnn,adamw,10,128,20000,0.001,0.9,0.0005,cuda,False,False,8,132,1231,-0.38187235593795776
random,1,results_adamw_lr0p001,results_adamw_lr0p001,small_cnn,adamw,10,128,20000,0.001,0.9,0.0005,cuda,False,False,8,133,1232,-0.4072345793247223
random,1,results_adamw_lr0p001,results_adamw_lr0p001,small_cnn,adamw,10,128,20000,0.001,0.9,0.0005,cuda,False,False,8,134,1233,0.5756692886352539
random,1,results_adamw_lr0p001,results_adamw_lr0p001,small_cnn,adamw,10,128,20000,0.001,0.9,0.0005,cuda,False,False,8,135,1234,0.53500896692276
random,1,results_adamw_lr0p001,results_adamw_lr0p001,small_cnn,adamw,10,128,20000,0.001,0.9,0.0005,cuda,False,False,8,136,1235,0.5135831832885742
random,1,results_adamw_lr0p001,results_adamw_lr0p001,small_cnn,adamw,10,128,20000,0.001,0.9,0.0005,cuda,False,False,8,137,1236,-0.07255381345748901
random,1,results_adamw_lr0p001,results_adamw_lr0p001,small_cnn,adamw,10,128,20000,0.001,0.9,0.0005,cuda,False,False,8,138,1237,0.47307074069976807
random,1,results_adamw_lr0p001,results_adamw_lr0p001,small_cnn,adamw,10,128,20000,0.001,0.9,0.0005,cuda,False,False,8,139,1238,0.3812260031700134
random,1,results_adamw_lr0p001,results_adamw_lr0p001,small_cnn,adamw,10,128,20000,0.001,0.9,0.0005,cuda,False,False,8,140,1239,0.21196512877941132
random,1,results_adamw_lr0p001,results_adamw_lr0p001,small_cnn,adamw,10,128,20000,0.001,0.9,0.0005,cuda,False,False,8,141,1240,0.19928403198719025
random,1,results_adamw_lr0p001,results_adamw_lr0p001,small_cnn,adamw,10,128,20000,0.001,0.9,0.0005,cuda,False,False,8,142,1241,0.02732722833752632
random,1,results_adamw_lr0p001,results_adamw_lr0p001,small_cnn,adamw,10,128,20000,0.001,0.9,0.0005,cuda,False,False,8,143,1242,0.0307576023042202
random,1,results_adamw_lr0p001,results_adamw_lr0p001,small_cnn,adamw,10,128,20000,0.001,0.9,0.0005,cuda,False,False,8,144,1243,-0.43477392196655273
random,1,results_adamw_lr0p001,results_adamw_lr0p001,small_cnn,adamw,10,128,20000,0.001,0.9,0.0005,cuda,False,False,8,145,1244,0.17891082167625427
random,1,results_adamw_lr0p001,results_adamw_lr0p001,small_cnn,adamw,10,128,20000,0.001,0.9,0.0005,cuda,False,False,8,146,1245,0.1570534110069275
random,1,results_adamw_lr0p001,results_adamw_lr0p001,small_cnn,adamw,10,128,20000,0.001,0.9,0.0005,cuda,False,False,8,147,1246,0.24962101876735687
random,1,results_adamw_lr0p001,results_adamw_lr0p001,small_cnn,adamw,10,128,20000,0.001,0.9,0.0005,cuda,False,False,8,148,1247,-0.2927123010158539
random,1,results_adamw_lr0p001,results_adamw_lr0p001,small_cnn,adamw,10,128,20000,0.001,0.9,0.0005,cuda,False,False,8,149,1248,0.3590078353881836
random,1,results_adamw_lr0p001,results_adamw_lr0p001,small_cnn,adamw,10,128,20000,0.001,0.9,0.0005,cuda,False,False,8,150,1249,0.44862064719200134
random,1,results_adamw_lr0p001,results_adamw_lr0p001,small_cnn,adamw,10,128,20000,0.001,0.9,0.0005,cuda,False,False,8,151,1250,-0.07994620501995087
random,1,results_adamw_lr0p001,results_adamw_lr0p001,small_cnn,adamw,10,128,20000,0.001,0.9,0.0005,cuda,False,False,8,152,1251,0.013238989748060703
random,1,results_adamw_lr0p001,results_adamw_lr0p001,small_cnn,adamw,10,128,20000,0.001,0.9,0.0005,cuda,False,False,8,153,1252,0.5198847651481628
random,1,results_adamw_lr0p001,results_adamw_lr0p001,small_cnn,adamw,10,128,20000,0.001,0.9,0.0005,cuda,False,False,8,154,1253,0.2615770399570465
random,1,results_adamw_lr0p001,results_adamw_lr0p001,small_cnn,adamw,10,128,20000,0.001,0.9,0.0005,cuda,False,False,8,155,1254,-0.04713244363665581
random,1,results_adamw_lr0p001,results_adamw_lr0p001,small_cnn,adamw,10,128,20000,0.001,0.9,0.0005,cuda,False,False,8,156,1255,0.0075363777577877045
random,1,results_adamw_lr0p001,results_adamw_lr0p001,small_cnn,adamw,10,128,20000,0.001,0.9,0.0005,cuda,False,False,8,157,1256,-0.2887173295021057
random,1,results_adamw_lr0p001,results_adamw_lr0p001,small_cnn,adamw,10,128,20000,0.001,0.9,0.0005,cuda,False,False,9,1,1257,0.13908882439136505
random,1,results_adamw_lr0p001,results_adamw_lr0p001,small_cnn,adamw,10,128,20000,0.001,0.9,0.0005,cuda,False,False,9,2,1258,0.45479533076286316
random,1,results_adamw_lr0p001,results_adamw_lr0p001,small_cnn,adamw,10,128,20000,0.001,0.9,0.0005,cuda,False,False,9,3,1259,-0.07577149569988251
random,1,results_adamw_lr0p001,results_adamw_lr0p001,small_cnn,adamw,10,128,20000,0.001,0.9,0.0005,cuda,False,False,9,4,1260,0.32235467433929443
random,1,results_adamw_lr0p001,results_adamw_lr0p001,small_cnn,adamw,10,128,20000,0.001,0.9,0.0005,cuda,False,False,9,5,1261,0.07923547923564911
random,1,results_adamw_lr0p001,results_adamw_lr0p001,small_cnn,adamw,10,128,20000,0.001,0.9,0.0005,cuda,False,False,9,6,1262,0.6406214833259583
random,1,results_adamw_lr0p001,results_adamw_lr0p001,small_cnn,adamw,10,128,20000,0.001,0.9,0.0005,cuda,False,False,9,7,1263,0.07013936340808868
random,1,results_adamw_lr0p001,results_adamw_lr0p001,small_cnn,adamw,10,128,20000,0.001,0.9,0.0005,cuda,False,False,9,8,1264,0.15487658977508545
random,1,results_adamw_lr0p001,results_adamw_lr0p001,small_cnn,adamw,10,128,20000,0.001,0.9,0.0005,cuda,False,False,9,9,1265,0.2203628271818161
random,1,results_adamw_lr0p001,results_adamw_lr0p001,small_cnn,adamw,10,128,20000,0.001,0.9,0.0005,cuda,False,False,9,10,1266,0.07156073302030563
random,1,results_adamw_lr0p001,results_adamw_lr0p001,small_cnn,adamw,10,128,20000,0.001,0.9,0.0005,cuda,False,False,9,11,1267,0.4018135070800781
random,1,results_adamw_lr0p001,results_adamw_lr0p001,small_cnn,adamw,10,128,20000,0.001,0.9,0.0005,cuda,False,False,9,12,1268,0.5184245705604553
random,1,results_adamw_lr0p001,results_adamw_lr0p001,small_cnn,adamw,10,128,20000,0.001,0.9,0.0005,cuda,False,False,9,13,1269,0.403354287147522
random,1,results_adamw_lr0p001,results_adamw_lr0p001,small_cnn,adamw,10,128,20000,0.001,0.9,0.0005,cuda,False,False,9,14,1270,0.8575777411460876
random,1,results_adamw_lr0p001,results_adamw_lr0p001,small_cnn,adamw,10,128,20000,0.001,0.9,0.0005,cuda,False,False,9,15,1271,0.401066392660141
random,1,results_adamw_lr0p001,results_adamw_lr0p001,small_cnn,adamw,10,128,20000,0.001,0.9,0.0005,cuda,False,False,9,16,1272,0.2690531611442566
random,1,results_adamw_lr0p001,results_adamw_lr0p001,small_cnn,adamw,10,128,20000,0.001,0.9,0.0005,cuda,False,False,9,17,1273,0.6443565487861633
random,1,results_adamw_lr0p001,results_adamw_lr0p001,small_cnn,adamw,10,128,20000,0.001,0.9,0.0005,cuda,False,False,9,18,1274,0.6929181218147278
random,1,results_adamw_lr0p001,results_adamw_lr0p001,small_cnn,adamw,10,128,20000,0.001,0.9,0.0005,cuda,False,False,9,19,1275,0.2040233463048935
random,1,results_adamw_lr0p001,results_adamw_lr0p001,small_cnn,adamw,10,128,20000,0.001,0.9,0.0005,cuda,False,False,9,20,1276,0.3022123873233795
random,1,results_adamw_lr0p001,results_adamw_lr0p001,small_cnn,adamw,10,128,20000,0.001,0.9,0.0005,cuda,False,False,9,21,1277,0.5201606154441833
random,1,results_adamw_lr0p001,results_adamw_lr0p001,small_cnn,adamw,10,128,20000,0.001,0.9,0.0005,cuda,False,False,9,22,1278,0.33643680810928345
random,1,results_adamw_lr0p001,results_adamw_lr0p001,small_cnn,adamw,10,128,20000,0.001,0.9,0.0005,cuda,False,False,9,23,1279,-0.15623213350772858
random,1,results_adamw_lr0p001,results_adamw_lr0p001,small_cnn,adamw,10,128,20000,0.001,0.9,0.0005,cuda,False,False,9,24,1280,0.374397873878479
random,1,results_adamw_lr0p001,results_adamw_lr0p001,small_cnn,adamw,10,128,20000,0.001,0.9,0.0005,cuda,False,False,9,25,1281,0.2796998918056488
random,1,results_adamw_lr0p001,results_adamw_lr0p001,small_cnn,adamw,10,128,20000,0.001,0.9,0.0005,cuda,False,False,9,26,1282,0.0934043750166893
random,1,results_adamw_lr0p001,results_adamw_lr0p001,small_cnn,adamw,10,128,20000,0.001,0.9,0.0005,cuda,False,False,9,27,1283,0.5470673441886902
random,1,results_adamw_lr0p001,results_adamw_lr0p001,small_cnn,adamw,10,128,20000,0.001,0.9,0.0005,cuda,False,False,9,28,1284,0.22239713370800018
random,1,results_adamw_lr0p001,results_adamw_lr0p001,small_cnn,adamw,10,128,20000,0.001,0.9,0.0005,cuda,False,False,9,29,1285,0.4865682125091553
random,1,results_adamw_lr0p001,results_adamw_lr0p001,small_cnn,adamw,10,128,20000,0.001,0.9,0.0005,cuda,False,False,9,30,1286,0.6126218438148499
random,1,results_adamw_lr0p001,results_adamw_lr0p001,small_cnn,adamw,10,128,20000,0.001,0.9,0.0005,cuda,False,False,9,31,1287,-0.2899041771888733
random,1,results_adamw_lr0p001,results_adamw_lr0p001,small_cnn,adamw,10,128,20000,0.001,0.9,0.0005,cuda,False,False,9,32,1288,0.19179865717887878
random,1,results_adamw_lr0p001,results_adamw_lr0p001,small_cnn,adamw,10,128,20000,0.001,0.9,0.0005,cuda,False,False,9,33,1289,0.7073774337768555
random,1,results_adamw_lr0p001,results_adamw_lr0p001,small_cnn,adamw,10,128,20000,0.001,0.9,0.0005,cuda,False,False,9,34,1290,0.42111849784851074
random,1,results_adamw_lr0p001,results_adamw_lr0p001,small_cnn,adamw,10,128,20000,0.001,0.9,0.0005,cuda,False,False,9,35,1291,0.7237277030944824
random,1,results_adamw_lr0p001,results_adamw_lr0p001,small_cnn,adamw,10,128,20000,0.001,0.9,0.0005,cuda,False,False,9,36,1292,0.2227494865655899
random,1,results_adamw_lr0p001,results_adamw_lr0p001,small_cnn,adamw,10,128,20000,0.001,0.9,0.0005,cuda,False,False,9,37,1293,0.03769146651029587
random,1,results_adamw_lr0p001,results_adamw_lr0p001,small_cnn,adamw,10,128,20000,0.001,0.9,0.0005,cuda,False,False,9,38,1294,0.17084787786006927
random,1,results_adamw_lr0p001,results_adamw_lr0p001,small_cnn,adamw,10,128,20000,0.001,0.9,0.0005,cuda,False,False,9,39,1295,0.5062386393547058
random,1,results_adamw_lr0p001,results_adamw_lr0p001,small_cnn,adamw,10,128,20000,0.001,0.9,0.0005,cuda,False,False,9,40,1296,0.18795041739940643
random,1,results_adamw_lr0p001,results_adamw_lr0p001,small_cnn,adamw,10,128,20000,0.001,0.9,0.0005,cuda,False,False,9,41,1297,-0.32816287875175476
random,1,results_adamw_lr0p001,results_adamw_lr0p001,small_cnn,adamw,10,128,20000,0.001,0.9,0.0005,cuda,False,False,9,42,1298,0.6029676198959351
random,1,results_adamw_lr0p001,results_adamw_lr0p001,small_cnn,adamw,10,128,20000,0.001,0.9,0.0005,cuda,False,False,9,43,1299,0.6027593016624451
random,1,results_adamw_lr0p001,results_adamw_lr0p001,small_cnn,adamw,10,128,20000,0.001,0.9,0.0005,cuda,False,False,9,44,1300,0.02801566570997238
random,1,results_adamw_lr0p001,results_adamw_lr0p001,small_cnn,adamw,10,128,20000,0.001,0.9,0.0005,cuda,False,False,9,45,1301,0.3152521848678589
random,1,results_adamw_lr0p001,results_adamw_lr0p001,small_cnn,adamw,10,128,20000,0.001,0.9,0.0005,cuda,False,False,9,46,1302,0.26549476385116577
random,1,results_adamw_lr0p001,results_adamw_lr0p001,small_cnn,adamw,10,128,20000,0.001,0.9,0.0005,cuda,False,False,9,47,1303,0.4791065752506256
random,1,results_adamw_lr0p001,results_adamw_lr0p001,small_cnn,adamw,10,128,20000,0.001,0.9,0.0005,cuda,False,False,9,48,1304,0.7321832776069641
random,1,results_adamw_lr0p001,results_adamw_lr0p001,small_cnn,adamw,10,128,20000,0.001,0.9,0.0005,cuda,False,False,9,49,1305,0.23730623722076416
random,1,results_adamw_lr0p001,results_adamw_lr0p001,small_cnn,adamw,10,128,20000,0.001,0.9,0.0005,cuda,False,False,9,50,1306,-0.2056373953819275
random,1,results_adamw_lr0p001,results_adamw_lr0p001,small_cnn,adamw,10,128,20000,0.001,0.9,0.0005,cuda,False,False,9,51,1307,-0.28551381826400757
random,1,results_adamw_lr0p001,results_adamw_lr0p001,small_cnn,adamw,10,128,20000,0.001,0.9,0.0005,cuda,False,False,9,52,1308,0.29044991731643677
random,1,results_adamw_lr0p001,results_adamw_lr0p001,small_cnn,adamw,10,128,20000,0.001,0.9,0.0005,cuda,False,False,9,53,1309,0.6867742538452148
random,1,results_adamw_lr0p001,results_adamw_lr0p001,small_cnn,adamw,10,128,20000,0.001,0.9,0.0005,cuda,False,False,9,54,1310,0.7589924335479736
random,1,results_adamw_lr0p001,results_adamw_lr0p001,small_cnn,adamw,10,128,20000,0.001,0.9,0.0005,cuda,False,False,9,55,1311,0.7547182440757751
random,1,results_adamw_lr0p001,results_adamw_lr0p001,small_cnn,adamw,10,128,20000,0.001,0.9,0.0005,cuda,False,False,9,56,1312,-0.04142938554286957
random,1,results_adamw_lr0p001,results_adamw_lr0p001,small_cnn,adamw,10,128,20000,0.001,0.9,0.0005,cuda,False,False,9,57,1313,-0.4403635561466217
random,1,results_adamw_lr0p001,results_adamw_lr0p001,small_cnn,adamw,10,128,20000,0.001,0.9,0.0005,cuda,False,False,9,58,1314,0.4870898723602295
random,1,results_adamw_lr0p001,results_adamw_lr0p001,small_cnn,adamw,10,128,20000,0.001,0.9,0.0005,cuda,False,False,9,59,1315,0.4444875717163086
random,1,results_adamw_lr0p001,results_adamw_lr0p001,small_cnn,adamw,10,128,20000,0.001,0.9,0.0005,cuda,False,False,9,60,1316,0.7999498844146729
random,1,results_adamw_lr0p001,results_adamw_lr0p001,small_cnn,adamw,10,128,20000,0.001,0.9,0.0005,cuda,False,False,9,61,1317,-0.09810097515583038
random,1,results_adamw_lr0p001,results_adamw_lr0p001,small_cnn,adamw,10,128,20000,0.001,0.9,0.0005,cuda,False,False,9,62,1318,0.18912647664546967
random,1,results_adamw_lr0p001,results_adamw_lr0p001,small_cnn,adamw,10,128,20000,0.001,0.9,0.0005,cuda,False,False,9,63,1319,-0.26222896575927734
random,1,results_adamw_lr0p001,results_adamw_lr0p001,small_cnn,adamw,10,128,20000,0.001,0.9,0.0005,cuda,False,False,9,64,1320,0.14192916452884674
random,1,results_adamw_lr0p001,results_adamw_lr0p001,small_cnn,adamw,10,128,20000,0.001,0.9,0.0005,cuda,False,False,9,65,1321,0.8086103796958923
random,1,results_adamw_lr0p001,results_adamw_lr0p001,small_cnn,adamw,10,128,20000,0.001,0.9,0.0005,cuda,False,False,9,66,1322,0.5000398755073547
random,1,results_adamw_lr0p001,results_adamw_lr0p001,small_cnn,adamw,10,128,20000,0.001,0.9,0.0005,cuda,False,False,9,67,1323,-0.3177824914455414
random,1,results_adamw_lr0p001,results_adamw_lr0p001,small_cnn,adamw,10,128,20000,0.001,0.9,0.0005,cuda,False,False,9,68,1324,0.4384281635284424
random,1,results_adamw_lr0p001,results_adamw_lr0p001,small_cnn,adamw,10,128,20000,0.001,0.9,0.0005,cuda,False,False,9,69,1325,0.535113513469696
random,1,results_adamw_lr0p001,results_adamw_lr0p001,small_cnn,adamw,10,128,20000,0.001,0.9,0.0005,cuda,False,False,9,70,1326,0.3501599133014679
random,1,results_adamw_lr0p001,results_adamw_lr0p001,small_cnn,adamw,10,128,20000,0.001,0.9,0.0005,cuda,False,False,9,71,1327,-0.21970891952514648
random,1,results_adamw_lr0p001,results_adamw_lr0p001,small_cnn,adamw,10,128,20000,0.001,0.9,0.0005,cuda,False,False,9,72,1328,-0.18086694180965424
random,1,results_adamw_lr0p001,results_adamw_lr0p001,small_cnn,adamw,10,128,20000,0.001,0.9,0.0005,cuda,False,False,9,73,1329,-0.3190881311893463
random,1,results_adamw_lr0p001,results_adamw_lr0p001,small_cnn,adamw,10,128,20000,0.001,0.9,0.0005,cuda,False,False,9,74,1330,-0.1931409388780594
random,1,results_adamw_lr0p001,results_adamw_lr0p001,small_cnn,adamw,10,128,20000,0.001,0.9,0.0005,cuda,False,False,9,75,1331,0.4107482433319092
random,1,results_adamw_lr0p001,results_adamw_lr0p001,small_cnn,adamw,10,128,20000,0.001,0.9,0.0005,cuda,False,False,9,76,1332,-0.0952862799167633
random,1,results_adamw_lr0p001,results_adamw_lr0p001,small_cnn,adamw,10,128,20000,0.001,0.9,0.0005,cuda,False,False,9,77,1333,-0.0921306312084198
random,1,results_adamw_lr0p001,results_adamw_lr0p001,small_cnn,adamw,10,128,20000,0.001,0.9,0.0005,cuda,False,False,9,78,1334,0.395660936832428
random,1,results_adamw_lr0p001,results_adamw_lr0p001,small_cnn,adamw,10,128,20000,0.001,0.9,0.0005,cuda,False,False,9,79,1335,0.6683670878410339
random,1,results_adamw_lr0p001,results_adamw_lr0p001,small_cnn,adamw,10,128,20000,0.001,0.9,0.0005,cuda,False,False,9,80,1336,0.6429626941680908
random,1,results_adamw_lr0p001,results_adamw_lr0p001,small_cnn,adamw,10,128,20000,0.001,0.9,0.0005,cuda,False,False,9,81,1337,-0.13845236599445343
random,1,results_adamw_lr0p001,results_adamw_lr0p001,small_cnn,adamw,10,128,20000,0.001,0.9,0.0005,cuda,False,False,9,82,1338,-0.14524245262145996
random,1,results_adamw_lr0p001,results_adamw_lr0p001,small_cnn,adamw,10,128,20000,0.001,0.9,0.0005,cuda,False,False,9,83,1339,0.14919087290763855
random,1,results_adamw_lr0p001,results_adamw_lr0p001,small_cnn,adamw,10,128,20000,0.001,0.9,0.0005,cuda,False,False,9,84,1340,0.6053681373596191
random,1,results_adamw_lr0p001,results_adamw_lr0p001,small_cnn,adamw,10,128,20000,0.001,0.9,0.0005,cuda,False,False,9,85,1341,-0.3351186513900757
random,1,results_adamw_lr0p001,results_adamw_lr0p001,small_cnn,adamw,10,128,20000,0.001,0.9,0.0005,cuda,False,False,9,86,1342,0.14419648051261902
random,1,results_adamw_lr0p001,results_adamw_lr0p001,small_cnn,adamw,10,128,20000,0.001,0.9,0.0005,cuda,False,False,9,87,1343,-0.003598366864025593
random,1,results_adamw_lr0p001,results_adamw_lr0p001,small_cnn,adamw,10,128,20000,0.001,0.9,0.0005,cuda,False,False,9,88,1344,-0.1976327896118164
random,1,results_adamw_lr0p001,results_adamw_lr0p001,small_cnn,adamw,10,128,20000,0.001,0.9,0.0005,cuda,False,False,9,89,1345,0.1474590003490448
random,1,results_adamw_lr0p001,results_adamw_lr0p001,small_cnn,adamw,10,128,20000,0.001,0.9,0.0005,cuda,False,False,9,90,1346,0.01746482029557228
random,1,results_adamw_lr0p001,results_adamw_lr0p001,small_cnn,adamw,10,128,20000,0.001,0.9,0.0005,cuda,False,False,9,91,1347,-0.21345731616020203
random,1,results_adamw_lr0p001,results_adamw_lr0p001,small_cnn,adamw,10,128,20000,0.001,0.9,0.0005,cuda,False,False,9,92,1348,-0.14412347972393036
random,1,results_adamw_lr0p001,results_adamw_lr0p001,small_cnn,adamw,10,128,20000,0.001,0.9,0.0005,cuda,False,False,9,93,1349,0.15848642587661743
random,1,results_adamw_lr0p001,results_adamw_lr0p001,small_cnn,adamw,10,128,20000,0.001,0.9,0.0005,cuda,False,False,9,94,1350,0.2097388058900833
random,1,results_adamw_lr0p001,results_adamw_lr0p001,small_cnn,adamw,10,128,20000,0.001,0.9,0.0005,cuda,False,False,9,95,1351,-0.24326807260513306
random,1,results_adamw_lr0p001,results_adamw_lr0p001,small_cnn,adamw,10,128,20000,0.001,0.9,0.0005,cuda,False,False,9,96,1352,-0.0969558134675026
random,1,results_adamw_lr0p001,results_adamw_lr0p001,small_cnn,adamw,10,128,20000,0.001,0.9,0.0005,cuda,False,False,9,97,1353,-0.01056727021932602
random,1,results_adamw_lr0p001,results_adamw_lr0p001,small_cnn,adamw,10,128,20000,0.001,0.9,0.0005,cuda,False,False,9,98,1354,0.4075210988521576
random,1,results_adamw_lr0p001,results_adamw_lr0p001,small_cnn,adamw,10,128,20000,0.001,0.9,0.0005,cuda,False,False,9,99,1355,0.42683908343315125
random,1,results_adamw_lr0p001,results_adamw_lr0p001,small_cnn,adamw,10,128,20000,0.001,0.9,0.0005,cuda,False,False,9,100,1356,0.5188910961151123
random,1,results_adamw_lr0p001,results_adamw_lr0p001,small_cnn,adamw,10,128,20000,0.001,0.9,0.0005,cuda,False,False,9,101,1357,-0.1889893114566803
random,1,results_adamw_lr0p001,results_adamw_lr0p001,small_cnn,adamw,10,128,20000,0.001,0.9,0.0005,cuda,False,False,9,102,1358,0.4110499322414398
random,1,results_adamw_lr0p001,results_adamw_lr0p001,small_cnn,adamw,10,128,20000,0.001,0.9,0.0005,cuda,False,False,9,103,1359,0.6422148942947388
random,1,results_adamw_lr0p001,results_adamw_lr0p001,small_cnn,adamw,10,128,20000,0.001,0.9,0.0005,cuda,False,False,9,104,1360,0.6551219820976257
random,1,results_adamw_lr0p001,results_adamw_lr0p001,small_cnn,adamw,10,128,20000,0.001,0.9,0.0005,cuda,False,False,9,105,1361,0.787347137928009
random,1,results_adamw_lr0p001,results_adamw_lr0p001,small_cnn,adamw,10,128,20000,0.001,0.9,0.0005,cuda,False,False,9,106,1362,0.31131038069725037
random,1,results_adamw_lr0p001,results_adamw_lr0p001,small_cnn,adamw,10,128,20000,0.001,0.9,0.0005,cuda,False,False,9,107,1363,-0.2741677761077881
random,1,results_adamw_lr0p001,results_adamw_lr0p001,small_cnn,adamw,10,128,20000,0.001,0.9,0.0005,cuda,False,False,9,108,1364,-0.006657589692622423
random,1,results_adamw_lr0p001,results_adamw_lr0p001,small_cnn,adamw,10,128,20000,0.001,0.9,0.0005,cuda,False,False,9,109,1365,0.8035783171653748
random,1,results_adamw_lr0p001,results_adamw_lr0p001,small_cnn,adamw,10,128,20000,0.001,0.9,0.0005,cuda,False,False,9,110,1366,0.5802000164985657
random,1,results_adamw_lr0p001,results_adamw_lr0p001,small_cnn,adamw,10,128,20000,0.001,0.9,0.0005,cuda,False,False,9,111,1367,-0.203897163271904
random,1,results_adamw_lr0p001,results_adamw_lr0p001,small_cnn,adamw,10,128,20000,0.001,0.9,0.0005,cuda,False,False,9,112,1368,-0.07604412734508514
random,1,results_adamw_lr0p001,results_adamw_lr0p001,small_cnn,adamw,10,128,20000,0.001,0.9,0.0005,cuda,False,False,9,113,1369,-0.005453129298985004
random,1,results_adamw_lr0p001,results_adamw_lr0p001,small_cnn,adamw,10,128,20000,0.001,0.9,0.0005,cuda,False,False,9,114,1370,-0.27969908714294434
random,1,results_adamw_lr0p001,results_adamw_lr0p001,small_cnn,adamw,10,128,20000,0.001,0.9,0.0005,cuda,False,False,9,115,1371,0.09540586918592453
random,1,results_adamw_lr0p001,results_adamw_lr0p001,small_cnn,adamw,10,128,20000,0.001,0.9,0.0005,cuda,False,False,9,116,1372,0.13824035227298737
random,1,results_adamw_lr0p001,results_adamw_lr0p001,small_cnn,adamw,10,128,20000,0.001,0.9,0.0005,cuda,False,False,9,117,1373,-0.10035047680139542
random,1,results_adamw_lr0p001,results_adamw_lr0p001,small_cnn,adamw,10,128,20000,0.001,0.9,0.0005,cuda,False,False,9,118,1374,0.22149698436260223
random,1,results_adamw_lr0p001,results_adamw_lr0p001,small_cnn,adamw,10,128,20000,0.001,0.9,0.0005,cuda,False,False,9,119,1375,0.4491274356842041
random,1,results_adamw_lr0p001,results_adamw_lr0p001,small_cnn,adamw,10,128,20000,0.001,0.9,0.0005,cuda,False,False,9,120,1376,0.07870811223983765
random,1,results_adamw_lr0p001,results_adamw_lr0p001,small_cnn,adamw,10,128,20000,0.001,0.9,0.0005,cuda,False,False,9,121,1377,-0.3106381893157959
random,1,results_adamw_lr0p001,results_adamw_lr0p001,small_cnn,adamw,10,128,20000,0.001,0.9,0.0005,cuda,False,False,9,122,1378,0.5634459257125854
random,1,results_adamw_lr0p001,results_adamw_lr0p001,small_cnn,adamw,10,128,20000,0.001,0.9,0.0005,cuda,False,False,9,123,1379,0.39466392993927
random,1,results_adamw_lr0p001,results_adamw_lr0p001,small_cnn,adamw,10,128,20000,0.001,0.9,0.0005,cuda,False,False,9,124,1380,0.42101168632507324
random,1,results_adamw_lr0p001,results_adamw_lr0p001,small_cnn,adamw,10,128,20000,0.001,0.9,0.0005,cuda,False,False,9,125,1381,0.212851420044899
random,1,results_adamw_lr0p001,results_adamw_lr0p001,small_cnn,adamw,10,128,20000,0.001,0.9,0.0005,cuda,False,False,9,126,1382,0.2990344762802124
random,1,results_adamw_lr0p001,results_adamw_lr0p001,small_cnn,adamw,10,128,20000,0.001,0.9,0.0005,cuda,False,False,9,127,1383,0.35907790064811707
random,1,results_adamw_lr0p001,results_adamw_lr0p001,small_cnn,adamw,10,128,20000,0.001,0.9,0.0005,cuda,False,False,9,128,1384,-0.08462286740541458
random,1,results_adamw_lr0p001,results_adamw_lr0p001,small_cnn,adamw,10,128,20000,0.001,0.9,0.0005,cuda,False,False,9,129,1385,0.16613349318504333
random,1,results_adamw_lr0p001,results_adamw_lr0p001,small_cnn,adamw,10,128,20000,0.001,0.9,0.0005,cuda,False,False,9,130,1386,0.45089972019195557
random,1,results_adamw_lr0p001,results_adamw_lr0p001,small_cnn,adamw,10,128,20000,0.001,0.9,0.0005,cuda,False,False,9,131,1387,-0.26561155915260315
random,1,results_adamw_lr0p001,results_adamw_lr0p001,small_cnn,adamw,10,128,20000,0.001,0.9,0.0005,cuda,False,False,9,132,1388,0.5886455774307251
random,1,results_adamw_lr0p001,results_adamw_lr0p001,small_cnn,adamw,10,128,20000,0.001,0.9,0.0005,cuda,False,False,9,133,1389,0.0885426253080368
random,1,results_adamw_lr0p001,results_adamw_lr0p001,small_cnn,adamw,10,128,20000,0.001,0.9,0.0005,cuda,False,False,9,134,1390,0.24417629837989807
random,1,results_adamw_lr0p001,results_adamw_lr0p001,small_cnn,adamw,10,128,20000,0.001,0.9,0.0005,cuda,False,False,9,135,1391,0.12353549897670746
random,1,results_adamw_lr0p001,results_adamw_lr0p001,small_cnn,adamw,10,128,20000,0.001,0.9,0.0005,cuda,False,False,9,136,1392,0.3977579176425934
random,1,results_adamw_lr0p001,results_adamw_lr0p001,small_cnn,adamw,10,128,20000,0.001,0.9,0.0005,cuda,False,False,9,137,1393,-0.06138623505830765
random,1,results_adamw_lr0p001,results_adamw_lr0p001,small_cnn,adamw,10,128,20000,0.001,0.9,0.0005,cuda,False,False,9,138,1394,0.1580306738615036
random,1,results_adamw_lr0p001,results_adamw_lr0p001,small_cnn,adamw,10,128,20000,0.001,0.9,0.0005,cuda,False,False,9,139,1395,0.25878483057022095
random,1,results_adamw_lr0p001,results_adamw_lr0p001,small_cnn,adamw,10,128,20000,0.001,0.9,0.0005,cuda,False,False,9,140,1396,0.14358672499656677
random,1,results_adamw_lr0p001,results_adamw_lr0p001,small_cnn,adamw,10,128,20000,0.001,0.9,0.0005,cuda,False,False,9,141,1397,-0.03223979100584984
random,1,results_adamw_lr0p001,results_adamw_lr0p001,small_cnn,adamw,10,128,20000,0.001,0.9,0.0005,cuda,False,False,9,142,1398,0.01737210527062416
random,1,results_adamw_lr0p001,results_adamw_lr0p001,small_cnn,adamw,10,128,20000,0.001,0.9,0.0005,cuda,False,False,9,143,1399,0.2808609902858734
random,1,results_adamw_lr0p001,results_adamw_lr0p001,small_cnn,adamw,10,128,20000,0.001,0.9,0.0005,cuda,False,False,9,144,1400,-0.0641498863697052
random,1,results_adamw_lr0p001,results_adamw_lr0p001,small_cnn,adamw,10,128,20000,0.001,0.9,0.0005,cuda,False,False,9,145,1401,0.27342113852500916
random,1,results_adamw_lr0p001,results_adamw_lr0p001,small_cnn,adamw,10,128,20000,0.001,0.9,0.0005,cuda,False,False,9,146,1402,-0.0018139034509658813
random,1,results_adamw_lr0p001,results_adamw_lr0p001,small_cnn,adamw,10,128,20000,0.001,0.9,0.0005,cuda,False,False,9,147,1403,0.3599134683609009
random,1,results_adamw_lr0p001,results_adamw_lr0p001,small_cnn,adamw,10,128,20000,0.001,0.9,0.0005,cuda,False,False,9,148,1404,0.25065723061561584
random,1,results_adamw_lr0p001,results_adamw_lr0p001,small_cnn,adamw,10,128,20000,0.001,0.9,0.0005,cuda,False,False,9,149,1405,-0.22572864592075348
random,1,results_adamw_lr0p001,results_adamw_lr0p001,small_cnn,adamw,10,128,20000,0.001,0.9,0.0005,cuda,False,False,9,150,1406,0.16644437611103058
random,1,results_adamw_lr0p001,results_adamw_lr0p001,small_cnn,adamw,10,128,20000,0.001,0.9,0.0005,cuda,False,False,9,151,1407,0.020520618185400963
random,1,results_adamw_lr0p001,results_adamw_lr0p001,small_cnn,adamw,10,128,20000,0.001,0.9,0.0005,cuda,False,False,9,152,1408,-0.3628111481666565
random,1,results_adamw_lr0p001,results_adamw_lr0p001,small_cnn,adamw,10,128,20000,0.001,0.9,0.0005,cuda,False,False,9,153,1409,0.14965899288654327
random,1,results_adamw_lr0p001,results_adamw_lr0p001,small_cnn,adamw,10,128,20000,0.001,0.9,0.0005,cuda,False,False,9,154,1410,0.17765994369983673
random,1,results_adamw_lr0p001,results_adamw_lr0p001,small_cnn,adamw,10,128,20000,0.001,0.9,0.0005,cuda,False,False,9,155,1411,0.11332746595144272
random,1,results_adamw_lr0p001,results_adamw_lr0p001,small_cnn,adamw,10,128,20000,0.001,0.9,0.0005,cuda,False,False,9,156,1412,0.618965208530426
random,1,results_adamw_lr0p001,results_adamw_lr0p001,small_cnn,adamw,10,128,20000,0.001,0.9,0.0005,cuda,False,False,9,157,1413,0.5270864367485046
random,1,results_adamw_lr0p001,results_adamw_lr0p001,small_cnn,adamw,10,128,20000,0.001,0.9,0.0005,cuda,False,False,10,1,1414,-0.5319700837135315
random,1,results_adamw_lr0p001,results_adamw_lr0p001,small_cnn,adamw,10,128,20000,0.001,0.9,0.0005,cuda,False,False,10,2,1415,0.22030408680438995
random,1,results_adamw_lr0p001,results_adamw_lr0p001,small_cnn,adamw,10,128,20000,0.001,0.9,0.0005,cuda,False,False,10,3,1416,0.6105071306228638
random,1,results_adamw_lr0p001,results_adamw_lr0p001,small_cnn,adamw,10,128,20000,0.001,0.9,0.0005,cuda,False,False,10,4,1417,0.66780686378479
random,1,results_adamw_lr0p001,results_adamw_lr0p001,small_cnn,adamw,10,128,20000,0.001,0.9,0.0005,cuda,False,False,10,5,1418,0.6007637977600098
random,1,results_adamw_lr0p001,results_adamw_lr0p001,small_cnn,adamw,10,128,20000,0.001,0.9,0.0005,cuda,False,False,10,6,1419,-0.40199777483940125
random,1,results_adamw_lr0p001,results_adamw_lr0p001,small_cnn,adamw,10,128,20000,0.001,0.9,0.0005,cuda,False,False,10,7,1420,0.024920672178268433
random,1,results_adamw_lr0p001,results_adamw_lr0p001,small_cnn,adamw,10,128,20000,0.001,0.9,0.0005,cuda,False,False,10,8,1421,0.709913969039917
random,1,results_adamw_lr0p001,results_adamw_lr0p001,small_cnn,adamw,10,128,20000,0.001,0.9,0.0005,cuda,False,False,10,9,1422,0.786417543888092
random,1,results_adamw_lr0p001,results_adamw_lr0p001,small_cnn,adamw,10,128,20000,0.001,0.9,0.0005,cuda,False,False,10,10,1423,0.3992409110069275
random,1,results_adamw_lr0p001,results_adamw_lr0p001,small_cnn,adamw,10,128,20000,0.001,0.9,0.0005,cuda,False,False,10,11,1424,0.4603283405303955
random,1,results_adamw_lr0p001,results_adamw_lr0p001,small_cnn,adamw,10,128,20000,0.001,0.9,0.0005,cuda,False,False,10,12,1425,-0.014147846959531307
random,1,results_adamw_lr0p001,results_adamw_lr0p001,small_cnn,adamw,10,128,20000,0.001,0.9,0.0005,cuda,False,False,10,13,1426,-0.0478004515171051
random,1,results_adamw_lr0p001,results_adamw_lr0p001,small_cnn,adamw,10,128,20000,0.001,0.9,0.0005,cuda,False,False,10,14,1427,0.7913033366203308
random,1,results_adamw_lr0p001,results_adamw_lr0p001,small_cnn,adamw,10,128,20000,0.001,0.9,0.0005,cuda,False,False,10,15,1428,0.6559149026870728
random,1,results_adamw_lr0p001,results_adamw_lr0p001,small_cnn,adamw,10,128,20000,0.001,0.9,0.0005,cuda,False,False,10,16,1429,0.37474319338798523
random,1,results_adamw_lr0p001,results_adamw_lr0p001,small_cnn,adamw,10,128,20000,0.001,0.9,0.0005,cuda,False,False,10,17,1430,0.556882917881012
random,1,results_adamw_lr0p001,results_adamw_lr0p001,small_cnn,adamw,10,128,20000,0.001,0.9,0.0005,cuda,False,False,10,18,1431,0.4756118059158325
random,1,results_adamw_lr0p001,results_adamw_lr0p001,small_cnn,adamw,10,128,20000,0.001,0.9,0.0005,cuda,False,False,10,19,1432,-0.12085796892642975
random,1,results_adamw_lr0p001,results_adamw_lr0p001,small_cnn,adamw,10,128,20000,0.001,0.9,0.0005,cuda,False,False,10,20,1433,0.6036672592163086
random,1,results_adamw_lr0p001,results_adamw_lr0p001,small_cnn,adamw,10,128,20000,0.001,0.9,0.0005,cuda,False,False,10,21,1434,0.5380398035049438
random,1,results_adamw_lr0p001,results_adamw_lr0p001,small_cnn,adamw,10,128,20000,0.001,0.9,0.0005,cuda,False,False,10,22,1435,0.7213194966316223
random,1,results_adamw_lr0p001,results_adamw_lr0p001,small_cnn,adamw,10,128,20000,0.001,0.9,0.0005,cuda,False,False,10,23,1436,0.23981530964374542
random,1,results_adamw_lr0p001,results_adamw_lr0p001,small_cnn,adamw,10,128,20000,0.001,0.9,0.0005,cuda,False,False,10,24,1437,0.5654784440994263
random,1,results_adamw_lr0p001,results_adamw_lr0p001,small_cnn,adamw,10,128,20000,0.001,0.9,0.0005,cuda,False,False,10,25,1438,0.1576353907585144
random,1,results_adamw_lr0p001,results_adamw_lr0p001,small_cnn,adamw,10,128,20000,0.001,0.9,0.0005,cuda,False,False,10,26,1439,0.5311040282249451
random,1,results_adamw_lr0p001,results_adamw_lr0p001,small_cnn,adamw,10,128,20000,0.001,0.9,0.0005,cuda,False,False,10,27,1440,0.7858659029006958
random,1,results_adamw_lr0p001,results_adamw_lr0p001,small_cnn,adamw,10,128,20000,0.001,0.9,0.0005,cuda,False,False,10,28,1441,0.7430259585380554
random,1,results_adamw_lr0p001,results_adamw_lr0p001,small_cnn,adamw,10,128,20000,0.001,0.9,0.0005,cuda,False,False,10,29,1442,0.133631631731987
random,1,results_adamw_lr0p001,results_adamw_lr0p001,small_cnn,adamw,10,128,20000,0.001,0.9,0.0005,cuda,False,False,10,30,1443,0.2100141942501068
random,1,results_adamw_lr0p001,results_adamw_lr0p001,small_cnn,adamw,10,128,20000,0.001,0.9,0.0005,cuda,False,False,10,31,1444,0.29144492745399475
random,1,results_adamw_lr0p001,results_adamw_lr0p001,small_cnn,adamw,10,128,20000,0.001,0.9,0.0005,cuda,False,False,10,32,1445,-0.08981572836637497
random,1,results_adamw_lr0p001,results_adamw_lr0p001,small_cnn,adamw,10,128,20000,0.001,0.9,0.0005,cuda,False,False,10,33,1446,-0.033859871327877045
random,1,results_adamw_lr0p001,results_adamw_lr0p001,small_cnn,adamw,10,128,20000,0.001,0.9,0.0005,cuda,False,False,10,34,1447,0.4239349961280823
random,1,results_adamw_lr0p001,results_adamw_lr0p001,small_cnn,adamw,10,128,20000,0.001,0.9,0.0005,cuda,False,False,10,35,1448,-0.2068457305431366
random,1,results_adamw_lr0p001,results_adamw_lr0p001,small_cnn,adamw,10,128,20000,0.001,0.9,0.0005,cuda,False,False,10,36,1449,0.05098231881856918
random,1,results_adamw_lr0p001,results_adamw_lr0p001,small_cnn,adamw,10,128,20000,0.001,0.9,0.0005,cuda,False,False,10,37,1450,-0.015200166963040829
random,1,results_adamw_lr0p001,results_adamw_lr0p001,small_cnn,adamw,10,128,20000,0.001,0.9,0.0005,cuda,False,False,10,38,1451,0.48473307490348816
random,1,results_adamw_lr0p001,results_adamw_lr0p001,small_cnn,adamw,10,128,20000,0.001,0.9,0.0005,cuda,False,False,10,39,1452,0.33243587613105774
random,1,results_adamw_lr0p001,results_adamw_lr0p001,small_cnn,adamw,10,128,20000,0.001,0.9,0.0005,cuda,False,False,10,40,1453,0.15156757831573486
random,1,results_adamw_lr0p001,results_adamw_lr0p001,small_cnn,adamw,10,128,20000,0.001,0.9,0.0005,cuda,False,False,10,41,1454,0.4377291202545166
random,1,results_adamw_lr0p001,results_adamw_lr0p001,small_cnn,adamw,10,128,20000,0.001,0.9,0.0005,cuda,False,False,10,42,1455,0.05164880305528641
random,1,results_adamw_lr0p001,results_adamw_lr0p001,small_cnn,adamw,10,128,20000,0.001,0.9,0.0005,cuda,False,False,10,43,1456,0.17659343779087067
random,1,results_adamw_lr0p001,results_adamw_lr0p001,small_cnn,adamw,10,128,20000,0.001,0.9,0.0005,cuda,False,False,10,44,1457,0.5508821606636047
random,1,results_adamw_lr0p001,results_adamw_lr0p001,small_cnn,adamw,10,128,20000,0.001,0.9,0.0005,cuda,False,False,10,45,1458,0.026161376386880875
random,1,results_adamw_lr0p001,results_adamw_lr0p001,small_cnn,adamw,10,128,20000,0.001,0.9,0.0005,cuda,False,False,10,46,1459,0.47025924921035767
random,1,results_adamw_lr0p001,results_adamw_lr0p001,small_cnn,adamw,10,128,20000,0.001,0.9,0.0005,cuda,False,False,10,47,1460,0.6497166752815247
random,1,results_adamw_lr0p001,results_adamw_lr0p001,small_cnn,adamw,10,128,20000,0.001,0.9,0.0005,cuda,False,False,10,48,1461,-0.12491399794816971
random,1,results_adamw_lr0p001,results_adamw_lr0p001,small_cnn,adamw,10,128,20000,0.001,0.9,0.0005,cuda,False,False,10,49,1462,0.23020091652870178
random,1,results_adamw_lr0p001,results_adamw_lr0p001,small_cnn,adamw,10,128,20000,0.001,0.9,0.0005,cuda,False,False,10,50,1463,0.3978451192378998
random,1,results_adamw_lr0p001,results_adamw_lr0p001,small_cnn,adamw,10,128,20000,0.001,0.9,0.0005,cuda,False,False,10,51,1464,-0.3853694796562195
random,1,results_adamw_lr0p001,results_adamw_lr0p001,small_cnn,adamw,10,128,20000,0.001,0.9,0.0005,cuda,False,False,10,52,1465,-0.04225420951843262
random,1,results_adamw_lr0p001,results_adamw_lr0p001,small_cnn,adamw,10,128,20000,0.001,0.9,0.0005,cuda,False,False,10,53,1466,-0.5099311470985413
random,1,results_adamw_lr0p001,results_adamw_lr0p001,small_cnn,adamw,10,128,20000,0.001,0.9,0.0005,cuda,False,False,10,54,1467,-0.5581972599029541
random,1,results_adamw_lr0p001,results_adamw_lr0p001,small_cnn,adamw,10,128,20000,0.001,0.9,0.0005,cuda,False,False,10,55,1468,-0.678870677947998
random,1,results_adamw_lr0p001,results_adamw_lr0p001,small_cnn,adamw,10,128,20000,0.001,0.9,0.0005,cuda,False,False,10,56,1469,-0.4166741371154785
random,1,results_adamw_lr0p001,results_adamw_lr0p001,small_cnn,adamw,10,128,20000,0.001,0.9,0.0005,cuda,False,False,10,57,1470,0.2709938883781433
random,1,results_adamw_lr0p001,results_adamw_lr0p001,small_cnn,adamw,10,128,20000,0.001,0.9,0.0005,cuda,False,False,10,58,1471,-0.2746546268463135
random,1,results_adamw_lr0p001,results_adamw_lr0p001,small_cnn,adamw,10,128,20000,0.001,0.9,0.0005,cuda,False,False,10,59,1472,0.17198333144187927
random,1,results_adamw_lr0p001,results_adamw_lr0p001,small_cnn,adamw,10,128,20000,0.001,0.9,0.0005,cuda,False,False,10,60,1473,0.2780197262763977
random,1,results_adamw_lr0p001,results_adamw_lr0p001,small_cnn,adamw,10,128,20000,0.001,0.9,0.0005,cuda,False,False,10,61,1474,0.15572001039981842
random,1,results_adamw_lr0p001,results_adamw_lr0p001,small_cnn,adamw,10,128,20000,0.001,0.9,0.0005,cuda,False,False,10,62,1475,0.1418541967868805
random,1,results_adamw_lr0p001,results_adamw_lr0p001,small_cnn,adamw,10,128,20000,0.001,0.9,0.0005,cuda,False,False,10,63,1476,-0.08759069442749023
random,1,results_adamw_lr0p001,results_adamw_lr0p001,small_cnn,adamw,10,128,20000,0.001,0.9,0.0005,cuda,False,False,10,64,1477,0.25416842103004456
random,1,results_adamw_lr0p001,results_adamw_lr0p001,small_cnn,adamw,10,128,20000,0.001,0.9,0.0005,cuda,False,False,10,65,1478,0.18791140615940094
random,1,results_adamw_lr0p001,results_adamw_lr0p001,small_cnn,adamw,10,128,20000,0.001,0.9,0.0005,cuda,False,False,10,66,1479,0.024833939969539642
random,1,results_adamw_lr0p001,results_adamw_lr0p001,small_cnn,adamw,10,128,20000,0.001,0.9,0.0005,cuda,False,False,10,67,1480,0.15557193756103516
random,1,results_adamw_lr0p001,results_adamw_lr0p001,small_cnn,adamw,10,128,20000,0.001,0.9,0.0005,cuda,False,False,10,68,1481,0.24388116598129272
random,1,results_adamw_lr0p001,results_adamw_lr0p001,small_cnn,adamw,10,128,20000,0.001,0.9,0.0005,cuda,False,False,10,69,1482,0.6678510308265686
random,1,results_adamw_lr0p001,results_adamw_lr0p001,small_cnn,adamw,10,128,20000,0.001,0.9,0.0005,cuda,False,False,10,70,1483,0.7420997619628906
random,1,results_adamw_lr0p001,results_adamw_lr0p001,small_cnn,adamw,10,128,20000,0.001,0.9,0.0005,cuda,False,False,10,71,1484,0.08078356832265854
random,1,results_adamw_lr0p001,results_adamw_lr0p001,small_cnn,adamw,10,128,20000,0.001,0.9,0.0005,cuda,False,False,10,72,1485,0.13904894888401031
random,1,results_adamw_lr0p001,results_adamw_lr0p001,small_cnn,adamw,10,128,20000,0.001,0.9,0.0005,cuda,False,False,10,73,1486,0.1600218415260315
random,1,results_adamw_lr0p001,results_adamw_lr0p001,small_cnn,adamw,10,128,20000,0.001,0.9,0.0005,cuda,False,False,10,74,1487,0.7211174368858337
random,1,results_adamw_lr0p001,results_adamw_lr0p001,small_cnn,adamw,10,128,20000,0.001,0.9,0.0005,cuda,False,False,10,75,1488,0.7897923588752747
random,1,results_adamw_lr0p001,results_adamw_lr0p001,small_cnn,adamw,10,128,20000,0.001,0.9,0.0005,cuda,False,False,10,76,1489,0.3988352417945862
random,1,results_adamw_lr0p001,results_adamw_lr0p001,small_cnn,adamw,10,128,20000,0.001,0.9,0.0005,cuda,False,False,10,77,1490,-0.13123315572738647
random,1,results_adamw_lr0p001,results_adamw_lr0p001,small_cnn,adamw,10,128,20000,0.001,0.9,0.0005,cuda,False,False,10,78,1491,0.48781391978263855
random,1,results_adamw_lr0p001,results_adamw_lr0p001,small_cnn,adamw,10,128,20000,0.001,0.9,0.0005,cuda,False,False,10,79,1492,-0.006834913045167923
random,1,results_adamw_lr0p001,results_adamw_lr0p001,small_cnn,adamw,10,128,20000,0.001,0.9,0.0005,cuda,False,False,10,80,1493,0.10487633943557739
random,1,results_adamw_lr0p001,results_adamw_lr0p001,small_cnn,adamw,10,128,20000,0.001,0.9,0.0005,cuda,False,False,10,81,1494,0.5499191880226135
random,1,results_adamw_lr0p001,results_adamw_lr0p001,small_cnn,adamw,10,128,20000,0.001,0.9,0.0005,cuda,False,False,10,82,1495,0.43840062618255615
random,1,results_adamw_lr0p001,results_adamw_lr0p001,small_cnn,adamw,10,128,20000,0.001,0.9,0.0005,cuda,False,False,10,83,1496,-0.01597931794822216
random,1,results_adamw_lr0p001,results_adamw_lr0p001,small_cnn,adamw,10,128,20000,0.001,0.9,0.0005,cuda,False,False,10,84,1497,0.051627710461616516
random,1,results_adamw_lr0p001,results_adamw_lr0p001,small_cnn,adamw,10,128,20000,0.001,0.9,0.0005,cuda,False,False,10,85,1498,0.2097257673740387
random,1,results_adamw_lr0p001,results_adamw_lr0p001,small_cnn,adamw,10,128,20000,0.001,0.9,0.0005,cuda,False,False,10,86,1499,0.3235236406326294
random,1,results_adamw_lr0p001,results_adamw_lr0p001,small_cnn,adamw,10,128,20000,0.001,0.9,0.0005,cuda,False,False,10,87,1500,0.27145832777023315
random,1,results_adamw_lr0p001,results_adamw_lr0p001,small_cnn,adamw,10,128,20000,0.001,0.9,0.0005,cuda,False,False,10,88,1501,0.019928734749555588
random,1,results_adamw_lr0p001,results_adamw_lr0p001,small_cnn,adamw,10,128,20000,0.001,0.9,0.0005,cuda,False,False,10,89,1502,0.6778486371040344
random,1,results_adamw_lr0p001,results_adamw_lr0p001,small_cnn,adamw,10,128,20000,0.001,0.9,0.0005,cuda,False,False,10,90,1503,0.7861263155937195
random,1,results_adamw_lr0p001,results_adamw_lr0p001,small_cnn,adamw,10,128,20000,0.001,0.9,0.0005,cuda,False,False,10,91,1504,0.3858303725719452
random,1,results_adamw_lr0p001,results_adamw_lr0p001,small_cnn,adamw,10,128,20000,0.001,0.9,0.0005,cuda,False,False,10,92,1505,0.3508314788341522
random,1,results_adamw_lr0p001,results_adamw_lr0p001,small_cnn,adamw,10,128,20000,0.001,0.9,0.0005,cuda,False,False,10,93,1506,0.40095198154449463
random,1,results_adamw_lr0p001,results_adamw_lr0p001,small_cnn,adamw,10,128,20000,0.001,0.9,0.0005,cuda,False,False,10,94,1507,0.5764792561531067
random,1,results_adamw_lr0p001,results_adamw_lr0p001,small_cnn,adamw,10,128,20000,0.001,0.9,0.0005,cuda,False,False,10,95,1508,0.17832092940807343
random,1,results_adamw_lr0p001,results_adamw_lr0p001,small_cnn,adamw,10,128,20000,0.001,0.9,0.0005,cuda,False,False,10,96,1509,0.7537533044815063
random,1,results_adamw_lr0p001,results_adamw_lr0p001,small_cnn,adamw,10,128,20000,0.001,0.9,0.0005,cuda,False,False,10,97,1510,0.2895811200141907
random,1,results_adamw_lr0p001,results_adamw_lr0p001,small_cnn,adamw,10,128,20000,0.001,0.9,0.0005,cuda,False,False,10,98,1511,0.20308083295822144
random,1,results_adamw_lr0p001,results_adamw_lr0p001,small_cnn,adamw,10,128,20000,0.001,0.9,0.0005,cuda,False,False,10,99,1512,0.326165109872818
random,1,results_adamw_lr0p001,results_adamw_lr0p001,small_cnn,adamw,10,128,20000,0.001,0.9,0.0005,cuda,False,False,10,100,1513,0.39151427149772644
random,1,results_adamw_lr0p001,results_adamw_lr0p001,small_cnn,adamw,10,128,20000,0.001,0.9,0.0005,cuda,False,False,10,101,1514,0.6350002884864807
random,1,results_adamw_lr0p001,results_adamw_lr0p001,small_cnn,adamw,10,128,20000,0.001,0.9,0.0005,cuda,False,False,10,102,1515,0.8186513185501099
random,1,results_adamw_lr0p001,results_adamw_lr0p001,small_cnn,adamw,10,128,20000,0.001,0.9,0.0005,cuda,False,False,10,103,1516,-0.6898558139801025
random,1,results_adamw_lr0p001,results_adamw_lr0p001,small_cnn,adamw,10,128,20000,0.001,0.9,0.0005,cuda,False,False,10,104,1517,0.7360590100288391
random,1,results_adamw_lr0p001,results_adamw_lr0p001,small_cnn,adamw,10,128,20000,0.001,0.9,0.0005,cuda,False,False,10,105,1518,0.28516021370887756
random,1,results_adamw_lr0p001,results_adamw_lr0p001,small_cnn,adamw,10,128,20000,0.001,0.9,0.0005,cuda,False,False,10,106,1519,0.494504451751709
random,1,results_adamw_lr0p001,results_adamw_lr0p001,small_cnn,adamw,10,128,20000,0.001,0.9,0.0005,cuda,False,False,10,107,1520,0.7113623023033142
random,1,results_adamw_lr0p001,results_adamw_lr0p001,small_cnn,adamw,10,128,20000,0.001,0.9,0.0005,cuda,False,False,10,108,1521,-0.2353571504354477
random,1,results_adamw_lr0p001,results_adamw_lr0p001,small_cnn,adamw,10,128,20000,0.001,0.9,0.0005,cuda,False,False,10,109,1522,0.446770042181015
random,1,results_adamw_lr0p001,results_adamw_lr0p001,small_cnn,adamw,10,128,20000,0.001,0.9,0.0005,cuda,False,False,10,110,1523,0.39957836270332336
random,1,results_adamw_lr0p001,results_adamw_lr0p001,small_cnn,adamw,10,128,20000,0.001,0.9,0.0005,cuda,False,False,10,111,1524,0.6987078189849854
random,1,results_adamw_lr0p001,results_adamw_lr0p001,small_cnn,adamw,10,128,20000,0.001,0.9,0.0005,cuda,False,False,10,112,1525,0.7393484115600586
random,1,results_adamw_lr0p001,results_adamw_lr0p001,small_cnn,adamw,10,128,20000,0.001,0.9,0.0005,cuda,False,False,10,113,1526,-0.2591795325279236
random,1,results_adamw_lr0p001,results_adamw_lr0p001,small_cnn,adamw,10,128,20000,0.001,0.9,0.0005,cuda,False,False,10,114,1527,0.5628218650817871
random,1,results_adamw_lr0p001,results_adamw_lr0p001,small_cnn,adamw,10,128,20000,0.001,0.9,0.0005,cuda,False,False,10,115,1528,0.7941920757293701
random,1,results_adamw_lr0p001,results_adamw_lr0p001,small_cnn,adamw,10,128,20000,0.001,0.9,0.0005,cuda,False,False,10,116,1529,0.7368159294128418
random,1,results_adamw_lr0p001,results_adamw_lr0p001,small_cnn,adamw,10,128,20000,0.001,0.9,0.0005,cuda,False,False,10,117,1530,0.7096974849700928
random,1,results_adamw_lr0p001,results_adamw_lr0p001,small_cnn,adamw,10,128,20000,0.001,0.9,0.0005,cuda,False,False,10,118,1531,-0.010792243294417858
random,1,results_adamw_lr0p001,results_adamw_lr0p001,small_cnn,adamw,10,128,20000,0.001,0.9,0.0005,cuda,False,False,10,119,1532,0.08067046850919724
random,1,results_adamw_lr0p001,results_adamw_lr0p001,small_cnn,adamw,10,128,20000,0.001,0.9,0.0005,cuda,False,False,10,120,1533,0.7021276354789734
random,1,results_adamw_lr0p001,results_adamw_lr0p001,small_cnn,adamw,10,128,20000,0.001,0.9,0.0005,cuda,False,False,10,121,1534,0.3977578580379486
random,1,results_adamw_lr0p001,results_adamw_lr0p001,small_cnn,adamw,10,128,20000,0.001,0.9,0.0005,cuda,False,False,10,122,1535,0.698064386844635
random,1,results_adamw_lr0p001,results_adamw_lr0p001,small_cnn,adamw,10,128,20000,0.001,0.9,0.0005,cuda,False,False,10,123,1536,0.7090500593185425
random,1,results_adamw_lr0p001,results_adamw_lr0p001,small_cnn,adamw,10,128,20000,0.001,0.9,0.0005,cuda,False,False,10,124,1537,0.3638113737106323
random,1,results_adamw_lr0p001,results_adamw_lr0p001,small_cnn,adamw,10,128,20000,0.001,0.9,0.0005,cuda,False,False,10,125,1538,0.23389595746994019
random,1,results_adamw_lr0p001,results_adamw_lr0p001,small_cnn,adamw,10,128,20000,0.001,0.9,0.0005,cuda,False,False,10,126,1539,-0.10640071332454681
random,1,results_adamw_lr0p001,results_adamw_lr0p001,small_cnn,adamw,10,128,20000,0.001,0.9,0.0005,cuda,False,False,10,127,1540,0.2611466944217682
random,1,results_adamw_lr0p001,results_adamw_lr0p001,small_cnn,adamw,10,128,20000,0.001,0.9,0.0005,cuda,False,False,10,128,1541,0.40525704622268677
random,1,results_adamw_lr0p001,results_adamw_lr0p001,small_cnn,adamw,10,128,20000,0.001,0.9,0.0005,cuda,False,False,10,129,1542,0.599233090877533
random,1,results_adamw_lr0p001,results_adamw_lr0p001,small_cnn,adamw,10,128,20000,0.001,0.9,0.0005,cuda,False,False,10,130,1543,0.1301276534795761
random,1,results_adamw_lr0p001,results_adamw_lr0p001,small_cnn,adamw,10,128,20000,0.001,0.9,0.0005,cuda,False,False,10,131,1544,0.08309951424598694
random,1,results_adamw_lr0p001,results_adamw_lr0p001,small_cnn,adamw,10,128,20000,0.001,0.9,0.0005,cuda,False,False,10,132,1545,0.610242486000061
random,1,results_adamw_lr0p001,results_adamw_lr0p001,small_cnn,adamw,10,128,20000,0.001,0.9,0.0005,cuda,False,False,10,133,1546,0.3728787302970886
random,1,results_adamw_lr0p001,results_adamw_lr0p001,small_cnn,adamw,10,128,20000,0.001,0.9,0.0005,cuda,False,False,10,134,1547,0.17052605748176575
random,1,results_adamw_lr0p001,results_adamw_lr0p001,small_cnn,adamw,10,128,20000,0.001,0.9,0.0005,cuda,False,False,10,135,1548,0.17241227626800537
random,1,results_adamw_lr0p001,results_adamw_lr0p001,small_cnn,adamw,10,128,20000,0.001,0.9,0.0005,cuda,False,False,10,136,1549,-0.29951027035713196
random,1,results_adamw_lr0p001,results_adamw_lr0p001,small_cnn,adamw,10,128,20000,0.001,0.9,0.0005,cuda,False,False,10,137,1550,-0.24471138417720795
random,1,results_adamw_lr0p001,results_adamw_lr0p001,small_cnn,adamw,10,128,20000,0.001,0.9,0.0005,cuda,False,False,10,138,1551,0.416864812374115
random,1,results_adamw_lr0p001,results_adamw_lr0p001,small_cnn,adamw,10,128,20000,0.001,0.9,0.0005,cuda,False,False,10,139,1552,0.3864305317401886
random,1,results_adamw_lr0p001,results_adamw_lr0p001,small_cnn,adamw,10,128,20000,0.001,0.9,0.0005,cuda,False,False,10,140,1553,0.2561931610107422
random,1,results_adamw_lr0p001,results_adamw_lr0p001,small_cnn,adamw,10,128,20000,0.001,0.9,0.0005,cuda,False,False,10,141,1554,-0.49515607953071594
random,1,results_adamw_lr0p001,results_adamw_lr0p001,small_cnn,adamw,10,128,20000,0.001,0.9,0.0005,cuda,False,False,10,142,1555,0.3976977467536926
random,1,results_adamw_lr0p001,results_adamw_lr0p001,small_cnn,adamw,10,128,20000,0.001,0.9,0.0005,cuda,False,False,10,143,1556,0.22803522646427155
random,1,results_adamw_lr0p001,results_adamw_lr0p001,small_cnn,adamw,10,128,20000,0.001,0.9,0.0005,cuda,False,False,10,144,1557,0.2273021638393402
random,1,results_adamw_lr0p001,results_adamw_lr0p001,small_cnn,adamw,10,128,20000,0.001,0.9,0.0005,cuda,False,False,10,145,1558,-0.11360108852386475
random,1,results_adamw_lr0p001,results_adamw_lr0p001,small_cnn,adamw,10,128,20000,0.001,0.9,0.0005,cuda,False,False,10,146,1559,0.3547082245349884
random,1,results_adamw_lr0p001,results_adamw_lr0p001,small_cnn,adamw,10,128,20000,0.001,0.9,0.0005,cuda,False,False,10,147,1560,-0.20607225596904755
random,1,results_adamw_lr0p001,results_adamw_lr0p001,small_cnn,adamw,10,128,20000,0.001,0.9,0.0005,cuda,False,False,10,148,1561,0.5313133001327515
random,1,results_adamw_lr0p001,results_adamw_lr0p001,small_cnn,adamw,10,128,20000,0.001,0.9,0.0005,cuda,False,False,10,149,1562,0.46005672216415405
random,1,results_adamw_lr0p001,results_adamw_lr0p001,small_cnn,adamw,10,128,20000,0.001,0.9,0.0005,cuda,False,False,10,150,1563,0.6330859065055847
random,1,results_adamw_lr0p001,results_adamw_lr0p001,small_cnn,adamw,10,128,20000,0.001,0.9,0.0005,cuda,False,False,10,151,1564,0.2911115884780884
random,1,results_adamw_lr0p001,results_adamw_lr0p001,small_cnn,adamw,10,128,20000,0.001,0.9,0.0005,cuda,False,False,10,152,1565,0.004727431572973728
random,1,results_adamw_lr0p001,results_adamw_lr0p001,small_cnn,adamw,10,128,20000,0.001,0.9,0.0005,cuda,False,False,10,153,1566,0.28644371032714844
random,1,results_adamw_lr0p001,results_adamw_lr0p001,small_cnn,adamw,10,128,20000,0.001,0.9,0.0005,cuda,False,False,10,154,1567,0.41497039794921875
random,1,results_adamw_lr0p001,results_adamw_lr0p001,small_cnn,adamw,10,128,20000,0.001,0.9,0.0005,cuda,False,False,10,155,1568,-0.027380691841244698
random,1,results_adamw_lr0p001,results_adamw_lr0p001,small_cnn,adamw,10,128,20000,0.001,0.9,0.0005,cuda,False,False,10,156,1569,-0.0802856832742691
random,1,results_adamw_lr0p001,results_adamw_lr0p001,small_cnn,adamw,10,128,20000,0.001,0.9,0.0005,cuda,False,False,10,157,1570,0.1639578938484192
