order_mode,seed,experiment_name,output_dir,model,optimizer,epochs,batch_size,max_train_examples,learning_rate,momentum,weight_decay,device,deterministic,save_embeddings,epoch,batch_index,global_step,cosine_similarity
curriculum_hard,2,results_adamw_lr0p001,results_adamw_lr0p001,small_cnn,adamw,10,128,20000,0.001,0.9,0.0005,cuda,False,False,1,1,1,
curriculum_hard,2,results_adamw_lr0p001,results_adamw_lr0p001,small_cnn,adamw,10,128,20000,0.001,0.9,0.0005,cuda,False,False,1,2,2,0.11814487725496292
curriculum_hard,2,results_adamw_lr0p001,results_adamw_lr0p001,small_cnn,adamw,10,128,20000,0.001,0.9,0.0005,cuda,False,False,1,3,3,0.6419222354888916
curriculum_hard,2,results_adamw_lr0p001,results_adamw_lr0p001,small_cnn,adamw,10,128,20000,0.001,0.9,0.0005,cuda,False,False,1,4,4,-0.09916870296001434
curriculum_hard,2,results_adamw_lr0p001,results_adamw_lr0p001,small_cnn,adamw,10,128,20000,0.001,0.9,0.0005,cuda,False,False,1,5,5,0.7025144100189209
curriculum_hard,2,results_adamw_lr0p001,results_adamw_lr0p001,small_cnn,adamw,10,128,20000,0.001,0.9,0.0005,cuda,False,False,1,6,6,0.2593446671962738
curriculum_hard,2,results_adamw_lr0p001,results_adamw_lr0p001,small_cnn,adamw,10,128,20000,0.001,0.9,0.0005,cuda,False,False,1,7,7,0.1760534644126892
curriculum_hard,2,results_adamw_lr0p001,results_adamw_lr0p001,small_cnn,adamw,10,128,20000,0.001,0.9,0.0005,cuda,False,False,1,8,8,0.28980642557144165
curriculum_hard,2,results_adamw_lr0p001,results_adamw_lr0p001,small_cnn,adamw,10,128,20000,0.001,0.9,0.0005,cuda,False,False,1,9,9,0.6716270446777344
curriculum_hard,2,results_adamw_lr0p001,results_adamw_lr0p001,small_cnn,adamw,10,128,20000,0.001,0.9,0.0005,cuda,False,False,1,10,10,0.383149653673172
curriculum_hard,2,results_adamw_lr0p001,results_adamw_lr0p001,small_cnn,adamw,10,128,20000,0.001,0.9,0.0005,cuda,False,False,1,11,11,0.19463688135147095
curriculum_hard,2,results_adamw_lr0p001,results_adamw_lr0p001,small_cnn,adamw,10,128,20000,0.001,0.9,0.0005,cuda,False,False,1,12,12,0.45160552859306335
curriculum_hard,2,results_adamw_lr0p001,results_adamw_lr0p001,small_cnn,adamw,10,128,20000,0.001,0.9,0.0005,cuda,False,False,1,13,13,0.6336253881454468
curriculum_hard,2,results_adamw_lr0p001,results_adamw_lr0p001,small_cnn,adamw,10,128,20000,0.001,0.9,0.0005,cuda,False,False,1,14,14,-0.0261885654181242
curriculum_hard,2,results_adamw_lr0p001,results_adamw_lr0p001,small_cnn,adamw,10,128,20000,0.001,0.9,0.0005,cuda,False,False,1,15,15,0.43194568157196045
curriculum_hard,2,results_adamw_lr0p001,results_adamw_lr0p001,small_cnn,adamw,10,128,20000,0.001,0.9,0.0005,cuda,False,False,1,16,16,0.6475120186805725
curriculum_hard,2,results_adamw_lr0p001,results_adamw_lr0p001,small_cnn,adamw,10,128,20000,0.001,0.9,0.0005,cuda,False,False,1,17,17,0.5525594353675842
curriculum_hard,2,results_adamw_lr0p001,results_adamw_lr0p001,small_cnn,adamw,10,128,20000,0.001,0.9,0.0005,cuda,False,False,1,18,18,0.20957410335540771
curriculum_hard,2,results_adamw_lr0p001,results_adamw_lr0p001,small_cnn,adamw,10,128,20000,0.001,0.9,0.0005,cuda,False,False,1,19,19,0.09199116379022598
curriculum_hard,2,results_adamw_lr0p001,results_adamw_lr0p001,small_cnn,adamw,10,128,20000,0.001,0.9,0.0005,cuda,False,False,1,20,20,0.7967172265052795
curriculum_hard,2,results_adamw_lr0p001,results_adamw_lr0p001,small_cnn,adamw,10,128,20000,0.001,0.9,0.0005,cuda,False,False,1,21,21,0.7582044005393982
curriculum_hard,2,results_adamw_lr0p001,results_adamw_lr0p001,small_cnn,adamw,10,128,20000,0.001,0.9,0.0005,cuda,False,False,1,22,22,0.23695416748523712
curriculum_hard,2,results_adamw_lr0p001,results_adamw_lr0p001,small_cnn,adamw,10,128,20000,0.001,0.9,0.0005,cuda,False,False,1,23,23,0.5131373405456543
curriculum_hard,2,results_adamw_lr0p001,results_adamw_lr0p001,small_cnn,adamw,10,128,20000,0.001,0.9,0.0005,cuda,False,False,1,24,24,0.526991069316864
curriculum_hard,2,results_adamw_lr0p001,results_adamw_lr0p001,small_cnn,adamw,10,128,20000,0.001,0.9,0.0005,cuda,False,False,1,25,25,0.051699448376894
curriculum_hard,2,results_adamw_lr0p001,results_adamw_lr0p001,small_cnn,adamw,10,128,20000,0.001,0.9,0.0005,cuda,False,False,1,26,26,0.5629363656044006
curriculum_hard,2,results_adamw_lr0p001,results_adamw_lr0p001,small_cnn,adamw,10,128,20000,0.001,0.9,0.0005,cuda,False,False,1,27,27,-0.014748583547770977
curriculum_hard,2,results_adamw_lr0p001,results_adamw_lr0p001,small_cnn,adamw,10,128,20000,0.001,0.9,0.0005,cuda,False,False,1,28,28,0.8449743986129761
curriculum_hard,2,results_adamw_lr0p001,results_adamw_lr0p001,small_cnn,adamw,10,128,20000,0.001,0.9,0.0005,cuda,False,False,1,29,29,0.5030873417854309
curriculum_hard,2,results_adamw_lr0p001,results_adamw_lr0p001,small_cnn,adamw,10,128,20000,0.001,0.9,0.0005,cuda,False,False,1,30,30,0.3633766174316406
curriculum_hard,2,results_adamw_lr0p001,results_adamw_lr0p001,small_cnn,adamw,10,128,20000,0.001,0.9,0.0005,cuda,False,False,1,31,31,0.6300294995307922
curriculum_hard,2,results_adamw_lr0p001,results_adamw_lr0p001,small_cnn,adamw,10,128,20000,0.001,0.9,0.0005,cuda,False,False,1,32,32,0.7063623666763306
curriculum_hard,2,results_adamw_lr0p001,results_adamw_lr0p001,small_cnn,adamw,10,128,20000,0.001,0.9,0.0005,cuda,False,False,1,33,33,0.4391392767429352
curriculum_hard,2,results_adamw_lr0p001,results_adamw_lr0p001,small_cnn,adamw,10,128,20000,0.001,0.9,0.0005,cuda,False,False,1,34,34,-0.5552716255187988
curriculum_hard,2,results_adamw_lr0p001,results_adamw_lr0p001,small_cnn,adamw,10,128,20000,0.001,0.9,0.0005,cuda,False,False,1,35,35,0.5676053166389465
curriculum_hard,2,results_adamw_lr0p001,results_adamw_lr0p001,small_cnn,adamw,10,128,20000,0.001,0.9,0.0005,cuda,False,False,1,36,36,0.7285799384117126
curriculum_hard,2,results_adamw_lr0p001,results_adamw_lr0p001,small_cnn,adamw,10,128,20000,0.001,0.9,0.0005,cuda,False,False,1,37,37,0.18862082064151764
curriculum_hard,2,results_adamw_lr0p001,results_adamw_lr0p001,small_cnn,adamw,10,128,20000,0.001,0.9,0.0005,cuda,False,False,1,38,38,0.3742179572582245
curriculum_hard,2,results_adamw_lr0p001,results_adamw_lr0p001,small_cnn,adamw,10,128,20000,0.001,0.9,0.0005,cuda,False,False,1,39,39,0.7336856126785278
curriculum_hard,2,results_adamw_lr0p001,results_adamw_lr0p001,small_cnn,adamw,10,128,20000,0.001,0.9,0.0005,cuda,False,False,1,40,40,-0.12192315608263016
curriculum_hard,2,results_adamw_lr0p001,results_adamw_lr0p001,small_cnn,adamw,10,128,20000,0.001,0.9,0.0005,cuda,False,False,1,41,41,-0.029962074011564255
curriculum_hard,2,results_adamw_lr0p001,results_adamw_lr0p001,small_cnn,adamw,10,128,20000,0.001,0.9,0.0005,cuda,False,False,1,42,42,0.16548752784729004
curriculum_hard,2,results_adamw_lr0p001,results_adamw_lr0p001,small_cnn,adamw,10,128,20000,0.001,0.9,0.0005,cuda,False,False,1,43,43,0.6357413530349731
curriculum_hard,2,results_adamw_lr0p001,results_adamw_lr0p001,small_cnn,adamw,10,128,20000,0.001,0.9,0.0005,cuda,False,False,1,44,44,-0.07172524929046631
curriculum_hard,2,results_adamw_lr0p001,results_adamw_lr0p001,small_cnn,adamw,10,128,20000,0.001,0.9,0.0005,cuda,False,False,1,45,45,0.15874311327934265
curriculum_hard,2,results_adamw_lr0p001,results_adamw_lr0p001,small_cnn,adamw,10,128,20000,0.001,0.9,0.0005,cuda,False,False,1,46,46,-0.48864591121673584
curriculum_hard,2,results_adamw_lr0p001,results_adamw_lr0p001,small_cnn,adamw,10,128,20000,0.001,0.9,0.0005,cuda,False,False,1,47,47,0.025771353393793106
curriculum_hard,2,results_adamw_lr0p001,results_adamw_lr0p001,small_cnn,adamw,10,128,20000,0.001,0.9,0.0005,cuda,False,False,1,48,48,0.6851533651351929
curriculum_hard,2,results_adamw_lr0p001,results_adamw_lr0p001,small_cnn,adamw,10,128,20000,0.001,0.9,0.0005,cuda,False,False,1,49,49,0.31009402871131897
curriculum_hard,2,results_adamw_lr0p001,results_adamw_lr0p001,small_cnn,adamw,10,128,20000,0.001,0.9,0.0005,cuda,False,False,1,50,50,-0.009408032521605492
curriculum_hard,2,results_adamw_lr0p001,results_adamw_lr0p001,small_cnn,adamw,10,128,20000,0.001,0.9,0.0005,cuda,False,False,1,51,51,0.8699292540550232
curriculum_hard,2,results_adamw_lr0p001,results_adamw_lr0p001,small_cnn,adamw,10,128,20000,0.001,0.9,0.0005,cuda,False,False,1,52,52,-0.15352749824523926
curriculum_hard,2,results_adamw_lr0p001,results_adamw_lr0p001,small_cnn,adamw,10,128,20000,0.001,0.9,0.0005,cuda,False,False,1,53,53,0.5953518152236938
curriculum_hard,2,results_adamw_lr0p001,results_adamw_lr0p001,small_cnn,adamw,10,128,20000,0.001,0.9,0.0005,cuda,False,False,1,54,54,0.5683216452598572
curriculum_hard,2,results_adamw_lr0p001,results_adamw_lr0p001,small_cnn,adamw,10,128,20000,0.001,0.9,0.0005,cuda,False,False,1,55,55,-0.05523485317826271
curriculum_hard,2,results_adamw_lr0p001,results_adamw_lr0p001,small_cnn,adamw,10,128,20000,0.001,0.9,0.0005,cuda,False,False,1,56,56,0.6282599568367004
curriculum_hard,2,results_adamw_lr0p001,results_adamw_lr0p001,small_cnn,adamw,10,128,20000,0.001,0.9,0.0005,cuda,False,False,1,57,57,0.6793259382247925
curriculum_hard,2,results_adamw_lr0p001,results_adamw_lr0p001,small_cnn,adamw,10,128,20000,0.001,0.9,0.0005,cuda,False,False,1,58,58,-0.28991082310676575
curriculum_hard,2,results_adamw_lr0p001,results_adamw_lr0p001,small_cnn,adamw,10,128,20000,0.001,0.9,0.0005,cuda,False,False,1,59,59,0.8557875156402588
curriculum_hard,2,results_adamw_lr0p001,results_adamw_lr0p001,small_cnn,adamw,10,128,20000,0.001,0.9,0.0005,cuda,False,False,1,60,60,0.5861625671386719
curriculum_hard,2,results_adamw_lr0p001,results_adamw_lr0p001,small_cnn,adamw,10,128,20000,0.001,0.9,0.0005,cuda,False,False,1,61,61,-0.4098953604698181
curriculum_hard,2,results_adamw_lr0p001,results_adamw_lr0p001,small_cnn,adamw,10,128,20000,0.001,0.9,0.0005,cuda,False,False,1,62,62,0.8756213188171387
curriculum_hard,2,results_adamw_lr0p001,results_adamw_lr0p001,small_cnn,adamw,10,128,20000,0.001,0.9,0.0005,cuda,False,False,1,63,63,0.704099178314209
curriculum_hard,2,results_adamw_lr0p001,results_adamw_lr0p001,small_cnn,adamw,10,128,20000,0.001,0.9,0.0005,cuda,False,False,1,64,64,0.7498877644538879
curriculum_hard,2,results_adamw_lr0p001,results_adamw_lr0p001,small_cnn,adamw,10,128,20000,0.001,0.9,0.0005,cuda,False,False,1,65,65,0.09838885068893433
curriculum_hard,2,results_adamw_lr0p001,results_adamw_lr0p001,small_cnn,adamw,10,128,20000,0.001,0.9,0.0005,cuda,False,False,1,66,66,0.6691702008247375
curriculum_hard,2,results_adamw_lr0p001,results_adamw_lr0p001,small_cnn,adamw,10,128,20000,0.001,0.9,0.0005,cuda,False,False,1,67,67,0.3120235502719879
curriculum_hard,2,results_adamw_lr0p001,results_adamw_lr0p001,small_cnn,adamw,10,128,20000,0.001,0.9,0.0005,cuda,False,False,1,68,68,0.7969321012496948
curriculum_hard,2,results_adamw_lr0p001,results_adamw_lr0p001,small_cnn,adamw,10,128,20000,0.001,0.9,0.0005,cuda,False,False,1,69,69,0.9534090757369995
curriculum_hard,2,results_adamw_lr0p001,results_adamw_lr0p001,small_cnn,adamw,10,128,20000,0.001,0.9,0.0005,cuda,False,False,1,70,70,-0.0011720238253474236
curriculum_hard,2,results_adamw_lr0p001,results_adamw_lr0p001,small_cnn,adamw,10,128,20000,0.001,0.9,0.0005,cuda,False,False,1,71,71,0.14650116860866547
curriculum_hard,2,results_adamw_lr0p001,results_adamw_lr0p001,small_cnn,adamw,10,128,20000,0.001,0.9,0.0005,cuda,False,False,1,72,72,0.2278011590242386
curriculum_hard,2,results_adamw_lr0p001,results_adamw_lr0p001,small_cnn,adamw,10,128,20000,0.001,0.9,0.0005,cuda,False,False,1,73,73,0.6183196902275085
curriculum_hard,2,results_adamw_lr0p001,results_adamw_lr0p001,small_cnn,adamw,10,128,20000,0.001,0.9,0.0005,cuda,False,False,1,74,74,0.877427875995636
curriculum_hard,2,results_adamw_lr0p001,results_adamw_lr0p001,small_cnn,adamw,10,128,20000,0.001,0.9,0.0005,cuda,False,False,1,75,75,0.7048577070236206
curriculum_hard,2,results_adamw_lr0p001,results_adamw_lr0p001,small_cnn,adamw,10,128,20000,0.001,0.9,0.0005,cuda,False,False,1,76,76,0.06800880283117294
curriculum_hard,2,results_adamw_lr0p001,results_adamw_lr0p001,small_cnn,adamw,10,128,20000,0.001,0.9,0.0005,cuda,False,False,1,77,77,0.19451051950454712
curriculum_hard,2,results_adamw_lr0p001,results_adamw_lr0p001,small_cnn,adamw,10,128,20000,0.001,0.9,0.0005,cuda,False,False,1,78,78,-0.33765092492103577
curriculum_hard,2,results_adamw_lr0p001,results_adamw_lr0p001,small_cnn,adamw,10,128,20000,0.001,0.9,0.0005,cuda,False,False,1,79,79,0.763381838798523
curriculum_hard,2,results_adamw_lr0p001,results_adamw_lr0p001,small_cnn,adamw,10,128,20000,0.001,0.9,0.0005,cuda,False,False,1,80,80,0.7755692601203918
curriculum_hard,2,results_adamw_lr0p001,results_adamw_lr0p001,small_cnn,adamw,10,128,20000,0.001,0.9,0.0005,cuda,False,False,1,81,81,0.4633777439594269
curriculum_hard,2,results_adamw_lr0p001,results_adamw_lr0p001,small_cnn,adamw,10,128,20000,0.001,0.9,0.0005,cuda,False,False,1,82,82,0.5414384603500366
curriculum_hard,2,results_adamw_lr0p001,results_adamw_lr0p001,small_cnn,adamw,10,128,20000,0.001,0.9,0.0005,cuda,False,False,1,83,83,-0.5540990233421326
curriculum_hard,2,results_adamw_lr0p001,results_adamw_lr0p001,small_cnn,adamw,10,128,20000,0.001,0.9,0.0005,cuda,False,False,1,84,84,0.18954303860664368
curriculum_hard,2,results_adamw_lr0p001,results_adamw_lr0p001,small_cnn,adamw,10,128,20000,0.001,0.9,0.0005,cuda,False,False,1,85,85,0.30474817752838135
curriculum_hard,2,results_adamw_lr0p001,results_adamw_lr0p001,small_cnn,adamw,10,128,20000,0.001,0.9,0.0005,cuda,False,False,1,86,86,0.33366289734840393
curriculum_hard,2,results_adamw_lr0p001,results_adamw_lr0p001,small_cnn,adamw,10,128,20000,0.001,0.9,0.0005,cuda,False,False,1,87,87,0.6046706438064575
curriculum_hard,2,results_adamw_lr0p001,results_adamw_lr0p001,small_cnn,adamw,10,128,20000,0.001,0.9,0.0005,cuda,False,False,1,88,88,0.798917829990387
curriculum_hard,2,results_adamw_lr0p001,results_adamw_lr0p001,small_cnn,adamw,10,128,20000,0.001,0.9,0.0005,cuda,False,False,1,89,89,0.20274418592453003
curriculum_hard,2,results_adamw_lr0p001,results_adamw_lr0p001,small_cnn,adamw,10,128,20000,0.001,0.9,0.0005,cuda,False,False,1,90,90,0.02016662061214447
curriculum_hard,2,results_adamw_lr0p001,results_adamw_lr0p001,small_cnn,adamw,10,128,20000,0.001,0.9,0.0005,cuda,False,False,1,91,91,0.54338538646698
curriculum_hard,2,results_adamw_lr0p001,results_adamw_lr0p001,small_cnn,adamw,10,128,20000,0.001,0.9,0.0005,cuda,False,False,1,92,92,0.7189673781394958
curriculum_hard,2,results_adamw_lr0p001,results_adamw_lr0p001,small_cnn,adamw,10,128,20000,0.001,0.9,0.0005,cuda,False,False,1,93,93,0.6994624137878418
curriculum_hard,2,results_adamw_lr0p001,results_adamw_lr0p001,small_cnn,adamw,10,128,20000,0.001,0.9,0.0005,cuda,False,False,1,94,94,-0.476881742477417
curriculum_hard,2,results_adamw_lr0p001,results_adamw_lr0p001,small_cnn,adamw,10,128,20000,0.001,0.9,0.0005,cuda,False,False,1,95,95,-0.005990940146148205
curriculum_hard,2,results_adamw_lr0p001,results_adamw_lr0p001,small_cnn,adamw,10,128,20000,0.001,0.9,0.0005,cuda,False,False,1,96,96,0.6837624907493591
curriculum_hard,2,results_adamw_lr0p001,results_adamw_lr0p001,small_cnn,adamw,10,128,20000,0.001,0.9,0.0005,cuda,False,False,1,97,97,0.6194868683815002
curriculum_hard,2,results_adamw_lr0p001,results_adamw_lr0p001,small_cnn,adamw,10,128,20000,0.001,0.9,0.0005,cuda,False,False,1,98,98,0.14810100197792053
curriculum_hard,2,results_adamw_lr0p001,results_adamw_lr0p001,small_cnn,adamw,10,128,20000,0.001,0.9,0.0005,cuda,False,False,1,99,99,0.7219715714454651
curriculum_hard,2,results_adamw_lr0p001,results_adamw_lr0p001,small_cnn,adamw,10,128,20000,0.001,0.9,0.0005,cuda,False,False,1,100,100,0.3939449191093445
curriculum_hard,2,results_adamw_lr0p001,results_adamw_lr0p001,small_cnn,adamw,10,128,20000,0.001,0.9,0.0005,cuda,False,False,1,101,101,0.33216392993927
curriculum_hard,2,results_adamw_lr0p001,results_adamw_lr0p001,small_cnn,adamw,10,128,20000,0.001,0.9,0.0005,cuda,False,False,1,102,102,-0.42499107122421265
curriculum_hard,2,results_adamw_lr0p001,results_adamw_lr0p001,small_cnn,adamw,10,128,20000,0.001,0.9,0.0005,cuda,False,False,1,103,103,0.3490663468837738
curriculum_hard,2,results_adamw_lr0p001,results_adamw_lr0p001,small_cnn,adamw,10,128,20000,0.001,0.9,0.0005,cuda,False,False,1,104,104,0.8182845115661621
curriculum_hard,2,results_adamw_lr0p001,results_adamw_lr0p001,small_cnn,adamw,10,128,20000,0.001,0.9,0.0005,cuda,False,False,1,105,105,0.22930064797401428
curriculum_hard,2,results_adamw_lr0p001,results_adamw_lr0p001,small_cnn,adamw,10,128,20000,0.001,0.9,0.0005,cuda,False,False,1,106,106,0.8099181652069092
curriculum_hard,2,results_adamw_lr0p001,results_adamw_lr0p001,small_cnn,adamw,10,128,20000,0.001,0.9,0.0005,cuda,False,False,1,107,107,0.6552802920341492
curriculum_hard,2,results_adamw_lr0p001,results_adamw_lr0p001,small_cnn,adamw,10,128,20000,0.001,0.9,0.0005,cuda,False,False,1,108,108,0.03630170598626137
curriculum_hard,2,results_adamw_lr0p001,results_adamw_lr0p001,small_cnn,adamw,10,128,20000,0.001,0.9,0.0005,cuda,False,False,1,109,109,0.2330556958913803
curriculum_hard,2,results_adamw_lr0p001,results_adamw_lr0p001,small_cnn,adamw,10,128,20000,0.001,0.9,0.0005,cuda,False,False,1,110,110,0.4063625633716583
curriculum_hard,2,results_adamw_lr0p001,results_adamw_lr0p001,small_cnn,adamw,10,128,20000,0.001,0.9,0.0005,cuda,False,False,1,111,111,0.8035799860954285
curriculum_hard,2,results_adamw_lr0p001,results_adamw_lr0p001,small_cnn,adamw,10,128,20000,0.001,0.9,0.0005,cuda,False,False,1,112,112,0.12184657156467438
curriculum_hard,2,results_adamw_lr0p001,results_adamw_lr0p001,small_cnn,adamw,10,128,20000,0.001,0.9,0.0005,cuda,False,False,1,113,113,0.533038854598999
curriculum_hard,2,results_adamw_lr0p001,results_adamw_lr0p001,small_cnn,adamw,10,128,20000,0.001,0.9,0.0005,cuda,False,False,1,114,114,0.4893798232078552
curriculum_hard,2,results_adamw_lr0p001,results_adamw_lr0p001,small_cnn,adamw,10,128,20000,0.001,0.9,0.0005,cuda,False,False,1,115,115,0.715801477432251
curriculum_hard,2,results_adamw_lr0p001,results_adamw_lr0p001,small_cnn,adamw,10,128,20000,0.001,0.9,0.0005,cuda,False,False,1,116,116,0.6060410737991333
curriculum_hard,2,results_adamw_lr0p001,results_adamw_lr0p001,small_cnn,adamw,10,128,20000,0.001,0.9,0.0005,cuda,False,False,1,117,117,0.4642845690250397
curriculum_hard,2,results_adamw_lr0p001,results_adamw_lr0p001,small_cnn,adamw,10,128,20000,0.001,0.9,0.0005,cuda,False,False,1,118,118,0.6808372139930725
curriculum_hard,2,results_adamw_lr0p001,results_adamw_lr0p001,small_cnn,adamw,10,128,20000,0.001,0.9,0.0005,cuda,False,False,1,119,119,-0.2960098087787628
curriculum_hard,2,results_adamw_lr0p001,results_adamw_lr0p001,small_cnn,adamw,10,128,20000,0.001,0.9,0.0005,cuda,False,False,1,120,120,0.4491986334323883
curriculum_hard,2,results_adamw_lr0p001,results_adamw_lr0p001,small_cnn,adamw,10,128,20000,0.001,0.9,0.0005,cuda,False,False,1,121,121,-0.7306452393531799
curriculum_hard,2,results_adamw_lr0p001,results_adamw_lr0p001,small_cnn,adamw,10,128,20000,0.001,0.9,0.0005,cuda,False,False,1,122,122,-0.6691641807556152
curriculum_hard,2,results_adamw_lr0p001,results_adamw_lr0p001,small_cnn,adamw,10,128,20000,0.001,0.9,0.0005,cuda,False,False,1,123,123,-0.08848099410533905
curriculum_hard,2,results_adamw_lr0p001,results_adamw_lr0p001,small_cnn,adamw,10,128,20000,0.001,0.9,0.0005,cuda,False,False,1,124,124,-0.19802232086658478
curriculum_hard,2,results_adamw_lr0p001,results_adamw_lr0p001,small_cnn,adamw,10,128,20000,0.001,0.9,0.0005,cuda,False,False,1,125,125,0.4324790835380554
curriculum_hard,2,results_adamw_lr0p001,results_adamw_lr0p001,small_cnn,adamw,10,128,20000,0.001,0.9,0.0005,cuda,False,False,1,126,126,0.35535234212875366
curriculum_hard,2,results_adamw_lr0p001,results_adamw_lr0p001,small_cnn,adamw,10,128,20000,0.001,0.9,0.0005,cuda,False,False,1,127,127,0.5767063498497009
curriculum_hard,2,results_adamw_lr0p001,results_adamw_lr0p001,small_cnn,adamw,10,128,20000,0.001,0.9,0.0005,cuda,False,False,1,128,128,0.3521760404109955
curriculum_hard,2,results_adamw_lr0p001,results_adamw_lr0p001,small_cnn,adamw,10,128,20000,0.001,0.9,0.0005,cuda,False,False,1,129,129,-0.11534920334815979
curriculum_hard,2,results_adamw_lr0p001,results_adamw_lr0p001,small_cnn,adamw,10,128,20000,0.001,0.9,0.0005,cuda,False,False,1,130,130,0.5809421539306641
curriculum_hard,2,results_adamw_lr0p001,results_adamw_lr0p001,small_cnn,adamw,10,128,20000,0.001,0.9,0.0005,cuda,False,False,1,131,131,-0.0834091529250145
curriculum_hard,2,results_adamw_lr0p001,results_adamw_lr0p001,small_cnn,adamw,10,128,20000,0.001,0.9,0.0005,cuda,False,False,1,132,132,0.5839757919311523
curriculum_hard,2,results_adamw_lr0p001,results_adamw_lr0p001,small_cnn,adamw,10,128,20000,0.001,0.9,0.0005,cuda,False,False,1,133,133,0.8754554986953735
curriculum_hard,2,results_adamw_lr0p001,results_adamw_lr0p001,small_cnn,adamw,10,128,20000,0.001,0.9,0.0005,cuda,False,False,1,134,134,-0.3936313986778259
curriculum_hard,2,results_adamw_lr0p001,results_adamw_lr0p001,small_cnn,adamw,10,128,20000,0.001,0.9,0.0005,cuda,False,False,1,135,135,0.608036994934082
curriculum_hard,2,results_adamw_lr0p001,results_adamw_lr0p001,small_cnn,adamw,10,128,20000,0.001,0.9,0.0005,cuda,False,False,1,136,136,0.532112181186676
curriculum_hard,2,results_adamw_lr0p001,results_adamw_lr0p001,small_cnn,adamw,10,128,20000,0.001,0.9,0.0005,cuda,False,False,1,137,137,0.7874563336372375
curriculum_hard,2,results_adamw_lr0p001,results_adamw_lr0p001,small_cnn,adamw,10,128,20000,0.001,0.9,0.0005,cuda,False,False,1,138,138,0.07473793625831604
curriculum_hard,2,results_adamw_lr0p001,results_adamw_lr0p001,small_cnn,adamw,10,128,20000,0.001,0.9,0.0005,cuda,False,False,1,139,139,0.42697960138320923
curriculum_hard,2,results_adamw_lr0p001,results_adamw_lr0p001,small_cnn,adamw,10,128,20000,0.001,0.9,0.0005,cuda,False,False,1,140,140,0.9632617235183716
curriculum_hard,2,results_adamw_lr0p001,results_adamw_lr0p001,small_cnn,adamw,10,128,20000,0.001,0.9,0.0005,cuda,False,False,1,141,141,0.9264857172966003
curriculum_hard,2,results_adamw_lr0p001,results_adamw_lr0p001,small_cnn,adamw,10,128,20000,0.001,0.9,0.0005,cuda,False,False,1,142,142,0.5305935144424438
curriculum_hard,2,results_adamw_lr0p001,results_adamw_lr0p001,small_cnn,adamw,10,128,20000,0.001,0.9,0.0005,cuda,False,False,1,143,143,0.22007706761360168
curriculum_hard,2,results_adamw_lr0p001,results_adamw_lr0p001,small_cnn,adamw,10,128,20000,0.001,0.9,0.0005,cuda,False,False,1,144,144,0.7632758021354675
curriculum_hard,2,results_adamw_lr0p001,results_adamw_lr0p001,small_cnn,adamw,10,128,20000,0.001,0.9,0.0005,cuda,False,False,1,145,145,0.8051908016204834
curriculum_hard,2,results_adamw_lr0p001,results_adamw_lr0p001,small_cnn,adamw,10,128,20000,0.001,0.9,0.0005,cuda,False,False,1,146,146,0.5597434043884277
curriculum_hard,2,results_adamw_lr0p001,results_adamw_lr0p001,small_cnn,adamw,10,128,20000,0.001,0.9,0.0005,cuda,False,False,1,147,147,-0.8132806420326233
curriculum_hard,2,results_adamw_lr0p001,results_adamw_lr0p001,small_cnn,adamw,10,128,20000,0.001,0.9,0.0005,cuda,False,False,1,148,148,0.4685073792934418
curriculum_hard,2,results_adamw_lr0p001,results_adamw_lr0p001,small_cnn,adamw,10,128,20000,0.001,0.9,0.0005,cuda,False,False,1,149,149,0.7529281377792358
curriculum_hard,2,results_adamw_lr0p001,results_adamw_lr0p001,small_cnn,adamw,10,128,20000,0.001,0.9,0.0005,cuda,False,False,1,150,150,0.41597893834114075
curriculum_hard,2,results_adamw_lr0p001,results_adamw_lr0p001,small_cnn,adamw,10,128,20000,0.001,0.9,0.0005,cuda,False,False,1,151,151,0.04273856058716774
curriculum_hard,2,results_adamw_lr0p001,results_adamw_lr0p001,small_cnn,adamw,10,128,20000,0.001,0.9,0.0005,cuda,False,False,1,152,152,0.9715677499771118
curriculum_hard,2,results_adamw_lr0p001,results_adamw_lr0p001,small_cnn,adamw,10,128,20000,0.001,0.9,0.0005,cuda,False,False,1,153,153,0.6540098190307617
curriculum_hard,2,results_adamw_lr0p001,results_adamw_lr0p001,small_cnn,adamw,10,128,20000,0.001,0.9,0.0005,cuda,False,False,1,154,154,-0.1252816766500473
curriculum_hard,2,results_adamw_lr0p001,results_adamw_lr0p001,small_cnn,adamw,10,128,20000,0.001,0.9,0.0005,cuda,False,False,1,155,155,0.6533985733985901
curriculum_hard,2,results_adamw_lr0p001,results_adamw_lr0p001,small_cnn,adamw,10,128,20000,0.001,0.9,0.0005,cuda,False,False,1,156,156,-0.1511359065771103
curriculum_hard,2,results_adamw_lr0p001,results_adamw_lr0p001,small_cnn,adamw,10,128,20000,0.001,0.9,0.0005,cuda,False,False,1,157,157,-0.8805325627326965
curriculum_hard,2,results_adamw_lr0p001,results_adamw_lr0p001,small_cnn,adamw,10,128,20000,0.001,0.9,0.0005,cuda,False,False,2,1,158,-0.09997912496328354
curriculum_hard,2,results_adamw_lr0p001,results_adamw_lr0p001,small_cnn,adamw,10,128,20000,0.001,0.9,0.0005,cuda,False,False,2,2,159,-0.20095154643058777
curriculum_hard,2,results_adamw_lr0p001,results_adamw_lr0p001,small_cnn,adamw,10,128,20000,0.001,0.9,0.0005,cuda,False,False,2,3,160,0.39099588990211487
curriculum_hard,2,results_adamw_lr0p001,results_adamw_lr0p001,small_cnn,adamw,10,128,20000,0.001,0.9,0.0005,cuda,False,False,2,4,161,0.8231689929962158
curriculum_hard,2,results_adamw_lr0p001,results_adamw_lr0p001,small_cnn,adamw,10,128,20000,0.001,0.9,0.0005,cuda,False,False,2,5,162,0.6160596013069153
curriculum_hard,2,results_adamw_lr0p001,results_adamw_lr0p001,small_cnn,adamw,10,128,20000,0.001,0.9,0.0005,cuda,False,False,2,6,163,0.48738884925842285
curriculum_hard,2,results_adamw_lr0p001,results_adamw_lr0p001,small_cnn,adamw,10,128,20000,0.001,0.9,0.0005,cuda,False,False,2,7,164,0.6975663304328918
curriculum_hard,2,results_adamw_lr0p001,results_adamw_lr0p001,small_cnn,adamw,10,128,20000,0.001,0.9,0.0005,cuda,False,False,2,8,165,0.7997432947158813
curriculum_hard,2,results_adamw_lr0p001,results_adamw_lr0p001,small_cnn,adamw,10,128,20000,0.001,0.9,0.0005,cuda,False,False,2,9,166,0.7541381120681763
curriculum_hard,2,results_adamw_lr0p001,results_adamw_lr0p001,small_cnn,adamw,10,128,20000,0.001,0.9,0.0005,cuda,False,False,2,10,167,0.5962641835212708
curriculum_hard,2,results_adamw_lr0p001,results_adamw_lr0p001,small_cnn,adamw,10,128,20000,0.001,0.9,0.0005,cuda,False,False,2,11,168,-0.448922336101532
curriculum_hard,2,results_adamw_lr0p001,results_adamw_lr0p001,small_cnn,adamw,10,128,20000,0.001,0.9,0.0005,cuda,False,False,2,12,169,0.23390592634677887
curriculum_hard,2,results_adamw_lr0p001,results_adamw_lr0p001,small_cnn,adamw,10,128,20000,0.001,0.9,0.0005,cuda,False,False,2,13,170,0.8391407132148743
curriculum_hard,2,results_adamw_lr0p001,results_adamw_lr0p001,small_cnn,adamw,10,128,20000,0.001,0.9,0.0005,cuda,False,False,2,14,171,0.7013593912124634
curriculum_hard,2,results_adamw_lr0p001,results_adamw_lr0p001,small_cnn,adamw,10,128,20000,0.001,0.9,0.0005,cuda,False,False,2,15,172,0.6232011914253235
curriculum_hard,2,results_adamw_lr0p001,results_adamw_lr0p001,small_cnn,adamw,10,128,20000,0.001,0.9,0.0005,cuda,False,False,2,16,173,0.4175962209701538
curriculum_hard,2,results_adamw_lr0p001,results_adamw_lr0p001,small_cnn,adamw,10,128,20000,0.001,0.9,0.0005,cuda,False,False,2,17,174,0.4142635464668274
curriculum_hard,2,results_adamw_lr0p001,results_adamw_lr0p001,small_cnn,adamw,10,128,20000,0.001,0.9,0.0005,cuda,False,False,2,18,175,0.30801451206207275
curriculum_hard,2,results_adamw_lr0p001,results_adamw_lr0p001,small_cnn,adamw,10,128,20000,0.001,0.9,0.0005,cuda,False,False,2,19,176,0.39768972992897034
curriculum_hard,2,results_adamw_lr0p001,results_adamw_lr0p001,small_cnn,adamw,10,128,20000,0.001,0.9,0.0005,cuda,False,False,2,20,177,0.699505090713501
curriculum_hard,2,results_adamw_lr0p001,results_adamw_lr0p001,small_cnn,adamw,10,128,20000,0.001,0.9,0.0005,cuda,False,False,2,21,178,0.6946173310279846
curriculum_hard,2,results_adamw_lr0p001,results_adamw_lr0p001,small_cnn,adamw,10,128,20000,0.001,0.9,0.0005,cuda,False,False,2,22,179,0.34952956438064575
curriculum_hard,2,results_adamw_lr0p001,results_adamw_lr0p001,small_cnn,adamw,10,128,20000,0.001,0.9,0.0005,cuda,False,False,2,23,180,0.4983329772949219
curriculum_hard,2,results_adamw_lr0p001,results_adamw_lr0p001,small_cnn,adamw,10,128,20000,0.001,0.9,0.0005,cuda,False,False,2,24,181,0.6597519516944885
curriculum_hard,2,results_adamw_lr0p001,results_adamw_lr0p001,small_cnn,adamw,10,128,20000,0.001,0.9,0.0005,cuda,False,False,2,25,182,0.10242915898561478
curriculum_hard,2,results_adamw_lr0p001,results_adamw_lr0p001,small_cnn,adamw,10,128,20000,0.001,0.9,0.0005,cuda,False,False,2,26,183,0.731535792350769
curriculum_hard,2,results_adamw_lr0p001,results_adamw_lr0p001,small_cnn,adamw,10,128,20000,0.001,0.9,0.0005,cuda,False,False,2,27,184,0.3106843829154968
curriculum_hard,2,results_adamw_lr0p001,results_adamw_lr0p001,small_cnn,adamw,10,128,20000,0.001,0.9,0.0005,cuda,False,False,2,28,185,0.6842961311340332
curriculum_hard,2,results_adamw_lr0p001,results_adamw_lr0p001,small_cnn,adamw,10,128,20000,0.001,0.9,0.0005,cuda,False,False,2,29,186,0.5298467874526978
curriculum_hard,2,results_adamw_lr0p001,results_adamw_lr0p001,small_cnn,adamw,10,128,20000,0.001,0.9,0.0005,cuda,False,False,2,30,187,0.4793044626712799
curriculum_hard,2,results_adamw_lr0p001,results_adamw_lr0p001,small_cnn,adamw,10,128,20000,0.001,0.9,0.0005,cuda,False,False,2,31,188,-0.06509711593389511
curriculum_hard,2,results_adamw_lr0p001,results_adamw_lr0p001,small_cnn,adamw,10,128,20000,0.001,0.9,0.0005,cuda,False,False,2,32,189,0.6391781568527222
curriculum_hard,2,results_adamw_lr0p001,results_adamw_lr0p001,small_cnn,adamw,10,128,20000,0.001,0.9,0.0005,cuda,False,False,2,33,190,0.5586977601051331
curriculum_hard,2,results_adamw_lr0p001,results_adamw_lr0p001,small_cnn,adamw,10,128,20000,0.001,0.9,0.0005,cuda,False,False,2,34,191,-0.03078802302479744
curriculum_hard,2,results_adamw_lr0p001,results_adamw_lr0p001,small_cnn,adamw,10,128,20000,0.001,0.9,0.0005,cuda,False,False,2,35,192,0.21614010632038116
curriculum_hard,2,results_adamw_lr0p001,results_adamw_lr0p001,small_cnn,adamw,10,128,20000,0.001,0.9,0.0005,cuda,False,False,2,36,193,-0.09012435376644135
curriculum_hard,2,results_adamw_lr0p001,results_adamw_lr0p001,small_cnn,adamw,10,128,20000,0.001,0.9,0.0005,cuda,False,False,2,37,194,0.06250230967998505
curriculum_hard,2,results_adamw_lr0p001,results_adamw_lr0p001,small_cnn,adamw,10,128,20000,0.001,0.9,0.0005,cuda,False,False,2,38,195,-0.16336609423160553
curriculum_hard,2,results_adamw_lr0p001,results_adamw_lr0p001,small_cnn,adamw,10,128,20000,0.001,0.9,0.0005,cuda,False,False,2,39,196,0.36592409014701843
curriculum_hard,2,results_adamw_lr0p001,results_adamw_lr0p001,small_cnn,adamw,10,128,20000,0.001,0.9,0.0005,cuda,False,False,2,40,197,0.1410612314939499
curriculum_hard,2,results_adamw_lr0p001,results_adamw_lr0p001,small_cnn,adamw,10,128,20000,0.001,0.9,0.0005,cuda,False,False,2,41,198,-0.21847544610500336
curriculum_hard,2,results_adamw_lr0p001,results_adamw_lr0p001,small_cnn,adamw,10,128,20000,0.001,0.9,0.0005,cuda,False,False,2,42,199,0.6248684525489807
curriculum_hard,2,results_adamw_lr0p001,results_adamw_lr0p001,small_cnn,adamw,10,128,20000,0.001,0.9,0.0005,cuda,False,False,2,43,200,-0.3433224558830261
curriculum_hard,2,results_adamw_lr0p001,results_adamw_lr0p001,small_cnn,adamw,10,128,20000,0.001,0.9,0.0005,cuda,False,False,2,44,201,0.3976080119609833
curriculum_hard,2,results_adamw_lr0p001,results_adamw_lr0p001,small_cnn,adamw,10,128,20000,0.001,0.9,0.0005,cuda,False,False,2,45,202,0.7239084839820862
curriculum_hard,2,results_adamw_lr0p001,results_adamw_lr0p001,small_cnn,adamw,10,128,20000,0.001,0.9,0.0005,cuda,False,False,2,46,203,-0.4776567816734314
curriculum_hard,2,results_adamw_lr0p001,results_adamw_lr0p001,small_cnn,adamw,10,128,20000,0.001,0.9,0.0005,cuda,False,False,2,47,204,0.48905497789382935
curriculum_hard,2,results_adamw_lr0p001,results_adamw_lr0p001,small_cnn,adamw,10,128,20000,0.001,0.9,0.0005,cuda,False,False,2,48,205,0.63236004114151
curriculum_hard,2,results_adamw_lr0p001,results_adamw_lr0p001,small_cnn,adamw,10,128,20000,0.001,0.9,0.0005,cuda,False,False,2,49,206,0.28608083724975586
curriculum_hard,2,results_adamw_lr0p001,results_adamw_lr0p001,small_cnn,adamw,10,128,20000,0.001,0.9,0.0005,cuda,False,False,2,50,207,0.28682202100753784
curriculum_hard,2,results_adamw_lr0p001,results_adamw_lr0p001,small_cnn,adamw,10,128,20000,0.001,0.9,0.0005,cuda,False,False,2,51,208,0.7473047971725464
curriculum_hard,2,results_adamw_lr0p001,results_adamw_lr0p001,small_cnn,adamw,10,128,20000,0.001,0.9,0.0005,cuda,False,False,2,52,209,-0.6444673538208008
curriculum_hard,2,results_adamw_lr0p001,results_adamw_lr0p001,small_cnn,adamw,10,128,20000,0.001,0.9,0.0005,cuda,False,False,2,53,210,0.4702683985233307
curriculum_hard,2,results_adamw_lr0p001,results_adamw_lr0p001,small_cnn,adamw,10,128,20000,0.001,0.9,0.0005,cuda,False,False,2,54,211,0.5802650451660156
curriculum_hard,2,results_adamw_lr0p001,results_adamw_lr0p001,small_cnn,adamw,10,128,20000,0.001,0.9,0.0005,cuda,False,False,2,55,212,0.32754307985305786
curriculum_hard,2,results_adamw_lr0p001,results_adamw_lr0p001,small_cnn,adamw,10,128,20000,0.001,0.9,0.0005,cuda,False,False,2,56,213,0.009432676248252392
curriculum_hard,2,results_adamw_lr0p001,results_adamw_lr0p001,small_cnn,adamw,10,128,20000,0.001,0.9,0.0005,cuda,False,False,2,57,214,0.03134716674685478
curriculum_hard,2,results_adamw_lr0p001,results_adamw_lr0p001,small_cnn,adamw,10,128,20000,0.001,0.9,0.0005,cuda,False,False,2,58,215,-0.17790621519088745
curriculum_hard,2,results_adamw_lr0p001,results_adamw_lr0p001,small_cnn,adamw,10,128,20000,0.001,0.9,0.0005,cuda,False,False,2,59,216,0.8090591430664062
curriculum_hard,2,results_adamw_lr0p001,results_adamw_lr0p001,small_cnn,adamw,10,128,20000,0.001,0.9,0.0005,cuda,False,False,2,60,217,0.26648980379104614
curriculum_hard,2,results_adamw_lr0p001,results_adamw_lr0p001,small_cnn,adamw,10,128,20000,0.001,0.9,0.0005,cuda,False,False,2,61,218,-0.025190526619553566
curriculum_hard,2,results_adamw_lr0p001,results_adamw_lr0p001,small_cnn,adamw,10,128,20000,0.001,0.9,0.0005,cuda,False,False,2,62,219,0.6548669934272766
curriculum_hard,2,results_adamw_lr0p001,results_adamw_lr0p001,small_cnn,adamw,10,128,20000,0.001,0.9,0.0005,cuda,False,False,2,63,220,0.4005185663700104
curriculum_hard,2,results_adamw_lr0p001,results_adamw_lr0p001,small_cnn,adamw,10,128,20000,0.001,0.9,0.0005,cuda,False,False,2,64,221,0.7488458752632141
curriculum_hard,2,results_adamw_lr0p001,results_adamw_lr0p001,small_cnn,adamw,10,128,20000,0.001,0.9,0.0005,cuda,False,False,2,65,222,0.4168582558631897
curriculum_hard,2,results_adamw_lr0p001,results_adamw_lr0p001,small_cnn,adamw,10,128,20000,0.001,0.9,0.0005,cuda,False,False,2,66,223,0.745660126209259
curriculum_hard,2,results_adamw_lr0p001,results_adamw_lr0p001,small_cnn,adamw,10,128,20000,0.001,0.9,0.0005,cuda,False,False,2,67,224,-0.3870839774608612
curriculum_hard,2,results_adamw_lr0p001,results_adamw_lr0p001,small_cnn,adamw,10,128,20000,0.001,0.9,0.0005,cuda,False,False,2,68,225,0.6606874465942383
curriculum_hard,2,results_adamw_lr0p001,results_adamw_lr0p001,small_cnn,adamw,10,128,20000,0.001,0.9,0.0005,cuda,False,False,2,69,226,0.817088782787323
curriculum_hard,2,results_adamw_lr0p001,results_adamw_lr0p001,small_cnn,adamw,10,128,20000,0.001,0.9,0.0005,cuda,False,False,2,70,227,0.16380706429481506
curriculum_hard,2,results_adamw_lr0p001,results_adamw_lr0p001,small_cnn,adamw,10,128,20000,0.001,0.9,0.0005,cuda,False,False,2,71,228,0.36206522583961487
curriculum_hard,2,results_adamw_lr0p001,results_adamw_lr0p001,small_cnn,adamw,10,128,20000,0.001,0.9,0.0005,cuda,False,False,2,72,229,0.15263903141021729
curriculum_hard,2,results_adamw_lr0p001,results_adamw_lr0p001,small_cnn,adamw,10,128,20000,0.001,0.9,0.0005,cuda,False,False,2,73,230,0.6690725684165955
curriculum_hard,2,results_adamw_lr0p001,results_adamw_lr0p001,small_cnn,adamw,10,128,20000,0.001,0.9,0.0005,cuda,False,False,2,74,231,-0.3911661207675934
curriculum_hard,2,results_adamw_lr0p001,results_adamw_lr0p001,small_cnn,adamw,10,128,20000,0.001,0.9,0.0005,cuda,False,False,2,75,232,0.6488381028175354
curriculum_hard,2,results_adamw_lr0p001,results_adamw_lr0p001,small_cnn,adamw,10,128,20000,0.001,0.9,0.0005,cuda,False,False,2,76,233,0.4560087025165558
curriculum_hard,2,results_adamw_lr0p001,results_adamw_lr0p001,small_cnn,adamw,10,128,20000,0.001,0.9,0.0005,cuda,False,False,2,77,234,-0.22387255728244781
curriculum_hard,2,results_adamw_lr0p001,results_adamw_lr0p001,small_cnn,adamw,10,128,20000,0.001,0.9,0.0005,cuda,False,False,2,78,235,0.014007028192281723
curriculum_hard,2,results_adamw_lr0p001,results_adamw_lr0p001,small_cnn,adamw,10,128,20000,0.001,0.9,0.0005,cuda,False,False,2,79,236,0.4516911506652832
curriculum_hard,2,results_adamw_lr0p001,results_adamw_lr0p001,small_cnn,adamw,10,128,20000,0.001,0.9,0.0005,cuda,False,False,2,80,237,0.11837004870176315
curriculum_hard,2,results_adamw_lr0p001,results_adamw_lr0p001,small_cnn,adamw,10,128,20000,0.001,0.9,0.0005,cuda,False,False,2,81,238,0.7372390031814575
curriculum_hard,2,results_adamw_lr0p001,results_adamw_lr0p001,small_cnn,adamw,10,128,20000,0.001,0.9,0.0005,cuda,False,False,2,82,239,0.41500043869018555
curriculum_hard,2,results_adamw_lr0p001,results_adamw_lr0p001,small_cnn,adamw,10,128,20000,0.001,0.9,0.0005,cuda,False,False,2,83,240,-0.6392457485198975
curriculum_hard,2,results_adamw_lr0p001,results_adamw_lr0p001,small_cnn,adamw,10,128,20000,0.001,0.9,0.0005,cuda,False,False,2,84,241,-0.5684719085693359
curriculum_hard,2,results_adamw_lr0p001,results_adamw_lr0p001,small_cnn,adamw,10,128,20000,0.001,0.9,0.0005,cuda,False,False,2,85,242,-0.21807126700878143
curriculum_hard,2,results_adamw_lr0p001,results_adamw_lr0p001,small_cnn,adamw,10,128,20000,0.001,0.9,0.0005,cuda,False,False,2,86,243,0.7542669773101807
curriculum_hard,2,results_adamw_lr0p001,results_adamw_lr0p001,small_cnn,adamw,10,128,20000,0.001,0.9,0.0005,cuda,False,False,2,87,244,0.25380128622055054
curriculum_hard,2,results_adamw_lr0p001,results_adamw_lr0p001,small_cnn,adamw,10,128,20000,0.001,0.9,0.0005,cuda,False,False,2,88,245,0.41402092576026917
curriculum_hard,2,results_adamw_lr0p001,results_adamw_lr0p001,small_cnn,adamw,10,128,20000,0.001,0.9,0.0005,cuda,False,False,2,89,246,0.3665860891342163
curriculum_hard,2,results_adamw_lr0p001,results_adamw_lr0p001,small_cnn,adamw,10,128,20000,0.001,0.9,0.0005,cuda,False,False,2,90,247,0.5677090287208557
curriculum_hard,2,results_adamw_lr0p001,results_adamw_lr0p001,small_cnn,adamw,10,128,20000,0.001,0.9,0.0005,cuda,False,False,2,91,248,0.2869844436645508
curriculum_hard,2,results_adamw_lr0p001,results_adamw_lr0p001,small_cnn,adamw,10,128,20000,0.001,0.9,0.0005,cuda,False,False,2,92,249,-0.0940370038151741
curriculum_hard,2,results_adamw_lr0p001,results_adamw_lr0p001,small_cnn,adamw,10,128,20000,0.001,0.9,0.0005,cuda,False,False,2,93,250,0.21657203137874603
curriculum_hard,2,results_adamw_lr0p001,results_adamw_lr0p001,small_cnn,adamw,10,128,20000,0.001,0.9,0.0005,cuda,False,False,2,94,251,0.2727184295654297
curriculum_hard,2,results_adamw_lr0p001,results_adamw_lr0p001,small_cnn,adamw,10,128,20000,0.001,0.9,0.0005,cuda,False,False,2,95,252,0.6366958022117615
curriculum_hard,2,results_adamw_lr0p001,results_adamw_lr0p001,small_cnn,adamw,10,128,20000,0.001,0.9,0.0005,cuda,False,False,2,96,253,0.8599046468734741
curriculum_hard,2,results_adamw_lr0p001,results_adamw_lr0p001,small_cnn,adamw,10,128,20000,0.001,0.9,0.0005,cuda,False,False,2,97,254,-0.18391576409339905
curriculum_hard,2,results_adamw_lr0p001,results_adamw_lr0p001,small_cnn,adamw,10,128,20000,0.001,0.9,0.0005,cuda,False,False,2,98,255,0.0221405029296875
curriculum_hard,2,results_adamw_lr0p001,results_adamw_lr0p001,small_cnn,adamw,10,128,20000,0.001,0.9,0.0005,cuda,False,False,2,99,256,0.8709288835525513
curriculum_hard,2,results_adamw_lr0p001,results_adamw_lr0p001,small_cnn,adamw,10,128,20000,0.001,0.9,0.0005,cuda,False,False,2,100,257,0.8233100771903992
curriculum_hard,2,results_adamw_lr0p001,results_adamw_lr0p001,small_cnn,adamw,10,128,20000,0.001,0.9,0.0005,cuda,False,False,2,101,258,-0.7174039483070374
curriculum_hard,2,results_adamw_lr0p001,results_adamw_lr0p001,small_cnn,adamw,10,128,20000,0.001,0.9,0.0005,cuda,False,False,2,102,259,0.6090213060379028
curriculum_hard,2,results_adamw_lr0p001,results_adamw_lr0p001,small_cnn,adamw,10,128,20000,0.001,0.9,0.0005,cuda,False,False,2,103,260,0.239461749792099
curriculum_hard,2,results_adamw_lr0p001,results_adamw_lr0p001,small_cnn,adamw,10,128,20000,0.001,0.9,0.0005,cuda,False,False,2,104,261,0.8925038576126099
curriculum_hard,2,results_adamw_lr0p001,results_adamw_lr0p001,small_cnn,adamw,10,128,20000,0.001,0.9,0.0005,cuda,False,False,2,105,262,0.6751272678375244
curriculum_hard,2,results_adamw_lr0p001,results_adamw_lr0p001,small_cnn,adamw,10,128,20000,0.001,0.9,0.0005,cuda,False,False,2,106,263,0.6207869052886963
curriculum_hard,2,results_adamw_lr0p001,results_adamw_lr0p001,small_cnn,adamw,10,128,20000,0.001,0.9,0.0005,cuda,False,False,2,107,264,0.4074687957763672
curriculum_hard,2,results_adamw_lr0p001,results_adamw_lr0p001,small_cnn,adamw,10,128,20000,0.001,0.9,0.0005,cuda,False,False,2,108,265,0.7127881646156311
curriculum_hard,2,results_adamw_lr0p001,results_adamw_lr0p001,small_cnn,adamw,10,128,20000,0.001,0.9,0.0005,cuda,False,False,2,109,266,0.7384294867515564
curriculum_hard,2,results_adamw_lr0p001,results_adamw_lr0p001,small_cnn,adamw,10,128,20000,0.001,0.9,0.0005,cuda,False,False,2,110,267,0.5722336173057556
curriculum_hard,2,results_adamw_lr0p001,results_adamw_lr0p001,small_cnn,adamw,10,128,20000,0.001,0.9,0.0005,cuda,False,False,2,111,268,0.6084926724433899
curriculum_hard,2,results_adamw_lr0p001,results_adamw_lr0p001,small_cnn,adamw,10,128,20000,0.001,0.9,0.0005,cuda,False,False,2,112,269,0.05118143931031227
curriculum_hard,2,results_adamw_lr0p001,results_adamw_lr0p001,small_cnn,adamw,10,128,20000,0.001,0.9,0.0005,cuda,False,False,2,113,270,0.8801490664482117
curriculum_hard,2,results_adamw_lr0p001,results_adamw_lr0p001,small_cnn,adamw,10,128,20000,0.001,0.9,0.0005,cuda,False,False,2,114,271,0.6314729452133179
curriculum_hard,2,results_adamw_lr0p001,results_adamw_lr0p001,small_cnn,adamw,10,128,20000,0.001,0.9,0.0005,cuda,False,False,2,115,272,0.8368537425994873
curriculum_hard,2,results_adamw_lr0p001,results_adamw_lr0p001,small_cnn,adamw,10,128,20000,0.001,0.9,0.0005,cuda,False,False,2,116,273,0.7710973024368286
curriculum_hard,2,results_adamw_lr0p001,results_adamw_lr0p001,small_cnn,adamw,10,128,20000,0.001,0.9,0.0005,cuda,False,False,2,117,274,0.6949469447135925
curriculum_hard,2,results_adamw_lr0p001,results_adamw_lr0p001,small_cnn,adamw,10,128,20000,0.001,0.9,0.0005,cuda,False,False,2,118,275,-0.12218702584505081
curriculum_hard,2,results_adamw_lr0p001,results_adamw_lr0p001,small_cnn,adamw,10,128,20000,0.001,0.9,0.0005,cuda,False,False,2,119,276,0.5488338470458984
curriculum_hard,2,results_adamw_lr0p001,results_adamw_lr0p001,small_cnn,adamw,10,128,20000,0.001,0.9,0.0005,cuda,False,False,2,120,277,0.7071806192398071
curriculum_hard,2,results_adamw_lr0p001,results_adamw_lr0p001,small_cnn,adamw,10,128,20000,0.001,0.9,0.0005,cuda,False,False,2,121,278,0.015930045396089554
curriculum_hard,2,results_adamw_lr0p001,results_adamw_lr0p001,small_cnn,adamw,10,128,20000,0.001,0.9,0.0005,cuda,False,False,2,122,279,-0.3527396619319916
curriculum_hard,2,results_adamw_lr0p001,results_adamw_lr0p001,small_cnn,adamw,10,128,20000,0.001,0.9,0.0005,cuda,False,False,2,123,280,-0.23474061489105225
curriculum_hard,2,results_adamw_lr0p001,results_adamw_lr0p001,small_cnn,adamw,10,128,20000,0.001,0.9,0.0005,cuda,False,False,2,124,281,0.14310859143733978
curriculum_hard,2,results_adamw_lr0p001,results_adamw_lr0p001,small_cnn,adamw,10,128,20000,0.001,0.9,0.0005,cuda,False,False,2,125,282,0.7034103274345398
curriculum_hard,2,results_adamw_lr0p001,results_adamw_lr0p001,small_cnn,adamw,10,128,20000,0.001,0.9,0.0005,cuda,False,False,2,126,283,-0.22706134617328644
curriculum_hard,2,results_adamw_lr0p001,results_adamw_lr0p001,small_cnn,adamw,10,128,20000,0.001,0.9,0.0005,cuda,False,False,2,127,284,0.6919471025466919
curriculum_hard,2,results_adamw_lr0p001,results_adamw_lr0p001,small_cnn,adamw,10,128,20000,0.001,0.9,0.0005,cuda,False,False,2,128,285,0.7876277565956116
curriculum_hard,2,results_adamw_lr0p001,results_adamw_lr0p001,small_cnn,adamw,10,128,20000,0.001,0.9,0.0005,cuda,False,False,2,129,286,-0.5275099873542786
curriculum_hard,2,results_adamw_lr0p001,results_adamw_lr0p001,small_cnn,adamw,10,128,20000,0.001,0.9,0.0005,cuda,False,False,2,130,287,0.5770396590232849
curriculum_hard,2,results_adamw_lr0p001,results_adamw_lr0p001,small_cnn,adamw,10,128,20000,0.001,0.9,0.0005,cuda,False,False,2,131,288,-0.18915703892707825
curriculum_hard,2,results_adamw_lr0p001,results_adamw_lr0p001,small_cnn,adamw,10,128,20000,0.001,0.9,0.0005,cuda,False,False,2,132,289,0.30400824546813965
curriculum_hard,2,results_adamw_lr0p001,results_adamw_lr0p001,small_cnn,adamw,10,128,20000,0.001,0.9,0.0005,cuda,False,False,2,133,290,0.7839620113372803
curriculum_hard,2,results_adamw_lr0p001,results_adamw_lr0p001,small_cnn,adamw,10,128,20000,0.001,0.9,0.0005,cuda,False,False,2,134,291,-0.0925036370754242
curriculum_hard,2,results_adamw_lr0p001,results_adamw_lr0p001,small_cnn,adamw,10,128,20000,0.001,0.9,0.0005,cuda,False,False,2,135,292,0.23254264891147614
curriculum_hard,2,results_adamw_lr0p001,results_adamw_lr0p001,small_cnn,adamw,10,128,20000,0.001,0.9,0.0005,cuda,False,False,2,136,293,0.06686908006668091
curriculum_hard,2,results_adamw_lr0p001,results_adamw_lr0p001,small_cnn,adamw,10,128,20000,0.001,0.9,0.0005,cuda,False,False,2,137,294,0.5409408807754517
curriculum_hard,2,results_adamw_lr0p001,results_adamw_lr0p001,small_cnn,adamw,10,128,20000,0.001,0.9,0.0005,cuda,False,False,2,138,295,0.020640425384044647
curriculum_hard,2,results_adamw_lr0p001,results_adamw_lr0p001,small_cnn,adamw,10,128,20000,0.001,0.9,0.0005,cuda,False,False,2,139,296,-0.01969059556722641
curriculum_hard,2,results_adamw_lr0p001,results_adamw_lr0p001,small_cnn,adamw,10,128,20000,0.001,0.9,0.0005,cuda,False,False,2,140,297,-0.2450341433286667
curriculum_hard,2,results_adamw_lr0p001,results_adamw_lr0p001,small_cnn,adamw,10,128,20000,0.001,0.9,0.0005,cuda,False,False,2,141,298,0.5692151784896851
curriculum_hard,2,results_adamw_lr0p001,results_adamw_lr0p001,small_cnn,adamw,10,128,20000,0.001,0.9,0.0005,cuda,False,False,2,142,299,0.4278976619243622
curriculum_hard,2,results_adamw_lr0p001,results_adamw_lr0p001,small_cnn,adamw,10,128,20000,0.001,0.9,0.0005,cuda,False,False,2,143,300,-0.585722804069519
curriculum_hard,2,results_adamw_lr0p001,results_adamw_lr0p001,small_cnn,adamw,10,128,20000,0.001,0.9,0.0005,cuda,False,False,2,144,301,0.576553225517273
curriculum_hard,2,results_adamw_lr0p001,results_adamw_lr0p001,small_cnn,adamw,10,128,20000,0.001,0.9,0.0005,cuda,False,False,2,145,302,-0.23529596626758575
curriculum_hard,2,results_adamw_lr0p001,results_adamw_lr0p001,small_cnn,adamw,10,128,20000,0.001,0.9,0.0005,cuda,False,False,2,146,303,-0.4181763231754303
curriculum_hard,2,results_adamw_lr0p001,results_adamw_lr0p001,small_cnn,adamw,10,128,20000,0.001,0.9,0.0005,cuda,False,False,2,147,304,-0.05655277147889137
curriculum_hard,2,results_adamw_lr0p001,results_adamw_lr0p001,small_cnn,adamw,10,128,20000,0.001,0.9,0.0005,cuda,False,False,2,148,305,0.7592790126800537
curriculum_hard,2,results_adamw_lr0p001,results_adamw_lr0p001,small_cnn,adamw,10,128,20000,0.001,0.9,0.0005,cuda,False,False,2,149,306,0.7948392629623413
curriculum_hard,2,results_adamw_lr0p001,results_adamw_lr0p001,small_cnn,adamw,10,128,20000,0.001,0.9,0.0005,cuda,False,False,2,150,307,0.8779630064964294
curriculum_hard,2,results_adamw_lr0p001,results_adamw_lr0p001,small_cnn,adamw,10,128,20000,0.001,0.9,0.0005,cuda,False,False,2,151,308,-0.15991602838039398
curriculum_hard,2,results_adamw_lr0p001,results_adamw_lr0p001,small_cnn,adamw,10,128,20000,0.001,0.9,0.0005,cuda,False,False,2,152,309,0.9565876126289368
curriculum_hard,2,results_adamw_lr0p001,results_adamw_lr0p001,small_cnn,adamw,10,128,20000,0.001,0.9,0.0005,cuda,False,False,2,153,310,0.9087455868721008
curriculum_hard,2,results_adamw_lr0p001,results_adamw_lr0p001,small_cnn,adamw,10,128,20000,0.001,0.9,0.0005,cuda,False,False,2,154,311,-0.8456248641014099
curriculum_hard,2,results_adamw_lr0p001,results_adamw_lr0p001,small_cnn,adamw,10,128,20000,0.001,0.9,0.0005,cuda,False,False,2,155,312,0.5338528752326965
curriculum_hard,2,results_adamw_lr0p001,results_adamw_lr0p001,small_cnn,adamw,10,128,20000,0.001,0.9,0.0005,cuda,False,False,2,156,313,-0.40259605646133423
curriculum_hard,2,results_adamw_lr0p001,results_adamw_lr0p001,small_cnn,adamw,10,128,20000,0.001,0.9,0.0005,cuda,False,False,2,157,314,-0.766517162322998
curriculum_hard,2,results_adamw_lr0p001,results_adamw_lr0p001,small_cnn,adamw,10,128,20000,0.001,0.9,0.0005,cuda,False,False,3,1,315,-0.06776586174964905
curriculum_hard,2,results_adamw_lr0p001,results_adamw_lr0p001,small_cnn,adamw,10,128,20000,0.001,0.9,0.0005,cuda,False,False,3,2,316,0.20561587810516357
curriculum_hard,2,results_adamw_lr0p001,results_adamw_lr0p001,small_cnn,adamw,10,128,20000,0.001,0.9,0.0005,cuda,False,False,3,3,317,-0.3141733705997467
curriculum_hard,2,results_adamw_lr0p001,results_adamw_lr0p001,small_cnn,adamw,10,128,20000,0.001,0.9,0.0005,cuda,False,False,3,4,318,0.7025331258773804
curriculum_hard,2,results_adamw_lr0p001,results_adamw_lr0p001,small_cnn,adamw,10,128,20000,0.001,0.9,0.0005,cuda,False,False,3,5,319,0.7037956118583679
curriculum_hard,2,results_adamw_lr0p001,results_adamw_lr0p001,small_cnn,adamw,10,128,20000,0.001,0.9,0.0005,cuda,False,False,3,6,320,0.4957238733768463
curriculum_hard,2,results_adamw_lr0p001,results_adamw_lr0p001,small_cnn,adamw,10,128,20000,0.001,0.9,0.0005,cuda,False,False,3,7,321,0.7385640740394592
curriculum_hard,2,results_adamw_lr0p001,results_adamw_lr0p001,small_cnn,adamw,10,128,20000,0.001,0.9,0.0005,cuda,False,False,3,8,322,0.4932270646095276
curriculum_hard,2,results_adamw_lr0p001,results_adamw_lr0p001,small_cnn,adamw,10,128,20000,0.001,0.9,0.0005,cuda,False,False,3,9,323,0.6550622582435608
curriculum_hard,2,results_adamw_lr0p001,results_adamw_lr0p001,small_cnn,adamw,10,128,20000,0.001,0.9,0.0005,cuda,False,False,3,10,324,0.851003885269165
curriculum_hard,2,results_adamw_lr0p001,results_adamw_lr0p001,small_cnn,adamw,10,128,20000,0.001,0.9,0.0005,cuda,False,False,3,11,325,0.4533408284187317
curriculum_hard,2,results_adamw_lr0p001,results_adamw_lr0p001,small_cnn,adamw,10,128,20000,0.001,0.9,0.0005,cuda,False,False,3,12,326,0.3534092903137207
curriculum_hard,2,results_adamw_lr0p001,results_adamw_lr0p001,small_cnn,adamw,10,128,20000,0.001,0.9,0.0005,cuda,False,False,3,13,327,0.3609446585178375
curriculum_hard,2,results_adamw_lr0p001,results_adamw_lr0p001,small_cnn,adamw,10,128,20000,0.001,0.9,0.0005,cuda,False,False,3,14,328,0.373114675283432
curriculum_hard,2,results_adamw_lr0p001,results_adamw_lr0p001,small_cnn,adamw,10,128,20000,0.001,0.9,0.0005,cuda,False,False,3,15,329,0.7304592728614807
curriculum_hard,2,results_adamw_lr0p001,results_adamw_lr0p001,small_cnn,adamw,10,128,20000,0.001,0.9,0.0005,cuda,False,False,3,16,330,0.38474616408348083
curriculum_hard,2,results_adamw_lr0p001,results_adamw_lr0p001,small_cnn,adamw,10,128,20000,0.001,0.9,0.0005,cuda,False,False,3,17,331,0.37042826414108276
curriculum_hard,2,results_adamw_lr0p001,results_adamw_lr0p001,small_cnn,adamw,10,128,20000,0.001,0.9,0.0005,cuda,False,False,3,18,332,0.5174311995506287
curriculum_hard,2,results_adamw_lr0p001,results_adamw_lr0p001,small_cnn,adamw,10,128,20000,0.001,0.9,0.0005,cuda,False,False,3,19,333,0.383056640625
curriculum_hard,2,results_adamw_lr0p001,results_adamw_lr0p001,small_cnn,adamw,10,128,20000,0.001,0.9,0.0005,cuda,False,False,3,20,334,0.6421968936920166
curriculum_hard,2,results_adamw_lr0p001,results_adamw_lr0p001,small_cnn,adamw,10,128,20000,0.001,0.9,0.0005,cuda,False,False,3,21,335,0.27165406942367554
curriculum_hard,2,results_adamw_lr0p001,results_adamw_lr0p001,small_cnn,adamw,10,128,20000,0.001,0.9,0.0005,cuda,False,False,3,22,336,0.7121424078941345
curriculum_hard,2,results_adamw_lr0p001,results_adamw_lr0p001,small_cnn,adamw,10,128,20000,0.001,0.9,0.0005,cuda,False,False,3,23,337,0.25246405601501465
curriculum_hard,2,results_adamw_lr0p001,results_adamw_lr0p001,small_cnn,adamw,10,128,20000,0.001,0.9,0.0005,cuda,False,False,3,24,338,0.769530177116394
curriculum_hard,2,results_adamw_lr0p001,results_adamw_lr0p001,small_cnn,adamw,10,128,20000,0.001,0.9,0.0005,cuda,False,False,3,25,339,0.025576338171958923
curriculum_hard,2,results_adamw_lr0p001,results_adamw_lr0p001,small_cnn,adamw,10,128,20000,0.001,0.9,0.0005,cuda,False,False,3,26,340,0.4717012345790863
curriculum_hard,2,results_adamw_lr0p001,results_adamw_lr0p001,small_cnn,adamw,10,128,20000,0.001,0.9,0.0005,cuda,False,False,3,27,341,0.3949774503707886
curriculum_hard,2,results_adamw_lr0p001,results_adamw_lr0p001,small_cnn,adamw,10,128,20000,0.001,0.9,0.0005,cuda,False,False,3,28,342,0.7028396725654602
curriculum_hard,2,results_adamw_lr0p001,results_adamw_lr0p001,small_cnn,adamw,10,128,20000,0.001,0.9,0.0005,cuda,False,False,3,29,343,0.535710871219635
curriculum_hard,2,results_adamw_lr0p001,results_adamw_lr0p001,small_cnn,adamw,10,128,20000,0.001,0.9,0.0005,cuda,False,False,3,30,344,0.4923068583011627
curriculum_hard,2,results_adamw_lr0p001,results_adamw_lr0p001,small_cnn,adamw,10,128,20000,0.001,0.9,0.0005,cuda,False,False,3,31,345,0.4342661201953888
curriculum_hard,2,results_adamw_lr0p001,results_adamw_lr0p001,small_cnn,adamw,10,128,20000,0.001,0.9,0.0005,cuda,False,False,3,32,346,0.22975923120975494
curriculum_hard,2,results_adamw_lr0p001,results_adamw_lr0p001,small_cnn,adamw,10,128,20000,0.001,0.9,0.0005,cuda,False,False,3,33,347,-0.32792723178863525
curriculum_hard,2,results_adamw_lr0p001,results_adamw_lr0p001,small_cnn,adamw,10,128,20000,0.001,0.9,0.0005,cuda,False,False,3,34,348,-0.6499134302139282
curriculum_hard,2,results_adamw_lr0p001,results_adamw_lr0p001,small_cnn,adamw,10,128,20000,0.001,0.9,0.0005,cuda,False,False,3,35,349,-0.06570415198802948
curriculum_hard,2,results_adamw_lr0p001,results_adamw_lr0p001,small_cnn,adamw,10,128,20000,0.001,0.9,0.0005,cuda,False,False,3,36,350,-0.49706143140792847
curriculum_hard,2,results_adamw_lr0p001,results_adamw_lr0p001,small_cnn,adamw,10,128,20000,0.001,0.9,0.0005,cuda,False,False,3,37,351,0.10446797311306
curriculum_hard,2,results_adamw_lr0p001,results_adamw_lr0p001,small_cnn,adamw,10,128,20000,0.001,0.9,0.0005,cuda,False,False,3,38,352,0.26136544346809387
curriculum_hard,2,results_adamw_lr0p001,results_adamw_lr0p001,small_cnn,adamw,10,128,20000,0.001,0.9,0.0005,cuda,False,False,3,39,353,-0.346124529838562
curriculum_hard,2,results_adamw_lr0p001,results_adamw_lr0p001,small_cnn,adamw,10,128,20000,0.001,0.9,0.0005,cuda,False,False,3,40,354,0.22571797668933868
curriculum_hard,2,results_adamw_lr0p001,results_adamw_lr0p001,small_cnn,adamw,10,128,20000,0.001,0.9,0.0005,cuda,False,False,3,41,355,0.0665973573923111
curriculum_hard,2,results_adamw_lr0p001,results_adamw_lr0p001,small_cnn,adamw,10,128,20000,0.001,0.9,0.0005,cuda,False,False,3,42,356,0.27021732926368713
curriculum_hard,2,results_adamw_lr0p001,results_adamw_lr0p001,small_cnn,adamw,10,128,20000,0.001,0.9,0.0005,cuda,False,False,3,43,357,-0.29351484775543213
curriculum_hard,2,results_adamw_lr0p001,results_adamw_lr0p001,small_cnn,adamw,10,128,20000,0.001,0.9,0.0005,cuda,False,False,3,44,358,0.11747564375400543
curriculum_hard,2,results_adamw_lr0p001,results_adamw_lr0p001,small_cnn,adamw,10,128,20000,0.001,0.9,0.0005,cuda,False,False,3,45,359,0.7890841960906982
curriculum_hard,2,results_adamw_lr0p001,results_adamw_lr0p001,small_cnn,adamw,10,128,20000,0.001,0.9,0.0005,cuda,False,False,3,46,360,-0.049596384167671204
curriculum_hard,2,results_adamw_lr0p001,results_adamw_lr0p001,small_cnn,adamw,10,128,20000,0.001,0.9,0.0005,cuda,False,False,3,47,361,-0.02727874554693699
curriculum_hard,2,results_adamw_lr0p001,results_adamw_lr0p001,small_cnn,adamw,10,128,20000,0.001,0.9,0.0005,cuda,False,False,3,48,362,0.3491988778114319
curriculum_hard,2,results_adamw_lr0p001,results_adamw_lr0p001,small_cnn,adamw,10,128,20000,0.001,0.9,0.0005,cuda,False,False,3,49,363,0.2657281160354614
curriculum_hard,2,results_adamw_lr0p001,results_adamw_lr0p001,small_cnn,adamw,10,128,20000,0.001,0.9,0.0005,cuda,False,False,3,50,364,0.4451860189437866
curriculum_hard,2,results_adamw_lr0p001,results_adamw_lr0p001,small_cnn,adamw,10,128,20000,0.001,0.9,0.0005,cuda,False,False,3,51,365,0.6200402975082397
curriculum_hard,2,results_adamw_lr0p001,results_adamw_lr0p001,small_cnn,adamw,10,128,20000,0.001,0.9,0.0005,cuda,False,False,3,52,366,-0.7970107197761536
curriculum_hard,2,results_adamw_lr0p001,results_adamw_lr0p001,small_cnn,adamw,10,128,20000,0.001,0.9,0.0005,cuda,False,False,3,53,367,0.6401382684707642
curriculum_hard,2,results_adamw_lr0p001,results_adamw_lr0p001,small_cnn,adamw,10,128,20000,0.001,0.9,0.0005,cuda,False,False,3,54,368,0.6185722351074219
curriculum_hard,2,results_adamw_lr0p001,results_adamw_lr0p001,small_cnn,adamw,10,128,20000,0.001,0.9,0.0005,cuda,False,False,3,55,369,0.10330954194068909
curriculum_hard,2,results_adamw_lr0p001,results_adamw_lr0p001,small_cnn,adamw,10,128,20000,0.001,0.9,0.0005,cuda,False,False,3,56,370,0.4219024181365967
curriculum_hard,2,results_adamw_lr0p001,results_adamw_lr0p001,small_cnn,adamw,10,128,20000,0.001,0.9,0.0005,cuda,False,False,3,57,371,0.43266794085502625
curriculum_hard,2,results_adamw_lr0p001,results_adamw_lr0p001,small_cnn,adamw,10,128,20000,0.001,0.9,0.0005,cuda,False,False,3,58,372,0.4026535451412201
curriculum_hard,2,results_adamw_lr0p001,results_adamw_lr0p001,small_cnn,adamw,10,128,20000,0.001,0.9,0.0005,cuda,False,False,3,59,373,0.7247165441513062
curriculum_hard,2,results_adamw_lr0p001,results_adamw_lr0p001,small_cnn,adamw,10,128,20000,0.001,0.9,0.0005,cuda,False,False,3,60,374,-0.1251154989004135
curriculum_hard,2,results_adamw_lr0p001,results_adamw_lr0p001,small_cnn,adamw,10,128,20000,0.001,0.9,0.0005,cuda,False,False,3,61,375,0.5215422511100769
curriculum_hard,2,results_adamw_lr0p001,results_adamw_lr0p001,small_cnn,adamw,10,128,20000,0.001,0.9,0.0005,cuda,False,False,3,62,376,0.7881583571434021
curriculum_hard,2,results_adamw_lr0p001,results_adamw_lr0p001,small_cnn,adamw,10,128,20000,0.001,0.9,0.0005,cuda,False,False,3,63,377,0.22937019169330597
curriculum_hard,2,results_adamw_lr0p001,results_adamw_lr0p001,small_cnn,adamw,10,128,20000,0.001,0.9,0.0005,cuda,False,False,3,64,378,0.7676766514778137
curriculum_hard,2,results_adamw_lr0p001,results_adamw_lr0p001,small_cnn,adamw,10,128,20000,0.001,0.9,0.0005,cuda,False,False,3,65,379,0.23152878880500793
curriculum_hard,2,results_adamw_lr0p001,results_adamw_lr0p001,small_cnn,adamw,10,128,20000,0.001,0.9,0.0005,cuda,False,False,3,66,380,0.7264283299446106
curriculum_hard,2,results_adamw_lr0p001,results_adamw_lr0p001,small_cnn,adamw,10,128,20000,0.001,0.9,0.0005,cuda,False,False,3,67,381,-0.19927456974983215
curriculum_hard,2,results_adamw_lr0p001,results_adamw_lr0p001,small_cnn,adamw,10,128,20000,0.001,0.9,0.0005,cuda,False,False,3,68,382,0.6336197853088379
curriculum_hard,2,results_adamw_lr0p001,results_adamw_lr0p001,small_cnn,adamw,10,128,20000,0.001,0.9,0.0005,cuda,False,False,3,69,383,0.91221684217453
curriculum_hard,2,results_adamw_lr0p001,results_adamw_lr0p001,small_cnn,adamw,10,128,20000,0.001,0.9,0.0005,cuda,False,False,3,70,384,0.3958462178707123
curriculum_hard,2,results_adamw_lr0p001,results_adamw_lr0p001,small_cnn,adamw,10,128,20000,0.001,0.9,0.0005,cuda,False,False,3,71,385,-0.26742178201675415
curriculum_hard,2,results_adamw_lr0p001,results_adamw_lr0p001,small_cnn,adamw,10,128,20000,0.001,0.9,0.0005,cuda,False,False,3,72,386,-0.14948661625385284
curriculum_hard,2,results_adamw_lr0p001,results_adamw_lr0p001,small_cnn,adamw,10,128,20000,0.001,0.9,0.0005,cuda,False,False,3,73,387,0.629626452922821
curriculum_hard,2,results_adamw_lr0p001,results_adamw_lr0p001,small_cnn,adamw,10,128,20000,0.001,0.9,0.0005,cuda,False,False,3,74,388,0.5709649920463562
curriculum_hard,2,results_adamw_lr0p001,results_adamw_lr0p001,small_cnn,adamw,10,128,20000,0.001,0.9,0.0005,cuda,False,False,3,75,389,0.6344903111457825
curriculum_hard,2,results_adamw_lr0p001,results_adamw_lr0p001,small_cnn,adamw,10,128,20000,0.001,0.9,0.0005,cuda,False,False,3,76,390,0.042140088975429535
curriculum_hard,2,results_adamw_lr0p001,results_adamw_lr0p001,small_cnn,adamw,10,128,20000,0.001,0.9,0.0005,cuda,False,False,3,77,391,-0.2019992470741272
curriculum_hard,2,results_adamw_lr0p001,results_adamw_lr0p001,small_cnn,adamw,10,128,20000,0.001,0.9,0.0005,cuda,False,False,3,78,392,0.09359997510910034
curriculum_hard,2,results_adamw_lr0p001,results_adamw_lr0p001,small_cnn,adamw,10,128,20000,0.001,0.9,0.0005,cuda,False,False,3,79,393,0.6554905772209167
curriculum_hard,2,results_adamw_lr0p001,results_adamw_lr0p001,small_cnn,adamw,10,128,20000,0.001,0.9,0.0005,cuda,False,False,3,80,394,0.2634230852127075
curriculum_hard,2,results_adamw_lr0p001,results_adamw_lr0p001,small_cnn,adamw,10,128,20000,0.001,0.9,0.0005,cuda,False,False,3,81,395,0.4788605868816376
curriculum_hard,2,results_adamw_lr0p001,results_adamw_lr0p001,small_cnn,adamw,10,128,20000,0.001,0.9,0.0005,cuda,False,False,3,82,396,0.7811105847358704
curriculum_hard,2,results_adamw_lr0p001,results_adamw_lr0p001,small_cnn,adamw,10,128,20000,0.001,0.9,0.0005,cuda,False,False,3,83,397,-0.19044050574302673
curriculum_hard,2,results_adamw_lr0p001,results_adamw_lr0p001,small_cnn,adamw,10,128,20000,0.001,0.9,0.0005,cuda,False,False,3,84,398,0.2505844533443451
curriculum_hard,2,results_adamw_lr0p001,results_adamw_lr0p001,small_cnn,adamw,10,128,20000,0.001,0.9,0.0005,cuda,False,False,3,85,399,-0.3139575719833374
curriculum_hard,2,results_adamw_lr0p001,results_adamw_lr0p001,small_cnn,adamw,10,128,20000,0.001,0.9,0.0005,cuda,False,False,3,86,400,0.40021365880966187
curriculum_hard,2,results_adamw_lr0p001,results_adamw_lr0p001,small_cnn,adamw,10,128,20000,0.001,0.9,0.0005,cuda,False,False,3,87,401,0.5464396476745605
curriculum_hard,2,results_adamw_lr0p001,results_adamw_lr0p001,small_cnn,adamw,10,128,20000,0.001,0.9,0.0005,cuda,False,False,3,88,402,0.6069099307060242
curriculum_hard,2,results_adamw_lr0p001,results_adamw_lr0p001,small_cnn,adamw,10,128,20000,0.001,0.9,0.0005,cuda,False,False,3,89,403,0.047988370060920715
curriculum_hard,2,results_adamw_lr0p001,results_adamw_lr0p001,small_cnn,adamw,10,128,20000,0.001,0.9,0.0005,cuda,False,False,3,90,404,0.09794232249259949
curriculum_hard,2,results_adamw_lr0p001,results_adamw_lr0p001,small_cnn,adamw,10,128,20000,0.001,0.9,0.0005,cuda,False,False,3,91,405,-0.06605490297079086
curriculum_hard,2,results_adamw_lr0p001,results_adamw_lr0p001,small_cnn,adamw,10,128,20000,0.001,0.9,0.0005,cuda,False,False,3,92,406,0.18917858600616455
curriculum_hard,2,results_adamw_lr0p001,results_adamw_lr0p001,small_cnn,adamw,10,128,20000,0.001,0.9,0.0005,cuda,False,False,3,93,407,0.041134677827358246
curriculum_hard,2,results_adamw_lr0p001,results_adamw_lr0p001,small_cnn,adamw,10,128,20000,0.001,0.9,0.0005,cuda,False,False,3,94,408,0.11132440716028214
curriculum_hard,2,results_adamw_lr0p001,results_adamw_lr0p001,small_cnn,adamw,10,128,20000,0.001,0.9,0.0005,cuda,False,False,3,95,409,-0.4532294273376465
curriculum_hard,2,results_adamw_lr0p001,results_adamw_lr0p001,small_cnn,adamw,10,128,20000,0.001,0.9,0.0005,cuda,False,False,3,96,410,0.7215385437011719
curriculum_hard,2,results_adamw_lr0p001,results_adamw_lr0p001,small_cnn,adamw,10,128,20000,0.001,0.9,0.0005,cuda,False,False,3,97,411,0.3787902891635895
curriculum_hard,2,results_adamw_lr0p001,results_adamw_lr0p001,small_cnn,adamw,10,128,20000,0.001,0.9,0.0005,cuda,False,False,3,98,412,-0.538360595703125
curriculum_hard,2,results_adamw_lr0p001,results_adamw_lr0p001,small_cnn,adamw,10,128,20000,0.001,0.9,0.0005,cuda,False,False,3,99,413,0.42576348781585693
curriculum_hard,2,results_adamw_lr0p001,results_adamw_lr0p001,small_cnn,adamw,10,128,20000,0.001,0.9,0.0005,cuda,False,False,3,100,414,0.3728641867637634
curriculum_hard,2,results_adamw_lr0p001,results_adamw_lr0p001,small_cnn,adamw,10,128,20000,0.001,0.9,0.0005,cuda,False,False,3,101,415,-0.742975652217865
curriculum_hard,2,results_adamw_lr0p001,results_adamw_lr0p001,small_cnn,adamw,10,128,20000,0.001,0.9,0.0005,cuda,False,False,3,102,416,-0.2271207571029663
curriculum_hard,2,results_adamw_lr0p001,results_adamw_lr0p001,small_cnn,adamw,10,128,20000,0.001,0.9,0.0005,cuda,False,False,3,103,417,-0.5623716115951538
curriculum_hard,2,results_adamw_lr0p001,results_adamw_lr0p001,small_cnn,adamw,10,128,20000,0.001,0.9,0.0005,cuda,False,False,3,104,418,0.8500047922134399
curriculum_hard,2,results_adamw_lr0p001,results_adamw_lr0p001,small_cnn,adamw,10,128,20000,0.001,0.9,0.0005,cuda,False,False,3,105,419,0.15599794685840607
curriculum_hard,2,results_adamw_lr0p001,results_adamw_lr0p001,small_cnn,adamw,10,128,20000,0.001,0.9,0.0005,cuda,False,False,3,106,420,0.16291387379169464
curriculum_hard,2,results_adamw_lr0p001,results_adamw_lr0p001,small_cnn,adamw,10,128,20000,0.001,0.9,0.0005,cuda,False,False,3,107,421,0.2557542324066162
curriculum_hard,2,results_adamw_lr0p001,results_adamw_lr0p001,small_cnn,adamw,10,128,20000,0.001,0.9,0.0005,cuda,False,False,3,108,422,0.5792877674102783
curriculum_hard,2,results_adamw_lr0p001,results_adamw_lr0p001,small_cnn,adamw,10,128,20000,0.001,0.9,0.0005,cuda,False,False,3,109,423,0.4852001368999481
curriculum_hard,2,results_adamw_lr0p001,results_adamw_lr0p001,small_cnn,adamw,10,128,20000,0.001,0.9,0.0005,cuda,False,False,3,110,424,0.6055629253387451
curriculum_hard,2,results_adamw_lr0p001,results_adamw_lr0p001,small_cnn,adamw,10,128,20000,0.001,0.9,0.0005,cuda,False,False,3,111,425,0.5369282960891724
curriculum_hard,2,results_adamw_lr0p001,results_adamw_lr0p001,small_cnn,adamw,10,128,20000,0.001,0.9,0.0005,cuda,False,False,3,112,426,-0.47143736481666565
curriculum_hard,2,results_adamw_lr0p001,results_adamw_lr0p001,small_cnn,adamw,10,128,20000,0.001,0.9,0.0005,cuda,False,False,3,113,427,0.5809741020202637
curriculum_hard,2,results_adamw_lr0p001,results_adamw_lr0p001,small_cnn,adamw,10,128,20000,0.001,0.9,0.0005,cuda,False,False,3,114,428,0.28279420733451843
curriculum_hard,2,results_adamw_lr0p001,results_adamw_lr0p001,small_cnn,adamw,10,128,20000,0.001,0.9,0.0005,cuda,False,False,3,115,429,0.7179072499275208
curriculum_hard,2,results_adamw_lr0p001,results_adamw_lr0p001,small_cnn,adamw,10,128,20000,0.001,0.9,0.0005,cuda,False,False,3,116,430,0.8366360664367676
curriculum_hard,2,results_adamw_lr0p001,results_adamw_lr0p001,small_cnn,adamw,10,128,20000,0.001,0.9,0.0005,cuda,False,False,3,117,431,0.7740553617477417
curriculum_hard,2,results_adamw_lr0p001,results_adamw_lr0p001,small_cnn,adamw,10,128,20000,0.001,0.9,0.0005,cuda,False,False,3,118,432,-0.25409695506095886
curriculum_hard,2,results_adamw_lr0p001,results_adamw_lr0p001,small_cnn,adamw,10,128,20000,0.001,0.9,0.0005,cuda,False,False,3,119,433,0.45509254932403564
curriculum_hard,2,results_adamw_lr0p001,results_adamw_lr0p001,small_cnn,adamw,10,128,20000,0.001,0.9,0.0005,cuda,False,False,3,120,434,0.8213199973106384
curriculum_hard,2,results_adamw_lr0p001,results_adamw_lr0p001,small_cnn,adamw,10,128,20000,0.001,0.9,0.0005,cuda,False,False,3,121,435,-0.12199321389198303
curriculum_hard,2,results_adamw_lr0p001,results_adamw_lr0p001,small_cnn,adamw,10,128,20000,0.001,0.9,0.0005,cuda,False,False,3,122,436,-0.5912324786186218
curriculum_hard,2,results_adamw_lr0p001,results_adamw_lr0p001,small_cnn,adamw,10,128,20000,0.001,0.9,0.0005,cuda,False,False,3,123,437,-0.37481972575187683
curriculum_hard,2,results_adamw_lr0p001,results_adamw_lr0p001,small_cnn,adamw,10,128,20000,0.001,0.9,0.0005,cuda,False,False,3,124,438,-0.24457146227359772
curriculum_hard,2,results_adamw_lr0p001,results_adamw_lr0p001,small_cnn,adamw,10,128,20000,0.001,0.9,0.0005,cuda,False,False,3,125,439,0.2797325849533081
curriculum_hard,2,results_adamw_lr0p001,results_adamw_lr0p001,small_cnn,adamw,10,128,20000,0.001,0.9,0.0005,cuda,False,False,3,126,440,-0.28179293870925903
curriculum_hard,2,results_adamw_lr0p001,results_adamw_lr0p001,small_cnn,adamw,10,128,20000,0.001,0.9,0.0005,cuda,False,False,3,127,441,0.671904981136322
curriculum_hard,2,results_adamw_lr0p001,results_adamw_lr0p001,small_cnn,adamw,10,128,20000,0.001,0.9,0.0005,cuda,False,False,3,128,442,0.595041036605835
curriculum_hard,2,results_adamw_lr0p001,results_adamw_lr0p001,small_cnn,adamw,10,128,20000,0.001,0.9,0.0005,cuda,False,False,3,129,443,-0.29899585247039795
curriculum_hard,2,results_adamw_lr0p001,results_adamw_lr0p001,small_cnn,adamw,10,128,20000,0.001,0.9,0.0005,cuda,False,False,3,130,444,0.5590071082115173
curriculum_hard,2,results_adamw_lr0p001,results_adamw_lr0p001,small_cnn,adamw,10,128,20000,0.001,0.9,0.0005,cuda,False,False,3,131,445,-0.4386572539806366
curriculum_hard,2,results_adamw_lr0p001,results_adamw_lr0p001,small_cnn,adamw,10,128,20000,0.001,0.9,0.0005,cuda,False,False,3,132,446,0.21456047892570496
curriculum_hard,2,results_adamw_lr0p001,results_adamw_lr0p001,small_cnn,adamw,10,128,20000,0.001,0.9,0.0005,cuda,False,False,3,133,447,0.867753267288208
curriculum_hard,2,results_adamw_lr0p001,results_adamw_lr0p001,small_cnn,adamw,10,128,20000,0.001,0.9,0.0005,cuda,False,False,3,134,448,0.36940258741378784
curriculum_hard,2,results_adamw_lr0p001,results_adamw_lr0p001,small_cnn,adamw,10,128,20000,0.001,0.9,0.0005,cuda,False,False,3,135,449,0.19598853588104248
curriculum_hard,2,results_adamw_lr0p001,results_adamw_lr0p001,small_cnn,adamw,10,128,20000,0.001,0.9,0.0005,cuda,False,False,3,136,450,0.049697332084178925
curriculum_hard,2,results_adamw_lr0p001,results_adamw_lr0p001,small_cnn,adamw,10,128,20000,0.001,0.9,0.0005,cuda,False,False,3,137,451,0.5177373886108398
curriculum_hard,2,results_adamw_lr0p001,results_adamw_lr0p001,small_cnn,adamw,10,128,20000,0.001,0.9,0.0005,cuda,False,False,3,138,452,0.11439131200313568
curriculum_hard,2,results_adamw_lr0p001,results_adamw_lr0p001,small_cnn,adamw,10,128,20000,0.001,0.9,0.0005,cuda,False,False,3,139,453,0.10109257698059082
curriculum_hard,2,results_adamw_lr0p001,results_adamw_lr0p001,small_cnn,adamw,10,128,20000,0.001,0.9,0.0005,cuda,False,False,3,140,454,-0.1510159969329834
curriculum_hard,2,results_adamw_lr0p001,results_adamw_lr0p001,small_cnn,adamw,10,128,20000,0.001,0.9,0.0005,cuda,False,False,3,141,455,0.3099514842033386
curriculum_hard,2,results_adamw_lr0p001,results_adamw_lr0p001,small_cnn,adamw,10,128,20000,0.001,0.9,0.0005,cuda,False,False,3,142,456,-0.1829923838376999
curriculum_hard,2,results_adamw_lr0p001,results_adamw_lr0p001,small_cnn,adamw,10,128,20000,0.001,0.9,0.0005,cuda,False,False,3,143,457,-0.6413024663925171
curriculum_hard,2,results_adamw_lr0p001,results_adamw_lr0p001,small_cnn,adamw,10,128,20000,0.001,0.9,0.0005,cuda,False,False,3,144,458,0.4363252520561218
curriculum_hard,2,results_adamw_lr0p001,results_adamw_lr0p001,small_cnn,adamw,10,128,20000,0.001,0.9,0.0005,cuda,False,False,3,145,459,-0.26766201853752136
curriculum_hard,2,results_adamw_lr0p001,results_adamw_lr0p001,small_cnn,adamw,10,128,20000,0.001,0.9,0.0005,cuda,False,False,3,146,460,-0.366050660610199
curriculum_hard,2,results_adamw_lr0p001,results_adamw_lr0p001,small_cnn,adamw,10,128,20000,0.001,0.9,0.0005,cuda,False,False,3,147,461,-0.09953081607818604
curriculum_hard,2,results_adamw_lr0p001,results_adamw_lr0p001,small_cnn,adamw,10,128,20000,0.001,0.9,0.0005,cuda,False,False,3,148,462,0.4885944426059723
curriculum_hard,2,results_adamw_lr0p001,results_adamw_lr0p001,small_cnn,adamw,10,128,20000,0.001,0.9,0.0005,cuda,False,False,3,149,463,0.5488981008529663
curriculum_hard,2,results_adamw_lr0p001,results_adamw_lr0p001,small_cnn,adamw,10,128,20000,0.001,0.9,0.0005,cuda,False,False,3,150,464,0.8317893147468567
curriculum_hard,2,results_adamw_lr0p001,results_adamw_lr0p001,small_cnn,adamw,10,128,20000,0.001,0.9,0.0005,cuda,False,False,3,151,465,0.17142994701862335
curriculum_hard,2,results_adamw_lr0p001,results_adamw_lr0p001,small_cnn,adamw,10,128,20000,0.001,0.9,0.0005,cuda,False,False,3,152,466,0.9572844505310059
curriculum_hard,2,results_adamw_lr0p001,results_adamw_lr0p001,small_cnn,adamw,10,128,20000,0.001,0.9,0.0005,cuda,False,False,3,153,467,0.9032542705535889
curriculum_hard,2,results_adamw_lr0p001,results_adamw_lr0p001,small_cnn,adamw,10,128,20000,0.001,0.9,0.0005,cuda,False,False,3,154,468,-0.7392081618309021
curriculum_hard,2,results_adamw_lr0p001,results_adamw_lr0p001,small_cnn,adamw,10,128,20000,0.001,0.9,0.0005,cuda,False,False,3,155,469,0.48467764258384705
curriculum_hard,2,results_adamw_lr0p001,results_adamw_lr0p001,small_cnn,adamw,10,128,20000,0.001,0.9,0.0005,cuda,False,False,3,156,470,-0.35378801822662354
curriculum_hard,2,results_adamw_lr0p001,results_adamw_lr0p001,small_cnn,adamw,10,128,20000,0.001,0.9,0.0005,cuda,False,False,3,157,471,-0.2875325381755829
curriculum_hard,2,results_adamw_lr0p001,results_adamw_lr0p001,small_cnn,adamw,10,128,20000,0.001,0.9,0.0005,cuda,False,False,4,1,472,-0.06476286053657532
curriculum_hard,2,results_adamw_lr0p001,results_adamw_lr0p001,small_cnn,adamw,10,128,20000,0.001,0.9,0.0005,cuda,False,False,4,2,473,0.30548596382141113
curriculum_hard,2,results_adamw_lr0p001,results_adamw_lr0p001,small_cnn,adamw,10,128,20000,0.001,0.9,0.0005,cuda,False,False,4,3,474,0.016664104536175728
curriculum_hard,2,results_adamw_lr0p001,results_adamw_lr0p001,small_cnn,adamw,10,128,20000,0.001,0.9,0.0005,cuda,False,False,4,4,475,0.6530912518501282
curriculum_hard,2,results_adamw_lr0p001,results_adamw_lr0p001,small_cnn,adamw,10,128,20000,0.001,0.9,0.0005,cuda,False,False,4,5,476,0.8983566164970398
curriculum_hard,2,results_adamw_lr0p001,results_adamw_lr0p001,small_cnn,adamw,10,128,20000,0.001,0.9,0.0005,cuda,False,False,4,6,477,0.5802322626113892
curriculum_hard,2,results_adamw_lr0p001,results_adamw_lr0p001,small_cnn,adamw,10,128,20000,0.001,0.9,0.0005,cuda,False,False,4,7,478,0.5522555112838745
curriculum_hard,2,results_adamw_lr0p001,results_adamw_lr0p001,small_cnn,adamw,10,128,20000,0.001,0.9,0.0005,cuda,False,False,4,8,479,0.6806512475013733
curriculum_hard,2,results_adamw_lr0p001,results_adamw_lr0p001,small_cnn,adamw,10,128,20000,0.001,0.9,0.0005,cuda,False,False,4,9,480,0.48784339427948
curriculum_hard,2,results_adamw_lr0p001,results_adamw_lr0p001,small_cnn,adamw,10,128,20000,0.001,0.9,0.0005,cuda,False,False,4,10,481,0.7938987612724304
curriculum_hard,2,results_adamw_lr0p001,results_adamw_lr0p001,small_cnn,adamw,10,128,20000,0.001,0.9,0.0005,cuda,False,False,4,11,482,0.7054776549339294
curriculum_hard,2,results_adamw_lr0p001,results_adamw_lr0p001,small_cnn,adamw,10,128,20000,0.001,0.9,0.0005,cuda,False,False,4,12,483,0.6717577576637268
curriculum_hard,2,results_adamw_lr0p001,results_adamw_lr0p001,small_cnn,adamw,10,128,20000,0.001,0.9,0.0005,cuda,False,False,4,13,484,0.8121615052223206
curriculum_hard,2,results_adamw_lr0p001,results_adamw_lr0p001,small_cnn,adamw,10,128,20000,0.001,0.9,0.0005,cuda,False,False,4,14,485,-0.11744421720504761
curriculum_hard,2,results_adamw_lr0p001,results_adamw_lr0p001,small_cnn,adamw,10,128,20000,0.001,0.9,0.0005,cuda,False,False,4,15,486,0.5824320316314697
curriculum_hard,2,results_adamw_lr0p001,results_adamw_lr0p001,small_cnn,adamw,10,128,20000,0.001,0.9,0.0005,cuda,False,False,4,16,487,0.3594132661819458
curriculum_hard,2,results_adamw_lr0p001,results_adamw_lr0p001,small_cnn,adamw,10,128,20000,0.001,0.9,0.0005,cuda,False,False,4,17,488,0.24139291048049927
curriculum_hard,2,results_adamw_lr0p001,results_adamw_lr0p001,small_cnn,adamw,10,128,20000,0.001,0.9,0.0005,cuda,False,False,4,18,489,0.6234863996505737
curriculum_hard,2,results_adamw_lr0p001,results_adamw_lr0p001,small_cnn,adamw,10,128,20000,0.001,0.9,0.0005,cuda,False,False,4,19,490,0.44848284125328064
curriculum_hard,2,results_adamw_lr0p001,results_adamw_lr0p001,small_cnn,adamw,10,128,20000,0.001,0.9,0.0005,cuda,False,False,4,20,491,0.8632910847663879
curriculum_hard,2,results_adamw_lr0p001,results_adamw_lr0p001,small_cnn,adamw,10,128,20000,0.001,0.9,0.0005,cuda,False,False,4,21,492,0.21497298777103424
curriculum_hard,2,results_adamw_lr0p001,results_adamw_lr0p001,small_cnn,adamw,10,128,20000,0.001,0.9,0.0005,cuda,False,False,4,22,493,0.7689043879508972
curriculum_hard,2,results_adamw_lr0p001,results_adamw_lr0p001,small_cnn,adamw,10,128,20000,0.001,0.9,0.0005,cuda,False,False,4,23,494,0.31379345059394836
curriculum_hard,2,results_adamw_lr0p001,results_adamw_lr0p001,small_cnn,adamw,10,128,20000,0.001,0.9,0.0005,cuda,False,False,4,24,495,0.7457526922225952
curriculum_hard,2,results_adamw_lr0p001,results_adamw_lr0p001,small_cnn,adamw,10,128,20000,0.001,0.9,0.0005,cuda,False,False,4,25,496,0.2649002969264984
curriculum_hard,2,results_adamw_lr0p001,results_adamw_lr0p001,small_cnn,adamw,10,128,20000,0.001,0.9,0.0005,cuda,False,False,4,26,497,0.4137868881225586
curriculum_hard,2,results_adamw_lr0p001,results_adamw_lr0p001,small_cnn,adamw,10,128,20000,0.001,0.9,0.0005,cuda,False,False,4,27,498,0.4773821532726288
curriculum_hard,2,results_adamw_lr0p001,results_adamw_lr0p001,small_cnn,adamw,10,128,20000,0.001,0.9,0.0005,cuda,False,False,4,28,499,0.7746251821517944
curriculum_hard,2,results_adamw_lr0p001,results_adamw_lr0p001,small_cnn,adamw,10,128,20000,0.001,0.9,0.0005,cuda,False,False,4,29,500,0.5239039659500122
curriculum_hard,2,results_adamw_lr0p001,results_adamw_lr0p001,small_cnn,adamw,10,128,20000,0.001,0.9,0.0005,cuda,False,False,4,30,501,0.2208739072084427
curriculum_hard,2,results_adamw_lr0p001,results_adamw_lr0p001,small_cnn,adamw,10,128,20000,0.001,0.9,0.0005,cuda,False,False,4,31,502,0.3656654953956604
curriculum_hard,2,results_adamw_lr0p001,results_adamw_lr0p001,small_cnn,adamw,10,128,20000,0.001,0.9,0.0005,cuda,False,False,4,32,503,0.1436867117881775
curriculum_hard,2,results_adamw_lr0p001,results_adamw_lr0p001,small_cnn,adamw,10,128,20000,0.001,0.9,0.0005,cuda,False,False,4,33,504,-0.3246075212955475
curriculum_hard,2,results_adamw_lr0p001,results_adamw_lr0p001,small_cnn,adamw,10,128,20000,0.001,0.9,0.0005,cuda,False,False,4,34,505,-0.4148181080818176
curriculum_hard,2,results_adamw_lr0p001,results_adamw_lr0p001,small_cnn,adamw,10,128,20000,0.001,0.9,0.0005,cuda,False,False,4,35,506,0.17416901886463165
curriculum_hard,2,results_adamw_lr0p001,results_adamw_lr0p001,small_cnn,adamw,10,128,20000,0.001,0.9,0.0005,cuda,False,False,4,36,507,-0.23340700566768646
curriculum_hard,2,results_adamw_lr0p001,results_adamw_lr0p001,small_cnn,adamw,10,128,20000,0.001,0.9,0.0005,cuda,False,False,4,37,508,0.09160526841878891
curriculum_hard,2,results_adamw_lr0p001,results_adamw_lr0p001,small_cnn,adamw,10,128,20000,0.001,0.9,0.0005,cuda,False,False,4,38,509,0.4161536395549774
curriculum_hard,2,results_adamw_lr0p001,results_adamw_lr0p001,small_cnn,adamw,10,128,20000,0.001,0.9,0.0005,cuda,False,False,4,39,510,-0.16386856138706207
curriculum_hard,2,results_adamw_lr0p001,results_adamw_lr0p001,small_cnn,adamw,10,128,20000,0.001,0.9,0.0005,cuda,False,False,4,40,511,0.3058852553367615
curriculum_hard,2,results_adamw_lr0p001,results_adamw_lr0p001,small_cnn,adamw,10,128,20000,0.001,0.9,0.0005,cuda,False,False,4,41,512,-0.10991477966308594
curriculum_hard,2,results_adamw_lr0p001,results_adamw_lr0p001,small_cnn,adamw,10,128,20000,0.001,0.9,0.0005,cuda,False,False,4,42,513,0.10308738052845001
curriculum_hard,2,results_adamw_lr0p001,results_adamw_lr0p001,small_cnn,adamw,10,128,20000,0.001,0.9,0.0005,cuda,False,False,4,43,514,-0.15234556794166565
curriculum_hard,2,results_adamw_lr0p001,results_adamw_lr0p001,small_cnn,adamw,10,128,20000,0.001,0.9,0.0005,cuda,False,False,4,44,515,0.07881643623113632
curriculum_hard,2,results_adamw_lr0p001,results_adamw_lr0p001,small_cnn,adamw,10,128,20000,0.001,0.9,0.0005,cuda,False,False,4,45,516,0.5730463862419128
curriculum_hard,2,results_adamw_lr0p001,results_adamw_lr0p001,small_cnn,adamw,10,128,20000,0.001,0.9,0.0005,cuda,False,False,4,46,517,-0.006321149878203869
curriculum_hard,2,results_adamw_lr0p001,results_adamw_lr0p001,small_cnn,adamw,10,128,20000,0.001,0.9,0.0005,cuda,False,False,4,47,518,0.30642446875572205
curriculum_hard,2,results_adamw_lr0p001,results_adamw_lr0p001,small_cnn,adamw,10,128,20000,0.001,0.9,0.0005,cuda,False,False,4,48,519,0.032651953399181366
curriculum_hard,2,results_adamw_lr0p001,results_adamw_lr0p001,small_cnn,adamw,10,128,20000,0.001,0.9,0.0005,cuda,False,False,4,49,520,0.32068750262260437
curriculum_hard,2,results_adamw_lr0p001,results_adamw_lr0p001,small_cnn,adamw,10,128,20000,0.001,0.9,0.0005,cuda,False,False,4,50,521,0.5808287858963013
curriculum_hard,2,results_adamw_lr0p001,results_adamw_lr0p001,small_cnn,adamw,10,128,20000,0.001,0.9,0.0005,cuda,False,False,4,51,522,0.8842289447784424
curriculum_hard,2,results_adamw_lr0p001,results_adamw_lr0p001,small_cnn,adamw,10,128,20000,0.001,0.9,0.0005,cuda,False,False,4,52,523,-0.6425985097885132
curriculum_hard,2,results_adamw_lr0p001,results_adamw_lr0p001,small_cnn,adamw,10,128,20000,0.001,0.9,0.0005,cuda,False,False,4,53,524,0.4162009060382843
curriculum_hard,2,results_adamw_lr0p001,results_adamw_lr0p001,small_cnn,adamw,10,128,20000,0.001,0.9,0.0005,cuda,False,False,4,54,525,0.6436368227005005
curriculum_hard,2,results_adamw_lr0p001,results_adamw_lr0p001,small_cnn,adamw,10,128,20000,0.001,0.9,0.0005,cuda,False,False,4,55,526,0.5496070981025696
curriculum_hard,2,results_adamw_lr0p001,results_adamw_lr0p001,small_cnn,adamw,10,128,20000,0.001,0.9,0.0005,cuda,False,False,4,56,527,0.034522734582424164
curriculum_hard,2,results_adamw_lr0p001,results_adamw_lr0p001,small_cnn,adamw,10,128,20000,0.001,0.9,0.0005,cuda,False,False,4,57,528,0.6504085659980774
curriculum_hard,2,results_adamw_lr0p001,results_adamw_lr0p001,small_cnn,adamw,10,128,20000,0.001,0.9,0.0005,cuda,False,False,4,58,529,0.4570396840572357
curriculum_hard,2,results_adamw_lr0p001,results_adamw_lr0p001,small_cnn,adamw,10,128,20000,0.001,0.9,0.0005,cuda,False,False,4,59,530,0.5568998456001282
curriculum_hard,2,results_adamw_lr0p001,results_adamw_lr0p001,small_cnn,adamw,10,128,20000,0.001,0.9,0.0005,cuda,False,False,4,60,531,-0.12285340577363968
curriculum_hard,2,results_adamw_lr0p001,results_adamw_lr0p001,small_cnn,adamw,10,128,20000,0.001,0.9,0.0005,cuda,False,False,4,61,532,0.6158607006072998
curriculum_hard,2,results_adamw_lr0p001,results_adamw_lr0p001,small_cnn,adamw,10,128,20000,0.001,0.9,0.0005,cuda,False,False,4,62,533,0.1904364377260208
curriculum_hard,2,results_adamw_lr0p001,results_adamw_lr0p001,small_cnn,adamw,10,128,20000,0.001,0.9,0.0005,cuda,False,False,4,63,534,-0.25604185461997986
curriculum_hard,2,results_adamw_lr0p001,results_adamw_lr0p001,small_cnn,adamw,10,128,20000,0.001,0.9,0.0005,cuda,False,False,4,64,535,0.6611132621765137
curriculum_hard,2,results_adamw_lr0p001,results_adamw_lr0p001,small_cnn,adamw,10,128,20000,0.001,0.9,0.0005,cuda,False,False,4,65,536,0.17698203027248383
curriculum_hard,2,results_adamw_lr0p001,results_adamw_lr0p001,small_cnn,adamw,10,128,20000,0.001,0.9,0.0005,cuda,False,False,4,66,537,0.74638432264328
curriculum_hard,2,results_adamw_lr0p001,results_adamw_lr0p001,small_cnn,adamw,10,128,20000,0.001,0.9,0.0005,cuda,False,False,4,67,538,0.22153796255588531
curriculum_hard,2,results_adamw_lr0p001,results_adamw_lr0p001,small_cnn,adamw,10,128,20000,0.001,0.9,0.0005,cuda,False,False,4,68,539,-0.08687169849872589
curriculum_hard,2,results_adamw_lr0p001,results_adamw_lr0p001,small_cnn,adamw,10,128,20000,0.001,0.9,0.0005,cuda,False,False,4,69,540,0.789009690284729
curriculum_hard,2,results_adamw_lr0p001,results_adamw_lr0p001,small_cnn,adamw,10,128,20000,0.001,0.9,0.0005,cuda,False,False,4,70,541,0.4942985475063324
curriculum_hard,2,results_adamw_lr0p001,results_adamw_lr0p001,small_cnn,adamw,10,128,20000,0.001,0.9,0.0005,cuda,False,False,4,71,542,-0.11958485096693039
curriculum_hard,2,results_adamw_lr0p001,results_adamw_lr0p001,small_cnn,adamw,10,128,20000,0.001,0.9,0.0005,cuda,False,False,4,72,543,-0.14134399592876434
curriculum_hard,2,results_adamw_lr0p001,results_adamw_lr0p001,small_cnn,adamw,10,128,20000,0.001,0.9,0.0005,cuda,False,False,4,73,544,0.34320592880249023
curriculum_hard,2,results_adamw_lr0p001,results_adamw_lr0p001,small_cnn,adamw,10,128,20000,0.001,0.9,0.0005,cuda,False,False,4,74,545,-0.023137426003813744
curriculum_hard,2,results_adamw_lr0p001,results_adamw_lr0p001,small_cnn,adamw,10,128,20000,0.001,0.9,0.0005,cuda,False,False,4,75,546,0.4983949363231659
curriculum_hard,2,results_adamw_lr0p001,results_adamw_lr0p001,small_cnn,adamw,10,128,20000,0.001,0.9,0.0005,cuda,False,False,4,76,547,0.4024902582168579
curriculum_hard,2,results_adamw_lr0p001,results_adamw_lr0p001,small_cnn,adamw,10,128,20000,0.001,0.9,0.0005,cuda,False,False,4,77,548,-0.15609288215637207
curriculum_hard,2,results_adamw_lr0p001,results_adamw_lr0p001,small_cnn,adamw,10,128,20000,0.001,0.9,0.0005,cuda,False,False,4,78,549,0.556776762008667
curriculum_hard,2,results_adamw_lr0p001,results_adamw_lr0p001,small_cnn,adamw,10,128,20000,0.001,0.9,0.0005,cuda,False,False,4,79,550,0.5458276271820068
curriculum_hard,2,results_adamw_lr0p001,results_adamw_lr0p001,small_cnn,adamw,10,128,20000,0.001,0.9,0.0005,cuda,False,False,4,80,551,-0.11462466418743134
curriculum_hard,2,results_adamw_lr0p001,results_adamw_lr0p001,small_cnn,adamw,10,128,20000,0.001,0.9,0.0005,cuda,False,False,4,81,552,0.37343305349349976
curriculum_hard,2,results_adamw_lr0p001,results_adamw_lr0p001,small_cnn,adamw,10,128,20000,0.001,0.9,0.0005,cuda,False,False,4,82,553,0.6753215193748474
curriculum_hard,2,results_adamw_lr0p001,results_adamw_lr0p001,small_cnn,adamw,10,128,20000,0.001,0.9,0.0005,cuda,False,False,4,83,554,-0.2776840329170227
curriculum_hard,2,results_adamw_lr0p001,results_adamw_lr0p001,small_cnn,adamw,10,128,20000,0.001,0.9,0.0005,cuda,False,False,4,84,555,0.29443657398223877
curriculum_hard,2,results_adamw_lr0p001,results_adamw_lr0p001,small_cnn,adamw,10,128,20000,0.001,0.9,0.0005,cuda,False,False,4,85,556,-0.08930616080760956
curriculum_hard,2,results_adamw_lr0p001,results_adamw_lr0p001,small_cnn,adamw,10,128,20000,0.001,0.9,0.0005,cuda,False,False,4,86,557,0.4614691436290741
curriculum_hard,2,results_adamw_lr0p001,results_adamw_lr0p001,small_cnn,adamw,10,128,20000,0.001,0.9,0.0005,cuda,False,False,4,87,558,0.39423978328704834
curriculum_hard,2,results_adamw_lr0p001,results_adamw_lr0p001,small_cnn,adamw,10,128,20000,0.001,0.9,0.0005,cuda,False,False,4,88,559,0.23426039516925812
curriculum_hard,2,results_adamw_lr0p001,results_adamw_lr0p001,small_cnn,adamw,10,128,20000,0.001,0.9,0.0005,cuda,False,False,4,89,560,0.06224510446190834
curriculum_hard,2,results_adamw_lr0p001,results_adamw_lr0p001,small_cnn,adamw,10,128,20000,0.001,0.9,0.0005,cuda,False,False,4,90,561,0.2245943397283554
curriculum_hard,2,results_adamw_lr0p001,results_adamw_lr0p001,small_cnn,adamw,10,128,20000,0.001,0.9,0.0005,cuda,False,False,4,91,562,0.37279993295669556
curriculum_hard,2,results_adamw_lr0p001,results_adamw_lr0p001,small_cnn,adamw,10,128,20000,0.001,0.9,0.0005,cuda,False,False,4,92,563,0.24027064442634583
curriculum_hard,2,results_adamw_lr0p001,results_adamw_lr0p001,small_cnn,adamw,10,128,20000,0.001,0.9,0.0005,cuda,False,False,4,93,564,-0.07720334827899933
curriculum_hard,2,results_adamw_lr0p001,results_adamw_lr0p001,small_cnn,adamw,10,128,20000,0.001,0.9,0.0005,cuda,False,False,4,94,565,0.05601370707154274
curriculum_hard,2,results_adamw_lr0p001,results_adamw_lr0p001,small_cnn,adamw,10,128,20000,0.001,0.9,0.0005,cuda,False,False,4,95,566,-0.17585773766040802
curriculum_hard,2,results_adamw_lr0p001,results_adamw_lr0p001,small_cnn,adamw,10,128,20000,0.001,0.9,0.0005,cuda,False,False,4,96,567,0.5343088507652283
curriculum_hard,2,results_adamw_lr0p001,results_adamw_lr0p001,small_cnn,adamw,10,128,20000,0.001,0.9,0.0005,cuda,False,False,4,97,568,-0.004539881367236376
curriculum_hard,2,results_adamw_lr0p001,results_adamw_lr0p001,small_cnn,adamw,10,128,20000,0.001,0.9,0.0005,cuda,False,False,4,98,569,-0.0804244875907898
curriculum_hard,2,results_adamw_lr0p001,results_adamw_lr0p001,small_cnn,adamw,10,128,20000,0.001,0.9,0.0005,cuda,False,False,4,99,570,0.5074161887168884
curriculum_hard,2,results_adamw_lr0p001,results_adamw_lr0p001,small_cnn,adamw,10,128,20000,0.001,0.9,0.0005,cuda,False,False,4,100,571,0.2685394883155823
curriculum_hard,2,results_adamw_lr0p001,results_adamw_lr0p001,small_cnn,adamw,10,128,20000,0.001,0.9,0.0005,cuda,False,False,4,101,572,-0.6444066166877747
curriculum_hard,2,results_adamw_lr0p001,results_adamw_lr0p001,small_cnn,adamw,10,128,20000,0.001,0.9,0.0005,cuda,False,False,4,102,573,-0.6853730082511902
curriculum_hard,2,results_adamw_lr0p001,results_adamw_lr0p001,small_cnn,adamw,10,128,20000,0.001,0.9,0.0005,cuda,False,False,4,103,574,-0.767462432384491
curriculum_hard,2,results_adamw_lr0p001,results_adamw_lr0p001,small_cnn,adamw,10,128,20000,0.001,0.9,0.0005,cuda,False,False,4,104,575,0.8731963634490967
curriculum_hard,2,results_adamw_lr0p001,results_adamw_lr0p001,small_cnn,adamw,10,128,20000,0.001,0.9,0.0005,cuda,False,False,4,105,576,0.24783699214458466
curriculum_hard,2,results_adamw_lr0p001,results_adamw_lr0p001,small_cnn,adamw,10,128,20000,0.001,0.9,0.0005,cuda,False,False,4,106,577,0.1737878918647766
curriculum_hard,2,results_adamw_lr0p001,results_adamw_lr0p001,small_cnn,adamw,10,128,20000,0.001,0.9,0.0005,cuda,False,False,4,107,578,0.0176808163523674
curriculum_hard,2,results_adamw_lr0p001,results_adamw_lr0p001,small_cnn,adamw,10,128,20000,0.001,0.9,0.0005,cuda,False,False,4,108,579,0.35565900802612305
curriculum_hard,2,results_adamw_lr0p001,results_adamw_lr0p001,small_cnn,adamw,10,128,20000,0.001,0.9,0.0005,cuda,False,False,4,109,580,0.2953205108642578
curriculum_hard,2,results_adamw_lr0p001,results_adamw_lr0p001,small_cnn,adamw,10,128,20000,0.001,0.9,0.0005,cuda,False,False,4,110,581,0.574999213218689
curriculum_hard,2,results_adamw_lr0p001,results_adamw_lr0p001,small_cnn,adamw,10,128,20000,0.001,0.9,0.0005,cuda,False,False,4,111,582,0.7100268602371216
curriculum_hard,2,results_adamw_lr0p001,results_adamw_lr0p001,small_cnn,adamw,10,128,20000,0.001,0.9,0.0005,cuda,False,False,4,112,583,0.09498075395822525
curriculum_hard,2,results_adamw_lr0p001,results_adamw_lr0p001,small_cnn,adamw,10,128,20000,0.001,0.9,0.0005,cuda,False,False,4,113,584,0.6942988634109497
curriculum_hard,2,results_adamw_lr0p001,results_adamw_lr0p001,small_cnn,adamw,10,128,20000,0.001,0.9,0.0005,cuda,False,False,4,114,585,0.1103384867310524
curriculum_hard,2,results_adamw_lr0p001,results_adamw_lr0p001,small_cnn,adamw,10,128,20000,0.001,0.9,0.0005,cuda,False,False,4,115,586,0.21202751994132996
curriculum_hard,2,results_adamw_lr0p001,results_adamw_lr0p001,small_cnn,adamw,10,128,20000,0.001,0.9,0.0005,cuda,False,False,4,116,587,0.794398844242096
curriculum_hard,2,results_adamw_lr0p001,results_adamw_lr0p001,small_cnn,adamw,10,128,20000,0.001,0.9,0.0005,cuda,False,False,4,117,588,0.7650277614593506
curriculum_hard,2,results_adamw_lr0p001,results_adamw_lr0p001,small_cnn,adamw,10,128,20000,0.001,0.9,0.0005,cuda,False,False,4,118,589,0.7206010818481445
curriculum_hard,2,results_adamw_lr0p001,results_adamw_lr0p001,small_cnn,adamw,10,128,20000,0.001,0.9,0.0005,cuda,False,False,4,119,590,0.16800707578659058
curriculum_hard,2,results_adamw_lr0p001,results_adamw_lr0p001,small_cnn,adamw,10,128,20000,0.001,0.9,0.0005,cuda,False,False,4,120,591,-0.27008432149887085
curriculum_hard,2,results_adamw_lr0p001,results_adamw_lr0p001,small_cnn,adamw,10,128,20000,0.001,0.9,0.0005,cuda,False,False,4,121,592,-0.21968065202236176
curriculum_hard,2,results_adamw_lr0p001,results_adamw_lr0p001,small_cnn,adamw,10,128,20000,0.001,0.9,0.0005,cuda,False,False,4,122,593,-0.4355347156524658
curriculum_hard,2,results_adamw_lr0p001,results_adamw_lr0p001,small_cnn,adamw,10,128,20000,0.001,0.9,0.0005,cuda,False,False,4,123,594,0.09630142152309418
curriculum_hard,2,results_adamw_lr0p001,results_adamw_lr0p001,small_cnn,adamw,10,128,20000,0.001,0.9,0.0005,cuda,False,False,4,124,595,0.5275865197181702
curriculum_hard,2,results_adamw_lr0p001,results_adamw_lr0p001,small_cnn,adamw,10,128,20000,0.001,0.9,0.0005,cuda,False,False,4,125,596,0.46644675731658936
curriculum_hard,2,results_adamw_lr0p001,results_adamw_lr0p001,small_cnn,adamw,10,128,20000,0.001,0.9,0.0005,cuda,False,False,4,126,597,-0.7662951946258545
curriculum_hard,2,results_adamw_lr0p001,results_adamw_lr0p001,small_cnn,adamw,10,128,20000,0.001,0.9,0.0005,cuda,False,False,4,127,598,0.6296055912971497
curriculum_hard,2,results_adamw_lr0p001,results_adamw_lr0p001,small_cnn,adamw,10,128,20000,0.001,0.9,0.0005,cuda,False,False,4,128,599,0.1316945105791092
curriculum_hard,2,results_adamw_lr0p001,results_adamw_lr0p001,small_cnn,adamw,10,128,20000,0.001,0.9,0.0005,cuda,False,False,4,129,600,0.20037268102169037
curriculum_hard,2,results_adamw_lr0p001,results_adamw_lr0p001,small_cnn,adamw,10,128,20000,0.001,0.9,0.0005,cuda,False,False,4,130,601,0.7033223509788513
curriculum_hard,2,results_adamw_lr0p001,results_adamw_lr0p001,small_cnn,adamw,10,128,20000,0.001,0.9,0.0005,cuda,False,False,4,131,602,0.7038977146148682
curriculum_hard,2,results_adamw_lr0p001,results_adamw_lr0p001,small_cnn,adamw,10,128,20000,0.001,0.9,0.0005,cuda,False,False,4,132,603,0.7202085852622986
curriculum_hard,2,results_adamw_lr0p001,results_adamw_lr0p001,small_cnn,adamw,10,128,20000,0.001,0.9,0.0005,cuda,False,False,4,133,604,0.9017087817192078
curriculum_hard,2,results_adamw_lr0p001,results_adamw_lr0p001,small_cnn,adamw,10,128,20000,0.001,0.9,0.0005,cuda,False,False,4,134,605,0.4837825298309326
curriculum_hard,2,results_adamw_lr0p001,results_adamw_lr0p001,small_cnn,adamw,10,128,20000,0.001,0.9,0.0005,cuda,False,False,4,135,606,0.21693500876426697
curriculum_hard,2,results_adamw_lr0p001,results_adamw_lr0p001,small_cnn,adamw,10,128,20000,0.001,0.9,0.0005,cuda,False,False,4,136,607,0.06460471451282501
curriculum_hard,2,results_adamw_lr0p001,results_adamw_lr0p001,small_cnn,adamw,10,128,20000,0.001,0.9,0.0005,cuda,False,False,4,137,608,0.5652756094932556
curriculum_hard,2,results_adamw_lr0p001,results_adamw_lr0p001,small_cnn,adamw,10,128,20000,0.001,0.9,0.0005,cuda,False,False,4,138,609,0.7840822339057922
curriculum_hard,2,results_adamw_lr0p001,results_adamw_lr0p001,small_cnn,adamw,10,128,20000,0.001,0.9,0.0005,cuda,False,False,4,139,610,0.8493994474411011
curriculum_hard,2,results_adamw_lr0p001,results_adamw_lr0p001,small_cnn,adamw,10,128,20000,0.001,0.9,0.0005,cuda,False,False,4,140,611,0.209931880235672
curriculum_hard,2,results_adamw_lr0p001,results_adamw_lr0p001,small_cnn,adamw,10,128,20000,0.001,0.9,0.0005,cuda,False,False,4,141,612,0.20097096264362335
curriculum_hard,2,results_adamw_lr0p001,results_adamw_lr0p001,small_cnn,adamw,10,128,20000,0.001,0.9,0.0005,cuda,False,False,4,142,613,-0.133216992020607
curriculum_hard,2,results_adamw_lr0p001,results_adamw_lr0p001,small_cnn,adamw,10,128,20000,0.001,0.9,0.0005,cuda,False,False,4,143,614,-0.9157976508140564
curriculum_hard,2,results_adamw_lr0p001,results_adamw_lr0p001,small_cnn,adamw,10,128,20000,0.001,0.9,0.0005,cuda,False,False,4,144,615,0.7066406011581421
curriculum_hard,2,results_adamw_lr0p001,results_adamw_lr0p001,small_cnn,adamw,10,128,20000,0.001,0.9,0.0005,cuda,False,False,4,145,616,-0.01086406223475933
curriculum_hard,2,results_adamw_lr0p001,results_adamw_lr0p001,small_cnn,adamw,10,128,20000,0.001,0.9,0.0005,cuda,False,False,4,146,617,-0.541978120803833
curriculum_hard,2,results_adamw_lr0p001,results_adamw_lr0p001,small_cnn,adamw,10,128,20000,0.001,0.9,0.0005,cuda,False,False,4,147,618,-0.7200877070426941
curriculum_hard,2,results_adamw_lr0p001,results_adamw_lr0p001,small_cnn,adamw,10,128,20000,0.001,0.9,0.0005,cuda,False,False,4,148,619,0.32453453540802
curriculum_hard,2,results_adamw_lr0p001,results_adamw_lr0p001,small_cnn,adamw,10,128,20000,0.001,0.9,0.0005,cuda,False,False,4,149,620,0.5913926362991333
curriculum_hard,2,results_adamw_lr0p001,results_adamw_lr0p001,small_cnn,adamw,10,128,20000,0.001,0.9,0.0005,cuda,False,False,4,150,621,0.6997967958450317
curriculum_hard,2,results_adamw_lr0p001,results_adamw_lr0p001,small_cnn,adamw,10,128,20000,0.001,0.9,0.0005,cuda,False,False,4,151,622,0.1571648269891739
curriculum_hard,2,results_adamw_lr0p001,results_adamw_lr0p001,small_cnn,adamw,10,128,20000,0.001,0.9,0.0005,cuda,False,False,4,152,623,0.9654520153999329
curriculum_hard,2,results_adamw_lr0p001,results_adamw_lr0p001,small_cnn,adamw,10,128,20000,0.001,0.9,0.0005,cuda,False,False,4,153,624,0.9287109971046448
curriculum_hard,2,results_adamw_lr0p001,results_adamw_lr0p001,small_cnn,adamw,10,128,20000,0.001,0.9,0.0005,cuda,False,False,4,154,625,-0.6610521078109741
curriculum_hard,2,results_adamw_lr0p001,results_adamw_lr0p001,small_cnn,adamw,10,128,20000,0.001,0.9,0.0005,cuda,False,False,4,155,626,0.5106982588768005
curriculum_hard,2,results_adamw_lr0p001,results_adamw_lr0p001,small_cnn,adamw,10,128,20000,0.001,0.9,0.0005,cuda,False,False,4,156,627,0.016010083258152008
curriculum_hard,2,results_adamw_lr0p001,results_adamw_lr0p001,small_cnn,adamw,10,128,20000,0.001,0.9,0.0005,cuda,False,False,4,157,628,0.19294215738773346
curriculum_hard,2,results_adamw_lr0p001,results_adamw_lr0p001,small_cnn,adamw,10,128,20000,0.001,0.9,0.0005,cuda,False,False,5,1,629,-0.0558890700340271
curriculum_hard,2,results_adamw_lr0p001,results_adamw_lr0p001,small_cnn,adamw,10,128,20000,0.001,0.9,0.0005,cuda,False,False,5,2,630,0.514314591884613
curriculum_hard,2,results_adamw_lr0p001,results_adamw_lr0p001,small_cnn,adamw,10,128,20000,0.001,0.9,0.0005,cuda,False,False,5,3,631,0.3438251316547394
curriculum_hard,2,results_adamw_lr0p001,results_adamw_lr0p001,small_cnn,adamw,10,128,20000,0.001,0.9,0.0005,cuda,False,False,5,4,632,0.0183057002723217
curriculum_hard,2,results_adamw_lr0p001,results_adamw_lr0p001,small_cnn,adamw,10,128,20000,0.001,0.9,0.0005,cuda,False,False,5,5,633,0.8736639022827148
curriculum_hard,2,results_adamw_lr0p001,results_adamw_lr0p001,small_cnn,adamw,10,128,20000,0.001,0.9,0.0005,cuda,False,False,5,6,634,0.8948494791984558
curriculum_hard,2,results_adamw_lr0p001,results_adamw_lr0p001,small_cnn,adamw,10,128,20000,0.001,0.9,0.0005,cuda,False,False,5,7,635,0.48248490691185
curriculum_hard,2,results_adamw_lr0p001,results_adamw_lr0p001,small_cnn,adamw,10,128,20000,0.001,0.9,0.0005,cuda,False,False,5,8,636,0.7735709547996521
curriculum_hard,2,results_adamw_lr0p001,results_adamw_lr0p001,small_cnn,adamw,10,128,20000,0.001,0.9,0.0005,cuda,False,False,5,9,637,0.36730802059173584
curriculum_hard,2,results_adamw_lr0p001,results_adamw_lr0p001,small_cnn,adamw,10,128,20000,0.001,0.9,0.0005,cuda,False,False,5,10,638,0.5060099959373474
curriculum_hard,2,results_adamw_lr0p001,results_adamw_lr0p001,small_cnn,adamw,10,128,20000,0.001,0.9,0.0005,cuda,False,False,5,11,639,0.6957381963729858
curriculum_hard,2,results_adamw_lr0p001,results_adamw_lr0p001,small_cnn,adamw,10,128,20000,0.001,0.9,0.0005,cuda,False,False,5,12,640,0.7558013200759888
curriculum_hard,2,results_adamw_lr0p001,results_adamw_lr0p001,small_cnn,adamw,10,128,20000,0.001,0.9,0.0005,cuda,False,False,5,13,641,0.8301790356636047
curriculum_hard,2,results_adamw_lr0p001,results_adamw_lr0p001,small_cnn,adamw,10,128,20000,0.001,0.9,0.0005,cuda,False,False,5,14,642,-0.03775044530630112
curriculum_hard,2,results_adamw_lr0p001,results_adamw_lr0p001,small_cnn,adamw,10,128,20000,0.001,0.9,0.0005,cuda,False,False,5,15,643,0.5975341796875
curriculum_hard,2,results_adamw_lr0p001,results_adamw_lr0p001,small_cnn,adamw,10,128,20000,0.001,0.9,0.0005,cuda,False,False,5,16,644,0.4468475580215454
curriculum_hard,2,results_adamw_lr0p001,results_adamw_lr0p001,small_cnn,adamw,10,128,20000,0.001,0.9,0.0005,cuda,False,False,5,17,645,0.19025471806526184
curriculum_hard,2,results_adamw_lr0p001,results_adamw_lr0p001,small_cnn,adamw,10,128,20000,0.001,0.9,0.0005,cuda,False,False,5,18,646,0.5472022294998169
curriculum_hard,2,results_adamw_lr0p001,results_adamw_lr0p001,small_cnn,adamw,10,128,20000,0.001,0.9,0.0005,cuda,False,False,5,19,647,0.2972622513771057
curriculum_hard,2,results_adamw_lr0p001,results_adamw_lr0p001,small_cnn,adamw,10,128,20000,0.001,0.9,0.0005,cuda,False,False,5,20,648,0.3497309684753418
curriculum_hard,2,results_adamw_lr0p001,results_adamw_lr0p001,small_cnn,adamw,10,128,20000,0.001,0.9,0.0005,cuda,False,False,5,21,649,0.4483564496040344
curriculum_hard,2,results_adamw_lr0p001,results_adamw_lr0p001,small_cnn,adamw,10,128,20000,0.001,0.9,0.0005,cuda,False,False,5,22,650,0.7631003260612488
curriculum_hard,2,results_adamw_lr0p001,results_adamw_lr0p001,small_cnn,adamw,10,128,20000,0.001,0.9,0.0005,cuda,False,False,5,23,651,0.3693215548992157
curriculum_hard,2,results_adamw_lr0p001,results_adamw_lr0p001,small_cnn,adamw,10,128,20000,0.001,0.9,0.0005,cuda,False,False,5,24,652,0.7552774548530579
curriculum_hard,2,results_adamw_lr0p001,results_adamw_lr0p001,small_cnn,adamw,10,128,20000,0.001,0.9,0.0005,cuda,False,False,5,25,653,0.174846351146698
curriculum_hard,2,results_adamw_lr0p001,results_adamw_lr0p001,small_cnn,adamw,10,128,20000,0.001,0.9,0.0005,cuda,False,False,5,26,654,0.5510968565940857
curriculum_hard,2,results_adamw_lr0p001,results_adamw_lr0p001,small_cnn,adamw,10,128,20000,0.001,0.9,0.0005,cuda,False,False,5,27,655,0.36094141006469727
curriculum_hard,2,results_adamw_lr0p001,results_adamw_lr0p001,small_cnn,adamw,10,128,20000,0.001,0.9,0.0005,cuda,False,False,5,28,656,0.7195855379104614
curriculum_hard,2,results_adamw_lr0p001,results_adamw_lr0p001,small_cnn,adamw,10,128,20000,0.001,0.9,0.0005,cuda,False,False,5,29,657,0.1378738433122635
curriculum_hard,2,results_adamw_lr0p001,results_adamw_lr0p001,small_cnn,adamw,10,128,20000,0.001,0.9,0.0005,cuda,False,False,5,30,658,0.32177433371543884
curriculum_hard,2,results_adamw_lr0p001,results_adamw_lr0p001,small_cnn,adamw,10,128,20000,0.001,0.9,0.0005,cuda,False,False,5,31,659,0.42412886023521423
curriculum_hard,2,results_adamw_lr0p001,results_adamw_lr0p001,small_cnn,adamw,10,128,20000,0.001,0.9,0.0005,cuda,False,False,5,32,660,0.3199456036090851
curriculum_hard,2,results_adamw_lr0p001,results_adamw_lr0p001,small_cnn,adamw,10,128,20000,0.001,0.9,0.0005,cuda,False,False,5,33,661,0.03891976922750473
curriculum_hard,2,results_adamw_lr0p001,results_adamw_lr0p001,small_cnn,adamw,10,128,20000,0.001,0.9,0.0005,cuda,False,False,5,34,662,-0.21063846349716187
curriculum_hard,2,results_adamw_lr0p001,results_adamw_lr0p001,small_cnn,adamw,10,128,20000,0.001,0.9,0.0005,cuda,False,False,5,35,663,0.18189695477485657
curriculum_hard,2,results_adamw_lr0p001,results_adamw_lr0p001,small_cnn,adamw,10,128,20000,0.001,0.9,0.0005,cuda,False,False,5,36,664,-0.2203056812286377
curriculum_hard,2,results_adamw_lr0p001,results_adamw_lr0p001,small_cnn,adamw,10,128,20000,0.001,0.9,0.0005,cuda,False,False,5,37,665,0.3332950174808502
curriculum_hard,2,results_adamw_lr0p001,results_adamw_lr0p001,small_cnn,adamw,10,128,20000,0.001,0.9,0.0005,cuda,False,False,5,38,666,0.348669171333313
curriculum_hard,2,results_adamw_lr0p001,results_adamw_lr0p001,small_cnn,adamw,10,128,20000,0.001,0.9,0.0005,cuda,False,False,5,39,667,-0.32819652557373047
curriculum_hard,2,results_adamw_lr0p001,results_adamw_lr0p001,small_cnn,adamw,10,128,20000,0.001,0.9,0.0005,cuda,False,False,5,40,668,0.321170449256897
curriculum_hard,2,results_adamw_lr0p001,results_adamw_lr0p001,small_cnn,adamw,10,128,20000,0.001,0.9,0.0005,cuda,False,False,5,41,669,0.26010560989379883
curriculum_hard,2,results_adamw_lr0p001,results_adamw_lr0p001,small_cnn,adamw,10,128,20000,0.001,0.9,0.0005,cuda,False,False,5,42,670,0.16294023394584656
curriculum_hard,2,results_adamw_lr0p001,results_adamw_lr0p001,small_cnn,adamw,10,128,20000,0.001,0.9,0.0005,cuda,False,False,5,43,671,-0.01486790832132101
curriculum_hard,2,results_adamw_lr0p001,results_adamw_lr0p001,small_cnn,adamw,10,128,20000,0.001,0.9,0.0005,cuda,False,False,5,44,672,-0.0439571812748909
curriculum_hard,2,results_adamw_lr0p001,results_adamw_lr0p001,small_cnn,adamw,10,128,20000,0.001,0.9,0.0005,cuda,False,False,5,45,673,0.7028965353965759
curriculum_hard,2,results_adamw_lr0p001,results_adamw_lr0p001,small_cnn,adamw,10,128,20000,0.001,0.9,0.0005,cuda,False,False,5,46,674,0.34609735012054443
curriculum_hard,2,results_adamw_lr0p001,results_adamw_lr0p001,small_cnn,adamw,10,128,20000,0.001,0.9,0.0005,cuda,False,False,5,47,675,0.4991210997104645
curriculum_hard,2,results_adamw_lr0p001,results_adamw_lr0p001,small_cnn,adamw,10,128,20000,0.001,0.9,0.0005,cuda,False,False,5,48,676,-0.005372410640120506
curriculum_hard,2,results_adamw_lr0p001,results_adamw_lr0p001,small_cnn,adamw,10,128,20000,0.001,0.9,0.0005,cuda,False,False,5,49,677,0.06799764931201935
curriculum_hard,2,results_adamw_lr0p001,results_adamw_lr0p001,small_cnn,adamw,10,128,20000,0.001,0.9,0.0005,cuda,False,False,5,50,678,0.4788021147251129
curriculum_hard,2,results_adamw_lr0p001,results_adamw_lr0p001,small_cnn,adamw,10,128,20000,0.001,0.9,0.0005,cuda,False,False,5,51,679,0.8731715083122253
curriculum_hard,2,results_adamw_lr0p001,results_adamw_lr0p001,small_cnn,adamw,10,128,20000,0.001,0.9,0.0005,cuda,False,False,5,52,680,-0.5007046461105347
curriculum_hard,2,results_adamw_lr0p001,results_adamw_lr0p001,small_cnn,adamw,10,128,20000,0.001,0.9,0.0005,cuda,False,False,5,53,681,0.5415582656860352
curriculum_hard,2,results_adamw_lr0p001,results_adamw_lr0p001,small_cnn,adamw,10,128,20000,0.001,0.9,0.0005,cuda,False,False,5,54,682,0.6015139222145081
curriculum_hard,2,results_adamw_lr0p001,results_adamw_lr0p001,small_cnn,adamw,10,128,20000,0.001,0.9,0.0005,cuda,False,False,5,55,683,0.6941770911216736
curriculum_hard,2,results_adamw_lr0p001,results_adamw_lr0p001,small_cnn,adamw,10,128,20000,0.001,0.9,0.0005,cuda,False,False,5,56,684,-0.23125408589839935
curriculum_hard,2,results_adamw_lr0p001,results_adamw_lr0p001,small_cnn,adamw,10,128,20000,0.001,0.9,0.0005,cuda,False,False,5,57,685,0.521915078163147
curriculum_hard,2,results_adamw_lr0p001,results_adamw_lr0p001,small_cnn,adamw,10,128,20000,0.001,0.9,0.0005,cuda,False,False,5,58,686,0.5893442630767822
curriculum_hard,2,results_adamw_lr0p001,results_adamw_lr0p001,small_cnn,adamw,10,128,20000,0.001,0.9,0.0005,cuda,False,False,5,59,687,0.739391028881073
curriculum_hard,2,results_adamw_lr0p001,results_adamw_lr0p001,small_cnn,adamw,10,128,20000,0.001,0.9,0.0005,cuda,False,False,5,60,688,-0.41381168365478516
curriculum_hard,2,results_adamw_lr0p001,results_adamw_lr0p001,small_cnn,adamw,10,128,20000,0.001,0.9,0.0005,cuda,False,False,5,61,689,0.04878286272287369
curriculum_hard,2,results_adamw_lr0p001,results_adamw_lr0p001,small_cnn,adamw,10,128,20000,0.001,0.9,0.0005,cuda,False,False,5,62,690,0.2970450818538666
curriculum_hard,2,results_adamw_lr0p001,results_adamw_lr0p001,small_cnn,adamw,10,128,20000,0.001,0.9,0.0005,cuda,False,False,5,63,691,-0.5253300666809082
curriculum_hard,2,results_adamw_lr0p001,results_adamw_lr0p001,small_cnn,adamw,10,128,20000,0.001,0.9,0.0005,cuda,False,False,5,64,692,0.5614240765571594
curriculum_hard,2,results_adamw_lr0p001,results_adamw_lr0p001,small_cnn,adamw,10,128,20000,0.001,0.9,0.0005,cuda,False,False,5,65,693,0.43703287839889526
curriculum_hard,2,results_adamw_lr0p001,results_adamw_lr0p001,small_cnn,adamw,10,128,20000,0.001,0.9,0.0005,cuda,False,False,5,66,694,0.8298405408859253
curriculum_hard,2,results_adamw_lr0p001,results_adamw_lr0p001,small_cnn,adamw,10,128,20000,0.001,0.9,0.0005,cuda,False,False,5,67,695,0.48417428135871887
curriculum_hard,2,results_adamw_lr0p001,results_adamw_lr0p001,small_cnn,adamw,10,128,20000,0.001,0.9,0.0005,cuda,False,False,5,68,696,-0.13057781755924225
curriculum_hard,2,results_adamw_lr0p001,results_adamw_lr0p001,small_cnn,adamw,10,128,20000,0.001,0.9,0.0005,cuda,False,False,5,69,697,0.5953812599182129
curriculum_hard,2,results_adamw_lr0p001,results_adamw_lr0p001,small_cnn,adamw,10,128,20000,0.001,0.9,0.0005,cuda,False,False,5,70,698,0.5554255843162537
curriculum_hard,2,results_adamw_lr0p001,results_adamw_lr0p001,small_cnn,adamw,10,128,20000,0.001,0.9,0.0005,cuda,False,False,5,71,699,0.16969002783298492
curriculum_hard,2,results_adamw_lr0p001,results_adamw_lr0p001,small_cnn,adamw,10,128,20000,0.001,0.9,0.0005,cuda,False,False,5,72,700,0.18919692933559418
curriculum_hard,2,results_adamw_lr0p001,results_adamw_lr0p001,small_cnn,adamw,10,128,20000,0.001,0.9,0.0005,cuda,False,False,5,73,701,0.57390958070755
curriculum_hard,2,results_adamw_lr0p001,results_adamw_lr0p001,small_cnn,adamw,10,128,20000,0.001,0.9,0.0005,cuda,False,False,5,74,702,0.42326438426971436
curriculum_hard,2,results_adamw_lr0p001,results_adamw_lr0p001,small_cnn,adamw,10,128,20000,0.001,0.9,0.0005,cuda,False,False,5,75,703,0.23438814282417297
curriculum_hard,2,results_adamw_lr0p001,results_adamw_lr0p001,small_cnn,adamw,10,128,20000,0.001,0.9,0.0005,cuda,False,False,5,76,704,0.21784350275993347
curriculum_hard,2,results_adamw_lr0p001,results_adamw_lr0p001,small_cnn,adamw,10,128,20000,0.001,0.9,0.0005,cuda,False,False,5,77,705,-0.4932522177696228
curriculum_hard,2,results_adamw_lr0p001,results_adamw_lr0p001,small_cnn,adamw,10,128,20000,0.001,0.9,0.0005,cuda,False,False,5,78,706,0.7594619393348694
curriculum_hard,2,results_adamw_lr0p001,results_adamw_lr0p001,small_cnn,adamw,10,128,20000,0.001,0.9,0.0005,cuda,False,False,5,79,707,0.7312771081924438
curriculum_hard,2,results_adamw_lr0p001,results_adamw_lr0p001,small_cnn,adamw,10,128,20000,0.001,0.9,0.0005,cuda,False,False,5,80,708,0.2401183694601059
curriculum_hard,2,results_adamw_lr0p001,results_adamw_lr0p001,small_cnn,adamw,10,128,20000,0.001,0.9,0.0005,cuda,False,False,5,81,709,-6.086193025112152e-07
curriculum_hard,2,results_adamw_lr0p001,results_adamw_lr0p001,small_cnn,adamw,10,128,20000,0.001,0.9,0.0005,cuda,False,False,5,82,710,0.5108340382575989
curriculum_hard,2,results_adamw_lr0p001,results_adamw_lr0p001,small_cnn,adamw,10,128,20000,0.001,0.9,0.0005,cuda,False,False,5,83,711,-0.2184467762708664
curriculum_hard,2,results_adamw_lr0p001,results_adamw_lr0p001,small_cnn,adamw,10,128,20000,0.001,0.9,0.0005,cuda,False,False,5,84,712,0.35985612869262695
curriculum_hard,2,results_adamw_lr0p001,results_adamw_lr0p001,small_cnn,adamw,10,128,20000,0.001,0.9,0.0005,cuda,False,False,5,85,713,0.3834603726863861
curriculum_hard,2,results_adamw_lr0p001,results_adamw_lr0p001,small_cnn,adamw,10,128,20000,0.001,0.9,0.0005,cuda,False,False,5,86,714,0.5391151309013367
curriculum_hard,2,results_adamw_lr0p001,results_adamw_lr0p001,small_cnn,adamw,10,128,20000,0.001,0.9,0.0005,cuda,False,False,5,87,715,0.551904559135437
curriculum_hard,2,results_adamw_lr0p001,results_adamw_lr0p001,small_cnn,adamw,10,128,20000,0.001,0.9,0.0005,cuda,False,False,5,88,716,0.3813292980194092
curriculum_hard,2,results_adamw_lr0p001,results_adamw_lr0p001,small_cnn,adamw,10,128,20000,0.001,0.9,0.0005,cuda,False,False,5,89,717,-0.48102277517318726
curriculum_hard,2,results_adamw_lr0p001,results_adamw_lr0p001,small_cnn,adamw,10,128,20000,0.001,0.9,0.0005,cuda,False,False,5,90,718,-0.11758749932050705
curriculum_hard,2,results_adamw_lr0p001,results_adamw_lr0p001,small_cnn,adamw,10,128,20000,0.001,0.9,0.0005,cuda,False,False,5,91,719,0.7523093223571777
curriculum_hard,2,results_adamw_lr0p001,results_adamw_lr0p001,small_cnn,adamw,10,128,20000,0.001,0.9,0.0005,cuda,False,False,5,92,720,0.507141649723053
curriculum_hard,2,results_adamw_lr0p001,results_adamw_lr0p001,small_cnn,adamw,10,128,20000,0.001,0.9,0.0005,cuda,False,False,5,93,721,-0.022940268740057945
curriculum_hard,2,results_adamw_lr0p001,results_adamw_lr0p001,small_cnn,adamw,10,128,20000,0.001,0.9,0.0005,cuda,False,False,5,94,722,0.13767723739147186
curriculum_hard,2,results_adamw_lr0p001,results_adamw_lr0p001,small_cnn,adamw,10,128,20000,0.001,0.9,0.0005,cuda,False,False,5,95,723,-0.3657555878162384
curriculum_hard,2,results_adamw_lr0p001,results_adamw_lr0p001,small_cnn,adamw,10,128,20000,0.001,0.9,0.0005,cuda,False,False,5,96,724,0.6512844562530518
curriculum_hard,2,results_adamw_lr0p001,results_adamw_lr0p001,small_cnn,adamw,10,128,20000,0.001,0.9,0.0005,cuda,False,False,5,97,725,0.3182903528213501
curriculum_hard,2,results_adamw_lr0p001,results_adamw_lr0p001,small_cnn,adamw,10,128,20000,0.001,0.9,0.0005,cuda,False,False,5,98,726,-0.03284023329615593
curriculum_hard,2,results_adamw_lr0p001,results_adamw_lr0p001,small_cnn,adamw,10,128,20000,0.001,0.9,0.0005,cuda,False,False,5,99,727,0.7238991260528564
curriculum_hard,2,results_adamw_lr0p001,results_adamw_lr0p001,small_cnn,adamw,10,128,20000,0.001,0.9,0.0005,cuda,False,False,5,100,728,0.21734867990016937
curriculum_hard,2,results_adamw_lr0p001,results_adamw_lr0p001,small_cnn,adamw,10,128,20000,0.001,0.9,0.0005,cuda,False,False,5,101,729,-0.3408205807209015
curriculum_hard,2,results_adamw_lr0p001,results_adamw_lr0p001,small_cnn,adamw,10,128,20000,0.001,0.9,0.0005,cuda,False,False,5,102,730,0.20956315100193024
curriculum_hard,2,results_adamw_lr0p001,results_adamw_lr0p001,small_cnn,adamw,10,128,20000,0.001,0.9,0.0005,cuda,False,False,5,103,731,-0.4297126233577728
curriculum_hard,2,results_adamw_lr0p001,results_adamw_lr0p001,small_cnn,adamw,10,128,20000,0.001,0.9,0.0005,cuda,False,False,5,104,732,0.8588119149208069
curriculum_hard,2,results_adamw_lr0p001,results_adamw_lr0p001,small_cnn,adamw,10,128,20000,0.001,0.9,0.0005,cuda,False,False,5,105,733,0.35666507482528687
curriculum_hard,2,results_adamw_lr0p001,results_adamw_lr0p001,small_cnn,adamw,10,128,20000,0.001,0.9,0.0005,cuda,False,False,5,106,734,0.0960157960653305
curriculum_hard,2,results_adamw_lr0p001,results_adamw_lr0p001,small_cnn,adamw,10,128,20000,0.001,0.9,0.0005,cuda,False,False,5,107,735,0.4395717978477478
curriculum_hard,2,results_adamw_lr0p001,results_adamw_lr0p001,small_cnn,adamw,10,128,20000,0.001,0.9,0.0005,cuda,False,False,5,108,736,0.2660270929336548
curriculum_hard,2,results_adamw_lr0p001,results_adamw_lr0p001,small_cnn,adamw,10,128,20000,0.001,0.9,0.0005,cuda,False,False,5,109,737,0.47557562589645386
curriculum_hard,2,results_adamw_lr0p001,results_adamw_lr0p001,small_cnn,adamw,10,128,20000,0.001,0.9,0.0005,cuda,False,False,5,110,738,0.6743378639221191
curriculum_hard,2,results_adamw_lr0p001,results_adamw_lr0p001,small_cnn,adamw,10,128,20000,0.001,0.9,0.0005,cuda,False,False,5,111,739,0.7011949419975281
curriculum_hard,2,results_adamw_lr0p001,results_adamw_lr0p001,small_cnn,adamw,10,128,20000,0.001,0.9,0.0005,cuda,False,False,5,112,740,0.22053295373916626
curriculum_hard,2,results_adamw_lr0p001,results_adamw_lr0p001,small_cnn,adamw,10,128,20000,0.001,0.9,0.0005,cuda,False,False,5,113,741,0.6837279796600342
curriculum_hard,2,results_adamw_lr0p001,results_adamw_lr0p001,small_cnn,adamw,10,128,20000,0.001,0.9,0.0005,cuda,False,False,5,114,742,0.16563603281974792
curriculum_hard,2,results_adamw_lr0p001,results_adamw_lr0p001,small_cnn,adamw,10,128,20000,0.001,0.9,0.0005,cuda,False,False,5,115,743,0.06100006401538849
curriculum_hard,2,results_adamw_lr0p001,results_adamw_lr0p001,small_cnn,adamw,10,128,20000,0.001,0.9,0.0005,cuda,False,False,5,116,744,0.8114903569221497
curriculum_hard,2,results_adamw_lr0p001,results_adamw_lr0p001,small_cnn,adamw,10,128,20000,0.001,0.9,0.0005,cuda,False,False,5,117,745,0.7571530342102051
curriculum_hard,2,results_adamw_lr0p001,results_adamw_lr0p001,small_cnn,adamw,10,128,20000,0.001,0.9,0.0005,cuda,False,False,5,118,746,0.7023552060127258
curriculum_hard,2,results_adamw_lr0p001,results_adamw_lr0p001,small_cnn,adamw,10,128,20000,0.001,0.9,0.0005,cuda,False,False,5,119,747,0.4979265332221985
curriculum_hard,2,results_adamw_lr0p001,results_adamw_lr0p001,small_cnn,adamw,10,128,20000,0.001,0.9,0.0005,cuda,False,False,5,120,748,-0.21655099093914032
curriculum_hard,2,results_adamw_lr0p001,results_adamw_lr0p001,small_cnn,adamw,10,128,20000,0.001,0.9,0.0005,cuda,False,False,5,121,749,-0.2693014442920685
curriculum_hard,2,results_adamw_lr0p001,results_adamw_lr0p001,small_cnn,adamw,10,128,20000,0.001,0.9,0.0005,cuda,False,False,5,122,750,-0.48199257254600525
curriculum_hard,2,results_adamw_lr0p001,results_adamw_lr0p001,small_cnn,adamw,10,128,20000,0.001,0.9,0.0005,cuda,False,False,5,123,751,0.08748724311590195
curriculum_hard,2,results_adamw_lr0p001,results_adamw_lr0p001,small_cnn,adamw,10,128,20000,0.001,0.9,0.0005,cuda,False,False,5,124,752,0.3223229944705963
curriculum_hard,2,results_adamw_lr0p001,results_adamw_lr0p001,small_cnn,adamw,10,128,20000,0.001,0.9,0.0005,cuda,False,False,5,125,753,0.5556459426879883
curriculum_hard,2,results_adamw_lr0p001,results_adamw_lr0p001,small_cnn,adamw,10,128,20000,0.001,0.9,0.0005,cuda,False,False,5,126,754,-0.38022440671920776
curriculum_hard,2,results_adamw_lr0p001,results_adamw_lr0p001,small_cnn,adamw,10,128,20000,0.001,0.9,0.0005,cuda,False,False,5,127,755,0.562411904335022
curriculum_hard,2,results_adamw_lr0p001,results_adamw_lr0p001,small_cnn,adamw,10,128,20000,0.001,0.9,0.0005,cuda,False,False,5,128,756,0.01731831394135952
curriculum_hard,2,results_adamw_lr0p001,results_adamw_lr0p001,small_cnn,adamw,10,128,20000,0.001,0.9,0.0005,cuda,False,False,5,129,757,0.14600802958011627
curriculum_hard,2,results_adamw_lr0p001,results_adamw_lr0p001,small_cnn,adamw,10,128,20000,0.001,0.9,0.0005,cuda,False,False,5,130,758,0.5425267815589905
curriculum_hard,2,results_adamw_lr0p001,results_adamw_lr0p001,small_cnn,adamw,10,128,20000,0.001,0.9,0.0005,cuda,False,False,5,131,759,0.6916106343269348
curriculum_hard,2,results_adamw_lr0p001,results_adamw_lr0p001,small_cnn,adamw,10,128,20000,0.001,0.9,0.0005,cuda,False,False,5,132,760,0.7872967720031738
curriculum_hard,2,results_adamw_lr0p001,results_adamw_lr0p001,small_cnn,adamw,10,128,20000,0.001,0.9,0.0005,cuda,False,False,5,133,761,0.9227596521377563
curriculum_hard,2,results_adamw_lr0p001,results_adamw_lr0p001,small_cnn,adamw,10,128,20000,0.001,0.9,0.0005,cuda,False,False,5,134,762,0.7077814340591431
curriculum_hard,2,results_adamw_lr0p001,results_adamw_lr0p001,small_cnn,adamw,10,128,20000,0.001,0.9,0.0005,cuda,False,False,5,135,763,-0.2372119128704071
curriculum_hard,2,results_adamw_lr0p001,results_adamw_lr0p001,small_cnn,adamw,10,128,20000,0.001,0.9,0.0005,cuda,False,False,5,136,764,-0.32058584690093994
curriculum_hard,2,results_adamw_lr0p001,results_adamw_lr0p001,small_cnn,adamw,10,128,20000,0.001,0.9,0.0005,cuda,False,False,5,137,765,0.12797734141349792
curriculum_hard,2,results_adamw_lr0p001,results_adamw_lr0p001,small_cnn,adamw,10,128,20000,0.001,0.9,0.0005,cuda,False,False,5,138,766,0.6285507082939148
curriculum_hard,2,results_adamw_lr0p001,results_adamw_lr0p001,small_cnn,adamw,10,128,20000,0.001,0.9,0.0005,cuda,False,False,5,139,767,0.8602844476699829
curriculum_hard,2,results_adamw_lr0p001,results_adamw_lr0p001,small_cnn,adamw,10,128,20000,0.001,0.9,0.0005,cuda,False,False,5,140,768,0.4849284887313843
curriculum_hard,2,results_adamw_lr0p001,results_adamw_lr0p001,small_cnn,adamw,10,128,20000,0.001,0.9,0.0005,cuda,False,False,5,141,769,0.372519314289093
curriculum_hard,2,results_adamw_lr0p001,results_adamw_lr0p001,small_cnn,adamw,10,128,20000,0.001,0.9,0.0005,cuda,False,False,5,142,770,0.39222806692123413
curriculum_hard,2,results_adamw_lr0p001,results_adamw_lr0p001,small_cnn,adamw,10,128,20000,0.001,0.9,0.0005,cuda,False,False,5,143,771,-0.37961897253990173
curriculum_hard,2,results_adamw_lr0p001,results_adamw_lr0p001,small_cnn,adamw,10,128,20000,0.001,0.9,0.0005,cuda,False,False,5,144,772,0.6718109846115112
curriculum_hard,2,results_adamw_lr0p001,results_adamw_lr0p001,small_cnn,adamw,10,128,20000,0.001,0.9,0.0005,cuda,False,False,5,145,773,-0.6702157855033875
curriculum_hard,2,results_adamw_lr0p001,results_adamw_lr0p001,small_cnn,adamw,10,128,20000,0.001,0.9,0.0005,cuda,False,False,5,146,774,-0.38074636459350586
curriculum_hard,2,results_adamw_lr0p001,results_adamw_lr0p001,small_cnn,adamw,10,128,20000,0.001,0.9,0.0005,cuda,False,False,5,147,775,-0.5826345682144165
curriculum_hard,2,results_adamw_lr0p001,results_adamw_lr0p001,small_cnn,adamw,10,128,20000,0.001,0.9,0.0005,cuda,False,False,5,148,776,0.3001118302345276
curriculum_hard,2,results_adamw_lr0p001,results_adamw_lr0p001,small_cnn,adamw,10,128,20000,0.001,0.9,0.0005,cuda,False,False,5,149,777,0.7539894580841064
curriculum_hard,2,results_adamw_lr0p001,results_adamw_lr0p001,small_cnn,adamw,10,128,20000,0.001,0.9,0.0005,cuda,False,False,5,150,778,0.6674988269805908
curriculum_hard,2,results_adamw_lr0p001,results_adamw_lr0p001,small_cnn,adamw,10,128,20000,0.001,0.9,0.0005,cuda,False,False,5,151,779,0.35273727774620056
curriculum_hard,2,results_adamw_lr0p001,results_adamw_lr0p001,small_cnn,adamw,10,128,20000,0.001,0.9,0.0005,cuda,False,False,5,152,780,0.9680511951446533
curriculum_hard,2,results_adamw_lr0p001,results_adamw_lr0p001,small_cnn,adamw,10,128,20000,0.001,0.9,0.0005,cuda,False,False,5,153,781,0.9412417411804199
curriculum_hard,2,results_adamw_lr0p001,results_adamw_lr0p001,small_cnn,adamw,10,128,20000,0.001,0.9,0.0005,cuda,False,False,5,154,782,-0.4027200937271118
curriculum_hard,2,results_adamw_lr0p001,results_adamw_lr0p001,small_cnn,adamw,10,128,20000,0.001,0.9,0.0005,cuda,False,False,5,155,783,0.5211628079414368
curriculum_hard,2,results_adamw_lr0p001,results_adamw_lr0p001,small_cnn,adamw,10,128,20000,0.001,0.9,0.0005,cuda,False,False,5,156,784,0.35001641511917114
curriculum_hard,2,results_adamw_lr0p001,results_adamw_lr0p001,small_cnn,adamw,10,128,20000,0.001,0.9,0.0005,cuda,False,False,5,157,785,0.40543773770332336
curriculum_hard,2,results_adamw_lr0p001,results_adamw_lr0p001,small_cnn,adamw,10,128,20000,0.001,0.9,0.0005,cuda,False,False,6,1,786,-0.11849097162485123
curriculum_hard,2,results_adamw_lr0p001,results_adamw_lr0p001,small_cnn,adamw,10,128,20000,0.001,0.9,0.0005,cuda,False,False,6,2,787,0.5816512703895569
curriculum_hard,2,results_adamw_lr0p001,results_adamw_lr0p001,small_cnn,adamw,10,128,20000,0.001,0.9,0.0005,cuda,False,False,6,3,788,0.4551256000995636
curriculum_hard,2,results_adamw_lr0p001,results_adamw_lr0p001,small_cnn,adamw,10,128,20000,0.001,0.9,0.0005,cuda,False,False,6,4,789,-0.043099939823150635
curriculum_hard,2,results_adamw_lr0p001,results_adamw_lr0p001,small_cnn,adamw,10,128,20000,0.001,0.9,0.0005,cuda,False,False,6,5,790,0.7919999361038208
curriculum_hard,2,results_adamw_lr0p001,results_adamw_lr0p001,small_cnn,adamw,10,128,20000,0.001,0.9,0.0005,cuda,False,False,6,6,791,0.8745648860931396
curriculum_hard,2,results_adamw_lr0p001,results_adamw_lr0p001,small_cnn,adamw,10,128,20000,0.001,0.9,0.0005,cuda,False,False,6,7,792,0.656846821308136
curriculum_hard,2,results_adamw_lr0p001,results_adamw_lr0p001,small_cnn,adamw,10,128,20000,0.001,0.9,0.0005,cuda,False,False,6,8,793,0.7937524914741516
curriculum_hard,2,results_adamw_lr0p001,results_adamw_lr0p001,small_cnn,adamw,10,128,20000,0.001,0.9,0.0005,cuda,False,False,6,9,794,0.6177834868431091
curriculum_hard,2,results_adamw_lr0p001,results_adamw_lr0p001,small_cnn,adamw,10,128,20000,0.001,0.9,0.0005,cuda,False,False,6,10,795,0.1317731887102127
curriculum_hard,2,results_adamw_lr0p001,results_adamw_lr0p001,small_cnn,adamw,10,128,20000,0.001,0.9,0.0005,cuda,False,False,6,11,796,0.619522750377655
curriculum_hard,2,results_adamw_lr0p001,results_adamw_lr0p001,small_cnn,adamw,10,128,20000,0.001,0.9,0.0005,cuda,False,False,6,12,797,0.7310919761657715
curriculum_hard,2,results_adamw_lr0p001,results_adamw_lr0p001,small_cnn,adamw,10,128,20000,0.001,0.9,0.0005,cuda,False,False,6,13,798,0.9122198820114136
curriculum_hard,2,results_adamw_lr0p001,results_adamw_lr0p001,small_cnn,adamw,10,128,20000,0.001,0.9,0.0005,cuda,False,False,6,14,799,0.3742793798446655
curriculum_hard,2,results_adamw_lr0p001,results_adamw_lr0p001,small_cnn,adamw,10,128,20000,0.001,0.9,0.0005,cuda,False,False,6,15,800,0.11747848987579346
curriculum_hard,2,results_adamw_lr0p001,results_adamw_lr0p001,small_cnn,adamw,10,128,20000,0.001,0.9,0.0005,cuda,False,False,6,16,801,0.4337345361709595
curriculum_hard,2,results_adamw_lr0p001,results_adamw_lr0p001,small_cnn,adamw,10,128,20000,0.001,0.9,0.0005,cuda,False,False,6,17,802,-0.02331414446234703
curriculum_hard,2,results_adamw_lr0p001,results_adamw_lr0p001,small_cnn,adamw,10,128,20000,0.001,0.9,0.0005,cuda,False,False,6,18,803,0.48963630199432373
curriculum_hard,2,results_adamw_lr0p001,results_adamw_lr0p001,small_cnn,adamw,10,128,20000,0.001,0.9,0.0005,cuda,False,False,6,19,804,0.21402789652347565
curriculum_hard,2,results_adamw_lr0p001,results_adamw_lr0p001,small_cnn,adamw,10,128,20000,0.001,0.9,0.0005,cuda,False,False,6,20,805,0.7627843618392944
curriculum_hard,2,results_adamw_lr0p001,results_adamw_lr0p001,small_cnn,adamw,10,128,20000,0.001,0.9,0.0005,cuda,False,False,6,21,806,0.3922788202762604
curriculum_hard,2,results_adamw_lr0p001,results_adamw_lr0p001,small_cnn,adamw,10,128,20000,0.001,0.9,0.0005,cuda,False,False,6,22,807,0.7620753645896912
curriculum_hard,2,results_adamw_lr0p001,results_adamw_lr0p001,small_cnn,adamw,10,128,20000,0.001,0.9,0.0005,cuda,False,False,6,23,808,0.2710908353328705
curriculum_hard,2,results_adamw_lr0p001,results_adamw_lr0p001,small_cnn,adamw,10,128,20000,0.001,0.9,0.0005,cuda,False,False,6,24,809,0.7123311161994934
curriculum_hard,2,results_adamw_lr0p001,results_adamw_lr0p001,small_cnn,adamw,10,128,20000,0.001,0.9,0.0005,cuda,False,False,6,25,810,0.4356670081615448
curriculum_hard,2,results_adamw_lr0p001,results_adamw_lr0p001,small_cnn,adamw,10,128,20000,0.001,0.9,0.0005,cuda,False,False,6,26,811,0.5430025458335876
curriculum_hard,2,results_adamw_lr0p001,results_adamw_lr0p001,small_cnn,adamw,10,128,20000,0.001,0.9,0.0005,cuda,False,False,6,27,812,0.35552385449409485
curriculum_hard,2,results_adamw_lr0p001,results_adamw_lr0p001,small_cnn,adamw,10,128,20000,0.001,0.9,0.0005,cuda,False,False,6,28,813,0.8073087930679321
curriculum_hard,2,results_adamw_lr0p001,results_adamw_lr0p001,small_cnn,adamw,10,128,20000,0.001,0.9,0.0005,cuda,False,False,6,29,814,0.4479132890701294
curriculum_hard,2,results_adamw_lr0p001,results_adamw_lr0p001,small_cnn,adamw,10,128,20000,0.001,0.9,0.0005,cuda,False,False,6,30,815,0.413596510887146
curriculum_hard,2,results_adamw_lr0p001,results_adamw_lr0p001,small_cnn,adamw,10,128,20000,0.001,0.9,0.0005,cuda,False,False,6,31,816,0.3251212239265442
curriculum_hard,2,results_adamw_lr0p001,results_adamw_lr0p001,small_cnn,adamw,10,128,20000,0.001,0.9,0.0005,cuda,False,False,6,32,817,0.07466870546340942
curriculum_hard,2,results_adamw_lr0p001,results_adamw_lr0p001,small_cnn,adamw,10,128,20000,0.001,0.9,0.0005,cuda,False,False,6,33,818,0.00974205695092678
curriculum_hard,2,results_adamw_lr0p001,results_adamw_lr0p001,small_cnn,adamw,10,128,20000,0.001,0.9,0.0005,cuda,False,False,6,34,819,-0.38220012187957764
curriculum_hard,2,results_adamw_lr0p001,results_adamw_lr0p001,small_cnn,adamw,10,128,20000,0.001,0.9,0.0005,cuda,False,False,6,35,820,0.2356531172990799
curriculum_hard,2,results_adamw_lr0p001,results_adamw_lr0p001,small_cnn,adamw,10,128,20000,0.001,0.9,0.0005,cuda,False,False,6,36,821,-0.3158630430698395
curriculum_hard,2,results_adamw_lr0p001,results_adamw_lr0p001,small_cnn,adamw,10,128,20000,0.001,0.9,0.0005,cuda,False,False,6,37,822,0.12607139348983765
curriculum_hard,2,results_adamw_lr0p001,results_adamw_lr0p001,small_cnn,adamw,10,128,20000,0.001,0.9,0.0005,cuda,False,False,6,38,823,0.4268944561481476
curriculum_hard,2,results_adamw_lr0p001,results_adamw_lr0p001,small_cnn,adamw,10,128,20000,0.001,0.9,0.0005,cuda,False,False,6,39,824,-0.1404447704553604
curriculum_hard,2,results_adamw_lr0p001,results_adamw_lr0p001,small_cnn,adamw,10,128,20000,0.001,0.9,0.0005,cuda,False,False,6,40,825,0.21465788781642914
curriculum_hard,2,results_adamw_lr0p001,results_adamw_lr0p001,small_cnn,adamw,10,128,20000,0.001,0.9,0.0005,cuda,False,False,6,41,826,0.12777180969715118
curriculum_hard,2,results_adamw_lr0p001,results_adamw_lr0p001,small_cnn,adamw,10,128,20000,0.001,0.9,0.0005,cuda,False,False,6,42,827,0.18107649683952332
curriculum_hard,2,results_adamw_lr0p001,results_adamw_lr0p001,small_cnn,adamw,10,128,20000,0.001,0.9,0.0005,cuda,False,False,6,43,828,-0.09632787853479385
curriculum_hard,2,results_adamw_lr0p001,results_adamw_lr0p001,small_cnn,adamw,10,128,20000,0.001,0.9,0.0005,cuda,False,False,6,44,829,-0.1621216982603073
curriculum_hard,2,results_adamw_lr0p001,results_adamw_lr0p001,small_cnn,adamw,10,128,20000,0.001,0.9,0.0005,cuda,False,False,6,45,830,0.4709728956222534
curriculum_hard,2,results_adamw_lr0p001,results_adamw_lr0p001,small_cnn,adamw,10,128,20000,0.001,0.9,0.0005,cuda,False,False,6,46,831,-0.032977353781461716
curriculum_hard,2,results_adamw_lr0p001,results_adamw_lr0p001,small_cnn,adamw,10,128,20000,0.001,0.9,0.0005,cuda,False,False,6,47,832,0.42662325501441956
curriculum_hard,2,results_adamw_lr0p001,results_adamw_lr0p001,small_cnn,adamw,10,128,20000,0.001,0.9,0.0005,cuda,False,False,6,48,833,0.26776957511901855
curriculum_hard,2,results_adamw_lr0p001,results_adamw_lr0p001,small_cnn,adamw,10,128,20000,0.001,0.9,0.0005,cuda,False,False,6,49,834,0.09850563108921051
curriculum_hard,2,results_adamw_lr0p001,results_adamw_lr0p001,small_cnn,adamw,10,128,20000,0.001,0.9,0.0005,cuda,False,False,6,50,835,0.5105633735656738
curriculum_hard,2,results_adamw_lr0p001,results_adamw_lr0p001,small_cnn,adamw,10,128,20000,0.001,0.9,0.0005,cuda,False,False,6,51,836,0.8913877606391907
curriculum_hard,2,results_adamw_lr0p001,results_adamw_lr0p001,small_cnn,adamw,10,128,20000,0.001,0.9,0.0005,cuda,False,False,6,52,837,-0.6749138236045837
curriculum_hard,2,results_adamw_lr0p001,results_adamw_lr0p001,small_cnn,adamw,10,128,20000,0.001,0.9,0.0005,cuda,False,False,6,53,838,0.4190206527709961
curriculum_hard,2,results_adamw_lr0p001,results_adamw_lr0p001,small_cnn,adamw,10,128,20000,0.001,0.9,0.0005,cuda,False,False,6,54,839,0.3168753385543823
curriculum_hard,2,results_adamw_lr0p001,results_adamw_lr0p001,small_cnn,adamw,10,128,20000,0.001,0.9,0.0005,cuda,False,False,6,55,840,0.6411298513412476
curriculum_hard,2,results_adamw_lr0p001,results_adamw_lr0p001,small_cnn,adamw,10,128,20000,0.001,0.9,0.0005,cuda,False,False,6,56,841,-0.11807525157928467
curriculum_hard,2,results_adamw_lr0p001,results_adamw_lr0p001,small_cnn,adamw,10,128,20000,0.001,0.9,0.0005,cuda,False,False,6,57,842,0.581764280796051
curriculum_hard,2,results_adamw_lr0p001,results_adamw_lr0p001,small_cnn,adamw,10,128,20000,0.001,0.9,0.0005,cuda,False,False,6,58,843,0.4374557137489319
curriculum_hard,2,results_adamw_lr0p001,results_adamw_lr0p001,small_cnn,adamw,10,128,20000,0.001,0.9,0.0005,cuda,False,False,6,59,844,0.4760247468948364
curriculum_hard,2,results_adamw_lr0p001,results_adamw_lr0p001,small_cnn,adamw,10,128,20000,0.001,0.9,0.0005,cuda,False,False,6,60,845,-0.31292569637298584
curriculum_hard,2,results_adamw_lr0p001,results_adamw_lr0p001,small_cnn,adamw,10,128,20000,0.001,0.9,0.0005,cuda,False,False,6,61,846,0.03809647634625435
curriculum_hard,2,results_adamw_lr0p001,results_adamw_lr0p001,small_cnn,adamw,10,128,20000,0.001,0.9,0.0005,cuda,False,False,6,62,847,-0.07611753046512604
curriculum_hard,2,results_adamw_lr0p001,results_adamw_lr0p001,small_cnn,adamw,10,128,20000,0.001,0.9,0.0005,cuda,False,False,6,63,848,-0.19615235924720764
curriculum_hard,2,results_adamw_lr0p001,results_adamw_lr0p001,small_cnn,adamw,10,128,20000,0.001,0.9,0.0005,cuda,False,False,6,64,849,0.2820110619068146
curriculum_hard,2,results_adamw_lr0p001,results_adamw_lr0p001,small_cnn,adamw,10,128,20000,0.001,0.9,0.0005,cuda,False,False,6,65,850,-0.08190696686506271
curriculum_hard,2,results_adamw_lr0p001,results_adamw_lr0p001,small_cnn,adamw,10,128,20000,0.001,0.9,0.0005,cuda,False,False,6,66,851,0.792862594127655
curriculum_hard,2,results_adamw_lr0p001,results_adamw_lr0p001,small_cnn,adamw,10,128,20000,0.001,0.9,0.0005,cuda,False,False,6,67,852,0.39683517813682556
curriculum_hard,2,results_adamw_lr0p001,results_adamw_lr0p001,small_cnn,adamw,10,128,20000,0.001,0.9,0.0005,cuda,False,False,6,68,853,0.033612027764320374
curriculum_hard,2,results_adamw_lr0p001,results_adamw_lr0p001,small_cnn,adamw,10,128,20000,0.001,0.9,0.0005,cuda,False,False,6,69,854,0.5545335412025452
curriculum_hard,2,results_adamw_lr0p001,results_adamw_lr0p001,small_cnn,adamw,10,128,20000,0.001,0.9,0.0005,cuda,False,False,6,70,855,0.4391665458679199
curriculum_hard,2,results_adamw_lr0p001,results_adamw_lr0p001,small_cnn,adamw,10,128,20000,0.001,0.9,0.0005,cuda,False,False,6,71,856,-0.1412244737148285
curriculum_hard,2,results_adamw_lr0p001,results_adamw_lr0p001,small_cnn,adamw,10,128,20000,0.001,0.9,0.0005,cuda,False,False,6,72,857,-0.02656751498579979
curriculum_hard,2,results_adamw_lr0p001,results_adamw_lr0p001,small_cnn,adamw,10,128,20000,0.001,0.9,0.0005,cuda,False,False,6,73,858,0.5652293562889099
curriculum_hard,2,results_adamw_lr0p001,results_adamw_lr0p001,small_cnn,adamw,10,128,20000,0.001,0.9,0.0005,cuda,False,False,6,74,859,0.47407013177871704
curriculum_hard,2,results_adamw_lr0p001,results_adamw_lr0p001,small_cnn,adamw,10,128,20000,0.001,0.9,0.0005,cuda,False,False,6,75,860,0.3433865010738373
curriculum_hard,2,results_adamw_lr0p001,results_adamw_lr0p001,small_cnn,adamw,10,128,20000,0.001,0.9,0.0005,cuda,False,False,6,76,861,0.35534486174583435
curriculum_hard,2,results_adamw_lr0p001,results_adamw_lr0p001,small_cnn,adamw,10,128,20000,0.001,0.9,0.0005,cuda,False,False,6,77,862,-0.6584024429321289
curriculum_hard,2,results_adamw_lr0p001,results_adamw_lr0p001,small_cnn,adamw,10,128,20000,0.001,0.9,0.0005,cuda,False,False,6,78,863,0.5814779996871948
curriculum_hard,2,results_adamw_lr0p001,results_adamw_lr0p001,small_cnn,adamw,10,128,20000,0.001,0.9,0.0005,cuda,False,False,6,79,864,0.7278196811676025
curriculum_hard,2,results_adamw_lr0p001,results_adamw_lr0p001,small_cnn,adamw,10,128,20000,0.001,0.9,0.0005,cuda,False,False,6,80,865,0.3058207333087921
curriculum_hard,2,results_adamw_lr0p001,results_adamw_lr0p001,small_cnn,adamw,10,128,20000,0.001,0.9,0.0005,cuda,False,False,6,81,866,-0.09860171377658844
curriculum_hard,2,results_adamw_lr0p001,results_adamw_lr0p001,small_cnn,adamw,10,128,20000,0.001,0.9,0.0005,cuda,False,False,6,82,867,0.3366810381412506
curriculum_hard,2,results_adamw_lr0p001,results_adamw_lr0p001,small_cnn,adamw,10,128,20000,0.001,0.9,0.0005,cuda,False,False,6,83,868,-0.24412716925144196
curriculum_hard,2,results_adamw_lr0p001,results_adamw_lr0p001,small_cnn,adamw,10,128,20000,0.001,0.9,0.0005,cuda,False,False,6,84,869,0.26653099060058594
curriculum_hard,2,results_adamw_lr0p001,results_adamw_lr0p001,small_cnn,adamw,10,128,20000,0.001,0.9,0.0005,cuda,False,False,6,85,870,0.33578652143478394
curriculum_hard,2,results_adamw_lr0p001,results_adamw_lr0p001,small_cnn,adamw,10,128,20000,0.001,0.9,0.0005,cuda,False,False,6,86,871,0.6682544946670532
curriculum_hard,2,results_adamw_lr0p001,results_adamw_lr0p001,small_cnn,adamw,10,128,20000,0.001,0.9,0.0005,cuda,False,False,6,87,872,0.527487576007843
curriculum_hard,2,results_adamw_lr0p001,results_adamw_lr0p001,small_cnn,adamw,10,128,20000,0.001,0.9,0.0005,cuda,False,False,6,88,873,0.3078303039073944
curriculum_hard,2,results_adamw_lr0p001,results_adamw_lr0p001,small_cnn,adamw,10,128,20000,0.001,0.9,0.0005,cuda,False,False,6,89,874,-0.250537633895874
curriculum_hard,2,results_adamw_lr0p001,results_adamw_lr0p001,small_cnn,adamw,10,128,20000,0.001,0.9,0.0005,cuda,False,False,6,90,875,-0.39079898595809937
curriculum_hard,2,results_adamw_lr0p001,results_adamw_lr0p001,small_cnn,adamw,10,128,20000,0.001,0.9,0.0005,cuda,False,False,6,91,876,0.7903357744216919
curriculum_hard,2,results_adamw_lr0p001,results_adamw_lr0p001,small_cnn,adamw,10,128,20000,0.001,0.9,0.0005,cuda,False,False,6,92,877,0.5474238991737366
curriculum_hard,2,results_adamw_lr0p001,results_adamw_lr0p001,small_cnn,adamw,10,128,20000,0.001,0.9,0.0005,cuda,False,False,6,93,878,0.10403075814247131
curriculum_hard,2,results_adamw_lr0p001,results_adamw_lr0p001,small_cnn,adamw,10,128,20000,0.001,0.9,0.0005,cuda,False,False,6,94,879,0.19229121506214142
curriculum_hard,2,results_adamw_lr0p001,results_adamw_lr0p001,small_cnn,adamw,10,128,20000,0.001,0.9,0.0005,cuda,False,False,6,95,880,-0.36645880341529846
curriculum_hard,2,results_adamw_lr0p001,results_adamw_lr0p001,small_cnn,adamw,10,128,20000,0.001,0.9,0.0005,cuda,False,False,6,96,881,0.6241276264190674
curriculum_hard,2,results_adamw_lr0p001,results_adamw_lr0p001,small_cnn,adamw,10,128,20000,0.001,0.9,0.0005,cuda,False,False,6,97,882,0.05511631816625595
curriculum_hard,2,results_adamw_lr0p001,results_adamw_lr0p001,small_cnn,adamw,10,128,20000,0.001,0.9,0.0005,cuda,False,False,6,98,883,-0.12453451007604599
curriculum_hard,2,results_adamw_lr0p001,results_adamw_lr0p001,small_cnn,adamw,10,128,20000,0.001,0.9,0.0005,cuda,False,False,6,99,884,0.80613112449646
curriculum_hard,2,results_adamw_lr0p001,results_adamw_lr0p001,small_cnn,adamw,10,128,20000,0.001,0.9,0.0005,cuda,False,False,6,100,885,0.3069329857826233
curriculum_hard,2,results_adamw_lr0p001,results_adamw_lr0p001,small_cnn,adamw,10,128,20000,0.001,0.9,0.0005,cuda,False,False,6,101,886,-0.24377287924289703
curriculum_hard,2,results_adamw_lr0p001,results_adamw_lr0p001,small_cnn,adamw,10,128,20000,0.001,0.9,0.0005,cuda,False,False,6,102,887,0.011720482259988785
curriculum_hard,2,results_adamw_lr0p001,results_adamw_lr0p001,small_cnn,adamw,10,128,20000,0.001,0.9,0.0005,cuda,False,False,6,103,888,-0.45895054936408997
curriculum_hard,2,results_adamw_lr0p001,results_adamw_lr0p001,small_cnn,adamw,10,128,20000,0.001,0.9,0.0005,cuda,False,False,6,104,889,0.8082534074783325
curriculum_hard,2,results_adamw_lr0p001,results_adamw_lr0p001,small_cnn,adamw,10,128,20000,0.001,0.9,0.0005,cuda,False,False,6,105,890,0.30826929211616516
curriculum_hard,2,results_adamw_lr0p001,results_adamw_lr0p001,small_cnn,adamw,10,128,20000,0.001,0.9,0.0005,cuda,False,False,6,106,891,0.07879513502120972
curriculum_hard,2,results_adamw_lr0p001,results_adamw_lr0p001,small_cnn,adamw,10,128,20000,0.001,0.9,0.0005,cuda,False,False,6,107,892,0.4092137813568115
curriculum_hard,2,results_adamw_lr0p001,results_adamw_lr0p001,small_cnn,adamw,10,128,20000,0.001,0.9,0.0005,cuda,False,False,6,108,893,-0.40707647800445557
curriculum_hard,2,results_adamw_lr0p001,results_adamw_lr0p001,small_cnn,adamw,10,128,20000,0.001,0.9,0.0005,cuda,False,False,6,109,894,0.4664999842643738
curriculum_hard,2,results_adamw_lr0p001,results_adamw_lr0p001,small_cnn,adamw,10,128,20000,0.001,0.9,0.0005,cuda,False,False,6,110,895,0.7758597135543823
curriculum_hard,2,results_adamw_lr0p001,results_adamw_lr0p001,small_cnn,adamw,10,128,20000,0.001,0.9,0.0005,cuda,False,False,6,111,896,0.7252917289733887
curriculum_hard,2,results_adamw_lr0p001,results_adamw_lr0p001,small_cnn,adamw,10,128,20000,0.001,0.9,0.0005,cuda,False,False,6,112,897,0.33098137378692627
curriculum_hard,2,results_adamw_lr0p001,results_adamw_lr0p001,small_cnn,adamw,10,128,20000,0.001,0.9,0.0005,cuda,False,False,6,113,898,0.6368515491485596
curriculum_hard,2,results_adamw_lr0p001,results_adamw_lr0p001,small_cnn,adamw,10,128,20000,0.001,0.9,0.0005,cuda,False,False,6,114,899,0.2595025897026062
curriculum_hard,2,results_adamw_lr0p001,results_adamw_lr0p001,small_cnn,adamw,10,128,20000,0.001,0.9,0.0005,cuda,False,False,6,115,900,0.20792123675346375
curriculum_hard,2,results_adamw_lr0p001,results_adamw_lr0p001,small_cnn,adamw,10,128,20000,0.001,0.9,0.0005,cuda,False,False,6,116,901,0.8012803792953491
curriculum_hard,2,results_adamw_lr0p001,results_adamw_lr0p001,small_cnn,adamw,10,128,20000,0.001,0.9,0.0005,cuda,False,False,6,117,902,0.7641633152961731
curriculum_hard,2,results_adamw_lr0p001,results_adamw_lr0p001,small_cnn,adamw,10,128,20000,0.001,0.9,0.0005,cuda,False,False,6,118,903,0.679459273815155
curriculum_hard,2,results_adamw_lr0p001,results_adamw_lr0p001,small_cnn,adamw,10,128,20000,0.001,0.9,0.0005,cuda,False,False,6,119,904,0.5135095119476318
curriculum_hard,2,results_adamw_lr0p001,results_adamw_lr0p001,small_cnn,adamw,10,128,20000,0.001,0.9,0.0005,cuda,False,False,6,120,905,-0.32838425040245056
curriculum_hard,2,results_adamw_lr0p001,results_adamw_lr0p001,small_cnn,adamw,10,128,20000,0.001,0.9,0.0005,cuda,False,False,6,121,906,-0.1908961981534958
curriculum_hard,2,results_adamw_lr0p001,results_adamw_lr0p001,small_cnn,adamw,10,128,20000,0.001,0.9,0.0005,cuda,False,False,6,122,907,-0.31478604674339294
curriculum_hard,2,results_adamw_lr0p001,results_adamw_lr0p001,small_cnn,adamw,10,128,20000,0.001,0.9,0.0005,cuda,False,False,6,123,908,0.12802961468696594
curriculum_hard,2,results_adamw_lr0p001,results_adamw_lr0p001,small_cnn,adamw,10,128,20000,0.001,0.9,0.0005,cuda,False,False,6,124,909,0.34569793939590454
curriculum_hard,2,results_adamw_lr0p001,results_adamw_lr0p001,small_cnn,adamw,10,128,20000,0.001,0.9,0.0005,cuda,False,False,6,125,910,0.5486806035041809
curriculum_hard,2,results_adamw_lr0p001,results_adamw_lr0p001,small_cnn,adamw,10,128,20000,0.001,0.9,0.0005,cuda,False,False,6,126,911,-0.28271812200546265
curriculum_hard,2,results_adamw_lr0p001,results_adamw_lr0p001,small_cnn,adamw,10,128,20000,0.001,0.9,0.0005,cuda,False,False,6,127,912,0.3938175141811371
curriculum_hard,2,results_adamw_lr0p001,results_adamw_lr0p001,small_cnn,adamw,10,128,20000,0.001,0.9,0.0005,cuda,False,False,6,128,913,-0.14099149405956268
curriculum_hard,2,results_adamw_lr0p001,results_adamw_lr0p001,small_cnn,adamw,10,128,20000,0.001,0.9,0.0005,cuda,False,False,6,129,914,0.12491998821496964
curriculum_hard,2,results_adamw_lr0p001,results_adamw_lr0p001,small_cnn,adamw,10,128,20000,0.001,0.9,0.0005,cuda,False,False,6,130,915,0.5282322764396667
curriculum_hard,2,results_adamw_lr0p001,results_adamw_lr0p001,small_cnn,adamw,10,128,20000,0.001,0.9,0.0005,cuda,False,False,6,131,916,0.6832364201545715
curriculum_hard,2,results_adamw_lr0p001,results_adamw_lr0p001,small_cnn,adamw,10,128,20000,0.001,0.9,0.0005,cuda,False,False,6,132,917,0.8161494731903076
curriculum_hard,2,results_adamw_lr0p001,results_adamw_lr0p001,small_cnn,adamw,10,128,20000,0.001,0.9,0.0005,cuda,False,False,6,133,918,0.9123576283454895
curriculum_hard,2,results_adamw_lr0p001,results_adamw_lr0p001,small_cnn,adamw,10,128,20000,0.001,0.9,0.0005,cuda,False,False,6,134,919,0.6097029447555542
curriculum_hard,2,results_adamw_lr0p001,results_adamw_lr0p001,small_cnn,adamw,10,128,20000,0.001,0.9,0.0005,cuda,False,False,6,135,920,-0.5061424970626831
curriculum_hard,2,results_adamw_lr0p001,results_adamw_lr0p001,small_cnn,adamw,10,128,20000,0.001,0.9,0.0005,cuda,False,False,6,136,921,-0.2658129334449768
curriculum_hard,2,results_adamw_lr0p001,results_adamw_lr0p001,small_cnn,adamw,10,128,20000,0.001,0.9,0.0005,cuda,False,False,6,137,922,0.03386138007044792
curriculum_hard,2,results_adamw_lr0p001,results_adamw_lr0p001,small_cnn,adamw,10,128,20000,0.001,0.9,0.0005,cuda,False,False,6,138,923,0.6569653749465942
curriculum_hard,2,results_adamw_lr0p001,results_adamw_lr0p001,small_cnn,adamw,10,128,20000,0.001,0.9,0.0005,cuda,False,False,6,139,924,0.7983575463294983
curriculum_hard,2,results_adamw_lr0p001,results_adamw_lr0p001,small_cnn,adamw,10,128,20000,0.001,0.9,0.0005,cuda,False,False,6,140,925,0.4689691364765167
curriculum_hard,2,results_adamw_lr0p001,results_adamw_lr0p001,small_cnn,adamw,10,128,20000,0.001,0.9,0.0005,cuda,False,False,6,141,926,0.4392874836921692
curriculum_hard,2,results_adamw_lr0p001,results_adamw_lr0p001,small_cnn,adamw,10,128,20000,0.001,0.9,0.0005,cuda,False,False,6,142,927,0.43990567326545715
curriculum_hard,2,results_adamw_lr0p001,results_adamw_lr0p001,small_cnn,adamw,10,128,20000,0.001,0.9,0.0005,cuda,False,False,6,143,928,-0.2630590498447418
curriculum_hard,2,results_adamw_lr0p001,results_adamw_lr0p001,small_cnn,adamw,10,128,20000,0.001,0.9,0.0005,cuda,False,False,6,144,929,0.722261369228363
curriculum_hard,2,results_adamw_lr0p001,results_adamw_lr0p001,small_cnn,adamw,10,128,20000,0.001,0.9,0.0005,cuda,False,False,6,145,930,-0.6729928255081177
curriculum_hard,2,results_adamw_lr0p001,results_adamw_lr0p001,small_cnn,adamw,10,128,20000,0.001,0.9,0.0005,cuda,False,False,6,146,931,-0.580955445766449
curriculum_hard,2,results_adamw_lr0p001,results_adamw_lr0p001,small_cnn,adamw,10,128,20000,0.001,0.9,0.0005,cuda,False,False,6,147,932,-0.464006245136261
curriculum_hard,2,results_adamw_lr0p001,results_adamw_lr0p001,small_cnn,adamw,10,128,20000,0.001,0.9,0.0005,cuda,False,False,6,148,933,0.2072049081325531
curriculum_hard,2,results_adamw_lr0p001,results_adamw_lr0p001,small_cnn,adamw,10,128,20000,0.001,0.9,0.0005,cuda,False,False,6,149,934,0.7407322525978088
curriculum_hard,2,results_adamw_lr0p001,results_adamw_lr0p001,small_cnn,adamw,10,128,20000,0.001,0.9,0.0005,cuda,False,False,6,150,935,0.5569850206375122
curriculum_hard,2,results_adamw_lr0p001,results_adamw_lr0p001,small_cnn,adamw,10,128,20000,0.001,0.9,0.0005,cuda,False,False,6,151,936,0.306774377822876
curriculum_hard,2,results_adamw_lr0p001,results_adamw_lr0p001,small_cnn,adamw,10,128,20000,0.001,0.9,0.0005,cuda,False,False,6,152,937,0.9682626724243164
curriculum_hard,2,results_adamw_lr0p001,results_adamw_lr0p001,small_cnn,adamw,10,128,20000,0.001,0.9,0.0005,cuda,False,False,6,153,938,0.9020664691925049
curriculum_hard,2,results_adamw_lr0p001,results_adamw_lr0p001,small_cnn,adamw,10,128,20000,0.001,0.9,0.0005,cuda,False,False,6,154,939,-0.39395034313201904
curriculum_hard,2,results_adamw_lr0p001,results_adamw_lr0p001,small_cnn,adamw,10,128,20000,0.001,0.9,0.0005,cuda,False,False,6,155,940,0.32356026768684387
curriculum_hard,2,results_adamw_lr0p001,results_adamw_lr0p001,small_cnn,adamw,10,128,20000,0.001,0.9,0.0005,cuda,False,False,6,156,941,0.18117906153202057
curriculum_hard,2,results_adamw_lr0p001,results_adamw_lr0p001,small_cnn,adamw,10,128,20000,0.001,0.9,0.0005,cuda,False,False,6,157,942,0.39141547679901123
curriculum_hard,2,results_adamw_lr0p001,results_adamw_lr0p001,small_cnn,adamw,10,128,20000,0.001,0.9,0.0005,cuda,False,False,7,1,943,-0.15431785583496094
curriculum_hard,2,results_adamw_lr0p001,results_adamw_lr0p001,small_cnn,adamw,10,128,20000,0.001,0.9,0.0005,cuda,False,False,7,2,944,0.6585831046104431
curriculum_hard,2,results_adamw_lr0p001,results_adamw_lr0p001,small_cnn,adamw,10,128,20000,0.001,0.9,0.0005,cuda,False,False,7,3,945,0.4748631417751312
curriculum_hard,2,results_adamw_lr0p001,results_adamw_lr0p001,small_cnn,adamw,10,128,20000,0.001,0.9,0.0005,cuda,False,False,7,4,946,-0.21768873929977417
curriculum_hard,2,results_adamw_lr0p001,results_adamw_lr0p001,small_cnn,adamw,10,128,20000,0.001,0.9,0.0005,cuda,False,False,7,5,947,0.8530503511428833
curriculum_hard,2,results_adamw_lr0p001,results_adamw_lr0p001,small_cnn,adamw,10,128,20000,0.001,0.9,0.0005,cuda,False,False,7,6,948,0.8990035653114319
curriculum_hard,2,results_adamw_lr0p001,results_adamw_lr0p001,small_cnn,adamw,10,128,20000,0.001,0.9,0.0005,cuda,False,False,7,7,949,0.5241788625717163
curriculum_hard,2,results_adamw_lr0p001,results_adamw_lr0p001,small_cnn,adamw,10,128,20000,0.001,0.9,0.0005,cuda,False,False,7,8,950,0.8174073100090027
curriculum_hard,2,results_adamw_lr0p001,results_adamw_lr0p001,small_cnn,adamw,10,128,20000,0.001,0.9,0.0005,cuda,False,False,7,9,951,0.6060527563095093
curriculum_hard,2,results_adamw_lr0p001,results_adamw_lr0p001,small_cnn,adamw,10,128,20000,0.001,0.9,0.0005,cuda,False,False,7,10,952,0.3722952604293823
curriculum_hard,2,results_adamw_lr0p001,results_adamw_lr0p001,small_cnn,adamw,10,128,20000,0.001,0.9,0.0005,cuda,False,False,7,11,953,0.5758972764015198
curriculum_hard,2,results_adamw_lr0p001,results_adamw_lr0p001,small_cnn,adamw,10,128,20000,0.001,0.9,0.0005,cuda,False,False,7,12,954,0.6335778832435608
curriculum_hard,2,results_adamw_lr0p001,results_adamw_lr0p001,small_cnn,adamw,10,128,20000,0.001,0.9,0.0005,cuda,False,False,7,13,955,0.8872382640838623
curriculum_hard,2,results_adamw_lr0p001,results_adamw_lr0p001,small_cnn,adamw,10,128,20000,0.001,0.9,0.0005,cuda,False,False,7,14,956,-0.021702395752072334
curriculum_hard,2,results_adamw_lr0p001,results_adamw_lr0p001,small_cnn,adamw,10,128,20000,0.001,0.9,0.0005,cuda,False,False,7,15,957,0.28164613246917725
curriculum_hard,2,results_adamw_lr0p001,results_adamw_lr0p001,small_cnn,adamw,10,128,20000,0.001,0.9,0.0005,cuda,False,False,7,16,958,0.5276154279708862
curriculum_hard,2,results_adamw_lr0p001,results_adamw_lr0p001,small_cnn,adamw,10,128,20000,0.001,0.9,0.0005,cuda,False,False,7,17,959,0.3216245174407959
curriculum_hard,2,results_adamw_lr0p001,results_adamw_lr0p001,small_cnn,adamw,10,128,20000,0.001,0.9,0.0005,cuda,False,False,7,18,960,0.6079505681991577
curriculum_hard,2,results_adamw_lr0p001,results_adamw_lr0p001,small_cnn,adamw,10,128,20000,0.001,0.9,0.0005,cuda,False,False,7,19,961,0.4151550829410553
curriculum_hard,2,results_adamw_lr0p001,results_adamw_lr0p001,small_cnn,adamw,10,128,20000,0.001,0.9,0.0005,cuda,False,False,7,20,962,0.3587641716003418
curriculum_hard,2,results_adamw_lr0p001,results_adamw_lr0p001,small_cnn,adamw,10,128,20000,0.001,0.9,0.0005,cuda,False,False,7,21,963,0.08960767090320587
curriculum_hard,2,results_adamw_lr0p001,results_adamw_lr0p001,small_cnn,adamw,10,128,20000,0.001,0.9,0.0005,cuda,False,False,7,22,964,0.6486876606941223
curriculum_hard,2,results_adamw_lr0p001,results_adamw_lr0p001,small_cnn,adamw,10,128,20000,0.001,0.9,0.0005,cuda,False,False,7,23,965,0.23578177392482758
curriculum_hard,2,results_adamw_lr0p001,results_adamw_lr0p001,small_cnn,adamw,10,128,20000,0.001,0.9,0.0005,cuda,False,False,7,24,966,0.6066626310348511
curriculum_hard,2,results_adamw_lr0p001,results_adamw_lr0p001,small_cnn,adamw,10,128,20000,0.001,0.9,0.0005,cuda,False,False,7,25,967,0.21338334679603577
curriculum_hard,2,results_adamw_lr0p001,results_adamw_lr0p001,small_cnn,adamw,10,128,20000,0.001,0.9,0.0005,cuda,False,False,7,26,968,0.7285550832748413
curriculum_hard,2,results_adamw_lr0p001,results_adamw_lr0p001,small_cnn,adamw,10,128,20000,0.001,0.9,0.0005,cuda,False,False,7,27,969,0.25740891695022583
curriculum_hard,2,results_adamw_lr0p001,results_adamw_lr0p001,small_cnn,adamw,10,128,20000,0.001,0.9,0.0005,cuda,False,False,7,28,970,0.6717901825904846
curriculum_hard,2,results_adamw_lr0p001,results_adamw_lr0p001,small_cnn,adamw,10,128,20000,0.001,0.9,0.0005,cuda,False,False,7,29,971,-0.006387160159647465
curriculum_hard,2,results_adamw_lr0p001,results_adamw_lr0p001,small_cnn,adamw,10,128,20000,0.001,0.9,0.0005,cuda,False,False,7,30,972,0.27967432141304016
curriculum_hard,2,results_adamw_lr0p001,results_adamw_lr0p001,small_cnn,adamw,10,128,20000,0.001,0.9,0.0005,cuda,False,False,7,31,973,0.4254225790500641
curriculum_hard,2,results_adamw_lr0p001,results_adamw_lr0p001,small_cnn,adamw,10,128,20000,0.001,0.9,0.0005,cuda,False,False,7,32,974,0.5850169658660889
curriculum_hard,2,results_adamw_lr0p001,results_adamw_lr0p001,small_cnn,adamw,10,128,20000,0.001,0.9,0.0005,cuda,False,False,7,33,975,0.5207290649414062
curriculum_hard,2,results_adamw_lr0p001,results_adamw_lr0p001,small_cnn,adamw,10,128,20000,0.001,0.9,0.0005,cuda,False,False,7,34,976,-0.3298540711402893
curriculum_hard,2,results_adamw_lr0p001,results_adamw_lr0p001,small_cnn,adamw,10,128,20000,0.001,0.9,0.0005,cuda,False,False,7,35,977,0.09643863141536713
curriculum_hard,2,results_adamw_lr0p001,results_adamw_lr0p001,small_cnn,adamw,10,128,20000,0.001,0.9,0.0005,cuda,False,False,7,36,978,-0.5048651099205017
curriculum_hard,2,results_adamw_lr0p001,results_adamw_lr0p001,small_cnn,adamw,10,128,20000,0.001,0.9,0.0005,cuda,False,False,7,37,979,0.13764311373233795
curriculum_hard,2,results_adamw_lr0p001,results_adamw_lr0p001,small_cnn,adamw,10,128,20000,0.001,0.9,0.0005,cuda,False,False,7,38,980,-0.21651692688465118
curriculum_hard,2,results_adamw_lr0p001,results_adamw_lr0p001,small_cnn,adamw,10,128,20000,0.001,0.9,0.0005,cuda,False,False,7,39,981,0.2092808037996292
curriculum_hard,2,results_adamw_lr0p001,results_adamw_lr0p001,small_cnn,adamw,10,128,20000,0.001,0.9,0.0005,cuda,False,False,7,40,982,0.3487448990345001
curriculum_hard,2,results_adamw_lr0p001,results_adamw_lr0p001,small_cnn,adamw,10,128,20000,0.001,0.9,0.0005,cuda,False,False,7,41,983,0.14183682203292847
curriculum_hard,2,results_adamw_lr0p001,results_adamw_lr0p001,small_cnn,adamw,10,128,20000,0.001,0.9,0.0005,cuda,False,False,7,42,984,0.22271321713924408
curriculum_hard,2,results_adamw_lr0p001,results_adamw_lr0p001,small_cnn,adamw,10,128,20000,0.001,0.9,0.0005,cuda,False,False,7,43,985,-0.17759177088737488
curriculum_hard,2,results_adamw_lr0p001,results_adamw_lr0p001,small_cnn,adamw,10,128,20000,0.001,0.9,0.0005,cuda,False,False,7,44,986,-0.5012301802635193
curriculum_hard,2,results_adamw_lr0p001,results_adamw_lr0p001,small_cnn,adamw,10,128,20000,0.001,0.9,0.0005,cuda,False,False,7,45,987,0.7229966521263123
curriculum_hard,2,results_adamw_lr0p001,results_adamw_lr0p001,small_cnn,adamw,10,128,20000,0.001,0.9,0.0005,cuda,False,False,7,46,988,-0.042167775332927704
curriculum_hard,2,results_adamw_lr0p001,results_adamw_lr0p001,small_cnn,adamw,10,128,20000,0.001,0.9,0.0005,cuda,False,False,7,47,989,-0.0043686130084097385
curriculum_hard,2,results_adamw_lr0p001,results_adamw_lr0p001,small_cnn,adamw,10,128,20000,0.001,0.9,0.0005,cuda,False,False,7,48,990,0.2563075125217438
curriculum_hard,2,results_adamw_lr0p001,results_adamw_lr0p001,small_cnn,adamw,10,128,20000,0.001,0.9,0.0005,cuda,False,False,7,49,991,0.1219811663031578
curriculum_hard,2,results_adamw_lr0p001,results_adamw_lr0p001,small_cnn,adamw,10,128,20000,0.001,0.9,0.0005,cuda,False,False,7,50,992,0.3502192795276642
curriculum_hard,2,results_adamw_lr0p001,results_adamw_lr0p001,small_cnn,adamw,10,128,20000,0.001,0.9,0.0005,cuda,False,False,7,51,993,0.8446964025497437
curriculum_hard,2,results_adamw_lr0p001,results_adamw_lr0p001,small_cnn,adamw,10,128,20000,0.001,0.9,0.0005,cuda,False,False,7,52,994,-0.7106742262840271
curriculum_hard,2,results_adamw_lr0p001,results_adamw_lr0p001,small_cnn,adamw,10,128,20000,0.001,0.9,0.0005,cuda,False,False,7,53,995,0.7252870202064514
curriculum_hard,2,results_adamw_lr0p001,results_adamw_lr0p001,small_cnn,adamw,10,128,20000,0.001,0.9,0.0005,cuda,False,False,7,54,996,0.5572277903556824
curriculum_hard,2,results_adamw_lr0p001,results_adamw_lr0p001,small_cnn,adamw,10,128,20000,0.001,0.9,0.0005,cuda,False,False,7,55,997,0.6311746835708618
curriculum_hard,2,results_adamw_lr0p001,results_adamw_lr0p001,small_cnn,adamw,10,128,20000,0.001,0.9,0.0005,cuda,False,False,7,56,998,0.12802161276340485
curriculum_hard,2,results_adamw_lr0p001,results_adamw_lr0p001,small_cnn,adamw,10,128,20000,0.001,0.9,0.0005,cuda,False,False,7,57,999,0.6310955882072449
curriculum_hard,2,results_adamw_lr0p001,results_adamw_lr0p001,small_cnn,adamw,10,128,20000,0.001,0.9,0.0005,cuda,False,False,7,58,1000,0.22068186104297638
curriculum_hard,2,results_adamw_lr0p001,results_adamw_lr0p001,small_cnn,adamw,10,128,20000,0.001,0.9,0.0005,cuda,False,False,7,59,1001,0.5447864532470703
curriculum_hard,2,results_adamw_lr0p001,results_adamw_lr0p001,small_cnn,adamw,10,128,20000,0.001,0.9,0.0005,cuda,False,False,7,60,1002,0.20818747580051422
curriculum_hard,2,results_adamw_lr0p001,results_adamw_lr0p001,small_cnn,adamw,10,128,20000,0.001,0.9,0.0005,cuda,False,False,7,61,1003,0.564288318157196
curriculum_hard,2,results_adamw_lr0p001,results_adamw_lr0p001,small_cnn,adamw,10,128,20000,0.001,0.9,0.0005,cuda,False,False,7,62,1004,0.11765923351049423
curriculum_hard,2,results_adamw_lr0p001,results_adamw_lr0p001,small_cnn,adamw,10,128,20000,0.001,0.9,0.0005,cuda,False,False,7,63,1005,0.0037528928369283676
curriculum_hard,2,results_adamw_lr0p001,results_adamw_lr0p001,small_cnn,adamw,10,128,20000,0.001,0.9,0.0005,cuda,False,False,7,64,1006,0.319905549287796
curriculum_hard,2,results_adamw_lr0p001,results_adamw_lr0p001,small_cnn,adamw,10,128,20000,0.001,0.9,0.0005,cuda,False,False,7,65,1007,0.04665505513548851
curriculum_hard,2,results_adamw_lr0p001,results_adamw_lr0p001,small_cnn,adamw,10,128,20000,0.001,0.9,0.0005,cuda,False,False,7,66,1008,0.8559939861297607
curriculum_hard,2,results_adamw_lr0p001,results_adamw_lr0p001,small_cnn,adamw,10,128,20000,0.001,0.9,0.0005,cuda,False,False,7,67,1009,0.5140549540519714
curriculum_hard,2,results_adamw_lr0p001,results_adamw_lr0p001,small_cnn,adamw,10,128,20000,0.001,0.9,0.0005,cuda,False,False,7,68,1010,-0.2855623662471771
curriculum_hard,2,results_adamw_lr0p001,results_adamw_lr0p001,small_cnn,adamw,10,128,20000,0.001,0.9,0.0005,cuda,False,False,7,69,1011,0.5012179613113403
curriculum_hard,2,results_adamw_lr0p001,results_adamw_lr0p001,small_cnn,adamw,10,128,20000,0.001,0.9,0.0005,cuda,False,False,7,70,1012,0.15119050443172455
curriculum_hard,2,results_adamw_lr0p001,results_adamw_lr0p001,small_cnn,adamw,10,128,20000,0.001,0.9,0.0005,cuda,False,False,7,71,1013,-0.2173437625169754
curriculum_hard,2,results_adamw_lr0p001,results_adamw_lr0p001,small_cnn,adamw,10,128,20000,0.001,0.9,0.0005,cuda,False,False,7,72,1014,-0.2072957456111908
curriculum_hard,2,results_adamw_lr0p001,results_adamw_lr0p001,small_cnn,adamw,10,128,20000,0.001,0.9,0.0005,cuda,False,False,7,73,1015,0.421735018491745
curriculum_hard,2,results_adamw_lr0p001,results_adamw_lr0p001,small_cnn,adamw,10,128,20000,0.001,0.9,0.0005,cuda,False,False,7,74,1016,0.1983974575996399
curriculum_hard,2,results_adamw_lr0p001,results_adamw_lr0p001,small_cnn,adamw,10,128,20000,0.001,0.9,0.0005,cuda,False,False,7,75,1017,0.3618443012237549
curriculum_hard,2,results_adamw_lr0p001,results_adamw_lr0p001,small_cnn,adamw,10,128,20000,0.001,0.9,0.0005,cuda,False,False,7,76,1018,0.3538711965084076
curriculum_hard,2,results_adamw_lr0p001,results_adamw_lr0p001,small_cnn,adamw,10,128,20000,0.001,0.9,0.0005,cuda,False,False,7,77,1019,-0.5784532427787781
curriculum_hard,2,results_adamw_lr0p001,results_adamw_lr0p001,small_cnn,adamw,10,128,20000,0.001,0.9,0.0005,cuda,False,False,7,78,1020,0.5634594559669495
curriculum_hard,2,results_adamw_lr0p001,results_adamw_lr0p001,small_cnn,adamw,10,128,20000,0.001,0.9,0.0005,cuda,False,False,7,79,1021,0.6387376189231873
curriculum_hard,2,results_adamw_lr0p001,results_adamw_lr0p001,small_cnn,adamw,10,128,20000,0.001,0.9,0.0005,cuda,False,False,7,80,1022,0.04016207158565521
curriculum_hard,2,results_adamw_lr0p001,results_adamw_lr0p001,small_cnn,adamw,10,128,20000,0.001,0.9,0.0005,cuda,False,False,7,81,1023,0.07456961274147034
curriculum_hard,2,results_adamw_lr0p001,results_adamw_lr0p001,small_cnn,adamw,10,128,20000,0.001,0.9,0.0005,cuda,False,False,7,82,1024,0.2914508581161499
curriculum_hard,2,results_adamw_lr0p001,results_adamw_lr0p001,small_cnn,adamw,10,128,20000,0.001,0.9,0.0005,cuda,False,False,7,83,1025,-0.08401992917060852
curriculum_hard,2,results_adamw_lr0p001,results_adamw_lr0p001,small_cnn,adamw,10,128,20000,0.001,0.9,0.0005,cuda,False,False,7,84,1026,0.30601343512535095
curriculum_hard,2,results_adamw_lr0p001,results_adamw_lr0p001,small_cnn,adamw,10,128,20000,0.001,0.9,0.0005,cuda,False,False,7,85,1027,0.3004978895187378
curriculum_hard,2,results_adamw_lr0p001,results_adamw_lr0p001,small_cnn,adamw,10,128,20000,0.001,0.9,0.0005,cuda,False,False,7,86,1028,0.5284568071365356
curriculum_hard,2,results_adamw_lr0p001,results_adamw_lr0p001,small_cnn,adamw,10,128,20000,0.001,0.9,0.0005,cuda,False,False,7,87,1029,0.4115311801433563
curriculum_hard,2,results_adamw_lr0p001,results_adamw_lr0p001,small_cnn,adamw,10,128,20000,0.001,0.9,0.0005,cuda,False,False,7,88,1030,0.08348940312862396
curriculum_hard,2,results_adamw_lr0p001,results_adamw_lr0p001,small_cnn,adamw,10,128,20000,0.001,0.9,0.0005,cuda,False,False,7,89,1031,-0.22543437778949738
curriculum_hard,2,results_adamw_lr0p001,results_adamw_lr0p001,small_cnn,adamw,10,128,20000,0.001,0.9,0.0005,cuda,False,False,7,90,1032,-0.03923243656754494
curriculum_hard,2,results_adamw_lr0p001,results_adamw_lr0p001,small_cnn,adamw,10,128,20000,0.001,0.9,0.0005,cuda,False,False,7,91,1033,0.6561303734779358
curriculum_hard,2,results_adamw_lr0p001,results_adamw_lr0p001,small_cnn,adamw,10,128,20000,0.001,0.9,0.0005,cuda,False,False,7,92,1034,0.5860270857810974
curriculum_hard,2,results_adamw_lr0p001,results_adamw_lr0p001,small_cnn,adamw,10,128,20000,0.001,0.9,0.0005,cuda,False,False,7,93,1035,0.006915973499417305
curriculum_hard,2,results_adamw_lr0p001,results_adamw_lr0p001,small_cnn,adamw,10,128,20000,0.001,0.9,0.0005,cuda,False,False,7,94,1036,0.11703624576330185
curriculum_hard,2,results_adamw_lr0p001,results_adamw_lr0p001,small_cnn,adamw,10,128,20000,0.001,0.9,0.0005,cuda,False,False,7,95,1037,-0.2768199145793915
curriculum_hard,2,results_adamw_lr0p001,results_adamw_lr0p001,small_cnn,adamw,10,128,20000,0.001,0.9,0.0005,cuda,False,False,7,96,1038,0.48327648639678955
curriculum_hard,2,results_adamw_lr0p001,results_adamw_lr0p001,small_cnn,adamw,10,128,20000,0.001,0.9,0.0005,cuda,False,False,7,97,1039,-0.11914372444152832
curriculum_hard,2,results_adamw_lr0p001,results_adamw_lr0p001,small_cnn,adamw,10,128,20000,0.001,0.9,0.0005,cuda,False,False,7,98,1040,-0.07927627861499786
curriculum_hard,2,results_adamw_lr0p001,results_adamw_lr0p001,small_cnn,adamw,10,128,20000,0.001,0.9,0.0005,cuda,False,False,7,99,1041,0.7747073173522949
curriculum_hard,2,results_adamw_lr0p001,results_adamw_lr0p001,small_cnn,adamw,10,128,20000,0.001,0.9,0.0005,cuda,False,False,7,100,1042,0.05899108946323395
curriculum_hard,2,results_adamw_lr0p001,results_adamw_lr0p001,small_cnn,adamw,10,128,20000,0.001,0.9,0.0005,cuda,False,False,7,101,1043,-0.2923634946346283
curriculum_hard,2,results_adamw_lr0p001,results_adamw_lr0p001,small_cnn,adamw,10,128,20000,0.001,0.9,0.0005,cuda,False,False,7,102,1044,-0.296761691570282
curriculum_hard,2,results_adamw_lr0p001,results_adamw_lr0p001,small_cnn,adamw,10,128,20000,0.001,0.9,0.0005,cuda,False,False,7,103,1045,-0.6248193979263306
curriculum_hard,2,results_adamw_lr0p001,results_adamw_lr0p001,small_cnn,adamw,10,128,20000,0.001,0.9,0.0005,cuda,False,False,7,104,1046,0.7844813466072083
curriculum_hard,2,results_adamw_lr0p001,results_adamw_lr0p001,small_cnn,adamw,10,128,20000,0.001,0.9,0.0005,cuda,False,False,7,105,1047,0.24064099788665771
curriculum_hard,2,results_adamw_lr0p001,results_adamw_lr0p001,small_cnn,adamw,10,128,20000,0.001,0.9,0.0005,cuda,False,False,7,106,1048,0.14577609300613403
curriculum_hard,2,results_adamw_lr0p001,results_adamw_lr0p001,small_cnn,adamw,10,128,20000,0.001,0.9,0.0005,cuda,False,False,7,107,1049,0.38469642400741577
curriculum_hard,2,results_adamw_lr0p001,results_adamw_lr0p001,small_cnn,adamw,10,128,20000,0.001,0.9,0.0005,cuda,False,False,7,108,1050,-0.33953726291656494
curriculum_hard,2,results_adamw_lr0p001,results_adamw_lr0p001,small_cnn,adamw,10,128,20000,0.001,0.9,0.0005,cuda,False,False,7,109,1051,0.4852060079574585
curriculum_hard,2,results_adamw_lr0p001,results_adamw_lr0p001,small_cnn,adamw,10,128,20000,0.001,0.9,0.0005,cuda,False,False,7,110,1052,0.7235393524169922
curriculum_hard,2,results_adamw_lr0p001,results_adamw_lr0p001,small_cnn,adamw,10,128,20000,0.001,0.9,0.0005,cuda,False,False,7,111,1053,0.7017137408256531
curriculum_hard,2,results_adamw_lr0p001,results_adamw_lr0p001,small_cnn,adamw,10,128,20000,0.001,0.9,0.0005,cuda,False,False,7,112,1054,0.2909627854824066
curriculum_hard,2,results_adamw_lr0p001,results_adamw_lr0p001,small_cnn,adamw,10,128,20000,0.001,0.9,0.0005,cuda,False,False,7,113,1055,0.5556313395500183
curriculum_hard,2,results_adamw_lr0p001,results_adamw_lr0p001,small_cnn,adamw,10,128,20000,0.001,0.9,0.0005,cuda,False,False,7,114,1056,0.2864527702331543
curriculum_hard,2,results_adamw_lr0p001,results_adamw_lr0p001,small_cnn,adamw,10,128,20000,0.001,0.9,0.0005,cuda,False,False,7,115,1057,0.10382375866174698
curriculum_hard,2,results_adamw_lr0p001,results_adamw_lr0p001,small_cnn,adamw,10,128,20000,0.001,0.9,0.0005,cuda,False,False,7,116,1058,0.793779730796814
curriculum_hard,2,results_adamw_lr0p001,results_adamw_lr0p001,small_cnn,adamw,10,128,20000,0.001,0.9,0.0005,cuda,False,False,7,117,1059,0.7383062839508057
curriculum_hard,2,results_adamw_lr0p001,results_adamw_lr0p001,small_cnn,adamw,10,128,20000,0.001,0.9,0.0005,cuda,False,False,7,118,1060,0.6520959734916687
curriculum_hard,2,results_adamw_lr0p001,results_adamw_lr0p001,small_cnn,adamw,10,128,20000,0.001,0.9,0.0005,cuda,False,False,7,119,1061,0.4838716983795166
curriculum_hard,2,results_adamw_lr0p001,results_adamw_lr0p001,small_cnn,adamw,10,128,20000,0.001,0.9,0.0005,cuda,False,False,7,120,1062,-0.26377159357070923
curriculum_hard,2,results_adamw_lr0p001,results_adamw_lr0p001,small_cnn,adamw,10,128,20000,0.001,0.9,0.0005,cuda,False,False,7,121,1063,-0.1786477118730545
curriculum_hard,2,results_adamw_lr0p001,results_adamw_lr0p001,small_cnn,adamw,10,128,20000,0.001,0.9,0.0005,cuda,False,False,7,122,1064,-0.3311033248901367
curriculum_hard,2,results_adamw_lr0p001,results_adamw_lr0p001,small_cnn,adamw,10,128,20000,0.001,0.9,0.0005,cuda,False,False,7,123,1065,0.06712522357702255
curriculum_hard,2,results_adamw_lr0p001,results_adamw_lr0p001,small_cnn,adamw,10,128,20000,0.001,0.9,0.0005,cuda,False,False,7,124,1066,0.16979394853115082
curriculum_hard,2,results_adamw_lr0p001,results_adamw_lr0p001,small_cnn,adamw,10,128,20000,0.001,0.9,0.0005,cuda,False,False,7,125,1067,0.5377393364906311
curriculum_hard,2,results_adamw_lr0p001,results_adamw_lr0p001,small_cnn,adamw,10,128,20000,0.001,0.9,0.0005,cuda,False,False,7,126,1068,-0.10665050148963928
curriculum_hard,2,results_adamw_lr0p001,results_adamw_lr0p001,small_cnn,adamw,10,128,20000,0.001,0.9,0.0005,cuda,False,False,7,127,1069,0.378329873085022
curriculum_hard,2,results_adamw_lr0p001,results_adamw_lr0p001,small_cnn,adamw,10,128,20000,0.001,0.9,0.0005,cuda,False,False,7,128,1070,-0.05993048846721649
curriculum_hard,2,results_adamw_lr0p001,results_adamw_lr0p001,small_cnn,adamw,10,128,20000,0.001,0.9,0.0005,cuda,False,False,7,129,1071,0.08114524185657501
curriculum_hard,2,results_adamw_lr0p001,results_adamw_lr0p001,small_cnn,adamw,10,128,20000,0.001,0.9,0.0005,cuda,False,False,7,130,1072,0.48607760667800903
curriculum_hard,2,results_adamw_lr0p001,results_adamw_lr0p001,small_cnn,adamw,10,128,20000,0.001,0.9,0.0005,cuda,False,False,7,131,1073,0.6856902241706848
curriculum_hard,2,results_adamw_lr0p001,results_adamw_lr0p001,small_cnn,adamw,10,128,20000,0.001,0.9,0.0005,cuda,False,False,7,132,1074,0.7831754684448242
curriculum_hard,2,results_adamw_lr0p001,results_adamw_lr0p001,small_cnn,adamw,10,128,20000,0.001,0.9,0.0005,cuda,False,False,7,133,1075,0.8919875621795654
curriculum_hard,2,results_adamw_lr0p001,results_adamw_lr0p001,small_cnn,adamw,10,128,20000,0.001,0.9,0.0005,cuda,False,False,7,134,1076,0.5206170678138733
curriculum_hard,2,results_adamw_lr0p001,results_adamw_lr0p001,small_cnn,adamw,10,128,20000,0.001,0.9,0.0005,cuda,False,False,7,135,1077,-0.3994314670562744
curriculum_hard,2,results_adamw_lr0p001,results_adamw_lr0p001,small_cnn,adamw,10,128,20000,0.001,0.9,0.0005,cuda,False,False,7,136,1078,-0.3755248188972473
curriculum_hard,2,results_adamw_lr0p001,results_adamw_lr0p001,small_cnn,adamw,10,128,20000,0.001,0.9,0.0005,cuda,False,False,7,137,1079,0.08664333820343018
curriculum_hard,2,results_adamw_lr0p001,results_adamw_lr0p001,small_cnn,adamw,10,128,20000,0.001,0.9,0.0005,cuda,False,False,7,138,1080,0.5478188991546631
curriculum_hard,2,results_adamw_lr0p001,results_adamw_lr0p001,small_cnn,adamw,10,128,20000,0.001,0.9,0.0005,cuda,False,False,7,139,1081,0.678707480430603
curriculum_hard,2,results_adamw_lr0p001,results_adamw_lr0p001,small_cnn,adamw,10,128,20000,0.001,0.9,0.0005,cuda,False,False,7,140,1082,0.5307378172874451
curriculum_hard,2,results_adamw_lr0p001,results_adamw_lr0p001,small_cnn,adamw,10,128,20000,0.001,0.9,0.0005,cuda,False,False,7,141,1083,0.3987511396408081
curriculum_hard,2,results_adamw_lr0p001,results_adamw_lr0p001,small_cnn,adamw,10,128,20000,0.001,0.9,0.0005,cuda,False,False,7,142,1084,0.3240385353565216
curriculum_hard,2,results_adamw_lr0p001,results_adamw_lr0p001,small_cnn,adamw,10,128,20000,0.001,0.9,0.0005,cuda,False,False,7,143,1085,-0.40716415643692017
curriculum_hard,2,results_adamw_lr0p001,results_adamw_lr0p001,small_cnn,adamw,10,128,20000,0.001,0.9,0.0005,cuda,False,False,7,144,1086,0.6679699420928955
curriculum_hard,2,results_adamw_lr0p001,results_adamw_lr0p001,small_cnn,adamw,10,128,20000,0.001,0.9,0.0005,cuda,False,False,7,145,1087,-0.7631653547286987
curriculum_hard,2,results_adamw_lr0p001,results_adamw_lr0p001,small_cnn,adamw,10,128,20000,0.001,0.9,0.0005,cuda,False,False,7,146,1088,-0.3869244456291199
curriculum_hard,2,results_adamw_lr0p001,results_adamw_lr0p001,small_cnn,adamw,10,128,20000,0.001,0.9,0.0005,cuda,False,False,7,147,1089,-0.29631227254867554
curriculum_hard,2,results_adamw_lr0p001,results_adamw_lr0p001,small_cnn,adamw,10,128,20000,0.001,0.9,0.0005,cuda,False,False,7,148,1090,0.15304459631443024
curriculum_hard,2,results_adamw_lr0p001,results_adamw_lr0p001,small_cnn,adamw,10,128,20000,0.001,0.9,0.0005,cuda,False,False,7,149,1091,0.6290665864944458
curriculum_hard,2,results_adamw_lr0p001,results_adamw_lr0p001,small_cnn,adamw,10,128,20000,0.001,0.9,0.0005,cuda,False,False,7,150,1092,0.7211839556694031
curriculum_hard,2,results_adamw_lr0p001,results_adamw_lr0p001,small_cnn,adamw,10,128,20000,0.001,0.9,0.0005,cuda,False,False,7,151,1093,0.4186633825302124
curriculum_hard,2,results_adamw_lr0p001,results_adamw_lr0p001,small_cnn,adamw,10,128,20000,0.001,0.9,0.0005,cuda,False,False,7,152,1094,0.9619089961051941
curriculum_hard,2,results_adamw_lr0p001,results_adamw_lr0p001,small_cnn,adamw,10,128,20000,0.001,0.9,0.0005,cuda,False,False,7,153,1095,0.876580536365509
curriculum_hard,2,results_adamw_lr0p001,results_adamw_lr0p001,small_cnn,adamw,10,128,20000,0.001,0.9,0.0005,cuda,False,False,7,154,1096,-0.4174811542034149
curriculum_hard,2,results_adamw_lr0p001,results_adamw_lr0p001,small_cnn,adamw,10,128,20000,0.001,0.9,0.0005,cuda,False,False,7,155,1097,0.6295739412307739
curriculum_hard,2,results_adamw_lr0p001,results_adamw_lr0p001,small_cnn,adamw,10,128,20000,0.001,0.9,0.0005,cuda,False,False,7,156,1098,0.5479913949966431
curriculum_hard,2,results_adamw_lr0p001,results_adamw_lr0p001,small_cnn,adamw,10,128,20000,0.001,0.9,0.0005,cuda,False,False,7,157,1099,0.5386842489242554
curriculum_hard,2,results_adamw_lr0p001,results_adamw_lr0p001,small_cnn,adamw,10,128,20000,0.001,0.9,0.0005,cuda,False,False,8,1,1100,-0.05150987207889557
curriculum_hard,2,results_adamw_lr0p001,results_adamw_lr0p001,small_cnn,adamw,10,128,20000,0.001,0.9,0.0005,cuda,False,False,8,2,1101,0.516618549823761
curriculum_hard,2,results_adamw_lr0p001,results_adamw_lr0p001,small_cnn,adamw,10,128,20000,0.001,0.9,0.0005,cuda,False,False,8,3,1102,0.6023468971252441
curriculum_hard,2,results_adamw_lr0p001,results_adamw_lr0p001,small_cnn,adamw,10,128,20000,0.001,0.9,0.0005,cuda,False,False,8,4,1103,-0.09122748672962189
curriculum_hard,2,results_adamw_lr0p001,results_adamw_lr0p001,small_cnn,adamw,10,128,20000,0.001,0.9,0.0005,cuda,False,False,8,5,1104,0.7969880700111389
curriculum_hard,2,results_adamw_lr0p001,results_adamw_lr0p001,small_cnn,adamw,10,128,20000,0.001,0.9,0.0005,cuda,False,False,8,6,1105,0.7784556150436401
curriculum_hard,2,results_adamw_lr0p001,results_adamw_lr0p001,small_cnn,adamw,10,128,20000,0.001,0.9,0.0005,cuda,False,False,8,7,1106,0.4610826373100281
curriculum_hard,2,results_adamw_lr0p001,results_adamw_lr0p001,small_cnn,adamw,10,128,20000,0.001,0.9,0.0005,cuda,False,False,8,8,1107,0.6193273663520813
curriculum_hard,2,results_adamw_lr0p001,results_adamw_lr0p001,small_cnn,adamw,10,128,20000,0.001,0.9,0.0005,cuda,False,False,8,9,1108,0.6358374357223511
curriculum_hard,2,results_adamw_lr0p001,results_adamw_lr0p001,small_cnn,adamw,10,128,20000,0.001,0.9,0.0005,cuda,False,False,8,10,1109,0.3173011541366577
curriculum_hard,2,results_adamw_lr0p001,results_adamw_lr0p001,small_cnn,adamw,10,128,20000,0.001,0.9,0.0005,cuda,False,False,8,11,1110,0.35273346304893494
curriculum_hard,2,results_adamw_lr0p001,results_adamw_lr0p001,small_cnn,adamw,10,128,20000,0.001,0.9,0.0005,cuda,False,False,8,12,1111,0.5888590812683105
curriculum_hard,2,results_adamw_lr0p001,results_adamw_lr0p001,small_cnn,adamw,10,128,20000,0.001,0.9,0.0005,cuda,False,False,8,13,1112,0.9193698763847351
curriculum_hard,2,results_adamw_lr0p001,results_adamw_lr0p001,small_cnn,adamw,10,128,20000,0.001,0.9,0.0005,cuda,False,False,8,14,1113,0.33180510997772217
curriculum_hard,2,results_adamw_lr0p001,results_adamw_lr0p001,small_cnn,adamw,10,128,20000,0.001,0.9,0.0005,cuda,False,False,8,15,1114,0.2458401769399643
curriculum_hard,2,results_adamw_lr0p001,results_adamw_lr0p001,small_cnn,adamw,10,128,20000,0.001,0.9,0.0005,cuda,False,False,8,16,1115,0.5270681977272034
curriculum_hard,2,results_adamw_lr0p001,results_adamw_lr0p001,small_cnn,adamw,10,128,20000,0.001,0.9,0.0005,cuda,False,False,8,17,1116,0.3131083548069
curriculum_hard,2,results_adamw_lr0p001,results_adamw_lr0p001,small_cnn,adamw,10,128,20000,0.001,0.9,0.0005,cuda,False,False,8,18,1117,0.5796132683753967
curriculum_hard,2,results_adamw_lr0p001,results_adamw_lr0p001,small_cnn,adamw,10,128,20000,0.001,0.9,0.0005,cuda,False,False,8,19,1118,0.33920568227767944
curriculum_hard,2,results_adamw_lr0p001,results_adamw_lr0p001,small_cnn,adamw,10,128,20000,0.001,0.9,0.0005,cuda,False,False,8,20,1119,0.3060554563999176
curriculum_hard,2,results_adamw_lr0p001,results_adamw_lr0p001,small_cnn,adamw,10,128,20000,0.001,0.9,0.0005,cuda,False,False,8,21,1120,0.26061004400253296
curriculum_hard,2,results_adamw_lr0p001,results_adamw_lr0p001,small_cnn,adamw,10,128,20000,0.001,0.9,0.0005,cuda,False,False,8,22,1121,0.6323917508125305
curriculum_hard,2,results_adamw_lr0p001,results_adamw_lr0p001,small_cnn,adamw,10,128,20000,0.001,0.9,0.0005,cuda,False,False,8,23,1122,0.17694783210754395
curriculum_hard,2,results_adamw_lr0p001,results_adamw_lr0p001,small_cnn,adamw,10,128,20000,0.001,0.9,0.0005,cuda,False,False,8,24,1123,0.5955511331558228
curriculum_hard,2,results_adamw_lr0p001,results_adamw_lr0p001,small_cnn,adamw,10,128,20000,0.001,0.9,0.0005,cuda,False,False,8,25,1124,0.42437222599983215
curriculum_hard,2,results_adamw_lr0p001,results_adamw_lr0p001,small_cnn,adamw,10,128,20000,0.001,0.9,0.0005,cuda,False,False,8,26,1125,0.6483098268508911
curriculum_hard,2,results_adamw_lr0p001,results_adamw_lr0p001,small_cnn,adamw,10,128,20000,0.001,0.9,0.0005,cuda,False,False,8,27,1126,0.19538941979408264
curriculum_hard,2,results_adamw_lr0p001,results_adamw_lr0p001,small_cnn,adamw,10,128,20000,0.001,0.9,0.0005,cuda,False,False,8,28,1127,0.7395254969596863
curriculum_hard,2,results_adamw_lr0p001,results_adamw_lr0p001,small_cnn,adamw,10,128,20000,0.001,0.9,0.0005,cuda,False,False,8,29,1128,0.056218232959508896
curriculum_hard,2,results_adamw_lr0p001,results_adamw_lr0p001,small_cnn,adamw,10,128,20000,0.001,0.9,0.0005,cuda,False,False,8,30,1129,0.4775354266166687
curriculum_hard,2,results_adamw_lr0p001,results_adamw_lr0p001,small_cnn,adamw,10,128,20000,0.001,0.9,0.0005,cuda,False,False,8,31,1130,0.4257282316684723
curriculum_hard,2,results_adamw_lr0p001,results_adamw_lr0p001,small_cnn,adamw,10,128,20000,0.001,0.9,0.0005,cuda,False,False,8,32,1131,0.5100164413452148
curriculum_hard,2,results_adamw_lr0p001,results_adamw_lr0p001,small_cnn,adamw,10,128,20000,0.001,0.9,0.0005,cuda,False,False,8,33,1132,0.5440939664840698
curriculum_hard,2,results_adamw_lr0p001,results_adamw_lr0p001,small_cnn,adamw,10,128,20000,0.001,0.9,0.0005,cuda,False,False,8,34,1133,-0.35662439465522766
curriculum_hard,2,results_adamw_lr0p001,results_adamw_lr0p001,small_cnn,adamw,10,128,20000,0.001,0.9,0.0005,cuda,False,False,8,35,1134,0.009754561819136143
curriculum_hard,2,results_adamw_lr0p001,results_adamw_lr0p001,small_cnn,adamw,10,128,20000,0.001,0.9,0.0005,cuda,False,False,8,36,1135,-0.4743309020996094
curriculum_hard,2,results_adamw_lr0p001,results_adamw_lr0p001,small_cnn,adamw,10,128,20000,0.001,0.9,0.0005,cuda,False,False,8,37,1136,0.1301957070827484
curriculum_hard,2,results_adamw_lr0p001,results_adamw_lr0p001,small_cnn,adamw,10,128,20000,0.001,0.9,0.0005,cuda,False,False,8,38,1137,0.2634033262729645
curriculum_hard,2,results_adamw_lr0p001,results_adamw_lr0p001,small_cnn,adamw,10,128,20000,0.001,0.9,0.0005,cuda,False,False,8,39,1138,0.21140441298484802
curriculum_hard,2,results_adamw_lr0p001,results_adamw_lr0p001,small_cnn,adamw,10,128,20000,0.001,0.9,0.0005,cuda,False,False,8,40,1139,0.38403528928756714
curriculum_hard,2,results_adamw_lr0p001,results_adamw_lr0p001,small_cnn,adamw,10,128,20000,0.001,0.9,0.0005,cuda,False,False,8,41,1140,-0.05407044291496277
curriculum_hard,2,results_adamw_lr0p001,results_adamw_lr0p001,small_cnn,adamw,10,128,20000,0.001,0.9,0.0005,cuda,False,False,8,42,1141,0.36805441975593567
curriculum_hard,2,results_adamw_lr0p001,results_adamw_lr0p001,small_cnn,adamw,10,128,20000,0.001,0.9,0.0005,cuda,False,False,8,43,1142,-0.2461996227502823
curriculum_hard,2,results_adamw_lr0p001,results_adamw_lr0p001,small_cnn,adamw,10,128,20000,0.001,0.9,0.0005,cuda,False,False,8,44,1143,-0.6249040961265564
curriculum_hard,2,results_adamw_lr0p001,results_adamw_lr0p001,small_cnn,adamw,10,128,20000,0.001,0.9,0.0005,cuda,False,False,8,45,1144,0.7201904058456421
curriculum_hard,2,results_adamw_lr0p001,results_adamw_lr0p001,small_cnn,adamw,10,128,20000,0.001,0.9,0.0005,cuda,False,False,8,46,1145,0.04134095460176468
curriculum_hard,2,results_adamw_lr0p001,results_adamw_lr0p001,small_cnn,adamw,10,128,20000,0.001,0.9,0.0005,cuda,False,False,8,47,1146,0.27194520831108093
curriculum_hard,2,results_adamw_lr0p001,results_adamw_lr0p001,small_cnn,adamw,10,128,20000,0.001,0.9,0.0005,cuda,False,False,8,48,1147,0.3358100652694702
curriculum_hard,2,results_adamw_lr0p001,results_adamw_lr0p001,small_cnn,adamw,10,128,20000,0.001,0.9,0.0005,cuda,False,False,8,49,1148,-0.12966413795948029
curriculum_hard,2,results_adamw_lr0p001,results_adamw_lr0p001,small_cnn,adamw,10,128,20000,0.001,0.9,0.0005,cuda,False,False,8,50,1149,0.2936747074127197
curriculum_hard,2,results_adamw_lr0p001,results_adamw_lr0p001,small_cnn,adamw,10,128,20000,0.001,0.9,0.0005,cuda,False,False,8,51,1150,0.8176707625389099
curriculum_hard,2,results_adamw_lr0p001,results_adamw_lr0p001,small_cnn,adamw,10,128,20000,0.001,0.9,0.0005,cuda,False,False,8,52,1151,-0.7906519770622253
curriculum_hard,2,results_adamw_lr0p001,results_adamw_lr0p001,small_cnn,adamw,10,128,20000,0.001,0.9,0.0005,cuda,False,False,8,53,1152,0.663118302822113
curriculum_hard,2,results_adamw_lr0p001,results_adamw_lr0p001,small_cnn,adamw,10,128,20000,0.001,0.9,0.0005,cuda,False,False,8,54,1153,0.6433552503585815
curriculum_hard,2,results_adamw_lr0p001,results_adamw_lr0p001,small_cnn,adamw,10,128,20000,0.001,0.9,0.0005,cuda,False,False,8,55,1154,0.5997671484947205
curriculum_hard,2,results_adamw_lr0p001,results_adamw_lr0p001,small_cnn,adamw,10,128,20000,0.001,0.9,0.0005,cuda,False,False,8,56,1155,-0.012235283851623535
curriculum_hard,2,results_adamw_lr0p001,results_adamw_lr0p001,small_cnn,adamw,10,128,20000,0.001,0.9,0.0005,cuda,False,False,8,57,1156,0.5089480876922607
curriculum_hard,2,results_adamw_lr0p001,results_adamw_lr0p001,small_cnn,adamw,10,128,20000,0.001,0.9,0.0005,cuda,False,False,8,58,1157,0.08267796784639359
curriculum_hard,2,results_adamw_lr0p001,results_adamw_lr0p001,small_cnn,adamw,10,128,20000,0.001,0.9,0.0005,cuda,False,False,8,59,1158,0.43972286581993103
curriculum_hard,2,results_adamw_lr0p001,results_adamw_lr0p001,small_cnn,adamw,10,128,20000,0.001,0.9,0.0005,cuda,False,False,8,60,1159,0.2800354063510895
curriculum_hard,2,results_adamw_lr0p001,results_adamw_lr0p001,small_cnn,adamw,10,128,20000,0.001,0.9,0.0005,cuda,False,False,8,61,1160,0.5145990252494812
curriculum_hard,2,results_adamw_lr0p001,results_adamw_lr0p001,small_cnn,adamw,10,128,20000,0.001,0.9,0.0005,cuda,False,False,8,62,1161,-0.11035069823265076
curriculum_hard,2,results_adamw_lr0p001,results_adamw_lr0p001,small_cnn,adamw,10,128,20000,0.001,0.9,0.0005,cuda,False,False,8,63,1162,0.03874649852514267
curriculum_hard,2,results_adamw_lr0p001,results_adamw_lr0p001,small_cnn,adamw,10,128,20000,0.001,0.9,0.0005,cuda,False,False,8,64,1163,-0.10272160917520523
curriculum_hard,2,results_adamw_lr0p001,results_adamw_lr0p001,small_cnn,adamw,10,128,20000,0.001,0.9,0.0005,cuda,False,False,8,65,1164,-0.11915494501590729
curriculum_hard,2,results_adamw_lr0p001,results_adamw_lr0p001,small_cnn,adamw,10,128,20000,0.001,0.9,0.0005,cuda,False,False,8,66,1165,0.7248800992965698
curriculum_hard,2,results_adamw_lr0p001,results_adamw_lr0p001,small_cnn,adamw,10,128,20000,0.001,0.9,0.0005,cuda,False,False,8,67,1166,0.4154303967952728
curriculum_hard,2,results_adamw_lr0p001,results_adamw_lr0p001,small_cnn,adamw,10,128,20000,0.001,0.9,0.0005,cuda,False,False,8,68,1167,-0.3798353672027588
curriculum_hard,2,results_adamw_lr0p001,results_adamw_lr0p001,small_cnn,adamw,10,128,20000,0.001,0.9,0.0005,cuda,False,False,8,69,1168,0.44437381625175476
curriculum_hard,2,results_adamw_lr0p001,results_adamw_lr0p001,small_cnn,adamw,10,128,20000,0.001,0.9,0.0005,cuda,False,False,8,70,1169,0.2507964074611664
curriculum_hard,2,results_adamw_lr0p001,results_adamw_lr0p001,small_cnn,adamw,10,128,20000,0.001,0.9,0.0005,cuda,False,False,8,71,1170,-0.17859138548374176
curriculum_hard,2,results_adamw_lr0p001,results_adamw_lr0p001,small_cnn,adamw,10,128,20000,0.001,0.9,0.0005,cuda,False,False,8,72,1171,-0.13684013485908508
curriculum_hard,2,results_adamw_lr0p001,results_adamw_lr0p001,small_cnn,adamw,10,128,20000,0.001,0.9,0.0005,cuda,False,False,8,73,1172,0.5019503831863403
curriculum_hard,2,results_adamw_lr0p001,results_adamw_lr0p001,small_cnn,adamw,10,128,20000,0.001,0.9,0.0005,cuda,False,False,8,74,1173,0.453677237033844
curriculum_hard,2,results_adamw_lr0p001,results_adamw_lr0p001,small_cnn,adamw,10,128,20000,0.001,0.9,0.0005,cuda,False,False,8,75,1174,0.13387832045555115
curriculum_hard,2,results_adamw_lr0p001,results_adamw_lr0p001,small_cnn,adamw,10,128,20000,0.001,0.9,0.0005,cuda,False,False,8,76,1175,0.40884071588516235
curriculum_hard,2,results_adamw_lr0p001,results_adamw_lr0p001,small_cnn,adamw,10,128,20000,0.001,0.9,0.0005,cuda,False,False,8,77,1176,-0.6781648993492126
curriculum_hard,2,results_adamw_lr0p001,results_adamw_lr0p001,small_cnn,adamw,10,128,20000,0.001,0.9,0.0005,cuda,False,False,8,78,1177,0.5209721922874451
curriculum_hard,2,results_adamw_lr0p001,results_adamw_lr0p001,small_cnn,adamw,10,128,20000,0.001,0.9,0.0005,cuda,False,False,8,79,1178,0.6856563091278076
curriculum_hard,2,results_adamw_lr0p001,results_adamw_lr0p001,small_cnn,adamw,10,128,20000,0.001,0.9,0.0005,cuda,False,False,8,80,1179,0.16461896896362305
curriculum_hard,2,results_adamw_lr0p001,results_adamw_lr0p001,small_cnn,adamw,10,128,20000,0.001,0.9,0.0005,cuda,False,False,8,81,1180,-0.07632388174533844
curriculum_hard,2,results_adamw_lr0p001,results_adamw_lr0p001,small_cnn,adamw,10,128,20000,0.001,0.9,0.0005,cuda,False,False,8,82,1181,0.12858501076698303
curriculum_hard,2,results_adamw_lr0p001,results_adamw_lr0p001,small_cnn,adamw,10,128,20000,0.001,0.9,0.0005,cuda,False,False,8,83,1182,-0.1497720628976822
curriculum_hard,2,results_adamw_lr0p001,results_adamw_lr0p001,small_cnn,adamw,10,128,20000,0.001,0.9,0.0005,cuda,False,False,8,84,1183,0.3457365930080414
curriculum_hard,2,results_adamw_lr0p001,results_adamw_lr0p001,small_cnn,adamw,10,128,20000,0.001,0.9,0.0005,cuda,False,False,8,85,1184,0.3679938316345215
curriculum_hard,2,results_adamw_lr0p001,results_adamw_lr0p001,small_cnn,adamw,10,128,20000,0.001,0.9,0.0005,cuda,False,False,8,86,1185,0.4997119903564453
curriculum_hard,2,results_adamw_lr0p001,results_adamw_lr0p001,small_cnn,adamw,10,128,20000,0.001,0.9,0.0005,cuda,False,False,8,87,1186,0.5194543600082397
curriculum_hard,2,results_adamw_lr0p001,results_adamw_lr0p001,small_cnn,adamw,10,128,20000,0.001,0.9,0.0005,cuda,False,False,8,88,1187,0.4087775945663452
curriculum_hard,2,results_adamw_lr0p001,results_adamw_lr0p001,small_cnn,adamw,10,128,20000,0.001,0.9,0.0005,cuda,False,False,8,89,1188,0.011942673474550247
curriculum_hard,2,results_adamw_lr0p001,results_adamw_lr0p001,small_cnn,adamw,10,128,20000,0.001,0.9,0.0005,cuda,False,False,8,90,1189,-0.13329802453517914
curriculum_hard,2,results_adamw_lr0p001,results_adamw_lr0p001,small_cnn,adamw,10,128,20000,0.001,0.9,0.0005,cuda,False,False,8,91,1190,0.7636598944664001
curriculum_hard,2,results_adamw_lr0p001,results_adamw_lr0p001,small_cnn,adamw,10,128,20000,0.001,0.9,0.0005,cuda,False,False,8,92,1191,0.545407235622406
curriculum_hard,2,results_adamw_lr0p001,results_adamw_lr0p001,small_cnn,adamw,10,128,20000,0.001,0.9,0.0005,cuda,False,False,8,93,1192,-0.10212342441082001
curriculum_hard,2,results_adamw_lr0p001,results_adamw_lr0p001,small_cnn,adamw,10,128,20000,0.001,0.9,0.0005,cuda,False,False,8,94,1193,0.4077705144882202
curriculum_hard,2,results_adamw_lr0p001,results_adamw_lr0p001,small_cnn,adamw,10,128,20000,0.001,0.9,0.0005,cuda,False,False,8,95,1194,-0.09143631905317307
curriculum_hard,2,results_adamw_lr0p001,results_adamw_lr0p001,small_cnn,adamw,10,128,20000,0.001,0.9,0.0005,cuda,False,False,8,96,1195,0.5366623401641846
curriculum_hard,2,results_adamw_lr0p001,results_adamw_lr0p001,small_cnn,adamw,10,128,20000,0.001,0.9,0.0005,cuda,False,False,8,97,1196,0.3559930920600891
curriculum_hard,2,results_adamw_lr0p001,results_adamw_lr0p001,small_cnn,adamw,10,128,20000,0.001,0.9,0.0005,cuda,False,False,8,98,1197,-0.20623041689395905
curriculum_hard,2,results_adamw_lr0p001,results_adamw_lr0p001,small_cnn,adamw,10,128,20000,0.001,0.9,0.0005,cuda,False,False,8,99,1198,0.6611396074295044
curriculum_hard,2,results_adamw_lr0p001,results_adamw_lr0p001,small_cnn,adamw,10,128,20000,0.001,0.9,0.0005,cuda,False,False,8,100,1199,-0.052433960139751434
curriculum_hard,2,results_adamw_lr0p001,results_adamw_lr0p001,small_cnn,adamw,10,128,20000,0.001,0.9,0.0005,cuda,False,False,8,101,1200,-0.08857371658086777
curriculum_hard,2,results_adamw_lr0p001,results_adamw_lr0p001,small_cnn,adamw,10,128,20000,0.001,0.9,0.0005,cuda,False,False,8,102,1201,-0.017224270850419998
curriculum_hard,2,results_adamw_lr0p001,results_adamw_lr0p001,small_cnn,adamw,10,128,20000,0.001,0.9,0.0005,cuda,False,False,8,103,1202,-0.3048219382762909
curriculum_hard,2,results_adamw_lr0p001,results_adamw_lr0p001,small_cnn,adamw,10,128,20000,0.001,0.9,0.0005,cuda,False,False,8,104,1203,0.6887353658676147
curriculum_hard,2,results_adamw_lr0p001,results_adamw_lr0p001,small_cnn,adamw,10,128,20000,0.001,0.9,0.0005,cuda,False,False,8,105,1204,0.2237582802772522
curriculum_hard,2,results_adamw_lr0p001,results_adamw_lr0p001,small_cnn,adamw,10,128,20000,0.001,0.9,0.0005,cuda,False,False,8,106,1205,-0.13758130371570587
curriculum_hard,2,results_adamw_lr0p001,results_adamw_lr0p001,small_cnn,adamw,10,128,20000,0.001,0.9,0.0005,cuda,False,False,8,107,1206,0.054311566054821014
curriculum_hard,2,results_adamw_lr0p001,results_adamw_lr0p001,small_cnn,adamw,10,128,20000,0.001,0.9,0.0005,cuda,False,False,8,108,1207,-0.28137582540512085
curriculum_hard,2,results_adamw_lr0p001,results_adamw_lr0p001,small_cnn,adamw,10,128,20000,0.001,0.9,0.0005,cuda,False,False,8,109,1208,0.4849495589733124
curriculum_hard,2,results_adamw_lr0p001,results_adamw_lr0p001,small_cnn,adamw,10,128,20000,0.001,0.9,0.0005,cuda,False,False,8,110,1209,0.7803835272789001
curriculum_hard,2,results_adamw_lr0p001,results_adamw_lr0p001,small_cnn,adamw,10,128,20000,0.001,0.9,0.0005,cuda,False,False,8,111,1210,0.6739920377731323
curriculum_hard,2,results_adamw_lr0p001,results_adamw_lr0p001,small_cnn,adamw,10,128,20000,0.001,0.9,0.0005,cuda,False,False,8,112,1211,0.06898339837789536
curriculum_hard,2,results_adamw_lr0p001,results_adamw_lr0p001,small_cnn,adamw,10,128,20000,0.001,0.9,0.0005,cuda,False,False,8,113,1212,0.37297695875167847
curriculum_hard,2,results_adamw_lr0p001,results_adamw_lr0p001,small_cnn,adamw,10,128,20000,0.001,0.9,0.0005,cuda,False,False,8,114,1213,0.2286662757396698
curriculum_hard,2,results_adamw_lr0p001,results_adamw_lr0p001,small_cnn,adamw,10,128,20000,0.001,0.9,0.0005,cuda,False,False,8,115,1214,0.1129070445895195
curriculum_hard,2,results_adamw_lr0p001,results_adamw_lr0p001,small_cnn,adamw,10,128,20000,0.001,0.9,0.0005,cuda,False,False,8,116,1215,0.7792937159538269
curriculum_hard,2,results_adamw_lr0p001,results_adamw_lr0p001,small_cnn,adamw,10,128,20000,0.001,0.9,0.0005,cuda,False,False,8,117,1216,0.8075941801071167
curriculum_hard,2,results_adamw_lr0p001,results_adamw_lr0p001,small_cnn,adamw,10,128,20000,0.001,0.9,0.0005,cuda,False,False,8,118,1217,0.5446215867996216
curriculum_hard,2,results_adamw_lr0p001,results_adamw_lr0p001,small_cnn,adamw,10,128,20000,0.001,0.9,0.0005,cuda,False,False,8,119,1218,0.5369598269462585
curriculum_hard,2,results_adamw_lr0p001,results_adamw_lr0p001,small_cnn,adamw,10,128,20000,0.001,0.9,0.0005,cuda,False,False,8,120,1219,0.21058261394500732
curriculum_hard,2,results_adamw_lr0p001,results_adamw_lr0p001,small_cnn,adamw,10,128,20000,0.001,0.9,0.0005,cuda,False,False,8,121,1220,0.19765719771385193
curriculum_hard,2,results_adamw_lr0p001,results_adamw_lr0p001,small_cnn,adamw,10,128,20000,0.001,0.9,0.0005,cuda,False,False,8,122,1221,-0.26094117760658264
curriculum_hard,2,results_adamw_lr0p001,results_adamw_lr0p001,small_cnn,adamw,10,128,20000,0.001,0.9,0.0005,cuda,False,False,8,123,1222,0.15100258588790894
curriculum_hard,2,results_adamw_lr0p001,results_adamw_lr0p001,small_cnn,adamw,10,128,20000,0.001,0.9,0.0005,cuda,False,False,8,124,1223,0.39819884300231934
curriculum_hard,2,results_adamw_lr0p001,results_adamw_lr0p001,small_cnn,adamw,10,128,20000,0.001,0.9,0.0005,cuda,False,False,8,125,1224,0.4657607674598694
curriculum_hard,2,results_adamw_lr0p001,results_adamw_lr0p001,small_cnn,adamw,10,128,20000,0.001,0.9,0.0005,cuda,False,False,8,126,1225,-0.37310847640037537
curriculum_hard,2,results_adamw_lr0p001,results_adamw_lr0p001,small_cnn,adamw,10,128,20000,0.001,0.9,0.0005,cuda,False,False,8,127,1226,0.5223178863525391
curriculum_hard,2,results_adamw_lr0p001,results_adamw_lr0p001,small_cnn,adamw,10,128,20000,0.001,0.9,0.0005,cuda,False,False,8,128,1227,0.0766238421201706
curriculum_hard,2,results_adamw_lr0p001,results_adamw_lr0p001,small_cnn,adamw,10,128,20000,0.001,0.9,0.0005,cuda,False,False,8,129,1228,0.4345916211605072
curriculum_hard,2,results_adamw_lr0p001,results_adamw_lr0p001,small_cnn,adamw,10,128,20000,0.001,0.9,0.0005,cuda,False,False,8,130,1229,0.33841681480407715
curriculum_hard,2,results_adamw_lr0p001,results_adamw_lr0p001,small_cnn,adamw,10,128,20000,0.001,0.9,0.0005,cuda,False,False,8,131,1230,0.5712051391601562
curriculum_hard,2,results_adamw_lr0p001,results_adamw_lr0p001,small_cnn,adamw,10,128,20000,0.001,0.9,0.0005,cuda,False,False,8,132,1231,0.7862037420272827
curriculum_hard,2,results_adamw_lr0p001,results_adamw_lr0p001,small_cnn,adamw,10,128,20000,0.001,0.9,0.0005,cuda,False,False,8,133,1232,0.8254351019859314
curriculum_hard,2,results_adamw_lr0p001,results_adamw_lr0p001,small_cnn,adamw,10,128,20000,0.001,0.9,0.0005,cuda,False,False,8,134,1233,0.49847185611724854
curriculum_hard,2,results_adamw_lr0p001,results_adamw_lr0p001,small_cnn,adamw,10,128,20000,0.001,0.9,0.0005,cuda,False,False,8,135,1234,-0.6452020406723022
curriculum_hard,2,results_adamw_lr0p001,results_adamw_lr0p001,small_cnn,adamw,10,128,20000,0.001,0.9,0.0005,cuda,False,False,8,136,1235,-0.10992041230201721
curriculum_hard,2,results_adamw_lr0p001,results_adamw_lr0p001,small_cnn,adamw,10,128,20000,0.001,0.9,0.0005,cuda,False,False,8,137,1236,0.16646213829517365
curriculum_hard,2,results_adamw_lr0p001,results_adamw_lr0p001,small_cnn,adamw,10,128,20000,0.001,0.9,0.0005,cuda,False,False,8,138,1237,0.5647561550140381
curriculum_hard,2,results_adamw_lr0p001,results_adamw_lr0p001,small_cnn,adamw,10,128,20000,0.001,0.9,0.0005,cuda,False,False,8,139,1238,0.783152163028717
curriculum_hard,2,results_adamw_lr0p001,results_adamw_lr0p001,small_cnn,adamw,10,128,20000,0.001,0.9,0.0005,cuda,False,False,8,140,1239,0.39255157113075256
curriculum_hard,2,results_adamw_lr0p001,results_adamw_lr0p001,small_cnn,adamw,10,128,20000,0.001,0.9,0.0005,cuda,False,False,8,141,1240,0.3370124101638794
curriculum_hard,2,results_adamw_lr0p001,results_adamw_lr0p001,small_cnn,adamw,10,128,20000,0.001,0.9,0.0005,cuda,False,False,8,142,1241,0.06698340177536011
curriculum_hard,2,results_adamw_lr0p001,results_adamw_lr0p001,small_cnn,adamw,10,128,20000,0.001,0.9,0.0005,cuda,False,False,8,143,1242,-0.5348247289657593
curriculum_hard,2,results_adamw_lr0p001,results_adamw_lr0p001,small_cnn,adamw,10,128,20000,0.001,0.9,0.0005,cuda,False,False,8,144,1243,0.5779515504837036
curriculum_hard,2,results_adamw_lr0p001,results_adamw_lr0p001,small_cnn,adamw,10,128,20000,0.001,0.9,0.0005,cuda,False,False,8,145,1244,-0.7306552529335022
curriculum_hard,2,results_adamw_lr0p001,results_adamw_lr0p001,small_cnn,adamw,10,128,20000,0.001,0.9,0.0005,cuda,False,False,8,146,1245,-0.3544853925704956
curriculum_hard,2,results_adamw_lr0p001,results_adamw_lr0p001,small_cnn,adamw,10,128,20000,0.001,0.9,0.0005,cuda,False,False,8,147,1246,-0.4430646598339081
curriculum_hard,2,results_adamw_lr0p001,results_adamw_lr0p001,small_cnn,adamw,10,128,20000,0.001,0.9,0.0005,cuda,False,False,8,148,1247,0.1118897870182991
curriculum_hard,2,results_adamw_lr0p001,results_adamw_lr0p001,small_cnn,adamw,10,128,20000,0.001,0.9,0.0005,cuda,False,False,8,149,1248,0.6063392758369446
curriculum_hard,2,results_adamw_lr0p001,results_adamw_lr0p001,small_cnn,adamw,10,128,20000,0.001,0.9,0.0005,cuda,False,False,8,150,1249,0.4432929754257202
curriculum_hard,2,results_adamw_lr0p001,results_adamw_lr0p001,small_cnn,adamw,10,128,20000,0.001,0.9,0.0005,cuda,False,False,8,151,1250,0.15398557484149933
curriculum_hard,2,results_adamw_lr0p001,results_adamw_lr0p001,small_cnn,adamw,10,128,20000,0.001,0.9,0.0005,cuda,False,False,8,152,1251,0.9423459768295288
curriculum_hard,2,results_adamw_lr0p001,results_adamw_lr0p001,small_cnn,adamw,10,128,20000,0.001,0.9,0.0005,cuda,False,False,8,153,1252,0.8508455157279968
curriculum_hard,2,results_adamw_lr0p001,results_adamw_lr0p001,small_cnn,adamw,10,128,20000,0.001,0.9,0.0005,cuda,False,False,8,154,1253,-0.43018680810928345
curriculum_hard,2,results_adamw_lr0p001,results_adamw_lr0p001,small_cnn,adamw,10,128,20000,0.001,0.9,0.0005,cuda,False,False,8,155,1254,0.4660477042198181
curriculum_hard,2,results_adamw_lr0p001,results_adamw_lr0p001,small_cnn,adamw,10,128,20000,0.001,0.9,0.0005,cuda,False,False,8,156,1255,0.38411378860473633
curriculum_hard,2,results_adamw_lr0p001,results_adamw_lr0p001,small_cnn,adamw,10,128,20000,0.001,0.9,0.0005,cuda,False,False,8,157,1256,0.29196587204933167
curriculum_hard,2,results_adamw_lr0p001,results_adamw_lr0p001,small_cnn,adamw,10,128,20000,0.001,0.9,0.0005,cuda,False,False,9,1,1257,-0.016120217740535736
curriculum_hard,2,results_adamw_lr0p001,results_adamw_lr0p001,small_cnn,adamw,10,128,20000,0.001,0.9,0.0005,cuda,False,False,9,2,1258,0.5487359166145325
curriculum_hard,2,results_adamw_lr0p001,results_adamw_lr0p001,small_cnn,adamw,10,128,20000,0.001,0.9,0.0005,cuda,False,False,9,3,1259,0.5821040868759155
curriculum_hard,2,results_adamw_lr0p001,results_adamw_lr0p001,small_cnn,adamw,10,128,20000,0.001,0.9,0.0005,cuda,False,False,9,4,1260,0.0502999946475029
curriculum_hard,2,results_adamw_lr0p001,results_adamw_lr0p001,small_cnn,adamw,10,128,20000,0.001,0.9,0.0005,cuda,False,False,9,5,1261,0.8005384206771851
curriculum_hard,2,results_adamw_lr0p001,results_adamw_lr0p001,small_cnn,adamw,10,128,20000,0.001,0.9,0.0005,cuda,False,False,9,6,1262,0.8078737258911133
curriculum_hard,2,results_adamw_lr0p001,results_adamw_lr0p001,small_cnn,adamw,10,128,20000,0.001,0.9,0.0005,cuda,False,False,9,7,1263,0.7138243913650513
curriculum_hard,2,results_adamw_lr0p001,results_adamw_lr0p001,small_cnn,adamw,10,128,20000,0.001,0.9,0.0005,cuda,False,False,9,8,1264,0.789317786693573
curriculum_hard,2,results_adamw_lr0p001,results_adamw_lr0p001,small_cnn,adamw,10,128,20000,0.001,0.9,0.0005,cuda,False,False,9,9,1265,0.43912169337272644
curriculum_hard,2,results_adamw_lr0p001,results_adamw_lr0p001,small_cnn,adamw,10,128,20000,0.001,0.9,0.0005,cuda,False,False,9,10,1266,0.18344609439373016
curriculum_hard,2,results_adamw_lr0p001,results_adamw_lr0p001,small_cnn,adamw,10,128,20000,0.001,0.9,0.0005,cuda,False,False,9,11,1267,0.4976974129676819
curriculum_hard,2,results_adamw_lr0p001,results_adamw_lr0p001,small_cnn,adamw,10,128,20000,0.001,0.9,0.0005,cuda,False,False,9,12,1268,0.5800979733467102
curriculum_hard,2,results_adamw_lr0p001,results_adamw_lr0p001,small_cnn,adamw,10,128,20000,0.001,0.9,0.0005,cuda,False,False,9,13,1269,0.9121291041374207
curriculum_hard,2,results_adamw_lr0p001,results_adamw_lr0p001,small_cnn,adamw,10,128,20000,0.001,0.9,0.0005,cuda,False,False,9,14,1270,0.2685096263885498
curriculum_hard,2,results_adamw_lr0p001,results_adamw_lr0p001,small_cnn,adamw,10,128,20000,0.001,0.9,0.0005,cuda,False,False,9,15,1271,-0.1798250675201416
curriculum_hard,2,results_adamw_lr0p001,results_adamw_lr0p001,small_cnn,adamw,10,128,20000,0.001,0.9,0.0005,cuda,False,False,9,16,1272,0.35275939106941223
curriculum_hard,2,results_adamw_lr0p001,results_adamw_lr0p001,small_cnn,adamw,10,128,20000,0.001,0.9,0.0005,cuda,False,False,9,17,1273,0.20680558681488037
curriculum_hard,2,results_adamw_lr0p001,results_adamw_lr0p001,small_cnn,adamw,10,128,20000,0.001,0.9,0.0005,cuda,False,False,9,18,1274,0.589068591594696
curriculum_hard,2,results_adamw_lr0p001,results_adamw_lr0p001,small_cnn,adamw,10,128,20000,0.001,0.9,0.0005,cuda,False,False,9,19,1275,0.4373337924480438
curriculum_hard,2,results_adamw_lr0p001,results_adamw_lr0p001,small_cnn,adamw,10,128,20000,0.001,0.9,0.0005,cuda,False,False,9,20,1276,0.7493823170661926
curriculum_hard,2,results_adamw_lr0p001,results_adamw_lr0p001,small_cnn,adamw,10,128,20000,0.001,0.9,0.0005,cuda,False,False,9,21,1277,-0.0071425531059503555
curriculum_hard,2,results_adamw_lr0p001,results_adamw_lr0p001,small_cnn,adamw,10,128,20000,0.001,0.9,0.0005,cuda,False,False,9,22,1278,0.5893953442573547
curriculum_hard,2,results_adamw_lr0p001,results_adamw_lr0p001,small_cnn,adamw,10,128,20000,0.001,0.9,0.0005,cuda,False,False,9,23,1279,0.1804060935974121
curriculum_hard,2,results_adamw_lr0p001,results_adamw_lr0p001,small_cnn,adamw,10,128,20000,0.001,0.9,0.0005,cuda,False,False,9,24,1280,0.5428751707077026
curriculum_hard,2,results_adamw_lr0p001,results_adamw_lr0p001,small_cnn,adamw,10,128,20000,0.001,0.9,0.0005,cuda,False,False,9,25,1281,0.4282103180885315
curriculum_hard,2,results_adamw_lr0p001,results_adamw_lr0p001,small_cnn,adamw,10,128,20000,0.001,0.9,0.0005,cuda,False,False,9,26,1282,0.7654798030853271
curriculum_hard,2,results_adamw_lr0p001,results_adamw_lr0p001,small_cnn,adamw,10,128,20000,0.001,0.9,0.0005,cuda,False,False,9,27,1283,0.33838000893592834
curriculum_hard,2,results_adamw_lr0p001,results_adamw_lr0p001,small_cnn,adamw,10,128,20000,0.001,0.9,0.0005,cuda,False,False,9,28,1284,0.7667214274406433
curriculum_hard,2,results_adamw_lr0p001,results_adamw_lr0p001,small_cnn,adamw,10,128,20000,0.001,0.9,0.0005,cuda,False,False,9,29,1285,0.24037308990955353
curriculum_hard,2,results_adamw_lr0p001,results_adamw_lr0p001,small_cnn,adamw,10,128,20000,0.001,0.9,0.0005,cuda,False,False,9,30,1286,0.33833810687065125
curriculum_hard,2,results_adamw_lr0p001,results_adamw_lr0p001,small_cnn,adamw,10,128,20000,0.001,0.9,0.0005,cuda,False,False,9,31,1287,0.47798946499824524
curriculum_hard,2,results_adamw_lr0p001,results_adamw_lr0p001,small_cnn,adamw,10,128,20000,0.001,0.9,0.0005,cuda,False,False,9,32,1288,0.5753751397132874
curriculum_hard,2,results_adamw_lr0p001,results_adamw_lr0p001,small_cnn,adamw,10,128,20000,0.001,0.9,0.0005,cuda,False,False,9,33,1289,0.6243581175804138
curriculum_hard,2,results_adamw_lr0p001,results_adamw_lr0p001,small_cnn,adamw,10,128,20000,0.001,0.9,0.0005,cuda,False,False,9,34,1290,-0.010499930940568447
curriculum_hard,2,results_adamw_lr0p001,results_adamw_lr0p001,small_cnn,adamw,10,128,20000,0.001,0.9,0.0005,cuda,False,False,9,35,1291,0.4758158028125763
curriculum_hard,2,results_adamw_lr0p001,results_adamw_lr0p001,small_cnn,adamw,10,128,20000,0.001,0.9,0.0005,cuda,False,False,9,36,1292,-0.43258774280548096
curriculum_hard,2,results_adamw_lr0p001,results_adamw_lr0p001,small_cnn,adamw,10,128,20000,0.001,0.9,0.0005,cuda,False,False,9,37,1293,0.09993097186088562
curriculum_hard,2,results_adamw_lr0p001,results_adamw_lr0p001,small_cnn,adamw,10,128,20000,0.001,0.9,0.0005,cuda,False,False,9,38,1294,0.3154368996620178
curriculum_hard,2,results_adamw_lr0p001,results_adamw_lr0p001,small_cnn,adamw,10,128,20000,0.001,0.9,0.0005,cuda,False,False,9,39,1295,0.24176418781280518
curriculum_hard,2,results_adamw_lr0p001,results_adamw_lr0p001,small_cnn,adamw,10,128,20000,0.001,0.9,0.0005,cuda,False,False,9,40,1296,0.2760850489139557
curriculum_hard,2,results_adamw_lr0p001,results_adamw_lr0p001,small_cnn,adamw,10,128,20000,0.001,0.9,0.0005,cuda,False,False,9,41,1297,0.06592432409524918
curriculum_hard,2,results_adamw_lr0p001,results_adamw_lr0p001,small_cnn,adamw,10,128,20000,0.001,0.9,0.0005,cuda,False,False,9,42,1298,0.4782558083534241
curriculum_hard,2,results_adamw_lr0p001,results_adamw_lr0p001,small_cnn,adamw,10,128,20000,0.001,0.9,0.0005,cuda,False,False,9,43,1299,-0.07034506648778915
curriculum_hard,2,results_adamw_lr0p001,results_adamw_lr0p001,small_cnn,adamw,10,128,20000,0.001,0.9,0.0005,cuda,False,False,9,44,1300,-0.6749038696289062
curriculum_hard,2,results_adamw_lr0p001,results_adamw_lr0p001,small_cnn,adamw,10,128,20000,0.001,0.9,0.0005,cuda,False,False,9,45,1301,0.3471287190914154
curriculum_hard,2,results_adamw_lr0p001,results_adamw_lr0p001,small_cnn,adamw,10,128,20000,0.001,0.9,0.0005,cuda,False,False,9,46,1302,0.141756072640419
curriculum_hard,2,results_adamw_lr0p001,results_adamw_lr0p001,small_cnn,adamw,10,128,20000,0.001,0.9,0.0005,cuda,False,False,9,47,1303,0.4298045039176941
curriculum_hard,2,results_adamw_lr0p001,results_adamw_lr0p001,small_cnn,adamw,10,128,20000,0.001,0.9,0.0005,cuda,False,False,9,48,1304,0.5139687061309814
curriculum_hard,2,results_adamw_lr0p001,results_adamw_lr0p001,small_cnn,adamw,10,128,20000,0.001,0.9,0.0005,cuda,False,False,9,49,1305,-0.1383604109287262
curriculum_hard,2,results_adamw_lr0p001,results_adamw_lr0p001,small_cnn,adamw,10,128,20000,0.001,0.9,0.0005,cuda,False,False,9,50,1306,0.31573233008384705
curriculum_hard,2,results_adamw_lr0p001,results_adamw_lr0p001,small_cnn,adamw,10,128,20000,0.001,0.9,0.0005,cuda,False,False,9,51,1307,0.8341217637062073
curriculum_hard,2,results_adamw_lr0p001,results_adamw_lr0p001,small_cnn,adamw,10,128,20000,0.001,0.9,0.0005,cuda,False,False,9,52,1308,-0.6143411993980408
curriculum_hard,2,results_adamw_lr0p001,results_adamw_lr0p001,small_cnn,adamw,10,128,20000,0.001,0.9,0.0005,cuda,False,False,9,53,1309,0.33090558648109436
curriculum_hard,2,results_adamw_lr0p001,results_adamw_lr0p001,small_cnn,adamw,10,128,20000,0.001,0.9,0.0005,cuda,False,False,9,54,1310,0.4329632818698883
curriculum_hard,2,results_adamw_lr0p001,results_adamw_lr0p001,small_cnn,adamw,10,128,20000,0.001,0.9,0.0005,cuda,False,False,9,55,1311,0.5202458500862122
curriculum_hard,2,results_adamw_lr0p001,results_adamw_lr0p001,small_cnn,adamw,10,128,20000,0.001,0.9,0.0005,cuda,False,False,9,56,1312,-0.04065614193677902
curriculum_hard,2,results_adamw_lr0p001,results_adamw_lr0p001,small_cnn,adamw,10,128,20000,0.001,0.9,0.0005,cuda,False,False,9,57,1313,0.5170788168907166
curriculum_hard,2,results_adamw_lr0p001,results_adamw_lr0p001,small_cnn,adamw,10,128,20000,0.001,0.9,0.0005,cuda,False,False,9,58,1314,0.2984514832496643
curriculum_hard,2,results_adamw_lr0p001,results_adamw_lr0p001,small_cnn,adamw,10,128,20000,0.001,0.9,0.0005,cuda,False,False,9,59,1315,0.4704601764678955
curriculum_hard,2,results_adamw_lr0p001,results_adamw_lr0p001,small_cnn,adamw,10,128,20000,0.001,0.9,0.0005,cuda,False,False,9,60,1316,-0.07382970303297043
curriculum_hard,2,results_adamw_lr0p001,results_adamw_lr0p001,small_cnn,adamw,10,128,20000,0.001,0.9,0.0005,cuda,False,False,9,61,1317,0.45561447739601135
curriculum_hard,2,results_adamw_lr0p001,results_adamw_lr0p001,small_cnn,adamw,10,128,20000,0.001,0.9,0.0005,cuda,False,False,9,62,1318,-0.4694814383983612
curriculum_hard,2,results_adamw_lr0p001,results_adamw_lr0p001,small_cnn,adamw,10,128,20000,0.001,0.9,0.0005,cuda,False,False,9,63,1319,-0.10540693253278732
curriculum_hard,2,results_adamw_lr0p001,results_adamw_lr0p001,small_cnn,adamw,10,128,20000,0.001,0.9,0.0005,cuda,False,False,9,64,1320,0.06429525464773178
curriculum_hard,2,results_adamw_lr0p001,results_adamw_lr0p001,small_cnn,adamw,10,128,20000,0.001,0.9,0.0005,cuda,False,False,9,65,1321,-0.06375845521688461
curriculum_hard,2,results_adamw_lr0p001,results_adamw_lr0p001,small_cnn,adamw,10,128,20000,0.001,0.9,0.0005,cuda,False,False,9,66,1322,0.6329185962677002
curriculum_hard,2,results_adamw_lr0p001,results_adamw_lr0p001,small_cnn,adamw,10,128,20000,0.001,0.9,0.0005,cuda,False,False,9,67,1323,0.352312296628952
curriculum_hard,2,results_adamw_lr0p001,results_adamw_lr0p001,small_cnn,adamw,10,128,20000,0.001,0.9,0.0005,cuda,False,False,9,68,1324,-0.22262904047966003
curriculum_hard,2,results_adamw_lr0p001,results_adamw_lr0p001,small_cnn,adamw,10,128,20000,0.001,0.9,0.0005,cuda,False,False,9,69,1325,0.48439839482307434
curriculum_hard,2,results_adamw_lr0p001,results_adamw_lr0p001,small_cnn,adamw,10,128,20000,0.001,0.9,0.0005,cuda,False,False,9,70,1326,0.37142258882522583
curriculum_hard,2,results_adamw_lr0p001,results_adamw_lr0p001,small_cnn,adamw,10,128,20000,0.001,0.9,0.0005,cuda,False,False,9,71,1327,-0.2523502707481384
curriculum_hard,2,results_adamw_lr0p001,results_adamw_lr0p001,small_cnn,adamw,10,128,20000,0.001,0.9,0.0005,cuda,False,False,9,72,1328,0.01811729371547699
curriculum_hard,2,results_adamw_lr0p001,results_adamw_lr0p001,small_cnn,adamw,10,128,20000,0.001,0.9,0.0005,cuda,False,False,9,73,1329,0.6264033317565918
curriculum_hard,2,results_adamw_lr0p001,results_adamw_lr0p001,small_cnn,adamw,10,128,20000,0.001,0.9,0.0005,cuda,False,False,9,74,1330,0.4006265699863434
curriculum_hard,2,results_adamw_lr0p001,results_adamw_lr0p001,small_cnn,adamw,10,128,20000,0.001,0.9,0.0005,cuda,False,False,9,75,1331,0.09831763058900833
curriculum_hard,2,results_adamw_lr0p001,results_adamw_lr0p001,small_cnn,adamw,10,128,20000,0.001,0.9,0.0005,cuda,False,False,9,76,1332,0.4552447497844696
curriculum_hard,2,results_adamw_lr0p001,results_adamw_lr0p001,small_cnn,adamw,10,128,20000,0.001,0.9,0.0005,cuda,False,False,9,77,1333,-0.583901584148407
curriculum_hard,2,results_adamw_lr0p001,results_adamw_lr0p001,small_cnn,adamw,10,128,20000,0.001,0.9,0.0005,cuda,False,False,9,78,1334,0.5986256003379822
curriculum_hard,2,results_adamw_lr0p001,results_adamw_lr0p001,small_cnn,adamw,10,128,20000,0.001,0.9,0.0005,cuda,False,False,9,79,1335,0.6992730498313904
curriculum_hard,2,results_adamw_lr0p001,results_adamw_lr0p001,small_cnn,adamw,10,128,20000,0.001,0.9,0.0005,cuda,False,False,9,80,1336,0.34478288888931274
curriculum_hard,2,results_adamw_lr0p001,results_adamw_lr0p001,small_cnn,adamw,10,128,20000,0.001,0.9,0.0005,cuda,False,False,9,81,1337,-0.14541226625442505
curriculum_hard,2,results_adamw_lr0p001,results_adamw_lr0p001,small_cnn,adamw,10,128,20000,0.001,0.9,0.0005,cuda,False,False,9,82,1338,-0.03809365630149841
curriculum_hard,2,results_adamw_lr0p001,results_adamw_lr0p001,small_cnn,adamw,10,128,20000,0.001,0.9,0.0005,cuda,False,False,9,83,1339,-0.17229419946670532
curriculum_hard,2,results_adamw_lr0p001,results_adamw_lr0p001,small_cnn,adamw,10,128,20000,0.001,0.9,0.0005,cuda,False,False,9,84,1340,0.3831753432750702
curriculum_hard,2,results_adamw_lr0p001,results_adamw_lr0p001,small_cnn,adamw,10,128,20000,0.001,0.9,0.0005,cuda,False,False,9,85,1341,0.502729058265686
curriculum_hard,2,results_adamw_lr0p001,results_adamw_lr0p001,small_cnn,adamw,10,128,20000,0.001,0.9,0.0005,cuda,False,False,9,86,1342,0.6423991918563843
curriculum_hard,2,results_adamw_lr0p001,results_adamw_lr0p001,small_cnn,adamw,10,128,20000,0.001,0.9,0.0005,cuda,False,False,9,87,1343,0.5424310564994812
curriculum_hard,2,results_adamw_lr0p001,results_adamw_lr0p001,small_cnn,adamw,10,128,20000,0.001,0.9,0.0005,cuda,False,False,9,88,1344,0.2840660512447357
curriculum_hard,2,results_adamw_lr0p001,results_adamw_lr0p001,small_cnn,adamw,10,128,20000,0.001,0.9,0.0005,cuda,False,False,9,89,1345,-0.005994810722768307
curriculum_hard,2,results_adamw_lr0p001,results_adamw_lr0p001,small_cnn,adamw,10,128,20000,0.001,0.9,0.0005,cuda,False,False,9,90,1346,-0.21378472447395325
curriculum_hard,2,results_adamw_lr0p001,results_adamw_lr0p001,small_cnn,adamw,10,128,20000,0.001,0.9,0.0005,cuda,False,False,9,91,1347,0.7595707178115845
curriculum_hard,2,results_adamw_lr0p001,results_adamw_lr0p001,small_cnn,adamw,10,128,20000,0.001,0.9,0.0005,cuda,False,False,9,92,1348,0.7536276578903198
curriculum_hard,2,results_adamw_lr0p001,results_adamw_lr0p001,small_cnn,adamw,10,128,20000,0.001,0.9,0.0005,cuda,False,False,9,93,1349,-0.10659073293209076
curriculum_hard,2,results_adamw_lr0p001,results_adamw_lr0p001,small_cnn,adamw,10,128,20000,0.001,0.9,0.0005,cuda,False,False,9,94,1350,0.3995881974697113
curriculum_hard,2,results_adamw_lr0p001,results_adamw_lr0p001,small_cnn,adamw,10,128,20000,0.001,0.9,0.0005,cuda,False,False,9,95,1351,0.03573183715343475
curriculum_hard,2,results_adamw_lr0p001,results_adamw_lr0p001,small_cnn,adamw,10,128,20000,0.001,0.9,0.0005,cuda,False,False,9,96,1352,0.7194245457649231
curriculum_hard,2,results_adamw_lr0p001,results_adamw_lr0p001,small_cnn,adamw,10,128,20000,0.001,0.9,0.0005,cuda,False,False,9,97,1353,0.26678231358528137
curriculum_hard,2,results_adamw_lr0p001,results_adamw_lr0p001,small_cnn,adamw,10,128,20000,0.001,0.9,0.0005,cuda,False,False,9,98,1354,-0.18070843815803528
curriculum_hard,2,results_adamw_lr0p001,results_adamw_lr0p001,small_cnn,adamw,10,128,20000,0.001,0.9,0.0005,cuda,False,False,9,99,1355,0.8011102676391602
curriculum_hard,2,results_adamw_lr0p001,results_adamw_lr0p001,small_cnn,adamw,10,128,20000,0.001,0.9,0.0005,cuda,False,False,9,100,1356,0.19114084541797638
curriculum_hard,2,results_adamw_lr0p001,results_adamw_lr0p001,small_cnn,adamw,10,128,20000,0.001,0.9,0.0005,cuda,False,False,9,101,1357,-0.31260621547698975
curriculum_hard,2,results_adamw_lr0p001,results_adamw_lr0p001,small_cnn,adamw,10,128,20000,0.001,0.9,0.0005,cuda,False,False,9,102,1358,0.3244149088859558
curriculum_hard,2,results_adamw_lr0p001,results_adamw_lr0p001,small_cnn,adamw,10,128,20000,0.001,0.9,0.0005,cuda,False,False,9,103,1359,-0.2662371098995209
curriculum_hard,2,results_adamw_lr0p001,results_adamw_lr0p001,small_cnn,adamw,10,128,20000,0.001,0.9,0.0005,cuda,False,False,9,104,1360,0.7467991709709167
curriculum_hard,2,results_adamw_lr0p001,results_adamw_lr0p001,small_cnn,adamw,10,128,20000,0.001,0.9,0.0005,cuda,False,False,9,105,1361,0.3954640328884125
curriculum_hard,2,results_adamw_lr0p001,results_adamw_lr0p001,small_cnn,adamw,10,128,20000,0.001,0.9,0.0005,cuda,False,False,9,106,1362,-0.25794804096221924
curriculum_hard,2,results_adamw_lr0p001,results_adamw_lr0p001,small_cnn,adamw,10,128,20000,0.001,0.9,0.0005,cuda,False,False,9,107,1363,0.20512641966342926
curriculum_hard,2,results_adamw_lr0p001,results_adamw_lr0p001,small_cnn,adamw,10,128,20000,0.001,0.9,0.0005,cuda,False,False,9,108,1364,-0.18586507439613342
curriculum_hard,2,results_adamw_lr0p001,results_adamw_lr0p001,small_cnn,adamw,10,128,20000,0.001,0.9,0.0005,cuda,False,False,9,109,1365,0.24517229199409485
curriculum_hard,2,results_adamw_lr0p001,results_adamw_lr0p001,small_cnn,adamw,10,128,20000,0.001,0.9,0.0005,cuda,False,False,9,110,1366,0.8252537250518799
curriculum_hard,2,results_adamw_lr0p001,results_adamw_lr0p001,small_cnn,adamw,10,128,20000,0.001,0.9,0.0005,cuda,False,False,9,111,1367,0.7573528289794922
curriculum_hard,2,results_adamw_lr0p001,results_adamw_lr0p001,small_cnn,adamw,10,128,20000,0.001,0.9,0.0005,cuda,False,False,9,112,1368,0.30512735247612
curriculum_hard,2,results_adamw_lr0p001,results_adamw_lr0p001,small_cnn,adamw,10,128,20000,0.001,0.9,0.0005,cuda,False,False,9,113,1369,0.5850070118904114
curriculum_hard,2,results_adamw_lr0p001,results_adamw_lr0p001,small_cnn,adamw,10,128,20000,0.001,0.9,0.0005,cuda,False,False,9,114,1370,0.15330329537391663
curriculum_hard,2,results_adamw_lr0p001,results_adamw_lr0p001,small_cnn,adamw,10,128,20000,0.001,0.9,0.0005,cuda,False,False,9,115,1371,0.0076612383127212524
curriculum_hard,2,results_adamw_lr0p001,results_adamw_lr0p001,small_cnn,adamw,10,128,20000,0.001,0.9,0.0005,cuda,False,False,9,116,1372,0.37165236473083496
curriculum_hard,2,results_adamw_lr0p001,results_adamw_lr0p001,small_cnn,adamw,10,128,20000,0.001,0.9,0.0005,cuda,False,False,9,117,1373,0.6945902109146118
curriculum_hard,2,results_adamw_lr0p001,results_adamw_lr0p001,small_cnn,adamw,10,128,20000,0.001,0.9,0.0005,cuda,False,False,9,118,1374,0.5320644974708557
curriculum_hard,2,results_adamw_lr0p001,results_adamw_lr0p001,small_cnn,adamw,10,128,20000,0.001,0.9,0.0005,cuda,False,False,9,119,1375,0.7305756211280823
curriculum_hard,2,results_adamw_lr0p001,results_adamw_lr0p001,small_cnn,adamw,10,128,20000,0.001,0.9,0.0005,cuda,False,False,9,120,1376,0.4363880753517151
curriculum_hard,2,results_adamw_lr0p001,results_adamw_lr0p001,small_cnn,adamw,10,128,20000,0.001,0.9,0.0005,cuda,False,False,9,121,1377,0.5048333406448364
curriculum_hard,2,results_adamw_lr0p001,results_adamw_lr0p001,small_cnn,adamw,10,128,20000,0.001,0.9,0.0005,cuda,False,False,9,122,1378,-0.4699172377586365
curriculum_hard,2,results_adamw_lr0p001,results_adamw_lr0p001,small_cnn,adamw,10,128,20000,0.001,0.9,0.0005,cuda,False,False,9,123,1379,0.007881221361458302
curriculum_hard,2,results_adamw_lr0p001,results_adamw_lr0p001,small_cnn,adamw,10,128,20000,0.001,0.9,0.0005,cuda,False,False,9,124,1380,0.4418863356113434
curriculum_hard,2,results_adamw_lr0p001,results_adamw_lr0p001,small_cnn,adamw,10,128,20000,0.001,0.9,0.0005,cuda,False,False,9,125,1381,0.5377684831619263
curriculum_hard,2,results_adamw_lr0p001,results_adamw_lr0p001,small_cnn,adamw,10,128,20000,0.001,0.9,0.0005,cuda,False,False,9,126,1382,-0.2118774801492691
curriculum_hard,2,results_adamw_lr0p001,results_adamw_lr0p001,small_cnn,adamw,10,128,20000,0.001,0.9,0.0005,cuda,False,False,9,127,1383,0.5280467867851257
curriculum_hard,2,results_adamw_lr0p001,results_adamw_lr0p001,small_cnn,adamw,10,128,20000,0.001,0.9,0.0005,cuda,False,False,9,128,1384,-0.0986623466014862
curriculum_hard,2,results_adamw_lr0p001,results_adamw_lr0p001,small_cnn,adamw,10,128,20000,0.001,0.9,0.0005,cuda,False,False,9,129,1385,0.21418939530849457
curriculum_hard,2,results_adamw_lr0p001,results_adamw_lr0p001,small_cnn,adamw,10,128,20000,0.001,0.9,0.0005,cuda,False,False,9,130,1386,0.298849493265152
curriculum_hard,2,results_adamw_lr0p001,results_adamw_lr0p001,small_cnn,adamw,10,128,20000,0.001,0.9,0.0005,cuda,False,False,9,131,1387,0.12990835309028625
curriculum_hard,2,results_adamw_lr0p001,results_adamw_lr0p001,small_cnn,adamw,10,128,20000,0.001,0.9,0.0005,cuda,False,False,9,132,1388,0.7334086298942566
curriculum_hard,2,results_adamw_lr0p001,results_adamw_lr0p001,small_cnn,adamw,10,128,20000,0.001,0.9,0.0005,cuda,False,False,9,133,1389,0.7963646054267883
curriculum_hard,2,results_adamw_lr0p001,results_adamw_lr0p001,small_cnn,adamw,10,128,20000,0.001,0.9,0.0005,cuda,False,False,9,134,1390,0.5319995880126953
curriculum_hard,2,results_adamw_lr0p001,results_adamw_lr0p001,small_cnn,adamw,10,128,20000,0.001,0.9,0.0005,cuda,False,False,9,135,1391,0.21510332822799683
curriculum_hard,2,results_adamw_lr0p001,results_adamw_lr0p001,small_cnn,adamw,10,128,20000,0.001,0.9,0.0005,cuda,False,False,9,136,1392,-0.38370081782341003
curriculum_hard,2,results_adamw_lr0p001,results_adamw_lr0p001,small_cnn,adamw,10,128,20000,0.001,0.9,0.0005,cuda,False,False,9,137,1393,-0.090427465736866
curriculum_hard,2,results_adamw_lr0p001,results_adamw_lr0p001,small_cnn,adamw,10,128,20000,0.001,0.9,0.0005,cuda,False,False,9,138,1394,0.3057244122028351
curriculum_hard,2,results_adamw_lr0p001,results_adamw_lr0p001,small_cnn,adamw,10,128,20000,0.001,0.9,0.0005,cuda,False,False,9,139,1395,0.2662125825881958
curriculum_hard,2,results_adamw_lr0p001,results_adamw_lr0p001,small_cnn,adamw,10,128,20000,0.001,0.9,0.0005,cuda,False,False,9,140,1396,0.3434576094150543
curriculum_hard,2,results_adamw_lr0p001,results_adamw_lr0p001,small_cnn,adamw,10,128,20000,0.001,0.9,0.0005,cuda,False,False,9,141,1397,0.28106623888015747
curriculum_hard,2,results_adamw_lr0p001,results_adamw_lr0p001,small_cnn,adamw,10,128,20000,0.001,0.9,0.0005,cuda,False,False,9,142,1398,0.10715210437774658
curriculum_hard,2,results_adamw_lr0p001,results_adamw_lr0p001,small_cnn,adamw,10,128,20000,0.001,0.9,0.0005,cuda,False,False,9,143,1399,-0.10863393545150757
curriculum_hard,2,results_adamw_lr0p001,results_adamw_lr0p001,small_cnn,adamw,10,128,20000,0.001,0.9,0.0005,cuda,False,False,9,144,1400,0.8775628805160522
curriculum_hard,2,results_adamw_lr0p001,results_adamw_lr0p001,small_cnn,adamw,10,128,20000,0.001,0.9,0.0005,cuda,False,False,9,145,1401,0.27985137701034546
curriculum_hard,2,results_adamw_lr0p001,results_adamw_lr0p001,small_cnn,adamw,10,128,20000,0.001,0.9,0.0005,cuda,False,False,9,146,1402,-0.48489972949028015
curriculum_hard,2,results_adamw_lr0p001,results_adamw_lr0p001,small_cnn,adamw,10,128,20000,0.001,0.9,0.0005,cuda,False,False,9,147,1403,-0.06501831859350204
curriculum_hard,2,results_adamw_lr0p001,results_adamw_lr0p001,small_cnn,adamw,10,128,20000,0.001,0.9,0.0005,cuda,False,False,9,148,1404,0.2995455265045166
curriculum_hard,2,results_adamw_lr0p001,results_adamw_lr0p001,small_cnn,adamw,10,128,20000,0.001,0.9,0.0005,cuda,False,False,9,149,1405,0.5810574293136597
curriculum_hard,2,results_adamw_lr0p001,results_adamw_lr0p001,small_cnn,adamw,10,128,20000,0.001,0.9,0.0005,cuda,False,False,9,150,1406,0.5283617377281189
curriculum_hard,2,results_adamw_lr0p001,results_adamw_lr0p001,small_cnn,adamw,10,128,20000,0.001,0.9,0.0005,cuda,False,False,9,151,1407,0.12745873630046844
curriculum_hard,2,results_adamw_lr0p001,results_adamw_lr0p001,small_cnn,adamw,10,128,20000,0.001,0.9,0.0005,cuda,False,False,9,152,1408,0.9606000185012817
curriculum_hard,2,results_adamw_lr0p001,results_adamw_lr0p001,small_cnn,adamw,10,128,20000,0.001,0.9,0.0005,cuda,False,False,9,153,1409,0.9122267365455627
curriculum_hard,2,results_adamw_lr0p001,results_adamw_lr0p001,small_cnn,adamw,10,128,20000,0.001,0.9,0.0005,cuda,False,False,9,154,1410,-0.24093320965766907
curriculum_hard,2,results_adamw_lr0p001,results_adamw_lr0p001,small_cnn,adamw,10,128,20000,0.001,0.9,0.0005,cuda,False,False,9,155,1411,0.6205556988716125
curriculum_hard,2,results_adamw_lr0p001,results_adamw_lr0p001,small_cnn,adamw,10,128,20000,0.001,0.9,0.0005,cuda,False,False,9,156,1412,0.5429966449737549
curriculum_hard,2,results_adamw_lr0p001,results_adamw_lr0p001,small_cnn,adamw,10,128,20000,0.001,0.9,0.0005,cuda,False,False,9,157,1413,0.6250195503234863
curriculum_hard,2,results_adamw_lr0p001,results_adamw_lr0p001,small_cnn,adamw,10,128,20000,0.001,0.9,0.0005,cuda,False,False,10,1,1414,-0.0773240253329277
curriculum_hard,2,results_adamw_lr0p001,results_adamw_lr0p001,small_cnn,adamw,10,128,20000,0.001,0.9,0.0005,cuda,False,False,10,2,1415,0.5984717607498169
curriculum_hard,2,results_adamw_lr0p001,results_adamw_lr0p001,small_cnn,adamw,10,128,20000,0.001,0.9,0.0005,cuda,False,False,10,3,1416,0.6213958859443665
curriculum_hard,2,results_adamw_lr0p001,results_adamw_lr0p001,small_cnn,adamw,10,128,20000,0.001,0.9,0.0005,cuda,False,False,10,4,1417,-0.09425707161426544
curriculum_hard,2,results_adamw_lr0p001,results_adamw_lr0p001,small_cnn,adamw,10,128,20000,0.001,0.9,0.0005,cuda,False,False,10,5,1418,0.7487118244171143
curriculum_hard,2,results_adamw_lr0p001,results_adamw_lr0p001,small_cnn,adamw,10,128,20000,0.001,0.9,0.0005,cuda,False,False,10,6,1419,0.8024543523788452
curriculum_hard,2,results_adamw_lr0p001,results_adamw_lr0p001,small_cnn,adamw,10,128,20000,0.001,0.9,0.0005,cuda,False,False,10,7,1420,0.7157674431800842
curriculum_hard,2,results_adamw_lr0p001,results_adamw_lr0p001,small_cnn,adamw,10,128,20000,0.001,0.9,0.0005,cuda,False,False,10,8,1421,0.8176244497299194
curriculum_hard,2,results_adamw_lr0p001,results_adamw_lr0p001,small_cnn,adamw,10,128,20000,0.001,0.9,0.0005,cuda,False,False,10,9,1422,0.5866134166717529
curriculum_hard,2,results_adamw_lr0p001,results_adamw_lr0p001,small_cnn,adamw,10,128,20000,0.001,0.9,0.0005,cuda,False,False,10,10,1423,0.4250103831291199
curriculum_hard,2,results_adamw_lr0p001,results_adamw_lr0p001,small_cnn,adamw,10,128,20000,0.001,0.9,0.0005,cuda,False,False,10,11,1424,0.3743290603160858
curriculum_hard,2,results_adamw_lr0p001,results_adamw_lr0p001,small_cnn,adamw,10,128,20000,0.001,0.9,0.0005,cuda,False,False,10,12,1425,0.5160847306251526
curriculum_hard,2,results_adamw_lr0p001,results_adamw_lr0p001,small_cnn,adamw,10,128,20000,0.001,0.9,0.0005,cuda,False,False,10,13,1426,0.8872590661048889
curriculum_hard,2,results_adamw_lr0p001,results_adamw_lr0p001,small_cnn,adamw,10,128,20000,0.001,0.9,0.0005,cuda,False,False,10,14,1427,0.02813391014933586
curriculum_hard,2,results_adamw_lr0p001,results_adamw_lr0p001,small_cnn,adamw,10,128,20000,0.001,0.9,0.0005,cuda,False,False,10,15,1428,-0.2849525511264801
curriculum_hard,2,results_adamw_lr0p001,results_adamw_lr0p001,small_cnn,adamw,10,128,20000,0.001,0.9,0.0005,cuda,False,False,10,16,1429,0.2461981326341629
curriculum_hard,2,results_adamw_lr0p001,results_adamw_lr0p001,small_cnn,adamw,10,128,20000,0.001,0.9,0.0005,cuda,False,False,10,17,1430,0.10627631843090057
curriculum_hard,2,results_adamw_lr0p001,results_adamw_lr0p001,small_cnn,adamw,10,128,20000,0.001,0.9,0.0005,cuda,False,False,10,18,1431,0.4878189265727997
curriculum_hard,2,results_adamw_lr0p001,results_adamw_lr0p001,small_cnn,adamw,10,128,20000,0.001,0.9,0.0005,cuda,False,False,10,19,1432,0.37079358100891113
curriculum_hard,2,results_adamw_lr0p001,results_adamw_lr0p001,small_cnn,adamw,10,128,20000,0.001,0.9,0.0005,cuda,False,False,10,20,1433,0.6638269424438477
curriculum_hard,2,results_adamw_lr0p001,results_adamw_lr0p001,small_cnn,adamw,10,128,20000,0.001,0.9,0.0005,cuda,False,False,10,21,1434,0.016625015065073967
curriculum_hard,2,results_adamw_lr0p001,results_adamw_lr0p001,small_cnn,adamw,10,128,20000,0.001,0.9,0.0005,cuda,False,False,10,22,1435,0.511345624923706
curriculum_hard,2,results_adamw_lr0p001,results_adamw_lr0p001,small_cnn,adamw,10,128,20000,0.001,0.9,0.0005,cuda,False,False,10,23,1436,-0.008762098848819733
curriculum_hard,2,results_adamw_lr0p001,results_adamw_lr0p001,small_cnn,adamw,10,128,20000,0.001,0.9,0.0005,cuda,False,False,10,24,1437,0.3541991114616394
curriculum_hard,2,results_adamw_lr0p001,results_adamw_lr0p001,small_cnn,adamw,10,128,20000,0.001,0.9,0.0005,cuda,False,False,10,25,1438,0.27518072724342346
curriculum_hard,2,results_adamw_lr0p001,results_adamw_lr0p001,small_cnn,adamw,10,128,20000,0.001,0.9,0.0005,cuda,False,False,10,26,1439,0.8013953566551208
curriculum_hard,2,results_adamw_lr0p001,results_adamw_lr0p001,small_cnn,adamw,10,128,20000,0.001,0.9,0.0005,cuda,False,False,10,27,1440,0.42908191680908203
curriculum_hard,2,results_adamw_lr0p001,results_adamw_lr0p001,small_cnn,adamw,10,128,20000,0.001,0.9,0.0005,cuda,False,False,10,28,1441,0.7508189678192139
curriculum_hard,2,results_adamw_lr0p001,results_adamw_lr0p001,small_cnn,adamw,10,128,20000,0.001,0.9,0.0005,cuda,False,False,10,29,1442,0.23060467839241028
curriculum_hard,2,results_adamw_lr0p001,results_adamw_lr0p001,small_cnn,adamw,10,128,20000,0.001,0.9,0.0005,cuda,False,False,10,30,1443,0.216156467795372
curriculum_hard,2,results_adamw_lr0p001,results_adamw_lr0p001,small_cnn,adamw,10,128,20000,0.001,0.9,0.0005,cuda,False,False,10,31,1444,0.3087594211101532
curriculum_hard,2,results_adamw_lr0p001,results_adamw_lr0p001,small_cnn,adamw,10,128,20000,0.001,0.9,0.0005,cuda,False,False,10,32,1445,0.4635947346687317
curriculum_hard,2,results_adamw_lr0p001,results_adamw_lr0p001,small_cnn,adamw,10,128,20000,0.001,0.9,0.0005,cuda,False,False,10,33,1446,0.6284031867980957
curriculum_hard,2,results_adamw_lr0p001,results_adamw_lr0p001,small_cnn,adamw,10,128,20000,0.001,0.9,0.0005,cuda,False,False,10,34,1447,0.0351753756403923
curriculum_hard,2,results_adamw_lr0p001,results_adamw_lr0p001,small_cnn,adamw,10,128,20000,0.001,0.9,0.0005,cuda,False,False,10,35,1448,0.5931202173233032
curriculum_hard,2,results_adamw_lr0p001,results_adamw_lr0p001,small_cnn,adamw,10,128,20000,0.001,0.9,0.0005,cuda,False,False,10,36,1449,-0.48877155780792236
curriculum_hard,2,results_adamw_lr0p001,results_adamw_lr0p001,small_cnn,adamw,10,128,20000,0.001,0.9,0.0005,cuda,False,False,10,37,1450,-0.0023056194186210632
curriculum_hard,2,results_adamw_lr0p001,results_adamw_lr0p001,small_cnn,adamw,10,128,20000,0.001,0.9,0.0005,cuda,False,False,10,38,1451,0.32135578989982605
curriculum_hard,2,results_adamw_lr0p001,results_adamw_lr0p001,small_cnn,adamw,10,128,20000,0.001,0.9,0.0005,cuda,False,False,10,39,1452,0.40483537316322327
curriculum_hard,2,results_adamw_lr0p001,results_adamw_lr0p001,small_cnn,adamw,10,128,20000,0.001,0.9,0.0005,cuda,False,False,10,40,1453,0.21632608771324158
curriculum_hard,2,results_adamw_lr0p001,results_adamw_lr0p001,small_cnn,adamw,10,128,20000,0.001,0.9,0.0005,cuda,False,False,10,41,1454,-0.020750736817717552
curriculum_hard,2,results_adamw_lr0p001,results_adamw_lr0p001,small_cnn,adamw,10,128,20000,0.001,0.9,0.0005,cuda,False,False,10,42,1455,0.4178411364555359
curriculum_hard,2,results_adamw_lr0p001,results_adamw_lr0p001,small_cnn,adamw,10,128,20000,0.001,0.9,0.0005,cuda,False,False,10,43,1456,-0.04070854187011719
curriculum_hard,2,results_adamw_lr0p001,results_adamw_lr0p001,small_cnn,adamw,10,128,20000,0.001,0.9,0.0005,cuda,False,False,10,44,1457,-0.6213698387145996
curriculum_hard,2,results_adamw_lr0p001,results_adamw_lr0p001,small_cnn,adamw,10,128,20000,0.001,0.9,0.0005,cuda,False,False,10,45,1458,0.2770424783229828
curriculum_hard,2,results_adamw_lr0p001,results_adamw_lr0p001,small_cnn,adamw,10,128,20000,0.001,0.9,0.0005,cuda,False,False,10,46,1459,0.17055292427539825
curriculum_hard,2,results_adamw_lr0p001,results_adamw_lr0p001,small_cnn,adamw,10,128,20000,0.001,0.9,0.0005,cuda,False,False,10,47,1460,0.30765461921691895
curriculum_hard,2,results_adamw_lr0p001,results_adamw_lr0p001,small_cnn,adamw,10,128,20000,0.001,0.9,0.0005,cuda,False,False,10,48,1461,0.4899900555610657
curriculum_hard,2,results_adamw_lr0p001,results_adamw_lr0p001,small_cnn,adamw,10,128,20000,0.001,0.9,0.0005,cuda,False,False,10,49,1462,-0.15722298622131348
curriculum_hard,2,results_adamw_lr0p001,results_adamw_lr0p001,small_cnn,adamw,10,128,20000,0.001,0.9,0.0005,cuda,False,False,10,50,1463,0.20787261426448822
curriculum_hard,2,results_adamw_lr0p001,results_adamw_lr0p001,small_cnn,adamw,10,128,20000,0.001,0.9,0.0005,cuda,False,False,10,51,1464,0.7977397441864014
curriculum_hard,2,results_adamw_lr0p001,results_adamw_lr0p001,small_cnn,adamw,10,128,20000,0.001,0.9,0.0005,cuda,False,False,10,52,1465,-0.5609737038612366
curriculum_hard,2,results_adamw_lr0p001,results_adamw_lr0p001,small_cnn,adamw,10,128,20000,0.001,0.9,0.0005,cuda,False,False,10,53,1466,0.2890785038471222
curriculum_hard,2,results_adamw_lr0p001,results_adamw_lr0p001,small_cnn,adamw,10,128,20000,0.001,0.9,0.0005,cuda,False,False,10,54,1467,0.24191004037857056
curriculum_hard,2,results_adamw_lr0p001,results_adamw_lr0p001,small_cnn,adamw,10,128,20000,0.001,0.9,0.0005,cuda,False,False,10,55,1468,0.4370211362838745
curriculum_hard,2,results_adamw_lr0p001,results_adamw_lr0p001,small_cnn,adamw,10,128,20000,0.001,0.9,0.0005,cuda,False,False,10,56,1469,-0.00730525329709053
curriculum_hard,2,results_adamw_lr0p001,results_adamw_lr0p001,small_cnn,adamw,10,128,20000,0.001,0.9,0.0005,cuda,False,False,10,57,1470,0.5688014030456543
curriculum_hard,2,results_adamw_lr0p001,results_adamw_lr0p001,small_cnn,adamw,10,128,20000,0.001,0.9,0.0005,cuda,False,False,10,58,1471,0.40259796380996704
curriculum_hard,2,results_adamw_lr0p001,results_adamw_lr0p001,small_cnn,adamw,10,128,20000,0.001,0.9,0.0005,cuda,False,False,10,59,1472,0.4342181980609894
curriculum_hard,2,results_adamw_lr0p001,results_adamw_lr0p001,small_cnn,adamw,10,128,20000,0.001,0.9,0.0005,cuda,False,False,10,60,1473,-0.22161023318767548
curriculum_hard,2,results_adamw_lr0p001,results_adamw_lr0p001,small_cnn,adamw,10,128,20000,0.001,0.9,0.0005,cuda,False,False,10,61,1474,0.5052733421325684
curriculum_hard,2,results_adamw_lr0p001,results_adamw_lr0p001,small_cnn,adamw,10,128,20000,0.001,0.9,0.0005,cuda,False,False,10,62,1475,-0.4670426547527313
curriculum_hard,2,results_adamw_lr0p001,results_adamw_lr0p001,small_cnn,adamw,10,128,20000,0.001,0.9,0.0005,cuda,False,False,10,63,1476,-0.22753068804740906
curriculum_hard,2,results_adamw_lr0p001,results_adamw_lr0p001,small_cnn,adamw,10,128,20000,0.001,0.9,0.0005,cuda,False,False,10,64,1477,0.009603841230273247
curriculum_hard,2,results_adamw_lr0p001,results_adamw_lr0p001,small_cnn,adamw,10,128,20000,0.001,0.9,0.0005,cuda,False,False,10,65,1478,-0.047949012368917465
curriculum_hard,2,results_adamw_lr0p001,results_adamw_lr0p001,small_cnn,adamw,10,128,20000,0.001,0.9,0.0005,cuda,False,False,10,66,1479,0.6372383236885071
curriculum_hard,2,results_adamw_lr0p001,results_adamw_lr0p001,small_cnn,adamw,10,128,20000,0.001,0.9,0.0005,cuda,False,False,10,67,1480,0.1853540539741516
curriculum_hard,2,results_adamw_lr0p001,results_adamw_lr0p001,small_cnn,adamw,10,128,20000,0.001,0.9,0.0005,cuda,False,False,10,68,1481,-0.20294204354286194
curriculum_hard,2,results_adamw_lr0p001,results_adamw_lr0p001,small_cnn,adamw,10,128,20000,0.001,0.9,0.0005,cuda,False,False,10,69,1482,0.43963322043418884
curriculum_hard,2,results_adamw_lr0p001,results_adamw_lr0p001,small_cnn,adamw,10,128,20000,0.001,0.9,0.0005,cuda,False,False,10,70,1483,0.4298865497112274
curriculum_hard,2,results_adamw_lr0p001,results_adamw_lr0p001,small_cnn,adamw,10,128,20000,0.001,0.9,0.0005,cuda,False,False,10,71,1484,-0.20822802186012268
curriculum_hard,2,results_adamw_lr0p001,results_adamw_lr0p001,small_cnn,adamw,10,128,20000,0.001,0.9,0.0005,cuda,False,False,10,72,1485,0.0350644513964653
curriculum_hard,2,results_adamw_lr0p001,results_adamw_lr0p001,small_cnn,adamw,10,128,20000,0.001,0.9,0.0005,cuda,False,False,10,73,1486,0.5180106163024902
curriculum_hard,2,results_adamw_lr0p001,results_adamw_lr0p001,small_cnn,adamw,10,128,20000,0.001,0.9,0.0005,cuda,False,False,10,74,1487,0.21954703330993652
curriculum_hard,2,results_adamw_lr0p001,results_adamw_lr0p001,small_cnn,adamw,10,128,20000,0.001,0.9,0.0005,cuda,False,False,10,75,1488,0.15289174020290375
curriculum_hard,2,results_adamw_lr0p001,results_adamw_lr0p001,small_cnn,adamw,10,128,20000,0.001,0.9,0.0005,cuda,False,False,10,76,1489,0.5211043357849121
curriculum_hard,2,results_adamw_lr0p001,results_adamw_lr0p001,small_cnn,adamw,10,128,20000,0.001,0.9,0.0005,cuda,False,False,10,77,1490,-0.5093302130699158
curriculum_hard,2,results_adamw_lr0p001,results_adamw_lr0p001,small_cnn,adamw,10,128,20000,0.001,0.9,0.0005,cuda,False,False,10,78,1491,0.5917260050773621
curriculum_hard,2,results_adamw_lr0p001,results_adamw_lr0p001,small_cnn,adamw,10,128,20000,0.001,0.9,0.0005,cuda,False,False,10,79,1492,0.728813886642456
curriculum_hard,2,results_adamw_lr0p001,results_adamw_lr0p001,small_cnn,adamw,10,128,20000,0.001,0.9,0.0005,cuda,False,False,10,80,1493,0.20834097266197205
curriculum_hard,2,results_adamw_lr0p001,results_adamw_lr0p001,small_cnn,adamw,10,128,20000,0.001,0.9,0.0005,cuda,False,False,10,81,1494,-0.029081419110298157
curriculum_hard,2,results_adamw_lr0p001,results_adamw_lr0p001,small_cnn,adamw,10,128,20000,0.001,0.9,0.0005,cuda,False,False,10,82,1495,-0.24183818697929382
curriculum_hard,2,results_adamw_lr0p001,results_adamw_lr0p001,small_cnn,adamw,10,128,20000,0.001,0.9,0.0005,cuda,False,False,10,83,1496,-0.046650853008031845
curriculum_hard,2,results_adamw_lr0p001,results_adamw_lr0p001,small_cnn,adamw,10,128,20000,0.001,0.9,0.0005,cuda,False,False,10,84,1497,0.499769926071167
curriculum_hard,2,results_adamw_lr0p001,results_adamw_lr0p001,small_cnn,adamw,10,128,20000,0.001,0.9,0.0005,cuda,False,False,10,85,1498,0.5223068594932556
curriculum_hard,2,results_adamw_lr0p001,results_adamw_lr0p001,small_cnn,adamw,10,128,20000,0.001,0.9,0.0005,cuda,False,False,10,86,1499,0.5815076231956482
curriculum_hard,2,results_adamw_lr0p001,results_adamw_lr0p001,small_cnn,adamw,10,128,20000,0.001,0.9,0.0005,cuda,False,False,10,87,1500,0.5039692521095276
curriculum_hard,2,results_adamw_lr0p001,results_adamw_lr0p001,small_cnn,adamw,10,128,20000,0.001,0.9,0.0005,cuda,False,False,10,88,1501,0.3217650353908539
curriculum_hard,2,results_adamw_lr0p001,results_adamw_lr0p001,small_cnn,adamw,10,128,20000,0.001,0.9,0.0005,cuda,False,False,10,89,1502,0.3078548312187195
curriculum_hard,2,results_adamw_lr0p001,results_adamw_lr0p001,small_cnn,adamw,10,128,20000,0.001,0.9,0.0005,cuda,False,False,10,90,1503,0.11486141383647919
curriculum_hard,2,results_adamw_lr0p001,results_adamw_lr0p001,small_cnn,adamw,10,128,20000,0.001,0.9,0.0005,cuda,False,False,10,91,1504,0.7840087413787842
curriculum_hard,2,results_adamw_lr0p001,results_adamw_lr0p001,small_cnn,adamw,10,128,20000,0.001,0.9,0.0005,cuda,False,False,10,92,1505,0.7394634485244751
curriculum_hard,2,results_adamw_lr0p001,results_adamw_lr0p001,small_cnn,adamw,10,128,20000,0.001,0.9,0.0005,cuda,False,False,10,93,1506,-0.2795940339565277
curriculum_hard,2,results_adamw_lr0p001,results_adamw_lr0p001,small_cnn,adamw,10,128,20000,0.001,0.9,0.0005,cuda,False,False,10,94,1507,0.3621319830417633
curriculum_hard,2,results_adamw_lr0p001,results_adamw_lr0p001,small_cnn,adamw,10,128,20000,0.001,0.9,0.0005,cuda,False,False,10,95,1508,0.2308792620897293
curriculum_hard,2,results_adamw_lr0p001,results_adamw_lr0p001,small_cnn,adamw,10,128,20000,0.001,0.9,0.0005,cuda,False,False,10,96,1509,0.5928822159767151
curriculum_hard,2,results_adamw_lr0p001,results_adamw_lr0p001,small_cnn,adamw,10,128,20000,0.001,0.9,0.0005,cuda,False,False,10,97,1510,0.24601739645004272
curriculum_hard,2,results_adamw_lr0p001,results_adamw_lr0p001,small_cnn,adamw,10,128,20000,0.001,0.9,0.0005,cuda,False,False,10,98,1511,-0.036121904850006104
curriculum_hard,2,results_adamw_lr0p001,results_adamw_lr0p001,small_cnn,adamw,10,128,20000,0.001,0.9,0.0005,cuda,False,False,10,99,1512,0.7094975113868713
curriculum_hard,2,results_adamw_lr0p001,results_adamw_lr0p001,small_cnn,adamw,10,128,20000,0.001,0.9,0.0005,cuda,False,False,10,100,1513,-0.031403787434101105
curriculum_hard,2,results_adamw_lr0p001,results_adamw_lr0p001,small_cnn,adamw,10,128,20000,0.001,0.9,0.0005,cuda,False,False,10,101,1514,-0.2123364806175232
curriculum_hard,2,results_adamw_lr0p001,results_adamw_lr0p001,small_cnn,adamw,10,128,20000,0.001,0.9,0.0005,cuda,False,False,10,102,1515,0.1443861573934555
curriculum_hard,2,results_adamw_lr0p001,results_adamw_lr0p001,small_cnn,adamw,10,128,20000,0.001,0.9,0.0005,cuda,False,False,10,103,1516,-0.2012612521648407
curriculum_hard,2,results_adamw_lr0p001,results_adamw_lr0p001,small_cnn,adamw,10,128,20000,0.001,0.9,0.0005,cuda,False,False,10,104,1517,0.7309136390686035
curriculum_hard,2,results_adamw_lr0p001,results_adamw_lr0p001,small_cnn,adamw,10,128,20000,0.001,0.9,0.0005,cuda,False,False,10,105,1518,0.2788390517234802
curriculum_hard,2,results_adamw_lr0p001,results_adamw_lr0p001,small_cnn,adamw,10,128,20000,0.001,0.9,0.0005,cuda,False,False,10,106,1519,-0.3554857075214386
curriculum_hard,2,results_adamw_lr0p001,results_adamw_lr0p001,small_cnn,adamw,10,128,20000,0.001,0.9,0.0005,cuda,False,False,10,107,1520,0.11760150641202927
curriculum_hard,2,results_adamw_lr0p001,results_adamw_lr0p001,small_cnn,adamw,10,128,20000,0.001,0.9,0.0005,cuda,False,False,10,108,1521,-0.21400626003742218
curriculum_hard,2,results_adamw_lr0p001,results_adamw_lr0p001,small_cnn,adamw,10,128,20000,0.001,0.9,0.0005,cuda,False,False,10,109,1522,0.32366079092025757
curriculum_hard,2,results_adamw_lr0p001,results_adamw_lr0p001,small_cnn,adamw,10,128,20000,0.001,0.9,0.0005,cuda,False,False,10,110,1523,0.8213492035865784
curriculum_hard,2,results_adamw_lr0p001,results_adamw_lr0p001,small_cnn,adamw,10,128,20000,0.001,0.9,0.0005,cuda,False,False,10,111,1524,0.7494564056396484
curriculum_hard,2,results_adamw_lr0p001,results_adamw_lr0p001,small_cnn,adamw,10,128,20000,0.001,0.9,0.0005,cuda,False,False,10,112,1525,0.3511471748352051
curriculum_hard,2,results_adamw_lr0p001,results_adamw_lr0p001,small_cnn,adamw,10,128,20000,0.001,0.9,0.0005,cuda,False,False,10,113,1526,0.5926831960678101
curriculum_hard,2,results_adamw_lr0p001,results_adamw_lr0p001,small_cnn,adamw,10,128,20000,0.001,0.9,0.0005,cuda,False,False,10,114,1527,0.09320998191833496
curriculum_hard,2,results_adamw_lr0p001,results_adamw_lr0p001,small_cnn,adamw,10,128,20000,0.001,0.9,0.0005,cuda,False,False,10,115,1528,0.05360567569732666
curriculum_hard,2,results_adamw_lr0p001,results_adamw_lr0p001,small_cnn,adamw,10,128,20000,0.001,0.9,0.0005,cuda,False,False,10,116,1529,0.5151463747024536
curriculum_hard,2,results_adamw_lr0p001,results_adamw_lr0p001,small_cnn,adamw,10,128,20000,0.001,0.9,0.0005,cuda,False,False,10,117,1530,0.7969350814819336
curriculum_hard,2,results_adamw_lr0p001,results_adamw_lr0p001,small_cnn,adamw,10,128,20000,0.001,0.9,0.0005,cuda,False,False,10,118,1531,0.568709135055542
curriculum_hard,2,results_adamw_lr0p001,results_adamw_lr0p001,small_cnn,adamw,10,128,20000,0.001,0.9,0.0005,cuda,False,False,10,119,1532,0.6846479773521423
curriculum_hard,2,results_adamw_lr0p001,results_adamw_lr0p001,small_cnn,adamw,10,128,20000,0.001,0.9,0.0005,cuda,False,False,10,120,1533,0.5611336827278137
curriculum_hard,2,results_adamw_lr0p001,results_adamw_lr0p001,small_cnn,adamw,10,128,20000,0.001,0.9,0.0005,cuda,False,False,10,121,1534,0.6048828363418579
curriculum_hard,2,results_adamw_lr0p001,results_adamw_lr0p001,small_cnn,adamw,10,128,20000,0.001,0.9,0.0005,cuda,False,False,10,122,1535,-0.4730271100997925
curriculum_hard,2,results_adamw_lr0p001,results_adamw_lr0p001,small_cnn,adamw,10,128,20000,0.001,0.9,0.0005,cuda,False,False,10,123,1536,0.045111190527677536
curriculum_hard,2,results_adamw_lr0p001,results_adamw_lr0p001,small_cnn,adamw,10,128,20000,0.001,0.9,0.0005,cuda,False,False,10,124,1537,0.5823614597320557
curriculum_hard,2,results_adamw_lr0p001,results_adamw_lr0p001,small_cnn,adamw,10,128,20000,0.001,0.9,0.0005,cuda,False,False,10,125,1538,0.7072451710700989
curriculum_hard,2,results_adamw_lr0p001,results_adamw_lr0p001,small_cnn,adamw,10,128,20000,0.001,0.9,0.0005,cuda,False,False,10,126,1539,0.10129765421152115
curriculum_hard,2,results_adamw_lr0p001,results_adamw_lr0p001,small_cnn,adamw,10,128,20000,0.001,0.9,0.0005,cuda,False,False,10,127,1540,0.599672794342041
curriculum_hard,2,results_adamw_lr0p001,results_adamw_lr0p001,small_cnn,adamw,10,128,20000,0.001,0.9,0.0005,cuda,False,False,10,128,1541,-0.2482142448425293
curriculum_hard,2,results_adamw_lr0p001,results_adamw_lr0p001,small_cnn,adamw,10,128,20000,0.001,0.9,0.0005,cuda,False,False,10,129,1542,0.2004159390926361
curriculum_hard,2,results_adamw_lr0p001,results_adamw_lr0p001,small_cnn,adamw,10,128,20000,0.001,0.9,0.0005,cuda,False,False,10,130,1543,0.24289046227931976
curriculum_hard,2,results_adamw_lr0p001,results_adamw_lr0p001,small_cnn,adamw,10,128,20000,0.001,0.9,0.0005,cuda,False,False,10,131,1544,0.13598284125328064
curriculum_hard,2,results_adamw_lr0p001,results_adamw_lr0p001,small_cnn,adamw,10,128,20000,0.001,0.9,0.0005,cuda,False,False,10,132,1545,0.7382886409759521
curriculum_hard,2,results_adamw_lr0p001,results_adamw_lr0p001,small_cnn,adamw,10,128,20000,0.001,0.9,0.0005,cuda,False,False,10,133,1546,0.8207486271858215
curriculum_hard,2,results_adamw_lr0p001,results_adamw_lr0p001,small_cnn,adamw,10,128,20000,0.001,0.9,0.0005,cuda,False,False,10,134,1547,0.5810868144035339
curriculum_hard,2,results_adamw_lr0p001,results_adamw_lr0p001,small_cnn,adamw,10,128,20000,0.001,0.9,0.0005,cuda,False,False,10,135,1548,0.39441195130348206
curriculum_hard,2,results_adamw_lr0p001,results_adamw_lr0p001,small_cnn,adamw,10,128,20000,0.001,0.9,0.0005,cuda,False,False,10,136,1549,-0.2293081283569336
curriculum_hard,2,results_adamw_lr0p001,results_adamw_lr0p001,small_cnn,adamw,10,128,20000,0.001,0.9,0.0005,cuda,False,False,10,137,1550,-0.15114977955818176
curriculum_hard,2,results_adamw_lr0p001,results_adamw_lr0p001,small_cnn,adamw,10,128,20000,0.001,0.9,0.0005,cuda,False,False,10,138,1551,0.22461462020874023
curriculum_hard,2,results_adamw_lr0p001,results_adamw_lr0p001,small_cnn,adamw,10,128,20000,0.001,0.9,0.0005,cuda,False,False,10,139,1552,0.1348394900560379
curriculum_hard,2,results_adamw_lr0p001,results_adamw_lr0p001,small_cnn,adamw,10,128,20000,0.001,0.9,0.0005,cuda,False,False,10,140,1553,0.2602926194667816
curriculum_hard,2,results_adamw_lr0p001,results_adamw_lr0p001,small_cnn,adamw,10,128,20000,0.001,0.9,0.0005,cuda,False,False,10,141,1554,0.22723457217216492
curriculum_hard,2,results_adamw_lr0p001,results_adamw_lr0p001,small_cnn,adamw,10,128,20000,0.001,0.9,0.0005,cuda,False,False,10,142,1555,0.12314680963754654
curriculum_hard,2,results_adamw_lr0p001,results_adamw_lr0p001,small_cnn,adamw,10,128,20000,0.001,0.9,0.0005,cuda,False,False,10,143,1556,-0.06428280472755432
curriculum_hard,2,results_adamw_lr0p001,results_adamw_lr0p001,small_cnn,adamw,10,128,20000,0.001,0.9,0.0005,cuda,False,False,10,144,1557,0.8757416605949402
curriculum_hard,2,results_adamw_lr0p001,results_adamw_lr0p001,small_cnn,adamw,10,128,20000,0.001,0.9,0.0005,cuda,False,False,10,145,1558,0.5664530396461487
curriculum_hard,2,results_adamw_lr0p001,results_adamw_lr0p001,small_cnn,adamw,10,128,20000,0.001,0.9,0.0005,cuda,False,False,10,146,1559,-0.2340669184923172
curriculum_hard,2,results_adamw_lr0p001,results_adamw_lr0p001,small_cnn,adamw,10,128,20000,0.001,0.9,0.0005,cuda,False,False,10,147,1560,-0.027879608795046806
curriculum_hard,2,results_adamw_lr0p001,results_adamw_lr0p001,small_cnn,adamw,10,128,20000,0.001,0.9,0.0005,cuda,False,False,10,148,1561,0.3250529170036316
curriculum_hard,2,results_adamw_lr0p001,results_adamw_lr0p001,small_cnn,adamw,10,128,20000,0.001,0.9,0.0005,cuda,False,False,10,149,1562,0.6235350370407104
curriculum_hard,2,results_adamw_lr0p001,results_adamw_lr0p001,small_cnn,adamw,10,128,20000,0.001,0.9,0.0005,cuda,False,False,10,150,1563,0.4225567877292633
curriculum_hard,2,results_adamw_lr0p001,results_adamw_lr0p001,small_cnn,adamw,10,128,20000,0.001,0.9,0.0005,cuda,False,False,10,151,1564,0.23988975584506989
curriculum_hard,2,results_adamw_lr0p001,results_adamw_lr0p001,small_cnn,adamw,10,128,20000,0.001,0.9,0.0005,cuda,False,False,10,152,1565,0.9619131088256836
curriculum_hard,2,results_adamw_lr0p001,results_adamw_lr0p001,small_cnn,adamw,10,128,20000,0.001,0.9,0.0005,cuda,False,False,10,153,1566,0.8913161158561707
curriculum_hard,2,results_adamw_lr0p001,results_adamw_lr0p001,small_cnn,adamw,10,128,20000,0.001,0.9,0.0005,cuda,False,False,10,154,1567,-0.22762030363082886
curriculum_hard,2,results_adamw_lr0p001,results_adamw_lr0p001,small_cnn,adamw,10,128,20000,0.001,0.9,0.0005,cuda,False,False,10,155,1568,0.30047643184661865
curriculum_hard,2,results_adamw_lr0p001,results_adamw_lr0p001,small_cnn,adamw,10,128,20000,0.001,0.9,0.0005,cuda,False,False,10,156,1569,0.22251887619495392
curriculum_hard,2,results_adamw_lr0p001,results_adamw_lr0p001,small_cnn,adamw,10,128,20000,0.001,0.9,0.0005,cuda,False,False,10,157,1570,0.7596511244773865
