order_mode,seed,experiment_name,output_dir,model,optimizer,epochs,batch_size,max_train_examples,learning_rate,momentum,weight_decay,device,deterministic,save_embeddings,epoch,batch_index,global_step,cosine_similarity
fixed_random,0,results_adamw_lr0p001,results_adamw_lr0p001,small_cnn,adamw,10,128,20000,0.001,0.9,0.0005,cuda,False,False,1,1,1,
fixed_random,0,results_adamw_lr0p001,results_adamw_lr0p001,small_cnn,adamw,10,128,20000,0.001,0.9,0.0005,cuda,False,False,1,2,2,-0.0627639964222908
fixed_random,0,results_adamw_lr0p001,results_adamw_lr0p001,small_cnn,adamw,10,128,20000,0.001,0.9,0.0005,cuda,False,False,1,3,3,0.3043580651283264
fixed_random,0,results_adamw_lr0p001,results_adamw_lr0p001,small_cnn,adamw,10,128,20000,0.001,0.9,0.0005,cuda,False,False,1,4,4,0.5808448791503906
fixed_random,0,results_adamw_lr0p001,results_adamw_lr0p001,small_cnn,adamw,10,128,20000,0.001,0.9,0.0005,cuda,False,False,1,5,5,0.5527917146682739
fixed_random,0,results_adamw_lr0p001,results_adamw_lr0p001,small_cnn,adamw,10,128,20000,0.001,0.9,0.0005,cuda,False,False,1,6,6,0.6259059906005859
fixed_random,0,results_adamw_lr0p001,results_adamw_lr0p001,small_cnn,adamw,10,128,20000,0.001,0.9,0.0005,cuda,False,False,1,7,7,0.6125284433364868
fixed_random,0,results_adamw_lr0p001,results_adamw_lr0p001,small_cnn,adamw,10,128,20000,0.001,0.9,0.0005,cuda,False,False,1,8,8,0.6564720273017883
fixed_random,0,results_adamw_lr0p001,results_adamw_lr0p001,small_cnn,adamw,10,128,20000,0.001,0.9,0.0005,cuda,False,False,1,9,9,0.3637048006057739
fixed_random,0,results_adamw_lr0p001,results_adamw_lr0p001,small_cnn,adamw,10,128,20000,0.001,0.9,0.0005,cuda,False,False,1,10,10,-0.06503336876630783
fixed_random,0,results_adamw_lr0p001,results_adamw_lr0p001,small_cnn,adamw,10,128,20000,0.001,0.9,0.0005,cuda,False,False,1,11,11,-0.0680156722664833
fixed_random,0,results_adamw_lr0p001,results_adamw_lr0p001,small_cnn,adamw,10,128,20000,0.001,0.9,0.0005,cuda,False,False,1,12,12,0.6180732846260071
fixed_random,0,results_adamw_lr0p001,results_adamw_lr0p001,small_cnn,adamw,10,128,20000,0.001,0.9,0.0005,cuda,False,False,1,13,13,-0.08185651898384094
fixed_random,0,results_adamw_lr0p001,results_adamw_lr0p001,small_cnn,adamw,10,128,20000,0.001,0.9,0.0005,cuda,False,False,1,14,14,0.3431497812271118
fixed_random,0,results_adamw_lr0p001,results_adamw_lr0p001,small_cnn,adamw,10,128,20000,0.001,0.9,0.0005,cuda,False,False,1,15,15,0.08039127290248871
fixed_random,0,results_adamw_lr0p001,results_adamw_lr0p001,small_cnn,adamw,10,128,20000,0.001,0.9,0.0005,cuda,False,False,1,16,16,0.8515622019767761
fixed_random,0,results_adamw_lr0p001,results_adamw_lr0p001,small_cnn,adamw,10,128,20000,0.001,0.9,0.0005,cuda,False,False,1,17,17,0.28759098052978516
fixed_random,0,results_adamw_lr0p001,results_adamw_lr0p001,small_cnn,adamw,10,128,20000,0.001,0.9,0.0005,cuda,False,False,1,18,18,-0.022115260362625122
fixed_random,0,results_adamw_lr0p001,results_adamw_lr0p001,small_cnn,adamw,10,128,20000,0.001,0.9,0.0005,cuda,False,False,1,19,19,0.18186435103416443
fixed_random,0,results_adamw_lr0p001,results_adamw_lr0p001,small_cnn,adamw,10,128,20000,0.001,0.9,0.0005,cuda,False,False,1,20,20,0.603283166885376
fixed_random,0,results_adamw_lr0p001,results_adamw_lr0p001,small_cnn,adamw,10,128,20000,0.001,0.9,0.0005,cuda,False,False,1,21,21,0.726972758769989
fixed_random,0,results_adamw_lr0p001,results_adamw_lr0p001,small_cnn,adamw,10,128,20000,0.001,0.9,0.0005,cuda,False,False,1,22,22,-0.13444721698760986
fixed_random,0,results_adamw_lr0p001,results_adamw_lr0p001,small_cnn,adamw,10,128,20000,0.001,0.9,0.0005,cuda,False,False,1,23,23,0.8061821460723877
fixed_random,0,results_adamw_lr0p001,results_adamw_lr0p001,small_cnn,adamw,10,128,20000,0.001,0.9,0.0005,cuda,False,False,1,24,24,0.3234713673591614
fixed_random,0,results_adamw_lr0p001,results_adamw_lr0p001,small_cnn,adamw,10,128,20000,0.001,0.9,0.0005,cuda,False,False,1,25,25,0.585746705532074
fixed_random,0,results_adamw_lr0p001,results_adamw_lr0p001,small_cnn,adamw,10,128,20000,0.001,0.9,0.0005,cuda,False,False,1,26,26,0.8851202726364136
fixed_random,0,results_adamw_lr0p001,results_adamw_lr0p001,small_cnn,adamw,10,128,20000,0.001,0.9,0.0005,cuda,False,False,1,27,27,-0.08242332190275192
fixed_random,0,results_adamw_lr0p001,results_adamw_lr0p001,small_cnn,adamw,10,128,20000,0.001,0.9,0.0005,cuda,False,False,1,28,28,0.47815197706222534
fixed_random,0,results_adamw_lr0p001,results_adamw_lr0p001,small_cnn,adamw,10,128,20000,0.001,0.9,0.0005,cuda,False,False,1,29,29,0.13843107223510742
fixed_random,0,results_adamw_lr0p001,results_adamw_lr0p001,small_cnn,adamw,10,128,20000,0.001,0.9,0.0005,cuda,False,False,1,30,30,0.5436146259307861
fixed_random,0,results_adamw_lr0p001,results_adamw_lr0p001,small_cnn,adamw,10,128,20000,0.001,0.9,0.0005,cuda,False,False,1,31,31,0.5786909461021423
fixed_random,0,results_adamw_lr0p001,results_adamw_lr0p001,small_cnn,adamw,10,128,20000,0.001,0.9,0.0005,cuda,False,False,1,32,32,-0.10520896315574646
fixed_random,0,results_adamw_lr0p001,results_adamw_lr0p001,small_cnn,adamw,10,128,20000,0.001,0.9,0.0005,cuda,False,False,1,33,33,-0.03793450444936752
fixed_random,0,results_adamw_lr0p001,results_adamw_lr0p001,small_cnn,adamw,10,128,20000,0.001,0.9,0.0005,cuda,False,False,1,34,34,0.6672934293746948
fixed_random,0,results_adamw_lr0p001,results_adamw_lr0p001,small_cnn,adamw,10,128,20000,0.001,0.9,0.0005,cuda,False,False,1,35,35,-0.08854924887418747
fixed_random,0,results_adamw_lr0p001,results_adamw_lr0p001,small_cnn,adamw,10,128,20000,0.001,0.9,0.0005,cuda,False,False,1,36,36,-0.43111109733581543
fixed_random,0,results_adamw_lr0p001,results_adamw_lr0p001,small_cnn,adamw,10,128,20000,0.001,0.9,0.0005,cuda,False,False,1,37,37,0.7212733030319214
fixed_random,0,results_adamw_lr0p001,results_adamw_lr0p001,small_cnn,adamw,10,128,20000,0.001,0.9,0.0005,cuda,False,False,1,38,38,0.5345560312271118
fixed_random,0,results_adamw_lr0p001,results_adamw_lr0p001,small_cnn,adamw,10,128,20000,0.001,0.9,0.0005,cuda,False,False,1,39,39,-0.28167760372161865
fixed_random,0,results_adamw_lr0p001,results_adamw_lr0p001,small_cnn,adamw,10,128,20000,0.001,0.9,0.0005,cuda,False,False,1,40,40,0.6816750764846802
fixed_random,0,results_adamw_lr0p001,results_adamw_lr0p001,small_cnn,adamw,10,128,20000,0.001,0.9,0.0005,cuda,False,False,1,41,41,-0.11513681709766388
fixed_random,0,results_adamw_lr0p001,results_adamw_lr0p001,small_cnn,adamw,10,128,20000,0.001,0.9,0.0005,cuda,False,False,1,42,42,0.3670650124549866
fixed_random,0,results_adamw_lr0p001,results_adamw_lr0p001,small_cnn,adamw,10,128,20000,0.001,0.9,0.0005,cuda,False,False,1,43,43,0.37844276428222656
fixed_random,0,results_adamw_lr0p001,results_adamw_lr0p001,small_cnn,adamw,10,128,20000,0.001,0.9,0.0005,cuda,False,False,1,44,44,0.7625951766967773
fixed_random,0,results_adamw_lr0p001,results_adamw_lr0p001,small_cnn,adamw,10,128,20000,0.001,0.9,0.0005,cuda,False,False,1,45,45,0.5666728019714355
fixed_random,0,results_adamw_lr0p001,results_adamw_lr0p001,small_cnn,adamw,10,128,20000,0.001,0.9,0.0005,cuda,False,False,1,46,46,0.35143861174583435
fixed_random,0,results_adamw_lr0p001,results_adamw_lr0p001,small_cnn,adamw,10,128,20000,0.001,0.9,0.0005,cuda,False,False,1,47,47,0.5736678838729858
fixed_random,0,results_adamw_lr0p001,results_adamw_lr0p001,small_cnn,adamw,10,128,20000,0.001,0.9,0.0005,cuda,False,False,1,48,48,-0.17971573770046234
fixed_random,0,results_adamw_lr0p001,results_adamw_lr0p001,small_cnn,adamw,10,128,20000,0.001,0.9,0.0005,cuda,False,False,1,49,49,0.22433972358703613
fixed_random,0,results_adamw_lr0p001,results_adamw_lr0p001,small_cnn,adamw,10,128,20000,0.001,0.9,0.0005,cuda,False,False,1,50,50,0.8123832941055298
fixed_random,0,results_adamw_lr0p001,results_adamw_lr0p001,small_cnn,adamw,10,128,20000,0.001,0.9,0.0005,cuda,False,False,1,51,51,0.8423494100570679
fixed_random,0,results_adamw_lr0p001,results_adamw_lr0p001,small_cnn,adamw,10,128,20000,0.001,0.9,0.0005,cuda,False,False,1,52,52,0.38505077362060547
fixed_random,0,results_adamw_lr0p001,results_adamw_lr0p001,small_cnn,adamw,10,128,20000,0.001,0.9,0.0005,cuda,False,False,1,53,53,-0.0033009331673383713
fixed_random,0,results_adamw_lr0p001,results_adamw_lr0p001,small_cnn,adamw,10,128,20000,0.001,0.9,0.0005,cuda,False,False,1,54,54,0.5728719234466553
fixed_random,0,results_adamw_lr0p001,results_adamw_lr0p001,small_cnn,adamw,10,128,20000,0.001,0.9,0.0005,cuda,False,False,1,55,55,0.7523902654647827
fixed_random,0,results_adamw_lr0p001,results_adamw_lr0p001,small_cnn,adamw,10,128,20000,0.001,0.9,0.0005,cuda,False,False,1,56,56,0.6857919096946716
fixed_random,0,results_adamw_lr0p001,results_adamw_lr0p001,small_cnn,adamw,10,128,20000,0.001,0.9,0.0005,cuda,False,False,1,57,57,-0.035045068711042404
fixed_random,0,results_adamw_lr0p001,results_adamw_lr0p001,small_cnn,adamw,10,128,20000,0.001,0.9,0.0005,cuda,False,False,1,58,58,0.6443657279014587
fixed_random,0,results_adamw_lr0p001,results_adamw_lr0p001,small_cnn,adamw,10,128,20000,0.001,0.9,0.0005,cuda,False,False,1,59,59,0.27462276816368103
fixed_random,0,results_adamw_lr0p001,results_adamw_lr0p001,small_cnn,adamw,10,128,20000,0.001,0.9,0.0005,cuda,False,False,1,60,60,0.2897680997848511
fixed_random,0,results_adamw_lr0p001,results_adamw_lr0p001,small_cnn,adamw,10,128,20000,0.001,0.9,0.0005,cuda,False,False,1,61,61,0.7560760974884033
fixed_random,0,results_adamw_lr0p001,results_adamw_lr0p001,small_cnn,adamw,10,128,20000,0.001,0.9,0.0005,cuda,False,False,1,62,62,0.44682401418685913
fixed_random,0,results_adamw_lr0p001,results_adamw_lr0p001,small_cnn,adamw,10,128,20000,0.001,0.9,0.0005,cuda,False,False,1,63,63,0.6505414247512817
fixed_random,0,results_adamw_lr0p001,results_adamw_lr0p001,small_cnn,adamw,10,128,20000,0.001,0.9,0.0005,cuda,False,False,1,64,64,-0.38086026906967163
fixed_random,0,results_adamw_lr0p001,results_adamw_lr0p001,small_cnn,adamw,10,128,20000,0.001,0.9,0.0005,cuda,False,False,1,65,65,0.6970769762992859
fixed_random,0,results_adamw_lr0p001,results_adamw_lr0p001,small_cnn,adamw,10,128,20000,0.001,0.9,0.0005,cuda,False,False,1,66,66,0.9248656034469604
fixed_random,0,results_adamw_lr0p001,results_adamw_lr0p001,small_cnn,adamw,10,128,20000,0.001,0.9,0.0005,cuda,False,False,1,67,67,0.9198821783065796
fixed_random,0,results_adamw_lr0p001,results_adamw_lr0p001,small_cnn,adamw,10,128,20000,0.001,0.9,0.0005,cuda,False,False,1,68,68,0.3458962142467499
fixed_random,0,results_adamw_lr0p001,results_adamw_lr0p001,small_cnn,adamw,10,128,20000,0.001,0.9,0.0005,cuda,False,False,1,69,69,-0.11110323667526245
fixed_random,0,results_adamw_lr0p001,results_adamw_lr0p001,small_cnn,adamw,10,128,20000,0.001,0.9,0.0005,cuda,False,False,1,70,70,0.3614726662635803
fixed_random,0,results_adamw_lr0p001,results_adamw_lr0p001,small_cnn,adamw,10,128,20000,0.001,0.9,0.0005,cuda,False,False,1,71,71,0.6604373455047607
fixed_random,0,results_adamw_lr0p001,results_adamw_lr0p001,small_cnn,adamw,10,128,20000,0.001,0.9,0.0005,cuda,False,False,1,72,72,0.5415161848068237
fixed_random,0,results_adamw_lr0p001,results_adamw_lr0p001,small_cnn,adamw,10,128,20000,0.001,0.9,0.0005,cuda,False,False,1,73,73,0.6907761096954346
fixed_random,0,results_adamw_lr0p001,results_adamw_lr0p001,small_cnn,adamw,10,128,20000,0.001,0.9,0.0005,cuda,False,False,1,74,74,0.5958043336868286
fixed_random,0,results_adamw_lr0p001,results_adamw_lr0p001,small_cnn,adamw,10,128,20000,0.001,0.9,0.0005,cuda,False,False,1,75,75,0.4971114993095398
fixed_random,0,results_adamw_lr0p001,results_adamw_lr0p001,small_cnn,adamw,10,128,20000,0.001,0.9,0.0005,cuda,False,False,1,76,76,0.6849915981292725
fixed_random,0,results_adamw_lr0p001,results_adamw_lr0p001,small_cnn,adamw,10,128,20000,0.001,0.9,0.0005,cuda,False,False,1,77,77,0.5058080554008484
fixed_random,0,results_adamw_lr0p001,results_adamw_lr0p001,small_cnn,adamw,10,128,20000,0.001,0.9,0.0005,cuda,False,False,1,78,78,0.561393141746521
fixed_random,0,results_adamw_lr0p001,results_adamw_lr0p001,small_cnn,adamw,10,128,20000,0.001,0.9,0.0005,cuda,False,False,1,79,79,0.8473272323608398
fixed_random,0,results_adamw_lr0p001,results_adamw_lr0p001,small_cnn,adamw,10,128,20000,0.001,0.9,0.0005,cuda,False,False,1,80,80,0.773240327835083
fixed_random,0,results_adamw_lr0p001,results_adamw_lr0p001,small_cnn,adamw,10,128,20000,0.001,0.9,0.0005,cuda,False,False,1,81,81,0.38561737537384033
fixed_random,0,results_adamw_lr0p001,results_adamw_lr0p001,small_cnn,adamw,10,128,20000,0.001,0.9,0.0005,cuda,False,False,1,82,82,0.054423216730356216
fixed_random,0,results_adamw_lr0p001,results_adamw_lr0p001,small_cnn,adamw,10,128,20000,0.001,0.9,0.0005,cuda,False,False,1,83,83,0.4632260501384735
fixed_random,0,results_adamw_lr0p001,results_adamw_lr0p001,small_cnn,adamw,10,128,20000,0.001,0.9,0.0005,cuda,False,False,1,84,84,0.2797594666481018
fixed_random,0,results_adamw_lr0p001,results_adamw_lr0p001,small_cnn,adamw,10,128,20000,0.001,0.9,0.0005,cuda,False,False,1,85,85,0.043981362134218216
fixed_random,0,results_adamw_lr0p001,results_adamw_lr0p001,small_cnn,adamw,10,128,20000,0.001,0.9,0.0005,cuda,False,False,1,86,86,0.15876510739326477
fixed_random,0,results_adamw_lr0p001,results_adamw_lr0p001,small_cnn,adamw,10,128,20000,0.001,0.9,0.0005,cuda,False,False,1,87,87,0.7903379201889038
fixed_random,0,results_adamw_lr0p001,results_adamw_lr0p001,small_cnn,adamw,10,128,20000,0.001,0.9,0.0005,cuda,False,False,1,88,88,0.8393462896347046
fixed_random,0,results_adamw_lr0p001,results_adamw_lr0p001,small_cnn,adamw,10,128,20000,0.001,0.9,0.0005,cuda,False,False,1,89,89,0.27716711163520813
fixed_random,0,results_adamw_lr0p001,results_adamw_lr0p001,small_cnn,adamw,10,128,20000,0.001,0.9,0.0005,cuda,False,False,1,90,90,0.0496290884912014
fixed_random,0,results_adamw_lr0p001,results_adamw_lr0p001,small_cnn,adamw,10,128,20000,0.001,0.9,0.0005,cuda,False,False,1,91,91,0.6426369547843933
fixed_random,0,results_adamw_lr0p001,results_adamw_lr0p001,small_cnn,adamw,10,128,20000,0.001,0.9,0.0005,cuda,False,False,1,92,92,-0.46458685398101807
fixed_random,0,results_adamw_lr0p001,results_adamw_lr0p001,small_cnn,adamw,10,128,20000,0.001,0.9,0.0005,cuda,False,False,1,93,93,0.6965197324752808
fixed_random,0,results_adamw_lr0p001,results_adamw_lr0p001,small_cnn,adamw,10,128,20000,0.001,0.9,0.0005,cuda,False,False,1,94,94,0.34176871180534363
fixed_random,0,results_adamw_lr0p001,results_adamw_lr0p001,small_cnn,adamw,10,128,20000,0.001,0.9,0.0005,cuda,False,False,1,95,95,-0.11021726578474045
fixed_random,0,results_adamw_lr0p001,results_adamw_lr0p001,small_cnn,adamw,10,128,20000,0.001,0.9,0.0005,cuda,False,False,1,96,96,-0.32080090045928955
fixed_random,0,results_adamw_lr0p001,results_adamw_lr0p001,small_cnn,adamw,10,128,20000,0.001,0.9,0.0005,cuda,False,False,1,97,97,-0.22384846210479736
fixed_random,0,results_adamw_lr0p001,results_adamw_lr0p001,small_cnn,adamw,10,128,20000,0.001,0.9,0.0005,cuda,False,False,1,98,98,-0.6403185725212097
fixed_random,0,results_adamw_lr0p001,results_adamw_lr0p001,small_cnn,adamw,10,128,20000,0.001,0.9,0.0005,cuda,False,False,1,99,99,0.14188030362129211
fixed_random,0,results_adamw_lr0p001,results_adamw_lr0p001,small_cnn,adamw,10,128,20000,0.001,0.9,0.0005,cuda,False,False,1,100,100,-0.002165701240301132
fixed_random,0,results_adamw_lr0p001,results_adamw_lr0p001,small_cnn,adamw,10,128,20000,0.001,0.9,0.0005,cuda,False,False,1,101,101,0.46368932723999023
fixed_random,0,results_adamw_lr0p001,results_adamw_lr0p001,small_cnn,adamw,10,128,20000,0.001,0.9,0.0005,cuda,False,False,1,102,102,-0.18021371960639954
fixed_random,0,results_adamw_lr0p001,results_adamw_lr0p001,small_cnn,adamw,10,128,20000,0.001,0.9,0.0005,cuda,False,False,1,103,103,0.647148847579956
fixed_random,0,results_adamw_lr0p001,results_adamw_lr0p001,small_cnn,adamw,10,128,20000,0.001,0.9,0.0005,cuda,False,False,1,104,104,0.6082731485366821
fixed_random,0,results_adamw_lr0p001,results_adamw_lr0p001,small_cnn,adamw,10,128,20000,0.001,0.9,0.0005,cuda,False,False,1,105,105,0.06256764382123947
fixed_random,0,results_adamw_lr0p001,results_adamw_lr0p001,small_cnn,adamw,10,128,20000,0.001,0.9,0.0005,cuda,False,False,1,106,106,0.8638843894004822
fixed_random,0,results_adamw_lr0p001,results_adamw_lr0p001,small_cnn,adamw,10,128,20000,0.001,0.9,0.0005,cuda,False,False,1,107,107,0.4058079123497009
fixed_random,0,results_adamw_lr0p001,results_adamw_lr0p001,small_cnn,adamw,10,128,20000,0.001,0.9,0.0005,cuda,False,False,1,108,108,0.6505905985832214
fixed_random,0,results_adamw_lr0p001,results_adamw_lr0p001,small_cnn,adamw,10,128,20000,0.001,0.9,0.0005,cuda,False,False,1,109,109,0.37552204728126526
fixed_random,0,results_adamw_lr0p001,results_adamw_lr0p001,small_cnn,adamw,10,128,20000,0.001,0.9,0.0005,cuda,False,False,1,110,110,-0.26469889283180237
fixed_random,0,results_adamw_lr0p001,results_adamw_lr0p001,small_cnn,adamw,10,128,20000,0.001,0.9,0.0005,cuda,False,False,1,111,111,0.034447554498910904
fixed_random,0,results_adamw_lr0p001,results_adamw_lr0p001,small_cnn,adamw,10,128,20000,0.001,0.9,0.0005,cuda,False,False,1,112,112,0.49002552032470703
fixed_random,0,results_adamw_lr0p001,results_adamw_lr0p001,small_cnn,adamw,10,128,20000,0.001,0.9,0.0005,cuda,False,False,1,113,113,0.4098142683506012
fixed_random,0,results_adamw_lr0p001,results_adamw_lr0p001,small_cnn,adamw,10,128,20000,0.001,0.9,0.0005,cuda,False,False,1,114,114,0.4872848391532898
fixed_random,0,results_adamw_lr0p001,results_adamw_lr0p001,small_cnn,adamw,10,128,20000,0.001,0.9,0.0005,cuda,False,False,1,115,115,0.7983688116073608
fixed_random,0,results_adamw_lr0p001,results_adamw_lr0p001,small_cnn,adamw,10,128,20000,0.001,0.9,0.0005,cuda,False,False,1,116,116,0.13176149129867554
fixed_random,0,results_adamw_lr0p001,results_adamw_lr0p001,small_cnn,adamw,10,128,20000,0.001,0.9,0.0005,cuda,False,False,1,117,117,0.2962844967842102
fixed_random,0,results_adamw_lr0p001,results_adamw_lr0p001,small_cnn,adamw,10,128,20000,0.001,0.9,0.0005,cuda,False,False,1,118,118,-0.2653811573982239
fixed_random,0,results_adamw_lr0p001,results_adamw_lr0p001,small_cnn,adamw,10,128,20000,0.001,0.9,0.0005,cuda,False,False,1,119,119,-0.0022215975914150476
fixed_random,0,results_adamw_lr0p001,results_adamw_lr0p001,small_cnn,adamw,10,128,20000,0.001,0.9,0.0005,cuda,False,False,1,120,120,0.31510621309280396
fixed_random,0,results_adamw_lr0p001,results_adamw_lr0p001,small_cnn,adamw,10,128,20000,0.001,0.9,0.0005,cuda,False,False,1,121,121,0.5141125917434692
fixed_random,0,results_adamw_lr0p001,results_adamw_lr0p001,small_cnn,adamw,10,128,20000,0.001,0.9,0.0005,cuda,False,False,1,122,122,0.7461867332458496
fixed_random,0,results_adamw_lr0p001,results_adamw_lr0p001,small_cnn,adamw,10,128,20000,0.001,0.9,0.0005,cuda,False,False,1,123,123,0.7440110445022583
fixed_random,0,results_adamw_lr0p001,results_adamw_lr0p001,small_cnn,adamw,10,128,20000,0.001,0.9,0.0005,cuda,False,False,1,124,124,-0.37077614665031433
fixed_random,0,results_adamw_lr0p001,results_adamw_lr0p001,small_cnn,adamw,10,128,20000,0.001,0.9,0.0005,cuda,False,False,1,125,125,0.4141278862953186
fixed_random,0,results_adamw_lr0p001,results_adamw_lr0p001,small_cnn,adamw,10,128,20000,0.001,0.9,0.0005,cuda,False,False,1,126,126,0.6353144645690918
fixed_random,0,results_adamw_lr0p001,results_adamw_lr0p001,small_cnn,adamw,10,128,20000,0.001,0.9,0.0005,cuda,False,False,1,127,127,0.46801677346229553
fixed_random,0,results_adamw_lr0p001,results_adamw_lr0p001,small_cnn,adamw,10,128,20000,0.001,0.9,0.0005,cuda,False,False,1,128,128,0.19339659810066223
fixed_random,0,results_adamw_lr0p001,results_adamw_lr0p001,small_cnn,adamw,10,128,20000,0.001,0.9,0.0005,cuda,False,False,1,129,129,0.751808226108551
fixed_random,0,results_adamw_lr0p001,results_adamw_lr0p001,small_cnn,adamw,10,128,20000,0.001,0.9,0.0005,cuda,False,False,1,130,130,0.7367976903915405
fixed_random,0,results_adamw_lr0p001,results_adamw_lr0p001,small_cnn,adamw,10,128,20000,0.001,0.9,0.0005,cuda,False,False,1,131,131,0.19439145922660828
fixed_random,0,results_adamw_lr0p001,results_adamw_lr0p001,small_cnn,adamw,10,128,20000,0.001,0.9,0.0005,cuda,False,False,1,132,132,0.4608311653137207
fixed_random,0,results_adamw_lr0p001,results_adamw_lr0p001,small_cnn,adamw,10,128,20000,0.001,0.9,0.0005,cuda,False,False,1,133,133,0.8255671262741089
fixed_random,0,results_adamw_lr0p001,results_adamw_lr0p001,small_cnn,adamw,10,128,20000,0.001,0.9,0.0005,cuda,False,False,1,134,134,0.6589995622634888
fixed_random,0,results_adamw_lr0p001,results_adamw_lr0p001,small_cnn,adamw,10,128,20000,0.001,0.9,0.0005,cuda,False,False,1,135,135,-0.3085078001022339
fixed_random,0,results_adamw_lr0p001,results_adamw_lr0p001,small_cnn,adamw,10,128,20000,0.001,0.9,0.0005,cuda,False,False,1,136,136,0.8526511192321777
fixed_random,0,results_adamw_lr0p001,results_adamw_lr0p001,small_cnn,adamw,10,128,20000,0.001,0.9,0.0005,cuda,False,False,1,137,137,0.850688099861145
fixed_random,0,results_adamw_lr0p001,results_adamw_lr0p001,small_cnn,adamw,10,128,20000,0.001,0.9,0.0005,cuda,False,False,1,138,138,0.1899184286594391
fixed_random,0,results_adamw_lr0p001,results_adamw_lr0p001,small_cnn,adamw,10,128,20000,0.001,0.9,0.0005,cuda,False,False,1,139,139,0.23982861638069153
fixed_random,0,results_adamw_lr0p001,results_adamw_lr0p001,small_cnn,adamw,10,128,20000,0.001,0.9,0.0005,cuda,False,False,1,140,140,0.21577146649360657
fixed_random,0,results_adamw_lr0p001,results_adamw_lr0p001,small_cnn,adamw,10,128,20000,0.001,0.9,0.0005,cuda,False,False,1,141,141,0.052438683807849884
fixed_random,0,results_adamw_lr0p001,results_adamw_lr0p001,small_cnn,adamw,10,128,20000,0.001,0.9,0.0005,cuda,False,False,1,142,142,0.8029683828353882
fixed_random,0,results_adamw_lr0p001,results_adamw_lr0p001,small_cnn,adamw,10,128,20000,0.001,0.9,0.0005,cuda,False,False,1,143,143,-0.057201191782951355
fixed_random,0,results_adamw_lr0p001,results_adamw_lr0p001,small_cnn,adamw,10,128,20000,0.001,0.9,0.0005,cuda,False,False,1,144,144,-0.1743273138999939
fixed_random,0,results_adamw_lr0p001,results_adamw_lr0p001,small_cnn,adamw,10,128,20000,0.001,0.9,0.0005,cuda,False,False,1,145,145,0.10757092386484146
fixed_random,0,results_adamw_lr0p001,results_adamw_lr0p001,small_cnn,adamw,10,128,20000,0.001,0.9,0.0005,cuda,False,False,1,146,146,0.2702753245830536
fixed_random,0,results_adamw_lr0p001,results_adamw_lr0p001,small_cnn,adamw,10,128,20000,0.001,0.9,0.0005,cuda,False,False,1,147,147,0.36040759086608887
fixed_random,0,results_adamw_lr0p001,results_adamw_lr0p001,small_cnn,adamw,10,128,20000,0.001,0.9,0.0005,cuda,False,False,1,148,148,0.7327409386634827
fixed_random,0,results_adamw_lr0p001,results_adamw_lr0p001,small_cnn,adamw,10,128,20000,0.001,0.9,0.0005,cuda,False,False,1,149,149,0.35933056473731995
fixed_random,0,results_adamw_lr0p001,results_adamw_lr0p001,small_cnn,adamw,10,128,20000,0.001,0.9,0.0005,cuda,False,False,1,150,150,0.3400145471096039
fixed_random,0,results_adamw_lr0p001,results_adamw_lr0p001,small_cnn,adamw,10,128,20000,0.001,0.9,0.0005,cuda,False,False,1,151,151,0.47642073035240173
fixed_random,0,results_adamw_lr0p001,results_adamw_lr0p001,small_cnn,adamw,10,128,20000,0.001,0.9,0.0005,cuda,False,False,1,152,152,-0.0825006440281868
fixed_random,0,results_adamw_lr0p001,results_adamw_lr0p001,small_cnn,adamw,10,128,20000,0.001,0.9,0.0005,cuda,False,False,1,153,153,0.36423739790916443
fixed_random,0,results_adamw_lr0p001,results_adamw_lr0p001,small_cnn,adamw,10,128,20000,0.001,0.9,0.0005,cuda,False,False,1,154,154,0.6880382299423218
fixed_random,0,results_adamw_lr0p001,results_adamw_lr0p001,small_cnn,adamw,10,128,20000,0.001,0.9,0.0005,cuda,False,False,1,155,155,0.44266241788864136
fixed_random,0,results_adamw_lr0p001,results_adamw_lr0p001,small_cnn,adamw,10,128,20000,0.001,0.9,0.0005,cuda,False,False,1,156,156,0.390707790851593
fixed_random,0,results_adamw_lr0p001,results_adamw_lr0p001,small_cnn,adamw,10,128,20000,0.001,0.9,0.0005,cuda,False,False,1,157,157,0.030886532738804817
fixed_random,0,results_adamw_lr0p001,results_adamw_lr0p001,small_cnn,adamw,10,128,20000,0.001,0.9,0.0005,cuda,False,False,2,1,158,-0.1798948049545288
fixed_random,0,results_adamw_lr0p001,results_adamw_lr0p001,small_cnn,adamw,10,128,20000,0.001,0.9,0.0005,cuda,False,False,2,2,159,0.40551283955574036
fixed_random,0,results_adamw_lr0p001,results_adamw_lr0p001,small_cnn,adamw,10,128,20000,0.001,0.9,0.0005,cuda,False,False,2,3,160,-0.21200144290924072
fixed_random,0,results_adamw_lr0p001,results_adamw_lr0p001,small_cnn,adamw,10,128,20000,0.001,0.9,0.0005,cuda,False,False,2,4,161,-0.0545089915394783
fixed_random,0,results_adamw_lr0p001,results_adamw_lr0p001,small_cnn,adamw,10,128,20000,0.001,0.9,0.0005,cuda,False,False,2,5,162,0.6032008528709412
fixed_random,0,results_adamw_lr0p001,results_adamw_lr0p001,small_cnn,adamw,10,128,20000,0.001,0.9,0.0005,cuda,False,False,2,6,163,-0.06272297352552414
fixed_random,0,results_adamw_lr0p001,results_adamw_lr0p001,small_cnn,adamw,10,128,20000,0.001,0.9,0.0005,cuda,False,False,2,7,164,0.3251400887966156
fixed_random,0,results_adamw_lr0p001,results_adamw_lr0p001,small_cnn,adamw,10,128,20000,0.001,0.9,0.0005,cuda,False,False,2,8,165,0.3982989490032196
fixed_random,0,results_adamw_lr0p001,results_adamw_lr0p001,small_cnn,adamw,10,128,20000,0.001,0.9,0.0005,cuda,False,False,2,9,166,0.38639333844184875
fixed_random,0,results_adamw_lr0p001,results_adamw_lr0p001,small_cnn,adamw,10,128,20000,0.001,0.9,0.0005,cuda,False,False,2,10,167,-0.40230774879455566
fixed_random,0,results_adamw_lr0p001,results_adamw_lr0p001,small_cnn,adamw,10,128,20000,0.001,0.9,0.0005,cuda,False,False,2,11,168,-0.06376515328884125
fixed_random,0,results_adamw_lr0p001,results_adamw_lr0p001,small_cnn,adamw,10,128,20000,0.001,0.9,0.0005,cuda,False,False,2,12,169,0.4497317671775818
fixed_random,0,results_adamw_lr0p001,results_adamw_lr0p001,small_cnn,adamw,10,128,20000,0.001,0.9,0.0005,cuda,False,False,2,13,170,-0.19468778371810913
fixed_random,0,results_adamw_lr0p001,results_adamw_lr0p001,small_cnn,adamw,10,128,20000,0.001,0.9,0.0005,cuda,False,False,2,14,171,0.5859155654907227
fixed_random,0,results_adamw_lr0p001,results_adamw_lr0p001,small_cnn,adamw,10,128,20000,0.001,0.9,0.0005,cuda,False,False,2,15,172,-0.07938589155673981
fixed_random,0,results_adamw_lr0p001,results_adamw_lr0p001,small_cnn,adamw,10,128,20000,0.001,0.9,0.0005,cuda,False,False,2,16,173,-0.22166062891483307
fixed_random,0,results_adamw_lr0p001,results_adamw_lr0p001,small_cnn,adamw,10,128,20000,0.001,0.9,0.0005,cuda,False,False,2,17,174,-0.2601843774318695
fixed_random,0,results_adamw_lr0p001,results_adamw_lr0p001,small_cnn,adamw,10,128,20000,0.001,0.9,0.0005,cuda,False,False,2,18,175,-0.17826470732688904
fixed_random,0,results_adamw_lr0p001,results_adamw_lr0p001,small_cnn,adamw,10,128,20000,0.001,0.9,0.0005,cuda,False,False,2,19,176,0.6813138723373413
fixed_random,0,results_adamw_lr0p001,results_adamw_lr0p001,small_cnn,adamw,10,128,20000,0.001,0.9,0.0005,cuda,False,False,2,20,177,0.4881060719490051
fixed_random,0,results_adamw_lr0p001,results_adamw_lr0p001,small_cnn,adamw,10,128,20000,0.001,0.9,0.0005,cuda,False,False,2,21,178,0.5219272971153259
fixed_random,0,results_adamw_lr0p001,results_adamw_lr0p001,small_cnn,adamw,10,128,20000,0.001,0.9,0.0005,cuda,False,False,2,22,179,-0.4160168766975403
fixed_random,0,results_adamw_lr0p001,results_adamw_lr0p001,small_cnn,adamw,10,128,20000,0.001,0.9,0.0005,cuda,False,False,2,23,180,0.8653622269630432
fixed_random,0,results_adamw_lr0p001,results_adamw_lr0p001,small_cnn,adamw,10,128,20000,0.001,0.9,0.0005,cuda,False,False,2,24,181,0.6019759774208069
fixed_random,0,results_adamw_lr0p001,results_adamw_lr0p001,small_cnn,adamw,10,128,20000,0.001,0.9,0.0005,cuda,False,False,2,25,182,0.46991264820098877
fixed_random,0,results_adamw_lr0p001,results_adamw_lr0p001,small_cnn,adamw,10,128,20000,0.001,0.9,0.0005,cuda,False,False,2,26,183,0.4326504170894623
fixed_random,0,results_adamw_lr0p001,results_adamw_lr0p001,small_cnn,adamw,10,128,20000,0.001,0.9,0.0005,cuda,False,False,2,27,184,-0.2003098875284195
fixed_random,0,results_adamw_lr0p001,results_adamw_lr0p001,small_cnn,adamw,10,128,20000,0.001,0.9,0.0005,cuda,False,False,2,28,185,-0.19903934001922607
fixed_random,0,results_adamw_lr0p001,results_adamw_lr0p001,small_cnn,adamw,10,128,20000,0.001,0.9,0.0005,cuda,False,False,2,29,186,0.5045790076255798
fixed_random,0,results_adamw_lr0p001,results_adamw_lr0p001,small_cnn,adamw,10,128,20000,0.001,0.9,0.0005,cuda,False,False,2,30,187,0.6390169858932495
fixed_random,0,results_adamw_lr0p001,results_adamw_lr0p001,small_cnn,adamw,10,128,20000,0.001,0.9,0.0005,cuda,False,False,2,31,188,-0.2764529883861542
fixed_random,0,results_adamw_lr0p001,results_adamw_lr0p001,small_cnn,adamw,10,128,20000,0.001,0.9,0.0005,cuda,False,False,2,32,189,0.33592507243156433
fixed_random,0,results_adamw_lr0p001,results_adamw_lr0p001,small_cnn,adamw,10,128,20000,0.001,0.9,0.0005,cuda,False,False,2,33,190,0.1507352888584137
fixed_random,0,results_adamw_lr0p001,results_adamw_lr0p001,small_cnn,adamw,10,128,20000,0.001,0.9,0.0005,cuda,False,False,2,34,191,0.6690467596054077
fixed_random,0,results_adamw_lr0p001,results_adamw_lr0p001,small_cnn,adamw,10,128,20000,0.001,0.9,0.0005,cuda,False,False,2,35,192,0.23964709043502808
fixed_random,0,results_adamw_lr0p001,results_adamw_lr0p001,small_cnn,adamw,10,128,20000,0.001,0.9,0.0005,cuda,False,False,2,36,193,-0.7489985823631287
fixed_random,0,results_adamw_lr0p001,results_adamw_lr0p001,small_cnn,adamw,10,128,20000,0.001,0.9,0.0005,cuda,False,False,2,37,194,0.7536462545394897
fixed_random,0,results_adamw_lr0p001,results_adamw_lr0p001,small_cnn,adamw,10,128,20000,0.001,0.9,0.0005,cuda,False,False,2,38,195,0.7513415217399597
fixed_random,0,results_adamw_lr0p001,results_adamw_lr0p001,small_cnn,adamw,10,128,20000,0.001,0.9,0.0005,cuda,False,False,2,39,196,-0.2451096624135971
fixed_random,0,results_adamw_lr0p001,results_adamw_lr0p001,small_cnn,adamw,10,128,20000,0.001,0.9,0.0005,cuda,False,False,2,40,197,-0.2115963101387024
fixed_random,0,results_adamw_lr0p001,results_adamw_lr0p001,small_cnn,adamw,10,128,20000,0.001,0.9,0.0005,cuda,False,False,2,41,198,0.2305121272802353
fixed_random,0,results_adamw_lr0p001,results_adamw_lr0p001,small_cnn,adamw,10,128,20000,0.001,0.9,0.0005,cuda,False,False,2,42,199,0.3505290746688843
fixed_random,0,results_adamw_lr0p001,results_adamw_lr0p001,small_cnn,adamw,10,128,20000,0.001,0.9,0.0005,cuda,False,False,2,43,200,0.22131983935832977
fixed_random,0,results_adamw_lr0p001,results_adamw_lr0p001,small_cnn,adamw,10,128,20000,0.001,0.9,0.0005,cuda,False,False,2,44,201,0.2726992666721344
fixed_random,0,results_adamw_lr0p001,results_adamw_lr0p001,small_cnn,adamw,10,128,20000,0.001,0.9,0.0005,cuda,False,False,2,45,202,0.27167484164237976
fixed_random,0,results_adamw_lr0p001,results_adamw_lr0p001,small_cnn,adamw,10,128,20000,0.001,0.9,0.0005,cuda,False,False,2,46,203,0.23917941749095917
fixed_random,0,results_adamw_lr0p001,results_adamw_lr0p001,small_cnn,adamw,10,128,20000,0.001,0.9,0.0005,cuda,False,False,2,47,204,0.3530633747577667
fixed_random,0,results_adamw_lr0p001,results_adamw_lr0p001,small_cnn,adamw,10,128,20000,0.001,0.9,0.0005,cuda,False,False,2,48,205,0.5746995210647583
fixed_random,0,results_adamw_lr0p001,results_adamw_lr0p001,small_cnn,adamw,10,128,20000,0.001,0.9,0.0005,cuda,False,False,2,49,206,-0.1313771903514862
fixed_random,0,results_adamw_lr0p001,results_adamw_lr0p001,small_cnn,adamw,10,128,20000,0.001,0.9,0.0005,cuda,False,False,2,50,207,0.8114211559295654
fixed_random,0,results_adamw_lr0p001,results_adamw_lr0p001,small_cnn,adamw,10,128,20000,0.001,0.9,0.0005,cuda,False,False,2,51,208,0.8970152735710144
fixed_random,0,results_adamw_lr0p001,results_adamw_lr0p001,small_cnn,adamw,10,128,20000,0.001,0.9,0.0005,cuda,False,False,2,52,209,0.6414250731468201
fixed_random,0,results_adamw_lr0p001,results_adamw_lr0p001,small_cnn,adamw,10,128,20000,0.001,0.9,0.0005,cuda,False,False,2,53,210,0.16549982130527496
fixed_random,0,results_adamw_lr0p001,results_adamw_lr0p001,small_cnn,adamw,10,128,20000,0.001,0.9,0.0005,cuda,False,False,2,54,211,0.7087456583976746
fixed_random,0,results_adamw_lr0p001,results_adamw_lr0p001,small_cnn,adamw,10,128,20000,0.001,0.9,0.0005,cuda,False,False,2,55,212,0.7326492667198181
fixed_random,0,results_adamw_lr0p001,results_adamw_lr0p001,small_cnn,adamw,10,128,20000,0.001,0.9,0.0005,cuda,False,False,2,56,213,0.35796767473220825
fixed_random,0,results_adamw_lr0p001,results_adamw_lr0p001,small_cnn,adamw,10,128,20000,0.001,0.9,0.0005,cuda,False,False,2,57,214,0.42465105652809143
fixed_random,0,results_adamw_lr0p001,results_adamw_lr0p001,small_cnn,adamw,10,128,20000,0.001,0.9,0.0005,cuda,False,False,2,58,215,0.7742719650268555
fixed_random,0,results_adamw_lr0p001,results_adamw_lr0p001,small_cnn,adamw,10,128,20000,0.001,0.9,0.0005,cuda,False,False,2,59,216,0.7835173606872559
fixed_random,0,results_adamw_lr0p001,results_adamw_lr0p001,small_cnn,adamw,10,128,20000,0.001,0.9,0.0005,cuda,False,False,2,60,217,0.3406604528427124
fixed_random,0,results_adamw_lr0p001,results_adamw_lr0p001,small_cnn,adamw,10,128,20000,0.001,0.9,0.0005,cuda,False,False,2,61,218,0.6408169865608215
fixed_random,0,results_adamw_lr0p001,results_adamw_lr0p001,small_cnn,adamw,10,128,20000,0.001,0.9,0.0005,cuda,False,False,2,62,219,0.4431075155735016
fixed_random,0,results_adamw_lr0p001,results_adamw_lr0p001,small_cnn,adamw,10,128,20000,0.001,0.9,0.0005,cuda,False,False,2,63,220,0.8593376874923706
fixed_random,0,results_adamw_lr0p001,results_adamw_lr0p001,small_cnn,adamw,10,128,20000,0.001,0.9,0.0005,cuda,False,False,2,64,221,0.3477526605129242
fixed_random,0,results_adamw_lr0p001,results_adamw_lr0p001,small_cnn,adamw,10,128,20000,0.001,0.9,0.0005,cuda,False,False,2,65,222,-0.05815354734659195
fixed_random,0,results_adamw_lr0p001,results_adamw_lr0p001,small_cnn,adamw,10,128,20000,0.001,0.9,0.0005,cuda,False,False,2,66,223,0.687676727771759
fixed_random,0,results_adamw_lr0p001,results_adamw_lr0p001,small_cnn,adamw,10,128,20000,0.001,0.9,0.0005,cuda,False,False,2,67,224,0.8630524277687073
fixed_random,0,results_adamw_lr0p001,results_adamw_lr0p001,small_cnn,adamw,10,128,20000,0.001,0.9,0.0005,cuda,False,False,2,68,225,0.7021275162696838
fixed_random,0,results_adamw_lr0p001,results_adamw_lr0p001,small_cnn,adamw,10,128,20000,0.001,0.9,0.0005,cuda,False,False,2,69,226,0.27396270632743835
fixed_random,0,results_adamw_lr0p001,results_adamw_lr0p001,small_cnn,adamw,10,128,20000,0.001,0.9,0.0005,cuda,False,False,2,70,227,-0.0911308005452156
fixed_random,0,results_adamw_lr0p001,results_adamw_lr0p001,small_cnn,adamw,10,128,20000,0.001,0.9,0.0005,cuda,False,False,2,71,228,0.35086536407470703
fixed_random,0,results_adamw_lr0p001,results_adamw_lr0p001,small_cnn,adamw,10,128,20000,0.001,0.9,0.0005,cuda,False,False,2,72,229,0.6685090065002441
fixed_random,0,results_adamw_lr0p001,results_adamw_lr0p001,small_cnn,adamw,10,128,20000,0.001,0.9,0.0005,cuda,False,False,2,73,230,0.7728410959243774
fixed_random,0,results_adamw_lr0p001,results_adamw_lr0p001,small_cnn,adamw,10,128,20000,0.001,0.9,0.0005,cuda,False,False,2,74,231,0.8258054852485657
fixed_random,0,results_adamw_lr0p001,results_adamw_lr0p001,small_cnn,adamw,10,128,20000,0.001,0.9,0.0005,cuda,False,False,2,75,232,0.17861297726631165
fixed_random,0,results_adamw_lr0p001,results_adamw_lr0p001,small_cnn,adamw,10,128,20000,0.001,0.9,0.0005,cuda,False,False,2,76,233,0.4001680016517639
fixed_random,0,results_adamw_lr0p001,results_adamw_lr0p001,small_cnn,adamw,10,128,20000,0.001,0.9,0.0005,cuda,False,False,2,77,234,0.550128161907196
fixed_random,0,results_adamw_lr0p001,results_adamw_lr0p001,small_cnn,adamw,10,128,20000,0.001,0.9,0.0005,cuda,False,False,2,78,235,0.4913329780101776
fixed_random,0,results_adamw_lr0p001,results_adamw_lr0p001,small_cnn,adamw,10,128,20000,0.001,0.9,0.0005,cuda,False,False,2,79,236,0.8027327656745911
fixed_random,0,results_adamw_lr0p001,results_adamw_lr0p001,small_cnn,adamw,10,128,20000,0.001,0.9,0.0005,cuda,False,False,2,80,237,0.6290329098701477
fixed_random,0,results_adamw_lr0p001,results_adamw_lr0p001,small_cnn,adamw,10,128,20000,0.001,0.9,0.0005,cuda,False,False,2,81,238,0.4595191776752472
fixed_random,0,results_adamw_lr0p001,results_adamw_lr0p001,small_cnn,adamw,10,128,20000,0.001,0.9,0.0005,cuda,False,False,2,82,239,-0.3062634766101837
fixed_random,0,results_adamw_lr0p001,results_adamw_lr0p001,small_cnn,adamw,10,128,20000,0.001,0.9,0.0005,cuda,False,False,2,83,240,0.802193820476532
fixed_random,0,results_adamw_lr0p001,results_adamw_lr0p001,small_cnn,adamw,10,128,20000,0.001,0.9,0.0005,cuda,False,False,2,84,241,0.3531935214996338
fixed_random,0,results_adamw_lr0p001,results_adamw_lr0p001,small_cnn,adamw,10,128,20000,0.001,0.9,0.0005,cuda,False,False,2,85,242,0.22431737184524536
fixed_random,0,results_adamw_lr0p001,results_adamw_lr0p001,small_cnn,adamw,10,128,20000,0.001,0.9,0.0005,cuda,False,False,2,86,243,-0.43434596061706543
fixed_random,0,results_adamw_lr0p001,results_adamw_lr0p001,small_cnn,adamw,10,128,20000,0.001,0.9,0.0005,cuda,False,False,2,87,244,0.7590343952178955
fixed_random,0,results_adamw_lr0p001,results_adamw_lr0p001,small_cnn,adamw,10,128,20000,0.001,0.9,0.0005,cuda,False,False,2,88,245,0.829276442527771
fixed_random,0,results_adamw_lr0p001,results_adamw_lr0p001,small_cnn,adamw,10,128,20000,0.001,0.9,0.0005,cuda,False,False,2,89,246,0.31664979457855225
fixed_random,0,results_adamw_lr0p001,results_adamw_lr0p001,small_cnn,adamw,10,128,20000,0.001,0.9,0.0005,cuda,False,False,2,90,247,-0.20718839764595032
fixed_random,0,results_adamw_lr0p001,results_adamw_lr0p001,small_cnn,adamw,10,128,20000,0.001,0.9,0.0005,cuda,False,False,2,91,248,0.7082845568656921
fixed_random,0,results_adamw_lr0p001,results_adamw_lr0p001,small_cnn,adamw,10,128,20000,0.001,0.9,0.0005,cuda,False,False,2,92,249,-0.634921133518219
fixed_random,0,results_adamw_lr0p001,results_adamw_lr0p001,small_cnn,adamw,10,128,20000,0.001,0.9,0.0005,cuda,False,False,2,93,250,0.4006717801094055
fixed_random,0,results_adamw_lr0p001,results_adamw_lr0p001,small_cnn,adamw,10,128,20000,0.001,0.9,0.0005,cuda,False,False,2,94,251,0.5244317054748535
fixed_random,0,results_adamw_lr0p001,results_adamw_lr0p001,small_cnn,adamw,10,128,20000,0.001,0.9,0.0005,cuda,False,False,2,95,252,-0.058045294135808945
fixed_random,0,results_adamw_lr0p001,results_adamw_lr0p001,small_cnn,adamw,10,128,20000,0.001,0.9,0.0005,cuda,False,False,2,96,253,-0.21329426765441895
fixed_random,0,results_adamw_lr0p001,results_adamw_lr0p001,small_cnn,adamw,10,128,20000,0.001,0.9,0.0005,cuda,False,False,2,97,254,-0.35659435391426086
fixed_random,0,results_adamw_lr0p001,results_adamw_lr0p001,small_cnn,adamw,10,128,20000,0.001,0.9,0.0005,cuda,False,False,2,98,255,-0.7710241079330444
fixed_random,0,results_adamw_lr0p001,results_adamw_lr0p001,small_cnn,adamw,10,128,20000,0.001,0.9,0.0005,cuda,False,False,2,99,256,0.25305789709091187
fixed_random,0,results_adamw_lr0p001,results_adamw_lr0p001,small_cnn,adamw,10,128,20000,0.001,0.9,0.0005,cuda,False,False,2,100,257,0.16028733551502228
fixed_random,0,results_adamw_lr0p001,results_adamw_lr0p001,small_cnn,adamw,10,128,20000,0.001,0.9,0.0005,cuda,False,False,2,101,258,0.517693042755127
fixed_random,0,results_adamw_lr0p001,results_adamw_lr0p001,small_cnn,adamw,10,128,20000,0.001,0.9,0.0005,cuda,False,False,2,102,259,-0.36587631702423096
fixed_random,0,results_adamw_lr0p001,results_adamw_lr0p001,small_cnn,adamw,10,128,20000,0.001,0.9,0.0005,cuda,False,False,2,103,260,0.7209583520889282
fixed_random,0,results_adamw_lr0p001,results_adamw_lr0p001,small_cnn,adamw,10,128,20000,0.001,0.9,0.0005,cuda,False,False,2,104,261,0.6665260195732117
fixed_random,0,results_adamw_lr0p001,results_adamw_lr0p001,small_cnn,adamw,10,128,20000,0.001,0.9,0.0005,cuda,False,False,2,105,262,0.5328347086906433
fixed_random,0,results_adamw_lr0p001,results_adamw_lr0p001,small_cnn,adamw,10,128,20000,0.001,0.9,0.0005,cuda,False,False,2,106,263,0.6811686158180237
fixed_random,0,results_adamw_lr0p001,results_adamw_lr0p001,small_cnn,adamw,10,128,20000,0.001,0.9,0.0005,cuda,False,False,2,107,264,0.29923850297927856
fixed_random,0,results_adamw_lr0p001,results_adamw_lr0p001,small_cnn,adamw,10,128,20000,0.001,0.9,0.0005,cuda,False,False,2,108,265,0.7208096981048584
fixed_random,0,results_adamw_lr0p001,results_adamw_lr0p001,small_cnn,adamw,10,128,20000,0.001,0.9,0.0005,cuda,False,False,2,109,266,0.6407216191291809
fixed_random,0,results_adamw_lr0p001,results_adamw_lr0p001,small_cnn,adamw,10,128,20000,0.001,0.9,0.0005,cuda,False,False,2,110,267,0.08970411121845245
fixed_random,0,results_adamw_lr0p001,results_adamw_lr0p001,small_cnn,adamw,10,128,20000,0.001,0.9,0.0005,cuda,False,False,2,111,268,0.05451871454715729
fixed_random,0,results_adamw_lr0p001,results_adamw_lr0p001,small_cnn,adamw,10,128,20000,0.001,0.9,0.0005,cuda,False,False,2,112,269,0.45815128087997437
fixed_random,0,results_adamw_lr0p001,results_adamw_lr0p001,small_cnn,adamw,10,128,20000,0.001,0.9,0.0005,cuda,False,False,2,113,270,0.458968847990036
fixed_random,0,results_adamw_lr0p001,results_adamw_lr0p001,small_cnn,adamw,10,128,20000,0.001,0.9,0.0005,cuda,False,False,2,114,271,-0.06313995271921158
fixed_random,0,results_adamw_lr0p001,results_adamw_lr0p001,small_cnn,adamw,10,128,20000,0.001,0.9,0.0005,cuda,False,False,2,115,272,0.7804576754570007
fixed_random,0,results_adamw_lr0p001,results_adamw_lr0p001,small_cnn,adamw,10,128,20000,0.001,0.9,0.0005,cuda,False,False,2,116,273,0.6598383784294128
fixed_random,0,results_adamw_lr0p001,results_adamw_lr0p001,small_cnn,adamw,10,128,20000,0.001,0.9,0.0005,cuda,False,False,2,117,274,0.3489936292171478
fixed_random,0,results_adamw_lr0p001,results_adamw_lr0p001,small_cnn,adamw,10,128,20000,0.001,0.9,0.0005,cuda,False,False,2,118,275,-0.10954409092664719
fixed_random,0,results_adamw_lr0p001,results_adamw_lr0p001,small_cnn,adamw,10,128,20000,0.001,0.9,0.0005,cuda,False,False,2,119,276,-0.21359120309352875
fixed_random,0,results_adamw_lr0p001,results_adamw_lr0p001,small_cnn,adamw,10,128,20000,0.001,0.9,0.0005,cuda,False,False,2,120,277,-0.1301508992910385
fixed_random,0,results_adamw_lr0p001,results_adamw_lr0p001,small_cnn,adamw,10,128,20000,0.001,0.9,0.0005,cuda,False,False,2,121,278,0.45812931656837463
fixed_random,0,results_adamw_lr0p001,results_adamw_lr0p001,small_cnn,adamw,10,128,20000,0.001,0.9,0.0005,cuda,False,False,2,122,279,0.8430188298225403
fixed_random,0,results_adamw_lr0p001,results_adamw_lr0p001,small_cnn,adamw,10,128,20000,0.001,0.9,0.0005,cuda,False,False,2,123,280,0.8435225486755371
fixed_random,0,results_adamw_lr0p001,results_adamw_lr0p001,small_cnn,adamw,10,128,20000,0.001,0.9,0.0005,cuda,False,False,2,124,281,0.13951532542705536
fixed_random,0,results_adamw_lr0p001,results_adamw_lr0p001,small_cnn,adamw,10,128,20000,0.001,0.9,0.0005,cuda,False,False,2,125,282,-0.3222426176071167
fixed_random,0,results_adamw_lr0p001,results_adamw_lr0p001,small_cnn,adamw,10,128,20000,0.001,0.9,0.0005,cuda,False,False,2,126,283,0.6631630659103394
fixed_random,0,results_adamw_lr0p001,results_adamw_lr0p001,small_cnn,adamw,10,128,20000,0.001,0.9,0.0005,cuda,False,False,2,127,284,0.6802330613136292
fixed_random,0,results_adamw_lr0p001,results_adamw_lr0p001,small_cnn,adamw,10,128,20000,0.001,0.9,0.0005,cuda,False,False,2,128,285,0.49056166410446167
fixed_random,0,results_adamw_lr0p001,results_adamw_lr0p001,small_cnn,adamw,10,128,20000,0.001,0.9,0.0005,cuda,False,False,2,129,286,0.7303324937820435
fixed_random,0,results_adamw_lr0p001,results_adamw_lr0p001,small_cnn,adamw,10,128,20000,0.001,0.9,0.0005,cuda,False,False,2,130,287,0.4766123294830322
fixed_random,0,results_adamw_lr0p001,results_adamw_lr0p001,small_cnn,adamw,10,128,20000,0.001,0.9,0.0005,cuda,False,False,2,131,288,0.7233684062957764
fixed_random,0,results_adamw_lr0p001,results_adamw_lr0p001,small_cnn,adamw,10,128,20000,0.001,0.9,0.0005,cuda,False,False,2,132,289,0.22906164824962616
fixed_random,0,results_adamw_lr0p001,results_adamw_lr0p001,small_cnn,adamw,10,128,20000,0.001,0.9,0.0005,cuda,False,False,2,133,290,0.789099395275116
fixed_random,0,results_adamw_lr0p001,results_adamw_lr0p001,small_cnn,adamw,10,128,20000,0.001,0.9,0.0005,cuda,False,False,2,134,291,0.788939893245697
fixed_random,0,results_adamw_lr0p001,results_adamw_lr0p001,small_cnn,adamw,10,128,20000,0.001,0.9,0.0005,cuda,False,False,2,135,292,-0.5138432383537292
fixed_random,0,results_adamw_lr0p001,results_adamw_lr0p001,small_cnn,adamw,10,128,20000,0.001,0.9,0.0005,cuda,False,False,2,136,293,0.8053556084632874
fixed_random,0,results_adamw_lr0p001,results_adamw_lr0p001,small_cnn,adamw,10,128,20000,0.001,0.9,0.0005,cuda,False,False,2,137,294,0.7311839461326599
fixed_random,0,results_adamw_lr0p001,results_adamw_lr0p001,small_cnn,adamw,10,128,20000,0.001,0.9,0.0005,cuda,False,False,2,138,295,0.3663423955440521
fixed_random,0,results_adamw_lr0p001,results_adamw_lr0p001,small_cnn,adamw,10,128,20000,0.001,0.9,0.0005,cuda,False,False,2,139,296,0.6322269439697266
fixed_random,0,results_adamw_lr0p001,results_adamw_lr0p001,small_cnn,adamw,10,128,20000,0.001,0.9,0.0005,cuda,False,False,2,140,297,0.31505584716796875
fixed_random,0,results_adamw_lr0p001,results_adamw_lr0p001,small_cnn,adamw,10,128,20000,0.001,0.9,0.0005,cuda,False,False,2,141,298,-0.5732177495956421
fixed_random,0,results_adamw_lr0p001,results_adamw_lr0p001,small_cnn,adamw,10,128,20000,0.001,0.9,0.0005,cuda,False,False,2,142,299,0.6294810175895691
fixed_random,0,results_adamw_lr0p001,results_adamw_lr0p001,small_cnn,adamw,10,128,20000,0.001,0.9,0.0005,cuda,False,False,2,143,300,0.7664292454719543
fixed_random,0,results_adamw_lr0p001,results_adamw_lr0p001,small_cnn,adamw,10,128,20000,0.001,0.9,0.0005,cuda,False,False,2,144,301,-0.02137417532503605
fixed_random,0,results_adamw_lr0p001,results_adamw_lr0p001,small_cnn,adamw,10,128,20000,0.001,0.9,0.0005,cuda,False,False,2,145,302,0.09507044404745102
fixed_random,0,results_adamw_lr0p001,results_adamw_lr0p001,small_cnn,adamw,10,128,20000,0.001,0.9,0.0005,cuda,False,False,2,146,303,0.1977979838848114
fixed_random,0,results_adamw_lr0p001,results_adamw_lr0p001,small_cnn,adamw,10,128,20000,0.001,0.9,0.0005,cuda,False,False,2,147,304,0.21092717349529266
fixed_random,0,results_adamw_lr0p001,results_adamw_lr0p001,small_cnn,adamw,10,128,20000,0.001,0.9,0.0005,cuda,False,False,2,148,305,0.7776168584823608
fixed_random,0,results_adamw_lr0p001,results_adamw_lr0p001,small_cnn,adamw,10,128,20000,0.001,0.9,0.0005,cuda,False,False,2,149,306,0.6566566824913025
fixed_random,0,results_adamw_lr0p001,results_adamw_lr0p001,small_cnn,adamw,10,128,20000,0.001,0.9,0.0005,cuda,False,False,2,150,307,0.6983233094215393
fixed_random,0,results_adamw_lr0p001,results_adamw_lr0p001,small_cnn,adamw,10,128,20000,0.001,0.9,0.0005,cuda,False,False,2,151,308,-0.3852691650390625
fixed_random,0,results_adamw_lr0p001,results_adamw_lr0p001,small_cnn,adamw,10,128,20000,0.001,0.9,0.0005,cuda,False,False,2,152,309,0.1602349579334259
fixed_random,0,results_adamw_lr0p001,results_adamw_lr0p001,small_cnn,adamw,10,128,20000,0.001,0.9,0.0005,cuda,False,False,2,153,310,0.3372557759284973
fixed_random,0,results_adamw_lr0p001,results_adamw_lr0p001,small_cnn,adamw,10,128,20000,0.001,0.9,0.0005,cuda,False,False,2,154,311,0.8150501251220703
fixed_random,0,results_adamw_lr0p001,results_adamw_lr0p001,small_cnn,adamw,10,128,20000,0.001,0.9,0.0005,cuda,False,False,2,155,312,0.6877231597900391
fixed_random,0,results_adamw_lr0p001,results_adamw_lr0p001,small_cnn,adamw,10,128,20000,0.001,0.9,0.0005,cuda,False,False,2,156,313,-0.12186691164970398
fixed_random,0,results_adamw_lr0p001,results_adamw_lr0p001,small_cnn,adamw,10,128,20000,0.001,0.9,0.0005,cuda,False,False,2,157,314,-0.30745112895965576
fixed_random,0,results_adamw_lr0p001,results_adamw_lr0p001,small_cnn,adamw,10,128,20000,0.001,0.9,0.0005,cuda,False,False,3,1,315,-0.3551618456840515
fixed_random,0,results_adamw_lr0p001,results_adamw_lr0p001,small_cnn,adamw,10,128,20000,0.001,0.9,0.0005,cuda,False,False,3,2,316,0.3875584900379181
fixed_random,0,results_adamw_lr0p001,results_adamw_lr0p001,small_cnn,adamw,10,128,20000,0.001,0.9,0.0005,cuda,False,False,3,3,317,-0.03920169919729233
fixed_random,0,results_adamw_lr0p001,results_adamw_lr0p001,small_cnn,adamw,10,128,20000,0.001,0.9,0.0005,cuda,False,False,3,4,318,0.5398435592651367
fixed_random,0,results_adamw_lr0p001,results_adamw_lr0p001,small_cnn,adamw,10,128,20000,0.001,0.9,0.0005,cuda,False,False,3,5,319,0.4839431047439575
fixed_random,0,results_adamw_lr0p001,results_adamw_lr0p001,small_cnn,adamw,10,128,20000,0.001,0.9,0.0005,cuda,False,False,3,6,320,-0.5088225603103638
fixed_random,0,results_adamw_lr0p001,results_adamw_lr0p001,small_cnn,adamw,10,128,20000,0.001,0.9,0.0005,cuda,False,False,3,7,321,-0.10342080891132355
fixed_random,0,results_adamw_lr0p001,results_adamw_lr0p001,small_cnn,adamw,10,128,20000,0.001,0.9,0.0005,cuda,False,False,3,8,322,0.5326260924339294
fixed_random,0,results_adamw_lr0p001,results_adamw_lr0p001,small_cnn,adamw,10,128,20000,0.001,0.9,0.0005,cuda,False,False,3,9,323,0.22649596631526947
fixed_random,0,results_adamw_lr0p001,results_adamw_lr0p001,small_cnn,adamw,10,128,20000,0.001,0.9,0.0005,cuda,False,False,3,10,324,-0.4626500606536865
fixed_random,0,results_adamw_lr0p001,results_adamw_lr0p001,small_cnn,adamw,10,128,20000,0.001,0.9,0.0005,cuda,False,False,3,11,325,-0.6408151984214783
fixed_random,0,results_adamw_lr0p001,results_adamw_lr0p001,small_cnn,adamw,10,128,20000,0.001,0.9,0.0005,cuda,False,False,3,12,326,0.8203904628753662
fixed_random,0,results_adamw_lr0p001,results_adamw_lr0p001,small_cnn,adamw,10,128,20000,0.001,0.9,0.0005,cuda,False,False,3,13,327,-0.22108198702335358
fixed_random,0,results_adamw_lr0p001,results_adamw_lr0p001,small_cnn,adamw,10,128,20000,0.001,0.9,0.0005,cuda,False,False,3,14,328,0.5524570941925049
fixed_random,0,results_adamw_lr0p001,results_adamw_lr0p001,small_cnn,adamw,10,128,20000,0.001,0.9,0.0005,cuda,False,False,3,15,329,0.5455563068389893
fixed_random,0,results_adamw_lr0p001,results_adamw_lr0p001,small_cnn,adamw,10,128,20000,0.001,0.9,0.0005,cuda,False,False,3,16,330,0.5767250061035156
fixed_random,0,results_adamw_lr0p001,results_adamw_lr0p001,small_cnn,adamw,10,128,20000,0.001,0.9,0.0005,cuda,False,False,3,17,331,0.2003871351480484
fixed_random,0,results_adamw_lr0p001,results_adamw_lr0p001,small_cnn,adamw,10,128,20000,0.001,0.9,0.0005,cuda,False,False,3,18,332,-0.30623698234558105
fixed_random,0,results_adamw_lr0p001,results_adamw_lr0p001,small_cnn,adamw,10,128,20000,0.001,0.9,0.0005,cuda,False,False,3,19,333,0.5014408826828003
fixed_random,0,results_adamw_lr0p001,results_adamw_lr0p001,small_cnn,adamw,10,128,20000,0.001,0.9,0.0005,cuda,False,False,3,20,334,0.7715859413146973
fixed_random,0,results_adamw_lr0p001,results_adamw_lr0p001,small_cnn,adamw,10,128,20000,0.001,0.9,0.0005,cuda,False,False,3,21,335,0.6010043621063232
fixed_random,0,results_adamw_lr0p001,results_adamw_lr0p001,small_cnn,adamw,10,128,20000,0.001,0.9,0.0005,cuda,False,False,3,22,336,-0.1512107253074646
fixed_random,0,results_adamw_lr0p001,results_adamw_lr0p001,small_cnn,adamw,10,128,20000,0.001,0.9,0.0005,cuda,False,False,3,23,337,0.8381104469299316
fixed_random,0,results_adamw_lr0p001,results_adamw_lr0p001,small_cnn,adamw,10,128,20000,0.001,0.9,0.0005,cuda,False,False,3,24,338,0.6097870469093323
fixed_random,0,results_adamw_lr0p001,results_adamw_lr0p001,small_cnn,adamw,10,128,20000,0.001,0.9,0.0005,cuda,False,False,3,25,339,0.3866117596626282
fixed_random,0,results_adamw_lr0p001,results_adamw_lr0p001,small_cnn,adamw,10,128,20000,0.001,0.9,0.0005,cuda,False,False,3,26,340,0.46566182374954224
fixed_random,0,results_adamw_lr0p001,results_adamw_lr0p001,small_cnn,adamw,10,128,20000,0.001,0.9,0.0005,cuda,False,False,3,27,341,-0.1959397941827774
fixed_random,0,results_adamw_lr0p001,results_adamw_lr0p001,small_cnn,adamw,10,128,20000,0.001,0.9,0.0005,cuda,False,False,3,28,342,0.16214226186275482
fixed_random,0,results_adamw_lr0p001,results_adamw_lr0p001,small_cnn,adamw,10,128,20000,0.001,0.9,0.0005,cuda,False,False,3,29,343,0.07147089391946793
fixed_random,0,results_adamw_lr0p001,results_adamw_lr0p001,small_cnn,adamw,10,128,20000,0.001,0.9,0.0005,cuda,False,False,3,30,344,0.48099958896636963
fixed_random,0,results_adamw_lr0p001,results_adamw_lr0p001,small_cnn,adamw,10,128,20000,0.001,0.9,0.0005,cuda,False,False,3,31,345,0.2352275848388672
fixed_random,0,results_adamw_lr0p001,results_adamw_lr0p001,small_cnn,adamw,10,128,20000,0.001,0.9,0.0005,cuda,False,False,3,32,346,0.2565344274044037
fixed_random,0,results_adamw_lr0p001,results_adamw_lr0p001,small_cnn,adamw,10,128,20000,0.001,0.9,0.0005,cuda,False,False,3,33,347,-0.27384090423583984
fixed_random,0,results_adamw_lr0p001,results_adamw_lr0p001,small_cnn,adamw,10,128,20000,0.001,0.9,0.0005,cuda,False,False,3,34,348,0.6206689476966858
fixed_random,0,results_adamw_lr0p001,results_adamw_lr0p001,small_cnn,adamw,10,128,20000,0.001,0.9,0.0005,cuda,False,False,3,35,349,0.3787280321121216
fixed_random,0,results_adamw_lr0p001,results_adamw_lr0p001,small_cnn,adamw,10,128,20000,0.001,0.9,0.0005,cuda,False,False,3,36,350,-0.38999754190444946
fixed_random,0,results_adamw_lr0p001,results_adamw_lr0p001,small_cnn,adamw,10,128,20000,0.001,0.9,0.0005,cuda,False,False,3,37,351,0.182466059923172
fixed_random,0,results_adamw_lr0p001,results_adamw_lr0p001,small_cnn,adamw,10,128,20000,0.001,0.9,0.0005,cuda,False,False,3,38,352,0.6074062585830688
fixed_random,0,results_adamw_lr0p001,results_adamw_lr0p001,small_cnn,adamw,10,128,20000,0.001,0.9,0.0005,cuda,False,False,3,39,353,0.1502169817686081
fixed_random,0,results_adamw_lr0p001,results_adamw_lr0p001,small_cnn,adamw,10,128,20000,0.001,0.9,0.0005,cuda,False,False,3,40,354,-0.2998015284538269
fixed_random,0,results_adamw_lr0p001,results_adamw_lr0p001,small_cnn,adamw,10,128,20000,0.001,0.9,0.0005,cuda,False,False,3,41,355,-0.06468506157398224
fixed_random,0,results_adamw_lr0p001,results_adamw_lr0p001,small_cnn,adamw,10,128,20000,0.001,0.9,0.0005,cuda,False,False,3,42,356,0.6264700293540955
fixed_random,0,results_adamw_lr0p001,results_adamw_lr0p001,small_cnn,adamw,10,128,20000,0.001,0.9,0.0005,cuda,False,False,3,43,357,-0.28201401233673096
fixed_random,0,results_adamw_lr0p001,results_adamw_lr0p001,small_cnn,adamw,10,128,20000,0.001,0.9,0.0005,cuda,False,False,3,44,358,0.44503045082092285
fixed_random,0,results_adamw_lr0p001,results_adamw_lr0p001,small_cnn,adamw,10,128,20000,0.001,0.9,0.0005,cuda,False,False,3,45,359,0.16489510238170624
fixed_random,0,results_adamw_lr0p001,results_adamw_lr0p001,small_cnn,adamw,10,128,20000,0.001,0.9,0.0005,cuda,False,False,3,46,360,0.6327964067459106
fixed_random,0,results_adamw_lr0p001,results_adamw_lr0p001,small_cnn,adamw,10,128,20000,0.001,0.9,0.0005,cuda,False,False,3,47,361,0.444368451833725
fixed_random,0,results_adamw_lr0p001,results_adamw_lr0p001,small_cnn,adamw,10,128,20000,0.001,0.9,0.0005,cuda,False,False,3,48,362,0.6693933606147766
fixed_random,0,results_adamw_lr0p001,results_adamw_lr0p001,small_cnn,adamw,10,128,20000,0.001,0.9,0.0005,cuda,False,False,3,49,363,-0.06919583678245544
fixed_random,0,results_adamw_lr0p001,results_adamw_lr0p001,small_cnn,adamw,10,128,20000,0.001,0.9,0.0005,cuda,False,False,3,50,364,0.82637619972229
fixed_random,0,results_adamw_lr0p001,results_adamw_lr0p001,small_cnn,adamw,10,128,20000,0.001,0.9,0.0005,cuda,False,False,3,51,365,0.9362314939498901
fixed_random,0,results_adamw_lr0p001,results_adamw_lr0p001,small_cnn,adamw,10,128,20000,0.001,0.9,0.0005,cuda,False,False,3,52,366,0.8108597993850708
fixed_random,0,results_adamw_lr0p001,results_adamw_lr0p001,small_cnn,adamw,10,128,20000,0.001,0.9,0.0005,cuda,False,False,3,53,367,0.27656567096710205
fixed_random,0,results_adamw_lr0p001,results_adamw_lr0p001,small_cnn,adamw,10,128,20000,0.001,0.9,0.0005,cuda,False,False,3,54,368,0.5449931025505066
fixed_random,0,results_adamw_lr0p001,results_adamw_lr0p001,small_cnn,adamw,10,128,20000,0.001,0.9,0.0005,cuda,False,False,3,55,369,0.8536559343338013
fixed_random,0,results_adamw_lr0p001,results_adamw_lr0p001,small_cnn,adamw,10,128,20000,0.001,0.9,0.0005,cuda,False,False,3,56,370,0.44936177134513855
fixed_random,0,results_adamw_lr0p001,results_adamw_lr0p001,small_cnn,adamw,10,128,20000,0.001,0.9,0.0005,cuda,False,False,3,57,371,0.49120834469795227
fixed_random,0,results_adamw_lr0p001,results_adamw_lr0p001,small_cnn,adamw,10,128,20000,0.001,0.9,0.0005,cuda,False,False,3,58,372,0.7078867554664612
fixed_random,0,results_adamw_lr0p001,results_adamw_lr0p001,small_cnn,adamw,10,128,20000,0.001,0.9,0.0005,cuda,False,False,3,59,373,0.8761930465698242
fixed_random,0,results_adamw_lr0p001,results_adamw_lr0p001,small_cnn,adamw,10,128,20000,0.001,0.9,0.0005,cuda,False,False,3,60,374,0.5319481492042542
fixed_random,0,results_adamw_lr0p001,results_adamw_lr0p001,small_cnn,adamw,10,128,20000,0.001,0.9,0.0005,cuda,False,False,3,61,375,0.4242880344390869
fixed_random,0,results_adamw_lr0p001,results_adamw_lr0p001,small_cnn,adamw,10,128,20000,0.001,0.9,0.0005,cuda,False,False,3,62,376,0.32663556933403015
fixed_random,0,results_adamw_lr0p001,results_adamw_lr0p001,small_cnn,adamw,10,128,20000,0.001,0.9,0.0005,cuda,False,False,3,63,377,0.8190774917602539
fixed_random,0,results_adamw_lr0p001,results_adamw_lr0p001,small_cnn,adamw,10,128,20000,0.001,0.9,0.0005,cuda,False,False,3,64,378,0.7205774784088135
fixed_random,0,results_adamw_lr0p001,results_adamw_lr0p001,small_cnn,adamw,10,128,20000,0.001,0.9,0.0005,cuda,False,False,3,65,379,0.30543163418769836
fixed_random,0,results_adamw_lr0p001,results_adamw_lr0p001,small_cnn,adamw,10,128,20000,0.001,0.9,0.0005,cuda,False,False,3,66,380,0.1030532643198967
fixed_random,0,results_adamw_lr0p001,results_adamw_lr0p001,small_cnn,adamw,10,128,20000,0.001,0.9,0.0005,cuda,False,False,3,67,381,0.3243946433067322
fixed_random,0,results_adamw_lr0p001,results_adamw_lr0p001,small_cnn,adamw,10,128,20000,0.001,0.9,0.0005,cuda,False,False,3,68,382,0.44695183634757996
fixed_random,0,results_adamw_lr0p001,results_adamw_lr0p001,small_cnn,adamw,10,128,20000,0.001,0.9,0.0005,cuda,False,False,3,69,383,0.09327338635921478
fixed_random,0,results_adamw_lr0p001,results_adamw_lr0p001,small_cnn,adamw,10,128,20000,0.001,0.9,0.0005,cuda,False,False,3,70,384,0.09702163189649582
fixed_random,0,results_adamw_lr0p001,results_adamw_lr0p001,small_cnn,adamw,10,128,20000,0.001,0.9,0.0005,cuda,False,False,3,71,385,0.302592933177948
fixed_random,0,results_adamw_lr0p001,results_adamw_lr0p001,small_cnn,adamw,10,128,20000,0.001,0.9,0.0005,cuda,False,False,3,72,386,0.5053430795669556
fixed_random,0,results_adamw_lr0p001,results_adamw_lr0p001,small_cnn,adamw,10,128,20000,0.001,0.9,0.0005,cuda,False,False,3,73,387,0.15237237513065338
fixed_random,0,results_adamw_lr0p001,results_adamw_lr0p001,small_cnn,adamw,10,128,20000,0.001,0.9,0.0005,cuda,False,False,3,74,388,0.58089679479599
fixed_random,0,results_adamw_lr0p001,results_adamw_lr0p001,small_cnn,adamw,10,128,20000,0.001,0.9,0.0005,cuda,False,False,3,75,389,0.18619084358215332
fixed_random,0,results_adamw_lr0p001,results_adamw_lr0p001,small_cnn,adamw,10,128,20000,0.001,0.9,0.0005,cuda,False,False,3,76,390,0.08331847190856934
fixed_random,0,results_adamw_lr0p001,results_adamw_lr0p001,small_cnn,adamw,10,128,20000,0.001,0.9,0.0005,cuda,False,False,3,77,391,0.5299997329711914
fixed_random,0,results_adamw_lr0p001,results_adamw_lr0p001,small_cnn,adamw,10,128,20000,0.001,0.9,0.0005,cuda,False,False,3,78,392,0.17162220180034637
fixed_random,0,results_adamw_lr0p001,results_adamw_lr0p001,small_cnn,adamw,10,128,20000,0.001,0.9,0.0005,cuda,False,False,3,79,393,0.5612200498580933
fixed_random,0,results_adamw_lr0p001,results_adamw_lr0p001,small_cnn,adamw,10,128,20000,0.001,0.9,0.0005,cuda,False,False,3,80,394,0.358070969581604
fixed_random,0,results_adamw_lr0p001,results_adamw_lr0p001,small_cnn,adamw,10,128,20000,0.001,0.9,0.0005,cuda,False,False,3,81,395,0.12967930734157562
fixed_random,0,results_adamw_lr0p001,results_adamw_lr0p001,small_cnn,adamw,10,128,20000,0.001,0.9,0.0005,cuda,False,False,3,82,396,-0.25905588269233704
fixed_random,0,results_adamw_lr0p001,results_adamw_lr0p001,small_cnn,adamw,10,128,20000,0.001,0.9,0.0005,cuda,False,False,3,83,397,0.8110881447792053
fixed_random,0,results_adamw_lr0p001,results_adamw_lr0p001,small_cnn,adamw,10,128,20000,0.001,0.9,0.0005,cuda,False,False,3,84,398,0.555195152759552
fixed_random,0,results_adamw_lr0p001,results_adamw_lr0p001,small_cnn,adamw,10,128,20000,0.001,0.9,0.0005,cuda,False,False,3,85,399,0.4500289261341095
fixed_random,0,results_adamw_lr0p001,results_adamw_lr0p001,small_cnn,adamw,10,128,20000,0.001,0.9,0.0005,cuda,False,False,3,86,400,-0.6300138831138611
fixed_random,0,results_adamw_lr0p001,results_adamw_lr0p001,small_cnn,adamw,10,128,20000,0.001,0.9,0.0005,cuda,False,False,3,87,401,0.6105349063873291
fixed_random,0,results_adamw_lr0p001,results_adamw_lr0p001,small_cnn,adamw,10,128,20000,0.001,0.9,0.0005,cuda,False,False,3,88,402,0.7554856538772583
fixed_random,0,results_adamw_lr0p001,results_adamw_lr0p001,small_cnn,adamw,10,128,20000,0.001,0.9,0.0005,cuda,False,False,3,89,403,0.6069632768630981
fixed_random,0,results_adamw_lr0p001,results_adamw_lr0p001,small_cnn,adamw,10,128,20000,0.001,0.9,0.0005,cuda,False,False,3,90,404,-0.08731108158826828
fixed_random,0,results_adamw_lr0p001,results_adamw_lr0p001,small_cnn,adamw,10,128,20000,0.001,0.9,0.0005,cuda,False,False,3,91,405,0.7453737258911133
fixed_random,0,results_adamw_lr0p001,results_adamw_lr0p001,small_cnn,adamw,10,128,20000,0.001,0.9,0.0005,cuda,False,False,3,92,406,-0.6680053472518921
fixed_random,0,results_adamw_lr0p001,results_adamw_lr0p001,small_cnn,adamw,10,128,20000,0.001,0.9,0.0005,cuda,False,False,3,93,407,-0.022534841671586037
fixed_random,0,results_adamw_lr0p001,results_adamw_lr0p001,small_cnn,adamw,10,128,20000,0.001,0.9,0.0005,cuda,False,False,3,94,408,0.6262634992599487
fixed_random,0,results_adamw_lr0p001,results_adamw_lr0p001,small_cnn,adamw,10,128,20000,0.001,0.9,0.0005,cuda,False,False,3,95,409,0.23393122851848602
fixed_random,0,results_adamw_lr0p001,results_adamw_lr0p001,small_cnn,adamw,10,128,20000,0.001,0.9,0.0005,cuda,False,False,3,96,410,0.009898094460368156
fixed_random,0,results_adamw_lr0p001,results_adamw_lr0p001,small_cnn,adamw,10,128,20000,0.001,0.9,0.0005,cuda,False,False,3,97,411,0.12322868406772614
fixed_random,0,results_adamw_lr0p001,results_adamw_lr0p001,small_cnn,adamw,10,128,20000,0.001,0.9,0.0005,cuda,False,False,3,98,412,-0.7033140063285828
fixed_random,0,results_adamw_lr0p001,results_adamw_lr0p001,small_cnn,adamw,10,128,20000,0.001,0.9,0.0005,cuda,False,False,3,99,413,0.15362463891506195
fixed_random,0,results_adamw_lr0p001,results_adamw_lr0p001,small_cnn,adamw,10,128,20000,0.001,0.9,0.0005,cuda,False,False,3,100,414,0.26545450091362
fixed_random,0,results_adamw_lr0p001,results_adamw_lr0p001,small_cnn,adamw,10,128,20000,0.001,0.9,0.0005,cuda,False,False,3,101,415,0.6608129143714905
fixed_random,0,results_adamw_lr0p001,results_adamw_lr0p001,small_cnn,adamw,10,128,20000,0.001,0.9,0.0005,cuda,False,False,3,102,416,-0.3866426348686218
fixed_random,0,results_adamw_lr0p001,results_adamw_lr0p001,small_cnn,adamw,10,128,20000,0.001,0.9,0.0005,cuda,False,False,3,103,417,0.48940134048461914
fixed_random,0,results_adamw_lr0p001,results_adamw_lr0p001,small_cnn,adamw,10,128,20000,0.001,0.9,0.0005,cuda,False,False,3,104,418,0.650335967540741
fixed_random,0,results_adamw_lr0p001,results_adamw_lr0p001,small_cnn,adamw,10,128,20000,0.001,0.9,0.0005,cuda,False,False,3,105,419,0.798870861530304
fixed_random,0,results_adamw_lr0p001,results_adamw_lr0p001,small_cnn,adamw,10,128,20000,0.001,0.9,0.0005,cuda,False,False,3,106,420,0.6814083456993103
fixed_random,0,results_adamw_lr0p001,results_adamw_lr0p001,small_cnn,adamw,10,128,20000,0.001,0.9,0.0005,cuda,False,False,3,107,421,0.0785687044262886
fixed_random,0,results_adamw_lr0p001,results_adamw_lr0p001,small_cnn,adamw,10,128,20000,0.001,0.9,0.0005,cuda,False,False,3,108,422,0.6020926833152771
fixed_random,0,results_adamw_lr0p001,results_adamw_lr0p001,small_cnn,adamw,10,128,20000,0.001,0.9,0.0005,cuda,False,False,3,109,423,0.7279785871505737
fixed_random,0,results_adamw_lr0p001,results_adamw_lr0p001,small_cnn,adamw,10,128,20000,0.001,0.9,0.0005,cuda,False,False,3,110,424,0.33689695596694946
fixed_random,0,results_adamw_lr0p001,results_adamw_lr0p001,small_cnn,adamw,10,128,20000,0.001,0.9,0.0005,cuda,False,False,3,111,425,0.24110934138298035
fixed_random,0,results_adamw_lr0p001,results_adamw_lr0p001,small_cnn,adamw,10,128,20000,0.001,0.9,0.0005,cuda,False,False,3,112,426,0.46982866525650024
fixed_random,0,results_adamw_lr0p001,results_adamw_lr0p001,small_cnn,adamw,10,128,20000,0.001,0.9,0.0005,cuda,False,False,3,113,427,0.30777016282081604
fixed_random,0,results_adamw_lr0p001,results_adamw_lr0p001,small_cnn,adamw,10,128,20000,0.001,0.9,0.0005,cuda,False,False,3,114,428,-0.3883463740348816
fixed_random,0,results_adamw_lr0p001,results_adamw_lr0p001,small_cnn,adamw,10,128,20000,0.001,0.9,0.0005,cuda,False,False,3,115,429,0.5621160268783569
fixed_random,0,results_adamw_lr0p001,results_adamw_lr0p001,small_cnn,adamw,10,128,20000,0.001,0.9,0.0005,cuda,False,False,3,116,430,0.8098520040512085
fixed_random,0,results_adamw_lr0p001,results_adamw_lr0p001,small_cnn,adamw,10,128,20000,0.001,0.9,0.0005,cuda,False,False,3,117,431,0.3856290280818939
fixed_random,0,results_adamw_lr0p001,results_adamw_lr0p001,small_cnn,adamw,10,128,20000,0.001,0.9,0.0005,cuda,False,False,3,118,432,-0.05779903009533882
fixed_random,0,results_adamw_lr0p001,results_adamw_lr0p001,small_cnn,adamw,10,128,20000,0.001,0.9,0.0005,cuda,False,False,3,119,433,0.05578615516424179
fixed_random,0,results_adamw_lr0p001,results_adamw_lr0p001,small_cnn,adamw,10,128,20000,0.001,0.9,0.0005,cuda,False,False,3,120,434,-0.4195663630962372
fixed_random,0,results_adamw_lr0p001,results_adamw_lr0p001,small_cnn,adamw,10,128,20000,0.001,0.9,0.0005,cuda,False,False,3,121,435,0.15169361233711243
fixed_random,0,results_adamw_lr0p001,results_adamw_lr0p001,small_cnn,adamw,10,128,20000,0.001,0.9,0.0005,cuda,False,False,3,122,436,0.7970024347305298
fixed_random,0,results_adamw_lr0p001,results_adamw_lr0p001,small_cnn,adamw,10,128,20000,0.001,0.9,0.0005,cuda,False,False,3,123,437,0.8666151762008667
fixed_random,0,results_adamw_lr0p001,results_adamw_lr0p001,small_cnn,adamw,10,128,20000,0.001,0.9,0.0005,cuda,False,False,3,124,438,0.6268061399459839
fixed_random,0,results_adamw_lr0p001,results_adamw_lr0p001,small_cnn,adamw,10,128,20000,0.001,0.9,0.0005,cuda,False,False,3,125,439,-0.5870187282562256
fixed_random,0,results_adamw_lr0p001,results_adamw_lr0p001,small_cnn,adamw,10,128,20000,0.001,0.9,0.0005,cuda,False,False,3,126,440,0.5636908411979675
fixed_random,0,results_adamw_lr0p001,results_adamw_lr0p001,small_cnn,adamw,10,128,20000,0.001,0.9,0.0005,cuda,False,False,3,127,441,0.6805405020713806
fixed_random,0,results_adamw_lr0p001,results_adamw_lr0p001,small_cnn,adamw,10,128,20000,0.001,0.9,0.0005,cuda,False,False,3,128,442,0.5905338525772095
fixed_random,0,results_adamw_lr0p001,results_adamw_lr0p001,small_cnn,adamw,10,128,20000,0.001,0.9,0.0005,cuda,False,False,3,129,443,0.822928249835968
fixed_random,0,results_adamw_lr0p001,results_adamw_lr0p001,small_cnn,adamw,10,128,20000,0.001,0.9,0.0005,cuda,False,False,3,130,444,0.48682743310928345
fixed_random,0,results_adamw_lr0p001,results_adamw_lr0p001,small_cnn,adamw,10,128,20000,0.001,0.9,0.0005,cuda,False,False,3,131,445,0.6707614660263062
fixed_random,0,results_adamw_lr0p001,results_adamw_lr0p001,small_cnn,adamw,10,128,20000,0.001,0.9,0.0005,cuda,False,False,3,132,446,0.033632583916187286
fixed_random,0,results_adamw_lr0p001,results_adamw_lr0p001,small_cnn,adamw,10,128,20000,0.001,0.9,0.0005,cuda,False,False,3,133,447,0.6696801781654358
fixed_random,0,results_adamw_lr0p001,results_adamw_lr0p001,small_cnn,adamw,10,128,20000,0.001,0.9,0.0005,cuda,False,False,3,134,448,0.8881947994232178
fixed_random,0,results_adamw_lr0p001,results_adamw_lr0p001,small_cnn,adamw,10,128,20000,0.001,0.9,0.0005,cuda,False,False,3,135,449,-0.24863828718662262
fixed_random,0,results_adamw_lr0p001,results_adamw_lr0p001,small_cnn,adamw,10,128,20000,0.001,0.9,0.0005,cuda,False,False,3,136,450,0.742435097694397
fixed_random,0,results_adamw_lr0p001,results_adamw_lr0p001,small_cnn,adamw,10,128,20000,0.001,0.9,0.0005,cuda,False,False,3,137,451,0.5560500025749207
fixed_random,0,results_adamw_lr0p001,results_adamw_lr0p001,small_cnn,adamw,10,128,20000,0.001,0.9,0.0005,cuda,False,False,3,138,452,0.2995622754096985
fixed_random,0,results_adamw_lr0p001,results_adamw_lr0p001,small_cnn,adamw,10,128,20000,0.001,0.9,0.0005,cuda,False,False,3,139,453,0.7267778515815735
fixed_random,0,results_adamw_lr0p001,results_adamw_lr0p001,small_cnn,adamw,10,128,20000,0.001,0.9,0.0005,cuda,False,False,3,140,454,0.6149203181266785
fixed_random,0,results_adamw_lr0p001,results_adamw_lr0p001,small_cnn,adamw,10,128,20000,0.001,0.9,0.0005,cuda,False,False,3,141,455,-0.006777849048376083
fixed_random,0,results_adamw_lr0p001,results_adamw_lr0p001,small_cnn,adamw,10,128,20000,0.001,0.9,0.0005,cuda,False,False,3,142,456,0.3814617693424225
fixed_random,0,results_adamw_lr0p001,results_adamw_lr0p001,small_cnn,adamw,10,128,20000,0.001,0.9,0.0005,cuda,False,False,3,143,457,0.7379029989242554
fixed_random,0,results_adamw_lr0p001,results_adamw_lr0p001,small_cnn,adamw,10,128,20000,0.001,0.9,0.0005,cuda,False,False,3,144,458,-0.021682336926460266
fixed_random,0,results_adamw_lr0p001,results_adamw_lr0p001,small_cnn,adamw,10,128,20000,0.001,0.9,0.0005,cuda,False,False,3,145,459,0.19589988887310028
fixed_random,0,results_adamw_lr0p001,results_adamw_lr0p001,small_cnn,adamw,10,128,20000,0.001,0.9,0.0005,cuda,False,False,3,146,460,0.35413801670074463
fixed_random,0,results_adamw_lr0p001,results_adamw_lr0p001,small_cnn,adamw,10,128,20000,0.001,0.9,0.0005,cuda,False,False,3,147,461,-0.0672389566898346
fixed_random,0,results_adamw_lr0p001,results_adamw_lr0p001,small_cnn,adamw,10,128,20000,0.001,0.9,0.0005,cuda,False,False,3,148,462,0.7585300207138062
fixed_random,0,results_adamw_lr0p001,results_adamw_lr0p001,small_cnn,adamw,10,128,20000,0.001,0.9,0.0005,cuda,False,False,3,149,463,0.5907140374183655
fixed_random,0,results_adamw_lr0p001,results_adamw_lr0p001,small_cnn,adamw,10,128,20000,0.001,0.9,0.0005,cuda,False,False,3,150,464,0.8490635752677917
fixed_random,0,results_adamw_lr0p001,results_adamw_lr0p001,small_cnn,adamw,10,128,20000,0.001,0.9,0.0005,cuda,False,False,3,151,465,-0.5042047500610352
fixed_random,0,results_adamw_lr0p001,results_adamw_lr0p001,small_cnn,adamw,10,128,20000,0.001,0.9,0.0005,cuda,False,False,3,152,466,-0.4178818464279175
fixed_random,0,results_adamw_lr0p001,results_adamw_lr0p001,small_cnn,adamw,10,128,20000,0.001,0.9,0.0005,cuda,False,False,3,153,467,0.11486004292964935
fixed_random,0,results_adamw_lr0p001,results_adamw_lr0p001,small_cnn,adamw,10,128,20000,0.001,0.9,0.0005,cuda,False,False,3,154,468,0.7668254375457764
fixed_random,0,results_adamw_lr0p001,results_adamw_lr0p001,small_cnn,adamw,10,128,20000,0.001,0.9,0.0005,cuda,False,False,3,155,469,0.6554626226425171
fixed_random,0,results_adamw_lr0p001,results_adamw_lr0p001,small_cnn,adamw,10,128,20000,0.001,0.9,0.0005,cuda,False,False,3,156,470,0.131935253739357
fixed_random,0,results_adamw_lr0p001,results_adamw_lr0p001,small_cnn,adamw,10,128,20000,0.001,0.9,0.0005,cuda,False,False,3,157,471,-0.43706730008125305
fixed_random,0,results_adamw_lr0p001,results_adamw_lr0p001,small_cnn,adamw,10,128,20000,0.001,0.9,0.0005,cuda,False,False,4,1,472,-0.4489319920539856
fixed_random,0,results_adamw_lr0p001,results_adamw_lr0p001,small_cnn,adamw,10,128,20000,0.001,0.9,0.0005,cuda,False,False,4,2,473,0.1659875512123108
fixed_random,0,results_adamw_lr0p001,results_adamw_lr0p001,small_cnn,adamw,10,128,20000,0.001,0.9,0.0005,cuda,False,False,4,3,474,0.1447196900844574
fixed_random,0,results_adamw_lr0p001,results_adamw_lr0p001,small_cnn,adamw,10,128,20000,0.001,0.9,0.0005,cuda,False,False,4,4,475,0.6468718647956848
fixed_random,0,results_adamw_lr0p001,results_adamw_lr0p001,small_cnn,adamw,10,128,20000,0.001,0.9,0.0005,cuda,False,False,4,5,476,0.6174002885818481
fixed_random,0,results_adamw_lr0p001,results_adamw_lr0p001,small_cnn,adamw,10,128,20000,0.001,0.9,0.0005,cuda,False,False,4,6,477,-0.2513717710971832
fixed_random,0,results_adamw_lr0p001,results_adamw_lr0p001,small_cnn,adamw,10,128,20000,0.001,0.9,0.0005,cuda,False,False,4,7,478,-0.3571162521839142
fixed_random,0,results_adamw_lr0p001,results_adamw_lr0p001,small_cnn,adamw,10,128,20000,0.001,0.9,0.0005,cuda,False,False,4,8,479,0.5163848996162415
fixed_random,0,results_adamw_lr0p001,results_adamw_lr0p001,small_cnn,adamw,10,128,20000,0.001,0.9,0.0005,cuda,False,False,4,9,480,0.25462427735328674
fixed_random,0,results_adamw_lr0p001,results_adamw_lr0p001,small_cnn,adamw,10,128,20000,0.001,0.9,0.0005,cuda,False,False,4,10,481,-0.28029996156692505
fixed_random,0,results_adamw_lr0p001,results_adamw_lr0p001,small_cnn,adamw,10,128,20000,0.001,0.9,0.0005,cuda,False,False,4,11,482,-0.29623880982398987
fixed_random,0,results_adamw_lr0p001,results_adamw_lr0p001,small_cnn,adamw,10,128,20000,0.001,0.9,0.0005,cuda,False,False,4,12,483,0.8801028728485107
fixed_random,0,results_adamw_lr0p001,results_adamw_lr0p001,small_cnn,adamw,10,128,20000,0.001,0.9,0.0005,cuda,False,False,4,13,484,-0.2642749547958374
fixed_random,0,results_adamw_lr0p001,results_adamw_lr0p001,small_cnn,adamw,10,128,20000,0.001,0.9,0.0005,cuda,False,False,4,14,485,0.44717150926589966
fixed_random,0,results_adamw_lr0p001,results_adamw_lr0p001,small_cnn,adamw,10,128,20000,0.001,0.9,0.0005,cuda,False,False,4,15,486,0.4778628349304199
fixed_random,0,results_adamw_lr0p001,results_adamw_lr0p001,small_cnn,adamw,10,128,20000,0.001,0.9,0.0005,cuda,False,False,4,16,487,0.6433584690093994
fixed_random,0,results_adamw_lr0p001,results_adamw_lr0p001,small_cnn,adamw,10,128,20000,0.001,0.9,0.0005,cuda,False,False,4,17,488,0.3498494029045105
fixed_random,0,results_adamw_lr0p001,results_adamw_lr0p001,small_cnn,adamw,10,128,20000,0.001,0.9,0.0005,cuda,False,False,4,18,489,-0.12348784506320953
fixed_random,0,results_adamw_lr0p001,results_adamw_lr0p001,small_cnn,adamw,10,128,20000,0.001,0.9,0.0005,cuda,False,False,4,19,490,0.27139389514923096
fixed_random,0,results_adamw_lr0p001,results_adamw_lr0p001,small_cnn,adamw,10,128,20000,0.001,0.9,0.0005,cuda,False,False,4,20,491,0.7225837111473083
fixed_random,0,results_adamw_lr0p001,results_adamw_lr0p001,small_cnn,adamw,10,128,20000,0.001,0.9,0.0005,cuda,False,False,4,21,492,0.36229896545410156
fixed_random,0,results_adamw_lr0p001,results_adamw_lr0p001,small_cnn,adamw,10,128,20000,0.001,0.9,0.0005,cuda,False,False,4,22,493,-0.30041810870170593
fixed_random,0,results_adamw_lr0p001,results_adamw_lr0p001,small_cnn,adamw,10,128,20000,0.001,0.9,0.0005,cuda,False,False,4,23,494,0.7666804790496826
fixed_random,0,results_adamw_lr0p001,results_adamw_lr0p001,small_cnn,adamw,10,128,20000,0.001,0.9,0.0005,cuda,False,False,4,24,495,0.6420357823371887
fixed_random,0,results_adamw_lr0p001,results_adamw_lr0p001,small_cnn,adamw,10,128,20000,0.001,0.9,0.0005,cuda,False,False,4,25,496,0.41484785079956055
fixed_random,0,results_adamw_lr0p001,results_adamw_lr0p001,small_cnn,adamw,10,128,20000,0.001,0.9,0.0005,cuda,False,False,4,26,497,0.5967943668365479
fixed_random,0,results_adamw_lr0p001,results_adamw_lr0p001,small_cnn,adamw,10,128,20000,0.001,0.9,0.0005,cuda,False,False,4,27,498,-0.47830191254615784
fixed_random,0,results_adamw_lr0p001,results_adamw_lr0p001,small_cnn,adamw,10,128,20000,0.001,0.9,0.0005,cuda,False,False,4,28,499,0.10067791491746902
fixed_random,0,results_adamw_lr0p001,results_adamw_lr0p001,small_cnn,adamw,10,128,20000,0.001,0.9,0.0005,cuda,False,False,4,29,500,-0.07919658720493317
fixed_random,0,results_adamw_lr0p001,results_adamw_lr0p001,small_cnn,adamw,10,128,20000,0.001,0.9,0.0005,cuda,False,False,4,30,501,0.3455199599266052
fixed_random,0,results_adamw_lr0p001,results_adamw_lr0p001,small_cnn,adamw,10,128,20000,0.001,0.9,0.0005,cuda,False,False,4,31,502,0.28896260261535645
fixed_random,0,results_adamw_lr0p001,results_adamw_lr0p001,small_cnn,adamw,10,128,20000,0.001,0.9,0.0005,cuda,False,False,4,32,503,0.3508186340332031
fixed_random,0,results_adamw_lr0p001,results_adamw_lr0p001,small_cnn,adamw,10,128,20000,0.001,0.9,0.0005,cuda,False,False,4,33,504,-0.2402014583349228
fixed_random,0,results_adamw_lr0p001,results_adamw_lr0p001,small_cnn,adamw,10,128,20000,0.001,0.9,0.0005,cuda,False,False,4,34,505,0.2962149381637573
fixed_random,0,results_adamw_lr0p001,results_adamw_lr0p001,small_cnn,adamw,10,128,20000,0.001,0.9,0.0005,cuda,False,False,4,35,506,0.10316497087478638
fixed_random,0,results_adamw_lr0p001,results_adamw_lr0p001,small_cnn,adamw,10,128,20000,0.001,0.9,0.0005,cuda,False,False,4,36,507,0.3261227607727051
fixed_random,0,results_adamw_lr0p001,results_adamw_lr0p001,small_cnn,adamw,10,128,20000,0.001,0.9,0.0005,cuda,False,False,4,37,508,-0.39185139536857605
fixed_random,0,results_adamw_lr0p001,results_adamw_lr0p001,small_cnn,adamw,10,128,20000,0.001,0.9,0.0005,cuda,False,False,4,38,509,0.41564393043518066
fixed_random,0,results_adamw_lr0p001,results_adamw_lr0p001,small_cnn,adamw,10,128,20000,0.001,0.9,0.0005,cuda,False,False,4,39,510,0.21464599668979645
fixed_random,0,results_adamw_lr0p001,results_adamw_lr0p001,small_cnn,adamw,10,128,20000,0.001,0.9,0.0005,cuda,False,False,4,40,511,-0.2351461946964264
fixed_random,0,results_adamw_lr0p001,results_adamw_lr0p001,small_cnn,adamw,10,128,20000,0.001,0.9,0.0005,cuda,False,False,4,41,512,-0.23332369327545166
fixed_random,0,results_adamw_lr0p001,results_adamw_lr0p001,small_cnn,adamw,10,128,20000,0.001,0.9,0.0005,cuda,False,False,4,42,513,0.6519746780395508
fixed_random,0,results_adamw_lr0p001,results_adamw_lr0p001,small_cnn,adamw,10,128,20000,0.001,0.9,0.0005,cuda,False,False,4,43,514,-0.25334954261779785
fixed_random,0,results_adamw_lr0p001,results_adamw_lr0p001,small_cnn,adamw,10,128,20000,0.001,0.9,0.0005,cuda,False,False,4,44,515,0.10368727892637253
fixed_random,0,results_adamw_lr0p001,results_adamw_lr0p001,small_cnn,adamw,10,128,20000,0.001,0.9,0.0005,cuda,False,False,4,45,516,-0.21480168402194977
fixed_random,0,results_adamw_lr0p001,results_adamw_lr0p001,small_cnn,adamw,10,128,20000,0.001,0.9,0.0005,cuda,False,False,4,46,517,0.548305869102478
fixed_random,0,results_adamw_lr0p001,results_adamw_lr0p001,small_cnn,adamw,10,128,20000,0.001,0.9,0.0005,cuda,False,False,4,47,518,0.7086721658706665
fixed_random,0,results_adamw_lr0p001,results_adamw_lr0p001,small_cnn,adamw,10,128,20000,0.001,0.9,0.0005,cuda,False,False,4,48,519,0.549281656742096
fixed_random,0,results_adamw_lr0p001,results_adamw_lr0p001,small_cnn,adamw,10,128,20000,0.001,0.9,0.0005,cuda,False,False,4,49,520,0.00827765092253685
fixed_random,0,results_adamw_lr0p001,results_adamw_lr0p001,small_cnn,adamw,10,128,20000,0.001,0.9,0.0005,cuda,False,False,4,50,521,0.6339333653450012
fixed_random,0,results_adamw_lr0p001,results_adamw_lr0p001,small_cnn,adamw,10,128,20000,0.001,0.9,0.0005,cuda,False,False,4,51,522,0.9136106967926025
fixed_random,0,results_adamw_lr0p001,results_adamw_lr0p001,small_cnn,adamw,10,128,20000,0.001,0.9,0.0005,cuda,False,False,4,52,523,0.7263185381889343
fixed_random,0,results_adamw_lr0p001,results_adamw_lr0p001,small_cnn,adamw,10,128,20000,0.001,0.9,0.0005,cuda,False,False,4,53,524,0.4283653497695923
fixed_random,0,results_adamw_lr0p001,results_adamw_lr0p001,small_cnn,adamw,10,128,20000,0.001,0.9,0.0005,cuda,False,False,4,54,525,0.47668662667274475
fixed_random,0,results_adamw_lr0p001,results_adamw_lr0p001,small_cnn,adamw,10,128,20000,0.001,0.9,0.0005,cuda,False,False,4,55,526,0.8518732190132141
fixed_random,0,results_adamw_lr0p001,results_adamw_lr0p001,small_cnn,adamw,10,128,20000,0.001,0.9,0.0005,cuda,False,False,4,56,527,0.4113824963569641
fixed_random,0,results_adamw_lr0p001,results_adamw_lr0p001,small_cnn,adamw,10,128,20000,0.001,0.9,0.0005,cuda,False,False,4,57,528,0.2989805042743683
fixed_random,0,results_adamw_lr0p001,results_adamw_lr0p001,small_cnn,adamw,10,128,20000,0.001,0.9,0.0005,cuda,False,False,4,58,529,0.4021363854408264
fixed_random,0,results_adamw_lr0p001,results_adamw_lr0p001,small_cnn,adamw,10,128,20000,0.001,0.9,0.0005,cuda,False,False,4,59,530,0.7821975350379944
fixed_random,0,results_adamw_lr0p001,results_adamw_lr0p001,small_cnn,adamw,10,128,20000,0.001,0.9,0.0005,cuda,False,False,4,60,531,0.4570515751838684
fixed_random,0,results_adamw_lr0p001,results_adamw_lr0p001,small_cnn,adamw,10,128,20000,0.001,0.9,0.0005,cuda,False,False,4,61,532,0.46825772523880005
fixed_random,0,results_adamw_lr0p001,results_adamw_lr0p001,small_cnn,adamw,10,128,20000,0.001,0.9,0.0005,cuda,False,False,4,62,533,0.10676738619804382
fixed_random,0,results_adamw_lr0p001,results_adamw_lr0p001,small_cnn,adamw,10,128,20000,0.001,0.9,0.0005,cuda,False,False,4,63,534,0.7170807719230652
fixed_random,0,results_adamw_lr0p001,results_adamw_lr0p001,small_cnn,adamw,10,128,20000,0.001,0.9,0.0005,cuda,False,False,4,64,535,0.5971024036407471
fixed_random,0,results_adamw_lr0p001,results_adamw_lr0p001,small_cnn,adamw,10,128,20000,0.001,0.9,0.0005,cuda,False,False,4,65,536,0.12162546068429947
fixed_random,0,results_adamw_lr0p001,results_adamw_lr0p001,small_cnn,adamw,10,128,20000,0.001,0.9,0.0005,cuda,False,False,4,66,537,0.21634407341480255
fixed_random,0,results_adamw_lr0p001,results_adamw_lr0p001,small_cnn,adamw,10,128,20000,0.001,0.9,0.0005,cuda,False,False,4,67,538,0.3170434534549713
fixed_random,0,results_adamw_lr0p001,results_adamw_lr0p001,small_cnn,adamw,10,128,20000,0.001,0.9,0.0005,cuda,False,False,4,68,539,0.35862207412719727
fixed_random,0,results_adamw_lr0p001,results_adamw_lr0p001,small_cnn,adamw,10,128,20000,0.001,0.9,0.0005,cuda,False,False,4,69,540,0.10975111275911331
fixed_random,0,results_adamw_lr0p001,results_adamw_lr0p001,small_cnn,adamw,10,128,20000,0.001,0.9,0.0005,cuda,False,False,4,70,541,-0.04085417836904526
fixed_random,0,results_adamw_lr0p001,results_adamw_lr0p001,small_cnn,adamw,10,128,20000,0.001,0.9,0.0005,cuda,False,False,4,71,542,0.43083494901657104
fixed_random,0,results_adamw_lr0p001,results_adamw_lr0p001,small_cnn,adamw,10,128,20000,0.001,0.9,0.0005,cuda,False,False,4,72,543,0.558488130569458
fixed_random,0,results_adamw_lr0p001,results_adamw_lr0p001,small_cnn,adamw,10,128,20000,0.001,0.9,0.0005,cuda,False,False,4,73,544,0.29465389251708984
fixed_random,0,results_adamw_lr0p001,results_adamw_lr0p001,small_cnn,adamw,10,128,20000,0.001,0.9,0.0005,cuda,False,False,4,74,545,0.2968052327632904
fixed_random,0,results_adamw_lr0p001,results_adamw_lr0p001,small_cnn,adamw,10,128,20000,0.001,0.9,0.0005,cuda,False,False,4,75,546,0.1512698084115982
fixed_random,0,results_adamw_lr0p001,results_adamw_lr0p001,small_cnn,adamw,10,128,20000,0.001,0.9,0.0005,cuda,False,False,4,76,547,-0.0068052723072469234
fixed_random,0,results_adamw_lr0p001,results_adamw_lr0p001,small_cnn,adamw,10,128,20000,0.001,0.9,0.0005,cuda,False,False,4,77,548,0.5021799206733704
fixed_random,0,results_adamw_lr0p001,results_adamw_lr0p001,small_cnn,adamw,10,128,20000,0.001,0.9,0.0005,cuda,False,False,4,78,549,0.24626661837100983
fixed_random,0,results_adamw_lr0p001,results_adamw_lr0p001,small_cnn,adamw,10,128,20000,0.001,0.9,0.0005,cuda,False,False,4,79,550,0.6598061323165894
fixed_random,0,results_adamw_lr0p001,results_adamw_lr0p001,small_cnn,adamw,10,128,20000,0.001,0.9,0.0005,cuda,False,False,4,80,551,0.5632629990577698
fixed_random,0,results_adamw_lr0p001,results_adamw_lr0p001,small_cnn,adamw,10,128,20000,0.001,0.9,0.0005,cuda,False,False,4,81,552,0.28425294160842896
fixed_random,0,results_adamw_lr0p001,results_adamw_lr0p001,small_cnn,adamw,10,128,20000,0.001,0.9,0.0005,cuda,False,False,4,82,553,-0.3485530614852905
fixed_random,0,results_adamw_lr0p001,results_adamw_lr0p001,small_cnn,adamw,10,128,20000,0.001,0.9,0.0005,cuda,False,False,4,83,554,0.6581003665924072
fixed_random,0,results_adamw_lr0p001,results_adamw_lr0p001,small_cnn,adamw,10,128,20000,0.001,0.9,0.0005,cuda,False,False,4,84,555,0.5004220008850098
fixed_random,0,results_adamw_lr0p001,results_adamw_lr0p001,small_cnn,adamw,10,128,20000,0.001,0.9,0.0005,cuda,False,False,4,85,556,0.5632080435752869
fixed_random,0,results_adamw_lr0p001,results_adamw_lr0p001,small_cnn,adamw,10,128,20000,0.001,0.9,0.0005,cuda,False,False,4,86,557,-0.5277019739151001
fixed_random,0,results_adamw_lr0p001,results_adamw_lr0p001,small_cnn,adamw,10,128,20000,0.001,0.9,0.0005,cuda,False,False,4,87,558,0.2631475329399109
fixed_random,0,results_adamw_lr0p001,results_adamw_lr0p001,small_cnn,adamw,10,128,20000,0.001,0.9,0.0005,cuda,False,False,4,88,559,0.5190443992614746
fixed_random,0,results_adamw_lr0p001,results_adamw_lr0p001,small_cnn,adamw,10,128,20000,0.001,0.9,0.0005,cuda,False,False,4,89,560,0.48874011635780334
fixed_random,0,results_adamw_lr0p001,results_adamw_lr0p001,small_cnn,adamw,10,128,20000,0.001,0.9,0.0005,cuda,False,False,4,90,561,-0.04035487398505211
fixed_random,0,results_adamw_lr0p001,results_adamw_lr0p001,small_cnn,adamw,10,128,20000,0.001,0.9,0.0005,cuda,False,False,4,91,562,0.7461090087890625
fixed_random,0,results_adamw_lr0p001,results_adamw_lr0p001,small_cnn,adamw,10,128,20000,0.001,0.9,0.0005,cuda,False,False,4,92,563,-0.37903478741645813
fixed_random,0,results_adamw_lr0p001,results_adamw_lr0p001,small_cnn,adamw,10,128,20000,0.001,0.9,0.0005,cuda,False,False,4,93,564,-0.5937889814376831
fixed_random,0,results_adamw_lr0p001,results_adamw_lr0p001,small_cnn,adamw,10,128,20000,0.001,0.9,0.0005,cuda,False,False,4,94,565,0.4887576103210449
fixed_random,0,results_adamw_lr0p001,results_adamw_lr0p001,small_cnn,adamw,10,128,20000,0.001,0.9,0.0005,cuda,False,False,4,95,566,0.39736369252204895
fixed_random,0,results_adamw_lr0p001,results_adamw_lr0p001,small_cnn,adamw,10,128,20000,0.001,0.9,0.0005,cuda,False,False,4,96,567,0.3206997215747833
fixed_random,0,results_adamw_lr0p001,results_adamw_lr0p001,small_cnn,adamw,10,128,20000,0.001,0.9,0.0005,cuda,False,False,4,97,568,0.4832279682159424
fixed_random,0,results_adamw_lr0p001,results_adamw_lr0p001,small_cnn,adamw,10,128,20000,0.001,0.9,0.0005,cuda,False,False,4,98,569,-0.582493007183075
fixed_random,0,results_adamw_lr0p001,results_adamw_lr0p001,small_cnn,adamw,10,128,20000,0.001,0.9,0.0005,cuda,False,False,4,99,570,-0.0642603412270546
fixed_random,0,results_adamw_lr0p001,results_adamw_lr0p001,small_cnn,adamw,10,128,20000,0.001,0.9,0.0005,cuda,False,False,4,100,571,0.20357957482337952
fixed_random,0,results_adamw_lr0p001,results_adamw_lr0p001,small_cnn,adamw,10,128,20000,0.001,0.9,0.0005,cuda,False,False,4,101,572,0.7122783064842224
fixed_random,0,results_adamw_lr0p001,results_adamw_lr0p001,small_cnn,adamw,10,128,20000,0.001,0.9,0.0005,cuda,False,False,4,102,573,-0.3441416919231415
fixed_random,0,results_adamw_lr0p001,results_adamw_lr0p001,small_cnn,adamw,10,128,20000,0.001,0.9,0.0005,cuda,False,False,4,103,574,0.22692443430423737
fixed_random,0,results_adamw_lr0p001,results_adamw_lr0p001,small_cnn,adamw,10,128,20000,0.001,0.9,0.0005,cuda,False,False,4,104,575,0.5609762668609619
fixed_random,0,results_adamw_lr0p001,results_adamw_lr0p001,small_cnn,adamw,10,128,20000,0.001,0.9,0.0005,cuda,False,False,4,105,576,0.853243887424469
fixed_random,0,results_adamw_lr0p001,results_adamw_lr0p001,small_cnn,adamw,10,128,20000,0.001,0.9,0.0005,cuda,False,False,4,106,577,0.7635465860366821
fixed_random,0,results_adamw_lr0p001,results_adamw_lr0p001,small_cnn,adamw,10,128,20000,0.001,0.9,0.0005,cuda,False,False,4,107,578,0.19327333569526672
fixed_random,0,results_adamw_lr0p001,results_adamw_lr0p001,small_cnn,adamw,10,128,20000,0.001,0.9,0.0005,cuda,False,False,4,108,579,0.4206569194793701
fixed_random,0,results_adamw_lr0p001,results_adamw_lr0p001,small_cnn,adamw,10,128,20000,0.001,0.9,0.0005,cuda,False,False,4,109,580,0.7412953972816467
fixed_random,0,results_adamw_lr0p001,results_adamw_lr0p001,small_cnn,adamw,10,128,20000,0.001,0.9,0.0005,cuda,False,False,4,110,581,0.36116012930870056
fixed_random,0,results_adamw_lr0p001,results_adamw_lr0p001,small_cnn,adamw,10,128,20000,0.001,0.9,0.0005,cuda,False,False,4,111,582,0.3897787928581238
fixed_random,0,results_adamw_lr0p001,results_adamw_lr0p001,small_cnn,adamw,10,128,20000,0.001,0.9,0.0005,cuda,False,False,4,112,583,0.5216712355613708
fixed_random,0,results_adamw_lr0p001,results_adamw_lr0p001,small_cnn,adamw,10,128,20000,0.001,0.9,0.0005,cuda,False,False,4,113,584,0.5165905952453613
fixed_random,0,results_adamw_lr0p001,results_adamw_lr0p001,small_cnn,adamw,10,128,20000,0.001,0.9,0.0005,cuda,False,False,4,114,585,-0.08939120173454285
fixed_random,0,results_adamw_lr0p001,results_adamw_lr0p001,small_cnn,adamw,10,128,20000,0.001,0.9,0.0005,cuda,False,False,4,115,586,0.1657172441482544
fixed_random,0,results_adamw_lr0p001,results_adamw_lr0p001,small_cnn,adamw,10,128,20000,0.001,0.9,0.0005,cuda,False,False,4,116,587,0.6303901076316833
fixed_random,0,results_adamw_lr0p001,results_adamw_lr0p001,small_cnn,adamw,10,128,20000,0.001,0.9,0.0005,cuda,False,False,4,117,588,0.3589983582496643
fixed_random,0,results_adamw_lr0p001,results_adamw_lr0p001,small_cnn,adamw,10,128,20000,0.001,0.9,0.0005,cuda,False,False,4,118,589,0.10952499508857727
fixed_random,0,results_adamw_lr0p001,results_adamw_lr0p001,small_cnn,adamw,10,128,20000,0.001,0.9,0.0005,cuda,False,False,4,119,590,0.20021620392799377
fixed_random,0,results_adamw_lr0p001,results_adamw_lr0p001,small_cnn,adamw,10,128,20000,0.001,0.9,0.0005,cuda,False,False,4,120,591,-0.21334829926490784
fixed_random,0,results_adamw_lr0p001,results_adamw_lr0p001,small_cnn,adamw,10,128,20000,0.001,0.9,0.0005,cuda,False,False,4,121,592,-0.011522453278303146
fixed_random,0,results_adamw_lr0p001,results_adamw_lr0p001,small_cnn,adamw,10,128,20000,0.001,0.9,0.0005,cuda,False,False,4,122,593,0.5210205912590027
fixed_random,0,results_adamw_lr0p001,results_adamw_lr0p001,small_cnn,adamw,10,128,20000,0.001,0.9,0.0005,cuda,False,False,4,123,594,0.8467034101486206
fixed_random,0,results_adamw_lr0p001,results_adamw_lr0p001,small_cnn,adamw,10,128,20000,0.001,0.9,0.0005,cuda,False,False,4,124,595,0.7411407232284546
fixed_random,0,results_adamw_lr0p001,results_adamw_lr0p001,small_cnn,adamw,10,128,20000,0.001,0.9,0.0005,cuda,False,False,4,125,596,-0.5213783383369446
fixed_random,0,results_adamw_lr0p001,results_adamw_lr0p001,small_cnn,adamw,10,128,20000,0.001,0.9,0.0005,cuda,False,False,4,126,597,0.31503984332084656
fixed_random,0,results_adamw_lr0p001,results_adamw_lr0p001,small_cnn,adamw,10,128,20000,0.001,0.9,0.0005,cuda,False,False,4,127,598,0.6400295495986938
fixed_random,0,results_adamw_lr0p001,results_adamw_lr0p001,small_cnn,adamw,10,128,20000,0.001,0.9,0.0005,cuda,False,False,4,128,599,0.5297546982765198
fixed_random,0,results_adamw_lr0p001,results_adamw_lr0p001,small_cnn,adamw,10,128,20000,0.001,0.9,0.0005,cuda,False,False,4,129,600,0.76470947265625
fixed_random,0,results_adamw_lr0p001,results_adamw_lr0p001,small_cnn,adamw,10,128,20000,0.001,0.9,0.0005,cuda,False,False,4,130,601,0.4231060743331909
fixed_random,0,results_adamw_lr0p001,results_adamw_lr0p001,small_cnn,adamw,10,128,20000,0.001,0.9,0.0005,cuda,False,False,4,131,602,0.5358664989471436
fixed_random,0,results_adamw_lr0p001,results_adamw_lr0p001,small_cnn,adamw,10,128,20000,0.001,0.9,0.0005,cuda,False,False,4,132,603,0.22003231942653656
fixed_random,0,results_adamw_lr0p001,results_adamw_lr0p001,small_cnn,adamw,10,128,20000,0.001,0.9,0.0005,cuda,False,False,4,133,604,0.2712039351463318
fixed_random,0,results_adamw_lr0p001,results_adamw_lr0p001,small_cnn,adamw,10,128,20000,0.001,0.9,0.0005,cuda,False,False,4,134,605,0.8314739465713501
fixed_random,0,results_adamw_lr0p001,results_adamw_lr0p001,small_cnn,adamw,10,128,20000,0.001,0.9,0.0005,cuda,False,False,4,135,606,-0.02555321529507637
fixed_random,0,results_adamw_lr0p001,results_adamw_lr0p001,small_cnn,adamw,10,128,20000,0.001,0.9,0.0005,cuda,False,False,4,136,607,0.7367087006568909
fixed_random,0,results_adamw_lr0p001,results_adamw_lr0p001,small_cnn,adamw,10,128,20000,0.001,0.9,0.0005,cuda,False,False,4,137,608,0.5827776193618774
fixed_random,0,results_adamw_lr0p001,results_adamw_lr0p001,small_cnn,adamw,10,128,20000,0.001,0.9,0.0005,cuda,False,False,4,138,609,-0.20019939541816711
fixed_random,0,results_adamw_lr0p001,results_adamw_lr0p001,small_cnn,adamw,10,128,20000,0.001,0.9,0.0005,cuda,False,False,4,139,610,0.6209478378295898
fixed_random,0,results_adamw_lr0p001,results_adamw_lr0p001,small_cnn,adamw,10,128,20000,0.001,0.9,0.0005,cuda,False,False,4,140,611,0.6319708824157715
fixed_random,0,results_adamw_lr0p001,results_adamw_lr0p001,small_cnn,adamw,10,128,20000,0.001,0.9,0.0005,cuda,False,False,4,141,612,0.18519622087478638
fixed_random,0,results_adamw_lr0p001,results_adamw_lr0p001,small_cnn,adamw,10,128,20000,0.001,0.9,0.0005,cuda,False,False,4,142,613,0.41380172967910767
fixed_random,0,results_adamw_lr0p001,results_adamw_lr0p001,small_cnn,adamw,10,128,20000,0.001,0.9,0.0005,cuda,False,False,4,143,614,0.7350214123725891
fixed_random,0,results_adamw_lr0p001,results_adamw_lr0p001,small_cnn,adamw,10,128,20000,0.001,0.9,0.0005,cuda,False,False,4,144,615,-0.2900339365005493
fixed_random,0,results_adamw_lr0p001,results_adamw_lr0p001,small_cnn,adamw,10,128,20000,0.001,0.9,0.0005,cuda,False,False,4,145,616,0.018234148621559143
fixed_random,0,results_adamw_lr0p001,results_adamw_lr0p001,small_cnn,adamw,10,128,20000,0.001,0.9,0.0005,cuda,False,False,4,146,617,0.34199750423431396
fixed_random,0,results_adamw_lr0p001,results_adamw_lr0p001,small_cnn,adamw,10,128,20000,0.001,0.9,0.0005,cuda,False,False,4,147,618,0.06832478940486908
fixed_random,0,results_adamw_lr0p001,results_adamw_lr0p001,small_cnn,adamw,10,128,20000,0.001,0.9,0.0005,cuda,False,False,4,148,619,0.8078747987747192
fixed_random,0,results_adamw_lr0p001,results_adamw_lr0p001,small_cnn,adamw,10,128,20000,0.001,0.9,0.0005,cuda,False,False,4,149,620,0.6250126361846924
fixed_random,0,results_adamw_lr0p001,results_adamw_lr0p001,small_cnn,adamw,10,128,20000,0.001,0.9,0.0005,cuda,False,False,4,150,621,0.8597099781036377
fixed_random,0,results_adamw_lr0p001,results_adamw_lr0p001,small_cnn,adamw,10,128,20000,0.001,0.9,0.0005,cuda,False,False,4,151,622,-0.38541093468666077
fixed_random,0,results_adamw_lr0p001,results_adamw_lr0p001,small_cnn,adamw,10,128,20000,0.001,0.9,0.0005,cuda,False,False,4,152,623,-0.5772714614868164
fixed_random,0,results_adamw_lr0p001,results_adamw_lr0p001,small_cnn,adamw,10,128,20000,0.001,0.9,0.0005,cuda,False,False,4,153,624,0.22316208481788635
fixed_random,0,results_adamw_lr0p001,results_adamw_lr0p001,small_cnn,adamw,10,128,20000,0.001,0.9,0.0005,cuda,False,False,4,154,625,0.7285062074661255
fixed_random,0,results_adamw_lr0p001,results_adamw_lr0p001,small_cnn,adamw,10,128,20000,0.001,0.9,0.0005,cuda,False,False,4,155,626,0.5643383860588074
fixed_random,0,results_adamw_lr0p001,results_adamw_lr0p001,small_cnn,adamw,10,128,20000,0.001,0.9,0.0005,cuda,False,False,4,156,627,0.4678954780101776
fixed_random,0,results_adamw_lr0p001,results_adamw_lr0p001,small_cnn,adamw,10,128,20000,0.001,0.9,0.0005,cuda,False,False,4,157,628,-0.2961410582065582
fixed_random,0,results_adamw_lr0p001,results_adamw_lr0p001,small_cnn,adamw,10,128,20000,0.001,0.9,0.0005,cuda,False,False,5,1,629,-0.3480120897293091
fixed_random,0,results_adamw_lr0p001,results_adamw_lr0p001,small_cnn,adamw,10,128,20000,0.001,0.9,0.0005,cuda,False,False,5,2,630,0.009447010233998299
fixed_random,0,results_adamw_lr0p001,results_adamw_lr0p001,small_cnn,adamw,10,128,20000,0.001,0.9,0.0005,cuda,False,False,5,3,631,0.3986808955669403
fixed_random,0,results_adamw_lr0p001,results_adamw_lr0p001,small_cnn,adamw,10,128,20000,0.001,0.9,0.0005,cuda,False,False,5,4,632,0.6464439034461975
fixed_random,0,results_adamw_lr0p001,results_adamw_lr0p001,small_cnn,adamw,10,128,20000,0.001,0.9,0.0005,cuda,False,False,5,5,633,0.5658010840415955
fixed_random,0,results_adamw_lr0p001,results_adamw_lr0p001,small_cnn,adamw,10,128,20000,0.001,0.9,0.0005,cuda,False,False,5,6,634,-0.1745559573173523
fixed_random,0,results_adamw_lr0p001,results_adamw_lr0p001,small_cnn,adamw,10,128,20000,0.001,0.9,0.0005,cuda,False,False,5,7,635,-0.4392871856689453
fixed_random,0,results_adamw_lr0p001,results_adamw_lr0p001,small_cnn,adamw,10,128,20000,0.001,0.9,0.0005,cuda,False,False,5,8,636,0.4471002221107483
fixed_random,0,results_adamw_lr0p001,results_adamw_lr0p001,small_cnn,adamw,10,128,20000,0.001,0.9,0.0005,cuda,False,False,5,9,637,0.24983425438404083
fixed_random,0,results_adamw_lr0p001,results_adamw_lr0p001,small_cnn,adamw,10,128,20000,0.001,0.9,0.0005,cuda,False,False,5,10,638,0.19656237959861755
fixed_random,0,results_adamw_lr0p001,results_adamw_lr0p001,small_cnn,adamw,10,128,20000,0.001,0.9,0.0005,cuda,False,False,5,11,639,-0.12778688967227936
fixed_random,0,results_adamw_lr0p001,results_adamw_lr0p001,small_cnn,adamw,10,128,20000,0.001,0.9,0.0005,cuda,False,False,5,12,640,0.8736492991447449
fixed_random,0,results_adamw_lr0p001,results_adamw_lr0p001,small_cnn,adamw,10,128,20000,0.001,0.9,0.0005,cuda,False,False,5,13,641,-0.2847702205181122
fixed_random,0,results_adamw_lr0p001,results_adamw_lr0p001,small_cnn,adamw,10,128,20000,0.001,0.9,0.0005,cuda,False,False,5,14,642,0.375240683555603
fixed_random,0,results_adamw_lr0p001,results_adamw_lr0p001,small_cnn,adamw,10,128,20000,0.001,0.9,0.0005,cuda,False,False,5,15,643,0.36532387137413025
fixed_random,0,results_adamw_lr0p001,results_adamw_lr0p001,small_cnn,adamw,10,128,20000,0.001,0.9,0.0005,cuda,False,False,5,16,644,0.562994122505188
fixed_random,0,results_adamw_lr0p001,results_adamw_lr0p001,small_cnn,adamw,10,128,20000,0.001,0.9,0.0005,cuda,False,False,5,17,645,0.4731205403804779
fixed_random,0,results_adamw_lr0p001,results_adamw_lr0p001,small_cnn,adamw,10,128,20000,0.001,0.9,0.0005,cuda,False,False,5,18,646,-0.05266393721103668
fixed_random,0,results_adamw_lr0p001,results_adamw_lr0p001,small_cnn,adamw,10,128,20000,0.001,0.9,0.0005,cuda,False,False,5,19,647,0.38474220037460327
fixed_random,0,results_adamw_lr0p001,results_adamw_lr0p001,small_cnn,adamw,10,128,20000,0.001,0.9,0.0005,cuda,False,False,5,20,648,0.5650051832199097
fixed_random,0,results_adamw_lr0p001,results_adamw_lr0p001,small_cnn,adamw,10,128,20000,0.001,0.9,0.0005,cuda,False,False,5,21,649,0.23774798214435577
fixed_random,0,results_adamw_lr0p001,results_adamw_lr0p001,small_cnn,adamw,10,128,20000,0.001,0.9,0.0005,cuda,False,False,5,22,650,-0.3406502604484558
fixed_random,0,results_adamw_lr0p001,results_adamw_lr0p001,small_cnn,adamw,10,128,20000,0.001,0.9,0.0005,cuda,False,False,5,23,651,0.6987244486808777
fixed_random,0,results_adamw_lr0p001,results_adamw_lr0p001,small_cnn,adamw,10,128,20000,0.001,0.9,0.0005,cuda,False,False,5,24,652,0.6190060377120972
fixed_random,0,results_adamw_lr0p001,results_adamw_lr0p001,small_cnn,adamw,10,128,20000,0.001,0.9,0.0005,cuda,False,False,5,25,653,0.48590388894081116
fixed_random,0,results_adamw_lr0p001,results_adamw_lr0p001,small_cnn,adamw,10,128,20000,0.001,0.9,0.0005,cuda,False,False,5,26,654,0.6723030209541321
fixed_random,0,results_adamw_lr0p001,results_adamw_lr0p001,small_cnn,adamw,10,128,20000,0.001,0.9,0.0005,cuda,False,False,5,27,655,-0.48875606060028076
fixed_random,0,results_adamw_lr0p001,results_adamw_lr0p001,small_cnn,adamw,10,128,20000,0.001,0.9,0.0005,cuda,False,False,5,28,656,-0.19650767743587494
fixed_random,0,results_adamw_lr0p001,results_adamw_lr0p001,small_cnn,adamw,10,128,20000,0.001,0.9,0.0005,cuda,False,False,5,29,657,-0.04084856063127518
fixed_random,0,results_adamw_lr0p001,results_adamw_lr0p001,small_cnn,adamw,10,128,20000,0.001,0.9,0.0005,cuda,False,False,5,30,658,0.33484116196632385
fixed_random,0,results_adamw_lr0p001,results_adamw_lr0p001,small_cnn,adamw,10,128,20000,0.001,0.9,0.0005,cuda,False,False,5,31,659,0.19593895971775055
fixed_random,0,results_adamw_lr0p001,results_adamw_lr0p001,small_cnn,adamw,10,128,20000,0.001,0.9,0.0005,cuda,False,False,5,32,660,0.37100714445114136
fixed_random,0,results_adamw_lr0p001,results_adamw_lr0p001,small_cnn,adamw,10,128,20000,0.001,0.9,0.0005,cuda,False,False,5,33,661,0.05825430154800415
fixed_random,0,results_adamw_lr0p001,results_adamw_lr0p001,small_cnn,adamw,10,128,20000,0.001,0.9,0.0005,cuda,False,False,5,34,662,0.23364922404289246
fixed_random,0,results_adamw_lr0p001,results_adamw_lr0p001,small_cnn,adamw,10,128,20000,0.001,0.9,0.0005,cuda,False,False,5,35,663,0.12008266150951385
fixed_random,0,results_adamw_lr0p001,results_adamw_lr0p001,small_cnn,adamw,10,128,20000,0.001,0.9,0.0005,cuda,False,False,5,36,664,0.31720322370529175
fixed_random,0,results_adamw_lr0p001,results_adamw_lr0p001,small_cnn,adamw,10,128,20000,0.001,0.9,0.0005,cuda,False,False,5,37,665,-0.18930192291736603
fixed_random,0,results_adamw_lr0p001,results_adamw_lr0p001,small_cnn,adamw,10,128,20000,0.001,0.9,0.0005,cuda,False,False,5,38,666,0.28357791900634766
fixed_random,0,results_adamw_lr0p001,results_adamw_lr0p001,small_cnn,adamw,10,128,20000,0.001,0.9,0.0005,cuda,False,False,5,39,667,0.31511929631233215
fixed_random,0,results_adamw_lr0p001,results_adamw_lr0p001,small_cnn,adamw,10,128,20000,0.001,0.9,0.0005,cuda,False,False,5,40,668,-0.10766787081956863
fixed_random,0,results_adamw_lr0p001,results_adamw_lr0p001,small_cnn,adamw,10,128,20000,0.001,0.9,0.0005,cuda,False,False,5,41,669,-0.22478604316711426
fixed_random,0,results_adamw_lr0p001,results_adamw_lr0p001,small_cnn,adamw,10,128,20000,0.001,0.9,0.0005,cuda,False,False,5,42,670,0.6130513548851013
fixed_random,0,results_adamw_lr0p001,results_adamw_lr0p001,small_cnn,adamw,10,128,20000,0.001,0.9,0.0005,cuda,False,False,5,43,671,-0.01884610950946808
fixed_random,0,results_adamw_lr0p001,results_adamw_lr0p001,small_cnn,adamw,10,128,20000,0.001,0.9,0.0005,cuda,False,False,5,44,672,0.11813921481370926
fixed_random,0,results_adamw_lr0p001,results_adamw_lr0p001,small_cnn,adamw,10,128,20000,0.001,0.9,0.0005,cuda,False,False,5,45,673,-0.11193471401929855
fixed_random,0,results_adamw_lr0p001,results_adamw_lr0p001,small_cnn,adamw,10,128,20000,0.001,0.9,0.0005,cuda,False,False,5,46,674,0.4151145815849304
fixed_random,0,results_adamw_lr0p001,results_adamw_lr0p001,small_cnn,adamw,10,128,20000,0.001,0.9,0.0005,cuda,False,False,5,47,675,0.8046010732650757
fixed_random,0,results_adamw_lr0p001,results_adamw_lr0p001,small_cnn,adamw,10,128,20000,0.001,0.9,0.0005,cuda,False,False,5,48,676,0.5452302694320679
fixed_random,0,results_adamw_lr0p001,results_adamw_lr0p001,small_cnn,adamw,10,128,20000,0.001,0.9,0.0005,cuda,False,False,5,49,677,0.16623423993587494
fixed_random,0,results_adamw_lr0p001,results_adamw_lr0p001,small_cnn,adamw,10,128,20000,0.001,0.9,0.0005,cuda,False,False,5,50,678,0.4503500461578369
fixed_random,0,results_adamw_lr0p001,results_adamw_lr0p001,small_cnn,adamw,10,128,20000,0.001,0.9,0.0005,cuda,False,False,5,51,679,0.8606117367744446
fixed_random,0,results_adamw_lr0p001,results_adamw_lr0p001,small_cnn,adamw,10,128,20000,0.001,0.9,0.0005,cuda,False,False,5,52,680,0.6477566361427307
fixed_random,0,results_adamw_lr0p001,results_adamw_lr0p001,small_cnn,adamw,10,128,20000,0.001,0.9,0.0005,cuda,False,False,5,53,681,0.4514766335487366
fixed_random,0,results_adamw_lr0p001,results_adamw_lr0p001,small_cnn,adamw,10,128,20000,0.001,0.9,0.0005,cuda,False,False,5,54,682,0.44787007570266724
fixed_random,0,results_adamw_lr0p001,results_adamw_lr0p001,small_cnn,adamw,10,128,20000,0.001,0.9,0.0005,cuda,False,False,5,55,683,0.821164071559906
fixed_random,0,results_adamw_lr0p001,results_adamw_lr0p001,small_cnn,adamw,10,128,20000,0.001,0.9,0.0005,cuda,False,False,5,56,684,0.450786292552948
fixed_random,0,results_adamw_lr0p001,results_adamw_lr0p001,small_cnn,adamw,10,128,20000,0.001,0.9,0.0005,cuda,False,False,5,57,685,0.32371944189071655
fixed_random,0,results_adamw_lr0p001,results_adamw_lr0p001,small_cnn,adamw,10,128,20000,0.001,0.9,0.0005,cuda,False,False,5,58,686,0.27686837315559387
fixed_random,0,results_adamw_lr0p001,results_adamw_lr0p001,small_cnn,adamw,10,128,20000,0.001,0.9,0.0005,cuda,False,False,5,59,687,0.699792742729187
fixed_random,0,results_adamw_lr0p001,results_adamw_lr0p001,small_cnn,adamw,10,128,20000,0.001,0.9,0.0005,cuda,False,False,5,60,688,0.28661778569221497
fixed_random,0,results_adamw_lr0p001,results_adamw_lr0p001,small_cnn,adamw,10,128,20000,0.001,0.9,0.0005,cuda,False,False,5,61,689,0.42612409591674805
fixed_random,0,results_adamw_lr0p001,results_adamw_lr0p001,small_cnn,adamw,10,128,20000,0.001,0.9,0.0005,cuda,False,False,5,62,690,0.00257848110049963
fixed_random,0,results_adamw_lr0p001,results_adamw_lr0p001,small_cnn,adamw,10,128,20000,0.001,0.9,0.0005,cuda,False,False,5,63,691,0.6068851947784424
fixed_random,0,results_adamw_lr0p001,results_adamw_lr0p001,small_cnn,adamw,10,128,20000,0.001,0.9,0.0005,cuda,False,False,5,64,692,0.529603898525238
fixed_random,0,results_adamw_lr0p001,results_adamw_lr0p001,small_cnn,adamw,10,128,20000,0.001,0.9,0.0005,cuda,False,False,5,65,693,0.25795185565948486
fixed_random,0,results_adamw_lr0p001,results_adamw_lr0p001,small_cnn,adamw,10,128,20000,0.001,0.9,0.0005,cuda,False,False,5,66,694,0.15409326553344727
fixed_random,0,results_adamw_lr0p001,results_adamw_lr0p001,small_cnn,adamw,10,128,20000,0.001,0.9,0.0005,cuda,False,False,5,67,695,0.11389248073101044
fixed_random,0,results_adamw_lr0p001,results_adamw_lr0p001,small_cnn,adamw,10,128,20000,0.001,0.9,0.0005,cuda,False,False,5,68,696,0.07223290950059891
fixed_random,0,results_adamw_lr0p001,results_adamw_lr0p001,small_cnn,adamw,10,128,20000,0.001,0.9,0.0005,cuda,False,False,5,69,697,0.1281222403049469
fixed_random,0,results_adamw_lr0p001,results_adamw_lr0p001,small_cnn,adamw,10,128,20000,0.001,0.9,0.0005,cuda,False,False,5,70,698,0.07116802036762238
fixed_random,0,results_adamw_lr0p001,results_adamw_lr0p001,small_cnn,adamw,10,128,20000,0.001,0.9,0.0005,cuda,False,False,5,71,699,0.524744987487793
fixed_random,0,results_adamw_lr0p001,results_adamw_lr0p001,small_cnn,adamw,10,128,20000,0.001,0.9,0.0005,cuda,False,False,5,72,700,0.6506879329681396
fixed_random,0,results_adamw_lr0p001,results_adamw_lr0p001,small_cnn,adamw,10,128,20000,0.001,0.9,0.0005,cuda,False,False,5,73,701,0.2796396017074585
fixed_random,0,results_adamw_lr0p001,results_adamw_lr0p001,small_cnn,adamw,10,128,20000,0.001,0.9,0.0005,cuda,False,False,5,74,702,-0.052439022809267044
fixed_random,0,results_adamw_lr0p001,results_adamw_lr0p001,small_cnn,adamw,10,128,20000,0.001,0.9,0.0005,cuda,False,False,5,75,703,-0.0021078605204820633
fixed_random,0,results_adamw_lr0p001,results_adamw_lr0p001,small_cnn,adamw,10,128,20000,0.001,0.9,0.0005,cuda,False,False,5,76,704,-0.12041766941547394
fixed_random,0,results_adamw_lr0p001,results_adamw_lr0p001,small_cnn,adamw,10,128,20000,0.001,0.9,0.0005,cuda,False,False,5,77,705,0.23714901506900787
fixed_random,0,results_adamw_lr0p001,results_adamw_lr0p001,small_cnn,adamw,10,128,20000,0.001,0.9,0.0005,cuda,False,False,5,78,706,0.2993541359901428
fixed_random,0,results_adamw_lr0p001,results_adamw_lr0p001,small_cnn,adamw,10,128,20000,0.001,0.9,0.0005,cuda,False,False,5,79,707,0.6676302552223206
fixed_random,0,results_adamw_lr0p001,results_adamw_lr0p001,small_cnn,adamw,10,128,20000,0.001,0.9,0.0005,cuda,False,False,5,80,708,0.4748314619064331
fixed_random,0,results_adamw_lr0p001,results_adamw_lr0p001,small_cnn,adamw,10,128,20000,0.001,0.9,0.0005,cuda,False,False,5,81,709,0.20668721199035645
fixed_random,0,results_adamw_lr0p001,results_adamw_lr0p001,small_cnn,adamw,10,128,20000,0.001,0.9,0.0005,cuda,False,False,5,82,710,-0.3525722622871399
fixed_random,0,results_adamw_lr0p001,results_adamw_lr0p001,small_cnn,adamw,10,128,20000,0.001,0.9,0.0005,cuda,False,False,5,83,711,0.6524680852890015
fixed_random,0,results_adamw_lr0p001,results_adamw_lr0p001,small_cnn,adamw,10,128,20000,0.001,0.9,0.0005,cuda,False,False,5,84,712,0.6214354038238525
fixed_random,0,results_adamw_lr0p001,results_adamw_lr0p001,small_cnn,adamw,10,128,20000,0.001,0.9,0.0005,cuda,False,False,5,85,713,0.4992273151874542
fixed_random,0,results_adamw_lr0p001,results_adamw_lr0p001,small_cnn,adamw,10,128,20000,0.001,0.9,0.0005,cuda,False,False,5,86,714,-0.5042299032211304
fixed_random,0,results_adamw_lr0p001,results_adamw_lr0p001,small_cnn,adamw,10,128,20000,0.001,0.9,0.0005,cuda,False,False,5,87,715,0.06816338747739792
fixed_random,0,results_adamw_lr0p001,results_adamw_lr0p001,small_cnn,adamw,10,128,20000,0.001,0.9,0.0005,cuda,False,False,5,88,716,0.47571519017219543
fixed_random,0,results_adamw_lr0p001,results_adamw_lr0p001,small_cnn,adamw,10,128,20000,0.001,0.9,0.0005,cuda,False,False,5,89,717,0.5290048122406006
fixed_random,0,results_adamw_lr0p001,results_adamw_lr0p001,small_cnn,adamw,10,128,20000,0.001,0.9,0.0005,cuda,False,False,5,90,718,0.12672609090805054
fixed_random,0,results_adamw_lr0p001,results_adamw_lr0p001,small_cnn,adamw,10,128,20000,0.001,0.9,0.0005,cuda,False,False,5,91,719,0.7848038077354431
fixed_random,0,results_adamw_lr0p001,results_adamw_lr0p001,small_cnn,adamw,10,128,20000,0.001,0.9,0.0005,cuda,False,False,5,92,720,-0.22281037271022797
fixed_random,0,results_adamw_lr0p001,results_adamw_lr0p001,small_cnn,adamw,10,128,20000,0.001,0.9,0.0005,cuda,False,False,5,93,721,-0.6116344332695007
fixed_random,0,results_adamw_lr0p001,results_adamw_lr0p001,small_cnn,adamw,10,128,20000,0.001,0.9,0.0005,cuda,False,False,5,94,722,0.21682603657245636
fixed_random,0,results_adamw_lr0p001,results_adamw_lr0p001,small_cnn,adamw,10,128,20000,0.001,0.9,0.0005,cuda,False,False,5,95,723,0.5033572912216187
fixed_random,0,results_adamw_lr0p001,results_adamw_lr0p001,small_cnn,adamw,10,128,20000,0.001,0.9,0.0005,cuda,False,False,5,96,724,0.3488207161426544
fixed_random,0,results_adamw_lr0p001,results_adamw_lr0p001,small_cnn,adamw,10,128,20000,0.001,0.9,0.0005,cuda,False,False,5,97,725,0.5758373141288757
fixed_random,0,results_adamw_lr0p001,results_adamw_lr0p001,small_cnn,adamw,10,128,20000,0.001,0.9,0.0005,cuda,False,False,5,98,726,-0.4047118127346039
fixed_random,0,results_adamw_lr0p001,results_adamw_lr0p001,small_cnn,adamw,10,128,20000,0.001,0.9,0.0005,cuda,False,False,5,99,727,-0.24026426672935486
fixed_random,0,results_adamw_lr0p001,results_adamw_lr0p001,small_cnn,adamw,10,128,20000,0.001,0.9,0.0005,cuda,False,False,5,100,728,0.07113802433013916
fixed_random,0,results_adamw_lr0p001,results_adamw_lr0p001,small_cnn,adamw,10,128,20000,0.001,0.9,0.0005,cuda,False,False,5,101,729,0.751724898815155
fixed_random,0,results_adamw_lr0p001,results_adamw_lr0p001,small_cnn,adamw,10,128,20000,0.001,0.9,0.0005,cuda,False,False,5,102,730,-0.29264768958091736
fixed_random,0,results_adamw_lr0p001,results_adamw_lr0p001,small_cnn,adamw,10,128,20000,0.001,0.9,0.0005,cuda,False,False,5,103,731,0.019188182428479195
fixed_random,0,results_adamw_lr0p001,results_adamw_lr0p001,small_cnn,adamw,10,128,20000,0.001,0.9,0.0005,cuda,False,False,5,104,732,0.4560526907444
fixed_random,0,results_adamw_lr0p001,results_adamw_lr0p001,small_cnn,adamw,10,128,20000,0.001,0.9,0.0005,cuda,False,False,5,105,733,0.8176005482673645
fixed_random,0,results_adamw_lr0p001,results_adamw_lr0p001,small_cnn,adamw,10,128,20000,0.001,0.9,0.0005,cuda,False,False,5,106,734,0.7874612808227539
fixed_random,0,results_adamw_lr0p001,results_adamw_lr0p001,small_cnn,adamw,10,128,20000,0.001,0.9,0.0005,cuda,False,False,5,107,735,0.4350539743900299
fixed_random,0,results_adamw_lr0p001,results_adamw_lr0p001,small_cnn,adamw,10,128,20000,0.001,0.9,0.0005,cuda,False,False,5,108,736,0.12554316222667694
fixed_random,0,results_adamw_lr0p001,results_adamw_lr0p001,small_cnn,adamw,10,128,20000,0.001,0.9,0.0005,cuda,False,False,5,109,737,0.7010524272918701
fixed_random,0,results_adamw_lr0p001,results_adamw_lr0p001,small_cnn,adamw,10,128,20000,0.001,0.9,0.0005,cuda,False,False,5,110,738,0.2618664801120758
fixed_random,0,results_adamw_lr0p001,results_adamw_lr0p001,small_cnn,adamw,10,128,20000,0.001,0.9,0.0005,cuda,False,False,5,111,739,0.4069930911064148
fixed_random,0,results_adamw_lr0p001,results_adamw_lr0p001,small_cnn,adamw,10,128,20000,0.001,0.9,0.0005,cuda,False,False,5,112,740,0.47702857851982117
fixed_random,0,results_adamw_lr0p001,results_adamw_lr0p001,small_cnn,adamw,10,128,20000,0.001,0.9,0.0005,cuda,False,False,5,113,741,0.6430376172065735
fixed_random,0,results_adamw_lr0p001,results_adamw_lr0p001,small_cnn,adamw,10,128,20000,0.001,0.9,0.0005,cuda,False,False,5,114,742,0.39048120379447937
fixed_random,0,results_adamw_lr0p001,results_adamw_lr0p001,small_cnn,adamw,10,128,20000,0.001,0.9,0.0005,cuda,False,False,5,115,743,0.3492356836795807
fixed_random,0,results_adamw_lr0p001,results_adamw_lr0p001,small_cnn,adamw,10,128,20000,0.001,0.9,0.0005,cuda,False,False,5,116,744,0.24698302149772644
fixed_random,0,results_adamw_lr0p001,results_adamw_lr0p001,small_cnn,adamw,10,128,20000,0.001,0.9,0.0005,cuda,False,False,5,117,745,0.2665753662586212
fixed_random,0,results_adamw_lr0p001,results_adamw_lr0p001,small_cnn,adamw,10,128,20000,0.001,0.9,0.0005,cuda,False,False,5,118,746,0.1209288239479065
fixed_random,0,results_adamw_lr0p001,results_adamw_lr0p001,small_cnn,adamw,10,128,20000,0.001,0.9,0.0005,cuda,False,False,5,119,747,0.22703294456005096
fixed_random,0,results_adamw_lr0p001,results_adamw_lr0p001,small_cnn,adamw,10,128,20000,0.001,0.9,0.0005,cuda,False,False,5,120,748,0.33171120285987854
fixed_random,0,results_adamw_lr0p001,results_adamw_lr0p001,small_cnn,adamw,10,128,20000,0.001,0.9,0.0005,cuda,False,False,5,121,749,0.25124838948249817
fixed_random,0,results_adamw_lr0p001,results_adamw_lr0p001,small_cnn,adamw,10,128,20000,0.001,0.9,0.0005,cuda,False,False,5,122,750,0.21142792701721191
fixed_random,0,results_adamw_lr0p001,results_adamw_lr0p001,small_cnn,adamw,10,128,20000,0.001,0.9,0.0005,cuda,False,False,5,123,751,0.8225895166397095
fixed_random,0,results_adamw_lr0p001,results_adamw_lr0p001,small_cnn,adamw,10,128,20000,0.001,0.9,0.0005,cuda,False,False,5,124,752,0.7489826083183289
fixed_random,0,results_adamw_lr0p001,results_adamw_lr0p001,small_cnn,adamw,10,128,20000,0.001,0.9,0.0005,cuda,False,False,5,125,753,-0.3329119086265564
fixed_random,0,results_adamw_lr0p001,results_adamw_lr0p001,small_cnn,adamw,10,128,20000,0.001,0.9,0.0005,cuda,False,False,5,126,754,0.04583728313446045
fixed_random,0,results_adamw_lr0p001,results_adamw_lr0p001,small_cnn,adamw,10,128,20000,0.001,0.9,0.0005,cuda,False,False,5,127,755,0.5715435743331909
fixed_random,0,results_adamw_lr0p001,results_adamw_lr0p001,small_cnn,adamw,10,128,20000,0.001,0.9,0.0005,cuda,False,False,5,128,756,0.4331841468811035
fixed_random,0,results_adamw_lr0p001,results_adamw_lr0p001,small_cnn,adamw,10,128,20000,0.001,0.9,0.0005,cuda,False,False,5,129,757,0.7354761362075806
fixed_random,0,results_adamw_lr0p001,results_adamw_lr0p001,small_cnn,adamw,10,128,20000,0.001,0.9,0.0005,cuda,False,False,5,130,758,0.480934739112854
fixed_random,0,results_adamw_lr0p001,results_adamw_lr0p001,small_cnn,adamw,10,128,20000,0.001,0.9,0.0005,cuda,False,False,5,131,759,0.2952108681201935
fixed_random,0,results_adamw_lr0p001,results_adamw_lr0p001,small_cnn,adamw,10,128,20000,0.001,0.9,0.0005,cuda,False,False,5,132,760,0.2551983594894409
fixed_random,0,results_adamw_lr0p001,results_adamw_lr0p001,small_cnn,adamw,10,128,20000,0.001,0.9,0.0005,cuda,False,False,5,133,761,0.11175661534070969
fixed_random,0,results_adamw_lr0p001,results_adamw_lr0p001,small_cnn,adamw,10,128,20000,0.001,0.9,0.0005,cuda,False,False,5,134,762,0.8167220950126648
fixed_random,0,results_adamw_lr0p001,results_adamw_lr0p001,small_cnn,adamw,10,128,20000,0.001,0.9,0.0005,cuda,False,False,5,135,763,-0.018601007759571075
fixed_random,0,results_adamw_lr0p001,results_adamw_lr0p001,small_cnn,adamw,10,128,20000,0.001,0.9,0.0005,cuda,False,False,5,136,764,0.7484858632087708
fixed_random,0,results_adamw_lr0p001,results_adamw_lr0p001,small_cnn,adamw,10,128,20000,0.001,0.9,0.0005,cuda,False,False,5,137,765,0.7006151080131531
fixed_random,0,results_adamw_lr0p001,results_adamw_lr0p001,small_cnn,adamw,10,128,20000,0.001,0.9,0.0005,cuda,False,False,5,138,766,-0.5267812609672546
fixed_random,0,results_adamw_lr0p001,results_adamw_lr0p001,small_cnn,adamw,10,128,20000,0.001,0.9,0.0005,cuda,False,False,5,139,767,0.46311235427856445
fixed_random,0,results_adamw_lr0p001,results_adamw_lr0p001,small_cnn,adamw,10,128,20000,0.001,0.9,0.0005,cuda,False,False,5,140,768,0.6782897114753723
fixed_random,0,results_adamw_lr0p001,results_adamw_lr0p001,small_cnn,adamw,10,128,20000,0.001,0.9,0.0005,cuda,False,False,5,141,769,0.23721204698085785
fixed_random,0,results_adamw_lr0p001,results_adamw_lr0p001,small_cnn,adamw,10,128,20000,0.001,0.9,0.0005,cuda,False,False,5,142,770,0.3772701323032379
fixed_random,0,results_adamw_lr0p001,results_adamw_lr0p001,small_cnn,adamw,10,128,20000,0.001,0.9,0.0005,cuda,False,False,5,143,771,0.7053930759429932
fixed_random,0,results_adamw_lr0p001,results_adamw_lr0p001,small_cnn,adamw,10,128,20000,0.001,0.9,0.0005,cuda,False,False,5,144,772,-0.09707560390233994
fixed_random,0,results_adamw_lr0p001,results_adamw_lr0p001,small_cnn,adamw,10,128,20000,0.001,0.9,0.0005,cuda,False,False,5,145,773,-0.14859122037887573
fixed_random,0,results_adamw_lr0p001,results_adamw_lr0p001,small_cnn,adamw,10,128,20000,0.001,0.9,0.0005,cuda,False,False,5,146,774,0.4281351566314697
fixed_random,0,results_adamw_lr0p001,results_adamw_lr0p001,small_cnn,adamw,10,128,20000,0.001,0.9,0.0005,cuda,False,False,5,147,775,0.04096086695790291
fixed_random,0,results_adamw_lr0p001,results_adamw_lr0p001,small_cnn,adamw,10,128,20000,0.001,0.9,0.0005,cuda,False,False,5,148,776,0.8208832740783691
fixed_random,0,results_adamw_lr0p001,results_adamw_lr0p001,small_cnn,adamw,10,128,20000,0.001,0.9,0.0005,cuda,False,False,5,149,777,0.6886322498321533
fixed_random,0,results_adamw_lr0p001,results_adamw_lr0p001,small_cnn,adamw,10,128,20000,0.001,0.9,0.0005,cuda,False,False,5,150,778,0.8711312413215637
fixed_random,0,results_adamw_lr0p001,results_adamw_lr0p001,small_cnn,adamw,10,128,20000,0.001,0.9,0.0005,cuda,False,False,5,151,779,-0.07072747498750687
fixed_random,0,results_adamw_lr0p001,results_adamw_lr0p001,small_cnn,adamw,10,128,20000,0.001,0.9,0.0005,cuda,False,False,5,152,780,-0.7819900512695312
fixed_random,0,results_adamw_lr0p001,results_adamw_lr0p001,small_cnn,adamw,10,128,20000,0.001,0.9,0.0005,cuda,False,False,5,153,781,0.12947800755500793
fixed_random,0,results_adamw_lr0p001,results_adamw_lr0p001,small_cnn,adamw,10,128,20000,0.001,0.9,0.0005,cuda,False,False,5,154,782,0.5954549312591553
fixed_random,0,results_adamw_lr0p001,results_adamw_lr0p001,small_cnn,adamw,10,128,20000,0.001,0.9,0.0005,cuda,False,False,5,155,783,0.49908187985420227
fixed_random,0,results_adamw_lr0p001,results_adamw_lr0p001,small_cnn,adamw,10,128,20000,0.001,0.9,0.0005,cuda,False,False,5,156,784,0.6664338707923889
fixed_random,0,results_adamw_lr0p001,results_adamw_lr0p001,small_cnn,adamw,10,128,20000,0.001,0.9,0.0005,cuda,False,False,5,157,785,0.0433911569416523
fixed_random,0,results_adamw_lr0p001,results_adamw_lr0p001,small_cnn,adamw,10,128,20000,0.001,0.9,0.0005,cuda,False,False,6,1,786,-0.030181117355823517
fixed_random,0,results_adamw_lr0p001,results_adamw_lr0p001,small_cnn,adamw,10,128,20000,0.001,0.9,0.0005,cuda,False,False,6,2,787,-0.14994904398918152
fixed_random,0,results_adamw_lr0p001,results_adamw_lr0p001,small_cnn,adamw,10,128,20000,0.001,0.9,0.0005,cuda,False,False,6,3,788,0.3202016055583954
fixed_random,0,results_adamw_lr0p001,results_adamw_lr0p001,small_cnn,adamw,10,128,20000,0.001,0.9,0.0005,cuda,False,False,6,4,789,0.4360884428024292
fixed_random,0,results_adamw_lr0p001,results_adamw_lr0p001,small_cnn,adamw,10,128,20000,0.001,0.9,0.0005,cuda,False,False,6,5,790,0.6131120324134827
fixed_random,0,results_adamw_lr0p001,results_adamw_lr0p001,small_cnn,adamw,10,128,20000,0.001,0.9,0.0005,cuda,False,False,6,6,791,-0.09666129946708679
fixed_random,0,results_adamw_lr0p001,results_adamw_lr0p001,small_cnn,adamw,10,128,20000,0.001,0.9,0.0005,cuda,False,False,6,7,792,-0.2845709025859833
fixed_random,0,results_adamw_lr0p001,results_adamw_lr0p001,small_cnn,adamw,10,128,20000,0.001,0.9,0.0005,cuda,False,False,6,8,793,0.2660228908061981
fixed_random,0,results_adamw_lr0p001,results_adamw_lr0p001,small_cnn,adamw,10,128,20000,0.001,0.9,0.0005,cuda,False,False,6,9,794,0.2061721384525299
fixed_random,0,results_adamw_lr0p001,results_adamw_lr0p001,small_cnn,adamw,10,128,20000,0.001,0.9,0.0005,cuda,False,False,6,10,795,0.3305756151676178
fixed_random,0,results_adamw_lr0p001,results_adamw_lr0p001,small_cnn,adamw,10,128,20000,0.001,0.9,0.0005,cuda,False,False,6,11,796,-0.2159765511751175
fixed_random,0,results_adamw_lr0p001,results_adamw_lr0p001,small_cnn,adamw,10,128,20000,0.001,0.9,0.0005,cuda,False,False,6,12,797,0.8891011476516724
fixed_random,0,results_adamw_lr0p001,results_adamw_lr0p001,small_cnn,adamw,10,128,20000,0.001,0.9,0.0005,cuda,False,False,6,13,798,-0.2988521456718445
fixed_random,0,results_adamw_lr0p001,results_adamw_lr0p001,small_cnn,adamw,10,128,20000,0.001,0.9,0.0005,cuda,False,False,6,14,799,0.38642120361328125
fixed_random,0,results_adamw_lr0p001,results_adamw_lr0p001,small_cnn,adamw,10,128,20000,0.001,0.9,0.0005,cuda,False,False,6,15,800,0.45449841022491455
fixed_random,0,results_adamw_lr0p001,results_adamw_lr0p001,small_cnn,adamw,10,128,20000,0.001,0.9,0.0005,cuda,False,False,6,16,801,0.37610670924186707
fixed_random,0,results_adamw_lr0p001,results_adamw_lr0p001,small_cnn,adamw,10,128,20000,0.001,0.9,0.0005,cuda,False,False,6,17,802,0.49292537569999695
fixed_random,0,results_adamw_lr0p001,results_adamw_lr0p001,small_cnn,adamw,10,128,20000,0.001,0.9,0.0005,cuda,False,False,6,18,803,-0.046349380165338516
fixed_random,0,results_adamw_lr0p001,results_adamw_lr0p001,small_cnn,adamw,10,128,20000,0.001,0.9,0.0005,cuda,False,False,6,19,804,0.5452458262443542
fixed_random,0,results_adamw_lr0p001,results_adamw_lr0p001,small_cnn,adamw,10,128,20000,0.001,0.9,0.0005,cuda,False,False,6,20,805,0.40155184268951416
fixed_random,0,results_adamw_lr0p001,results_adamw_lr0p001,small_cnn,adamw,10,128,20000,0.001,0.9,0.0005,cuda,False,False,6,21,806,0.20339670777320862
fixed_random,0,results_adamw_lr0p001,results_adamw_lr0p001,small_cnn,adamw,10,128,20000,0.001,0.9,0.0005,cuda,False,False,6,22,807,-0.25147268176078796
fixed_random,0,results_adamw_lr0p001,results_adamw_lr0p001,small_cnn,adamw,10,128,20000,0.001,0.9,0.0005,cuda,False,False,6,23,808,0.6750510334968567
fixed_random,0,results_adamw_lr0p001,results_adamw_lr0p001,small_cnn,adamw,10,128,20000,0.001,0.9,0.0005,cuda,False,False,6,24,809,0.6632863283157349
fixed_random,0,results_adamw_lr0p001,results_adamw_lr0p001,small_cnn,adamw,10,128,20000,0.001,0.9,0.0005,cuda,False,False,6,25,810,0.5886701941490173
fixed_random,0,results_adamw_lr0p001,results_adamw_lr0p001,small_cnn,adamw,10,128,20000,0.001,0.9,0.0005,cuda,False,False,6,26,811,0.6153150200843811
fixed_random,0,results_adamw_lr0p001,results_adamw_lr0p001,small_cnn,adamw,10,128,20000,0.001,0.9,0.0005,cuda,False,False,6,27,812,-0.4782356321811676
fixed_random,0,results_adamw_lr0p001,results_adamw_lr0p001,small_cnn,adamw,10,128,20000,0.001,0.9,0.0005,cuda,False,False,6,28,813,-0.27837714552879333
fixed_random,0,results_adamw_lr0p001,results_adamw_lr0p001,small_cnn,adamw,10,128,20000,0.001,0.9,0.0005,cuda,False,False,6,29,814,0.050802964717149734
fixed_random,0,results_adamw_lr0p001,results_adamw_lr0p001,small_cnn,adamw,10,128,20000,0.001,0.9,0.0005,cuda,False,False,6,30,815,0.3734479248523712
fixed_random,0,results_adamw_lr0p001,results_adamw_lr0p001,small_cnn,adamw,10,128,20000,0.001,0.9,0.0005,cuda,False,False,6,31,816,0.1303572952747345
fixed_random,0,results_adamw_lr0p001,results_adamw_lr0p001,small_cnn,adamw,10,128,20000,0.001,0.9,0.0005,cuda,False,False,6,32,817,0.26195812225341797
fixed_random,0,results_adamw_lr0p001,results_adamw_lr0p001,small_cnn,adamw,10,128,20000,0.001,0.9,0.0005,cuda,False,False,6,33,818,0.32789021730422974
fixed_random,0,results_adamw_lr0p001,results_adamw_lr0p001,small_cnn,adamw,10,128,20000,0.001,0.9,0.0005,cuda,False,False,6,34,819,0.14349934458732605
fixed_random,0,results_adamw_lr0p001,results_adamw_lr0p001,small_cnn,adamw,10,128,20000,0.001,0.9,0.0005,cuda,False,False,6,35,820,0.1513170599937439
fixed_random,0,results_adamw_lr0p001,results_adamw_lr0p001,small_cnn,adamw,10,128,20000,0.001,0.9,0.0005,cuda,False,False,6,36,821,0.23861289024353027
fixed_random,0,results_adamw_lr0p001,results_adamw_lr0p001,small_cnn,adamw,10,128,20000,0.001,0.9,0.0005,cuda,False,False,6,37,822,-0.0658491849899292
fixed_random,0,results_adamw_lr0p001,results_adamw_lr0p001,small_cnn,adamw,10,128,20000,0.001,0.9,0.0005,cuda,False,False,6,38,823,0.24139556288719177
fixed_random,0,results_adamw_lr0p001,results_adamw_lr0p001,small_cnn,adamw,10,128,20000,0.001,0.9,0.0005,cuda,False,False,6,39,824,0.33075112104415894
fixed_random,0,results_adamw_lr0p001,results_adamw_lr0p001,small_cnn,adamw,10,128,20000,0.001,0.9,0.0005,cuda,False,False,6,40,825,-0.15680484473705292
fixed_random,0,results_adamw_lr0p001,results_adamw_lr0p001,small_cnn,adamw,10,128,20000,0.001,0.9,0.0005,cuda,False,False,6,41,826,-0.24723652005195618
fixed_random,0,results_adamw_lr0p001,results_adamw_lr0p001,small_cnn,adamw,10,128,20000,0.001,0.9,0.0005,cuda,False,False,6,42,827,0.5390069484710693
fixed_random,0,results_adamw_lr0p001,results_adamw_lr0p001,small_cnn,adamw,10,128,20000,0.001,0.9,0.0005,cuda,False,False,6,43,828,0.09133995324373245
fixed_random,0,results_adamw_lr0p001,results_adamw_lr0p001,small_cnn,adamw,10,128,20000,0.001,0.9,0.0005,cuda,False,False,6,44,829,0.13011746108531952
fixed_random,0,results_adamw_lr0p001,results_adamw_lr0p001,small_cnn,adamw,10,128,20000,0.001,0.9,0.0005,cuda,False,False,6,45,830,0.20486800372600555
fixed_random,0,results_adamw_lr0p001,results_adamw_lr0p001,small_cnn,adamw,10,128,20000,0.001,0.9,0.0005,cuda,False,False,6,46,831,0.11860599368810654
fixed_random,0,results_adamw_lr0p001,results_adamw_lr0p001,small_cnn,adamw,10,128,20000,0.001,0.9,0.0005,cuda,False,False,6,47,832,0.837917685508728
fixed_random,0,results_adamw_lr0p001,results_adamw_lr0p001,small_cnn,adamw,10,128,20000,0.001,0.9,0.0005,cuda,False,False,6,48,833,0.43848469853401184
fixed_random,0,results_adamw_lr0p001,results_adamw_lr0p001,small_cnn,adamw,10,128,20000,0.001,0.9,0.0005,cuda,False,False,6,49,834,0.2750735878944397
fixed_random,0,results_adamw_lr0p001,results_adamw_lr0p001,small_cnn,adamw,10,128,20000,0.001,0.9,0.0005,cuda,False,False,6,50,835,0.30712130665779114
fixed_random,0,results_adamw_lr0p001,results_adamw_lr0p001,small_cnn,adamw,10,128,20000,0.001,0.9,0.0005,cuda,False,False,6,51,836,0.7527453899383545
fixed_random,0,results_adamw_lr0p001,results_adamw_lr0p001,small_cnn,adamw,10,128,20000,0.001,0.9,0.0005,cuda,False,False,6,52,837,0.6067575812339783
fixed_random,0,results_adamw_lr0p001,results_adamw_lr0p001,small_cnn,adamw,10,128,20000,0.001,0.9,0.0005,cuda,False,False,6,53,838,0.4256167411804199
fixed_random,0,results_adamw_lr0p001,results_adamw_lr0p001,small_cnn,adamw,10,128,20000,0.001,0.9,0.0005,cuda,False,False,6,54,839,0.38273823261260986
fixed_random,0,results_adamw_lr0p001,results_adamw_lr0p001,small_cnn,adamw,10,128,20000,0.001,0.9,0.0005,cuda,False,False,6,55,840,0.7388560175895691
fixed_random,0,results_adamw_lr0p001,results_adamw_lr0p001,small_cnn,adamw,10,128,20000,0.001,0.9,0.0005,cuda,False,False,6,56,841,0.47562873363494873
fixed_random,0,results_adamw_lr0p001,results_adamw_lr0p001,small_cnn,adamw,10,128,20000,0.001,0.9,0.0005,cuda,False,False,6,57,842,0.3129049837589264
fixed_random,0,results_adamw_lr0p001,results_adamw_lr0p001,small_cnn,adamw,10,128,20000,0.001,0.9,0.0005,cuda,False,False,6,58,843,0.2756366729736328
fixed_random,0,results_adamw_lr0p001,results_adamw_lr0p001,small_cnn,adamw,10,128,20000,0.001,0.9,0.0005,cuda,False,False,6,59,844,0.6368979811668396
fixed_random,0,results_adamw_lr0p001,results_adamw_lr0p001,small_cnn,adamw,10,128,20000,0.001,0.9,0.0005,cuda,False,False,6,60,845,0.0800558403134346
fixed_random,0,results_adamw_lr0p001,results_adamw_lr0p001,small_cnn,adamw,10,128,20000,0.001,0.9,0.0005,cuda,False,False,6,61,846,0.36791932582855225
fixed_random,0,results_adamw_lr0p001,results_adamw_lr0p001,small_cnn,adamw,10,128,20000,0.001,0.9,0.0005,cuda,False,False,6,62,847,-0.1800847202539444
fixed_random,0,results_adamw_lr0p001,results_adamw_lr0p001,small_cnn,adamw,10,128,20000,0.001,0.9,0.0005,cuda,False,False,6,63,848,0.5201858878135681
fixed_random,0,results_adamw_lr0p001,results_adamw_lr0p001,small_cnn,adamw,10,128,20000,0.001,0.9,0.0005,cuda,False,False,6,64,849,0.4565984308719635
fixed_random,0,results_adamw_lr0p001,results_adamw_lr0p001,small_cnn,adamw,10,128,20000,0.001,0.9,0.0005,cuda,False,False,6,65,850,0.3751433491706848
fixed_random,0,results_adamw_lr0p001,results_adamw_lr0p001,small_cnn,adamw,10,128,20000,0.001,0.9,0.0005,cuda,False,False,6,66,851,0.16849759221076965
fixed_random,0,results_adamw_lr0p001,results_adamw_lr0p001,small_cnn,adamw,10,128,20000,0.001,0.9,0.0005,cuda,False,False,6,67,852,-0.11157310009002686
fixed_random,0,results_adamw_lr0p001,results_adamw_lr0p001,small_cnn,adamw,10,128,20000,0.001,0.9,0.0005,cuda,False,False,6,68,853,-0.2478073239326477
fixed_random,0,results_adamw_lr0p001,results_adamw_lr0p001,small_cnn,adamw,10,128,20000,0.001,0.9,0.0005,cuda,False,False,6,69,854,0.1697188913822174
fixed_random,0,results_adamw_lr0p001,results_adamw_lr0p001,small_cnn,adamw,10,128,20000,0.001,0.9,0.0005,cuda,False,False,6,70,855,0.2601981461048126
fixed_random,0,results_adamw_lr0p001,results_adamw_lr0p001,small_cnn,adamw,10,128,20000,0.001,0.9,0.0005,cuda,False,False,6,71,856,0.5431971549987793
fixed_random,0,results_adamw_lr0p001,results_adamw_lr0p001,small_cnn,adamw,10,128,20000,0.001,0.9,0.0005,cuda,False,False,6,72,857,0.6844359636306763
fixed_random,0,results_adamw_lr0p001,results_adamw_lr0p001,small_cnn,adamw,10,128,20000,0.001,0.9,0.0005,cuda,False,False,6,73,858,0.30096009373664856
fixed_random,0,results_adamw_lr0p001,results_adamw_lr0p001,small_cnn,adamw,10,128,20000,0.001,0.9,0.0005,cuda,False,False,6,74,859,-0.3373318612575531
fixed_random,0,results_adamw_lr0p001,results_adamw_lr0p001,small_cnn,adamw,10,128,20000,0.001,0.9,0.0005,cuda,False,False,6,75,860,-0.12268677353858948
fixed_random,0,results_adamw_lr0p001,results_adamw_lr0p001,small_cnn,adamw,10,128,20000,0.001,0.9,0.0005,cuda,False,False,6,76,861,0.12194749712944031
fixed_random,0,results_adamw_lr0p001,results_adamw_lr0p001,small_cnn,adamw,10,128,20000,0.001,0.9,0.0005,cuda,False,False,6,77,862,0.06799222528934479
fixed_random,0,results_adamw_lr0p001,results_adamw_lr0p001,small_cnn,adamw,10,128,20000,0.001,0.9,0.0005,cuda,False,False,6,78,863,0.3577159643173218
fixed_random,0,results_adamw_lr0p001,results_adamw_lr0p001,small_cnn,adamw,10,128,20000,0.001,0.9,0.0005,cuda,False,False,6,79,864,0.6874773502349854
fixed_random,0,results_adamw_lr0p001,results_adamw_lr0p001,small_cnn,adamw,10,128,20000,0.001,0.9,0.0005,cuda,False,False,6,80,865,0.36307117342948914
fixed_random,0,results_adamw_lr0p001,results_adamw_lr0p001,small_cnn,adamw,10,128,20000,0.001,0.9,0.0005,cuda,False,False,6,81,866,0.15683068335056305
fixed_random,0,results_adamw_lr0p001,results_adamw_lr0p001,small_cnn,adamw,10,128,20000,0.001,0.9,0.0005,cuda,False,False,6,82,867,-0.29828229546546936
fixed_random,0,results_adamw_lr0p001,results_adamw_lr0p001,small_cnn,adamw,10,128,20000,0.001,0.9,0.0005,cuda,False,False,6,83,868,0.6404273509979248
fixed_random,0,results_adamw_lr0p001,results_adamw_lr0p001,small_cnn,adamw,10,128,20000,0.001,0.9,0.0005,cuda,False,False,6,84,869,0.6884191036224365
fixed_random,0,results_adamw_lr0p001,results_adamw_lr0p001,small_cnn,adamw,10,128,20000,0.001,0.9,0.0005,cuda,False,False,6,85,870,0.5054053664207458
fixed_random,0,results_adamw_lr0p001,results_adamw_lr0p001,small_cnn,adamw,10,128,20000,0.001,0.9,0.0005,cuda,False,False,6,86,871,-0.3490147590637207
fixed_random,0,results_adamw_lr0p001,results_adamw_lr0p001,small_cnn,adamw,10,128,20000,0.001,0.9,0.0005,cuda,False,False,6,87,872,-0.02741900086402893
fixed_random,0,results_adamw_lr0p001,results_adamw_lr0p001,small_cnn,adamw,10,128,20000,0.001,0.9,0.0005,cuda,False,False,6,88,873,0.38860198855400085
fixed_random,0,results_adamw_lr0p001,results_adamw_lr0p001,small_cnn,adamw,10,128,20000,0.001,0.9,0.0005,cuda,False,False,6,89,874,0.47701239585876465
fixed_random,0,results_adamw_lr0p001,results_adamw_lr0p001,small_cnn,adamw,10,128,20000,0.001,0.9,0.0005,cuda,False,False,6,90,875,0.1700991839170456
fixed_random,0,results_adamw_lr0p001,results_adamw_lr0p001,small_cnn,adamw,10,128,20000,0.001,0.9,0.0005,cuda,False,False,6,91,876,0.8201794624328613
fixed_random,0,results_adamw_lr0p001,results_adamw_lr0p001,small_cnn,adamw,10,128,20000,0.001,0.9,0.0005,cuda,False,False,6,92,877,-0.15044766664505005
fixed_random,0,results_adamw_lr0p001,results_adamw_lr0p001,small_cnn,adamw,10,128,20000,0.001,0.9,0.0005,cuda,False,False,6,93,878,-0.46879157423973083
fixed_random,0,results_adamw_lr0p001,results_adamw_lr0p001,small_cnn,adamw,10,128,20000,0.001,0.9,0.0005,cuda,False,False,6,94,879,0.10162974894046783
fixed_random,0,results_adamw_lr0p001,results_adamw_lr0p001,small_cnn,adamw,10,128,20000,0.001,0.9,0.0005,cuda,False,False,6,95,880,0.5265476703643799
fixed_random,0,results_adamw_lr0p001,results_adamw_lr0p001,small_cnn,adamw,10,128,20000,0.001,0.9,0.0005,cuda,False,False,6,96,881,0.22166061401367188
fixed_random,0,results_adamw_lr0p001,results_adamw_lr0p001,small_cnn,adamw,10,128,20000,0.001,0.9,0.0005,cuda,False,False,6,97,882,0.4981788694858551
fixed_random,0,results_adamw_lr0p001,results_adamw_lr0p001,small_cnn,adamw,10,128,20000,0.001,0.9,0.0005,cuda,False,False,6,98,883,-0.3097468316555023
fixed_random,0,results_adamw_lr0p001,results_adamw_lr0p001,small_cnn,adamw,10,128,20000,0.001,0.9,0.0005,cuda,False,False,6,99,884,-0.3718501925468445
fixed_random,0,results_adamw_lr0p001,results_adamw_lr0p001,small_cnn,adamw,10,128,20000,0.001,0.9,0.0005,cuda,False,False,6,100,885,-0.0942188948392868
fixed_random,0,results_adamw_lr0p001,results_adamw_lr0p001,small_cnn,adamw,10,128,20000,0.001,0.9,0.0005,cuda,False,False,6,101,886,0.7935713529586792
fixed_random,0,results_adamw_lr0p001,results_adamw_lr0p001,small_cnn,adamw,10,128,20000,0.001,0.9,0.0005,cuda,False,False,6,102,887,-0.14071883261203766
fixed_random,0,results_adamw_lr0p001,results_adamw_lr0p001,small_cnn,adamw,10,128,20000,0.001,0.9,0.0005,cuda,False,False,6,103,888,-0.20473210513591766
fixed_random,0,results_adamw_lr0p001,results_adamw_lr0p001,small_cnn,adamw,10,128,20000,0.001,0.9,0.0005,cuda,False,False,6,104,889,0.3272320032119751
fixed_random,0,results_adamw_lr0p001,results_adamw_lr0p001,small_cnn,adamw,10,128,20000,0.001,0.9,0.0005,cuda,False,False,6,105,890,0.6863611340522766
fixed_random,0,results_adamw_lr0p001,results_adamw_lr0p001,small_cnn,adamw,10,128,20000,0.001,0.9,0.0005,cuda,False,False,6,106,891,0.7841674089431763
fixed_random,0,results_adamw_lr0p001,results_adamw_lr0p001,small_cnn,adamw,10,128,20000,0.001,0.9,0.0005,cuda,False,False,6,107,892,0.609698474407196
fixed_random,0,results_adamw_lr0p001,results_adamw_lr0p001,small_cnn,adamw,10,128,20000,0.001,0.9,0.0005,cuda,False,False,6,108,893,-0.25448986887931824
fixed_random,0,results_adamw_lr0p001,results_adamw_lr0p001,small_cnn,adamw,10,128,20000,0.001,0.9,0.0005,cuda,False,False,6,109,894,0.6080983877182007
fixed_random,0,results_adamw_lr0p001,results_adamw_lr0p001,small_cnn,adamw,10,128,20000,0.001,0.9,0.0005,cuda,False,False,6,110,895,0.22970187664031982
fixed_random,0,results_adamw_lr0p001,results_adamw_lr0p001,small_cnn,adamw,10,128,20000,0.001,0.9,0.0005,cuda,False,False,6,111,896,0.30597996711730957
fixed_random,0,results_adamw_lr0p001,results_adamw_lr0p001,small_cnn,adamw,10,128,20000,0.001,0.9,0.0005,cuda,False,False,6,112,897,0.39432504773139954
fixed_random,0,results_adamw_lr0p001,results_adamw_lr0p001,small_cnn,adamw,10,128,20000,0.001,0.9,0.0005,cuda,False,False,6,113,898,0.6786542534828186
fixed_random,0,results_adamw_lr0p001,results_adamw_lr0p001,small_cnn,adamw,10,128,20000,0.001,0.9,0.0005,cuda,False,False,6,114,899,0.549997091293335
fixed_random,0,results_adamw_lr0p001,results_adamw_lr0p001,small_cnn,adamw,10,128,20000,0.001,0.9,0.0005,cuda,False,False,6,115,900,0.6046288013458252
fixed_random,0,results_adamw_lr0p001,results_adamw_lr0p001,small_cnn,adamw,10,128,20000,0.001,0.9,0.0005,cuda,False,False,6,116,901,0.4734950065612793
fixed_random,0,results_adamw_lr0p001,results_adamw_lr0p001,small_cnn,adamw,10,128,20000,0.001,0.9,0.0005,cuda,False,False,6,117,902,0.2628590762615204
fixed_random,0,results_adamw_lr0p001,results_adamw_lr0p001,small_cnn,adamw,10,128,20000,0.001,0.9,0.0005,cuda,False,False,6,118,903,0.07539303600788116
fixed_random,0,results_adamw_lr0p001,results_adamw_lr0p001,small_cnn,adamw,10,128,20000,0.001,0.9,0.0005,cuda,False,False,6,119,904,0.07004132866859436
fixed_random,0,results_adamw_lr0p001,results_adamw_lr0p001,small_cnn,adamw,10,128,20000,0.001,0.9,0.0005,cuda,False,False,6,120,905,0.49040940403938293
fixed_random,0,results_adamw_lr0p001,results_adamw_lr0p001,small_cnn,adamw,10,128,20000,0.001,0.9,0.0005,cuda,False,False,6,121,906,0.5163294076919556
fixed_random,0,results_adamw_lr0p001,results_adamw_lr0p001,small_cnn,adamw,10,128,20000,0.001,0.9,0.0005,cuda,False,False,6,122,907,0.3746716380119324
fixed_random,0,results_adamw_lr0p001,results_adamw_lr0p001,small_cnn,adamw,10,128,20000,0.001,0.9,0.0005,cuda,False,False,6,123,908,0.8299196362495422
fixed_random,0,results_adamw_lr0p001,results_adamw_lr0p001,small_cnn,adamw,10,128,20000,0.001,0.9,0.0005,cuda,False,False,6,124,909,0.7625676989555359
fixed_random,0,results_adamw_lr0p001,results_adamw_lr0p001,small_cnn,adamw,10,128,20000,0.001,0.9,0.0005,cuda,False,False,6,125,910,-0.28436145186424255
fixed_random,0,results_adamw_lr0p001,results_adamw_lr0p001,small_cnn,adamw,10,128,20000,0.001,0.9,0.0005,cuda,False,False,6,126,911,0.05772237107157707
fixed_random,0,results_adamw_lr0p001,results_adamw_lr0p001,small_cnn,adamw,10,128,20000,0.001,0.9,0.0005,cuda,False,False,6,127,912,0.6799484491348267
fixed_random,0,results_adamw_lr0p001,results_adamw_lr0p001,small_cnn,adamw,10,128,20000,0.001,0.9,0.0005,cuda,False,False,6,128,913,0.4514930546283722
fixed_random,0,results_adamw_lr0p001,results_adamw_lr0p001,small_cnn,adamw,10,128,20000,0.001,0.9,0.0005,cuda,False,False,6,129,914,0.7609231472015381
fixed_random,0,results_adamw_lr0p001,results_adamw_lr0p001,small_cnn,adamw,10,128,20000,0.001,0.9,0.0005,cuda,False,False,6,130,915,0.47224724292755127
fixed_random,0,results_adamw_lr0p001,results_adamw_lr0p001,small_cnn,adamw,10,128,20000,0.001,0.9,0.0005,cuda,False,False,6,131,916,0.12841856479644775
fixed_random,0,results_adamw_lr0p001,results_adamw_lr0p001,small_cnn,adamw,10,128,20000,0.001,0.9,0.0005,cuda,False,False,6,132,917,0.2625036835670471
fixed_random,0,results_adamw_lr0p001,results_adamw_lr0p001,small_cnn,adamw,10,128,20000,0.001,0.9,0.0005,cuda,False,False,6,133,918,0.06990814954042435
fixed_random,0,results_adamw_lr0p001,results_adamw_lr0p001,small_cnn,adamw,10,128,20000,0.001,0.9,0.0005,cuda,False,False,6,134,919,0.7945588827133179
fixed_random,0,results_adamw_lr0p001,results_adamw_lr0p001,small_cnn,adamw,10,128,20000,0.001,0.9,0.0005,cuda,False,False,6,135,920,0.06925354897975922
fixed_random,0,results_adamw_lr0p001,results_adamw_lr0p001,small_cnn,adamw,10,128,20000,0.001,0.9,0.0005,cuda,False,False,6,136,921,0.727540135383606
fixed_random,0,results_adamw_lr0p001,results_adamw_lr0p001,small_cnn,adamw,10,128,20000,0.001,0.9,0.0005,cuda,False,False,6,137,922,0.7207332253456116
fixed_random,0,results_adamw_lr0p001,results_adamw_lr0p001,small_cnn,adamw,10,128,20000,0.001,0.9,0.0005,cuda,False,False,6,138,923,-0.6482704281806946
fixed_random,0,results_adamw_lr0p001,results_adamw_lr0p001,small_cnn,adamw,10,128,20000,0.001,0.9,0.0005,cuda,False,False,6,139,924,0.39884814620018005
fixed_random,0,results_adamw_lr0p001,results_adamw_lr0p001,small_cnn,adamw,10,128,20000,0.001,0.9,0.0005,cuda,False,False,6,140,925,0.6988571286201477
fixed_random,0,results_adamw_lr0p001,results_adamw_lr0p001,small_cnn,adamw,10,128,20000,0.001,0.9,0.0005,cuda,False,False,6,141,926,0.23366737365722656
fixed_random,0,results_adamw_lr0p001,results_adamw_lr0p001,small_cnn,adamw,10,128,20000,0.001,0.9,0.0005,cuda,False,False,6,142,927,0.33692529797554016
fixed_random,0,results_adamw_lr0p001,results_adamw_lr0p001,small_cnn,adamw,10,128,20000,0.001,0.9,0.0005,cuda,False,False,6,143,928,0.6311146020889282
fixed_random,0,results_adamw_lr0p001,results_adamw_lr0p001,small_cnn,adamw,10,128,20000,0.001,0.9,0.0005,cuda,False,False,6,144,929,0.1617678850889206
fixed_random,0,results_adamw_lr0p001,results_adamw_lr0p001,small_cnn,adamw,10,128,20000,0.001,0.9,0.0005,cuda,False,False,6,145,930,-0.0407114252448082
fixed_random,0,results_adamw_lr0p001,results_adamw_lr0p001,small_cnn,adamw,10,128,20000,0.001,0.9,0.0005,cuda,False,False,6,146,931,0.47409847378730774
fixed_random,0,results_adamw_lr0p001,results_adamw_lr0p001,small_cnn,adamw,10,128,20000,0.001,0.9,0.0005,cuda,False,False,6,147,932,0.05044889822602272
fixed_random,0,results_adamw_lr0p001,results_adamw_lr0p001,small_cnn,adamw,10,128,20000,0.001,0.9,0.0005,cuda,False,False,6,148,933,0.7606308460235596
fixed_random,0,results_adamw_lr0p001,results_adamw_lr0p001,small_cnn,adamw,10,128,20000,0.001,0.9,0.0005,cuda,False,False,6,149,934,0.6783524751663208
fixed_random,0,results_adamw_lr0p001,results_adamw_lr0p001,small_cnn,adamw,10,128,20000,0.001,0.9,0.0005,cuda,False,False,6,150,935,0.8567196130752563
fixed_random,0,results_adamw_lr0p001,results_adamw_lr0p001,small_cnn,adamw,10,128,20000,0.001,0.9,0.0005,cuda,False,False,6,151,936,0.12770090997219086
fixed_random,0,results_adamw_lr0p001,results_adamw_lr0p001,small_cnn,adamw,10,128,20000,0.001,0.9,0.0005,cuda,False,False,6,152,937,-0.7256832122802734
fixed_random,0,results_adamw_lr0p001,results_adamw_lr0p001,small_cnn,adamw,10,128,20000,0.001,0.9,0.0005,cuda,False,False,6,153,938,-0.09764355421066284
fixed_random,0,results_adamw_lr0p001,results_adamw_lr0p001,small_cnn,adamw,10,128,20000,0.001,0.9,0.0005,cuda,False,False,6,154,939,0.4540189802646637
fixed_random,0,results_adamw_lr0p001,results_adamw_lr0p001,small_cnn,adamw,10,128,20000,0.001,0.9,0.0005,cuda,False,False,6,155,940,0.43500304222106934
fixed_random,0,results_adamw_lr0p001,results_adamw_lr0p001,small_cnn,adamw,10,128,20000,0.001,0.9,0.0005,cuda,False,False,6,156,941,0.6595780253410339
fixed_random,0,results_adamw_lr0p001,results_adamw_lr0p001,small_cnn,adamw,10,128,20000,0.001,0.9,0.0005,cuda,False,False,6,157,942,0.2800268828868866
fixed_random,0,results_adamw_lr0p001,results_adamw_lr0p001,small_cnn,adamw,10,128,20000,0.001,0.9,0.0005,cuda,False,False,7,1,943,0.10068479925394058
fixed_random,0,results_adamw_lr0p001,results_adamw_lr0p001,small_cnn,adamw,10,128,20000,0.001,0.9,0.0005,cuda,False,False,7,2,944,-0.005288263782858849
fixed_random,0,results_adamw_lr0p001,results_adamw_lr0p001,small_cnn,adamw,10,128,20000,0.001,0.9,0.0005,cuda,False,False,7,3,945,0.3877025544643402
fixed_random,0,results_adamw_lr0p001,results_adamw_lr0p001,small_cnn,adamw,10,128,20000,0.001,0.9,0.0005,cuda,False,False,7,4,946,0.19552873075008392
fixed_random,0,results_adamw_lr0p001,results_adamw_lr0p001,small_cnn,adamw,10,128,20000,0.001,0.9,0.0005,cuda,False,False,7,5,947,0.6288387179374695
fixed_random,0,results_adamw_lr0p001,results_adamw_lr0p001,small_cnn,adamw,10,128,20000,0.001,0.9,0.0005,cuda,False,False,7,6,948,-0.09544821828603745
fixed_random,0,results_adamw_lr0p001,results_adamw_lr0p001,small_cnn,adamw,10,128,20000,0.001,0.9,0.0005,cuda,False,False,7,7,949,-0.21472850441932678
fixed_random,0,results_adamw_lr0p001,results_adamw_lr0p001,small_cnn,adamw,10,128,20000,0.001,0.9,0.0005,cuda,False,False,7,8,950,0.3156188428401947
fixed_random,0,results_adamw_lr0p001,results_adamw_lr0p001,small_cnn,adamw,10,128,20000,0.001,0.9,0.0005,cuda,False,False,7,9,951,0.22852730751037598
fixed_random,0,results_adamw_lr0p001,results_adamw_lr0p001,small_cnn,adamw,10,128,20000,0.001,0.9,0.0005,cuda,False,False,7,10,952,0.5047369003295898
fixed_random,0,results_adamw_lr0p001,results_adamw_lr0p001,small_cnn,adamw,10,128,20000,0.001,0.9,0.0005,cuda,False,False,7,11,953,-0.23138828575611115
fixed_random,0,results_adamw_lr0p001,results_adamw_lr0p001,small_cnn,adamw,10,128,20000,0.001,0.9,0.0005,cuda,False,False,7,12,954,0.8585055470466614
fixed_random,0,results_adamw_lr0p001,results_adamw_lr0p001,small_cnn,adamw,10,128,20000,0.001,0.9,0.0005,cuda,False,False,7,13,955,-0.34824734926223755
fixed_random,0,results_adamw_lr0p001,results_adamw_lr0p001,small_cnn,adamw,10,128,20000,0.001,0.9,0.0005,cuda,False,False,7,14,956,0.2948678433895111
fixed_random,0,results_adamw_lr0p001,results_adamw_lr0p001,small_cnn,adamw,10,128,20000,0.001,0.9,0.0005,cuda,False,False,7,15,957,0.5788044929504395
fixed_random,0,results_adamw_lr0p001,results_adamw_lr0p001,small_cnn,adamw,10,128,20000,0.001,0.9,0.0005,cuda,False,False,7,16,958,0.1466255486011505
fixed_random,0,results_adamw_lr0p001,results_adamw_lr0p001,small_cnn,adamw,10,128,20000,0.001,0.9,0.0005,cuda,False,False,7,17,959,0.4169169068336487
fixed_random,0,results_adamw_lr0p001,results_adamw_lr0p001,small_cnn,adamw,10,128,20000,0.001,0.9,0.0005,cuda,False,False,7,18,960,-0.21639391779899597
fixed_random,0,results_adamw_lr0p001,results_adamw_lr0p001,small_cnn,adamw,10,128,20000,0.001,0.9,0.0005,cuda,False,False,7,19,961,0.5545796751976013
fixed_random,0,results_adamw_lr0p001,results_adamw_lr0p001,small_cnn,adamw,10,128,20000,0.001,0.9,0.0005,cuda,False,False,7,20,962,0.393523633480072
fixed_random,0,results_adamw_lr0p001,results_adamw_lr0p001,small_cnn,adamw,10,128,20000,0.001,0.9,0.0005,cuda,False,False,7,21,963,0.22515928745269775
fixed_random,0,results_adamw_lr0p001,results_adamw_lr0p001,small_cnn,adamw,10,128,20000,0.001,0.9,0.0005,cuda,False,False,7,22,964,-0.10580616444349289
fixed_random,0,results_adamw_lr0p001,results_adamw_lr0p001,small_cnn,adamw,10,128,20000,0.001,0.9,0.0005,cuda,False,False,7,23,965,0.5883309841156006
fixed_random,0,results_adamw_lr0p001,results_adamw_lr0p001,small_cnn,adamw,10,128,20000,0.001,0.9,0.0005,cuda,False,False,7,24,966,0.6154404282569885
fixed_random,0,results_adamw_lr0p001,results_adamw_lr0p001,small_cnn,adamw,10,128,20000,0.001,0.9,0.0005,cuda,False,False,7,25,967,0.6940041184425354
fixed_random,0,results_adamw_lr0p001,results_adamw_lr0p001,small_cnn,adamw,10,128,20000,0.001,0.9,0.0005,cuda,False,False,7,26,968,0.5218932032585144
fixed_random,0,results_adamw_lr0p001,results_adamw_lr0p001,small_cnn,adamw,10,128,20000,0.001,0.9,0.0005,cuda,False,False,7,27,969,-0.40358778834342957
fixed_random,0,results_adamw_lr0p001,results_adamw_lr0p001,small_cnn,adamw,10,128,20000,0.001,0.9,0.0005,cuda,False,False,7,28,970,-0.2424301654100418
fixed_random,0,results_adamw_lr0p001,results_adamw_lr0p001,small_cnn,adamw,10,128,20000,0.001,0.9,0.0005,cuda,False,False,7,29,971,-0.0019304468296468258
fixed_random,0,results_adamw_lr0p001,results_adamw_lr0p001,small_cnn,adamw,10,128,20000,0.001,0.9,0.0005,cuda,False,False,7,30,972,0.5143686532974243
fixed_random,0,results_adamw_lr0p001,results_adamw_lr0p001,small_cnn,adamw,10,128,20000,0.001,0.9,0.0005,cuda,False,False,7,31,973,0.05453813448548317
fixed_random,0,results_adamw_lr0p001,results_adamw_lr0p001,small_cnn,adamw,10,128,20000,0.001,0.9,0.0005,cuda,False,False,7,32,974,0.19478535652160645
fixed_random,0,results_adamw_lr0p001,results_adamw_lr0p001,small_cnn,adamw,10,128,20000,0.001,0.9,0.0005,cuda,False,False,7,33,975,0.4838166832923889
fixed_random,0,results_adamw_lr0p001,results_adamw_lr0p001,small_cnn,adamw,10,128,20000,0.001,0.9,0.0005,cuda,False,False,7,34,976,0.03411223739385605
fixed_random,0,results_adamw_lr0p001,results_adamw_lr0p001,small_cnn,adamw,10,128,20000,0.001,0.9,0.0005,cuda,False,False,7,35,977,0.17480449378490448
fixed_random,0,results_adamw_lr0p001,results_adamw_lr0p001,small_cnn,adamw,10,128,20000,0.001,0.9,0.0005,cuda,False,False,7,36,978,0.3533277213573456
fixed_random,0,results_adamw_lr0p001,results_adamw_lr0p001,small_cnn,adamw,10,128,20000,0.001,0.9,0.0005,cuda,False,False,7,37,979,0.10122847557067871
fixed_random,0,results_adamw_lr0p001,results_adamw_lr0p001,small_cnn,adamw,10,128,20000,0.001,0.9,0.0005,cuda,False,False,7,38,980,0.2337379902601242
fixed_random,0,results_adamw_lr0p001,results_adamw_lr0p001,small_cnn,adamw,10,128,20000,0.001,0.9,0.0005,cuda,False,False,7,39,981,0.15629857778549194
fixed_random,0,results_adamw_lr0p001,results_adamw_lr0p001,small_cnn,adamw,10,128,20000,0.001,0.9,0.0005,cuda,False,False,7,40,982,-0.0684729665517807
fixed_random,0,results_adamw_lr0p001,results_adamw_lr0p001,small_cnn,adamw,10,128,20000,0.001,0.9,0.0005,cuda,False,False,7,41,983,-0.3115804195404053
fixed_random,0,results_adamw_lr0p001,results_adamw_lr0p001,small_cnn,adamw,10,128,20000,0.001,0.9,0.0005,cuda,False,False,7,42,984,0.4496605098247528
fixed_random,0,results_adamw_lr0p001,results_adamw_lr0p001,small_cnn,adamw,10,128,20000,0.001,0.9,0.0005,cuda,False,False,7,43,985,0.4948813021183014
fixed_random,0,results_adamw_lr0p001,results_adamw_lr0p001,small_cnn,adamw,10,128,20000,0.001,0.9,0.0005,cuda,False,False,7,44,986,0.2615478038787842
fixed_random,0,results_adamw_lr0p001,results_adamw_lr0p001,small_cnn,adamw,10,128,20000,0.001,0.9,0.0005,cuda,False,False,7,45,987,0.44388729333877563
fixed_random,0,results_adamw_lr0p001,results_adamw_lr0p001,small_cnn,adamw,10,128,20000,0.001,0.9,0.0005,cuda,False,False,7,46,988,-0.1499120146036148
fixed_random,0,results_adamw_lr0p001,results_adamw_lr0p001,small_cnn,adamw,10,128,20000,0.001,0.9,0.0005,cuda,False,False,7,47,989,0.8389079570770264
fixed_random,0,results_adamw_lr0p001,results_adamw_lr0p001,small_cnn,adamw,10,128,20000,0.001,0.9,0.0005,cuda,False,False,7,48,990,0.48117053508758545
fixed_random,0,results_adamw_lr0p001,results_adamw_lr0p001,small_cnn,adamw,10,128,20000,0.001,0.9,0.0005,cuda,False,False,7,49,991,0.4668789803981781
fixed_random,0,results_adamw_lr0p001,results_adamw_lr0p001,small_cnn,adamw,10,128,20000,0.001,0.9,0.0005,cuda,False,False,7,50,992,0.13676485419273376
fixed_random,0,results_adamw_lr0p001,results_adamw_lr0p001,small_cnn,adamw,10,128,20000,0.001,0.9,0.0005,cuda,False,False,7,51,993,0.7252029776573181
fixed_random,0,results_adamw_lr0p001,results_adamw_lr0p001,small_cnn,adamw,10,128,20000,0.001,0.9,0.0005,cuda,False,False,7,52,994,0.6018617153167725
fixed_random,0,results_adamw_lr0p001,results_adamw_lr0p001,small_cnn,adamw,10,128,20000,0.001,0.9,0.0005,cuda,False,False,7,53,995,0.4276559054851532
fixed_random,0,results_adamw_lr0p001,results_adamw_lr0p001,small_cnn,adamw,10,128,20000,0.001,0.9,0.0005,cuda,False,False,7,54,996,0.3319503664970398
fixed_random,0,results_adamw_lr0p001,results_adamw_lr0p001,small_cnn,adamw,10,128,20000,0.001,0.9,0.0005,cuda,False,False,7,55,997,0.6474423408508301
fixed_random,0,results_adamw_lr0p001,results_adamw_lr0p001,small_cnn,adamw,10,128,20000,0.001,0.9,0.0005,cuda,False,False,7,56,998,0.5445752739906311
fixed_random,0,results_adamw_lr0p001,results_adamw_lr0p001,small_cnn,adamw,10,128,20000,0.001,0.9,0.0005,cuda,False,False,7,57,999,0.2824084460735321
fixed_random,0,results_adamw_lr0p001,results_adamw_lr0p001,small_cnn,adamw,10,128,20000,0.001,0.9,0.0005,cuda,False,False,7,58,1000,0.11976701021194458
fixed_random,0,results_adamw_lr0p001,results_adamw_lr0p001,small_cnn,adamw,10,128,20000,0.001,0.9,0.0005,cuda,False,False,7,59,1001,0.654411256313324
fixed_random,0,results_adamw_lr0p001,results_adamw_lr0p001,small_cnn,adamw,10,128,20000,0.001,0.9,0.0005,cuda,False,False,7,60,1002,0.1507110744714737
fixed_random,0,results_adamw_lr0p001,results_adamw_lr0p001,small_cnn,adamw,10,128,20000,0.001,0.9,0.0005,cuda,False,False,7,61,1003,0.31856876611709595
fixed_random,0,results_adamw_lr0p001,results_adamw_lr0p001,small_cnn,adamw,10,128,20000,0.001,0.9,0.0005,cuda,False,False,7,62,1004,-0.31382039189338684
fixed_random,0,results_adamw_lr0p001,results_adamw_lr0p001,small_cnn,adamw,10,128,20000,0.001,0.9,0.0005,cuda,False,False,7,63,1005,0.4433397948741913
fixed_random,0,results_adamw_lr0p001,results_adamw_lr0p001,small_cnn,adamw,10,128,20000,0.001,0.9,0.0005,cuda,False,False,7,64,1006,0.3475179970264435
fixed_random,0,results_adamw_lr0p001,results_adamw_lr0p001,small_cnn,adamw,10,128,20000,0.001,0.9,0.0005,cuda,False,False,7,65,1007,0.35093188285827637
fixed_random,0,results_adamw_lr0p001,results_adamw_lr0p001,small_cnn,adamw,10,128,20000,0.001,0.9,0.0005,cuda,False,False,7,66,1008,0.21804654598236084
fixed_random,0,results_adamw_lr0p001,results_adamw_lr0p001,small_cnn,adamw,10,128,20000,0.001,0.9,0.0005,cuda,False,False,7,67,1009,-0.10985963046550751
fixed_random,0,results_adamw_lr0p001,results_adamw_lr0p001,small_cnn,adamw,10,128,20000,0.001,0.9,0.0005,cuda,False,False,7,68,1010,-0.2850708067417145
fixed_random,0,results_adamw_lr0p001,results_adamw_lr0p001,small_cnn,adamw,10,128,20000,0.001,0.9,0.0005,cuda,False,False,7,69,1011,0.21882261335849762
fixed_random,0,results_adamw_lr0p001,results_adamw_lr0p001,small_cnn,adamw,10,128,20000,0.001,0.9,0.0005,cuda,False,False,7,70,1012,0.381314754486084
fixed_random,0,results_adamw_lr0p001,results_adamw_lr0p001,small_cnn,adamw,10,128,20000,0.001,0.9,0.0005,cuda,False,False,7,71,1013,0.5051504969596863
fixed_random,0,results_adamw_lr0p001,results_adamw_lr0p001,small_cnn,adamw,10,128,20000,0.001,0.9,0.0005,cuda,False,False,7,72,1014,0.7025560736656189
fixed_random,0,results_adamw_lr0p001,results_adamw_lr0p001,small_cnn,adamw,10,128,20000,0.001,0.9,0.0005,cuda,False,False,7,73,1015,0.24852131307125092
fixed_random,0,results_adamw_lr0p001,results_adamw_lr0p001,small_cnn,adamw,10,128,20000,0.001,0.9,0.0005,cuda,False,False,7,74,1016,-0.3491666316986084
fixed_random,0,results_adamw_lr0p001,results_adamw_lr0p001,small_cnn,adamw,10,128,20000,0.001,0.9,0.0005,cuda,False,False,7,75,1017,-0.2754592299461365
fixed_random,0,results_adamw_lr0p001,results_adamw_lr0p001,small_cnn,adamw,10,128,20000,0.001,0.9,0.0005,cuda,False,False,7,76,1018,0.25168997049331665
fixed_random,0,results_adamw_lr0p001,results_adamw_lr0p001,small_cnn,adamw,10,128,20000,0.001,0.9,0.0005,cuda,False,False,7,77,1019,0.21635833382606506
fixed_random,0,results_adamw_lr0p001,results_adamw_lr0p001,small_cnn,adamw,10,128,20000,0.001,0.9,0.0005,cuda,False,False,7,78,1020,0.4142744541168213
fixed_random,0,results_adamw_lr0p001,results_adamw_lr0p001,small_cnn,adamw,10,128,20000,0.001,0.9,0.0005,cuda,False,False,7,79,1021,0.6765432357788086
fixed_random,0,results_adamw_lr0p001,results_adamw_lr0p001,small_cnn,adamw,10,128,20000,0.001,0.9,0.0005,cuda,False,False,7,80,1022,0.3136487603187561
fixed_random,0,results_adamw_lr0p001,results_adamw_lr0p001,small_cnn,adamw,10,128,20000,0.001,0.9,0.0005,cuda,False,False,7,81,1023,0.21162134408950806
fixed_random,0,results_adamw_lr0p001,results_adamw_lr0p001,small_cnn,adamw,10,128,20000,0.001,0.9,0.0005,cuda,False,False,7,82,1024,-0.2955971658229828
fixed_random,0,results_adamw_lr0p001,results_adamw_lr0p001,small_cnn,adamw,10,128,20000,0.001,0.9,0.0005,cuda,False,False,7,83,1025,0.61324143409729
fixed_random,0,results_adamw_lr0p001,results_adamw_lr0p001,small_cnn,adamw,10,128,20000,0.001,0.9,0.0005,cuda,False,False,7,84,1026,0.6215192079544067
fixed_random,0,results_adamw_lr0p001,results_adamw_lr0p001,small_cnn,adamw,10,128,20000,0.001,0.9,0.0005,cuda,False,False,7,85,1027,0.5208956003189087
fixed_random,0,results_adamw_lr0p001,results_adamw_lr0p001,small_cnn,adamw,10,128,20000,0.001,0.9,0.0005,cuda,False,False,7,86,1028,-0.26129862666130066
fixed_random,0,results_adamw_lr0p001,results_adamw_lr0p001,small_cnn,adamw,10,128,20000,0.001,0.9,0.0005,cuda,False,False,7,87,1029,0.040561627596616745
fixed_random,0,results_adamw_lr0p001,results_adamw_lr0p001,small_cnn,adamw,10,128,20000,0.001,0.9,0.0005,cuda,False,False,7,88,1030,0.3225608766078949
fixed_random,0,results_adamw_lr0p001,results_adamw_lr0p001,small_cnn,adamw,10,128,20000,0.001,0.9,0.0005,cuda,False,False,7,89,1031,0.36053985357284546
fixed_random,0,results_adamw_lr0p001,results_adamw_lr0p001,small_cnn,adamw,10,128,20000,0.001,0.9,0.0005,cuda,False,False,7,90,1032,0.19649602472782135
fixed_random,0,results_adamw_lr0p001,results_adamw_lr0p001,small_cnn,adamw,10,128,20000,0.001,0.9,0.0005,cuda,False,False,7,91,1033,0.8176778554916382
fixed_random,0,results_adamw_lr0p001,results_adamw_lr0p001,small_cnn,adamw,10,128,20000,0.001,0.9,0.0005,cuda,False,False,7,92,1034,-0.196172297000885
fixed_random,0,results_adamw_lr0p001,results_adamw_lr0p001,small_cnn,adamw,10,128,20000,0.001,0.9,0.0005,cuda,False,False,7,93,1035,-0.3540847897529602
fixed_random,0,results_adamw_lr0p001,results_adamw_lr0p001,small_cnn,adamw,10,128,20000,0.001,0.9,0.0005,cuda,False,False,7,94,1036,0.033018119633197784
fixed_random,0,results_adamw_lr0p001,results_adamw_lr0p001,small_cnn,adamw,10,128,20000,0.001,0.9,0.0005,cuda,False,False,7,95,1037,0.6138940453529358
fixed_random,0,results_adamw_lr0p001,results_adamw_lr0p001,small_cnn,adamw,10,128,20000,0.001,0.9,0.0005,cuda,False,False,7,96,1038,0.03995944932103157
fixed_random,0,results_adamw_lr0p001,results_adamw_lr0p001,small_cnn,adamw,10,128,20000,0.001,0.9,0.0005,cuda,False,False,7,97,1039,0.3753671944141388
fixed_random,0,results_adamw_lr0p001,results_adamw_lr0p001,small_cnn,adamw,10,128,20000,0.001,0.9,0.0005,cuda,False,False,7,98,1040,-0.2804020345211029
fixed_random,0,results_adamw_lr0p001,results_adamw_lr0p001,small_cnn,adamw,10,128,20000,0.001,0.9,0.0005,cuda,False,False,7,99,1041,-0.48209741711616516
fixed_random,0,results_adamw_lr0p001,results_adamw_lr0p001,small_cnn,adamw,10,128,20000,0.001,0.9,0.0005,cuda,False,False,7,100,1042,-0.21680818498134613
fixed_random,0,results_adamw_lr0p001,results_adamw_lr0p001,small_cnn,adamw,10,128,20000,0.001,0.9,0.0005,cuda,False,False,7,101,1043,0.8082046508789062
fixed_random,0,results_adamw_lr0p001,results_adamw_lr0p001,small_cnn,adamw,10,128,20000,0.001,0.9,0.0005,cuda,False,False,7,102,1044,-0.005172502249479294
fixed_random,0,results_adamw_lr0p001,results_adamw_lr0p001,small_cnn,adamw,10,128,20000,0.001,0.9,0.0005,cuda,False,False,7,103,1045,-0.329187273979187
fixed_random,0,results_adamw_lr0p001,results_adamw_lr0p001,small_cnn,adamw,10,128,20000,0.001,0.9,0.0005,cuda,False,False,7,104,1046,0.06329084932804108
fixed_random,0,results_adamw_lr0p001,results_adamw_lr0p001,small_cnn,adamw,10,128,20000,0.001,0.9,0.0005,cuda,False,False,7,105,1047,0.5010899901390076
fixed_random,0,results_adamw_lr0p001,results_adamw_lr0p001,small_cnn,adamw,10,128,20000,0.001,0.9,0.0005,cuda,False,False,7,106,1048,0.73993319272995
fixed_random,0,results_adamw_lr0p001,results_adamw_lr0p001,small_cnn,adamw,10,128,20000,0.001,0.9,0.0005,cuda,False,False,7,107,1049,0.6863850355148315
fixed_random,0,results_adamw_lr0p001,results_adamw_lr0p001,small_cnn,adamw,10,128,20000,0.001,0.9,0.0005,cuda,False,False,7,108,1050,-0.4222204089164734
fixed_random,0,results_adamw_lr0p001,results_adamw_lr0p001,small_cnn,adamw,10,128,20000,0.001,0.9,0.0005,cuda,False,False,7,109,1051,0.452191561460495
fixed_random,0,results_adamw_lr0p001,results_adamw_lr0p001,small_cnn,adamw,10,128,20000,0.001,0.9,0.0005,cuda,False,False,7,110,1052,0.07131149619817734
fixed_random,0,results_adamw_lr0p001,results_adamw_lr0p001,small_cnn,adamw,10,128,20000,0.001,0.9,0.0005,cuda,False,False,7,111,1053,0.15004023909568787
fixed_random,0,results_adamw_lr0p001,results_adamw_lr0p001,small_cnn,adamw,10,128,20000,0.001,0.9,0.0005,cuda,False,False,7,112,1054,0.16579632461071014
fixed_random,0,results_adamw_lr0p001,results_adamw_lr0p001,small_cnn,adamw,10,128,20000,0.001,0.9,0.0005,cuda,False,False,7,113,1055,0.6900880336761475
fixed_random,0,results_adamw_lr0p001,results_adamw_lr0p001,small_cnn,adamw,10,128,20000,0.001,0.9,0.0005,cuda,False,False,7,114,1056,0.6954320669174194
fixed_random,0,results_adamw_lr0p001,results_adamw_lr0p001,small_cnn,adamw,10,128,20000,0.001,0.9,0.0005,cuda,False,False,7,115,1057,0.7338593006134033
fixed_random,0,results_adamw_lr0p001,results_adamw_lr0p001,small_cnn,adamw,10,128,20000,0.001,0.9,0.0005,cuda,False,False,7,116,1058,0.3784216642379761
fixed_random,0,results_adamw_lr0p001,results_adamw_lr0p001,small_cnn,adamw,10,128,20000,0.001,0.9,0.0005,cuda,False,False,7,117,1059,0.3244566321372986
fixed_random,0,results_adamw_lr0p001,results_adamw_lr0p001,small_cnn,adamw,10,128,20000,0.001,0.9,0.0005,cuda,False,False,7,118,1060,0.06556839495897293
fixed_random,0,results_adamw_lr0p001,results_adamw_lr0p001,small_cnn,adamw,10,128,20000,0.001,0.9,0.0005,cuda,False,False,7,119,1061,-0.13862963020801544
fixed_random,0,results_adamw_lr0p001,results_adamw_lr0p001,small_cnn,adamw,10,128,20000,0.001,0.9,0.0005,cuda,False,False,7,120,1062,0.6044182181358337
fixed_random,0,results_adamw_lr0p001,results_adamw_lr0p001,small_cnn,adamw,10,128,20000,0.001,0.9,0.0005,cuda,False,False,7,121,1063,0.6558284759521484
fixed_random,0,results_adamw_lr0p001,results_adamw_lr0p001,small_cnn,adamw,10,128,20000,0.001,0.9,0.0005,cuda,False,False,7,122,1064,0.42231178283691406
fixed_random,0,results_adamw_lr0p001,results_adamw_lr0p001,small_cnn,adamw,10,128,20000,0.001,0.9,0.0005,cuda,False,False,7,123,1065,0.8509201407432556
fixed_random,0,results_adamw_lr0p001,results_adamw_lr0p001,small_cnn,adamw,10,128,20000,0.001,0.9,0.0005,cuda,False,False,7,124,1066,0.7604348063468933
fixed_random,0,results_adamw_lr0p001,results_adamw_lr0p001,small_cnn,adamw,10,128,20000,0.001,0.9,0.0005,cuda,False,False,7,125,1067,-0.24077478051185608
fixed_random,0,results_adamw_lr0p001,results_adamw_lr0p001,small_cnn,adamw,10,128,20000,0.001,0.9,0.0005,cuda,False,False,7,126,1068,0.24819450080394745
fixed_random,0,results_adamw_lr0p001,results_adamw_lr0p001,small_cnn,adamw,10,128,20000,0.001,0.9,0.0005,cuda,False,False,7,127,1069,0.7394975423812866
fixed_random,0,results_adamw_lr0p001,results_adamw_lr0p001,small_cnn,adamw,10,128,20000,0.001,0.9,0.0005,cuda,False,False,7,128,1070,0.43701207637786865
fixed_random,0,results_adamw_lr0p001,results_adamw_lr0p001,small_cnn,adamw,10,128,20000,0.001,0.9,0.0005,cuda,False,False,7,129,1071,0.7759841680526733
fixed_random,0,results_adamw_lr0p001,results_adamw_lr0p001,small_cnn,adamw,10,128,20000,0.001,0.9,0.0005,cuda,False,False,7,130,1072,0.42988038063049316
fixed_random,0,results_adamw_lr0p001,results_adamw_lr0p001,small_cnn,adamw,10,128,20000,0.001,0.9,0.0005,cuda,False,False,7,131,1073,0.01219140738248825
fixed_random,0,results_adamw_lr0p001,results_adamw_lr0p001,small_cnn,adamw,10,128,20000,0.001,0.9,0.0005,cuda,False,False,7,132,1074,0.2468012422323227
fixed_random,0,results_adamw_lr0p001,results_adamw_lr0p001,small_cnn,adamw,10,128,20000,0.001,0.9,0.0005,cuda,False,False,7,133,1075,0.059181198477745056
fixed_random,0,results_adamw_lr0p001,results_adamw_lr0p001,small_cnn,adamw,10,128,20000,0.001,0.9,0.0005,cuda,False,False,7,134,1076,0.8028926253318787
fixed_random,0,results_adamw_lr0p001,results_adamw_lr0p001,small_cnn,adamw,10,128,20000,0.001,0.9,0.0005,cuda,False,False,7,135,1077,0.14698801934719086
fixed_random,0,results_adamw_lr0p001,results_adamw_lr0p001,small_cnn,adamw,10,128,20000,0.001,0.9,0.0005,cuda,False,False,7,136,1078,0.701244056224823
fixed_random,0,results_adamw_lr0p001,results_adamw_lr0p001,small_cnn,adamw,10,128,20000,0.001,0.9,0.0005,cuda,False,False,7,137,1079,0.716794490814209
fixed_random,0,results_adamw_lr0p001,results_adamw_lr0p001,small_cnn,adamw,10,128,20000,0.001,0.9,0.0005,cuda,False,False,7,138,1080,-0.5877136588096619
fixed_random,0,results_adamw_lr0p001,results_adamw_lr0p001,small_cnn,adamw,10,128,20000,0.001,0.9,0.0005,cuda,False,False,7,139,1081,0.39295992255210876
fixed_random,0,results_adamw_lr0p001,results_adamw_lr0p001,small_cnn,adamw,10,128,20000,0.001,0.9,0.0005,cuda,False,False,7,140,1082,0.7240694761276245
fixed_random,0,results_adamw_lr0p001,results_adamw_lr0p001,small_cnn,adamw,10,128,20000,0.001,0.9,0.0005,cuda,False,False,7,141,1083,0.2295757383108139
fixed_random,0,results_adamw_lr0p001,results_adamw_lr0p001,small_cnn,adamw,10,128,20000,0.001,0.9,0.0005,cuda,False,False,7,142,1084,0.21803899109363556
fixed_random,0,results_adamw_lr0p001,results_adamw_lr0p001,small_cnn,adamw,10,128,20000,0.001,0.9,0.0005,cuda,False,False,7,143,1085,0.5181795358657837
fixed_random,0,results_adamw_lr0p001,results_adamw_lr0p001,small_cnn,adamw,10,128,20000,0.001,0.9,0.0005,cuda,False,False,7,144,1086,0.14477282762527466
fixed_random,0,results_adamw_lr0p001,results_adamw_lr0p001,small_cnn,adamw,10,128,20000,0.001,0.9,0.0005,cuda,False,False,7,145,1087,-0.032405465841293335
fixed_random,0,results_adamw_lr0p001,results_adamw_lr0p001,small_cnn,adamw,10,128,20000,0.001,0.9,0.0005,cuda,False,False,7,146,1088,0.5093909502029419
fixed_random,0,results_adamw_lr0p001,results_adamw_lr0p001,small_cnn,adamw,10,128,20000,0.001,0.9,0.0005,cuda,False,False,7,147,1089,0.10631576925516129
fixed_random,0,results_adamw_lr0p001,results_adamw_lr0p001,small_cnn,adamw,10,128,20000,0.001,0.9,0.0005,cuda,False,False,7,148,1090,0.6829684972763062
fixed_random,0,results_adamw_lr0p001,results_adamw_lr0p001,small_cnn,adamw,10,128,20000,0.001,0.9,0.0005,cuda,False,False,7,149,1091,0.6213738322257996
fixed_random,0,results_adamw_lr0p001,results_adamw_lr0p001,small_cnn,adamw,10,128,20000,0.001,0.9,0.0005,cuda,False,False,7,150,1092,0.8535608053207397
fixed_random,0,results_adamw_lr0p001,results_adamw_lr0p001,small_cnn,adamw,10,128,20000,0.001,0.9,0.0005,cuda,False,False,7,151,1093,0.21211382746696472
fixed_random,0,results_adamw_lr0p001,results_adamw_lr0p001,small_cnn,adamw,10,128,20000,0.001,0.9,0.0005,cuda,False,False,7,152,1094,-0.7146801948547363
fixed_random,0,results_adamw_lr0p001,results_adamw_lr0p001,small_cnn,adamw,10,128,20000,0.001,0.9,0.0005,cuda,False,False,7,153,1095,-0.17060820758342743
fixed_random,0,results_adamw_lr0p001,results_adamw_lr0p001,small_cnn,adamw,10,128,20000,0.001,0.9,0.0005,cuda,False,False,7,154,1096,0.2816368341445923
fixed_random,0,results_adamw_lr0p001,results_adamw_lr0p001,small_cnn,adamw,10,128,20000,0.001,0.9,0.0005,cuda,False,False,7,155,1097,0.3635670244693756
fixed_random,0,results_adamw_lr0p001,results_adamw_lr0p001,small_cnn,adamw,10,128,20000,0.001,0.9,0.0005,cuda,False,False,7,156,1098,0.5928868055343628
fixed_random,0,results_adamw_lr0p001,results_adamw_lr0p001,small_cnn,adamw,10,128,20000,0.001,0.9,0.0005,cuda,False,False,7,157,1099,0.23546868562698364
fixed_random,0,results_adamw_lr0p001,results_adamw_lr0p001,small_cnn,adamw,10,128,20000,0.001,0.9,0.0005,cuda,False,False,8,1,1100,0.035484377294778824
fixed_random,0,results_adamw_lr0p001,results_adamw_lr0p001,small_cnn,adamw,10,128,20000,0.001,0.9,0.0005,cuda,False,False,8,2,1101,0.0063219210132956505
fixed_random,0,results_adamw_lr0p001,results_adamw_lr0p001,small_cnn,adamw,10,128,20000,0.001,0.9,0.0005,cuda,False,False,8,3,1102,0.38467416167259216
fixed_random,0,results_adamw_lr0p001,results_adamw_lr0p001,small_cnn,adamw,10,128,20000,0.001,0.9,0.0005,cuda,False,False,8,4,1103,-0.09357777237892151
fixed_random,0,results_adamw_lr0p001,results_adamw_lr0p001,small_cnn,adamw,10,128,20000,0.001,0.9,0.0005,cuda,False,False,8,5,1104,0.6871744990348816
fixed_random,0,results_adamw_lr0p001,results_adamw_lr0p001,small_cnn,adamw,10,128,20000,0.001,0.9,0.0005,cuda,False,False,8,6,1105,-0.0956236943602562
fixed_random,0,results_adamw_lr0p001,results_adamw_lr0p001,small_cnn,adamw,10,128,20000,0.001,0.9,0.0005,cuda,False,False,8,7,1106,-0.09763286262750626
fixed_random,0,results_adamw_lr0p001,results_adamw_lr0p001,small_cnn,adamw,10,128,20000,0.001,0.9,0.0005,cuda,False,False,8,8,1107,0.3711811602115631
fixed_random,0,results_adamw_lr0p001,results_adamw_lr0p001,small_cnn,adamw,10,128,20000,0.001,0.9,0.0005,cuda,False,False,8,9,1108,0.21379248797893524
fixed_random,0,results_adamw_lr0p001,results_adamw_lr0p001,small_cnn,adamw,10,128,20000,0.001,0.9,0.0005,cuda,False,False,8,10,1109,0.5676377415657043
fixed_random,0,results_adamw_lr0p001,results_adamw_lr0p001,small_cnn,adamw,10,128,20000,0.001,0.9,0.0005,cuda,False,False,8,11,1110,-0.24096935987472534
fixed_random,0,results_adamw_lr0p001,results_adamw_lr0p001,small_cnn,adamw,10,128,20000,0.001,0.9,0.0005,cuda,False,False,8,12,1111,0.8436944484710693
fixed_random,0,results_adamw_lr0p001,results_adamw_lr0p001,small_cnn,adamw,10,128,20000,0.001,0.9,0.0005,cuda,False,False,8,13,1112,-0.2204645425081253
fixed_random,0,results_adamw_lr0p001,results_adamw_lr0p001,small_cnn,adamw,10,128,20000,0.001,0.9,0.0005,cuda,False,False,8,14,1113,0.33199867606163025
fixed_random,0,results_adamw_lr0p001,results_adamw_lr0p001,small_cnn,adamw,10,128,20000,0.001,0.9,0.0005,cuda,False,False,8,15,1114,0.6542766094207764
fixed_random,0,results_adamw_lr0p001,results_adamw_lr0p001,small_cnn,adamw,10,128,20000,0.001,0.9,0.0005,cuda,False,False,8,16,1115,-0.04507933557033539
fixed_random,0,results_adamw_lr0p001,results_adamw_lr0p001,small_cnn,adamw,10,128,20000,0.001,0.9,0.0005,cuda,False,False,8,17,1116,0.34751561284065247
fixed_random,0,results_adamw_lr0p001,results_adamw_lr0p001,small_cnn,adamw,10,128,20000,0.001,0.9,0.0005,cuda,False,False,8,18,1117,-0.22619737684726715
fixed_random,0,results_adamw_lr0p001,results_adamw_lr0p001,small_cnn,adamw,10,128,20000,0.001,0.9,0.0005,cuda,False,False,8,19,1118,0.5834630131721497
fixed_random,0,results_adamw_lr0p001,results_adamw_lr0p001,small_cnn,adamw,10,128,20000,0.001,0.9,0.0005,cuda,False,False,8,20,1119,0.3492639362812042
fixed_random,0,results_adamw_lr0p001,results_adamw_lr0p001,small_cnn,adamw,10,128,20000,0.001,0.9,0.0005,cuda,False,False,8,21,1120,0.1656266301870346
fixed_random,0,results_adamw_lr0p001,results_adamw_lr0p001,small_cnn,adamw,10,128,20000,0.001,0.9,0.0005,cuda,False,False,8,22,1121,-0.0592583492398262
fixed_random,0,results_adamw_lr0p001,results_adamw_lr0p001,small_cnn,adamw,10,128,20000,0.001,0.9,0.0005,cuda,False,False,8,23,1122,0.49953848123550415
fixed_random,0,results_adamw_lr0p001,results_adamw_lr0p001,small_cnn,adamw,10,128,20000,0.001,0.9,0.0005,cuda,False,False,8,24,1123,0.5547369122505188
fixed_random,0,results_adamw_lr0p001,results_adamw_lr0p001,small_cnn,adamw,10,128,20000,0.001,0.9,0.0005,cuda,False,False,8,25,1124,0.7139689922332764
fixed_random,0,results_adamw_lr0p001,results_adamw_lr0p001,small_cnn,adamw,10,128,20000,0.001,0.9,0.0005,cuda,False,False,8,26,1125,0.38310450315475464
fixed_random,0,results_adamw_lr0p001,results_adamw_lr0p001,small_cnn,adamw,10,128,20000,0.001,0.9,0.0005,cuda,False,False,8,27,1126,-0.1967243105173111
fixed_random,0,results_adamw_lr0p001,results_adamw_lr0p001,small_cnn,adamw,10,128,20000,0.001,0.9,0.0005,cuda,False,False,8,28,1127,-0.20801296830177307
fixed_random,0,results_adamw_lr0p001,results_adamw_lr0p001,small_cnn,adamw,10,128,20000,0.001,0.9,0.0005,cuda,False,False,8,29,1128,0.042037155479192734
fixed_random,0,results_adamw_lr0p001,results_adamw_lr0p001,small_cnn,adamw,10,128,20000,0.001,0.9,0.0005,cuda,False,False,8,30,1129,0.5925902128219604
fixed_random,0,results_adamw_lr0p001,results_adamw_lr0p001,small_cnn,adamw,10,128,20000,0.001,0.9,0.0005,cuda,False,False,8,31,1130,0.007636841386556625
fixed_random,0,results_adamw_lr0p001,results_adamw_lr0p001,small_cnn,adamw,10,128,20000,0.001,0.9,0.0005,cuda,False,False,8,32,1131,0.09370464086532593
fixed_random,0,results_adamw_lr0p001,results_adamw_lr0p001,small_cnn,adamw,10,128,20000,0.001,0.9,0.0005,cuda,False,False,8,33,1132,0.5600086450576782
fixed_random,0,results_adamw_lr0p001,results_adamw_lr0p001,small_cnn,adamw,10,128,20000,0.001,0.9,0.0005,cuda,False,False,8,34,1133,0.027073457837104797
fixed_random,0,results_adamw_lr0p001,results_adamw_lr0p001,small_cnn,adamw,10,128,20000,0.001,0.9,0.0005,cuda,False,False,8,35,1134,0.09933045506477356
fixed_random,0,results_adamw_lr0p001,results_adamw_lr0p001,small_cnn,adamw,10,128,20000,0.001,0.9,0.0005,cuda,False,False,8,36,1135,0.30300045013427734
fixed_random,0,results_adamw_lr0p001,results_adamw_lr0p001,small_cnn,adamw,10,128,20000,0.001,0.9,0.0005,cuda,False,False,8,37,1136,0.1981775015592575
fixed_random,0,results_adamw_lr0p001,results_adamw_lr0p001,small_cnn,adamw,10,128,20000,0.001,0.9,0.0005,cuda,False,False,8,38,1137,0.2667641043663025
fixed_random,0,results_adamw_lr0p001,results_adamw_lr0p001,small_cnn,adamw,10,128,20000,0.001,0.9,0.0005,cuda,False,False,8,39,1138,0.1788003146648407
fixed_random,0,results_adamw_lr0p001,results_adamw_lr0p001,small_cnn,adamw,10,128,20000,0.001,0.9,0.0005,cuda,False,False,8,40,1139,0.09632992744445801
fixed_random,0,results_adamw_lr0p001,results_adamw_lr0p001,small_cnn,adamw,10,128,20000,0.001,0.9,0.0005,cuda,False,False,8,41,1140,-0.3097699284553528
fixed_random,0,results_adamw_lr0p001,results_adamw_lr0p001,small_cnn,adamw,10,128,20000,0.001,0.9,0.0005,cuda,False,False,8,42,1141,0.2555554211139679
fixed_random,0,results_adamw_lr0p001,results_adamw_lr0p001,small_cnn,adamw,10,128,20000,0.001,0.9,0.0005,cuda,False,False,8,43,1142,0.6434826254844666
fixed_random,0,results_adamw_lr0p001,results_adamw_lr0p001,small_cnn,adamw,10,128,20000,0.001,0.9,0.0005,cuda,False,False,8,44,1143,0.3616291284561157
fixed_random,0,results_adamw_lr0p001,results_adamw_lr0p001,small_cnn,adamw,10,128,20000,0.001,0.9,0.0005,cuda,False,False,8,45,1144,0.6604644656181335
fixed_random,0,results_adamw_lr0p001,results_adamw_lr0p001,small_cnn,adamw,10,128,20000,0.001,0.9,0.0005,cuda,False,False,8,46,1145,-0.4706372618675232
fixed_random,0,results_adamw_lr0p001,results_adamw_lr0p001,small_cnn,adamw,10,128,20000,0.001,0.9,0.0005,cuda,False,False,8,47,1146,0.7927509546279907
fixed_random,0,results_adamw_lr0p001,results_adamw_lr0p001,small_cnn,adamw,10,128,20000,0.001,0.9,0.0005,cuda,False,False,8,48,1147,0.537672221660614
fixed_random,0,results_adamw_lr0p001,results_adamw_lr0p001,small_cnn,adamw,10,128,20000,0.001,0.9,0.0005,cuda,False,False,8,49,1148,0.6474112868309021
fixed_random,0,results_adamw_lr0p001,results_adamw_lr0p001,small_cnn,adamw,10,128,20000,0.001,0.9,0.0005,cuda,False,False,8,50,1149,0.18561676144599915
fixed_random,0,results_adamw_lr0p001,results_adamw_lr0p001,small_cnn,adamw,10,128,20000,0.001,0.9,0.0005,cuda,False,False,8,51,1150,0.4072237014770508
fixed_random,0,results_adamw_lr0p001,results_adamw_lr0p001,small_cnn,adamw,10,128,20000,0.001,0.9,0.0005,cuda,False,False,8,52,1151,0.45109933614730835
fixed_random,0,results_adamw_lr0p001,results_adamw_lr0p001,small_cnn,adamw,10,128,20000,0.001,0.9,0.0005,cuda,False,False,8,53,1152,0.4456879496574402
fixed_random,0,results_adamw_lr0p001,results_adamw_lr0p001,small_cnn,adamw,10,128,20000,0.001,0.9,0.0005,cuda,False,False,8,54,1153,0.31174084544181824
fixed_random,0,results_adamw_lr0p001,results_adamw_lr0p001,small_cnn,adamw,10,128,20000,0.001,0.9,0.0005,cuda,False,False,8,55,1154,0.6450510025024414
fixed_random,0,results_adamw_lr0p001,results_adamw_lr0p001,small_cnn,adamw,10,128,20000,0.001,0.9,0.0005,cuda,False,False,8,56,1155,0.480471134185791
fixed_random,0,results_adamw_lr0p001,results_adamw_lr0p001,small_cnn,adamw,10,128,20000,0.001,0.9,0.0005,cuda,False,False,8,57,1156,0.187811017036438
fixed_random,0,results_adamw_lr0p001,results_adamw_lr0p001,small_cnn,adamw,10,128,20000,0.001,0.9,0.0005,cuda,False,False,8,58,1157,-0.01442134939134121
fixed_random,0,results_adamw_lr0p001,results_adamw_lr0p001,small_cnn,adamw,10,128,20000,0.001,0.9,0.0005,cuda,False,False,8,59,1158,0.6194521188735962
fixed_random,0,results_adamw_lr0p001,results_adamw_lr0p001,small_cnn,adamw,10,128,20000,0.001,0.9,0.0005,cuda,False,False,8,60,1159,0.02259894087910652
fixed_random,0,results_adamw_lr0p001,results_adamw_lr0p001,small_cnn,adamw,10,128,20000,0.001,0.9,0.0005,cuda,False,False,8,61,1160,0.2752710282802582
fixed_random,0,results_adamw_lr0p001,results_adamw_lr0p001,small_cnn,adamw,10,128,20000,0.001,0.9,0.0005,cuda,False,False,8,62,1161,-0.281579852104187
fixed_random,0,results_adamw_lr0p001,results_adamw_lr0p001,small_cnn,adamw,10,128,20000,0.001,0.9,0.0005,cuda,False,False,8,63,1162,0.4445970356464386
fixed_random,0,results_adamw_lr0p001,results_adamw_lr0p001,small_cnn,adamw,10,128,20000,0.001,0.9,0.0005,cuda,False,False,8,64,1163,0.3778725862503052
fixed_random,0,results_adamw_lr0p001,results_adamw_lr0p001,small_cnn,adamw,10,128,20000,0.001,0.9,0.0005,cuda,False,False,8,65,1164,0.41230979561805725
fixed_random,0,results_adamw_lr0p001,results_adamw_lr0p001,small_cnn,adamw,10,128,20000,0.001,0.9,0.0005,cuda,False,False,8,66,1165,0.23326951265335083
fixed_random,0,results_adamw_lr0p001,results_adamw_lr0p001,small_cnn,adamw,10,128,20000,0.001,0.9,0.0005,cuda,False,False,8,67,1166,-0.09065740555524826
fixed_random,0,results_adamw_lr0p001,results_adamw_lr0p001,small_cnn,adamw,10,128,20000,0.001,0.9,0.0005,cuda,False,False,8,68,1167,-0.3548802137374878
fixed_random,0,results_adamw_lr0p001,results_adamw_lr0p001,small_cnn,adamw,10,128,20000,0.001,0.9,0.0005,cuda,False,False,8,69,1168,0.28816983103752136
fixed_random,0,results_adamw_lr0p001,results_adamw_lr0p001,small_cnn,adamw,10,128,20000,0.001,0.9,0.0005,cuda,False,False,8,70,1169,0.533845841884613
fixed_random,0,results_adamw_lr0p001,results_adamw_lr0p001,small_cnn,adamw,10,128,20000,0.001,0.9,0.0005,cuda,False,False,8,71,1170,0.5985939502716064
fixed_random,0,results_adamw_lr0p001,results_adamw_lr0p001,small_cnn,adamw,10,128,20000,0.001,0.9,0.0005,cuda,False,False,8,72,1171,0.7210705876350403
fixed_random,0,results_adamw_lr0p001,results_adamw_lr0p001,small_cnn,adamw,10,128,20000,0.001,0.9,0.0005,cuda,False,False,8,73,1172,0.06575588136911392
fixed_random,0,results_adamw_lr0p001,results_adamw_lr0p001,small_cnn,adamw,10,128,20000,0.001,0.9,0.0005,cuda,False,False,8,74,1173,-0.25612372159957886
fixed_random,0,results_adamw_lr0p001,results_adamw_lr0p001,small_cnn,adamw,10,128,20000,0.001,0.9,0.0005,cuda,False,False,8,75,1174,-0.24720700085163116
fixed_random,0,results_adamw_lr0p001,results_adamw_lr0p001,small_cnn,adamw,10,128,20000,0.001,0.9,0.0005,cuda,False,False,8,76,1175,0.23329661786556244
fixed_random,0,results_adamw_lr0p001,results_adamw_lr0p001,small_cnn,adamw,10,128,20000,0.001,0.9,0.0005,cuda,False,False,8,77,1176,0.170582115650177
fixed_random,0,results_adamw_lr0p001,results_adamw_lr0p001,small_cnn,adamw,10,128,20000,0.001,0.9,0.0005,cuda,False,False,8,78,1177,0.46455514430999756
fixed_random,0,results_adamw_lr0p001,results_adamw_lr0p001,small_cnn,adamw,10,128,20000,0.001,0.9,0.0005,cuda,False,False,8,79,1178,0.6664215922355652
fixed_random,0,results_adamw_lr0p001,results_adamw_lr0p001,small_cnn,adamw,10,128,20000,0.001,0.9,0.0005,cuda,False,False,8,80,1179,0.19563345611095428
fixed_random,0,results_adamw_lr0p001,results_adamw_lr0p001,small_cnn,adamw,10,128,20000,0.001,0.9,0.0005,cuda,False,False,8,81,1180,0.09809204936027527
fixed_random,0,results_adamw_lr0p001,results_adamw_lr0p001,small_cnn,adamw,10,128,20000,0.001,0.9,0.0005,cuda,False,False,8,82,1181,-0.1410617232322693
fixed_random,0,results_adamw_lr0p001,results_adamw_lr0p001,small_cnn,adamw,10,128,20000,0.001,0.9,0.0005,cuda,False,False,8,83,1182,0.44696173071861267
fixed_random,0,results_adamw_lr0p001,results_adamw_lr0p001,small_cnn,adamw,10,128,20000,0.001,0.9,0.0005,cuda,False,False,8,84,1183,0.6111888289451599
fixed_random,0,results_adamw_lr0p001,results_adamw_lr0p001,small_cnn,adamw,10,128,20000,0.001,0.9,0.0005,cuda,False,False,8,85,1184,0.5106258392333984
fixed_random,0,results_adamw_lr0p001,results_adamw_lr0p001,small_cnn,adamw,10,128,20000,0.001,0.9,0.0005,cuda,False,False,8,86,1185,-0.14488156139850616
fixed_random,0,results_adamw_lr0p001,results_adamw_lr0p001,small_cnn,adamw,10,128,20000,0.001,0.9,0.0005,cuda,False,False,8,87,1186,0.13899627327919006
fixed_random,0,results_adamw_lr0p001,results_adamw_lr0p001,small_cnn,adamw,10,128,20000,0.001,0.9,0.0005,cuda,False,False,8,88,1187,0.32522642612457275
fixed_random,0,results_adamw_lr0p001,results_adamw_lr0p001,small_cnn,adamw,10,128,20000,0.001,0.9,0.0005,cuda,False,False,8,89,1188,0.256317675113678
fixed_random,0,results_adamw_lr0p001,results_adamw_lr0p001,small_cnn,adamw,10,128,20000,0.001,0.9,0.0005,cuda,False,False,8,90,1189,0.035233668982982635
fixed_random,0,results_adamw_lr0p001,results_adamw_lr0p001,small_cnn,adamw,10,128,20000,0.001,0.9,0.0005,cuda,False,False,8,91,1190,0.8217209577560425
fixed_random,0,results_adamw_lr0p001,results_adamw_lr0p001,small_cnn,adamw,10,128,20000,0.001,0.9,0.0005,cuda,False,False,8,92,1191,-0.2091914564371109
fixed_random,0,results_adamw_lr0p001,results_adamw_lr0p001,small_cnn,adamw,10,128,20000,0.001,0.9,0.0005,cuda,False,False,8,93,1192,-0.4222014844417572
fixed_random,0,results_adamw_lr0p001,results_adamw_lr0p001,small_cnn,adamw,10,128,20000,0.001,0.9,0.0005,cuda,False,False,8,94,1193,0.003618529997766018
fixed_random,0,results_adamw_lr0p001,results_adamw_lr0p001,small_cnn,adamw,10,128,20000,0.001,0.9,0.0005,cuda,False,False,8,95,1194,0.6443124413490295
fixed_random,0,results_adamw_lr0p001,results_adamw_lr0p001,small_cnn,adamw,10,128,20000,0.001,0.9,0.0005,cuda,False,False,8,96,1195,-0.07272574305534363
fixed_random,0,results_adamw_lr0p001,results_adamw_lr0p001,small_cnn,adamw,10,128,20000,0.001,0.9,0.0005,cuda,False,False,8,97,1196,0.2671394646167755
fixed_random,0,results_adamw_lr0p001,results_adamw_lr0p001,small_cnn,adamw,10,128,20000,0.001,0.9,0.0005,cuda,False,False,8,98,1197,-0.1375933289527893
fixed_random,0,results_adamw_lr0p001,results_adamw_lr0p001,small_cnn,adamw,10,128,20000,0.001,0.9,0.0005,cuda,False,False,8,99,1198,-0.5614890456199646
fixed_random,0,results_adamw_lr0p001,results_adamw_lr0p001,small_cnn,adamw,10,128,20000,0.001,0.9,0.0005,cuda,False,False,8,100,1199,-0.290358304977417
fixed_random,0,results_adamw_lr0p001,results_adamw_lr0p001,small_cnn,adamw,10,128,20000,0.001,0.9,0.0005,cuda,False,False,8,101,1200,0.8129555583000183
fixed_random,0,results_adamw_lr0p001,results_adamw_lr0p001,small_cnn,adamw,10,128,20000,0.001,0.9,0.0005,cuda,False,False,8,102,1201,0.10299122333526611
fixed_random,0,results_adamw_lr0p001,results_adamw_lr0p001,small_cnn,adamw,10,128,20000,0.001,0.9,0.0005,cuda,False,False,8,103,1202,-0.19932138919830322
fixed_random,0,results_adamw_lr0p001,results_adamw_lr0p001,small_cnn,adamw,10,128,20000,0.001,0.9,0.0005,cuda,False,False,8,104,1203,0.21716193854808807
fixed_random,0,results_adamw_lr0p001,results_adamw_lr0p001,small_cnn,adamw,10,128,20000,0.001,0.9,0.0005,cuda,False,False,8,105,1204,0.26115942001342773
fixed_random,0,results_adamw_lr0p001,results_adamw_lr0p001,small_cnn,adamw,10,128,20000,0.001,0.9,0.0005,cuda,False,False,8,106,1205,0.6243429183959961
fixed_random,0,results_adamw_lr0p001,results_adamw_lr0p001,small_cnn,adamw,10,128,20000,0.001,0.9,0.0005,cuda,False,False,8,107,1206,0.6770546436309814
fixed_random,0,results_adamw_lr0p001,results_adamw_lr0p001,small_cnn,adamw,10,128,20000,0.001,0.9,0.0005,cuda,False,False,8,108,1207,-0.4196028709411621
fixed_random,0,results_adamw_lr0p001,results_adamw_lr0p001,small_cnn,adamw,10,128,20000,0.001,0.9,0.0005,cuda,False,False,8,109,1208,0.34446701407432556
fixed_random,0,results_adamw_lr0p001,results_adamw_lr0p001,small_cnn,adamw,10,128,20000,0.001,0.9,0.0005,cuda,False,False,8,110,1209,0.21782979369163513
fixed_random,0,results_adamw_lr0p001,results_adamw_lr0p001,small_cnn,adamw,10,128,20000,0.001,0.9,0.0005,cuda,False,False,8,111,1210,0.27359259128570557
fixed_random,0,results_adamw_lr0p001,results_adamw_lr0p001,small_cnn,adamw,10,128,20000,0.001,0.9,0.0005,cuda,False,False,8,112,1211,0.08676506578922272
fixed_random,0,results_adamw_lr0p001,results_adamw_lr0p001,small_cnn,adamw,10,128,20000,0.001,0.9,0.0005,cuda,False,False,8,113,1212,0.6904324889183044
fixed_random,0,results_adamw_lr0p001,results_adamw_lr0p001,small_cnn,adamw,10,128,20000,0.001,0.9,0.0005,cuda,False,False,8,114,1213,0.6978365182876587
fixed_random,0,results_adamw_lr0p001,results_adamw_lr0p001,small_cnn,adamw,10,128,20000,0.001,0.9,0.0005,cuda,False,False,8,115,1214,0.773192822933197
fixed_random,0,results_adamw_lr0p001,results_adamw_lr0p001,small_cnn,adamw,10,128,20000,0.001,0.9,0.0005,cuda,False,False,8,116,1215,0.3883618116378784
fixed_random,0,results_adamw_lr0p001,results_adamw_lr0p001,small_cnn,adamw,10,128,20000,0.001,0.9,0.0005,cuda,False,False,8,117,1216,0.3007686138153076
fixed_random,0,results_adamw_lr0p001,results_adamw_lr0p001,small_cnn,adamw,10,128,20000,0.001,0.9,0.0005,cuda,False,False,8,118,1217,0.0858999490737915
fixed_random,0,results_adamw_lr0p001,results_adamw_lr0p001,small_cnn,adamw,10,128,20000,0.001,0.9,0.0005,cuda,False,False,8,119,1218,-0.16510580480098724
fixed_random,0,results_adamw_lr0p001,results_adamw_lr0p001,small_cnn,adamw,10,128,20000,0.001,0.9,0.0005,cuda,False,False,8,120,1219,0.6849344372749329
fixed_random,0,results_adamw_lr0p001,results_adamw_lr0p001,small_cnn,adamw,10,128,20000,0.001,0.9,0.0005,cuda,False,False,8,121,1220,0.6777275204658508
fixed_random,0,results_adamw_lr0p001,results_adamw_lr0p001,small_cnn,adamw,10,128,20000,0.001,0.9,0.0005,cuda,False,False,8,122,1221,0.323476105928421
fixed_random,0,results_adamw_lr0p001,results_adamw_lr0p001,small_cnn,adamw,10,128,20000,0.001,0.9,0.0005,cuda,False,False,8,123,1222,0.8960086703300476
fixed_random,0,results_adamw_lr0p001,results_adamw_lr0p001,small_cnn,adamw,10,128,20000,0.001,0.9,0.0005,cuda,False,False,8,124,1223,0.7924779653549194
fixed_random,0,results_adamw_lr0p001,results_adamw_lr0p001,small_cnn,adamw,10,128,20000,0.001,0.9,0.0005,cuda,False,False,8,125,1224,-0.3967018723487854
fixed_random,0,results_adamw_lr0p001,results_adamw_lr0p001,small_cnn,adamw,10,128,20000,0.001,0.9,0.0005,cuda,False,False,8,126,1225,0.4707825183868408
fixed_random,0,results_adamw_lr0p001,results_adamw_lr0p001,small_cnn,adamw,10,128,20000,0.001,0.9,0.0005,cuda,False,False,8,127,1226,0.8263689279556274
fixed_random,0,results_adamw_lr0p001,results_adamw_lr0p001,small_cnn,adamw,10,128,20000,0.001,0.9,0.0005,cuda,False,False,8,128,1227,0.31119152903556824
fixed_random,0,results_adamw_lr0p001,results_adamw_lr0p001,small_cnn,adamw,10,128,20000,0.001,0.9,0.0005,cuda,False,False,8,129,1228,0.7694571018218994
fixed_random,0,results_adamw_lr0p001,results_adamw_lr0p001,small_cnn,adamw,10,128,20000,0.001,0.9,0.0005,cuda,False,False,8,130,1229,0.5290935635566711
fixed_random,0,results_adamw_lr0p001,results_adamw_lr0p001,small_cnn,adamw,10,128,20000,0.001,0.9,0.0005,cuda,False,False,8,131,1230,0.1106153354048729
fixed_random,0,results_adamw_lr0p001,results_adamw_lr0p001,small_cnn,adamw,10,128,20000,0.001,0.9,0.0005,cuda,False,False,8,132,1231,0.20464645326137543
fixed_random,0,results_adamw_lr0p001,results_adamw_lr0p001,small_cnn,adamw,10,128,20000,0.001,0.9,0.0005,cuda,False,False,8,133,1232,-0.10841614753007889
fixed_random,0,results_adamw_lr0p001,results_adamw_lr0p001,small_cnn,adamw,10,128,20000,0.001,0.9,0.0005,cuda,False,False,8,134,1233,0.7974526286125183
fixed_random,0,results_adamw_lr0p001,results_adamw_lr0p001,small_cnn,adamw,10,128,20000,0.001,0.9,0.0005,cuda,False,False,8,135,1234,0.291068434715271
fixed_random,0,results_adamw_lr0p001,results_adamw_lr0p001,small_cnn,adamw,10,128,20000,0.001,0.9,0.0005,cuda,False,False,8,136,1235,0.7194840908050537
fixed_random,0,results_adamw_lr0p001,results_adamw_lr0p001,small_cnn,adamw,10,128,20000,0.001,0.9,0.0005,cuda,False,False,8,137,1236,0.7495670914649963
fixed_random,0,results_adamw_lr0p001,results_adamw_lr0p001,small_cnn,adamw,10,128,20000,0.001,0.9,0.0005,cuda,False,False,8,138,1237,-0.45808956027030945
fixed_random,0,results_adamw_lr0p001,results_adamw_lr0p001,small_cnn,adamw,10,128,20000,0.001,0.9,0.0005,cuda,False,False,8,139,1238,0.30353808403015137
fixed_random,0,results_adamw_lr0p001,results_adamw_lr0p001,small_cnn,adamw,10,128,20000,0.001,0.9,0.0005,cuda,False,False,8,140,1239,0.7124906778335571
fixed_random,0,results_adamw_lr0p001,results_adamw_lr0p001,small_cnn,adamw,10,128,20000,0.001,0.9,0.0005,cuda,False,False,8,141,1240,0.2740744352340698
fixed_random,0,results_adamw_lr0p001,results_adamw_lr0p001,small_cnn,adamw,10,128,20000,0.001,0.9,0.0005,cuda,False,False,8,142,1241,0.1373957246541977
fixed_random,0,results_adamw_lr0p001,results_adamw_lr0p001,small_cnn,adamw,10,128,20000,0.001,0.9,0.0005,cuda,False,False,8,143,1242,0.3668067753314972
fixed_random,0,results_adamw_lr0p001,results_adamw_lr0p001,small_cnn,adamw,10,128,20000,0.001,0.9,0.0005,cuda,False,False,8,144,1243,0.17130282521247864
fixed_random,0,results_adamw_lr0p001,results_adamw_lr0p001,small_cnn,adamw,10,128,20000,0.001,0.9,0.0005,cuda,False,False,8,145,1244,-0.07484497129917145
fixed_random,0,results_adamw_lr0p001,results_adamw_lr0p001,small_cnn,adamw,10,128,20000,0.001,0.9,0.0005,cuda,False,False,8,146,1245,0.4866141080856323
fixed_random,0,results_adamw_lr0p001,results_adamw_lr0p001,small_cnn,adamw,10,128,20000,0.001,0.9,0.0005,cuda,False,False,8,147,1246,0.19644621014595032
fixed_random,0,results_adamw_lr0p001,results_adamw_lr0p001,small_cnn,adamw,10,128,20000,0.001,0.9,0.0005,cuda,False,False,8,148,1247,0.6157436966896057
fixed_random,0,results_adamw_lr0p001,results_adamw_lr0p001,small_cnn,adamw,10,128,20000,0.001,0.9,0.0005,cuda,False,False,8,149,1248,0.5444085001945496
fixed_random,0,results_adamw_lr0p001,results_adamw_lr0p001,small_cnn,adamw,10,128,20000,0.001,0.9,0.0005,cuda,False,False,8,150,1249,0.8351342678070068
fixed_random,0,results_adamw_lr0p001,results_adamw_lr0p001,small_cnn,adamw,10,128,20000,0.001,0.9,0.0005,cuda,False,False,8,151,1250,0.3528800308704376
fixed_random,0,results_adamw_lr0p001,results_adamw_lr0p001,small_cnn,adamw,10,128,20000,0.001,0.9,0.0005,cuda,False,False,8,152,1251,-0.642505943775177
fixed_random,0,results_adamw_lr0p001,results_adamw_lr0p001,small_cnn,adamw,10,128,20000,0.001,0.9,0.0005,cuda,False,False,8,153,1252,-0.09818795323371887
fixed_random,0,results_adamw_lr0p001,results_adamw_lr0p001,small_cnn,adamw,10,128,20000,0.001,0.9,0.0005,cuda,False,False,8,154,1253,0.10128612071275711
fixed_random,0,results_adamw_lr0p001,results_adamw_lr0p001,small_cnn,adamw,10,128,20000,0.001,0.9,0.0005,cuda,False,False,8,155,1254,0.26799941062927246
fixed_random,0,results_adamw_lr0p001,results_adamw_lr0p001,small_cnn,adamw,10,128,20000,0.001,0.9,0.0005,cuda,False,False,8,156,1255,0.6440375447273254
fixed_random,0,results_adamw_lr0p001,results_adamw_lr0p001,small_cnn,adamw,10,128,20000,0.001,0.9,0.0005,cuda,False,False,8,157,1256,0.3950343132019043
fixed_random,0,results_adamw_lr0p001,results_adamw_lr0p001,small_cnn,adamw,10,128,20000,0.001,0.9,0.0005,cuda,False,False,9,1,1257,0.0494842529296875
fixed_random,0,results_adamw_lr0p001,results_adamw_lr0p001,small_cnn,adamw,10,128,20000,0.001,0.9,0.0005,cuda,False,False,9,2,1258,-0.028126273304224014
fixed_random,0,results_adamw_lr0p001,results_adamw_lr0p001,small_cnn,adamw,10,128,20000,0.001,0.9,0.0005,cuda,False,False,9,3,1259,0.46393996477127075
fixed_random,0,results_adamw_lr0p001,results_adamw_lr0p001,small_cnn,adamw,10,128,20000,0.001,0.9,0.0005,cuda,False,False,9,4,1260,-0.17972293496131897
fixed_random,0,results_adamw_lr0p001,results_adamw_lr0p001,small_cnn,adamw,10,128,20000,0.001,0.9,0.0005,cuda,False,False,9,5,1261,0.5567203760147095
fixed_random,0,results_adamw_lr0p001,results_adamw_lr0p001,small_cnn,adamw,10,128,20000,0.001,0.9,0.0005,cuda,False,False,9,6,1262,-0.37611106038093567
fixed_random,0,results_adamw_lr0p001,results_adamw_lr0p001,small_cnn,adamw,10,128,20000,0.001,0.9,0.0005,cuda,False,False,9,7,1263,0.030142519623041153
fixed_random,0,results_adamw_lr0p001,results_adamw_lr0p001,small_cnn,adamw,10,128,20000,0.001,0.9,0.0005,cuda,False,False,9,8,1264,0.2667351961135864
fixed_random,0,results_adamw_lr0p001,results_adamw_lr0p001,small_cnn,adamw,10,128,20000,0.001,0.9,0.0005,cuda,False,False,9,9,1265,0.30841872096061707
fixed_random,0,results_adamw_lr0p001,results_adamw_lr0p001,small_cnn,adamw,10,128,20000,0.001,0.9,0.0005,cuda,False,False,9,10,1266,0.7037862539291382
fixed_random,0,results_adamw_lr0p001,results_adamw_lr0p001,small_cnn,adamw,10,128,20000,0.001,0.9,0.0005,cuda,False,False,9,11,1267,-0.18887242674827576
fixed_random,0,results_adamw_lr0p001,results_adamw_lr0p001,small_cnn,adamw,10,128,20000,0.001,0.9,0.0005,cuda,False,False,9,12,1268,0.7143030166625977
fixed_random,0,results_adamw_lr0p001,results_adamw_lr0p001,small_cnn,adamw,10,128,20000,0.001,0.9,0.0005,cuda,False,False,9,13,1269,-0.22948548197746277
fixed_random,0,results_adamw_lr0p001,results_adamw_lr0p001,small_cnn,adamw,10,128,20000,0.001,0.9,0.0005,cuda,False,False,9,14,1270,0.17311319708824158
fixed_random,0,results_adamw_lr0p001,results_adamw_lr0p001,small_cnn,adamw,10,128,20000,0.001,0.9,0.0005,cuda,False,False,9,15,1271,0.694266676902771
fixed_random,0,results_adamw_lr0p001,results_adamw_lr0p001,small_cnn,adamw,10,128,20000,0.001,0.9,0.0005,cuda,False,False,9,16,1272,-0.14105424284934998
fixed_random,0,results_adamw_lr0p001,results_adamw_lr0p001,small_cnn,adamw,10,128,20000,0.001,0.9,0.0005,cuda,False,False,9,17,1273,0.23422420024871826
fixed_random,0,results_adamw_lr0p001,results_adamw_lr0p001,small_cnn,adamw,10,128,20000,0.001,0.9,0.0005,cuda,False,False,9,18,1274,-0.21039314568042755
fixed_random,0,results_adamw_lr0p001,results_adamw_lr0p001,small_cnn,adamw,10,128,20000,0.001,0.9,0.0005,cuda,False,False,9,19,1275,0.5671346187591553
fixed_random,0,results_adamw_lr0p001,results_adamw_lr0p001,small_cnn,adamw,10,128,20000,0.001,0.9,0.0005,cuda,False,False,9,20,1276,0.18330565094947815
fixed_random,0,results_adamw_lr0p001,results_adamw_lr0p001,small_cnn,adamw,10,128,20000,0.001,0.9,0.0005,cuda,False,False,9,21,1277,0.08189007639884949
fixed_random,0,results_adamw_lr0p001,results_adamw_lr0p001,small_cnn,adamw,10,128,20000,0.001,0.9,0.0005,cuda,False,False,9,22,1278,-0.12806132435798645
fixed_random,0,results_adamw_lr0p001,results_adamw_lr0p001,small_cnn,adamw,10,128,20000,0.001,0.9,0.0005,cuda,False,False,9,23,1279,0.3582659363746643
fixed_random,0,results_adamw_lr0p001,results_adamw_lr0p001,small_cnn,adamw,10,128,20000,0.001,0.9,0.0005,cuda,False,False,9,24,1280,0.4649113714694977
fixed_random,0,results_adamw_lr0p001,results_adamw_lr0p001,small_cnn,adamw,10,128,20000,0.001,0.9,0.0005,cuda,False,False,9,25,1281,0.6754792332649231
fixed_random,0,results_adamw_lr0p001,results_adamw_lr0p001,small_cnn,adamw,10,128,20000,0.001,0.9,0.0005,cuda,False,False,9,26,1282,0.2269371598958969
fixed_random,0,results_adamw_lr0p001,results_adamw_lr0p001,small_cnn,adamw,10,128,20000,0.001,0.9,0.0005,cuda,False,False,9,27,1283,-0.05871784687042236
fixed_random,0,results_adamw_lr0p001,results_adamw_lr0p001,small_cnn,adamw,10,128,20000,0.001,0.9,0.0005,cuda,False,False,9,28,1284,-0.08613692969083786
fixed_random,0,results_adamw_lr0p001,results_adamw_lr0p001,small_cnn,adamw,10,128,20000,0.001,0.9,0.0005,cuda,False,False,9,29,1285,0.16731388866901398
fixed_random,0,results_adamw_lr0p001,results_adamw_lr0p001,small_cnn,adamw,10,128,20000,0.001,0.9,0.0005,cuda,False,False,9,30,1286,0.6514256000518799
fixed_random,0,results_adamw_lr0p001,results_adamw_lr0p001,small_cnn,adamw,10,128,20000,0.001,0.9,0.0005,cuda,False,False,9,31,1287,0.030721135437488556
fixed_random,0,results_adamw_lr0p001,results_adamw_lr0p001,small_cnn,adamw,10,128,20000,0.001,0.9,0.0005,cuda,False,False,9,32,1288,0.010273991152644157
fixed_random,0,results_adamw_lr0p001,results_adamw_lr0p001,small_cnn,adamw,10,128,20000,0.001,0.9,0.0005,cuda,False,False,9,33,1289,0.518526017665863
fixed_random,0,results_adamw_lr0p001,results_adamw_lr0p001,small_cnn,adamw,10,128,20000,0.001,0.9,0.0005,cuda,False,False,9,34,1290,-0.009970234706997871
fixed_random,0,results_adamw_lr0p001,results_adamw_lr0p001,small_cnn,adamw,10,128,20000,0.001,0.9,0.0005,cuda,False,False,9,35,1291,-0.0020770998671650887
fixed_random,0,results_adamw_lr0p001,results_adamw_lr0p001,small_cnn,adamw,10,128,20000,0.001,0.9,0.0005,cuda,False,False,9,36,1292,0.2565653622150421
fixed_random,0,results_adamw_lr0p001,results_adamw_lr0p001,small_cnn,adamw,10,128,20000,0.001,0.9,0.0005,cuda,False,False,9,37,1293,0.2952958941459656
fixed_random,0,results_adamw_lr0p001,results_adamw_lr0p001,small_cnn,adamw,10,128,20000,0.001,0.9,0.0005,cuda,False,False,9,38,1294,0.35668668150901794
fixed_random,0,results_adamw_lr0p001,results_adamw_lr0p001,small_cnn,adamw,10,128,20000,0.001,0.9,0.0005,cuda,False,False,9,39,1295,0.17091619968414307
fixed_random,0,results_adamw_lr0p001,results_adamw_lr0p001,small_cnn,adamw,10,128,20000,0.001,0.9,0.0005,cuda,False,False,9,40,1296,0.3180491626262665
fixed_random,0,results_adamw_lr0p001,results_adamw_lr0p001,small_cnn,adamw,10,128,20000,0.001,0.9,0.0005,cuda,False,False,9,41,1297,-0.23397959768772125
fixed_random,0,results_adamw_lr0p001,results_adamw_lr0p001,small_cnn,adamw,10,128,20000,0.001,0.9,0.0005,cuda,False,False,9,42,1298,-0.050669778138399124
fixed_random,0,results_adamw_lr0p001,results_adamw_lr0p001,small_cnn,adamw,10,128,20000,0.001,0.9,0.0005,cuda,False,False,9,43,1299,0.6931065320968628
fixed_random,0,results_adamw_lr0p001,results_adamw_lr0p001,small_cnn,adamw,10,128,20000,0.001,0.9,0.0005,cuda,False,False,9,44,1300,0.45549893379211426
fixed_random,0,results_adamw_lr0p001,results_adamw_lr0p001,small_cnn,adamw,10,128,20000,0.001,0.9,0.0005,cuda,False,False,9,45,1301,0.7003913521766663
fixed_random,0,results_adamw_lr0p001,results_adamw_lr0p001,small_cnn,adamw,10,128,20000,0.001,0.9,0.0005,cuda,False,False,9,46,1302,-0.6167499423027039
fixed_random,0,results_adamw_lr0p001,results_adamw_lr0p001,small_cnn,adamw,10,128,20000,0.001,0.9,0.0005,cuda,False,False,9,47,1303,0.6975653767585754
fixed_random,0,results_adamw_lr0p001,results_adamw_lr0p001,small_cnn,adamw,10,128,20000,0.001,0.9,0.0005,cuda,False,False,9,48,1304,0.5185976624488831
fixed_random,0,results_adamw_lr0p001,results_adamw_lr0p001,small_cnn,adamw,10,128,20000,0.001,0.9,0.0005,cuda,False,False,9,49,1305,0.7024106383323669
fixed_random,0,results_adamw_lr0p001,results_adamw_lr0p001,small_cnn,adamw,10,128,20000,0.001,0.9,0.0005,cuda,False,False,9,50,1306,0.5231044292449951
fixed_random,0,results_adamw_lr0p001,results_adamw_lr0p001,small_cnn,adamw,10,128,20000,0.001,0.9,0.0005,cuda,False,False,9,51,1307,0.16684621572494507
fixed_random,0,results_adamw_lr0p001,results_adamw_lr0p001,small_cnn,adamw,10,128,20000,0.001,0.9,0.0005,cuda,False,False,9,52,1308,0.3102475702762604
fixed_random,0,results_adamw_lr0p001,results_adamw_lr0p001,small_cnn,adamw,10,128,20000,0.001,0.9,0.0005,cuda,False,False,9,53,1309,0.38820284605026245
fixed_random,0,results_adamw_lr0p001,results_adamw_lr0p001,small_cnn,adamw,10,128,20000,0.001,0.9,0.0005,cuda,False,False,9,54,1310,0.25371602177619934
fixed_random,0,results_adamw_lr0p001,results_adamw_lr0p001,small_cnn,adamw,10,128,20000,0.001,0.9,0.0005,cuda,False,False,9,55,1311,0.5774996876716614
fixed_random,0,results_adamw_lr0p001,results_adamw_lr0p001,small_cnn,adamw,10,128,20000,0.001,0.9,0.0005,cuda,False,False,9,56,1312,0.556881308555603
fixed_random,0,results_adamw_lr0p001,results_adamw_lr0p001,small_cnn,adamw,10,128,20000,0.001,0.9,0.0005,cuda,False,False,9,57,1313,0.18778495490550995
fixed_random,0,results_adamw_lr0p001,results_adamw_lr0p001,small_cnn,adamw,10,128,20000,0.001,0.9,0.0005,cuda,False,False,9,58,1314,-0.039513178169727325
fixed_random,0,results_adamw_lr0p001,results_adamw_lr0p001,small_cnn,adamw,10,128,20000,0.001,0.9,0.0005,cuda,False,False,9,59,1315,0.4817225933074951
fixed_random,0,results_adamw_lr0p001,results_adamw_lr0p001,small_cnn,adamw,10,128,20000,0.001,0.9,0.0005,cuda,False,False,9,60,1316,-0.047606468200683594
fixed_random,0,results_adamw_lr0p001,results_adamw_lr0p001,small_cnn,adamw,10,128,20000,0.001,0.9,0.0005,cuda,False,False,9,61,1317,0.29602840542793274
fixed_random,0,results_adamw_lr0p001,results_adamw_lr0p001,small_cnn,adamw,10,128,20000,0.001,0.9,0.0005,cuda,False,False,9,62,1318,-0.2773648798465729
fixed_random,0,results_adamw_lr0p001,results_adamw_lr0p001,small_cnn,adamw,10,128,20000,0.001,0.9,0.0005,cuda,False,False,9,63,1319,0.3815142810344696
fixed_random,0,results_adamw_lr0p001,results_adamw_lr0p001,small_cnn,adamw,10,128,20000,0.001,0.9,0.0005,cuda,False,False,9,64,1320,0.28861644864082336
fixed_random,0,results_adamw_lr0p001,results_adamw_lr0p001,small_cnn,adamw,10,128,20000,0.001,0.9,0.0005,cuda,False,False,9,65,1321,0.35017621517181396
fixed_random,0,results_adamw_lr0p001,results_adamw_lr0p001,small_cnn,adamw,10,128,20000,0.001,0.9,0.0005,cuda,False,False,9,66,1322,0.2827480137348175
fixed_random,0,results_adamw_lr0p001,results_adamw_lr0p001,small_cnn,adamw,10,128,20000,0.001,0.9,0.0005,cuda,False,False,9,67,1323,0.06893250346183777
fixed_random,0,results_adamw_lr0p001,results_adamw_lr0p001,small_cnn,adamw,10,128,20000,0.001,0.9,0.0005,cuda,False,False,9,68,1324,-0.13646018505096436
fixed_random,0,results_adamw_lr0p001,results_adamw_lr0p001,small_cnn,adamw,10,128,20000,0.001,0.9,0.0005,cuda,False,False,9,69,1325,0.2979663610458374
fixed_random,0,results_adamw_lr0p001,results_adamw_lr0p001,small_cnn,adamw,10,128,20000,0.001,0.9,0.0005,cuda,False,False,9,70,1326,0.5552021265029907
fixed_random,0,results_adamw_lr0p001,results_adamw_lr0p001,small_cnn,adamw,10,128,20000,0.001,0.9,0.0005,cuda,False,False,9,71,1327,0.5621369481086731
fixed_random,0,results_adamw_lr0p001,results_adamw_lr0p001,small_cnn,adamw,10,128,20000,0.001,0.9,0.0005,cuda,False,False,9,72,1328,0.6696457862854004
fixed_random,0,results_adamw_lr0p001,results_adamw_lr0p001,small_cnn,adamw,10,128,20000,0.001,0.9,0.0005,cuda,False,False,9,73,1329,0.20513522624969482
fixed_random,0,results_adamw_lr0p001,results_adamw_lr0p001,small_cnn,adamw,10,128,20000,0.001,0.9,0.0005,cuda,False,False,9,74,1330,-0.19653892517089844
fixed_random,0,results_adamw_lr0p001,results_adamw_lr0p001,small_cnn,adamw,10,128,20000,0.001,0.9,0.0005,cuda,False,False,9,75,1331,-0.06510245054960251
fixed_random,0,results_adamw_lr0p001,results_adamw_lr0p001,small_cnn,adamw,10,128,20000,0.001,0.9,0.0005,cuda,False,False,9,76,1332,0.2690274715423584
fixed_random,0,results_adamw_lr0p001,results_adamw_lr0p001,small_cnn,adamw,10,128,20000,0.001,0.9,0.0005,cuda,False,False,9,77,1333,0.22433914244174957
fixed_random,0,results_adamw_lr0p001,results_adamw_lr0p001,small_cnn,adamw,10,128,20000,0.001,0.9,0.0005,cuda,False,False,9,78,1334,0.5306179523468018
fixed_random,0,results_adamw_lr0p001,results_adamw_lr0p001,small_cnn,adamw,10,128,20000,0.001,0.9,0.0005,cuda,False,False,9,79,1335,0.6397618055343628
fixed_random,0,results_adamw_lr0p001,results_adamw_lr0p001,small_cnn,adamw,10,128,20000,0.001,0.9,0.0005,cuda,False,False,9,80,1336,0.26836323738098145
fixed_random,0,results_adamw_lr0p001,results_adamw_lr0p001,small_cnn,adamw,10,128,20000,0.001,0.9,0.0005,cuda,False,False,9,81,1337,0.15134602785110474
fixed_random,0,results_adamw_lr0p001,results_adamw_lr0p001,small_cnn,adamw,10,128,20000,0.001,0.9,0.0005,cuda,False,False,9,82,1338,-0.23293647170066833
fixed_random,0,results_adamw_lr0p001,results_adamw_lr0p001,small_cnn,adamw,10,128,20000,0.001,0.9,0.0005,cuda,False,False,9,83,1339,0.3779141306877136
fixed_random,0,results_adamw_lr0p001,results_adamw_lr0p001,small_cnn,adamw,10,128,20000,0.001,0.9,0.0005,cuda,False,False,9,84,1340,0.6126264929771423
fixed_random,0,results_adamw_lr0p001,results_adamw_lr0p001,small_cnn,adamw,10,128,20000,0.001,0.9,0.0005,cuda,False,False,9,85,1341,0.39684364199638367
fixed_random,0,results_adamw_lr0p001,results_adamw_lr0p001,small_cnn,adamw,10,128,20000,0.001,0.9,0.0005,cuda,False,False,9,86,1342,-0.1732717752456665
fixed_random,0,results_adamw_lr0p001,results_adamw_lr0p001,small_cnn,adamw,10,128,20000,0.001,0.9,0.0005,cuda,False,False,9,87,1343,0.17440958321094513
fixed_random,0,results_adamw_lr0p001,results_adamw_lr0p001,small_cnn,adamw,10,128,20000,0.001,0.9,0.0005,cuda,False,False,9,88,1344,0.20502105355262756
fixed_random,0,results_adamw_lr0p001,results_adamw_lr0p001,small_cnn,adamw,10,128,20000,0.001,0.9,0.0005,cuda,False,False,9,89,1345,-0.05799136683344841
fixed_random,0,results_adamw_lr0p001,results_adamw_lr0p001,small_cnn,adamw,10,128,20000,0.001,0.9,0.0005,cuda,False,False,9,90,1346,-0.08962488919496536
fixed_random,0,results_adamw_lr0p001,results_adamw_lr0p001,small_cnn,adamw,10,128,20000,0.001,0.9,0.0005,cuda,False,False,9,91,1347,0.8292322158813477
fixed_random,0,results_adamw_lr0p001,results_adamw_lr0p001,small_cnn,adamw,10,128,20000,0.001,0.9,0.0005,cuda,False,False,9,92,1348,-0.46052542328834534
fixed_random,0,results_adamw_lr0p001,results_adamw_lr0p001,small_cnn,adamw,10,128,20000,0.001,0.9,0.0005,cuda,False,False,9,93,1349,-0.31683576107025146
fixed_random,0,results_adamw_lr0p001,results_adamw_lr0p001,small_cnn,adamw,10,128,20000,0.001,0.9,0.0005,cuda,False,False,9,94,1350,-0.07962272316217422
fixed_random,0,results_adamw_lr0p001,results_adamw_lr0p001,small_cnn,adamw,10,128,20000,0.001,0.9,0.0005,cuda,False,False,9,95,1351,0.5957531929016113
fixed_random,0,results_adamw_lr0p001,results_adamw_lr0p001,small_cnn,adamw,10,128,20000,0.001,0.9,0.0005,cuda,False,False,9,96,1352,-0.4390020966529846
fixed_random,0,results_adamw_lr0p001,results_adamw_lr0p001,small_cnn,adamw,10,128,20000,0.001,0.9,0.0005,cuda,False,False,9,97,1353,-0.20858460664749146
fixed_random,0,results_adamw_lr0p001,results_adamw_lr0p001,small_cnn,adamw,10,128,20000,0.001,0.9,0.0005,cuda,False,False,9,98,1354,-0.012453118339180946
fixed_random,0,results_adamw_lr0p001,results_adamw_lr0p001,small_cnn,adamw,10,128,20000,0.001,0.9,0.0005,cuda,False,False,9,99,1355,-0.49480628967285156
fixed_random,0,results_adamw_lr0p001,results_adamw_lr0p001,small_cnn,adamw,10,128,20000,0.001,0.9,0.0005,cuda,False,False,9,100,1356,-0.4319276511669159
fixed_random,0,results_adamw_lr0p001,results_adamw_lr0p001,small_cnn,adamw,10,128,20000,0.001,0.9,0.0005,cuda,False,False,9,101,1357,0.7773304581642151
fixed_random,0,results_adamw_lr0p001,results_adamw_lr0p001,small_cnn,adamw,10,128,20000,0.001,0.9,0.0005,cuda,False,False,9,102,1358,0.062088776379823685
fixed_random,0,results_adamw_lr0p001,results_adamw_lr0p001,small_cnn,adamw,10,128,20000,0.001,0.9,0.0005,cuda,False,False,9,103,1359,-0.13049250841140747
fixed_random,0,results_adamw_lr0p001,results_adamw_lr0p001,small_cnn,adamw,10,128,20000,0.001,0.9,0.0005,cuda,False,False,9,104,1360,0.3837301433086395
fixed_random,0,results_adamw_lr0p001,results_adamw_lr0p001,small_cnn,adamw,10,128,20000,0.001,0.9,0.0005,cuda,False,False,9,105,1361,0.004071186296641827
fixed_random,0,results_adamw_lr0p001,results_adamw_lr0p001,small_cnn,adamw,10,128,20000,0.001,0.9,0.0005,cuda,False,False,9,106,1362,0.634065568447113
fixed_random,0,results_adamw_lr0p001,results_adamw_lr0p001,small_cnn,adamw,10,128,20000,0.001,0.9,0.0005,cuda,False,False,9,107,1363,0.6436589956283569
fixed_random,0,results_adamw_lr0p001,results_adamw_lr0p001,small_cnn,adamw,10,128,20000,0.001,0.9,0.0005,cuda,False,False,9,108,1364,-0.5000487565994263
fixed_random,0,results_adamw_lr0p001,results_adamw_lr0p001,small_cnn,adamw,10,128,20000,0.001,0.9,0.0005,cuda,False,False,9,109,1365,0.29357680678367615
fixed_random,0,results_adamw_lr0p001,results_adamw_lr0p001,small_cnn,adamw,10,128,20000,0.001,0.9,0.0005,cuda,False,False,9,110,1366,0.21393966674804688
fixed_random,0,results_adamw_lr0p001,results_adamw_lr0p001,small_cnn,adamw,10,128,20000,0.001,0.9,0.0005,cuda,False,False,9,111,1367,0.2808406949043274
fixed_random,0,results_adamw_lr0p001,results_adamw_lr0p001,small_cnn,adamw,10,128,20000,0.001,0.9,0.0005,cuda,False,False,9,112,1368,-0.06009162217378616
fixed_random,0,results_adamw_lr0p001,results_adamw_lr0p001,small_cnn,adamw,10,128,20000,0.001,0.9,0.0005,cuda,False,False,9,113,1369,0.716317892074585
fixed_random,0,results_adamw_lr0p001,results_adamw_lr0p001,small_cnn,adamw,10,128,20000,0.001,0.9,0.0005,cuda,False,False,9,114,1370,0.6859621405601501
fixed_random,0,results_adamw_lr0p001,results_adamw_lr0p001,small_cnn,adamw,10,128,20000,0.001,0.9,0.0005,cuda,False,False,9,115,1371,0.7568629384040833
fixed_random,0,results_adamw_lr0p001,results_adamw_lr0p001,small_cnn,adamw,10,128,20000,0.001,0.9,0.0005,cuda,False,False,9,116,1372,0.31576433777809143
fixed_random,0,results_adamw_lr0p001,results_adamw_lr0p001,small_cnn,adamw,10,128,20000,0.001,0.9,0.0005,cuda,False,False,9,117,1373,0.16933196783065796
fixed_random,0,results_adamw_lr0p001,results_adamw_lr0p001,small_cnn,adamw,10,128,20000,0.001,0.9,0.0005,cuda,False,False,9,118,1374,-0.15645134449005127
fixed_random,0,results_adamw_lr0p001,results_adamw_lr0p001,small_cnn,adamw,10,128,20000,0.001,0.9,0.0005,cuda,False,False,9,119,1375,-0.3720092475414276
fixed_random,0,results_adamw_lr0p001,results_adamw_lr0p001,small_cnn,adamw,10,128,20000,0.001,0.9,0.0005,cuda,False,False,9,120,1376,0.7909308075904846
fixed_random,0,results_adamw_lr0p001,results_adamw_lr0p001,small_cnn,adamw,10,128,20000,0.001,0.9,0.0005,cuda,False,False,9,121,1377,0.7567707300186157
fixed_random,0,results_adamw_lr0p001,results_adamw_lr0p001,small_cnn,adamw,10,128,20000,0.001,0.9,0.0005,cuda,False,False,9,122,1378,0.4301625192165375
fixed_random,0,results_adamw_lr0p001,results_adamw_lr0p001,small_cnn,adamw,10,128,20000,0.001,0.9,0.0005,cuda,False,False,9,123,1379,0.778371274471283
fixed_random,0,results_adamw_lr0p001,results_adamw_lr0p001,small_cnn,adamw,10,128,20000,0.001,0.9,0.0005,cuda,False,False,9,124,1380,0.7657574415206909
fixed_random,0,results_adamw_lr0p001,results_adamw_lr0p001,small_cnn,adamw,10,128,20000,0.001,0.9,0.0005,cuda,False,False,9,125,1381,-0.3045828342437744
fixed_random,0,results_adamw_lr0p001,results_adamw_lr0p001,small_cnn,adamw,10,128,20000,0.001,0.9,0.0005,cuda,False,False,9,126,1382,0.5467333793640137
fixed_random,0,results_adamw_lr0p001,results_adamw_lr0p001,small_cnn,adamw,10,128,20000,0.001,0.9,0.0005,cuda,False,False,9,127,1383,0.8159970641136169
fixed_random,0,results_adamw_lr0p001,results_adamw_lr0p001,small_cnn,adamw,10,128,20000,0.001,0.9,0.0005,cuda,False,False,9,128,1384,0.18525581061840057
fixed_random,0,results_adamw_lr0p001,results_adamw_lr0p001,small_cnn,adamw,10,128,20000,0.001,0.9,0.0005,cuda,False,False,9,129,1385,0.8012131452560425
fixed_random,0,results_adamw_lr0p001,results_adamw_lr0p001,small_cnn,adamw,10,128,20000,0.001,0.9,0.0005,cuda,False,False,9,130,1386,0.4843754768371582
fixed_random,0,results_adamw_lr0p001,results_adamw_lr0p001,small_cnn,adamw,10,128,20000,0.001,0.9,0.0005,cuda,False,False,9,131,1387,-0.11211171001195908
fixed_random,0,results_adamw_lr0p001,results_adamw_lr0p001,small_cnn,adamw,10,128,20000,0.001,0.9,0.0005,cuda,False,False,9,132,1388,0.17011363804340363
fixed_random,0,results_adamw_lr0p001,results_adamw_lr0p001,small_cnn,adamw,10,128,20000,0.001,0.9,0.0005,cuda,False,False,9,133,1389,-0.025953873991966248
fixed_random,0,results_adamw_lr0p001,results_adamw_lr0p001,small_cnn,adamw,10,128,20000,0.001,0.9,0.0005,cuda,False,False,9,134,1390,0.8078573942184448
fixed_random,0,results_adamw_lr0p001,results_adamw_lr0p001,small_cnn,adamw,10,128,20000,0.001,0.9,0.0005,cuda,False,False,9,135,1391,0.2797638177871704
fixed_random,0,results_adamw_lr0p001,results_adamw_lr0p001,small_cnn,adamw,10,128,20000,0.001,0.9,0.0005,cuda,False,False,9,136,1392,0.743178129196167
fixed_random,0,results_adamw_lr0p001,results_adamw_lr0p001,small_cnn,adamw,10,128,20000,0.001,0.9,0.0005,cuda,False,False,9,137,1393,0.7355157136917114
fixed_random,0,results_adamw_lr0p001,results_adamw_lr0p001,small_cnn,adamw,10,128,20000,0.001,0.9,0.0005,cuda,False,False,9,138,1394,-0.3022337853908539
fixed_random,0,results_adamw_lr0p001,results_adamw_lr0p001,small_cnn,adamw,10,128,20000,0.001,0.9,0.0005,cuda,False,False,9,139,1395,0.3738132119178772
fixed_random,0,results_adamw_lr0p001,results_adamw_lr0p001,small_cnn,adamw,10,128,20000,0.001,0.9,0.0005,cuda,False,False,9,140,1396,0.6999443173408508
fixed_random,0,results_adamw_lr0p001,results_adamw_lr0p001,small_cnn,adamw,10,128,20000,0.001,0.9,0.0005,cuda,False,False,9,141,1397,0.3140113949775696
fixed_random,0,results_adamw_lr0p001,results_adamw_lr0p001,small_cnn,adamw,10,128,20000,0.001,0.9,0.0005,cuda,False,False,9,142,1398,0.09480281919240952
fixed_random,0,results_adamw_lr0p001,results_adamw_lr0p001,small_cnn,adamw,10,128,20000,0.001,0.9,0.0005,cuda,False,False,9,143,1399,0.23074385523796082
fixed_random,0,results_adamw_lr0p001,results_adamw_lr0p001,small_cnn,adamw,10,128,20000,0.001,0.9,0.0005,cuda,False,False,9,144,1400,0.28742358088493347
fixed_random,0,results_adamw_lr0p001,results_adamw_lr0p001,small_cnn,adamw,10,128,20000,0.001,0.9,0.0005,cuda,False,False,9,145,1401,0.033215414732694626
fixed_random,0,results_adamw_lr0p001,results_adamw_lr0p001,small_cnn,adamw,10,128,20000,0.001,0.9,0.0005,cuda,False,False,9,146,1402,0.5383202433586121
fixed_random,0,results_adamw_lr0p001,results_adamw_lr0p001,small_cnn,adamw,10,128,20000,0.001,0.9,0.0005,cuda,False,False,9,147,1403,0.29687434434890747
fixed_random,0,results_adamw_lr0p001,results_adamw_lr0p001,small_cnn,adamw,10,128,20000,0.001,0.9,0.0005,cuda,False,False,9,148,1404,0.6800821423530579
fixed_random,0,results_adamw_lr0p001,results_adamw_lr0p001,small_cnn,adamw,10,128,20000,0.001,0.9,0.0005,cuda,False,False,9,149,1405,0.5986863374710083
fixed_random,0,results_adamw_lr0p001,results_adamw_lr0p001,small_cnn,adamw,10,128,20000,0.001,0.9,0.0005,cuda,False,False,9,150,1406,0.8190041184425354
fixed_random,0,results_adamw_lr0p001,results_adamw_lr0p001,small_cnn,adamw,10,128,20000,0.001,0.9,0.0005,cuda,False,False,9,151,1407,0.4296068251132965
fixed_random,0,results_adamw_lr0p001,results_adamw_lr0p001,small_cnn,adamw,10,128,20000,0.001,0.9,0.0005,cuda,False,False,9,152,1408,-0.5308746695518494
fixed_random,0,results_adamw_lr0p001,results_adamw_lr0p001,small_cnn,adamw,10,128,20000,0.001,0.9,0.0005,cuda,False,False,9,153,1409,-0.041050683706998825
fixed_random,0,results_adamw_lr0p001,results_adamw_lr0p001,small_cnn,adamw,10,128,20000,0.001,0.9,0.0005,cuda,False,False,9,154,1410,0.10932500660419464
fixed_random,0,results_adamw_lr0p001,results_adamw_lr0p001,small_cnn,adamw,10,128,20000,0.001,0.9,0.0005,cuda,False,False,9,155,1411,0.28193551301956177
fixed_random,0,results_adamw_lr0p001,results_adamw_lr0p001,small_cnn,adamw,10,128,20000,0.001,0.9,0.0005,cuda,False,False,9,156,1412,0.5922441482543945
fixed_random,0,results_adamw_lr0p001,results_adamw_lr0p001,small_cnn,adamw,10,128,20000,0.001,0.9,0.0005,cuda,False,False,9,157,1413,0.40881526470184326
fixed_random,0,results_adamw_lr0p001,results_adamw_lr0p001,small_cnn,adamw,10,128,20000,0.001,0.9,0.0005,cuda,False,False,10,1,1414,0.07316722720861435
fixed_random,0,results_adamw_lr0p001,results_adamw_lr0p001,small_cnn,adamw,10,128,20000,0.001,0.9,0.0005,cuda,False,False,10,2,1415,-0.05221981927752495
fixed_random,0,results_adamw_lr0p001,results_adamw_lr0p001,small_cnn,adamw,10,128,20000,0.001,0.9,0.0005,cuda,False,False,10,3,1416,0.4010475277900696
fixed_random,0,results_adamw_lr0p001,results_adamw_lr0p001,small_cnn,adamw,10,128,20000,0.001,0.9,0.0005,cuda,False,False,10,4,1417,-0.08355304598808289
fixed_random,0,results_adamw_lr0p001,results_adamw_lr0p001,small_cnn,adamw,10,128,20000,0.001,0.9,0.0005,cuda,False,False,10,5,1418,0.3816761076450348
fixed_random,0,results_adamw_lr0p001,results_adamw_lr0p001,small_cnn,adamw,10,128,20000,0.001,0.9,0.0005,cuda,False,False,10,6,1419,-0.5728940367698669
fixed_random,0,results_adamw_lr0p001,results_adamw_lr0p001,small_cnn,adamw,10,128,20000,0.001,0.9,0.0005,cuda,False,False,10,7,1420,0.2651149332523346
fixed_random,0,results_adamw_lr0p001,results_adamw_lr0p001,small_cnn,adamw,10,128,20000,0.001,0.9,0.0005,cuda,False,False,10,8,1421,0.3237130045890808
fixed_random,0,results_adamw_lr0p001,results_adamw_lr0p001,small_cnn,adamw,10,128,20000,0.001,0.9,0.0005,cuda,False,False,10,9,1422,0.060541775077581406
fixed_random,0,results_adamw_lr0p001,results_adamw_lr0p001,small_cnn,adamw,10,128,20000,0.001,0.9,0.0005,cuda,False,False,10,10,1423,0.7821565866470337
fixed_random,0,results_adamw_lr0p001,results_adamw_lr0p001,small_cnn,adamw,10,128,20000,0.001,0.9,0.0005,cuda,False,False,10,11,1424,0.20143741369247437
fixed_random,0,results_adamw_lr0p001,results_adamw_lr0p001,small_cnn,adamw,10,128,20000,0.001,0.9,0.0005,cuda,False,False,10,12,1425,0.5680682063102722
fixed_random,0,results_adamw_lr0p001,results_adamw_lr0p001,small_cnn,adamw,10,128,20000,0.001,0.9,0.0005,cuda,False,False,10,13,1426,-0.11611398309469223
fixed_random,0,results_adamw_lr0p001,results_adamw_lr0p001,small_cnn,adamw,10,128,20000,0.001,0.9,0.0005,cuda,False,False,10,14,1427,0.004233404062688351
fixed_random,0,results_adamw_lr0p001,results_adamw_lr0p001,small_cnn,adamw,10,128,20000,0.001,0.9,0.0005,cuda,False,False,10,15,1428,0.6715458631515503
fixed_random,0,results_adamw_lr0p001,results_adamw_lr0p001,small_cnn,adamw,10,128,20000,0.001,0.9,0.0005,cuda,False,False,10,16,1429,-0.08463545888662338
fixed_random,0,results_adamw_lr0p001,results_adamw_lr0p001,small_cnn,adamw,10,128,20000,0.001,0.9,0.0005,cuda,False,False,10,17,1430,0.1599542498588562
fixed_random,0,results_adamw_lr0p001,results_adamw_lr0p001,small_cnn,adamw,10,128,20000,0.001,0.9,0.0005,cuda,False,False,10,18,1431,-0.15668350458145142
fixed_random,0,results_adamw_lr0p001,results_adamw_lr0p001,small_cnn,adamw,10,128,20000,0.001,0.9,0.0005,cuda,False,False,10,19,1432,0.437785267829895
fixed_random,0,results_adamw_lr0p001,results_adamw_lr0p001,small_cnn,adamw,10,128,20000,0.001,0.9,0.0005,cuda,False,False,10,20,1433,0.05962466448545456
fixed_random,0,results_adamw_lr0p001,results_adamw_lr0p001,small_cnn,adamw,10,128,20000,0.001,0.9,0.0005,cuda,False,False,10,21,1434,0.06222059950232506
fixed_random,0,results_adamw_lr0p001,results_adamw_lr0p001,small_cnn,adamw,10,128,20000,0.001,0.9,0.0005,cuda,False,False,10,22,1435,0.13554823398590088
fixed_random,0,results_adamw_lr0p001,results_adamw_lr0p001,small_cnn,adamw,10,128,20000,0.001,0.9,0.0005,cuda,False,False,10,23,1436,0.3960970640182495
fixed_random,0,results_adamw_lr0p001,results_adamw_lr0p001,small_cnn,adamw,10,128,20000,0.001,0.9,0.0005,cuda,False,False,10,24,1437,0.33083441853523254
fixed_random,0,results_adamw_lr0p001,results_adamw_lr0p001,small_cnn,adamw,10,128,20000,0.001,0.9,0.0005,cuda,False,False,10,25,1438,0.6775729060173035
fixed_random,0,results_adamw_lr0p001,results_adamw_lr0p001,small_cnn,adamw,10,128,20000,0.001,0.9,0.0005,cuda,False,False,10,26,1439,0.11840514838695526
fixed_random,0,results_adamw_lr0p001,results_adamw_lr0p001,small_cnn,adamw,10,128,20000,0.001,0.9,0.0005,cuda,False,False,10,27,1440,-0.036675356328487396
fixed_random,0,results_adamw_lr0p001,results_adamw_lr0p001,small_cnn,adamw,10,128,20000,0.001,0.9,0.0005,cuda,False,False,10,28,1441,-0.0712311640381813
fixed_random,0,results_adamw_lr0p001,results_adamw_lr0p001,small_cnn,adamw,10,128,20000,0.001,0.9,0.0005,cuda,False,False,10,29,1442,0.2691810131072998
fixed_random,0,results_adamw_lr0p001,results_adamw_lr0p001,small_cnn,adamw,10,128,20000,0.001,0.9,0.0005,cuda,False,False,10,30,1443,0.5821333527565002
fixed_random,0,results_adamw_lr0p001,results_adamw_lr0p001,small_cnn,adamw,10,128,20000,0.001,0.9,0.0005,cuda,False,False,10,31,1444,0.13222700357437134
fixed_random,0,results_adamw_lr0p001,results_adamw_lr0p001,small_cnn,adamw,10,128,20000,0.001,0.9,0.0005,cuda,False,False,10,32,1445,0.016925211995840073
fixed_random,0,results_adamw_lr0p001,results_adamw_lr0p001,small_cnn,adamw,10,128,20000,0.001,0.9,0.0005,cuda,False,False,10,33,1446,0.42086637020111084
fixed_random,0,results_adamw_lr0p001,results_adamw_lr0p001,small_cnn,adamw,10,128,20000,0.001,0.9,0.0005,cuda,False,False,10,34,1447,0.17005056142807007
fixed_random,0,results_adamw_lr0p001,results_adamw_lr0p001,small_cnn,adamw,10,128,20000,0.001,0.9,0.0005,cuda,False,False,10,35,1448,-0.28169938921928406
fixed_random,0,results_adamw_lr0p001,results_adamw_lr0p001,small_cnn,adamw,10,128,20000,0.001,0.9,0.0005,cuda,False,False,10,36,1449,0.06049506366252899
fixed_random,0,results_adamw_lr0p001,results_adamw_lr0p001,small_cnn,adamw,10,128,20000,0.001,0.9,0.0005,cuda,False,False,10,37,1450,0.267273485660553
fixed_random,0,results_adamw_lr0p001,results_adamw_lr0p001,small_cnn,adamw,10,128,20000,0.001,0.9,0.0005,cuda,False,False,10,38,1451,0.4516381323337555
fixed_random,0,results_adamw_lr0p001,results_adamw_lr0p001,small_cnn,adamw,10,128,20000,0.001,0.9,0.0005,cuda,False,False,10,39,1452,0.4176226854324341
fixed_random,0,results_adamw_lr0p001,results_adamw_lr0p001,small_cnn,adamw,10,128,20000,0.001,0.9,0.0005,cuda,False,False,10,40,1453,0.5603508353233337
fixed_random,0,results_adamw_lr0p001,results_adamw_lr0p001,small_cnn,adamw,10,128,20000,0.001,0.9,0.0005,cuda,False,False,10,41,1454,0.12078701704740524
fixed_random,0,results_adamw_lr0p001,results_adamw_lr0p001,small_cnn,adamw,10,128,20000,0.001,0.9,0.0005,cuda,False,False,10,42,1455,-0.39121687412261963
fixed_random,0,results_adamw_lr0p001,results_adamw_lr0p001,small_cnn,adamw,10,128,20000,0.001,0.9,0.0005,cuda,False,False,10,43,1456,0.6667987108230591
fixed_random,0,results_adamw_lr0p001,results_adamw_lr0p001,small_cnn,adamw,10,128,20000,0.001,0.9,0.0005,cuda,False,False,10,44,1457,0.49655357003211975
fixed_random,0,results_adamw_lr0p001,results_adamw_lr0p001,small_cnn,adamw,10,128,20000,0.001,0.9,0.0005,cuda,False,False,10,45,1458,0.7295054197311401
fixed_random,0,results_adamw_lr0p001,results_adamw_lr0p001,small_cnn,adamw,10,128,20000,0.001,0.9,0.0005,cuda,False,False,10,46,1459,-0.6631531119346619
fixed_random,0,results_adamw_lr0p001,results_adamw_lr0p001,small_cnn,adamw,10,128,20000,0.001,0.9,0.0005,cuda,False,False,10,47,1460,0.5534930229187012
fixed_random,0,results_adamw_lr0p001,results_adamw_lr0p001,small_cnn,adamw,10,128,20000,0.001,0.9,0.0005,cuda,False,False,10,48,1461,0.4452877640724182
fixed_random,0,results_adamw_lr0p001,results_adamw_lr0p001,small_cnn,adamw,10,128,20000,0.001,0.9,0.0005,cuda,False,False,10,49,1462,0.6268109083175659
fixed_random,0,results_adamw_lr0p001,results_adamw_lr0p001,small_cnn,adamw,10,128,20000,0.001,0.9,0.0005,cuda,False,False,10,50,1463,0.6281304955482483
fixed_random,0,results_adamw_lr0p001,results_adamw_lr0p001,small_cnn,adamw,10,128,20000,0.001,0.9,0.0005,cuda,False,False,10,51,1464,0.0878957137465477
fixed_random,0,results_adamw_lr0p001,results_adamw_lr0p001,small_cnn,adamw,10,128,20000,0.001,0.9,0.0005,cuda,False,False,10,52,1465,0.13185067474842072
fixed_random,0,results_adamw_lr0p001,results_adamw_lr0p001,small_cnn,adamw,10,128,20000,0.001,0.9,0.0005,cuda,False,False,10,53,1466,0.3431899845600128
fixed_random,0,results_adamw_lr0p001,results_adamw_lr0p001,small_cnn,adamw,10,128,20000,0.001,0.9,0.0005,cuda,False,False,10,54,1467,0.24505466222763062
fixed_random,0,results_adamw_lr0p001,results_adamw_lr0p001,small_cnn,adamw,10,128,20000,0.001,0.9,0.0005,cuda,False,False,10,55,1468,0.6189069747924805
fixed_random,0,results_adamw_lr0p001,results_adamw_lr0p001,small_cnn,adamw,10,128,20000,0.001,0.9,0.0005,cuda,False,False,10,56,1469,0.5296407341957092
fixed_random,0,results_adamw_lr0p001,results_adamw_lr0p001,small_cnn,adamw,10,128,20000,0.001,0.9,0.0005,cuda,False,False,10,57,1470,-0.009665252640843391
fixed_random,0,results_adamw_lr0p001,results_adamw_lr0p001,small_cnn,adamw,10,128,20000,0.001,0.9,0.0005,cuda,False,False,10,58,1471,-0.2673099935054779
fixed_random,0,results_adamw_lr0p001,results_adamw_lr0p001,small_cnn,adamw,10,128,20000,0.001,0.9,0.0005,cuda,False,False,10,59,1472,0.5406330227851868
fixed_random,0,results_adamw_lr0p001,results_adamw_lr0p001,small_cnn,adamw,10,128,20000,0.001,0.9,0.0005,cuda,False,False,10,60,1473,0.13621386885643005
fixed_random,0,results_adamw_lr0p001,results_adamw_lr0p001,small_cnn,adamw,10,128,20000,0.001,0.9,0.0005,cuda,False,False,10,61,1474,0.2864706516265869
fixed_random,0,results_adamw_lr0p001,results_adamw_lr0p001,small_cnn,adamw,10,128,20000,0.001,0.9,0.0005,cuda,False,False,10,62,1475,-0.3383716940879822
fixed_random,0,results_adamw_lr0p001,results_adamw_lr0p001,small_cnn,adamw,10,128,20000,0.001,0.9,0.0005,cuda,False,False,10,63,1476,0.408250093460083
fixed_random,0,results_adamw_lr0p001,results_adamw_lr0p001,small_cnn,adamw,10,128,20000,0.001,0.9,0.0005,cuda,False,False,10,64,1477,0.3088667690753937
fixed_random,0,results_adamw_lr0p001,results_adamw_lr0p001,small_cnn,adamw,10,128,20000,0.001,0.9,0.0005,cuda,False,False,10,65,1478,0.30137866735458374
fixed_random,0,results_adamw_lr0p001,results_adamw_lr0p001,small_cnn,adamw,10,128,20000,0.001,0.9,0.0005,cuda,False,False,10,66,1479,0.33200761675834656
fixed_random,0,results_adamw_lr0p001,results_adamw_lr0p001,small_cnn,adamw,10,128,20000,0.001,0.9,0.0005,cuda,False,False,10,67,1480,0.21448950469493866
fixed_random,0,results_adamw_lr0p001,results_adamw_lr0p001,small_cnn,adamw,10,128,20000,0.001,0.9,0.0005,cuda,False,False,10,68,1481,-0.1577824205160141
fixed_random,0,results_adamw_lr0p001,results_adamw_lr0p001,small_cnn,adamw,10,128,20000,0.001,0.9,0.0005,cuda,False,False,10,69,1482,0.2835204601287842
fixed_random,0,results_adamw_lr0p001,results_adamw_lr0p001,small_cnn,adamw,10,128,20000,0.001,0.9,0.0005,cuda,False,False,10,70,1483,0.6535053849220276
fixed_random,0,results_adamw_lr0p001,results_adamw_lr0p001,small_cnn,adamw,10,128,20000,0.001,0.9,0.0005,cuda,False,False,10,71,1484,0.5786221027374268
fixed_random,0,results_adamw_lr0p001,results_adamw_lr0p001,small_cnn,adamw,10,128,20000,0.001,0.9,0.0005,cuda,False,False,10,72,1485,0.6012569665908813
fixed_random,0,results_adamw_lr0p001,results_adamw_lr0p001,small_cnn,adamw,10,128,20000,0.001,0.9,0.0005,cuda,False,False,10,73,1486,0.318785160779953
fixed_random,0,results_adamw_lr0p001,results_adamw_lr0p001,small_cnn,adamw,10,128,20000,0.001,0.9,0.0005,cuda,False,False,10,74,1487,-0.22917212545871735
fixed_random,0,results_adamw_lr0p001,results_adamw_lr0p001,small_cnn,adamw,10,128,20000,0.001,0.9,0.0005,cuda,False,False,10,75,1488,-0.10696186870336533
fixed_random,0,results_adamw_lr0p001,results_adamw_lr0p001,small_cnn,adamw,10,128,20000,0.001,0.9,0.0005,cuda,False,False,10,76,1489,0.23854100704193115
fixed_random,0,results_adamw_lr0p001,results_adamw_lr0p001,small_cnn,adamw,10,128,20000,0.001,0.9,0.0005,cuda,False,False,10,77,1490,0.34373947978019714
fixed_random,0,results_adamw_lr0p001,results_adamw_lr0p001,small_cnn,adamw,10,128,20000,0.001,0.9,0.0005,cuda,False,False,10,78,1491,0.5056021809577942
fixed_random,0,results_adamw_lr0p001,results_adamw_lr0p001,small_cnn,adamw,10,128,20000,0.001,0.9,0.0005,cuda,False,False,10,79,1492,0.5319063663482666
fixed_random,0,results_adamw_lr0p001,results_adamw_lr0p001,small_cnn,adamw,10,128,20000,0.001,0.9,0.0005,cuda,False,False,10,80,1493,0.34551283717155457
fixed_random,0,results_adamw_lr0p001,results_adamw_lr0p001,small_cnn,adamw,10,128,20000,0.001,0.9,0.0005,cuda,False,False,10,81,1494,0.21364517509937286
fixed_random,0,results_adamw_lr0p001,results_adamw_lr0p001,small_cnn,adamw,10,128,20000,0.001,0.9,0.0005,cuda,False,False,10,82,1495,-0.015172271989285946
fixed_random,0,results_adamw_lr0p001,results_adamw_lr0p001,small_cnn,adamw,10,128,20000,0.001,0.9,0.0005,cuda,False,False,10,83,1496,0.45908617973327637
fixed_random,0,results_adamw_lr0p001,results_adamw_lr0p001,small_cnn,adamw,10,128,20000,0.001,0.9,0.0005,cuda,False,False,10,84,1497,0.5923697352409363
fixed_random,0,results_adamw_lr0p001,results_adamw_lr0p001,small_cnn,adamw,10,128,20000,0.001,0.9,0.0005,cuda,False,False,10,85,1498,0.39531680941581726
fixed_random,0,results_adamw_lr0p001,results_adamw_lr0p001,small_cnn,adamw,10,128,20000,0.001,0.9,0.0005,cuda,False,False,10,86,1499,-0.1568680852651596
fixed_random,0,results_adamw_lr0p001,results_adamw_lr0p001,small_cnn,adamw,10,128,20000,0.001,0.9,0.0005,cuda,False,False,10,87,1500,0.21091048419475555
fixed_random,0,results_adamw_lr0p001,results_adamw_lr0p001,small_cnn,adamw,10,128,20000,0.001,0.9,0.0005,cuda,False,False,10,88,1501,0.0004401237238198519
fixed_random,0,results_adamw_lr0p001,results_adamw_lr0p001,small_cnn,adamw,10,128,20000,0.001,0.9,0.0005,cuda,False,False,10,89,1502,0.06149750575423241
fixed_random,0,results_adamw_lr0p001,results_adamw_lr0p001,small_cnn,adamw,10,128,20000,0.001,0.9,0.0005,cuda,False,False,10,90,1503,-0.13249219954013824
fixed_random,0,results_adamw_lr0p001,results_adamw_lr0p001,small_cnn,adamw,10,128,20000,0.001,0.9,0.0005,cuda,False,False,10,91,1504,0.7595182061195374
fixed_random,0,results_adamw_lr0p001,results_adamw_lr0p001,small_cnn,adamw,10,128,20000,0.001,0.9,0.0005,cuda,False,False,10,92,1505,-0.5352782011032104
fixed_random,0,results_adamw_lr0p001,results_adamw_lr0p001,small_cnn,adamw,10,128,20000,0.001,0.9,0.0005,cuda,False,False,10,93,1506,-0.4055308699607849
fixed_random,0,results_adamw_lr0p001,results_adamw_lr0p001,small_cnn,adamw,10,128,20000,0.001,0.9,0.0005,cuda,False,False,10,94,1507,-0.141605406999588
fixed_random,0,results_adamw_lr0p001,results_adamw_lr0p001,small_cnn,adamw,10,128,20000,0.001,0.9,0.0005,cuda,False,False,10,95,1508,0.5093174576759338
fixed_random,0,results_adamw_lr0p001,results_adamw_lr0p001,small_cnn,adamw,10,128,20000,0.001,0.9,0.0005,cuda,False,False,10,96,1509,0.0708748996257782
fixed_random,0,results_adamw_lr0p001,results_adamw_lr0p001,small_cnn,adamw,10,128,20000,0.001,0.9,0.0005,cuda,False,False,10,97,1510,0.2304738163948059
fixed_random,0,results_adamw_lr0p001,results_adamw_lr0p001,small_cnn,adamw,10,128,20000,0.001,0.9,0.0005,cuda,False,False,10,98,1511,0.36689457297325134
fixed_random,0,results_adamw_lr0p001,results_adamw_lr0p001,small_cnn,adamw,10,128,20000,0.001,0.9,0.0005,cuda,False,False,10,99,1512,-0.2020174115896225
fixed_random,0,results_adamw_lr0p001,results_adamw_lr0p001,small_cnn,adamw,10,128,20000,0.001,0.9,0.0005,cuda,False,False,10,100,1513,-0.49981895089149475
fixed_random,0,results_adamw_lr0p001,results_adamw_lr0p001,small_cnn,adamw,10,128,20000,0.001,0.9,0.0005,cuda,False,False,10,101,1514,0.7807459831237793
fixed_random,0,results_adamw_lr0p001,results_adamw_lr0p001,small_cnn,adamw,10,128,20000,0.001,0.9,0.0005,cuda,False,False,10,102,1515,0.37578868865966797
fixed_random,0,results_adamw_lr0p001,results_adamw_lr0p001,small_cnn,adamw,10,128,20000,0.001,0.9,0.0005,cuda,False,False,10,103,1516,0.08240877836942673
fixed_random,0,results_adamw_lr0p001,results_adamw_lr0p001,small_cnn,adamw,10,128,20000,0.001,0.9,0.0005,cuda,False,False,10,104,1517,0.5268725752830505
fixed_random,0,results_adamw_lr0p001,results_adamw_lr0p001,small_cnn,adamw,10,128,20000,0.001,0.9,0.0005,cuda,False,False,10,105,1518,-0.15262900292873383
fixed_random,0,results_adamw_lr0p001,results_adamw_lr0p001,small_cnn,adamw,10,128,20000,0.001,0.9,0.0005,cuda,False,False,10,106,1519,0.6474639773368835
fixed_random,0,results_adamw_lr0p001,results_adamw_lr0p001,small_cnn,adamw,10,128,20000,0.001,0.9,0.0005,cuda,False,False,10,107,1520,0.7143515944480896
fixed_random,0,results_adamw_lr0p001,results_adamw_lr0p001,small_cnn,adamw,10,128,20000,0.001,0.9,0.0005,cuda,False,False,10,108,1521,0.23541057109832764
fixed_random,0,results_adamw_lr0p001,results_adamw_lr0p001,small_cnn,adamw,10,128,20000,0.001,0.9,0.0005,cuda,False,False,10,109,1522,0.5627008676528931
fixed_random,0,results_adamw_lr0p001,results_adamw_lr0p001,small_cnn,adamw,10,128,20000,0.001,0.9,0.0005,cuda,False,False,10,110,1523,0.35387346148490906
fixed_random,0,results_adamw_lr0p001,results_adamw_lr0p001,small_cnn,adamw,10,128,20000,0.001,0.9,0.0005,cuda,False,False,10,111,1524,0.3101702332496643
fixed_random,0,results_adamw_lr0p001,results_adamw_lr0p001,small_cnn,adamw,10,128,20000,0.001,0.9,0.0005,cuda,False,False,10,112,1525,0.02325957641005516
fixed_random,0,results_adamw_lr0p001,results_adamw_lr0p001,small_cnn,adamw,10,128,20000,0.001,0.9,0.0005,cuda,False,False,10,113,1526,0.7347791194915771
fixed_random,0,results_adamw_lr0p001,results_adamw_lr0p001,small_cnn,adamw,10,128,20000,0.001,0.9,0.0005,cuda,False,False,10,114,1527,0.7573074698448181
fixed_random,0,results_adamw_lr0p001,results_adamw_lr0p001,small_cnn,adamw,10,128,20000,0.001,0.9,0.0005,cuda,False,False,10,115,1528,0.8757458329200745
fixed_random,0,results_adamw_lr0p001,results_adamw_lr0p001,small_cnn,adamw,10,128,20000,0.001,0.9,0.0005,cuda,False,False,10,116,1529,0.08386996388435364
fixed_random,0,results_adamw_lr0p001,results_adamw_lr0p001,small_cnn,adamw,10,128,20000,0.001,0.9,0.0005,cuda,False,False,10,117,1530,0.2430262714624405
fixed_random,0,results_adamw_lr0p001,results_adamw_lr0p001,small_cnn,adamw,10,128,20000,0.001,0.9,0.0005,cuda,False,False,10,118,1531,0.25882935523986816
fixed_random,0,results_adamw_lr0p001,results_adamw_lr0p001,small_cnn,adamw,10,128,20000,0.001,0.9,0.0005,cuda,False,False,10,119,1532,0.042335186153650284
fixed_random,0,results_adamw_lr0p001,results_adamw_lr0p001,small_cnn,adamw,10,128,20000,0.001,0.9,0.0005,cuda,False,False,10,120,1533,0.8267027139663696
fixed_random,0,results_adamw_lr0p001,results_adamw_lr0p001,small_cnn,adamw,10,128,20000,0.001,0.9,0.0005,cuda,False,False,10,121,1534,0.7315478324890137
fixed_random,0,results_adamw_lr0p001,results_adamw_lr0p001,small_cnn,adamw,10,128,20000,0.001,0.9,0.0005,cuda,False,False,10,122,1535,0.4590107798576355
fixed_random,0,results_adamw_lr0p001,results_adamw_lr0p001,small_cnn,adamw,10,128,20000,0.001,0.9,0.0005,cuda,False,False,10,123,1536,0.8044477105140686
fixed_random,0,results_adamw_lr0p001,results_adamw_lr0p001,small_cnn,adamw,10,128,20000,0.001,0.9,0.0005,cuda,False,False,10,124,1537,0.821903645992279
fixed_random,0,results_adamw_lr0p001,results_adamw_lr0p001,small_cnn,adamw,10,128,20000,0.001,0.9,0.0005,cuda,False,False,10,125,1538,-0.10238684713840485
fixed_random,0,results_adamw_lr0p001,results_adamw_lr0p001,small_cnn,adamw,10,128,20000,0.001,0.9,0.0005,cuda,False,False,10,126,1539,0.18469664454460144
fixed_random,0,results_adamw_lr0p001,results_adamw_lr0p001,small_cnn,adamw,10,128,20000,0.001,0.9,0.0005,cuda,False,False,10,127,1540,0.8420936465263367
fixed_random,0,results_adamw_lr0p001,results_adamw_lr0p001,small_cnn,adamw,10,128,20000,0.001,0.9,0.0005,cuda,False,False,10,128,1541,0.1884048581123352
fixed_random,0,results_adamw_lr0p001,results_adamw_lr0p001,small_cnn,adamw,10,128,20000,0.001,0.9,0.0005,cuda,False,False,10,129,1542,0.7289108633995056
fixed_random,0,results_adamw_lr0p001,results_adamw_lr0p001,small_cnn,adamw,10,128,20000,0.001,0.9,0.0005,cuda,False,False,10,130,1543,0.7373158931732178
fixed_random,0,results_adamw_lr0p001,results_adamw_lr0p001,small_cnn,adamw,10,128,20000,0.001,0.9,0.0005,cuda,False,False,10,131,1544,0.4100431501865387
fixed_random,0,results_adamw_lr0p001,results_adamw_lr0p001,small_cnn,adamw,10,128,20000,0.001,0.9,0.0005,cuda,False,False,10,132,1545,0.31360194087028503
fixed_random,0,results_adamw_lr0p001,results_adamw_lr0p001,small_cnn,adamw,10,128,20000,0.001,0.9,0.0005,cuda,False,False,10,133,1546,-0.21140243113040924
fixed_random,0,results_adamw_lr0p001,results_adamw_lr0p001,small_cnn,adamw,10,128,20000,0.001,0.9,0.0005,cuda,False,False,10,134,1547,0.7290313243865967
fixed_random,0,results_adamw_lr0p001,results_adamw_lr0p001,small_cnn,adamw,10,128,20000,0.001,0.9,0.0005,cuda,False,False,10,135,1548,0.373676061630249
fixed_random,0,results_adamw_lr0p001,results_adamw_lr0p001,small_cnn,adamw,10,128,20000,0.001,0.9,0.0005,cuda,False,False,10,136,1549,0.7915651202201843
fixed_random,0,results_adamw_lr0p001,results_adamw_lr0p001,small_cnn,adamw,10,128,20000,0.001,0.9,0.0005,cuda,False,False,10,137,1550,0.8088985681533813
fixed_random,0,results_adamw_lr0p001,results_adamw_lr0p001,small_cnn,adamw,10,128,20000,0.001,0.9,0.0005,cuda,False,False,10,138,1551,-0.18196427822113037
fixed_random,0,results_adamw_lr0p001,results_adamw_lr0p001,small_cnn,adamw,10,128,20000,0.001,0.9,0.0005,cuda,False,False,10,139,1552,0.34113845229148865
fixed_random,0,results_adamw_lr0p001,results_adamw_lr0p001,small_cnn,adamw,10,128,20000,0.001,0.9,0.0005,cuda,False,False,10,140,1553,0.7142783999443054
fixed_random,0,results_adamw_lr0p001,results_adamw_lr0p001,small_cnn,adamw,10,128,20000,0.001,0.9,0.0005,cuda,False,False,10,141,1554,0.25209367275238037
fixed_random,0,results_adamw_lr0p001,results_adamw_lr0p001,small_cnn,adamw,10,128,20000,0.001,0.9,0.0005,cuda,False,False,10,142,1555,0.10959088802337646
fixed_random,0,results_adamw_lr0p001,results_adamw_lr0p001,small_cnn,adamw,10,128,20000,0.001,0.9,0.0005,cuda,False,False,10,143,1556,0.151683047413826
fixed_random,0,results_adamw_lr0p001,results_adamw_lr0p001,small_cnn,adamw,10,128,20000,0.001,0.9,0.0005,cuda,False,False,10,144,1557,0.525324821472168
fixed_random,0,results_adamw_lr0p001,results_adamw_lr0p001,small_cnn,adamw,10,128,20000,0.001,0.9,0.0005,cuda,False,False,10,145,1558,0.3210005760192871
fixed_random,0,results_adamw_lr0p001,results_adamw_lr0p001,small_cnn,adamw,10,128,20000,0.001,0.9,0.0005,cuda,False,False,10,146,1559,0.46606922149658203
fixed_random,0,results_adamw_lr0p001,results_adamw_lr0p001,small_cnn,adamw,10,128,20000,0.001,0.9,0.0005,cuda,False,False,10,147,1560,0.4201337993144989
fixed_random,0,results_adamw_lr0p001,results_adamw_lr0p001,small_cnn,adamw,10,128,20000,0.001,0.9,0.0005,cuda,False,False,10,148,1561,0.6032330989837646
fixed_random,0,results_adamw_lr0p001,results_adamw_lr0p001,small_cnn,adamw,10,128,20000,0.001,0.9,0.0005,cuda,False,False,10,149,1562,0.4695628881454468
fixed_random,0,results_adamw_lr0p001,results_adamw_lr0p001,small_cnn,adamw,10,128,20000,0.001,0.9,0.0005,cuda,False,False,10,150,1563,0.6986848711967468
fixed_random,0,results_adamw_lr0p001,results_adamw_lr0p001,small_cnn,adamw,10,128,20000,0.001,0.9,0.0005,cuda,False,False,10,151,1564,0.6543400883674622
fixed_random,0,results_adamw_lr0p001,results_adamw_lr0p001,small_cnn,adamw,10,128,20000,0.001,0.9,0.0005,cuda,False,False,10,152,1565,-0.02194211445748806
fixed_random,0,results_adamw_lr0p001,results_adamw_lr0p001,small_cnn,adamw,10,128,20000,0.001,0.9,0.0005,cuda,False,False,10,153,1566,0.2921946048736572
fixed_random,0,results_adamw_lr0p001,results_adamw_lr0p001,small_cnn,adamw,10,128,20000,0.001,0.9,0.0005,cuda,False,False,10,154,1567,-0.0033567300997674465
fixed_random,0,results_adamw_lr0p001,results_adamw_lr0p001,small_cnn,adamw,10,128,20000,0.001,0.9,0.0005,cuda,False,False,10,155,1568,-0.06936350464820862
fixed_random,0,results_adamw_lr0p001,results_adamw_lr0p001,small_cnn,adamw,10,128,20000,0.001,0.9,0.0005,cuda,False,False,10,156,1569,0.6048365235328674
fixed_random,0,results_adamw_lr0p001,results_adamw_lr0p001,small_cnn,adamw,10,128,20000,0.001,0.9,0.0005,cuda,False,False,10,157,1570,0.4859062731266022
