order_mode,seed,experiment_name,output_dir,model,optimizer,epochs,batch_size,max_train_examples,learning_rate,momentum,weight_decay,device,deterministic,save_embeddings,epoch,batch_index,global_step,cosine_similarity
random,2,results_adamw_lr0p001,results_adamw_lr0p001,small_cnn,adamw,10,128,20000,0.001,0.9,0.0005,cuda,False,False,1,1,1,
random,2,results_adamw_lr0p001,results_adamw_lr0p001,small_cnn,adamw,10,128,20000,0.001,0.9,0.0005,cuda,False,False,1,2,2,0.14874954521656036
random,2,results_adamw_lr0p001,results_adamw_lr0p001,small_cnn,adamw,10,128,20000,0.001,0.9,0.0005,cuda,False,False,1,3,3,0.4616822600364685
random,2,results_adamw_lr0p001,results_adamw_lr0p001,small_cnn,adamw,10,128,20000,0.001,0.9,0.0005,cuda,False,False,1,4,4,0.12643426656723022
random,2,results_adamw_lr0p001,results_adamw_lr0p001,small_cnn,adamw,10,128,20000,0.001,0.9,0.0005,cuda,False,False,1,5,5,0.4026834964752197
random,2,results_adamw_lr0p001,results_adamw_lr0p001,small_cnn,adamw,10,128,20000,0.001,0.9,0.0005,cuda,False,False,1,6,6,0.7167916297912598
random,2,results_adamw_lr0p001,results_adamw_lr0p001,small_cnn,adamw,10,128,20000,0.001,0.9,0.0005,cuda,False,False,1,7,7,0.4761522710323334
random,2,results_adamw_lr0p001,results_adamw_lr0p001,small_cnn,adamw,10,128,20000,0.001,0.9,0.0005,cuda,False,False,1,8,8,0.6335773468017578
random,2,results_adamw_lr0p001,results_adamw_lr0p001,small_cnn,adamw,10,128,20000,0.001,0.9,0.0005,cuda,False,False,1,9,9,-0.37049227952957153
random,2,results_adamw_lr0p001,results_adamw_lr0p001,small_cnn,adamw,10,128,20000,0.001,0.9,0.0005,cuda,False,False,1,10,10,0.8722667098045349
random,2,results_adamw_lr0p001,results_adamw_lr0p001,small_cnn,adamw,10,128,20000,0.001,0.9,0.0005,cuda,False,False,1,11,11,0.011435804888606071
random,2,results_adamw_lr0p001,results_adamw_lr0p001,small_cnn,adamw,10,128,20000,0.001,0.9,0.0005,cuda,False,False,1,12,12,0.10762278735637665
random,2,results_adamw_lr0p001,results_adamw_lr0p001,small_cnn,adamw,10,128,20000,0.001,0.9,0.0005,cuda,False,False,1,13,13,0.7056050896644592
random,2,results_adamw_lr0p001,results_adamw_lr0p001,small_cnn,adamw,10,128,20000,0.001,0.9,0.0005,cuda,False,False,1,14,14,0.02029396779835224
random,2,results_adamw_lr0p001,results_adamw_lr0p001,small_cnn,adamw,10,128,20000,0.001,0.9,0.0005,cuda,False,False,1,15,15,0.3641372323036194
random,2,results_adamw_lr0p001,results_adamw_lr0p001,small_cnn,adamw,10,128,20000,0.001,0.9,0.0005,cuda,False,False,1,16,16,-0.4069993793964386
random,2,results_adamw_lr0p001,results_adamw_lr0p001,small_cnn,adamw,10,128,20000,0.001,0.9,0.0005,cuda,False,False,1,17,17,0.9250043034553528
random,2,results_adamw_lr0p001,results_adamw_lr0p001,small_cnn,adamw,10,128,20000,0.001,0.9,0.0005,cuda,False,False,1,18,18,0.7136638164520264
random,2,results_adamw_lr0p001,results_adamw_lr0p001,small_cnn,adamw,10,128,20000,0.001,0.9,0.0005,cuda,False,False,1,19,19,-0.46972402930259705
random,2,results_adamw_lr0p001,results_adamw_lr0p001,small_cnn,adamw,10,128,20000,0.001,0.9,0.0005,cuda,False,False,1,20,20,-0.12832288444042206
random,2,results_adamw_lr0p001,results_adamw_lr0p001,small_cnn,adamw,10,128,20000,0.001,0.9,0.0005,cuda,False,False,1,21,21,0.6236423850059509
random,2,results_adamw_lr0p001,results_adamw_lr0p001,small_cnn,adamw,10,128,20000,0.001,0.9,0.0005,cuda,False,False,1,22,22,0.09700654447078705
random,2,results_adamw_lr0p001,results_adamw_lr0p001,small_cnn,adamw,10,128,20000,0.001,0.9,0.0005,cuda,False,False,1,23,23,0.4462016224861145
random,2,results_adamw_lr0p001,results_adamw_lr0p001,small_cnn,adamw,10,128,20000,0.001,0.9,0.0005,cuda,False,False,1,24,24,0.9136158227920532
random,2,results_adamw_lr0p001,results_adamw_lr0p001,small_cnn,adamw,10,128,20000,0.001,0.9,0.0005,cuda,False,False,1,25,25,0.4058069884777069
random,2,results_adamw_lr0p001,results_adamw_lr0p001,small_cnn,adamw,10,128,20000,0.001,0.9,0.0005,cuda,False,False,1,26,26,0.567829966545105
random,2,results_adamw_lr0p001,results_adamw_lr0p001,small_cnn,adamw,10,128,20000,0.001,0.9,0.0005,cuda,False,False,1,27,27,0.6662884950637817
random,2,results_adamw_lr0p001,results_adamw_lr0p001,small_cnn,adamw,10,128,20000,0.001,0.9,0.0005,cuda,False,False,1,28,28,0.7714460492134094
random,2,results_adamw_lr0p001,results_adamw_lr0p001,small_cnn,adamw,10,128,20000,0.001,0.9,0.0005,cuda,False,False,1,29,29,0.6612169146537781
random,2,results_adamw_lr0p001,results_adamw_lr0p001,small_cnn,adamw,10,128,20000,0.001,0.9,0.0005,cuda,False,False,1,30,30,0.40082743763923645
random,2,results_adamw_lr0p001,results_adamw_lr0p001,small_cnn,adamw,10,128,20000,0.001,0.9,0.0005,cuda,False,False,1,31,31,0.6913288831710815
random,2,results_adamw_lr0p001,results_adamw_lr0p001,small_cnn,adamw,10,128,20000,0.001,0.9,0.0005,cuda,False,False,1,32,32,0.7230426669120789
random,2,results_adamw_lr0p001,results_adamw_lr0p001,small_cnn,adamw,10,128,20000,0.001,0.9,0.0005,cuda,False,False,1,33,33,0.6750408411026001
random,2,results_adamw_lr0p001,results_adamw_lr0p001,small_cnn,adamw,10,128,20000,0.001,0.9,0.0005,cuda,False,False,1,34,34,0.13561256229877472
random,2,results_adamw_lr0p001,results_adamw_lr0p001,small_cnn,adamw,10,128,20000,0.001,0.9,0.0005,cuda,False,False,1,35,35,0.6202636957168579
random,2,results_adamw_lr0p001,results_adamw_lr0p001,small_cnn,adamw,10,128,20000,0.001,0.9,0.0005,cuda,False,False,1,36,36,0.7789672613143921
random,2,results_adamw_lr0p001,results_adamw_lr0p001,small_cnn,adamw,10,128,20000,0.001,0.9,0.0005,cuda,False,False,1,37,37,-0.1272033452987671
random,2,results_adamw_lr0p001,results_adamw_lr0p001,small_cnn,adamw,10,128,20000,0.001,0.9,0.0005,cuda,False,False,1,38,38,0.7309322953224182
random,2,results_adamw_lr0p001,results_adamw_lr0p001,small_cnn,adamw,10,128,20000,0.001,0.9,0.0005,cuda,False,False,1,39,39,0.42903101444244385
random,2,results_adamw_lr0p001,results_adamw_lr0p001,small_cnn,adamw,10,128,20000,0.001,0.9,0.0005,cuda,False,False,1,40,40,0.09818992763757706
random,2,results_adamw_lr0p001,results_adamw_lr0p001,small_cnn,adamw,10,128,20000,0.001,0.9,0.0005,cuda,False,False,1,41,41,0.036422573029994965
random,2,results_adamw_lr0p001,results_adamw_lr0p001,small_cnn,adamw,10,128,20000,0.001,0.9,0.0005,cuda,False,False,1,42,42,0.43804195523262024
random,2,results_adamw_lr0p001,results_adamw_lr0p001,small_cnn,adamw,10,128,20000,0.001,0.9,0.0005,cuda,False,False,1,43,43,0.4996104836463928
random,2,results_adamw_lr0p001,results_adamw_lr0p001,small_cnn,adamw,10,128,20000,0.001,0.9,0.0005,cuda,False,False,1,44,44,0.49059146642684937
random,2,results_adamw_lr0p001,results_adamw_lr0p001,small_cnn,adamw,10,128,20000,0.001,0.9,0.0005,cuda,False,False,1,45,45,0.18354471027851105
random,2,results_adamw_lr0p001,results_adamw_lr0p001,small_cnn,adamw,10,128,20000,0.001,0.9,0.0005,cuda,False,False,1,46,46,0.6152113676071167
random,2,results_adamw_lr0p001,results_adamw_lr0p001,small_cnn,adamw,10,128,20000,0.001,0.9,0.0005,cuda,False,False,1,47,47,0.07055850327014923
random,2,results_adamw_lr0p001,results_adamw_lr0p001,small_cnn,adamw,10,128,20000,0.001,0.9,0.0005,cuda,False,False,1,48,48,0.6572927832603455
random,2,results_adamw_lr0p001,results_adamw_lr0p001,small_cnn,adamw,10,128,20000,0.001,0.9,0.0005,cuda,False,False,1,49,49,0.4361696243286133
random,2,results_adamw_lr0p001,results_adamw_lr0p001,small_cnn,adamw,10,128,20000,0.001,0.9,0.0005,cuda,False,False,1,50,50,0.7148718237876892
random,2,results_adamw_lr0p001,results_adamw_lr0p001,small_cnn,adamw,10,128,20000,0.001,0.9,0.0005,cuda,False,False,1,51,51,0.2144397646188736
random,2,results_adamw_lr0p001,results_adamw_lr0p001,small_cnn,adamw,10,128,20000,0.001,0.9,0.0005,cuda,False,False,1,52,52,0.7134091258049011
random,2,results_adamw_lr0p001,results_adamw_lr0p001,small_cnn,adamw,10,128,20000,0.001,0.9,0.0005,cuda,False,False,1,53,53,0.7515569925308228
random,2,results_adamw_lr0p001,results_adamw_lr0p001,small_cnn,adamw,10,128,20000,0.001,0.9,0.0005,cuda,False,False,1,54,54,0.12678758800029755
random,2,results_adamw_lr0p001,results_adamw_lr0p001,small_cnn,adamw,10,128,20000,0.001,0.9,0.0005,cuda,False,False,1,55,55,0.7369051575660706
random,2,results_adamw_lr0p001,results_adamw_lr0p001,small_cnn,adamw,10,128,20000,0.001,0.9,0.0005,cuda,False,False,1,56,56,0.10067951679229736
random,2,results_adamw_lr0p001,results_adamw_lr0p001,small_cnn,adamw,10,128,20000,0.001,0.9,0.0005,cuda,False,False,1,57,57,0.8214755058288574
random,2,results_adamw_lr0p001,results_adamw_lr0p001,small_cnn,adamw,10,128,20000,0.001,0.9,0.0005,cuda,False,False,1,58,58,0.8868235945701599
random,2,results_adamw_lr0p001,results_adamw_lr0p001,small_cnn,adamw,10,128,20000,0.001,0.9,0.0005,cuda,False,False,1,59,59,0.0764772891998291
random,2,results_adamw_lr0p001,results_adamw_lr0p001,small_cnn,adamw,10,128,20000,0.001,0.9,0.0005,cuda,False,False,1,60,60,0.7629401087760925
random,2,results_adamw_lr0p001,results_adamw_lr0p001,small_cnn,adamw,10,128,20000,0.001,0.9,0.0005,cuda,False,False,1,61,61,0.17724430561065674
random,2,results_adamw_lr0p001,results_adamw_lr0p001,small_cnn,adamw,10,128,20000,0.001,0.9,0.0005,cuda,False,False,1,62,62,0.9027539491653442
random,2,results_adamw_lr0p001,results_adamw_lr0p001,small_cnn,adamw,10,128,20000,0.001,0.9,0.0005,cuda,False,False,1,63,63,0.5078790187835693
random,2,results_adamw_lr0p001,results_adamw_lr0p001,small_cnn,adamw,10,128,20000,0.001,0.9,0.0005,cuda,False,False,1,64,64,0.817467212677002
random,2,results_adamw_lr0p001,results_adamw_lr0p001,small_cnn,adamw,10,128,20000,0.001,0.9,0.0005,cuda,False,False,1,65,65,0.45007967948913574
random,2,results_adamw_lr0p001,results_adamw_lr0p001,small_cnn,adamw,10,128,20000,0.001,0.9,0.0005,cuda,False,False,1,66,66,-0.18679510056972504
random,2,results_adamw_lr0p001,results_adamw_lr0p001,small_cnn,adamw,10,128,20000,0.001,0.9,0.0005,cuda,False,False,1,67,67,0.555309534072876
random,2,results_adamw_lr0p001,results_adamw_lr0p001,small_cnn,adamw,10,128,20000,0.001,0.9,0.0005,cuda,False,False,1,68,68,0.7204403877258301
random,2,results_adamw_lr0p001,results_adamw_lr0p001,small_cnn,adamw,10,128,20000,0.001,0.9,0.0005,cuda,False,False,1,69,69,0.6624190807342529
random,2,results_adamw_lr0p001,results_adamw_lr0p001,small_cnn,adamw,10,128,20000,0.001,0.9,0.0005,cuda,False,False,1,70,70,-0.07730364799499512
random,2,results_adamw_lr0p001,results_adamw_lr0p001,small_cnn,adamw,10,128,20000,0.001,0.9,0.0005,cuda,False,False,1,71,71,0.1580292284488678
random,2,results_adamw_lr0p001,results_adamw_lr0p001,small_cnn,adamw,10,128,20000,0.001,0.9,0.0005,cuda,False,False,1,72,72,0.588300347328186
random,2,results_adamw_lr0p001,results_adamw_lr0p001,small_cnn,adamw,10,128,20000,0.001,0.9,0.0005,cuda,False,False,1,73,73,0.7735564708709717
random,2,results_adamw_lr0p001,results_adamw_lr0p001,small_cnn,adamw,10,128,20000,0.001,0.9,0.0005,cuda,False,False,1,74,74,-0.4306352436542511
random,2,results_adamw_lr0p001,results_adamw_lr0p001,small_cnn,adamw,10,128,20000,0.001,0.9,0.0005,cuda,False,False,1,75,75,0.6101948022842407
random,2,results_adamw_lr0p001,results_adamw_lr0p001,small_cnn,adamw,10,128,20000,0.001,0.9,0.0005,cuda,False,False,1,76,76,0.8177966475486755
random,2,results_adamw_lr0p001,results_adamw_lr0p001,small_cnn,adamw,10,128,20000,0.001,0.9,0.0005,cuda,False,False,1,77,77,-0.24567781388759613
random,2,results_adamw_lr0p001,results_adamw_lr0p001,small_cnn,adamw,10,128,20000,0.001,0.9,0.0005,cuda,False,False,1,78,78,0.44009342789649963
random,2,results_adamw_lr0p001,results_adamw_lr0p001,small_cnn,adamw,10,128,20000,0.001,0.9,0.0005,cuda,False,False,1,79,79,0.6085751056671143
random,2,results_adamw_lr0p001,results_adamw_lr0p001,small_cnn,adamw,10,128,20000,0.001,0.9,0.0005,cuda,False,False,1,80,80,0.692721426486969
random,2,results_adamw_lr0p001,results_adamw_lr0p001,small_cnn,adamw,10,128,20000,0.001,0.9,0.0005,cuda,False,False,1,81,81,-0.3561869263648987
random,2,results_adamw_lr0p001,results_adamw_lr0p001,small_cnn,adamw,10,128,20000,0.001,0.9,0.0005,cuda,False,False,1,82,82,0.5986238718032837
random,2,results_adamw_lr0p001,results_adamw_lr0p001,small_cnn,adamw,10,128,20000,0.001,0.9,0.0005,cuda,False,False,1,83,83,0.5605257749557495
random,2,results_adamw_lr0p001,results_adamw_lr0p001,small_cnn,adamw,10,128,20000,0.001,0.9,0.0005,cuda,False,False,1,84,84,0.45243409276008606
random,2,results_adamw_lr0p001,results_adamw_lr0p001,small_cnn,adamw,10,128,20000,0.001,0.9,0.0005,cuda,False,False,1,85,85,0.12857948243618011
random,2,results_adamw_lr0p001,results_adamw_lr0p001,small_cnn,adamw,10,128,20000,0.001,0.9,0.0005,cuda,False,False,1,86,86,0.3363357186317444
random,2,results_adamw_lr0p001,results_adamw_lr0p001,small_cnn,adamw,10,128,20000,0.001,0.9,0.0005,cuda,False,False,1,87,87,0.330207884311676
random,2,results_adamw_lr0p001,results_adamw_lr0p001,small_cnn,adamw,10,128,20000,0.001,0.9,0.0005,cuda,False,False,1,88,88,0.3543388545513153
random,2,results_adamw_lr0p001,results_adamw_lr0p001,small_cnn,adamw,10,128,20000,0.001,0.9,0.0005,cuda,False,False,1,89,89,0.7637614607810974
random,2,results_adamw_lr0p001,results_adamw_lr0p001,small_cnn,adamw,10,128,20000,0.001,0.9,0.0005,cuda,False,False,1,90,90,-0.4845083951950073
random,2,results_adamw_lr0p001,results_adamw_lr0p001,small_cnn,adamw,10,128,20000,0.001,0.9,0.0005,cuda,False,False,1,91,91,0.4265781044960022
random,2,results_adamw_lr0p001,results_adamw_lr0p001,small_cnn,adamw,10,128,20000,0.001,0.9,0.0005,cuda,False,False,1,92,92,0.48370230197906494
random,2,results_adamw_lr0p001,results_adamw_lr0p001,small_cnn,adamw,10,128,20000,0.001,0.9,0.0005,cuda,False,False,1,93,93,-0.1056000366806984
random,2,results_adamw_lr0p001,results_adamw_lr0p001,small_cnn,adamw,10,128,20000,0.001,0.9,0.0005,cuda,False,False,1,94,94,0.4443604052066803
random,2,results_adamw_lr0p001,results_adamw_lr0p001,small_cnn,adamw,10,128,20000,0.001,0.9,0.0005,cuda,False,False,1,95,95,-0.08432108908891678
random,2,results_adamw_lr0p001,results_adamw_lr0p001,small_cnn,adamw,10,128,20000,0.001,0.9,0.0005,cuda,False,False,1,96,96,-0.031245069578289986
random,2,results_adamw_lr0p001,results_adamw_lr0p001,small_cnn,adamw,10,128,20000,0.001,0.9,0.0005,cuda,False,False,1,97,97,-0.3941271901130676
random,2,results_adamw_lr0p001,results_adamw_lr0p001,small_cnn,adamw,10,128,20000,0.001,0.9,0.0005,cuda,False,False,1,98,98,0.47075194120407104
random,2,results_adamw_lr0p001,results_adamw_lr0p001,small_cnn,adamw,10,128,20000,0.001,0.9,0.0005,cuda,False,False,1,99,99,-0.33831173181533813
random,2,results_adamw_lr0p001,results_adamw_lr0p001,small_cnn,adamw,10,128,20000,0.001,0.9,0.0005,cuda,False,False,1,100,100,0.17845644056797028
random,2,results_adamw_lr0p001,results_adamw_lr0p001,small_cnn,adamw,10,128,20000,0.001,0.9,0.0005,cuda,False,False,1,101,101,-0.45892348885536194
random,2,results_adamw_lr0p001,results_adamw_lr0p001,small_cnn,adamw,10,128,20000,0.001,0.9,0.0005,cuda,False,False,1,102,102,0.3585553467273712
random,2,results_adamw_lr0p001,results_adamw_lr0p001,small_cnn,adamw,10,128,20000,0.001,0.9,0.0005,cuda,False,False,1,103,103,-0.7034304141998291
random,2,results_adamw_lr0p001,results_adamw_lr0p001,small_cnn,adamw,10,128,20000,0.001,0.9,0.0005,cuda,False,False,1,104,104,0.46769917011260986
random,2,results_adamw_lr0p001,results_adamw_lr0p001,small_cnn,adamw,10,128,20000,0.001,0.9,0.0005,cuda,False,False,1,105,105,0.3965906500816345
random,2,results_adamw_lr0p001,results_adamw_lr0p001,small_cnn,adamw,10,128,20000,0.001,0.9,0.0005,cuda,False,False,1,106,106,-0.24497979879379272
random,2,results_adamw_lr0p001,results_adamw_lr0p001,small_cnn,adamw,10,128,20000,0.001,0.9,0.0005,cuda,False,False,1,107,107,0.31885209679603577
random,2,results_adamw_lr0p001,results_adamw_lr0p001,small_cnn,adamw,10,128,20000,0.001,0.9,0.0005,cuda,False,False,1,108,108,-0.24381937086582184
random,2,results_adamw_lr0p001,results_adamw_lr0p001,small_cnn,adamw,10,128,20000,0.001,0.9,0.0005,cuda,False,False,1,109,109,0.6943598985671997
random,2,results_adamw_lr0p001,results_adamw_lr0p001,small_cnn,adamw,10,128,20000,0.001,0.9,0.0005,cuda,False,False,1,110,110,0.4681951701641083
random,2,results_adamw_lr0p001,results_adamw_lr0p001,small_cnn,adamw,10,128,20000,0.001,0.9,0.0005,cuda,False,False,1,111,111,-0.36833813786506653
random,2,results_adamw_lr0p001,results_adamw_lr0p001,small_cnn,adamw,10,128,20000,0.001,0.9,0.0005,cuda,False,False,1,112,112,0.6235849261283875
random,2,results_adamw_lr0p001,results_adamw_lr0p001,small_cnn,adamw,10,128,20000,0.001,0.9,0.0005,cuda,False,False,1,113,113,0.2591491937637329
random,2,results_adamw_lr0p001,results_adamw_lr0p001,small_cnn,adamw,10,128,20000,0.001,0.9,0.0005,cuda,False,False,1,114,114,0.5078503489494324
random,2,results_adamw_lr0p001,results_adamw_lr0p001,small_cnn,adamw,10,128,20000,0.001,0.9,0.0005,cuda,False,False,1,115,115,-0.29809799790382385
random,2,results_adamw_lr0p001,results_adamw_lr0p001,small_cnn,adamw,10,128,20000,0.001,0.9,0.0005,cuda,False,False,1,116,116,0.6649733185768127
random,2,results_adamw_lr0p001,results_adamw_lr0p001,small_cnn,adamw,10,128,20000,0.001,0.9,0.0005,cuda,False,False,1,117,117,0.6949939727783203
random,2,results_adamw_lr0p001,results_adamw_lr0p001,small_cnn,adamw,10,128,20000,0.001,0.9,0.0005,cuda,False,False,1,118,118,-0.008412916213274002
random,2,results_adamw_lr0p001,results_adamw_lr0p001,small_cnn,adamw,10,128,20000,0.001,0.9,0.0005,cuda,False,False,1,119,119,0.5086962580680847
random,2,results_adamw_lr0p001,results_adamw_lr0p001,small_cnn,adamw,10,128,20000,0.001,0.9,0.0005,cuda,False,False,1,120,120,0.8538069725036621
random,2,results_adamw_lr0p001,results_adamw_lr0p001,small_cnn,adamw,10,128,20000,0.001,0.9,0.0005,cuda,False,False,1,121,121,-0.17077122628688812
random,2,results_adamw_lr0p001,results_adamw_lr0p001,small_cnn,adamw,10,128,20000,0.001,0.9,0.0005,cuda,False,False,1,122,122,-0.2489996999502182
random,2,results_adamw_lr0p001,results_adamw_lr0p001,small_cnn,adamw,10,128,20000,0.001,0.9,0.0005,cuda,False,False,1,123,123,0.6074737906455994
random,2,results_adamw_lr0p001,results_adamw_lr0p001,small_cnn,adamw,10,128,20000,0.001,0.9,0.0005,cuda,False,False,1,124,124,0.2778981029987335
random,2,results_adamw_lr0p001,results_adamw_lr0p001,small_cnn,adamw,10,128,20000,0.001,0.9,0.0005,cuda,False,False,1,125,125,0.7152374982833862
random,2,results_adamw_lr0p001,results_adamw_lr0p001,small_cnn,adamw,10,128,20000,0.001,0.9,0.0005,cuda,False,False,1,126,126,0.5592411756515503
random,2,results_adamw_lr0p001,results_adamw_lr0p001,small_cnn,adamw,10,128,20000,0.001,0.9,0.0005,cuda,False,False,1,127,127,-0.07824946194887161
random,2,results_adamw_lr0p001,results_adamw_lr0p001,small_cnn,adamw,10,128,20000,0.001,0.9,0.0005,cuda,False,False,1,128,128,0.720093309879303
random,2,results_adamw_lr0p001,results_adamw_lr0p001,small_cnn,adamw,10,128,20000,0.001,0.9,0.0005,cuda,False,False,1,129,129,0.4068320393562317
random,2,results_adamw_lr0p001,results_adamw_lr0p001,small_cnn,adamw,10,128,20000,0.001,0.9,0.0005,cuda,False,False,1,130,130,0.36641719937324524
random,2,results_adamw_lr0p001,results_adamw_lr0p001,small_cnn,adamw,10,128,20000,0.001,0.9,0.0005,cuda,False,False,1,131,131,0.709145724773407
random,2,results_adamw_lr0p001,results_adamw_lr0p001,small_cnn,adamw,10,128,20000,0.001,0.9,0.0005,cuda,False,False,1,132,132,0.30498117208480835
random,2,results_adamw_lr0p001,results_adamw_lr0p001,small_cnn,adamw,10,128,20000,0.001,0.9,0.0005,cuda,False,False,1,133,133,0.22082842886447906
random,2,results_adamw_lr0p001,results_adamw_lr0p001,small_cnn,adamw,10,128,20000,0.001,0.9,0.0005,cuda,False,False,1,134,134,0.8622775673866272
random,2,results_adamw_lr0p001,results_adamw_lr0p001,small_cnn,adamw,10,128,20000,0.001,0.9,0.0005,cuda,False,False,1,135,135,0.8046693801879883
random,2,results_adamw_lr0p001,results_adamw_lr0p001,small_cnn,adamw,10,128,20000,0.001,0.9,0.0005,cuda,False,False,1,136,136,0.654904842376709
random,2,results_adamw_lr0p001,results_adamw_lr0p001,small_cnn,adamw,10,128,20000,0.001,0.9,0.0005,cuda,False,False,1,137,137,-0.24874693155288696
random,2,results_adamw_lr0p001,results_adamw_lr0p001,small_cnn,adamw,10,128,20000,0.001,0.9,0.0005,cuda,False,False,1,138,138,0.684386134147644
random,2,results_adamw_lr0p001,results_adamw_lr0p001,small_cnn,adamw,10,128,20000,0.001,0.9,0.0005,cuda,False,False,1,139,139,0.7465616464614868
random,2,results_adamw_lr0p001,results_adamw_lr0p001,small_cnn,adamw,10,128,20000,0.001,0.9,0.0005,cuda,False,False,1,140,140,-0.1726498007774353
random,2,results_adamw_lr0p001,results_adamw_lr0p001,small_cnn,adamw,10,128,20000,0.001,0.9,0.0005,cuda,False,False,1,141,141,0.620257556438446
random,2,results_adamw_lr0p001,results_adamw_lr0p001,small_cnn,adamw,10,128,20000,0.001,0.9,0.0005,cuda,False,False,1,142,142,-0.42162248492240906
random,2,results_adamw_lr0p001,results_adamw_lr0p001,small_cnn,adamw,10,128,20000,0.001,0.9,0.0005,cuda,False,False,1,143,143,0.457929790019989
random,2,results_adamw_lr0p001,results_adamw_lr0p001,small_cnn,adamw,10,128,20000,0.001,0.9,0.0005,cuda,False,False,1,144,144,0.8900145292282104
random,2,results_adamw_lr0p001,results_adamw_lr0p001,small_cnn,adamw,10,128,20000,0.001,0.9,0.0005,cuda,False,False,1,145,145,0.7117922306060791
random,2,results_adamw_lr0p001,results_adamw_lr0p001,small_cnn,adamw,10,128,20000,0.001,0.9,0.0005,cuda,False,False,1,146,146,0.6414374709129333
random,2,results_adamw_lr0p001,results_adamw_lr0p001,small_cnn,adamw,10,128,20000,0.001,0.9,0.0005,cuda,False,False,1,147,147,0.5320726037025452
random,2,results_adamw_lr0p001,results_adamw_lr0p001,small_cnn,adamw,10,128,20000,0.001,0.9,0.0005,cuda,False,False,1,148,148,0.011364106088876724
random,2,results_adamw_lr0p001,results_adamw_lr0p001,small_cnn,adamw,10,128,20000,0.001,0.9,0.0005,cuda,False,False,1,149,149,0.1805981695652008
random,2,results_adamw_lr0p001,results_adamw_lr0p001,small_cnn,adamw,10,128,20000,0.001,0.9,0.0005,cuda,False,False,1,150,150,0.611109733581543
random,2,results_adamw_lr0p001,results_adamw_lr0p001,small_cnn,adamw,10,128,20000,0.001,0.9,0.0005,cuda,False,False,1,151,151,0.7896127104759216
random,2,results_adamw_lr0p001,results_adamw_lr0p001,small_cnn,adamw,10,128,20000,0.001,0.9,0.0005,cuda,False,False,1,152,152,-0.2797238230705261
random,2,results_adamw_lr0p001,results_adamw_lr0p001,small_cnn,adamw,10,128,20000,0.001,0.9,0.0005,cuda,False,False,1,153,153,0.02845507115125656
random,2,results_adamw_lr0p001,results_adamw_lr0p001,small_cnn,adamw,10,128,20000,0.001,0.9,0.0005,cuda,False,False,1,154,154,-0.30695971846580505
random,2,results_adamw_lr0p001,results_adamw_lr0p001,small_cnn,adamw,10,128,20000,0.001,0.9,0.0005,cuda,False,False,1,155,155,0.5893343091011047
random,2,results_adamw_lr0p001,results_adamw_lr0p001,small_cnn,adamw,10,128,20000,0.001,0.9,0.0005,cuda,False,False,1,156,156,-0.005515881814062595
random,2,results_adamw_lr0p001,results_adamw_lr0p001,small_cnn,adamw,10,128,20000,0.001,0.9,0.0005,cuda,False,False,1,157,157,0.07098926603794098
random,2,results_adamw_lr0p001,results_adamw_lr0p001,small_cnn,adamw,10,128,20000,0.001,0.9,0.0005,cuda,False,False,2,1,158,-0.06618482619524002
random,2,results_adamw_lr0p001,results_adamw_lr0p001,small_cnn,adamw,10,128,20000,0.001,0.9,0.0005,cuda,False,False,2,2,159,-0.1359180510044098
random,2,results_adamw_lr0p001,results_adamw_lr0p001,small_cnn,adamw,10,128,20000,0.001,0.9,0.0005,cuda,False,False,2,3,160,0.45198577642440796
random,2,results_adamw_lr0p001,results_adamw_lr0p001,small_cnn,adamw,10,128,20000,0.001,0.9,0.0005,cuda,False,False,2,4,161,0.0020315521396696568
random,2,results_adamw_lr0p001,results_adamw_lr0p001,small_cnn,adamw,10,128,20000,0.001,0.9,0.0005,cuda,False,False,2,5,162,0.6404263377189636
random,2,results_adamw_lr0p001,results_adamw_lr0p001,small_cnn,adamw,10,128,20000,0.001,0.9,0.0005,cuda,False,False,2,6,163,-0.17491628229618073
random,2,results_adamw_lr0p001,results_adamw_lr0p001,small_cnn,adamw,10,128,20000,0.001,0.9,0.0005,cuda,False,False,2,7,164,0.7699632048606873
random,2,results_adamw_lr0p001,results_adamw_lr0p001,small_cnn,adamw,10,128,20000,0.001,0.9,0.0005,cuda,False,False,2,8,165,0.8467168807983398
random,2,results_adamw_lr0p001,results_adamw_lr0p001,small_cnn,adamw,10,128,20000,0.001,0.9,0.0005,cuda,False,False,2,9,166,0.43498694896698
random,2,results_adamw_lr0p001,results_adamw_lr0p001,small_cnn,adamw,10,128,20000,0.001,0.9,0.0005,cuda,False,False,2,10,167,0.2090834677219391
random,2,results_adamw_lr0p001,results_adamw_lr0p001,small_cnn,adamw,10,128,20000,0.001,0.9,0.0005,cuda,False,False,2,11,168,-0.2504548132419586
random,2,results_adamw_lr0p001,results_adamw_lr0p001,small_cnn,adamw,10,128,20000,0.001,0.9,0.0005,cuda,False,False,2,12,169,-0.032083265483379364
random,2,results_adamw_lr0p001,results_adamw_lr0p001,small_cnn,adamw,10,128,20000,0.001,0.9,0.0005,cuda,False,False,2,13,170,0.6020652651786804
random,2,results_adamw_lr0p001,results_adamw_lr0p001,small_cnn,adamw,10,128,20000,0.001,0.9,0.0005,cuda,False,False,2,14,171,0.8642898201942444
random,2,results_adamw_lr0p001,results_adamw_lr0p001,small_cnn,adamw,10,128,20000,0.001,0.9,0.0005,cuda,False,False,2,15,172,0.11426805704832077
random,2,results_adamw_lr0p001,results_adamw_lr0p001,small_cnn,adamw,10,128,20000,0.001,0.9,0.0005,cuda,False,False,2,16,173,0.2992922067642212
random,2,results_adamw_lr0p001,results_adamw_lr0p001,small_cnn,adamw,10,128,20000,0.001,0.9,0.0005,cuda,False,False,2,17,174,-0.08711346983909607
random,2,results_adamw_lr0p001,results_adamw_lr0p001,small_cnn,adamw,10,128,20000,0.001,0.9,0.0005,cuda,False,False,2,18,175,0.48976561427116394
random,2,results_adamw_lr0p001,results_adamw_lr0p001,small_cnn,adamw,10,128,20000,0.001,0.9,0.0005,cuda,False,False,2,19,176,0.47745782136917114
random,2,results_adamw_lr0p001,results_adamw_lr0p001,small_cnn,adamw,10,128,20000,0.001,0.9,0.0005,cuda,False,False,2,20,177,0.508965790271759
random,2,results_adamw_lr0p001,results_adamw_lr0p001,small_cnn,adamw,10,128,20000,0.001,0.9,0.0005,cuda,False,False,2,21,178,0.6995449662208557
random,2,results_adamw_lr0p001,results_adamw_lr0p001,small_cnn,adamw,10,128,20000,0.001,0.9,0.0005,cuda,False,False,2,22,179,-0.1622154414653778
random,2,results_adamw_lr0p001,results_adamw_lr0p001,small_cnn,adamw,10,128,20000,0.001,0.9,0.0005,cuda,False,False,2,23,180,-0.3962056040763855
random,2,results_adamw_lr0p001,results_adamw_lr0p001,small_cnn,adamw,10,128,20000,0.001,0.9,0.0005,cuda,False,False,2,24,181,0.11356528103351593
random,2,results_adamw_lr0p001,results_adamw_lr0p001,small_cnn,adamw,10,128,20000,0.001,0.9,0.0005,cuda,False,False,2,25,182,0.627057671546936
random,2,results_adamw_lr0p001,results_adamw_lr0p001,small_cnn,adamw,10,128,20000,0.001,0.9,0.0005,cuda,False,False,2,26,183,0.43255841732025146
random,2,results_adamw_lr0p001,results_adamw_lr0p001,small_cnn,adamw,10,128,20000,0.001,0.9,0.0005,cuda,False,False,2,27,184,0.16611094772815704
random,2,results_adamw_lr0p001,results_adamw_lr0p001,small_cnn,adamw,10,128,20000,0.001,0.9,0.0005,cuda,False,False,2,28,185,0.5249994993209839
random,2,results_adamw_lr0p001,results_adamw_lr0p001,small_cnn,adamw,10,128,20000,0.001,0.9,0.0005,cuda,False,False,2,29,186,-0.44941818714141846
random,2,results_adamw_lr0p001,results_adamw_lr0p001,small_cnn,adamw,10,128,20000,0.001,0.9,0.0005,cuda,False,False,2,30,187,0.5189306735992432
random,2,results_adamw_lr0p001,results_adamw_lr0p001,small_cnn,adamw,10,128,20000,0.001,0.9,0.0005,cuda,False,False,2,31,188,0.20360402762889862
random,2,results_adamw_lr0p001,results_adamw_lr0p001,small_cnn,adamw,10,128,20000,0.001,0.9,0.0005,cuda,False,False,2,32,189,0.14117209613323212
random,2,results_adamw_lr0p001,results_adamw_lr0p001,small_cnn,adamw,10,128,20000,0.001,0.9,0.0005,cuda,False,False,2,33,190,-0.0704386904835701
random,2,results_adamw_lr0p001,results_adamw_lr0p001,small_cnn,adamw,10,128,20000,0.001,0.9,0.0005,cuda,False,False,2,34,191,0.4055584669113159
random,2,results_adamw_lr0p001,results_adamw_lr0p001,small_cnn,adamw,10,128,20000,0.001,0.9,0.0005,cuda,False,False,2,35,192,-0.18266341090202332
random,2,results_adamw_lr0p001,results_adamw_lr0p001,small_cnn,adamw,10,128,20000,0.001,0.9,0.0005,cuda,False,False,2,36,193,0.2941146790981293
random,2,results_adamw_lr0p001,results_adamw_lr0p001,small_cnn,adamw,10,128,20000,0.001,0.9,0.0005,cuda,False,False,2,37,194,0.5670629143714905
random,2,results_adamw_lr0p001,results_adamw_lr0p001,small_cnn,adamw,10,128,20000,0.001,0.9,0.0005,cuda,False,False,2,38,195,0.6310988664627075
random,2,results_adamw_lr0p001,results_adamw_lr0p001,small_cnn,adamw,10,128,20000,0.001,0.9,0.0005,cuda,False,False,2,39,196,0.7271072864532471
random,2,results_adamw_lr0p001,results_adamw_lr0p001,small_cnn,adamw,10,128,20000,0.001,0.9,0.0005,cuda,False,False,2,40,197,-0.18718907237052917
random,2,results_adamw_lr0p001,results_adamw_lr0p001,small_cnn,adamw,10,128,20000,0.001,0.9,0.0005,cuda,False,False,2,41,198,0.43274107575416565
random,2,results_adamw_lr0p001,results_adamw_lr0p001,small_cnn,adamw,10,128,20000,0.001,0.9,0.0005,cuda,False,False,2,42,199,0.6768264770507812
random,2,results_adamw_lr0p001,results_adamw_lr0p001,small_cnn,adamw,10,128,20000,0.001,0.9,0.0005,cuda,False,False,2,43,200,0.40902432799339294
random,2,results_adamw_lr0p001,results_adamw_lr0p001,small_cnn,adamw,10,128,20000,0.001,0.9,0.0005,cuda,False,False,2,44,201,0.4835497736930847
random,2,results_adamw_lr0p001,results_adamw_lr0p001,small_cnn,adamw,10,128,20000,0.001,0.9,0.0005,cuda,False,False,2,45,202,0.47770166397094727
random,2,results_adamw_lr0p001,results_adamw_lr0p001,small_cnn,adamw,10,128,20000,0.001,0.9,0.0005,cuda,False,False,2,46,203,0.6228023767471313
random,2,results_adamw_lr0p001,results_adamw_lr0p001,small_cnn,adamw,10,128,20000,0.001,0.9,0.0005,cuda,False,False,2,47,204,0.5749678611755371
random,2,results_adamw_lr0p001,results_adamw_lr0p001,small_cnn,adamw,10,128,20000,0.001,0.9,0.0005,cuda,False,False,2,48,205,0.6424860954284668
random,2,results_adamw_lr0p001,results_adamw_lr0p001,small_cnn,adamw,10,128,20000,0.001,0.9,0.0005,cuda,False,False,2,49,206,0.6471911072731018
random,2,results_adamw_lr0p001,results_adamw_lr0p001,small_cnn,adamw,10,128,20000,0.001,0.9,0.0005,cuda,False,False,2,50,207,0.22244998812675476
random,2,results_adamw_lr0p001,results_adamw_lr0p001,small_cnn,adamw,10,128,20000,0.001,0.9,0.0005,cuda,False,False,2,51,208,0.43675896525382996
random,2,results_adamw_lr0p001,results_adamw_lr0p001,small_cnn,adamw,10,128,20000,0.001,0.9,0.0005,cuda,False,False,2,52,209,-0.3520438075065613
random,2,results_adamw_lr0p001,results_adamw_lr0p001,small_cnn,adamw,10,128,20000,0.001,0.9,0.0005,cuda,False,False,2,53,210,0.36621496081352234
random,2,results_adamw_lr0p001,results_adamw_lr0p001,small_cnn,adamw,10,128,20000,0.001,0.9,0.0005,cuda,False,False,2,54,211,0.3745269477367401
random,2,results_adamw_lr0p001,results_adamw_lr0p001,small_cnn,adamw,10,128,20000,0.001,0.9,0.0005,cuda,False,False,2,55,212,0.15343281626701355
random,2,results_adamw_lr0p001,results_adamw_lr0p001,small_cnn,adamw,10,128,20000,0.001,0.9,0.0005,cuda,False,False,2,56,213,0.10315313190221786
random,2,results_adamw_lr0p001,results_adamw_lr0p001,small_cnn,adamw,10,128,20000,0.001,0.9,0.0005,cuda,False,False,2,57,214,0.03239824250340462
random,2,results_adamw_lr0p001,results_adamw_lr0p001,small_cnn,adamw,10,128,20000,0.001,0.9,0.0005,cuda,False,False,2,58,215,0.6240402460098267
random,2,results_adamw_lr0p001,results_adamw_lr0p001,small_cnn,adamw,10,128,20000,0.001,0.9,0.0005,cuda,False,False,2,59,216,0.3584228456020355
random,2,results_adamw_lr0p001,results_adamw_lr0p001,small_cnn,adamw,10,128,20000,0.001,0.9,0.0005,cuda,False,False,2,60,217,0.8893449306488037
random,2,results_adamw_lr0p001,results_adamw_lr0p001,small_cnn,adamw,10,128,20000,0.001,0.9,0.0005,cuda,False,False,2,61,218,0.3505491018295288
random,2,results_adamw_lr0p001,results_adamw_lr0p001,small_cnn,adamw,10,128,20000,0.001,0.9,0.0005,cuda,False,False,2,62,219,0.512740433216095
random,2,results_adamw_lr0p001,results_adamw_lr0p001,small_cnn,adamw,10,128,20000,0.001,0.9,0.0005,cuda,False,False,2,63,220,0.48380398750305176
random,2,results_adamw_lr0p001,results_adamw_lr0p001,small_cnn,adamw,10,128,20000,0.001,0.9,0.0005,cuda,False,False,2,64,221,0.5045379400253296
random,2,results_adamw_lr0p001,results_adamw_lr0p001,small_cnn,adamw,10,128,20000,0.001,0.9,0.0005,cuda,False,False,2,65,222,0.48297354578971863
random,2,results_adamw_lr0p001,results_adamw_lr0p001,small_cnn,adamw,10,128,20000,0.001,0.9,0.0005,cuda,False,False,2,66,223,0.3856256902217865
random,2,results_adamw_lr0p001,results_adamw_lr0p001,small_cnn,adamw,10,128,20000,0.001,0.9,0.0005,cuda,False,False,2,67,224,0.11568399518728256
random,2,results_adamw_lr0p001,results_adamw_lr0p001,small_cnn,adamw,10,128,20000,0.001,0.9,0.0005,cuda,False,False,2,68,225,-0.05616215243935585
random,2,results_adamw_lr0p001,results_adamw_lr0p001,small_cnn,adamw,10,128,20000,0.001,0.9,0.0005,cuda,False,False,2,69,226,0.30615267157554626
random,2,results_adamw_lr0p001,results_adamw_lr0p001,small_cnn,adamw,10,128,20000,0.001,0.9,0.0005,cuda,False,False,2,70,227,0.2839474678039551
random,2,results_adamw_lr0p001,results_adamw_lr0p001,small_cnn,adamw,10,128,20000,0.001,0.9,0.0005,cuda,False,False,2,71,228,0.446368932723999
random,2,results_adamw_lr0p001,results_adamw_lr0p001,small_cnn,adamw,10,128,20000,0.001,0.9,0.0005,cuda,False,False,2,72,229,0.65669184923172
random,2,results_adamw_lr0p001,results_adamw_lr0p001,small_cnn,adamw,10,128,20000,0.001,0.9,0.0005,cuda,False,False,2,73,230,-0.47326207160949707
random,2,results_adamw_lr0p001,results_adamw_lr0p001,small_cnn,adamw,10,128,20000,0.001,0.9,0.0005,cuda,False,False,2,74,231,0.830542266368866
random,2,results_adamw_lr0p001,results_adamw_lr0p001,small_cnn,adamw,10,128,20000,0.001,0.9,0.0005,cuda,False,False,2,75,232,0.19082948565483093
random,2,results_adamw_lr0p001,results_adamw_lr0p001,small_cnn,adamw,10,128,20000,0.001,0.9,0.0005,cuda,False,False,2,76,233,0.7924038171768188
random,2,results_adamw_lr0p001,results_adamw_lr0p001,small_cnn,adamw,10,128,20000,0.001,0.9,0.0005,cuda,False,False,2,77,234,0.23569625616073608
random,2,results_adamw_lr0p001,results_adamw_lr0p001,small_cnn,adamw,10,128,20000,0.001,0.9,0.0005,cuda,False,False,2,78,235,0.3261275589466095
random,2,results_adamw_lr0p001,results_adamw_lr0p001,small_cnn,adamw,10,128,20000,0.001,0.9,0.0005,cuda,False,False,2,79,236,0.7374176383018494
random,2,results_adamw_lr0p001,results_adamw_lr0p001,small_cnn,adamw,10,128,20000,0.001,0.9,0.0005,cuda,False,False,2,80,237,0.5799251794815063
random,2,results_adamw_lr0p001,results_adamw_lr0p001,small_cnn,adamw,10,128,20000,0.001,0.9,0.0005,cuda,False,False,2,81,238,0.1927012801170349
random,2,results_adamw_lr0p001,results_adamw_lr0p001,small_cnn,adamw,10,128,20000,0.001,0.9,0.0005,cuda,False,False,2,82,239,0.23255711793899536
random,2,results_adamw_lr0p001,results_adamw_lr0p001,small_cnn,adamw,10,128,20000,0.001,0.9,0.0005,cuda,False,False,2,83,240,0.45280349254608154
random,2,results_adamw_lr0p001,results_adamw_lr0p001,small_cnn,adamw,10,128,20000,0.001,0.9,0.0005,cuda,False,False,2,84,241,0.7209150791168213
random,2,results_adamw_lr0p001,results_adamw_lr0p001,small_cnn,adamw,10,128,20000,0.001,0.9,0.0005,cuda,False,False,2,85,242,0.2036353498697281
random,2,results_adamw_lr0p001,results_adamw_lr0p001,small_cnn,adamw,10,128,20000,0.001,0.9,0.0005,cuda,False,False,2,86,243,0.011577224358916283
random,2,results_adamw_lr0p001,results_adamw_lr0p001,small_cnn,adamw,10,128,20000,0.001,0.9,0.0005,cuda,False,False,2,87,244,0.6678920984268188
random,2,results_adamw_lr0p001,results_adamw_lr0p001,small_cnn,adamw,10,128,20000,0.001,0.9,0.0005,cuda,False,False,2,88,245,-0.2535885274410248
random,2,results_adamw_lr0p001,results_adamw_lr0p001,small_cnn,adamw,10,128,20000,0.001,0.9,0.0005,cuda,False,False,2,89,246,0.32812997698783875
random,2,results_adamw_lr0p001,results_adamw_lr0p001,small_cnn,adamw,10,128,20000,0.001,0.9,0.0005,cuda,False,False,2,90,247,0.6013363599777222
random,2,results_adamw_lr0p001,results_adamw_lr0p001,small_cnn,adamw,10,128,20000,0.001,0.9,0.0005,cuda,False,False,2,91,248,0.025448273867368698
random,2,results_adamw_lr0p001,results_adamw_lr0p001,small_cnn,adamw,10,128,20000,0.001,0.9,0.0005,cuda,False,False,2,92,249,0.3806646168231964
random,2,results_adamw_lr0p001,results_adamw_lr0p001,small_cnn,adamw,10,128,20000,0.001,0.9,0.0005,cuda,False,False,2,93,250,-0.811556339263916
random,2,results_adamw_lr0p001,results_adamw_lr0p001,small_cnn,adamw,10,128,20000,0.001,0.9,0.0005,cuda,False,False,2,94,251,0.2982272505760193
random,2,results_adamw_lr0p001,results_adamw_lr0p001,small_cnn,adamw,10,128,20000,0.001,0.9,0.0005,cuda,False,False,2,95,252,0.05979465693235397
random,2,results_adamw_lr0p001,results_adamw_lr0p001,small_cnn,adamw,10,128,20000,0.001,0.9,0.0005,cuda,False,False,2,96,253,0.14670243859291077
random,2,results_adamw_lr0p001,results_adamw_lr0p001,small_cnn,adamw,10,128,20000,0.001,0.9,0.0005,cuda,False,False,2,97,254,0.4849964380264282
random,2,results_adamw_lr0p001,results_adamw_lr0p001,small_cnn,adamw,10,128,20000,0.001,0.9,0.0005,cuda,False,False,2,98,255,0.25087541341781616
random,2,results_adamw_lr0p001,results_adamw_lr0p001,small_cnn,adamw,10,128,20000,0.001,0.9,0.0005,cuda,False,False,2,99,256,0.06071566790342331
random,2,results_adamw_lr0p001,results_adamw_lr0p001,small_cnn,adamw,10,128,20000,0.001,0.9,0.0005,cuda,False,False,2,100,257,0.614621102809906
random,2,results_adamw_lr0p001,results_adamw_lr0p001,small_cnn,adamw,10,128,20000,0.001,0.9,0.0005,cuda,False,False,2,101,258,0.021792106330394745
random,2,results_adamw_lr0p001,results_adamw_lr0p001,small_cnn,adamw,10,128,20000,0.001,0.9,0.0005,cuda,False,False,2,102,259,-0.044138722121715546
random,2,results_adamw_lr0p001,results_adamw_lr0p001,small_cnn,adamw,10,128,20000,0.001,0.9,0.0005,cuda,False,False,2,103,260,0.8374320268630981
random,2,results_adamw_lr0p001,results_adamw_lr0p001,small_cnn,adamw,10,128,20000,0.001,0.9,0.0005,cuda,False,False,2,104,261,-0.1743445247411728
random,2,results_adamw_lr0p001,results_adamw_lr0p001,small_cnn,adamw,10,128,20000,0.001,0.9,0.0005,cuda,False,False,2,105,262,0.6255097985267639
random,2,results_adamw_lr0p001,results_adamw_lr0p001,small_cnn,adamw,10,128,20000,0.001,0.9,0.0005,cuda,False,False,2,106,263,0.5782365202903748
random,2,results_adamw_lr0p001,results_adamw_lr0p001,small_cnn,adamw,10,128,20000,0.001,0.9,0.0005,cuda,False,False,2,107,264,0.6115196943283081
random,2,results_adamw_lr0p001,results_adamw_lr0p001,small_cnn,adamw,10,128,20000,0.001,0.9,0.0005,cuda,False,False,2,108,265,-0.5946623086929321
random,2,results_adamw_lr0p001,results_adamw_lr0p001,small_cnn,adamw,10,128,20000,0.001,0.9,0.0005,cuda,False,False,2,109,266,0.5292226076126099
random,2,results_adamw_lr0p001,results_adamw_lr0p001,small_cnn,adamw,10,128,20000,0.001,0.9,0.0005,cuda,False,False,2,110,267,0.786453366279602
random,2,results_adamw_lr0p001,results_adamw_lr0p001,small_cnn,adamw,10,128,20000,0.001,0.9,0.0005,cuda,False,False,2,111,268,-0.39175868034362793
random,2,results_adamw_lr0p001,results_adamw_lr0p001,small_cnn,adamw,10,128,20000,0.001,0.9,0.0005,cuda,False,False,2,112,269,0.5091017484664917
random,2,results_adamw_lr0p001,results_adamw_lr0p001,small_cnn,adamw,10,128,20000,0.001,0.9,0.0005,cuda,False,False,2,113,270,0.8170344829559326
random,2,results_adamw_lr0p001,results_adamw_lr0p001,small_cnn,adamw,10,128,20000,0.001,0.9,0.0005,cuda,False,False,2,114,271,0.863265335559845
random,2,results_adamw_lr0p001,results_adamw_lr0p001,small_cnn,adamw,10,128,20000,0.001,0.9,0.0005,cuda,False,False,2,115,272,-0.4841073453426361
random,2,results_adamw_lr0p001,results_adamw_lr0p001,small_cnn,adamw,10,128,20000,0.001,0.9,0.0005,cuda,False,False,2,116,273,0.298942893743515
random,2,results_adamw_lr0p001,results_adamw_lr0p001,small_cnn,adamw,10,128,20000,0.001,0.9,0.0005,cuda,False,False,2,117,274,0.5800915956497192
random,2,results_adamw_lr0p001,results_adamw_lr0p001,small_cnn,adamw,10,128,20000,0.001,0.9,0.0005,cuda,False,False,2,118,275,0.40303900837898254
random,2,results_adamw_lr0p001,results_adamw_lr0p001,small_cnn,adamw,10,128,20000,0.001,0.9,0.0005,cuda,False,False,2,119,276,-0.20669350028038025
random,2,results_adamw_lr0p001,results_adamw_lr0p001,small_cnn,adamw,10,128,20000,0.001,0.9,0.0005,cuda,False,False,2,120,277,0.6119754314422607
random,2,results_adamw_lr0p001,results_adamw_lr0p001,small_cnn,adamw,10,128,20000,0.001,0.9,0.0005,cuda,False,False,2,121,278,0.37382715940475464
random,2,results_adamw_lr0p001,results_adamw_lr0p001,small_cnn,adamw,10,128,20000,0.001,0.9,0.0005,cuda,False,False,2,122,279,0.7190672755241394
random,2,results_adamw_lr0p001,results_adamw_lr0p001,small_cnn,adamw,10,128,20000,0.001,0.9,0.0005,cuda,False,False,2,123,280,-0.5740213394165039
random,2,results_adamw_lr0p001,results_adamw_lr0p001,small_cnn,adamw,10,128,20000,0.001,0.9,0.0005,cuda,False,False,2,124,281,-0.0942339077591896
random,2,results_adamw_lr0p001,results_adamw_lr0p001,small_cnn,adamw,10,128,20000,0.001,0.9,0.0005,cuda,False,False,2,125,282,0.09942944347858429
random,2,results_adamw_lr0p001,results_adamw_lr0p001,small_cnn,adamw,10,128,20000,0.001,0.9,0.0005,cuda,False,False,2,126,283,0.3492632210254669
random,2,results_adamw_lr0p001,results_adamw_lr0p001,small_cnn,adamw,10,128,20000,0.001,0.9,0.0005,cuda,False,False,2,127,284,0.6234281063079834
random,2,results_adamw_lr0p001,results_adamw_lr0p001,small_cnn,adamw,10,128,20000,0.001,0.9,0.0005,cuda,False,False,2,128,285,0.1561523675918579
random,2,results_adamw_lr0p001,results_adamw_lr0p001,small_cnn,adamw,10,128,20000,0.001,0.9,0.0005,cuda,False,False,2,129,286,-0.4896349012851715
random,2,results_adamw_lr0p001,results_adamw_lr0p001,small_cnn,adamw,10,128,20000,0.001,0.9,0.0005,cuda,False,False,2,130,287,0.7325502634048462
random,2,results_adamw_lr0p001,results_adamw_lr0p001,small_cnn,adamw,10,128,20000,0.001,0.9,0.0005,cuda,False,False,2,131,288,-0.023912424221634865
random,2,results_adamw_lr0p001,results_adamw_lr0p001,small_cnn,adamw,10,128,20000,0.001,0.9,0.0005,cuda,False,False,2,132,289,0.7472147941589355
random,2,results_adamw_lr0p001,results_adamw_lr0p001,small_cnn,adamw,10,128,20000,0.001,0.9,0.0005,cuda,False,False,2,133,290,-0.07664144039154053
random,2,results_adamw_lr0p001,results_adamw_lr0p001,small_cnn,adamw,10,128,20000,0.001,0.9,0.0005,cuda,False,False,2,134,291,-0.1671435534954071
random,2,results_adamw_lr0p001,results_adamw_lr0p001,small_cnn,adamw,10,128,20000,0.001,0.9,0.0005,cuda,False,False,2,135,292,-0.030108410865068436
random,2,results_adamw_lr0p001,results_adamw_lr0p001,small_cnn,adamw,10,128,20000,0.001,0.9,0.0005,cuda,False,False,2,136,293,0.26481473445892334
random,2,results_adamw_lr0p001,results_adamw_lr0p001,small_cnn,adamw,10,128,20000,0.001,0.9,0.0005,cuda,False,False,2,137,294,0.4145611524581909
random,2,results_adamw_lr0p001,results_adamw_lr0p001,small_cnn,adamw,10,128,20000,0.001,0.9,0.0005,cuda,False,False,2,138,295,0.04738976061344147
random,2,results_adamw_lr0p001,results_adamw_lr0p001,small_cnn,adamw,10,128,20000,0.001,0.9,0.0005,cuda,False,False,2,139,296,-0.05863676965236664
random,2,results_adamw_lr0p001,results_adamw_lr0p001,small_cnn,adamw,10,128,20000,0.001,0.9,0.0005,cuda,False,False,2,140,297,0.6061429977416992
random,2,results_adamw_lr0p001,results_adamw_lr0p001,small_cnn,adamw,10,128,20000,0.001,0.9,0.0005,cuda,False,False,2,141,298,0.4349878132343292
random,2,results_adamw_lr0p001,results_adamw_lr0p001,small_cnn,adamw,10,128,20000,0.001,0.9,0.0005,cuda,False,False,2,142,299,0.6047958135604858
random,2,results_adamw_lr0p001,results_adamw_lr0p001,small_cnn,adamw,10,128,20000,0.001,0.9,0.0005,cuda,False,False,2,143,300,-0.3031138479709625
random,2,results_adamw_lr0p001,results_adamw_lr0p001,small_cnn,adamw,10,128,20000,0.001,0.9,0.0005,cuda,False,False,2,144,301,0.8051213026046753
random,2,results_adamw_lr0p001,results_adamw_lr0p001,small_cnn,adamw,10,128,20000,0.001,0.9,0.0005,cuda,False,False,2,145,302,0.49458983540534973
random,2,results_adamw_lr0p001,results_adamw_lr0p001,small_cnn,adamw,10,128,20000,0.001,0.9,0.0005,cuda,False,False,2,146,303,0.16409988701343536
random,2,results_adamw_lr0p001,results_adamw_lr0p001,small_cnn,adamw,10,128,20000,0.001,0.9,0.0005,cuda,False,False,2,147,304,0.7125135660171509
random,2,results_adamw_lr0p001,results_adamw_lr0p001,small_cnn,adamw,10,128,20000,0.001,0.9,0.0005,cuda,False,False,2,148,305,0.6555136442184448
random,2,results_adamw_lr0p001,results_adamw_lr0p001,small_cnn,adamw,10,128,20000,0.001,0.9,0.0005,cuda,False,False,2,149,306,-0.022107575088739395
random,2,results_adamw_lr0p001,results_adamw_lr0p001,small_cnn,adamw,10,128,20000,0.001,0.9,0.0005,cuda,False,False,2,150,307,0.15157932043075562
random,2,results_adamw_lr0p001,results_adamw_lr0p001,small_cnn,adamw,10,128,20000,0.001,0.9,0.0005,cuda,False,False,2,151,308,0.5463513135910034
random,2,results_adamw_lr0p001,results_adamw_lr0p001,small_cnn,adamw,10,128,20000,0.001,0.9,0.0005,cuda,False,False,2,152,309,0.7378806471824646
random,2,results_adamw_lr0p001,results_adamw_lr0p001,small_cnn,adamw,10,128,20000,0.001,0.9,0.0005,cuda,False,False,2,153,310,-0.27127182483673096
random,2,results_adamw_lr0p001,results_adamw_lr0p001,small_cnn,adamw,10,128,20000,0.001,0.9,0.0005,cuda,False,False,2,154,311,-0.2632235586643219
random,2,results_adamw_lr0p001,results_adamw_lr0p001,small_cnn,adamw,10,128,20000,0.001,0.9,0.0005,cuda,False,False,2,155,312,-0.2621349096298218
random,2,results_adamw_lr0p001,results_adamw_lr0p001,small_cnn,adamw,10,128,20000,0.001,0.9,0.0005,cuda,False,False,2,156,313,-0.13847625255584717
random,2,results_adamw_lr0p001,results_adamw_lr0p001,small_cnn,adamw,10,128,20000,0.001,0.9,0.0005,cuda,False,False,2,157,314,0.026040928438305855
random,2,results_adamw_lr0p001,results_adamw_lr0p001,small_cnn,adamw,10,128,20000,0.001,0.9,0.0005,cuda,False,False,3,1,315,-0.43068045377731323
random,2,results_adamw_lr0p001,results_adamw_lr0p001,small_cnn,adamw,10,128,20000,0.001,0.9,0.0005,cuda,False,False,3,2,316,0.6793692111968994
random,2,results_adamw_lr0p001,results_adamw_lr0p001,small_cnn,adamw,10,128,20000,0.001,0.9,0.0005,cuda,False,False,3,3,317,0.15056228637695312
random,2,results_adamw_lr0p001,results_adamw_lr0p001,small_cnn,adamw,10,128,20000,0.001,0.9,0.0005,cuda,False,False,3,4,318,-0.21313737332820892
random,2,results_adamw_lr0p001,results_adamw_lr0p001,small_cnn,adamw,10,128,20000,0.001,0.9,0.0005,cuda,False,False,3,5,319,0.5986425876617432
random,2,results_adamw_lr0p001,results_adamw_lr0p001,small_cnn,adamw,10,128,20000,0.001,0.9,0.0005,cuda,False,False,3,6,320,0.10220367461442947
random,2,results_adamw_lr0p001,results_adamw_lr0p001,small_cnn,adamw,10,128,20000,0.001,0.9,0.0005,cuda,False,False,3,7,321,0.42452821135520935
random,2,results_adamw_lr0p001,results_adamw_lr0p001,small_cnn,adamw,10,128,20000,0.001,0.9,0.0005,cuda,False,False,3,8,322,-0.058229416608810425
random,2,results_adamw_lr0p001,results_adamw_lr0p001,small_cnn,adamw,10,128,20000,0.001,0.9,0.0005,cuda,False,False,3,9,323,0.6648867130279541
random,2,results_adamw_lr0p001,results_adamw_lr0p001,small_cnn,adamw,10,128,20000,0.001,0.9,0.0005,cuda,False,False,3,10,324,-0.4365606904029846
random,2,results_adamw_lr0p001,results_adamw_lr0p001,small_cnn,adamw,10,128,20000,0.001,0.9,0.0005,cuda,False,False,3,11,325,-0.5428608059883118
random,2,results_adamw_lr0p001,results_adamw_lr0p001,small_cnn,adamw,10,128,20000,0.001,0.9,0.0005,cuda,False,False,3,12,326,0.0862717255949974
random,2,results_adamw_lr0p001,results_adamw_lr0p001,small_cnn,adamw,10,128,20000,0.001,0.9,0.0005,cuda,False,False,3,13,327,0.732567548751831
random,2,results_adamw_lr0p001,results_adamw_lr0p001,small_cnn,adamw,10,128,20000,0.001,0.9,0.0005,cuda,False,False,3,14,328,0.20245420932769775
random,2,results_adamw_lr0p001,results_adamw_lr0p001,small_cnn,adamw,10,128,20000,0.001,0.9,0.0005,cuda,False,False,3,15,329,-0.07639951258897781
random,2,results_adamw_lr0p001,results_adamw_lr0p001,small_cnn,adamw,10,128,20000,0.001,0.9,0.0005,cuda,False,False,3,16,330,0.787021279335022
random,2,results_adamw_lr0p001,results_adamw_lr0p001,small_cnn,adamw,10,128,20000,0.001,0.9,0.0005,cuda,False,False,3,17,331,0.16217197477817535
random,2,results_adamw_lr0p001,results_adamw_lr0p001,small_cnn,adamw,10,128,20000,0.001,0.9,0.0005,cuda,False,False,3,18,332,-0.0973486453294754
random,2,results_adamw_lr0p001,results_adamw_lr0p001,small_cnn,adamw,10,128,20000,0.001,0.9,0.0005,cuda,False,False,3,19,333,0.44660037755966187
random,2,results_adamw_lr0p001,results_adamw_lr0p001,small_cnn,adamw,10,128,20000,0.001,0.9,0.0005,cuda,False,False,3,20,334,0.5300059914588928
random,2,results_adamw_lr0p001,results_adamw_lr0p001,small_cnn,adamw,10,128,20000,0.001,0.9,0.0005,cuda,False,False,3,21,335,0.6818481683731079
random,2,results_adamw_lr0p001,results_adamw_lr0p001,small_cnn,adamw,10,128,20000,0.001,0.9,0.0005,cuda,False,False,3,22,336,0.484430193901062
random,2,results_adamw_lr0p001,results_adamw_lr0p001,small_cnn,adamw,10,128,20000,0.001,0.9,0.0005,cuda,False,False,3,23,337,-0.059284672141075134
random,2,results_adamw_lr0p001,results_adamw_lr0p001,small_cnn,adamw,10,128,20000,0.001,0.9,0.0005,cuda,False,False,3,24,338,0.5503954291343689
random,2,results_adamw_lr0p001,results_adamw_lr0p001,small_cnn,adamw,10,128,20000,0.001,0.9,0.0005,cuda,False,False,3,25,339,0.8098672032356262
random,2,results_adamw_lr0p001,results_adamw_lr0p001,small_cnn,adamw,10,128,20000,0.001,0.9,0.0005,cuda,False,False,3,26,340,0.3645131289958954
random,2,results_adamw_lr0p001,results_adamw_lr0p001,small_cnn,adamw,10,128,20000,0.001,0.9,0.0005,cuda,False,False,3,27,341,-0.5095135569572449
random,2,results_adamw_lr0p001,results_adamw_lr0p001,small_cnn,adamw,10,128,20000,0.001,0.9,0.0005,cuda,False,False,3,28,342,0.2608640789985657
random,2,results_adamw_lr0p001,results_adamw_lr0p001,small_cnn,adamw,10,128,20000,0.001,0.9,0.0005,cuda,False,False,3,29,343,0.33932921290397644
random,2,results_adamw_lr0p001,results_adamw_lr0p001,small_cnn,adamw,10,128,20000,0.001,0.9,0.0005,cuda,False,False,3,30,344,0.7341040372848511
random,2,results_adamw_lr0p001,results_adamw_lr0p001,small_cnn,adamw,10,128,20000,0.001,0.9,0.0005,cuda,False,False,3,31,345,0.7833672761917114
random,2,results_adamw_lr0p001,results_adamw_lr0p001,small_cnn,adamw,10,128,20000,0.001,0.9,0.0005,cuda,False,False,3,32,346,0.18364287912845612
random,2,results_adamw_lr0p001,results_adamw_lr0p001,small_cnn,adamw,10,128,20000,0.001,0.9,0.0005,cuda,False,False,3,33,347,0.5908750295639038
random,2,results_adamw_lr0p001,results_adamw_lr0p001,small_cnn,adamw,10,128,20000,0.001,0.9,0.0005,cuda,False,False,3,34,348,0.5227876901626587
random,2,results_adamw_lr0p001,results_adamw_lr0p001,small_cnn,adamw,10,128,20000,0.001,0.9,0.0005,cuda,False,False,3,35,349,0.47533175349235535
random,2,results_adamw_lr0p001,results_adamw_lr0p001,small_cnn,adamw,10,128,20000,0.001,0.9,0.0005,cuda,False,False,3,36,350,-0.3739537000656128
random,2,results_adamw_lr0p001,results_adamw_lr0p001,small_cnn,adamw,10,128,20000,0.001,0.9,0.0005,cuda,False,False,3,37,351,0.41542989015579224
random,2,results_adamw_lr0p001,results_adamw_lr0p001,small_cnn,adamw,10,128,20000,0.001,0.9,0.0005,cuda,False,False,3,38,352,0.6466459035873413
random,2,results_adamw_lr0p001,results_adamw_lr0p001,small_cnn,adamw,10,128,20000,0.001,0.9,0.0005,cuda,False,False,3,39,353,0.3660953938961029
random,2,results_adamw_lr0p001,results_adamw_lr0p001,small_cnn,adamw,10,128,20000,0.001,0.9,0.0005,cuda,False,False,3,40,354,0.41852834820747375
random,2,results_adamw_lr0p001,results_adamw_lr0p001,small_cnn,adamw,10,128,20000,0.001,0.9,0.0005,cuda,False,False,3,41,355,0.4436461627483368
random,2,results_adamw_lr0p001,results_adamw_lr0p001,small_cnn,adamw,10,128,20000,0.001,0.9,0.0005,cuda,False,False,3,42,356,0.07799617946147919
random,2,results_adamw_lr0p001,results_adamw_lr0p001,small_cnn,adamw,10,128,20000,0.001,0.9,0.0005,cuda,False,False,3,43,357,0.5705201029777527
random,2,results_adamw_lr0p001,results_adamw_lr0p001,small_cnn,adamw,10,128,20000,0.001,0.9,0.0005,cuda,False,False,3,44,358,0.18761484324932098
random,2,results_adamw_lr0p001,results_adamw_lr0p001,small_cnn,adamw,10,128,20000,0.001,0.9,0.0005,cuda,False,False,3,45,359,0.5132494568824768
random,2,results_adamw_lr0p001,results_adamw_lr0p001,small_cnn,adamw,10,128,20000,0.001,0.9,0.0005,cuda,False,False,3,46,360,0.4110241234302521
random,2,results_adamw_lr0p001,results_adamw_lr0p001,small_cnn,adamw,10,128,20000,0.001,0.9,0.0005,cuda,False,False,3,47,361,0.12616537511348724
random,2,results_adamw_lr0p001,results_adamw_lr0p001,small_cnn,adamw,10,128,20000,0.001,0.9,0.0005,cuda,False,False,3,48,362,0.01743040420114994
random,2,results_adamw_lr0p001,results_adamw_lr0p001,small_cnn,adamw,10,128,20000,0.001,0.9,0.0005,cuda,False,False,3,49,363,0.7574874758720398
random,2,results_adamw_lr0p001,results_adamw_lr0p001,small_cnn,adamw,10,128,20000,0.001,0.9,0.0005,cuda,False,False,3,50,364,0.17053335905075073
random,2,results_adamw_lr0p001,results_adamw_lr0p001,small_cnn,adamw,10,128,20000,0.001,0.9,0.0005,cuda,False,False,3,51,365,-0.0964534804224968
random,2,results_adamw_lr0p001,results_adamw_lr0p001,small_cnn,adamw,10,128,20000,0.001,0.9,0.0005,cuda,False,False,3,52,366,0.6713359355926514
random,2,results_adamw_lr0p001,results_adamw_lr0p001,small_cnn,adamw,10,128,20000,0.001,0.9,0.0005,cuda,False,False,3,53,367,0.47978475689888
random,2,results_adamw_lr0p001,results_adamw_lr0p001,small_cnn,adamw,10,128,20000,0.001,0.9,0.0005,cuda,False,False,3,54,368,0.7194671630859375
random,2,results_adamw_lr0p001,results_adamw_lr0p001,small_cnn,adamw,10,128,20000,0.001,0.9,0.0005,cuda,False,False,3,55,369,-0.09925956279039383
random,2,results_adamw_lr0p001,results_adamw_lr0p001,small_cnn,adamw,10,128,20000,0.001,0.9,0.0005,cuda,False,False,3,56,370,0.7108794450759888
random,2,results_adamw_lr0p001,results_adamw_lr0p001,small_cnn,adamw,10,128,20000,0.001,0.9,0.0005,cuda,False,False,3,57,371,0.21156758069992065
random,2,results_adamw_lr0p001,results_adamw_lr0p001,small_cnn,adamw,10,128,20000,0.001,0.9,0.0005,cuda,False,False,3,58,372,0.7212342619895935
random,2,results_adamw_lr0p001,results_adamw_lr0p001,small_cnn,adamw,10,128,20000,0.001,0.9,0.0005,cuda,False,False,3,59,373,0.48066771030426025
random,2,results_adamw_lr0p001,results_adamw_lr0p001,small_cnn,adamw,10,128,20000,0.001,0.9,0.0005,cuda,False,False,3,60,374,0.4663494825363159
random,2,results_adamw_lr0p001,results_adamw_lr0p001,small_cnn,adamw,10,128,20000,0.001,0.9,0.0005,cuda,False,False,3,61,375,0.05297262966632843
random,2,results_adamw_lr0p001,results_adamw_lr0p001,small_cnn,adamw,10,128,20000,0.001,0.9,0.0005,cuda,False,False,3,62,376,0.3519666790962219
random,2,results_adamw_lr0p001,results_adamw_lr0p001,small_cnn,adamw,10,128,20000,0.001,0.9,0.0005,cuda,False,False,3,63,377,0.45839589834213257
random,2,results_adamw_lr0p001,results_adamw_lr0p001,small_cnn,adamw,10,128,20000,0.001,0.9,0.0005,cuda,False,False,3,64,378,0.29610055685043335
random,2,results_adamw_lr0p001,results_adamw_lr0p001,small_cnn,adamw,10,128,20000,0.001,0.9,0.0005,cuda,False,False,3,65,379,0.39059746265411377
random,2,results_adamw_lr0p001,results_adamw_lr0p001,small_cnn,adamw,10,128,20000,0.001,0.9,0.0005,cuda,False,False,3,66,380,0.7097616791725159
random,2,results_adamw_lr0p001,results_adamw_lr0p001,small_cnn,adamw,10,128,20000,0.001,0.9,0.0005,cuda,False,False,3,67,381,0.06183996796607971
random,2,results_adamw_lr0p001,results_adamw_lr0p001,small_cnn,adamw,10,128,20000,0.001,0.9,0.0005,cuda,False,False,3,68,382,0.5661976933479309
random,2,results_adamw_lr0p001,results_adamw_lr0p001,small_cnn,adamw,10,128,20000,0.001,0.9,0.0005,cuda,False,False,3,69,383,-0.03949514403939247
random,2,results_adamw_lr0p001,results_adamw_lr0p001,small_cnn,adamw,10,128,20000,0.001,0.9,0.0005,cuda,False,False,3,70,384,0.7764669060707092
random,2,results_adamw_lr0p001,results_adamw_lr0p001,small_cnn,adamw,10,128,20000,0.001,0.9,0.0005,cuda,False,False,3,71,385,0.7937873005867004
random,2,results_adamw_lr0p001,results_adamw_lr0p001,small_cnn,adamw,10,128,20000,0.001,0.9,0.0005,cuda,False,False,3,72,386,0.4580678343772888
random,2,results_adamw_lr0p001,results_adamw_lr0p001,small_cnn,adamw,10,128,20000,0.001,0.9,0.0005,cuda,False,False,3,73,387,0.22974352538585663
random,2,results_adamw_lr0p001,results_adamw_lr0p001,small_cnn,adamw,10,128,20000,0.001,0.9,0.0005,cuda,False,False,3,74,388,0.8464364409446716
random,2,results_adamw_lr0p001,results_adamw_lr0p001,small_cnn,adamw,10,128,20000,0.001,0.9,0.0005,cuda,False,False,3,75,389,0.26002129912376404
random,2,results_adamw_lr0p001,results_adamw_lr0p001,small_cnn,adamw,10,128,20000,0.001,0.9,0.0005,cuda,False,False,3,76,390,0.6494269967079163
random,2,results_adamw_lr0p001,results_adamw_lr0p001,small_cnn,adamw,10,128,20000,0.001,0.9,0.0005,cuda,False,False,3,77,391,0.6517523527145386
random,2,results_adamw_lr0p001,results_adamw_lr0p001,small_cnn,adamw,10,128,20000,0.001,0.9,0.0005,cuda,False,False,3,78,392,-0.23013782501220703
random,2,results_adamw_lr0p001,results_adamw_lr0p001,small_cnn,adamw,10,128,20000,0.001,0.9,0.0005,cuda,False,False,3,79,393,0.204109787940979
random,2,results_adamw_lr0p001,results_adamw_lr0p001,small_cnn,adamw,10,128,20000,0.001,0.9,0.0005,cuda,False,False,3,80,394,0.7280588150024414
random,2,results_adamw_lr0p001,results_adamw_lr0p001,small_cnn,adamw,10,128,20000,0.001,0.9,0.0005,cuda,False,False,3,81,395,0.6947870850563049
random,2,results_adamw_lr0p001,results_adamw_lr0p001,small_cnn,adamw,10,128,20000,0.001,0.9,0.0005,cuda,False,False,3,82,396,0.616471529006958
random,2,results_adamw_lr0p001,results_adamw_lr0p001,small_cnn,adamw,10,128,20000,0.001,0.9,0.0005,cuda,False,False,3,83,397,-0.5752667188644409
random,2,results_adamw_lr0p001,results_adamw_lr0p001,small_cnn,adamw,10,128,20000,0.001,0.9,0.0005,cuda,False,False,3,84,398,0.8494914174079895
random,2,results_adamw_lr0p001,results_adamw_lr0p001,small_cnn,adamw,10,128,20000,0.001,0.9,0.0005,cuda,False,False,3,85,399,0.3229163587093353
random,2,results_adamw_lr0p001,results_adamw_lr0p001,small_cnn,adamw,10,128,20000,0.001,0.9,0.0005,cuda,False,False,3,86,400,0.31273341178894043
random,2,results_adamw_lr0p001,results_adamw_lr0p001,small_cnn,adamw,10,128,20000,0.001,0.9,0.0005,cuda,False,False,3,87,401,-0.2515014410018921
random,2,results_adamw_lr0p001,results_adamw_lr0p001,small_cnn,adamw,10,128,20000,0.001,0.9,0.0005,cuda,False,False,3,88,402,0.6214928030967712
random,2,results_adamw_lr0p001,results_adamw_lr0p001,small_cnn,adamw,10,128,20000,0.001,0.9,0.0005,cuda,False,False,3,89,403,0.5107277631759644
random,2,results_adamw_lr0p001,results_adamw_lr0p001,small_cnn,adamw,10,128,20000,0.001,0.9,0.0005,cuda,False,False,3,90,404,-0.346203476190567
random,2,results_adamw_lr0p001,results_adamw_lr0p001,small_cnn,adamw,10,128,20000,0.001,0.9,0.0005,cuda,False,False,3,91,405,-0.5821747183799744
random,2,results_adamw_lr0p001,results_adamw_lr0p001,small_cnn,adamw,10,128,20000,0.001,0.9,0.0005,cuda,False,False,3,92,406,0.78815758228302
random,2,results_adamw_lr0p001,results_adamw_lr0p001,small_cnn,adamw,10,128,20000,0.001,0.9,0.0005,cuda,False,False,3,93,407,0.4864823520183563
random,2,results_adamw_lr0p001,results_adamw_lr0p001,small_cnn,adamw,10,128,20000,0.001,0.9,0.0005,cuda,False,False,3,94,408,0.18222595751285553
random,2,results_adamw_lr0p001,results_adamw_lr0p001,small_cnn,adamw,10,128,20000,0.001,0.9,0.0005,cuda,False,False,3,95,409,0.8736671209335327
random,2,results_adamw_lr0p001,results_adamw_lr0p001,small_cnn,adamw,10,128,20000,0.001,0.9,0.0005,cuda,False,False,3,96,410,0.7411924004554749
random,2,results_adamw_lr0p001,results_adamw_lr0p001,small_cnn,adamw,10,128,20000,0.001,0.9,0.0005,cuda,False,False,3,97,411,0.15436172485351562
random,2,results_adamw_lr0p001,results_adamw_lr0p001,small_cnn,adamw,10,128,20000,0.001,0.9,0.0005,cuda,False,False,3,98,412,0.08790013939142227
random,2,results_adamw_lr0p001,results_adamw_lr0p001,small_cnn,adamw,10,128,20000,0.001,0.9,0.0005,cuda,False,False,3,99,413,0.7432927489280701
random,2,results_adamw_lr0p001,results_adamw_lr0p001,small_cnn,adamw,10,128,20000,0.001,0.9,0.0005,cuda,False,False,3,100,414,0.6973199844360352
random,2,results_adamw_lr0p001,results_adamw_lr0p001,small_cnn,adamw,10,128,20000,0.001,0.9,0.0005,cuda,False,False,3,101,415,0.8601508140563965
random,2,results_adamw_lr0p001,results_adamw_lr0p001,small_cnn,adamw,10,128,20000,0.001,0.9,0.0005,cuda,False,False,3,102,416,-0.008979273028671741
random,2,results_adamw_lr0p001,results_adamw_lr0p001,small_cnn,adamw,10,128,20000,0.001,0.9,0.0005,cuda,False,False,3,103,417,0.2618810534477234
random,2,results_adamw_lr0p001,results_adamw_lr0p001,small_cnn,adamw,10,128,20000,0.001,0.9,0.0005,cuda,False,False,3,104,418,0.917281448841095
random,2,results_adamw_lr0p001,results_adamw_lr0p001,small_cnn,adamw,10,128,20000,0.001,0.9,0.0005,cuda,False,False,3,105,419,0.7611031532287598
random,2,results_adamw_lr0p001,results_adamw_lr0p001,small_cnn,adamw,10,128,20000,0.001,0.9,0.0005,cuda,False,False,3,106,420,0.543464183807373
random,2,results_adamw_lr0p001,results_adamw_lr0p001,small_cnn,adamw,10,128,20000,0.001,0.9,0.0005,cuda,False,False,3,107,421,0.1727261245250702
random,2,results_adamw_lr0p001,results_adamw_lr0p001,small_cnn,adamw,10,128,20000,0.001,0.9,0.0005,cuda,False,False,3,108,422,0.6104772090911865
random,2,results_adamw_lr0p001,results_adamw_lr0p001,small_cnn,adamw,10,128,20000,0.001,0.9,0.0005,cuda,False,False,3,109,423,0.713927686214447
random,2,results_adamw_lr0p001,results_adamw_lr0p001,small_cnn,adamw,10,128,20000,0.001,0.9,0.0005,cuda,False,False,3,110,424,0.44195547699928284
random,2,results_adamw_lr0p001,results_adamw_lr0p001,small_cnn,adamw,10,128,20000,0.001,0.9,0.0005,cuda,False,False,3,111,425,-0.2008509337902069
random,2,results_adamw_lr0p001,results_adamw_lr0p001,small_cnn,adamw,10,128,20000,0.001,0.9,0.0005,cuda,False,False,3,112,426,0.5546778440475464
random,2,results_adamw_lr0p001,results_adamw_lr0p001,small_cnn,adamw,10,128,20000,0.001,0.9,0.0005,cuda,False,False,3,113,427,0.03820649906992912
random,2,results_adamw_lr0p001,results_adamw_lr0p001,small_cnn,adamw,10,128,20000,0.001,0.9,0.0005,cuda,False,False,3,114,428,0.3767678141593933
random,2,results_adamw_lr0p001,results_adamw_lr0p001,small_cnn,adamw,10,128,20000,0.001,0.9,0.0005,cuda,False,False,3,115,429,0.7431904077529907
random,2,results_adamw_lr0p001,results_adamw_lr0p001,small_cnn,adamw,10,128,20000,0.001,0.9,0.0005,cuda,False,False,3,116,430,0.3178845942020416
random,2,results_adamw_lr0p001,results_adamw_lr0p001,small_cnn,adamw,10,128,20000,0.001,0.9,0.0005,cuda,False,False,3,117,431,-0.04127385467290878
random,2,results_adamw_lr0p001,results_adamw_lr0p001,small_cnn,adamw,10,128,20000,0.001,0.9,0.0005,cuda,False,False,3,118,432,-0.49110373854637146
random,2,results_adamw_lr0p001,results_adamw_lr0p001,small_cnn,adamw,10,128,20000,0.001,0.9,0.0005,cuda,False,False,3,119,433,0.5854113101959229
random,2,results_adamw_lr0p001,results_adamw_lr0p001,small_cnn,adamw,10,128,20000,0.001,0.9,0.0005,cuda,False,False,3,120,434,0.260252445936203
random,2,results_adamw_lr0p001,results_adamw_lr0p001,small_cnn,adamw,10,128,20000,0.001,0.9,0.0005,cuda,False,False,3,121,435,-0.3053317666053772
random,2,results_adamw_lr0p001,results_adamw_lr0p001,small_cnn,adamw,10,128,20000,0.001,0.9,0.0005,cuda,False,False,3,122,436,0.7638137936592102
random,2,results_adamw_lr0p001,results_adamw_lr0p001,small_cnn,adamw,10,128,20000,0.001,0.9,0.0005,cuda,False,False,3,123,437,0.49373191595077515
random,2,results_adamw_lr0p001,results_adamw_lr0p001,small_cnn,adamw,10,128,20000,0.001,0.9,0.0005,cuda,False,False,3,124,438,-0.37228527665138245
random,2,results_adamw_lr0p001,results_adamw_lr0p001,small_cnn,adamw,10,128,20000,0.001,0.9,0.0005,cuda,False,False,3,125,439,0.5956279039382935
random,2,results_adamw_lr0p001,results_adamw_lr0p001,small_cnn,adamw,10,128,20000,0.001,0.9,0.0005,cuda,False,False,3,126,440,-0.43763887882232666
random,2,results_adamw_lr0p001,results_adamw_lr0p001,small_cnn,adamw,10,128,20000,0.001,0.9,0.0005,cuda,False,False,3,127,441,0.24659986793994904
random,2,results_adamw_lr0p001,results_adamw_lr0p001,small_cnn,adamw,10,128,20000,0.001,0.9,0.0005,cuda,False,False,3,128,442,0.5287930369377136
random,2,results_adamw_lr0p001,results_adamw_lr0p001,small_cnn,adamw,10,128,20000,0.001,0.9,0.0005,cuda,False,False,3,129,443,-0.32655665278434753
random,2,results_adamw_lr0p001,results_adamw_lr0p001,small_cnn,adamw,10,128,20000,0.001,0.9,0.0005,cuda,False,False,3,130,444,0.8018578886985779
random,2,results_adamw_lr0p001,results_adamw_lr0p001,small_cnn,adamw,10,128,20000,0.001,0.9,0.0005,cuda,False,False,3,131,445,0.6692018508911133
random,2,results_adamw_lr0p001,results_adamw_lr0p001,small_cnn,adamw,10,128,20000,0.001,0.9,0.0005,cuda,False,False,3,132,446,0.6979094743728638
random,2,results_adamw_lr0p001,results_adamw_lr0p001,small_cnn,adamw,10,128,20000,0.001,0.9,0.0005,cuda,False,False,3,133,447,-0.6418106555938721
random,2,results_adamw_lr0p001,results_adamw_lr0p001,small_cnn,adamw,10,128,20000,0.001,0.9,0.0005,cuda,False,False,3,134,448,0.8465197086334229
random,2,results_adamw_lr0p001,results_adamw_lr0p001,small_cnn,adamw,10,128,20000,0.001,0.9,0.0005,cuda,False,False,3,135,449,0.17816413938999176
random,2,results_adamw_lr0p001,results_adamw_lr0p001,small_cnn,adamw,10,128,20000,0.001,0.9,0.0005,cuda,False,False,3,136,450,-0.10177517682313919
random,2,results_adamw_lr0p001,results_adamw_lr0p001,small_cnn,adamw,10,128,20000,0.001,0.9,0.0005,cuda,False,False,3,137,451,0.010131210088729858
random,2,results_adamw_lr0p001,results_adamw_lr0p001,small_cnn,adamw,10,128,20000,0.001,0.9,0.0005,cuda,False,False,3,138,452,0.14806249737739563
random,2,results_adamw_lr0p001,results_adamw_lr0p001,small_cnn,adamw,10,128,20000,0.001,0.9,0.0005,cuda,False,False,3,139,453,0.4961032569408417
random,2,results_adamw_lr0p001,results_adamw_lr0p001,small_cnn,adamw,10,128,20000,0.001,0.9,0.0005,cuda,False,False,3,140,454,-0.17470631003379822
random,2,results_adamw_lr0p001,results_adamw_lr0p001,small_cnn,adamw,10,128,20000,0.001,0.9,0.0005,cuda,False,False,3,141,455,0.7603206038475037
random,2,results_adamw_lr0p001,results_adamw_lr0p001,small_cnn,adamw,10,128,20000,0.001,0.9,0.0005,cuda,False,False,3,142,456,0.655533492565155
random,2,results_adamw_lr0p001,results_adamw_lr0p001,small_cnn,adamw,10,128,20000,0.001,0.9,0.0005,cuda,False,False,3,143,457,0.5236176252365112
random,2,results_adamw_lr0p001,results_adamw_lr0p001,small_cnn,adamw,10,128,20000,0.001,0.9,0.0005,cuda,False,False,3,144,458,0.10257964581251144
random,2,results_adamw_lr0p001,results_adamw_lr0p001,small_cnn,adamw,10,128,20000,0.001,0.9,0.0005,cuda,False,False,3,145,459,0.2519359290599823
random,2,results_adamw_lr0p001,results_adamw_lr0p001,small_cnn,adamw,10,128,20000,0.001,0.9,0.0005,cuda,False,False,3,146,460,0.5583497285842896
random,2,results_adamw_lr0p001,results_adamw_lr0p001,small_cnn,adamw,10,128,20000,0.001,0.9,0.0005,cuda,False,False,3,147,461,0.6181018352508545
random,2,results_adamw_lr0p001,results_adamw_lr0p001,small_cnn,adamw,10,128,20000,0.001,0.9,0.0005,cuda,False,False,3,148,462,0.7805031538009644
random,2,results_adamw_lr0p001,results_adamw_lr0p001,small_cnn,adamw,10,128,20000,0.001,0.9,0.0005,cuda,False,False,3,149,463,0.5105406045913696
random,2,results_adamw_lr0p001,results_adamw_lr0p001,small_cnn,adamw,10,128,20000,0.001,0.9,0.0005,cuda,False,False,3,150,464,0.37652918696403503
random,2,results_adamw_lr0p001,results_adamw_lr0p001,small_cnn,adamw,10,128,20000,0.001,0.9,0.0005,cuda,False,False,3,151,465,0.09735318273305893
random,2,results_adamw_lr0p001,results_adamw_lr0p001,small_cnn,adamw,10,128,20000,0.001,0.9,0.0005,cuda,False,False,3,152,466,0.9100958704948425
random,2,results_adamw_lr0p001,results_adamw_lr0p001,small_cnn,adamw,10,128,20000,0.001,0.9,0.0005,cuda,False,False,3,153,467,0.7565054893493652
random,2,results_adamw_lr0p001,results_adamw_lr0p001,small_cnn,adamw,10,128,20000,0.001,0.9,0.0005,cuda,False,False,3,154,468,0.36357802152633667
random,2,results_adamw_lr0p001,results_adamw_lr0p001,small_cnn,adamw,10,128,20000,0.001,0.9,0.0005,cuda,False,False,3,155,469,0.08774720132350922
random,2,results_adamw_lr0p001,results_adamw_lr0p001,small_cnn,adamw,10,128,20000,0.001,0.9,0.0005,cuda,False,False,3,156,470,0.4980432689189911
random,2,results_adamw_lr0p001,results_adamw_lr0p001,small_cnn,adamw,10,128,20000,0.001,0.9,0.0005,cuda,False,False,3,157,471,0.21330267190933228
random,2,results_adamw_lr0p001,results_adamw_lr0p001,small_cnn,adamw,10,128,20000,0.001,0.9,0.0005,cuda,False,False,4,1,472,0.5465053915977478
random,2,results_adamw_lr0p001,results_adamw_lr0p001,small_cnn,adamw,10,128,20000,0.001,0.9,0.0005,cuda,False,False,4,2,473,0.40680721402168274
random,2,results_adamw_lr0p001,results_adamw_lr0p001,small_cnn,adamw,10,128,20000,0.001,0.9,0.0005,cuda,False,False,4,3,474,0.8617972731590271
random,2,results_adamw_lr0p001,results_adamw_lr0p001,small_cnn,adamw,10,128,20000,0.001,0.9,0.0005,cuda,False,False,4,4,475,-0.16466186940670013
random,2,results_adamw_lr0p001,results_adamw_lr0p001,small_cnn,adamw,10,128,20000,0.001,0.9,0.0005,cuda,False,False,4,5,476,-0.10546038299798965
random,2,results_adamw_lr0p001,results_adamw_lr0p001,small_cnn,adamw,10,128,20000,0.001,0.9,0.0005,cuda,False,False,4,6,477,-0.06243413686752319
random,2,results_adamw_lr0p001,results_adamw_lr0p001,small_cnn,adamw,10,128,20000,0.001,0.9,0.0005,cuda,False,False,4,7,478,0.42501935362815857
random,2,results_adamw_lr0p001,results_adamw_lr0p001,small_cnn,adamw,10,128,20000,0.001,0.9,0.0005,cuda,False,False,4,8,479,0.4811772108078003
random,2,results_adamw_lr0p001,results_adamw_lr0p001,small_cnn,adamw,10,128,20000,0.001,0.9,0.0005,cuda,False,False,4,9,480,0.33340132236480713
random,2,results_adamw_lr0p001,results_adamw_lr0p001,small_cnn,adamw,10,128,20000,0.001,0.9,0.0005,cuda,False,False,4,10,481,0.49694857001304626
random,2,results_adamw_lr0p001,results_adamw_lr0p001,small_cnn,adamw,10,128,20000,0.001,0.9,0.0005,cuda,False,False,4,11,482,0.39601555466651917
random,2,results_adamw_lr0p001,results_adamw_lr0p001,small_cnn,adamw,10,128,20000,0.001,0.9,0.0005,cuda,False,False,4,12,483,-0.1560685783624649
random,2,results_adamw_lr0p001,results_adamw_lr0p001,small_cnn,adamw,10,128,20000,0.001,0.9,0.0005,cuda,False,False,4,13,484,0.2857731282711029
random,2,results_adamw_lr0p001,results_adamw_lr0p001,small_cnn,adamw,10,128,20000,0.001,0.9,0.0005,cuda,False,False,4,14,485,0.3091363310813904
random,2,results_adamw_lr0p001,results_adamw_lr0p001,small_cnn,adamw,10,128,20000,0.001,0.9,0.0005,cuda,False,False,4,15,486,-0.400797575712204
random,2,results_adamw_lr0p001,results_adamw_lr0p001,small_cnn,adamw,10,128,20000,0.001,0.9,0.0005,cuda,False,False,4,16,487,0.7005941867828369
random,2,results_adamw_lr0p001,results_adamw_lr0p001,small_cnn,adamw,10,128,20000,0.001,0.9,0.0005,cuda,False,False,4,17,488,0.3403317928314209
random,2,results_adamw_lr0p001,results_adamw_lr0p001,small_cnn,adamw,10,128,20000,0.001,0.9,0.0005,cuda,False,False,4,18,489,-0.13846108317375183
random,2,results_adamw_lr0p001,results_adamw_lr0p001,small_cnn,adamw,10,128,20000,0.001,0.9,0.0005,cuda,False,False,4,19,490,-0.12288280576467514
random,2,results_adamw_lr0p001,results_adamw_lr0p001,small_cnn,adamw,10,128,20000,0.001,0.9,0.0005,cuda,False,False,4,20,491,0.6309053301811218
random,2,results_adamw_lr0p001,results_adamw_lr0p001,small_cnn,adamw,10,128,20000,0.001,0.9,0.0005,cuda,False,False,4,21,492,-0.04626286402344704
random,2,results_adamw_lr0p001,results_adamw_lr0p001,small_cnn,adamw,10,128,20000,0.001,0.9,0.0005,cuda,False,False,4,22,493,0.46124765276908875
random,2,results_adamw_lr0p001,results_adamw_lr0p001,small_cnn,adamw,10,128,20000,0.001,0.9,0.0005,cuda,False,False,4,23,494,0.19904212653636932
random,2,results_adamw_lr0p001,results_adamw_lr0p001,small_cnn,adamw,10,128,20000,0.001,0.9,0.0005,cuda,False,False,4,24,495,0.6216511130332947
random,2,results_adamw_lr0p001,results_adamw_lr0p001,small_cnn,adamw,10,128,20000,0.001,0.9,0.0005,cuda,False,False,4,25,496,-0.5101990699768066
random,2,results_adamw_lr0p001,results_adamw_lr0p001,small_cnn,adamw,10,128,20000,0.001,0.9,0.0005,cuda,False,False,4,26,497,-0.7420219779014587
random,2,results_adamw_lr0p001,results_adamw_lr0p001,small_cnn,adamw,10,128,20000,0.001,0.9,0.0005,cuda,False,False,4,27,498,-0.16455616056919098
random,2,results_adamw_lr0p001,results_adamw_lr0p001,small_cnn,adamw,10,128,20000,0.001,0.9,0.0005,cuda,False,False,4,28,499,0.37153422832489014
random,2,results_adamw_lr0p001,results_adamw_lr0p001,small_cnn,adamw,10,128,20000,0.001,0.9,0.0005,cuda,False,False,4,29,500,0.41383838653564453
random,2,results_adamw_lr0p001,results_adamw_lr0p001,small_cnn,adamw,10,128,20000,0.001,0.9,0.0005,cuda,False,False,4,30,501,-0.12713508307933807
random,2,results_adamw_lr0p001,results_adamw_lr0p001,small_cnn,adamw,10,128,20000,0.001,0.9,0.0005,cuda,False,False,4,31,502,0.30574342608451843
random,2,results_adamw_lr0p001,results_adamw_lr0p001,small_cnn,adamw,10,128,20000,0.001,0.9,0.0005,cuda,False,False,4,32,503,0.6842997670173645
random,2,results_adamw_lr0p001,results_adamw_lr0p001,small_cnn,adamw,10,128,20000,0.001,0.9,0.0005,cuda,False,False,4,33,504,0.1524236500263214
random,2,results_adamw_lr0p001,results_adamw_lr0p001,small_cnn,adamw,10,128,20000,0.001,0.9,0.0005,cuda,False,False,4,34,505,0.774640679359436
random,2,results_adamw_lr0p001,results_adamw_lr0p001,small_cnn,adamw,10,128,20000,0.001,0.9,0.0005,cuda,False,False,4,35,506,0.08671557903289795
random,2,results_adamw_lr0p001,results_adamw_lr0p001,small_cnn,adamw,10,128,20000,0.001,0.9,0.0005,cuda,False,False,4,36,507,0.21463793516159058
random,2,results_adamw_lr0p001,results_adamw_lr0p001,small_cnn,adamw,10,128,20000,0.001,0.9,0.0005,cuda,False,False,4,37,508,0.0801544040441513
random,2,results_adamw_lr0p001,results_adamw_lr0p001,small_cnn,adamw,10,128,20000,0.001,0.9,0.0005,cuda,False,False,4,38,509,0.5884955525398254
random,2,results_adamw_lr0p001,results_adamw_lr0p001,small_cnn,adamw,10,128,20000,0.001,0.9,0.0005,cuda,False,False,4,39,510,0.5920483469963074
random,2,results_adamw_lr0p001,results_adamw_lr0p001,small_cnn,adamw,10,128,20000,0.001,0.9,0.0005,cuda,False,False,4,40,511,0.07350078970193863
random,2,results_adamw_lr0p001,results_adamw_lr0p001,small_cnn,adamw,10,128,20000,0.001,0.9,0.0005,cuda,False,False,4,41,512,0.19222155213356018
random,2,results_adamw_lr0p001,results_adamw_lr0p001,small_cnn,adamw,10,128,20000,0.001,0.9,0.0005,cuda,False,False,4,42,513,0.14967919886112213
random,2,results_adamw_lr0p001,results_adamw_lr0p001,small_cnn,adamw,10,128,20000,0.001,0.9,0.0005,cuda,False,False,4,43,514,0.4988970458507538
random,2,results_adamw_lr0p001,results_adamw_lr0p001,small_cnn,adamw,10,128,20000,0.001,0.9,0.0005,cuda,False,False,4,44,515,0.2244109958410263
random,2,results_adamw_lr0p001,results_adamw_lr0p001,small_cnn,adamw,10,128,20000,0.001,0.9,0.0005,cuda,False,False,4,45,516,0.3672790229320526
random,2,results_adamw_lr0p001,results_adamw_lr0p001,small_cnn,adamw,10,128,20000,0.001,0.9,0.0005,cuda,False,False,4,46,517,0.2022758275270462
random,2,results_adamw_lr0p001,results_adamw_lr0p001,small_cnn,adamw,10,128,20000,0.001,0.9,0.0005,cuda,False,False,4,47,518,0.6445072889328003
random,2,results_adamw_lr0p001,results_adamw_lr0p001,small_cnn,adamw,10,128,20000,0.001,0.9,0.0005,cuda,False,False,4,48,519,0.7859254479408264
random,2,results_adamw_lr0p001,results_adamw_lr0p001,small_cnn,adamw,10,128,20000,0.001,0.9,0.0005,cuda,False,False,4,49,520,0.3931765854358673
random,2,results_adamw_lr0p001,results_adamw_lr0p001,small_cnn,adamw,10,128,20000,0.001,0.9,0.0005,cuda,False,False,4,50,521,0.651085615158081
random,2,results_adamw_lr0p001,results_adamw_lr0p001,small_cnn,adamw,10,128,20000,0.001,0.9,0.0005,cuda,False,False,4,51,522,0.010214639827609062
random,2,results_adamw_lr0p001,results_adamw_lr0p001,small_cnn,adamw,10,128,20000,0.001,0.9,0.0005,cuda,False,False,4,52,523,-0.2014545202255249
random,2,results_adamw_lr0p001,results_adamw_lr0p001,small_cnn,adamw,10,128,20000,0.001,0.9,0.0005,cuda,False,False,4,53,524,0.28367286920547485
random,2,results_adamw_lr0p001,results_adamw_lr0p001,small_cnn,adamw,10,128,20000,0.001,0.9,0.0005,cuda,False,False,4,54,525,0.4700492322444916
random,2,results_adamw_lr0p001,results_adamw_lr0p001,small_cnn,adamw,10,128,20000,0.001,0.9,0.0005,cuda,False,False,4,55,526,0.5004003047943115
random,2,results_adamw_lr0p001,results_adamw_lr0p001,small_cnn,adamw,10,128,20000,0.001,0.9,0.0005,cuda,False,False,4,56,527,0.6356766819953918
random,2,results_adamw_lr0p001,results_adamw_lr0p001,small_cnn,adamw,10,128,20000,0.001,0.9,0.0005,cuda,False,False,4,57,528,-0.34691253304481506
random,2,results_adamw_lr0p001,results_adamw_lr0p001,small_cnn,adamw,10,128,20000,0.001,0.9,0.0005,cuda,False,False,4,58,529,0.05075062811374664
random,2,results_adamw_lr0p001,results_adamw_lr0p001,small_cnn,adamw,10,128,20000,0.001,0.9,0.0005,cuda,False,False,4,59,530,0.3846516013145447
random,2,results_adamw_lr0p001,results_adamw_lr0p001,small_cnn,adamw,10,128,20000,0.001,0.9,0.0005,cuda,False,False,4,60,531,0.4173716604709625
random,2,results_adamw_lr0p001,results_adamw_lr0p001,small_cnn,adamw,10,128,20000,0.001,0.9,0.0005,cuda,False,False,4,61,532,0.4986438453197479
random,2,results_adamw_lr0p001,results_adamw_lr0p001,small_cnn,adamw,10,128,20000,0.001,0.9,0.0005,cuda,False,False,4,62,533,-0.68588787317276
random,2,results_adamw_lr0p001,results_adamw_lr0p001,small_cnn,adamw,10,128,20000,0.001,0.9,0.0005,cuda,False,False,4,63,534,0.07731413096189499
random,2,results_adamw_lr0p001,results_adamw_lr0p001,small_cnn,adamw,10,128,20000,0.001,0.9,0.0005,cuda,False,False,4,64,535,0.4586729407310486
random,2,results_adamw_lr0p001,results_adamw_lr0p001,small_cnn,adamw,10,128,20000,0.001,0.9,0.0005,cuda,False,False,4,65,536,0.08194919675588608
random,2,results_adamw_lr0p001,results_adamw_lr0p001,small_cnn,adamw,10,128,20000,0.001,0.9,0.0005,cuda,False,False,4,66,537,0.4707134962081909
random,2,results_adamw_lr0p001,results_adamw_lr0p001,small_cnn,adamw,10,128,20000,0.001,0.9,0.0005,cuda,False,False,4,67,538,-0.050455864518880844
random,2,results_adamw_lr0p001,results_adamw_lr0p001,small_cnn,adamw,10,128,20000,0.001,0.9,0.0005,cuda,False,False,4,68,539,0.42126473784446716
random,2,results_adamw_lr0p001,results_adamw_lr0p001,small_cnn,adamw,10,128,20000,0.001,0.9,0.0005,cuda,False,False,4,69,540,0.3472176194190979
random,2,results_adamw_lr0p001,results_adamw_lr0p001,small_cnn,adamw,10,128,20000,0.001,0.9,0.0005,cuda,False,False,4,70,541,0.19198691844940186
random,2,results_adamw_lr0p001,results_adamw_lr0p001,small_cnn,adamw,10,128,20000,0.001,0.9,0.0005,cuda,False,False,4,71,542,0.7633082866668701
random,2,results_adamw_lr0p001,results_adamw_lr0p001,small_cnn,adamw,10,128,20000,0.001,0.9,0.0005,cuda,False,False,4,72,543,-0.020026806741952896
random,2,results_adamw_lr0p001,results_adamw_lr0p001,small_cnn,adamw,10,128,20000,0.001,0.9,0.0005,cuda,False,False,4,73,544,0.462664932012558
random,2,results_adamw_lr0p001,results_adamw_lr0p001,small_cnn,adamw,10,128,20000,0.001,0.9,0.0005,cuda,False,False,4,74,545,-0.017519282177090645
random,2,results_adamw_lr0p001,results_adamw_lr0p001,small_cnn,adamw,10,128,20000,0.001,0.9,0.0005,cuda,False,False,4,75,546,-0.003235467243939638
random,2,results_adamw_lr0p001,results_adamw_lr0p001,small_cnn,adamw,10,128,20000,0.001,0.9,0.0005,cuda,False,False,4,76,547,0.06374704092741013
random,2,results_adamw_lr0p001,results_adamw_lr0p001,small_cnn,adamw,10,128,20000,0.001,0.9,0.0005,cuda,False,False,4,77,548,0.654494047164917
random,2,results_adamw_lr0p001,results_adamw_lr0p001,small_cnn,adamw,10,128,20000,0.001,0.9,0.0005,cuda,False,False,4,78,549,-0.3086724877357483
random,2,results_adamw_lr0p001,results_adamw_lr0p001,small_cnn,adamw,10,128,20000,0.001,0.9,0.0005,cuda,False,False,4,79,550,0.32496583461761475
random,2,results_adamw_lr0p001,results_adamw_lr0p001,small_cnn,adamw,10,128,20000,0.001,0.9,0.0005,cuda,False,False,4,80,551,0.4146876037120819
random,2,results_adamw_lr0p001,results_adamw_lr0p001,small_cnn,adamw,10,128,20000,0.001,0.9,0.0005,cuda,False,False,4,81,552,-0.10608687996864319
random,2,results_adamw_lr0p001,results_adamw_lr0p001,small_cnn,adamw,10,128,20000,0.001,0.9,0.0005,cuda,False,False,4,82,553,0.5517438650131226
random,2,results_adamw_lr0p001,results_adamw_lr0p001,small_cnn,adamw,10,128,20000,0.001,0.9,0.0005,cuda,False,False,4,83,554,0.2385757714509964
random,2,results_adamw_lr0p001,results_adamw_lr0p001,small_cnn,adamw,10,128,20000,0.001,0.9,0.0005,cuda,False,False,4,84,555,-0.022717135027050972
random,2,results_adamw_lr0p001,results_adamw_lr0p001,small_cnn,adamw,10,128,20000,0.001,0.9,0.0005,cuda,False,False,4,85,556,0.3371610939502716
random,2,results_adamw_lr0p001,results_adamw_lr0p001,small_cnn,adamw,10,128,20000,0.001,0.9,0.0005,cuda,False,False,4,86,557,-0.4276469945907593
random,2,results_adamw_lr0p001,results_adamw_lr0p001,small_cnn,adamw,10,128,20000,0.001,0.9,0.0005,cuda,False,False,4,87,558,-0.01935950480401516
random,2,results_adamw_lr0p001,results_adamw_lr0p001,small_cnn,adamw,10,128,20000,0.001,0.9,0.0005,cuda,False,False,4,88,559,0.5198636054992676
random,2,results_adamw_lr0p001,results_adamw_lr0p001,small_cnn,adamw,10,128,20000,0.001,0.9,0.0005,cuda,False,False,4,89,560,-0.06721328943967819
random,2,results_adamw_lr0p001,results_adamw_lr0p001,small_cnn,adamw,10,128,20000,0.001,0.9,0.0005,cuda,False,False,4,90,561,-0.3252410888671875
random,2,results_adamw_lr0p001,results_adamw_lr0p001,small_cnn,adamw,10,128,20000,0.001,0.9,0.0005,cuda,False,False,4,91,562,0.11145614087581635
random,2,results_adamw_lr0p001,results_adamw_lr0p001,small_cnn,adamw,10,128,20000,0.001,0.9,0.0005,cuda,False,False,4,92,563,-0.2752343714237213
random,2,results_adamw_lr0p001,results_adamw_lr0p001,small_cnn,adamw,10,128,20000,0.001,0.9,0.0005,cuda,False,False,4,93,564,0.4609971046447754
random,2,results_adamw_lr0p001,results_adamw_lr0p001,small_cnn,adamw,10,128,20000,0.001,0.9,0.0005,cuda,False,False,4,94,565,0.16805759072303772
random,2,results_adamw_lr0p001,results_adamw_lr0p001,small_cnn,adamw,10,128,20000,0.001,0.9,0.0005,cuda,False,False,4,95,566,0.38732945919036865
random,2,results_adamw_lr0p001,results_adamw_lr0p001,small_cnn,adamw,10,128,20000,0.001,0.9,0.0005,cuda,False,False,4,96,567,0.19520622491836548
random,2,results_adamw_lr0p001,results_adamw_lr0p001,small_cnn,adamw,10,128,20000,0.001,0.9,0.0005,cuda,False,False,4,97,568,0.7032997608184814
random,2,results_adamw_lr0p001,results_adamw_lr0p001,small_cnn,adamw,10,128,20000,0.001,0.9,0.0005,cuda,False,False,4,98,569,-0.12722641229629517
random,2,results_adamw_lr0p001,results_adamw_lr0p001,small_cnn,adamw,10,128,20000,0.001,0.9,0.0005,cuda,False,False,4,99,570,-0.080442875623703
random,2,results_adamw_lr0p001,results_adamw_lr0p001,small_cnn,adamw,10,128,20000,0.001,0.9,0.0005,cuda,False,False,4,100,571,0.1659204363822937
random,2,results_adamw_lr0p001,results_adamw_lr0p001,small_cnn,adamw,10,128,20000,0.001,0.9,0.0005,cuda,False,False,4,101,572,0.3600565195083618
random,2,results_adamw_lr0p001,results_adamw_lr0p001,small_cnn,adamw,10,128,20000,0.001,0.9,0.0005,cuda,False,False,4,102,573,0.29725345969200134
random,2,results_adamw_lr0p001,results_adamw_lr0p001,small_cnn,adamw,10,128,20000,0.001,0.9,0.0005,cuda,False,False,4,103,574,-0.40850168466567993
random,2,results_adamw_lr0p001,results_adamw_lr0p001,small_cnn,adamw,10,128,20000,0.001,0.9,0.0005,cuda,False,False,4,104,575,0.08745317906141281
random,2,results_adamw_lr0p001,results_adamw_lr0p001,small_cnn,adamw,10,128,20000,0.001,0.9,0.0005,cuda,False,False,4,105,576,-0.056962113827466965
random,2,results_adamw_lr0p001,results_adamw_lr0p001,small_cnn,adamw,10,128,20000,0.001,0.9,0.0005,cuda,False,False,4,106,577,0.7738421559333801
random,2,results_adamw_lr0p001,results_adamw_lr0p001,small_cnn,adamw,10,128,20000,0.001,0.9,0.0005,cuda,False,False,4,107,578,0.5475987792015076
random,2,results_adamw_lr0p001,results_adamw_lr0p001,small_cnn,adamw,10,128,20000,0.001,0.9,0.0005,cuda,False,False,4,108,579,0.6738052368164062
random,2,results_adamw_lr0p001,results_adamw_lr0p001,small_cnn,adamw,10,128,20000,0.001,0.9,0.0005,cuda,False,False,4,109,580,0.18121008574962616
random,2,results_adamw_lr0p001,results_adamw_lr0p001,small_cnn,adamw,10,128,20000,0.001,0.9,0.0005,cuda,False,False,4,110,581,0.017058489844202995
random,2,results_adamw_lr0p001,results_adamw_lr0p001,small_cnn,adamw,10,128,20000,0.001,0.9,0.0005,cuda,False,False,4,111,582,0.5600638389587402
random,2,results_adamw_lr0p001,results_adamw_lr0p001,small_cnn,adamw,10,128,20000,0.001,0.9,0.0005,cuda,False,False,4,112,583,0.6606593132019043
random,2,results_adamw_lr0p001,results_adamw_lr0p001,small_cnn,adamw,10,128,20000,0.001,0.9,0.0005,cuda,False,False,4,113,584,-0.4056027829647064
random,2,results_adamw_lr0p001,results_adamw_lr0p001,small_cnn,adamw,10,128,20000,0.001,0.9,0.0005,cuda,False,False,4,114,585,-0.0016186516731977463
random,2,results_adamw_lr0p001,results_adamw_lr0p001,small_cnn,adamw,10,128,20000,0.001,0.9,0.0005,cuda,False,False,4,115,586,0.5289356708526611
random,2,results_adamw_lr0p001,results_adamw_lr0p001,small_cnn,adamw,10,128,20000,0.001,0.9,0.0005,cuda,False,False,4,116,587,0.5149335265159607
random,2,results_adamw_lr0p001,results_adamw_lr0p001,small_cnn,adamw,10,128,20000,0.001,0.9,0.0005,cuda,False,False,4,117,588,0.4871733784675598
random,2,results_adamw_lr0p001,results_adamw_lr0p001,small_cnn,adamw,10,128,20000,0.001,0.9,0.0005,cuda,False,False,4,118,589,0.6998558640480042
random,2,results_adamw_lr0p001,results_adamw_lr0p001,small_cnn,adamw,10,128,20000,0.001,0.9,0.0005,cuda,False,False,4,119,590,0.2594178020954132
random,2,results_adamw_lr0p001,results_adamw_lr0p001,small_cnn,adamw,10,128,20000,0.001,0.9,0.0005,cuda,False,False,4,120,591,-0.3774982690811157
random,2,results_adamw_lr0p001,results_adamw_lr0p001,small_cnn,adamw,10,128,20000,0.001,0.9,0.0005,cuda,False,False,4,121,592,0.9019253849983215
random,2,results_adamw_lr0p001,results_adamw_lr0p001,small_cnn,adamw,10,128,20000,0.001,0.9,0.0005,cuda,False,False,4,122,593,0.5418100953102112
random,2,results_adamw_lr0p001,results_adamw_lr0p001,small_cnn,adamw,10,128,20000,0.001,0.9,0.0005,cuda,False,False,4,123,594,-0.2718910872936249
random,2,results_adamw_lr0p001,results_adamw_lr0p001,small_cnn,adamw,10,128,20000,0.001,0.9,0.0005,cuda,False,False,4,124,595,0.38769787549972534
random,2,results_adamw_lr0p001,results_adamw_lr0p001,small_cnn,adamw,10,128,20000,0.001,0.9,0.0005,cuda,False,False,4,125,596,0.265717089176178
random,2,results_adamw_lr0p001,results_adamw_lr0p001,small_cnn,adamw,10,128,20000,0.001,0.9,0.0005,cuda,False,False,4,126,597,0.32504746317863464
random,2,results_adamw_lr0p001,results_adamw_lr0p001,small_cnn,adamw,10,128,20000,0.001,0.9,0.0005,cuda,False,False,4,127,598,0.057311393320560455
random,2,results_adamw_lr0p001,results_adamw_lr0p001,small_cnn,adamw,10,128,20000,0.001,0.9,0.0005,cuda,False,False,4,128,599,0.5699992179870605
random,2,results_adamw_lr0p001,results_adamw_lr0p001,small_cnn,adamw,10,128,20000,0.001,0.9,0.0005,cuda,False,False,4,129,600,-0.16982601583003998
random,2,results_adamw_lr0p001,results_adamw_lr0p001,small_cnn,adamw,10,128,20000,0.001,0.9,0.0005,cuda,False,False,4,130,601,0.5017515420913696
random,2,results_adamw_lr0p001,results_adamw_lr0p001,small_cnn,adamw,10,128,20000,0.001,0.9,0.0005,cuda,False,False,4,131,602,-0.21670591831207275
random,2,results_adamw_lr0p001,results_adamw_lr0p001,small_cnn,adamw,10,128,20000,0.001,0.9,0.0005,cuda,False,False,4,132,603,0.5220484137535095
random,2,results_adamw_lr0p001,results_adamw_lr0p001,small_cnn,adamw,10,128,20000,0.001,0.9,0.0005,cuda,False,False,4,133,604,0.47789517045021057
random,2,results_adamw_lr0p001,results_adamw_lr0p001,small_cnn,adamw,10,128,20000,0.001,0.9,0.0005,cuda,False,False,4,134,605,0.3299654722213745
random,2,results_adamw_lr0p001,results_adamw_lr0p001,small_cnn,adamw,10,128,20000,0.001,0.9,0.0005,cuda,False,False,4,135,606,0.21175125241279602
random,2,results_adamw_lr0p001,results_adamw_lr0p001,small_cnn,adamw,10,128,20000,0.001,0.9,0.0005,cuda,False,False,4,136,607,0.5008022785186768
random,2,results_adamw_lr0p001,results_adamw_lr0p001,small_cnn,adamw,10,128,20000,0.001,0.9,0.0005,cuda,False,False,4,137,608,0.1820211410522461
random,2,results_adamw_lr0p001,results_adamw_lr0p001,small_cnn,adamw,10,128,20000,0.001,0.9,0.0005,cuda,False,False,4,138,609,0.1045694500207901
random,2,results_adamw_lr0p001,results_adamw_lr0p001,small_cnn,adamw,10,128,20000,0.001,0.9,0.0005,cuda,False,False,4,139,610,-0.6276046633720398
random,2,results_adamw_lr0p001,results_adamw_lr0p001,small_cnn,adamw,10,128,20000,0.001,0.9,0.0005,cuda,False,False,4,140,611,-0.03642717003822327
random,2,results_adamw_lr0p001,results_adamw_lr0p001,small_cnn,adamw,10,128,20000,0.001,0.9,0.0005,cuda,False,False,4,141,612,-0.10714886337518692
random,2,results_adamw_lr0p001,results_adamw_lr0p001,small_cnn,adamw,10,128,20000,0.001,0.9,0.0005,cuda,False,False,4,142,613,-0.1504209190607071
random,2,results_adamw_lr0p001,results_adamw_lr0p001,small_cnn,adamw,10,128,20000,0.001,0.9,0.0005,cuda,False,False,4,143,614,-0.23925787210464478
random,2,results_adamw_lr0p001,results_adamw_lr0p001,small_cnn,adamw,10,128,20000,0.001,0.9,0.0005,cuda,False,False,4,144,615,-0.010994532145559788
random,2,results_adamw_lr0p001,results_adamw_lr0p001,small_cnn,adamw,10,128,20000,0.001,0.9,0.0005,cuda,False,False,4,145,616,0.3157152831554413
random,2,results_adamw_lr0p001,results_adamw_lr0p001,small_cnn,adamw,10,128,20000,0.001,0.9,0.0005,cuda,False,False,4,146,617,-0.35673290491104126
random,2,results_adamw_lr0p001,results_adamw_lr0p001,small_cnn,adamw,10,128,20000,0.001,0.9,0.0005,cuda,False,False,4,147,618,-0.12496856600046158
random,2,results_adamw_lr0p001,results_adamw_lr0p001,small_cnn,adamw,10,128,20000,0.001,0.9,0.0005,cuda,False,False,4,148,619,0.36612415313720703
random,2,results_adamw_lr0p001,results_adamw_lr0p001,small_cnn,adamw,10,128,20000,0.001,0.9,0.0005,cuda,False,False,4,149,620,0.015211150981485844
random,2,results_adamw_lr0p001,results_adamw_lr0p001,small_cnn,adamw,10,128,20000,0.001,0.9,0.0005,cuda,False,False,4,150,621,-0.5087928771972656
random,2,results_adamw_lr0p001,results_adamw_lr0p001,small_cnn,adamw,10,128,20000,0.001,0.9,0.0005,cuda,False,False,4,151,622,0.5500441789627075
random,2,results_adamw_lr0p001,results_adamw_lr0p001,small_cnn,adamw,10,128,20000,0.001,0.9,0.0005,cuda,False,False,4,152,623,0.46937575936317444
random,2,results_adamw_lr0p001,results_adamw_lr0p001,small_cnn,adamw,10,128,20000,0.001,0.9,0.0005,cuda,False,False,4,153,624,-0.5634240508079529
random,2,results_adamw_lr0p001,results_adamw_lr0p001,small_cnn,adamw,10,128,20000,0.001,0.9,0.0005,cuda,False,False,4,154,625,0.1583220511674881
random,2,results_adamw_lr0p001,results_adamw_lr0p001,small_cnn,adamw,10,128,20000,0.001,0.9,0.0005,cuda,False,False,4,155,626,0.2957197427749634
random,2,results_adamw_lr0p001,results_adamw_lr0p001,small_cnn,adamw,10,128,20000,0.001,0.9,0.0005,cuda,False,False,4,156,627,0.5661653280258179
random,2,results_adamw_lr0p001,results_adamw_lr0p001,small_cnn,adamw,10,128,20000,0.001,0.9,0.0005,cuda,False,False,4,157,628,0.3651377558708191
random,2,results_adamw_lr0p001,results_adamw_lr0p001,small_cnn,adamw,10,128,20000,0.001,0.9,0.0005,cuda,False,False,5,1,629,-0.4660954177379608
random,2,results_adamw_lr0p001,results_adamw_lr0p001,small_cnn,adamw,10,128,20000,0.001,0.9,0.0005,cuda,False,False,5,2,630,0.7742102742195129
random,2,results_adamw_lr0p001,results_adamw_lr0p001,small_cnn,adamw,10,128,20000,0.001,0.9,0.0005,cuda,False,False,5,3,631,0.537075936794281
random,2,results_adamw_lr0p001,results_adamw_lr0p001,small_cnn,adamw,10,128,20000,0.001,0.9,0.0005,cuda,False,False,5,4,632,0.42613154649734497
random,2,results_adamw_lr0p001,results_adamw_lr0p001,small_cnn,adamw,10,128,20000,0.001,0.9,0.0005,cuda,False,False,5,5,633,0.3396933376789093
random,2,results_adamw_lr0p001,results_adamw_lr0p001,small_cnn,adamw,10,128,20000,0.001,0.9,0.0005,cuda,False,False,5,6,634,-0.126522958278656
random,2,results_adamw_lr0p001,results_adamw_lr0p001,small_cnn,adamw,10,128,20000,0.001,0.9,0.0005,cuda,False,False,5,7,635,0.33744126558303833
random,2,results_adamw_lr0p001,results_adamw_lr0p001,small_cnn,adamw,10,128,20000,0.001,0.9,0.0005,cuda,False,False,5,8,636,0.8104068040847778
random,2,results_adamw_lr0p001,results_adamw_lr0p001,small_cnn,adamw,10,128,20000,0.001,0.9,0.0005,cuda,False,False,5,9,637,0.8787559270858765
random,2,results_adamw_lr0p001,results_adamw_lr0p001,small_cnn,adamw,10,128,20000,0.001,0.9,0.0005,cuda,False,False,5,10,638,-0.23206515610218048
random,2,results_adamw_lr0p001,results_adamw_lr0p001,small_cnn,adamw,10,128,20000,0.001,0.9,0.0005,cuda,False,False,5,11,639,0.14737790822982788
random,2,results_adamw_lr0p001,results_adamw_lr0p001,small_cnn,adamw,10,128,20000,0.001,0.9,0.0005,cuda,False,False,5,12,640,0.017960380762815475
random,2,results_adamw_lr0p001,results_adamw_lr0p001,small_cnn,adamw,10,128,20000,0.001,0.9,0.0005,cuda,False,False,5,13,641,0.13153888285160065
random,2,results_adamw_lr0p001,results_adamw_lr0p001,small_cnn,adamw,10,128,20000,0.001,0.9,0.0005,cuda,False,False,5,14,642,0.3010289669036865
random,2,results_adamw_lr0p001,results_adamw_lr0p001,small_cnn,adamw,10,128,20000,0.001,0.9,0.0005,cuda,False,False,5,15,643,-0.07554939389228821
random,2,results_adamw_lr0p001,results_adamw_lr0p001,small_cnn,adamw,10,128,20000,0.001,0.9,0.0005,cuda,False,False,5,16,644,0.5518201589584351
random,2,results_adamw_lr0p001,results_adamw_lr0p001,small_cnn,adamw,10,128,20000,0.001,0.9,0.0005,cuda,False,False,5,17,645,0.7010475993156433
random,2,results_adamw_lr0p001,results_adamw_lr0p001,small_cnn,adamw,10,128,20000,0.001,0.9,0.0005,cuda,False,False,5,18,646,0.15043240785598755
random,2,results_adamw_lr0p001,results_adamw_lr0p001,small_cnn,adamw,10,128,20000,0.001,0.9,0.0005,cuda,False,False,5,19,647,0.3887447416782379
random,2,results_adamw_lr0p001,results_adamw_lr0p001,small_cnn,adamw,10,128,20000,0.001,0.9,0.0005,cuda,False,False,5,20,648,-0.07931537926197052
random,2,results_adamw_lr0p001,results_adamw_lr0p001,small_cnn,adamw,10,128,20000,0.001,0.9,0.0005,cuda,False,False,5,21,649,-0.21090799570083618
random,2,results_adamw_lr0p001,results_adamw_lr0p001,small_cnn,adamw,10,128,20000,0.001,0.9,0.0005,cuda,False,False,5,22,650,-0.03779909014701843
random,2,results_adamw_lr0p001,results_adamw_lr0p001,small_cnn,adamw,10,128,20000,0.001,0.9,0.0005,cuda,False,False,5,23,651,-0.25087210536003113
random,2,results_adamw_lr0p001,results_adamw_lr0p001,small_cnn,adamw,10,128,20000,0.001,0.9,0.0005,cuda,False,False,5,24,652,0.7449575066566467
random,2,results_adamw_lr0p001,results_adamw_lr0p001,small_cnn,adamw,10,128,20000,0.001,0.9,0.0005,cuda,False,False,5,25,653,0.7980350852012634
random,2,results_adamw_lr0p001,results_adamw_lr0p001,small_cnn,adamw,10,128,20000,0.001,0.9,0.0005,cuda,False,False,5,26,654,-0.14461615681648254
random,2,results_adamw_lr0p001,results_adamw_lr0p001,small_cnn,adamw,10,128,20000,0.001,0.9,0.0005,cuda,False,False,5,27,655,-0.2480931282043457
random,2,results_adamw_lr0p001,results_adamw_lr0p001,small_cnn,adamw,10,128,20000,0.001,0.9,0.0005,cuda,False,False,5,28,656,0.3033924996852875
random,2,results_adamw_lr0p001,results_adamw_lr0p001,small_cnn,adamw,10,128,20000,0.001,0.9,0.0005,cuda,False,False,5,29,657,0.2390967309474945
random,2,results_adamw_lr0p001,results_adamw_lr0p001,small_cnn,adamw,10,128,20000,0.001,0.9,0.0005,cuda,False,False,5,30,658,0.4371627867221832
random,2,results_adamw_lr0p001,results_adamw_lr0p001,small_cnn,adamw,10,128,20000,0.001,0.9,0.0005,cuda,False,False,5,31,659,0.360614538192749
random,2,results_adamw_lr0p001,results_adamw_lr0p001,small_cnn,adamw,10,128,20000,0.001,0.9,0.0005,cuda,False,False,5,32,660,0.0264213215559721
random,2,results_adamw_lr0p001,results_adamw_lr0p001,small_cnn,adamw,10,128,20000,0.001,0.9,0.0005,cuda,False,False,5,33,661,0.589720606803894
random,2,results_adamw_lr0p001,results_adamw_lr0p001,small_cnn,adamw,10,128,20000,0.001,0.9,0.0005,cuda,False,False,5,34,662,0.32081127166748047
random,2,results_adamw_lr0p001,results_adamw_lr0p001,small_cnn,adamw,10,128,20000,0.001,0.9,0.0005,cuda,False,False,5,35,663,0.36343804001808167
random,2,results_adamw_lr0p001,results_adamw_lr0p001,small_cnn,adamw,10,128,20000,0.001,0.9,0.0005,cuda,False,False,5,36,664,0.7940932512283325
random,2,results_adamw_lr0p001,results_adamw_lr0p001,small_cnn,adamw,10,128,20000,0.001,0.9,0.0005,cuda,False,False,5,37,665,0.6430341601371765
random,2,results_adamw_lr0p001,results_adamw_lr0p001,small_cnn,adamw,10,128,20000,0.001,0.9,0.0005,cuda,False,False,5,38,666,0.5137600302696228
random,2,results_adamw_lr0p001,results_adamw_lr0p001,small_cnn,adamw,10,128,20000,0.001,0.9,0.0005,cuda,False,False,5,39,667,0.419832706451416
random,2,results_adamw_lr0p001,results_adamw_lr0p001,small_cnn,adamw,10,128,20000,0.001,0.9,0.0005,cuda,False,False,5,40,668,0.4227907359600067
random,2,results_adamw_lr0p001,results_adamw_lr0p001,small_cnn,adamw,10,128,20000,0.001,0.9,0.0005,cuda,False,False,5,41,669,0.5600860118865967
random,2,results_adamw_lr0p001,results_adamw_lr0p001,small_cnn,adamw,10,128,20000,0.001,0.9,0.0005,cuda,False,False,5,42,670,0.8343551754951477
random,2,results_adamw_lr0p001,results_adamw_lr0p001,small_cnn,adamw,10,128,20000,0.001,0.9,0.0005,cuda,False,False,5,43,671,0.6962820887565613
random,2,results_adamw_lr0p001,results_adamw_lr0p001,small_cnn,adamw,10,128,20000,0.001,0.9,0.0005,cuda,False,False,5,44,672,0.5027696490287781
random,2,results_adamw_lr0p001,results_adamw_lr0p001,small_cnn,adamw,10,128,20000,0.001,0.9,0.0005,cuda,False,False,5,45,673,0.16932713985443115
random,2,results_adamw_lr0p001,results_adamw_lr0p001,small_cnn,adamw,10,128,20000,0.001,0.9,0.0005,cuda,False,False,5,46,674,0.18792223930358887
random,2,results_adamw_lr0p001,results_adamw_lr0p001,small_cnn,adamw,10,128,20000,0.001,0.9,0.0005,cuda,False,False,5,47,675,0.6886292695999146
random,2,results_adamw_lr0p001,results_adamw_lr0p001,small_cnn,adamw,10,128,20000,0.001,0.9,0.0005,cuda,False,False,5,48,676,0.5425074100494385
random,2,results_adamw_lr0p001,results_adamw_lr0p001,small_cnn,adamw,10,128,20000,0.001,0.9,0.0005,cuda,False,False,5,49,677,0.5393227934837341
random,2,results_adamw_lr0p001,results_adamw_lr0p001,small_cnn,adamw,10,128,20000,0.001,0.9,0.0005,cuda,False,False,5,50,678,-0.39580097794532776
random,2,results_adamw_lr0p001,results_adamw_lr0p001,small_cnn,adamw,10,128,20000,0.001,0.9,0.0005,cuda,False,False,5,51,679,0.29462113976478577
random,2,results_adamw_lr0p001,results_adamw_lr0p001,small_cnn,adamw,10,128,20000,0.001,0.9,0.0005,cuda,False,False,5,52,680,0.3931887149810791
random,2,results_adamw_lr0p001,results_adamw_lr0p001,small_cnn,adamw,10,128,20000,0.001,0.9,0.0005,cuda,False,False,5,53,681,0.3847171664237976
random,2,results_adamw_lr0p001,results_adamw_lr0p001,small_cnn,adamw,10,128,20000,0.001,0.9,0.0005,cuda,False,False,5,54,682,0.20330579578876495
random,2,results_adamw_lr0p001,results_adamw_lr0p001,small_cnn,adamw,10,128,20000,0.001,0.9,0.0005,cuda,False,False,5,55,683,0.46223071217536926
random,2,results_adamw_lr0p001,results_adamw_lr0p001,small_cnn,adamw,10,128,20000,0.001,0.9,0.0005,cuda,False,False,5,56,684,-0.2739024758338928
random,2,results_adamw_lr0p001,results_adamw_lr0p001,small_cnn,adamw,10,128,20000,0.001,0.9,0.0005,cuda,False,False,5,57,685,0.4598349332809448
random,2,results_adamw_lr0p001,results_adamw_lr0p001,small_cnn,adamw,10,128,20000,0.001,0.9,0.0005,cuda,False,False,5,58,686,0.4924238622188568
random,2,results_adamw_lr0p001,results_adamw_lr0p001,small_cnn,adamw,10,128,20000,0.001,0.9,0.0005,cuda,False,False,5,59,687,0.6412167549133301
random,2,results_adamw_lr0p001,results_adamw_lr0p001,small_cnn,adamw,10,128,20000,0.001,0.9,0.0005,cuda,False,False,5,60,688,-0.19696193933486938
random,2,results_adamw_lr0p001,results_adamw_lr0p001,small_cnn,adamw,10,128,20000,0.001,0.9,0.0005,cuda,False,False,5,61,689,0.6870558261871338
random,2,results_adamw_lr0p001,results_adamw_lr0p001,small_cnn,adamw,10,128,20000,0.001,0.9,0.0005,cuda,False,False,5,62,690,0.5032035112380981
random,2,results_adamw_lr0p001,results_adamw_lr0p001,small_cnn,adamw,10,128,20000,0.001,0.9,0.0005,cuda,False,False,5,63,691,0.694948136806488
random,2,results_adamw_lr0p001,results_adamw_lr0p001,small_cnn,adamw,10,128,20000,0.001,0.9,0.0005,cuda,False,False,5,64,692,-0.3902502655982971
random,2,results_adamw_lr0p001,results_adamw_lr0p001,small_cnn,adamw,10,128,20000,0.001,0.9,0.0005,cuda,False,False,5,65,693,0.6673557758331299
random,2,results_adamw_lr0p001,results_adamw_lr0p001,small_cnn,adamw,10,128,20000,0.001,0.9,0.0005,cuda,False,False,5,66,694,-0.028584500774741173
random,2,results_adamw_lr0p001,results_adamw_lr0p001,small_cnn,adamw,10,128,20000,0.001,0.9,0.0005,cuda,False,False,5,67,695,0.7003364562988281
random,2,results_adamw_lr0p001,results_adamw_lr0p001,small_cnn,adamw,10,128,20000,0.001,0.9,0.0005,cuda,False,False,5,68,696,0.8535483479499817
random,2,results_adamw_lr0p001,results_adamw_lr0p001,small_cnn,adamw,10,128,20000,0.001,0.9,0.0005,cuda,False,False,5,69,697,0.6211802959442139
random,2,results_adamw_lr0p001,results_adamw_lr0p001,small_cnn,adamw,10,128,20000,0.001,0.9,0.0005,cuda,False,False,5,70,698,0.5413393378257751
random,2,results_adamw_lr0p001,results_adamw_lr0p001,small_cnn,adamw,10,128,20000,0.001,0.9,0.0005,cuda,False,False,5,71,699,-0.07796994596719742
random,2,results_adamw_lr0p001,results_adamw_lr0p001,small_cnn,adamw,10,128,20000,0.001,0.9,0.0005,cuda,False,False,5,72,700,0.33012089133262634
random,2,results_adamw_lr0p001,results_adamw_lr0p001,small_cnn,adamw,10,128,20000,0.001,0.9,0.0005,cuda,False,False,5,73,701,0.1598464846611023
random,2,results_adamw_lr0p001,results_adamw_lr0p001,small_cnn,adamw,10,128,20000,0.001,0.9,0.0005,cuda,False,False,5,74,702,0.8337187170982361
random,2,results_adamw_lr0p001,results_adamw_lr0p001,small_cnn,adamw,10,128,20000,0.001,0.9,0.0005,cuda,False,False,5,75,703,0.28645190596580505
random,2,results_adamw_lr0p001,results_adamw_lr0p001,small_cnn,adamw,10,128,20000,0.001,0.9,0.0005,cuda,False,False,5,76,704,0.42515063285827637
random,2,results_adamw_lr0p001,results_adamw_lr0p001,small_cnn,adamw,10,128,20000,0.001,0.9,0.0005,cuda,False,False,5,77,705,-0.06754720211029053
random,2,results_adamw_lr0p001,results_adamw_lr0p001,small_cnn,adamw,10,128,20000,0.001,0.9,0.0005,cuda,False,False,5,78,706,0.02579181082546711
random,2,results_adamw_lr0p001,results_adamw_lr0p001,small_cnn,adamw,10,128,20000,0.001,0.9,0.0005,cuda,False,False,5,79,707,0.34615206718444824
random,2,results_adamw_lr0p001,results_adamw_lr0p001,small_cnn,adamw,10,128,20000,0.001,0.9,0.0005,cuda,False,False,5,80,708,-0.4453936219215393
random,2,results_adamw_lr0p001,results_adamw_lr0p001,small_cnn,adamw,10,128,20000,0.001,0.9,0.0005,cuda,False,False,5,81,709,-0.022201772779226303
random,2,results_adamw_lr0p001,results_adamw_lr0p001,small_cnn,adamw,10,128,20000,0.001,0.9,0.0005,cuda,False,False,5,82,710,0.14513103663921356
random,2,results_adamw_lr0p001,results_adamw_lr0p001,small_cnn,adamw,10,128,20000,0.001,0.9,0.0005,cuda,False,False,5,83,711,0.29684150218963623
random,2,results_adamw_lr0p001,results_adamw_lr0p001,small_cnn,adamw,10,128,20000,0.001,0.9,0.0005,cuda,False,False,5,84,712,-0.09346167743206024
random,2,results_adamw_lr0p001,results_adamw_lr0p001,small_cnn,adamw,10,128,20000,0.001,0.9,0.0005,cuda,False,False,5,85,713,0.454169362783432
random,2,results_adamw_lr0p001,results_adamw_lr0p001,small_cnn,adamw,10,128,20000,0.001,0.9,0.0005,cuda,False,False,5,86,714,0.14403694868087769
random,2,results_adamw_lr0p001,results_adamw_lr0p001,small_cnn,adamw,10,128,20000,0.001,0.9,0.0005,cuda,False,False,5,87,715,-0.14846689999103546
random,2,results_adamw_lr0p001,results_adamw_lr0p001,small_cnn,adamw,10,128,20000,0.001,0.9,0.0005,cuda,False,False,5,88,716,0.20664536952972412
random,2,results_adamw_lr0p001,results_adamw_lr0p001,small_cnn,adamw,10,128,20000,0.001,0.9,0.0005,cuda,False,False,5,89,717,0.5187708735466003
random,2,results_adamw_lr0p001,results_adamw_lr0p001,small_cnn,adamw,10,128,20000,0.001,0.9,0.0005,cuda,False,False,5,90,718,0.1063772588968277
random,2,results_adamw_lr0p001,results_adamw_lr0p001,small_cnn,adamw,10,128,20000,0.001,0.9,0.0005,cuda,False,False,5,91,719,0.3386927545070648
random,2,results_adamw_lr0p001,results_adamw_lr0p001,small_cnn,adamw,10,128,20000,0.001,0.9,0.0005,cuda,False,False,5,92,720,0.21792060136795044
random,2,results_adamw_lr0p001,results_adamw_lr0p001,small_cnn,adamw,10,128,20000,0.001,0.9,0.0005,cuda,False,False,5,93,721,0.2456989288330078
random,2,results_adamw_lr0p001,results_adamw_lr0p001,small_cnn,adamw,10,128,20000,0.001,0.9,0.0005,cuda,False,False,5,94,722,0.5928162336349487
random,2,results_adamw_lr0p001,results_adamw_lr0p001,small_cnn,adamw,10,128,20000,0.001,0.9,0.0005,cuda,False,False,5,95,723,0.6537973880767822
random,2,results_adamw_lr0p001,results_adamw_lr0p001,small_cnn,adamw,10,128,20000,0.001,0.9,0.0005,cuda,False,False,5,96,724,-0.16941247880458832
random,2,results_adamw_lr0p001,results_adamw_lr0p001,small_cnn,adamw,10,128,20000,0.001,0.9,0.0005,cuda,False,False,5,97,725,-0.22116419672966003
random,2,results_adamw_lr0p001,results_adamw_lr0p001,small_cnn,adamw,10,128,20000,0.001,0.9,0.0005,cuda,False,False,5,98,726,-0.527107834815979
random,2,results_adamw_lr0p001,results_adamw_lr0p001,small_cnn,adamw,10,128,20000,0.001,0.9,0.0005,cuda,False,False,5,99,727,0.45094382762908936
random,2,results_adamw_lr0p001,results_adamw_lr0p001,small_cnn,adamw,10,128,20000,0.001,0.9,0.0005,cuda,False,False,5,100,728,0.644537627696991
random,2,results_adamw_lr0p001,results_adamw_lr0p001,small_cnn,adamw,10,128,20000,0.001,0.9,0.0005,cuda,False,False,5,101,729,0.19976764917373657
random,2,results_adamw_lr0p001,results_adamw_lr0p001,small_cnn,adamw,10,128,20000,0.001,0.9,0.0005,cuda,False,False,5,102,730,-0.005365373566746712
random,2,results_adamw_lr0p001,results_adamw_lr0p001,small_cnn,adamw,10,128,20000,0.001,0.9,0.0005,cuda,False,False,5,103,731,0.10934658348560333
random,2,results_adamw_lr0p001,results_adamw_lr0p001,small_cnn,adamw,10,128,20000,0.001,0.9,0.0005,cuda,False,False,5,104,732,0.5923237800598145
random,2,results_adamw_lr0p001,results_adamw_lr0p001,small_cnn,adamw,10,128,20000,0.001,0.9,0.0005,cuda,False,False,5,105,733,-0.3979485034942627
random,2,results_adamw_lr0p001,results_adamw_lr0p001,small_cnn,adamw,10,128,20000,0.001,0.9,0.0005,cuda,False,False,5,106,734,-0.15325230360031128
random,2,results_adamw_lr0p001,results_adamw_lr0p001,small_cnn,adamw,10,128,20000,0.001,0.9,0.0005,cuda,False,False,5,107,735,-0.015707051381468773
random,2,results_adamw_lr0p001,results_adamw_lr0p001,small_cnn,adamw,10,128,20000,0.001,0.9,0.0005,cuda,False,False,5,108,736,0.10176096856594086
random,2,results_adamw_lr0p001,results_adamw_lr0p001,small_cnn,adamw,10,128,20000,0.001,0.9,0.0005,cuda,False,False,5,109,737,-0.11466562002897263
random,2,results_adamw_lr0p001,results_adamw_lr0p001,small_cnn,adamw,10,128,20000,0.001,0.9,0.0005,cuda,False,False,5,110,738,0.5302528738975525
random,2,results_adamw_lr0p001,results_adamw_lr0p001,small_cnn,adamw,10,128,20000,0.001,0.9,0.0005,cuda,False,False,5,111,739,0.5288987755775452
random,2,results_adamw_lr0p001,results_adamw_lr0p001,small_cnn,adamw,10,128,20000,0.001,0.9,0.0005,cuda,False,False,5,112,740,0.4344146251678467
random,2,results_adamw_lr0p001,results_adamw_lr0p001,small_cnn,adamw,10,128,20000,0.001,0.9,0.0005,cuda,False,False,5,113,741,0.01851677894592285
random,2,results_adamw_lr0p001,results_adamw_lr0p001,small_cnn,adamw,10,128,20000,0.001,0.9,0.0005,cuda,False,False,5,114,742,0.38741132616996765
random,2,results_adamw_lr0p001,results_adamw_lr0p001,small_cnn,adamw,10,128,20000,0.001,0.9,0.0005,cuda,False,False,5,115,743,-0.5542612075805664
random,2,results_adamw_lr0p001,results_adamw_lr0p001,small_cnn,adamw,10,128,20000,0.001,0.9,0.0005,cuda,False,False,5,116,744,0.34827691316604614
random,2,results_adamw_lr0p001,results_adamw_lr0p001,small_cnn,adamw,10,128,20000,0.001,0.9,0.0005,cuda,False,False,5,117,745,0.747574508190155
random,2,results_adamw_lr0p001,results_adamw_lr0p001,small_cnn,adamw,10,128,20000,0.001,0.9,0.0005,cuda,False,False,5,118,746,0.4531179368495941
random,2,results_adamw_lr0p001,results_adamw_lr0p001,small_cnn,adamw,10,128,20000,0.001,0.9,0.0005,cuda,False,False,5,119,747,0.17592951655387878
random,2,results_adamw_lr0p001,results_adamw_lr0p001,small_cnn,adamw,10,128,20000,0.001,0.9,0.0005,cuda,False,False,5,120,748,0.25910165905952454
random,2,results_adamw_lr0p001,results_adamw_lr0p001,small_cnn,adamw,10,128,20000,0.001,0.9,0.0005,cuda,False,False,5,121,749,0.46632736921310425
random,2,results_adamw_lr0p001,results_adamw_lr0p001,small_cnn,adamw,10,128,20000,0.001,0.9,0.0005,cuda,False,False,5,122,750,0.34135541319847107
random,2,results_adamw_lr0p001,results_adamw_lr0p001,small_cnn,adamw,10,128,20000,0.001,0.9,0.0005,cuda,False,False,5,123,751,0.6529303193092346
random,2,results_adamw_lr0p001,results_adamw_lr0p001,small_cnn,adamw,10,128,20000,0.001,0.9,0.0005,cuda,False,False,5,124,752,0.1689668744802475
random,2,results_adamw_lr0p001,results_adamw_lr0p001,small_cnn,adamw,10,128,20000,0.001,0.9,0.0005,cuda,False,False,5,125,753,-0.07468961179256439
random,2,results_adamw_lr0p001,results_adamw_lr0p001,small_cnn,adamw,10,128,20000,0.001,0.9,0.0005,cuda,False,False,5,126,754,0.5932983160018921
random,2,results_adamw_lr0p001,results_adamw_lr0p001,small_cnn,adamw,10,128,20000,0.001,0.9,0.0005,cuda,False,False,5,127,755,0.5597299337387085
random,2,results_adamw_lr0p001,results_adamw_lr0p001,small_cnn,adamw,10,128,20000,0.001,0.9,0.0005,cuda,False,False,5,128,756,0.2869798541069031
random,2,results_adamw_lr0p001,results_adamw_lr0p001,small_cnn,adamw,10,128,20000,0.001,0.9,0.0005,cuda,False,False,5,129,757,0.6331812739372253
random,2,results_adamw_lr0p001,results_adamw_lr0p001,small_cnn,adamw,10,128,20000,0.001,0.9,0.0005,cuda,False,False,5,130,758,0.1852676123380661
random,2,results_adamw_lr0p001,results_adamw_lr0p001,small_cnn,adamw,10,128,20000,0.001,0.9,0.0005,cuda,False,False,5,131,759,0.4116472601890564
random,2,results_adamw_lr0p001,results_adamw_lr0p001,small_cnn,adamw,10,128,20000,0.001,0.9,0.0005,cuda,False,False,5,132,760,0.25005051493644714
random,2,results_adamw_lr0p001,results_adamw_lr0p001,small_cnn,adamw,10,128,20000,0.001,0.9,0.0005,cuda,False,False,5,133,761,0.623157262802124
random,2,results_adamw_lr0p001,results_adamw_lr0p001,small_cnn,adamw,10,128,20000,0.001,0.9,0.0005,cuda,False,False,5,134,762,0.46228283643722534
random,2,results_adamw_lr0p001,results_adamw_lr0p001,small_cnn,adamw,10,128,20000,0.001,0.9,0.0005,cuda,False,False,5,135,763,0.2652120590209961
random,2,results_adamw_lr0p001,results_adamw_lr0p001,small_cnn,adamw,10,128,20000,0.001,0.9,0.0005,cuda,False,False,5,136,764,0.305458664894104
random,2,results_adamw_lr0p001,results_adamw_lr0p001,small_cnn,adamw,10,128,20000,0.001,0.9,0.0005,cuda,False,False,5,137,765,-0.08155594766139984
random,2,results_adamw_lr0p001,results_adamw_lr0p001,small_cnn,adamw,10,128,20000,0.001,0.9,0.0005,cuda,False,False,5,138,766,0.4885125458240509
random,2,results_adamw_lr0p001,results_adamw_lr0p001,small_cnn,adamw,10,128,20000,0.001,0.9,0.0005,cuda,False,False,5,139,767,-0.06411890685558319
random,2,results_adamw_lr0p001,results_adamw_lr0p001,small_cnn,adamw,10,128,20000,0.001,0.9,0.0005,cuda,False,False,5,140,768,0.15075092017650604
random,2,results_adamw_lr0p001,results_adamw_lr0p001,small_cnn,adamw,10,128,20000,0.001,0.9,0.0005,cuda,False,False,5,141,769,0.20326387882232666
random,2,results_adamw_lr0p001,results_adamw_lr0p001,small_cnn,adamw,10,128,20000,0.001,0.9,0.0005,cuda,False,False,5,142,770,0.5299817323684692
random,2,results_adamw_lr0p001,results_adamw_lr0p001,small_cnn,adamw,10,128,20000,0.001,0.9,0.0005,cuda,False,False,5,143,771,0.48746660351753235
random,2,results_adamw_lr0p001,results_adamw_lr0p001,small_cnn,adamw,10,128,20000,0.001,0.9,0.0005,cuda,False,False,5,144,772,0.24049198627471924
random,2,results_adamw_lr0p001,results_adamw_lr0p001,small_cnn,adamw,10,128,20000,0.001,0.9,0.0005,cuda,False,False,5,145,773,0.23785938322544098
random,2,results_adamw_lr0p001,results_adamw_lr0p001,small_cnn,adamw,10,128,20000,0.001,0.9,0.0005,cuda,False,False,5,146,774,0.7392430901527405
random,2,results_adamw_lr0p001,results_adamw_lr0p001,small_cnn,adamw,10,128,20000,0.001,0.9,0.0005,cuda,False,False,5,147,775,0.4812560975551605
random,2,results_adamw_lr0p001,results_adamw_lr0p001,small_cnn,adamw,10,128,20000,0.001,0.9,0.0005,cuda,False,False,5,148,776,-0.028147751465439796
random,2,results_adamw_lr0p001,results_adamw_lr0p001,small_cnn,adamw,10,128,20000,0.001,0.9,0.0005,cuda,False,False,5,149,777,0.06590468436479568
random,2,results_adamw_lr0p001,results_adamw_lr0p001,small_cnn,adamw,10,128,20000,0.001,0.9,0.0005,cuda,False,False,5,150,778,0.41435128450393677
random,2,results_adamw_lr0p001,results_adamw_lr0p001,small_cnn,adamw,10,128,20000,0.001,0.9,0.0005,cuda,False,False,5,151,779,0.7233453989028931
random,2,results_adamw_lr0p001,results_adamw_lr0p001,small_cnn,adamw,10,128,20000,0.001,0.9,0.0005,cuda,False,False,5,152,780,-0.6639670133590698
random,2,results_adamw_lr0p001,results_adamw_lr0p001,small_cnn,adamw,10,128,20000,0.001,0.9,0.0005,cuda,False,False,5,153,781,0.4618309438228607
random,2,results_adamw_lr0p001,results_adamw_lr0p001,small_cnn,adamw,10,128,20000,0.001,0.9,0.0005,cuda,False,False,5,154,782,0.5259567499160767
random,2,results_adamw_lr0p001,results_adamw_lr0p001,small_cnn,adamw,10,128,20000,0.001,0.9,0.0005,cuda,False,False,5,155,783,0.5872253179550171
random,2,results_adamw_lr0p001,results_adamw_lr0p001,small_cnn,adamw,10,128,20000,0.001,0.9,0.0005,cuda,False,False,5,156,784,0.23643918335437775
random,2,results_adamw_lr0p001,results_adamw_lr0p001,small_cnn,adamw,10,128,20000,0.001,0.9,0.0005,cuda,False,False,5,157,785,0.3252512812614441
random,2,results_adamw_lr0p001,results_adamw_lr0p001,small_cnn,adamw,10,128,20000,0.001,0.9,0.0005,cuda,False,False,6,1,786,0.6787008047103882
random,2,results_adamw_lr0p001,results_adamw_lr0p001,small_cnn,adamw,10,128,20000,0.001,0.9,0.0005,cuda,False,False,6,2,787,0.19906559586524963
random,2,results_adamw_lr0p001,results_adamw_lr0p001,small_cnn,adamw,10,128,20000,0.001,0.9,0.0005,cuda,False,False,6,3,788,0.3830013573169708
random,2,results_adamw_lr0p001,results_adamw_lr0p001,small_cnn,adamw,10,128,20000,0.001,0.9,0.0005,cuda,False,False,6,4,789,0.6257832646369934
random,2,results_adamw_lr0p001,results_adamw_lr0p001,small_cnn,adamw,10,128,20000,0.001,0.9,0.0005,cuda,False,False,6,5,790,0.5953918695449829
random,2,results_adamw_lr0p001,results_adamw_lr0p001,small_cnn,adamw,10,128,20000,0.001,0.9,0.0005,cuda,False,False,6,6,791,0.8148616552352905
random,2,results_adamw_lr0p001,results_adamw_lr0p001,small_cnn,adamw,10,128,20000,0.001,0.9,0.0005,cuda,False,False,6,7,792,0.5302029848098755
random,2,results_adamw_lr0p001,results_adamw_lr0p001,small_cnn,adamw,10,128,20000,0.001,0.9,0.0005,cuda,False,False,6,8,793,0.2131129950284958
random,2,results_adamw_lr0p001,results_adamw_lr0p001,small_cnn,adamw,10,128,20000,0.001,0.9,0.0005,cuda,False,False,6,9,794,0.7937543392181396
random,2,results_adamw_lr0p001,results_adamw_lr0p001,small_cnn,adamw,10,128,20000,0.001,0.9,0.0005,cuda,False,False,6,10,795,0.5208687782287598
random,2,results_adamw_lr0p001,results_adamw_lr0p001,small_cnn,adamw,10,128,20000,0.001,0.9,0.0005,cuda,False,False,6,11,796,0.755733847618103
random,2,results_adamw_lr0p001,results_adamw_lr0p001,small_cnn,adamw,10,128,20000,0.001,0.9,0.0005,cuda,False,False,6,12,797,0.02649078518152237
random,2,results_adamw_lr0p001,results_adamw_lr0p001,small_cnn,adamw,10,128,20000,0.001,0.9,0.0005,cuda,False,False,6,13,798,0.5372063517570496
random,2,results_adamw_lr0p001,results_adamw_lr0p001,small_cnn,adamw,10,128,20000,0.001,0.9,0.0005,cuda,False,False,6,14,799,0.6970852017402649
random,2,results_adamw_lr0p001,results_adamw_lr0p001,small_cnn,adamw,10,128,20000,0.001,0.9,0.0005,cuda,False,False,6,15,800,0.14583168923854828
random,2,results_adamw_lr0p001,results_adamw_lr0p001,small_cnn,adamw,10,128,20000,0.001,0.9,0.0005,cuda,False,False,6,16,801,0.6365667581558228
random,2,results_adamw_lr0p001,results_adamw_lr0p001,small_cnn,adamw,10,128,20000,0.001,0.9,0.0005,cuda,False,False,6,17,802,0.07166766375303268
random,2,results_adamw_lr0p001,results_adamw_lr0p001,small_cnn,adamw,10,128,20000,0.001,0.9,0.0005,cuda,False,False,6,18,803,0.06128990650177002
random,2,results_adamw_lr0p001,results_adamw_lr0p001,small_cnn,adamw,10,128,20000,0.001,0.9,0.0005,cuda,False,False,6,19,804,0.11299628019332886
random,2,results_adamw_lr0p001,results_adamw_lr0p001,small_cnn,adamw,10,128,20000,0.001,0.9,0.0005,cuda,False,False,6,20,805,0.22165925800800323
random,2,results_adamw_lr0p001,results_adamw_lr0p001,small_cnn,adamw,10,128,20000,0.001,0.9,0.0005,cuda,False,False,6,21,806,0.14656256139278412
random,2,results_adamw_lr0p001,results_adamw_lr0p001,small_cnn,adamw,10,128,20000,0.001,0.9,0.0005,cuda,False,False,6,22,807,0.48076221346855164
random,2,results_adamw_lr0p001,results_adamw_lr0p001,small_cnn,adamw,10,128,20000,0.001,0.9,0.0005,cuda,False,False,6,23,808,0.12580563127994537
random,2,results_adamw_lr0p001,results_adamw_lr0p001,small_cnn,adamw,10,128,20000,0.001,0.9,0.0005,cuda,False,False,6,24,809,0.03800196945667267
random,2,results_adamw_lr0p001,results_adamw_lr0p001,small_cnn,adamw,10,128,20000,0.001,0.9,0.0005,cuda,False,False,6,25,810,0.7750622034072876
random,2,results_adamw_lr0p001,results_adamw_lr0p001,small_cnn,adamw,10,128,20000,0.001,0.9,0.0005,cuda,False,False,6,26,811,0.806240975856781
random,2,results_adamw_lr0p001,results_adamw_lr0p001,small_cnn,adamw,10,128,20000,0.001,0.9,0.0005,cuda,False,False,6,27,812,0.11035119742155075
random,2,results_adamw_lr0p001,results_adamw_lr0p001,small_cnn,adamw,10,128,20000,0.001,0.9,0.0005,cuda,False,False,6,28,813,0.554162859916687
random,2,results_adamw_lr0p001,results_adamw_lr0p001,small_cnn,adamw,10,128,20000,0.001,0.9,0.0005,cuda,False,False,6,29,814,-0.261277973651886
random,2,results_adamw_lr0p001,results_adamw_lr0p001,small_cnn,adamw,10,128,20000,0.001,0.9,0.0005,cuda,False,False,6,30,815,0.35314473509788513
random,2,results_adamw_lr0p001,results_adamw_lr0p001,small_cnn,adamw,10,128,20000,0.001,0.9,0.0005,cuda,False,False,6,31,816,0.5937647819519043
random,2,results_adamw_lr0p001,results_adamw_lr0p001,small_cnn,adamw,10,128,20000,0.001,0.9,0.0005,cuda,False,False,6,32,817,0.6842232346534729
random,2,results_adamw_lr0p001,results_adamw_lr0p001,small_cnn,adamw,10,128,20000,0.001,0.9,0.0005,cuda,False,False,6,33,818,0.4322669506072998
random,2,results_adamw_lr0p001,results_adamw_lr0p001,small_cnn,adamw,10,128,20000,0.001,0.9,0.0005,cuda,False,False,6,34,819,-0.3466697931289673
random,2,results_adamw_lr0p001,results_adamw_lr0p001,small_cnn,adamw,10,128,20000,0.001,0.9,0.0005,cuda,False,False,6,35,820,-0.005336310248821974
random,2,results_adamw_lr0p001,results_adamw_lr0p001,small_cnn,adamw,10,128,20000,0.001,0.9,0.0005,cuda,False,False,6,36,821,0.2566281259059906
random,2,results_adamw_lr0p001,results_adamw_lr0p001,small_cnn,adamw,10,128,20000,0.001,0.9,0.0005,cuda,False,False,6,37,822,0.8181806802749634
random,2,results_adamw_lr0p001,results_adamw_lr0p001,small_cnn,adamw,10,128,20000,0.001,0.9,0.0005,cuda,False,False,6,38,823,0.20285877585411072
random,2,results_adamw_lr0p001,results_adamw_lr0p001,small_cnn,adamw,10,128,20000,0.001,0.9,0.0005,cuda,False,False,6,39,824,0.11962690949440002
random,2,results_adamw_lr0p001,results_adamw_lr0p001,small_cnn,adamw,10,128,20000,0.001,0.9,0.0005,cuda,False,False,6,40,825,-0.1497536450624466
random,2,results_adamw_lr0p001,results_adamw_lr0p001,small_cnn,adamw,10,128,20000,0.001,0.9,0.0005,cuda,False,False,6,41,826,0.3841841220855713
random,2,results_adamw_lr0p001,results_adamw_lr0p001,small_cnn,adamw,10,128,20000,0.001,0.9,0.0005,cuda,False,False,6,42,827,0.6297088265419006
random,2,results_adamw_lr0p001,results_adamw_lr0p001,small_cnn,adamw,10,128,20000,0.001,0.9,0.0005,cuda,False,False,6,43,828,0.5033769011497498
random,2,results_adamw_lr0p001,results_adamw_lr0p001,small_cnn,adamw,10,128,20000,0.001,0.9,0.0005,cuda,False,False,6,44,829,-0.12802325189113617
random,2,results_adamw_lr0p001,results_adamw_lr0p001,small_cnn,adamw,10,128,20000,0.001,0.9,0.0005,cuda,False,False,6,45,830,-0.16530713438987732
random,2,results_adamw_lr0p001,results_adamw_lr0p001,small_cnn,adamw,10,128,20000,0.001,0.9,0.0005,cuda,False,False,6,46,831,0.26432836055755615
random,2,results_adamw_lr0p001,results_adamw_lr0p001,small_cnn,adamw,10,128,20000,0.001,0.9,0.0005,cuda,False,False,6,47,832,0.5409720540046692
random,2,results_adamw_lr0p001,results_adamw_lr0p001,small_cnn,adamw,10,128,20000,0.001,0.9,0.0005,cuda,False,False,6,48,833,0.18662497401237488
random,2,results_adamw_lr0p001,results_adamw_lr0p001,small_cnn,adamw,10,128,20000,0.001,0.9,0.0005,cuda,False,False,6,49,834,0.13947659730911255
random,2,results_adamw_lr0p001,results_adamw_lr0p001,small_cnn,adamw,10,128,20000,0.001,0.9,0.0005,cuda,False,False,6,50,835,-0.12453276664018631
random,2,results_adamw_lr0p001,results_adamw_lr0p001,small_cnn,adamw,10,128,20000,0.001,0.9,0.0005,cuda,False,False,6,51,836,-0.10322887450456619
random,2,results_adamw_lr0p001,results_adamw_lr0p001,small_cnn,adamw,10,128,20000,0.001,0.9,0.0005,cuda,False,False,6,52,837,-0.2494010329246521
random,2,results_adamw_lr0p001,results_adamw_lr0p001,small_cnn,adamw,10,128,20000,0.001,0.9,0.0005,cuda,False,False,6,53,838,0.2535518407821655
random,2,results_adamw_lr0p001,results_adamw_lr0p001,small_cnn,adamw,10,128,20000,0.001,0.9,0.0005,cuda,False,False,6,54,839,0.5676232576370239
random,2,results_adamw_lr0p001,results_adamw_lr0p001,small_cnn,adamw,10,128,20000,0.001,0.9,0.0005,cuda,False,False,6,55,840,0.4878765642642975
random,2,results_adamw_lr0p001,results_adamw_lr0p001,small_cnn,adamw,10,128,20000,0.001,0.9,0.0005,cuda,False,False,6,56,841,0.1866098791360855
random,2,results_adamw_lr0p001,results_adamw_lr0p001,small_cnn,adamw,10,128,20000,0.001,0.9,0.0005,cuda,False,False,6,57,842,0.33190247416496277
random,2,results_adamw_lr0p001,results_adamw_lr0p001,small_cnn,adamw,10,128,20000,0.001,0.9,0.0005,cuda,False,False,6,58,843,0.8941874504089355
random,2,results_adamw_lr0p001,results_adamw_lr0p001,small_cnn,adamw,10,128,20000,0.001,0.9,0.0005,cuda,False,False,6,59,844,-0.42355313897132874
random,2,results_adamw_lr0p001,results_adamw_lr0p001,small_cnn,adamw,10,128,20000,0.001,0.9,0.0005,cuda,False,False,6,60,845,-0.4746970534324646
random,2,results_adamw_lr0p001,results_adamw_lr0p001,small_cnn,adamw,10,128,20000,0.001,0.9,0.0005,cuda,False,False,6,61,846,-0.5421949028968811
random,2,results_adamw_lr0p001,results_adamw_lr0p001,small_cnn,adamw,10,128,20000,0.001,0.9,0.0005,cuda,False,False,6,62,847,0.7001941204071045
random,2,results_adamw_lr0p001,results_adamw_lr0p001,small_cnn,adamw,10,128,20000,0.001,0.9,0.0005,cuda,False,False,6,63,848,-0.46250173449516296
random,2,results_adamw_lr0p001,results_adamw_lr0p001,small_cnn,adamw,10,128,20000,0.001,0.9,0.0005,cuda,False,False,6,64,849,0.6165435910224915
random,2,results_adamw_lr0p001,results_adamw_lr0p001,small_cnn,adamw,10,128,20000,0.001,0.9,0.0005,cuda,False,False,6,65,850,0.3639680743217468
random,2,results_adamw_lr0p001,results_adamw_lr0p001,small_cnn,adamw,10,128,20000,0.001,0.9,0.0005,cuda,False,False,6,66,851,-0.3631950318813324
random,2,results_adamw_lr0p001,results_adamw_lr0p001,small_cnn,adamw,10,128,20000,0.001,0.9,0.0005,cuda,False,False,6,67,852,0.12808197736740112
random,2,results_adamw_lr0p001,results_adamw_lr0p001,small_cnn,adamw,10,128,20000,0.001,0.9,0.0005,cuda,False,False,6,68,853,-0.309397429227829
random,2,results_adamw_lr0p001,results_adamw_lr0p001,small_cnn,adamw,10,128,20000,0.001,0.9,0.0005,cuda,False,False,6,69,854,0.3324829041957855
random,2,results_adamw_lr0p001,results_adamw_lr0p001,small_cnn,adamw,10,128,20000,0.001,0.9,0.0005,cuda,False,False,6,70,855,-0.37821152806282043
random,2,results_adamw_lr0p001,results_adamw_lr0p001,small_cnn,adamw,10,128,20000,0.001,0.9,0.0005,cuda,False,False,6,71,856,0.4217695891857147
random,2,results_adamw_lr0p001,results_adamw_lr0p001,small_cnn,adamw,10,128,20000,0.001,0.9,0.0005,cuda,False,False,6,72,857,0.443187415599823
random,2,results_adamw_lr0p001,results_adamw_lr0p001,small_cnn,adamw,10,128,20000,0.001,0.9,0.0005,cuda,False,False,6,73,858,-0.0065278904512524605
random,2,results_adamw_lr0p001,results_adamw_lr0p001,small_cnn,adamw,10,128,20000,0.001,0.9,0.0005,cuda,False,False,6,74,859,0.14318419992923737
random,2,results_adamw_lr0p001,results_adamw_lr0p001,small_cnn,adamw,10,128,20000,0.001,0.9,0.0005,cuda,False,False,6,75,860,0.000480099581182003
random,2,results_adamw_lr0p001,results_adamw_lr0p001,small_cnn,adamw,10,128,20000,0.001,0.9,0.0005,cuda,False,False,6,76,861,0.15835678577423096
random,2,results_adamw_lr0p001,results_adamw_lr0p001,small_cnn,adamw,10,128,20000,0.001,0.9,0.0005,cuda,False,False,6,77,862,0.08336706459522247
random,2,results_adamw_lr0p001,results_adamw_lr0p001,small_cnn,adamw,10,128,20000,0.001,0.9,0.0005,cuda,False,False,6,78,863,0.5114733576774597
random,2,results_adamw_lr0p001,results_adamw_lr0p001,small_cnn,adamw,10,128,20000,0.001,0.9,0.0005,cuda,False,False,6,79,864,0.6995647549629211
random,2,results_adamw_lr0p001,results_adamw_lr0p001,small_cnn,adamw,10,128,20000,0.001,0.9,0.0005,cuda,False,False,6,80,865,-0.14607736468315125
random,2,results_adamw_lr0p001,results_adamw_lr0p001,small_cnn,adamw,10,128,20000,0.001,0.9,0.0005,cuda,False,False,6,81,866,-0.25686177611351013
random,2,results_adamw_lr0p001,results_adamw_lr0p001,small_cnn,adamw,10,128,20000,0.001,0.9,0.0005,cuda,False,False,6,82,867,-0.36712872982025146
random,2,results_adamw_lr0p001,results_adamw_lr0p001,small_cnn,adamw,10,128,20000,0.001,0.9,0.0005,cuda,False,False,6,83,868,-0.077015221118927
random,2,results_adamw_lr0p001,results_adamw_lr0p001,small_cnn,adamw,10,128,20000,0.001,0.9,0.0005,cuda,False,False,6,84,869,-0.19904355704784393
random,2,results_adamw_lr0p001,results_adamw_lr0p001,small_cnn,adamw,10,128,20000,0.001,0.9,0.0005,cuda,False,False,6,85,870,-0.024578122422099113
random,2,results_adamw_lr0p001,results_adamw_lr0p001,small_cnn,adamw,10,128,20000,0.001,0.9,0.0005,cuda,False,False,6,86,871,-0.15017732977867126
random,2,results_adamw_lr0p001,results_adamw_lr0p001,small_cnn,adamw,10,128,20000,0.001,0.9,0.0005,cuda,False,False,6,87,872,0.2999286949634552
random,2,results_adamw_lr0p001,results_adamw_lr0p001,small_cnn,adamw,10,128,20000,0.001,0.9,0.0005,cuda,False,False,6,88,873,0.6035205721855164
random,2,results_adamw_lr0p001,results_adamw_lr0p001,small_cnn,adamw,10,128,20000,0.001,0.9,0.0005,cuda,False,False,6,89,874,0.6317424774169922
random,2,results_adamw_lr0p001,results_adamw_lr0p001,small_cnn,adamw,10,128,20000,0.001,0.9,0.0005,cuda,False,False,6,90,875,-0.4548495411872864
random,2,results_adamw_lr0p001,results_adamw_lr0p001,small_cnn,adamw,10,128,20000,0.001,0.9,0.0005,cuda,False,False,6,91,876,0.4535742998123169
random,2,results_adamw_lr0p001,results_adamw_lr0p001,small_cnn,adamw,10,128,20000,0.001,0.9,0.0005,cuda,False,False,6,92,877,0.4671725630760193
random,2,results_adamw_lr0p001,results_adamw_lr0p001,small_cnn,adamw,10,128,20000,0.001,0.9,0.0005,cuda,False,False,6,93,878,-0.6067984104156494
random,2,results_adamw_lr0p001,results_adamw_lr0p001,small_cnn,adamw,10,128,20000,0.001,0.9,0.0005,cuda,False,False,6,94,879,0.05387042462825775
random,2,results_adamw_lr0p001,results_adamw_lr0p001,small_cnn,adamw,10,128,20000,0.001,0.9,0.0005,cuda,False,False,6,95,880,0.39221033453941345
random,2,results_adamw_lr0p001,results_adamw_lr0p001,small_cnn,adamw,10,128,20000,0.001,0.9,0.0005,cuda,False,False,6,96,881,0.022634096443653107
random,2,results_adamw_lr0p001,results_adamw_lr0p001,small_cnn,adamw,10,128,20000,0.001,0.9,0.0005,cuda,False,False,6,97,882,0.11223136633634567
random,2,results_adamw_lr0p001,results_adamw_lr0p001,small_cnn,adamw,10,128,20000,0.001,0.9,0.0005,cuda,False,False,6,98,883,-0.4619789123535156
random,2,results_adamw_lr0p001,results_adamw_lr0p001,small_cnn,adamw,10,128,20000,0.001,0.9,0.0005,cuda,False,False,6,99,884,0.24708352982997894
random,2,results_adamw_lr0p001,results_adamw_lr0p001,small_cnn,adamw,10,128,20000,0.001,0.9,0.0005,cuda,False,False,6,100,885,-0.3225191831588745
random,2,results_adamw_lr0p001,results_adamw_lr0p001,small_cnn,adamw,10,128,20000,0.001,0.9,0.0005,cuda,False,False,6,101,886,-0.12006378918886185
random,2,results_adamw_lr0p001,results_adamw_lr0p001,small_cnn,adamw,10,128,20000,0.001,0.9,0.0005,cuda,False,False,6,102,887,0.5835314989089966
random,2,results_adamw_lr0p001,results_adamw_lr0p001,small_cnn,adamw,10,128,20000,0.001,0.9,0.0005,cuda,False,False,6,103,888,0.7125179171562195
random,2,results_adamw_lr0p001,results_adamw_lr0p001,small_cnn,adamw,10,128,20000,0.001,0.9,0.0005,cuda,False,False,6,104,889,-0.1225440725684166
random,2,results_adamw_lr0p001,results_adamw_lr0p001,small_cnn,adamw,10,128,20000,0.001,0.9,0.0005,cuda,False,False,6,105,890,0.3544800877571106
random,2,results_adamw_lr0p001,results_adamw_lr0p001,small_cnn,adamw,10,128,20000,0.001,0.9,0.0005,cuda,False,False,6,106,891,-0.12859433889389038
random,2,results_adamw_lr0p001,results_adamw_lr0p001,small_cnn,adamw,10,128,20000,0.001,0.9,0.0005,cuda,False,False,6,107,892,0.6045160889625549
random,2,results_adamw_lr0p001,results_adamw_lr0p001,small_cnn,adamw,10,128,20000,0.001,0.9,0.0005,cuda,False,False,6,108,893,0.3209838569164276
random,2,results_adamw_lr0p001,results_adamw_lr0p001,small_cnn,adamw,10,128,20000,0.001,0.9,0.0005,cuda,False,False,6,109,894,-0.2840488851070404
random,2,results_adamw_lr0p001,results_adamw_lr0p001,small_cnn,adamw,10,128,20000,0.001,0.9,0.0005,cuda,False,False,6,110,895,0.06785094738006592
random,2,results_adamw_lr0p001,results_adamw_lr0p001,small_cnn,adamw,10,128,20000,0.001,0.9,0.0005,cuda,False,False,6,111,896,-0.025986485183238983
random,2,results_adamw_lr0p001,results_adamw_lr0p001,small_cnn,adamw,10,128,20000,0.001,0.9,0.0005,cuda,False,False,6,112,897,0.3695475161075592
random,2,results_adamw_lr0p001,results_adamw_lr0p001,small_cnn,adamw,10,128,20000,0.001,0.9,0.0005,cuda,False,False,6,113,898,0.329922616481781
random,2,results_adamw_lr0p001,results_adamw_lr0p001,small_cnn,adamw,10,128,20000,0.001,0.9,0.0005,cuda,False,False,6,114,899,0.37844014167785645
random,2,results_adamw_lr0p001,results_adamw_lr0p001,small_cnn,adamw,10,128,20000,0.001,0.9,0.0005,cuda,False,False,6,115,900,0.11969996243715286
random,2,results_adamw_lr0p001,results_adamw_lr0p001,small_cnn,adamw,10,128,20000,0.001,0.9,0.0005,cuda,False,False,6,116,901,0.06593184173107147
random,2,results_adamw_lr0p001,results_adamw_lr0p001,small_cnn,adamw,10,128,20000,0.001,0.9,0.0005,cuda,False,False,6,117,902,0.44178473949432373
random,2,results_adamw_lr0p001,results_adamw_lr0p001,small_cnn,adamw,10,128,20000,0.001,0.9,0.0005,cuda,False,False,6,118,903,0.5633790493011475
random,2,results_adamw_lr0p001,results_adamw_lr0p001,small_cnn,adamw,10,128,20000,0.001,0.9,0.0005,cuda,False,False,6,119,904,-0.42045629024505615
random,2,results_adamw_lr0p001,results_adamw_lr0p001,small_cnn,adamw,10,128,20000,0.001,0.9,0.0005,cuda,False,False,6,120,905,-0.15551920235157013
random,2,results_adamw_lr0p001,results_adamw_lr0p001,small_cnn,adamw,10,128,20000,0.001,0.9,0.0005,cuda,False,False,6,121,906,-0.32148218154907227
random,2,results_adamw_lr0p001,results_adamw_lr0p001,small_cnn,adamw,10,128,20000,0.001,0.9,0.0005,cuda,False,False,6,122,907,-0.32208165526390076
random,2,results_adamw_lr0p001,results_adamw_lr0p001,small_cnn,adamw,10,128,20000,0.001,0.9,0.0005,cuda,False,False,6,123,908,-0.31293734908103943
random,2,results_adamw_lr0p001,results_adamw_lr0p001,small_cnn,adamw,10,128,20000,0.001,0.9,0.0005,cuda,False,False,6,124,909,0.8226213455200195
random,2,results_adamw_lr0p001,results_adamw_lr0p001,small_cnn,adamw,10,128,20000,0.001,0.9,0.0005,cuda,False,False,6,125,910,0.23231902718544006
random,2,results_adamw_lr0p001,results_adamw_lr0p001,small_cnn,adamw,10,128,20000,0.001,0.9,0.0005,cuda,False,False,6,126,911,0.6537394523620605
random,2,results_adamw_lr0p001,results_adamw_lr0p001,small_cnn,adamw,10,128,20000,0.001,0.9,0.0005,cuda,False,False,6,127,912,-0.545447051525116
random,2,results_adamw_lr0p001,results_adamw_lr0p001,small_cnn,adamw,10,128,20000,0.001,0.9,0.0005,cuda,False,False,6,128,913,0.23740006983280182
random,2,results_adamw_lr0p001,results_adamw_lr0p001,small_cnn,adamw,10,128,20000,0.001,0.9,0.0005,cuda,False,False,6,129,914,0.8102156519889832
random,2,results_adamw_lr0p001,results_adamw_lr0p001,small_cnn,adamw,10,128,20000,0.001,0.9,0.0005,cuda,False,False,6,130,915,0.7033873796463013
random,2,results_adamw_lr0p001,results_adamw_lr0p001,small_cnn,adamw,10,128,20000,0.001,0.9,0.0005,cuda,False,False,6,131,916,0.24989698827266693
random,2,results_adamw_lr0p001,results_adamw_lr0p001,small_cnn,adamw,10,128,20000,0.001,0.9,0.0005,cuda,False,False,6,132,917,-0.7004708051681519
random,2,results_adamw_lr0p001,results_adamw_lr0p001,small_cnn,adamw,10,128,20000,0.001,0.9,0.0005,cuda,False,False,6,133,918,0.6996827125549316
random,2,results_adamw_lr0p001,results_adamw_lr0p001,small_cnn,adamw,10,128,20000,0.001,0.9,0.0005,cuda,False,False,6,134,919,0.7453996539115906
random,2,results_adamw_lr0p001,results_adamw_lr0p001,small_cnn,adamw,10,128,20000,0.001,0.9,0.0005,cuda,False,False,6,135,920,0.546928882598877
random,2,results_adamw_lr0p001,results_adamw_lr0p001,small_cnn,adamw,10,128,20000,0.001,0.9,0.0005,cuda,False,False,6,136,921,-0.0927182212471962
random,2,results_adamw_lr0p001,results_adamw_lr0p001,small_cnn,adamw,10,128,20000,0.001,0.9,0.0005,cuda,False,False,6,137,922,0.3452102243900299
random,2,results_adamw_lr0p001,results_adamw_lr0p001,small_cnn,adamw,10,128,20000,0.001,0.9,0.0005,cuda,False,False,6,138,923,0.5666999220848083
random,2,results_adamw_lr0p001,results_adamw_lr0p001,small_cnn,adamw,10,128,20000,0.001,0.9,0.0005,cuda,False,False,6,139,924,-0.0066067492589354515
random,2,results_adamw_lr0p001,results_adamw_lr0p001,small_cnn,adamw,10,128,20000,0.001,0.9,0.0005,cuda,False,False,6,140,925,0.6675106287002563
random,2,results_adamw_lr0p001,results_adamw_lr0p001,small_cnn,adamw,10,128,20000,0.001,0.9,0.0005,cuda,False,False,6,141,926,0.6638667583465576
random,2,results_adamw_lr0p001,results_adamw_lr0p001,small_cnn,adamw,10,128,20000,0.001,0.9,0.0005,cuda,False,False,6,142,927,0.7050260901451111
random,2,results_adamw_lr0p001,results_adamw_lr0p001,small_cnn,adamw,10,128,20000,0.001,0.9,0.0005,cuda,False,False,6,143,928,0.1592612862586975
random,2,results_adamw_lr0p001,results_adamw_lr0p001,small_cnn,adamw,10,128,20000,0.001,0.9,0.0005,cuda,False,False,6,144,929,-0.11282498389482498
random,2,results_adamw_lr0p001,results_adamw_lr0p001,small_cnn,adamw,10,128,20000,0.001,0.9,0.0005,cuda,False,False,6,145,930,0.6093552112579346
random,2,results_adamw_lr0p001,results_adamw_lr0p001,small_cnn,adamw,10,128,20000,0.001,0.9,0.0005,cuda,False,False,6,146,931,0.5255659818649292
random,2,results_adamw_lr0p001,results_adamw_lr0p001,small_cnn,adamw,10,128,20000,0.001,0.9,0.0005,cuda,False,False,6,147,932,0.3734016418457031
random,2,results_adamw_lr0p001,results_adamw_lr0p001,small_cnn,adamw,10,128,20000,0.001,0.9,0.0005,cuda,False,False,6,148,933,0.07589419186115265
random,2,results_adamw_lr0p001,results_adamw_lr0p001,small_cnn,adamw,10,128,20000,0.001,0.9,0.0005,cuda,False,False,6,149,934,0.11637277901172638
random,2,results_adamw_lr0p001,results_adamw_lr0p001,small_cnn,adamw,10,128,20000,0.001,0.9,0.0005,cuda,False,False,6,150,935,0.28501391410827637
random,2,results_adamw_lr0p001,results_adamw_lr0p001,small_cnn,adamw,10,128,20000,0.001,0.9,0.0005,cuda,False,False,6,151,936,0.11346159130334854
random,2,results_adamw_lr0p001,results_adamw_lr0p001,small_cnn,adamw,10,128,20000,0.001,0.9,0.0005,cuda,False,False,6,152,937,-0.5024323463439941
random,2,results_adamw_lr0p001,results_adamw_lr0p001,small_cnn,adamw,10,128,20000,0.001,0.9,0.0005,cuda,False,False,6,153,938,0.3400528132915497
random,2,results_adamw_lr0p001,results_adamw_lr0p001,small_cnn,adamw,10,128,20000,0.001,0.9,0.0005,cuda,False,False,6,154,939,0.4299873411655426
random,2,results_adamw_lr0p001,results_adamw_lr0p001,small_cnn,adamw,10,128,20000,0.001,0.9,0.0005,cuda,False,False,6,155,940,0.6043882966041565
random,2,results_adamw_lr0p001,results_adamw_lr0p001,small_cnn,adamw,10,128,20000,0.001,0.9,0.0005,cuda,False,False,6,156,941,0.5451871156692505
random,2,results_adamw_lr0p001,results_adamw_lr0p001,small_cnn,adamw,10,128,20000,0.001,0.9,0.0005,cuda,False,False,6,157,942,0.4814247190952301
random,2,results_adamw_lr0p001,results_adamw_lr0p001,small_cnn,adamw,10,128,20000,0.001,0.9,0.0005,cuda,False,False,7,1,943,-0.1065567210316658
random,2,results_adamw_lr0p001,results_adamw_lr0p001,small_cnn,adamw,10,128,20000,0.001,0.9,0.0005,cuda,False,False,7,2,944,0.7211299538612366
random,2,results_adamw_lr0p001,results_adamw_lr0p001,small_cnn,adamw,10,128,20000,0.001,0.9,0.0005,cuda,False,False,7,3,945,0.702803373336792
random,2,results_adamw_lr0p001,results_adamw_lr0p001,small_cnn,adamw,10,128,20000,0.001,0.9,0.0005,cuda,False,False,7,4,946,0.9042746424674988
random,2,results_adamw_lr0p001,results_adamw_lr0p001,small_cnn,adamw,10,128,20000,0.001,0.9,0.0005,cuda,False,False,7,5,947,0.7642192244529724
random,2,results_adamw_lr0p001,results_adamw_lr0p001,small_cnn,adamw,10,128,20000,0.001,0.9,0.0005,cuda,False,False,7,6,948,0.5778765082359314
random,2,results_adamw_lr0p001,results_adamw_lr0p001,small_cnn,adamw,10,128,20000,0.001,0.9,0.0005,cuda,False,False,7,7,949,-0.45313718914985657
random,2,results_adamw_lr0p001,results_adamw_lr0p001,small_cnn,adamw,10,128,20000,0.001,0.9,0.0005,cuda,False,False,7,8,950,0.5695880651473999
random,2,results_adamw_lr0p001,results_adamw_lr0p001,small_cnn,adamw,10,128,20000,0.001,0.9,0.0005,cuda,False,False,7,9,951,0.7578477263450623
random,2,results_adamw_lr0p001,results_adamw_lr0p001,small_cnn,adamw,10,128,20000,0.001,0.9,0.0005,cuda,False,False,7,10,952,0.7635058164596558
random,2,results_adamw_lr0p001,results_adamw_lr0p001,small_cnn,adamw,10,128,20000,0.001,0.9,0.0005,cuda,False,False,7,11,953,-0.40964555740356445
random,2,results_adamw_lr0p001,results_adamw_lr0p001,small_cnn,adamw,10,128,20000,0.001,0.9,0.0005,cuda,False,False,7,12,954,0.1788046807050705
random,2,results_adamw_lr0p001,results_adamw_lr0p001,small_cnn,adamw,10,128,20000,0.001,0.9,0.0005,cuda,False,False,7,13,955,0.19764168560504913
random,2,results_adamw_lr0p001,results_adamw_lr0p001,small_cnn,adamw,10,128,20000,0.001,0.9,0.0005,cuda,False,False,7,14,956,0.37564751505851746
random,2,results_adamw_lr0p001,results_adamw_lr0p001,small_cnn,adamw,10,128,20000,0.001,0.9,0.0005,cuda,False,False,7,15,957,0.5381861329078674
random,2,results_adamw_lr0p001,results_adamw_lr0p001,small_cnn,adamw,10,128,20000,0.001,0.9,0.0005,cuda,False,False,7,16,958,0.006704304367303848
random,2,results_adamw_lr0p001,results_adamw_lr0p001,small_cnn,adamw,10,128,20000,0.001,0.9,0.0005,cuda,False,False,7,17,959,0.01696508564054966
random,2,results_adamw_lr0p001,results_adamw_lr0p001,small_cnn,adamw,10,128,20000,0.001,0.9,0.0005,cuda,False,False,7,18,960,0.16009525954723358
random,2,results_adamw_lr0p001,results_adamw_lr0p001,small_cnn,adamw,10,128,20000,0.001,0.9,0.0005,cuda,False,False,7,19,961,0.1562637984752655
random,2,results_adamw_lr0p001,results_adamw_lr0p001,small_cnn,adamw,10,128,20000,0.001,0.9,0.0005,cuda,False,False,7,20,962,-0.054663725197315216
random,2,results_adamw_lr0p001,results_adamw_lr0p001,small_cnn,adamw,10,128,20000,0.001,0.9,0.0005,cuda,False,False,7,21,963,-0.0843779668211937
random,2,results_adamw_lr0p001,results_adamw_lr0p001,small_cnn,adamw,10,128,20000,0.001,0.9,0.0005,cuda,False,False,7,22,964,0.7233791351318359
random,2,results_adamw_lr0p001,results_adamw_lr0p001,small_cnn,adamw,10,128,20000,0.001,0.9,0.0005,cuda,False,False,7,23,965,0.08011763542890549
random,2,results_adamw_lr0p001,results_adamw_lr0p001,small_cnn,adamw,10,128,20000,0.001,0.9,0.0005,cuda,False,False,7,24,966,0.22276712954044342
random,2,results_adamw_lr0p001,results_adamw_lr0p001,small_cnn,adamw,10,128,20000,0.001,0.9,0.0005,cuda,False,False,7,25,967,0.47564226388931274
random,2,results_adamw_lr0p001,results_adamw_lr0p001,small_cnn,adamw,10,128,20000,0.001,0.9,0.0005,cuda,False,False,7,26,968,-0.05394448712468147
random,2,results_adamw_lr0p001,results_adamw_lr0p001,small_cnn,adamw,10,128,20000,0.001,0.9,0.0005,cuda,False,False,7,27,969,0.03547601401805878
random,2,results_adamw_lr0p001,results_adamw_lr0p001,small_cnn,adamw,10,128,20000,0.001,0.9,0.0005,cuda,False,False,7,28,970,-0.7311304807662964
random,2,results_adamw_lr0p001,results_adamw_lr0p001,small_cnn,adamw,10,128,20000,0.001,0.9,0.0005,cuda,False,False,7,29,971,-0.6375191807746887
random,2,results_adamw_lr0p001,results_adamw_lr0p001,small_cnn,adamw,10,128,20000,0.001,0.9,0.0005,cuda,False,False,7,30,972,0.5503509640693665
random,2,results_adamw_lr0p001,results_adamw_lr0p001,small_cnn,adamw,10,128,20000,0.001,0.9,0.0005,cuda,False,False,7,31,973,-0.5104802846908569
random,2,results_adamw_lr0p001,results_adamw_lr0p001,small_cnn,adamw,10,128,20000,0.001,0.9,0.0005,cuda,False,False,7,32,974,-0.06344480067491531
random,2,results_adamw_lr0p001,results_adamw_lr0p001,small_cnn,adamw,10,128,20000,0.001,0.9,0.0005,cuda,False,False,7,33,975,-0.13169002532958984
random,2,results_adamw_lr0p001,results_adamw_lr0p001,small_cnn,adamw,10,128,20000,0.001,0.9,0.0005,cuda,False,False,7,34,976,0.11074194312095642
random,2,results_adamw_lr0p001,results_adamw_lr0p001,small_cnn,adamw,10,128,20000,0.001,0.9,0.0005,cuda,False,False,7,35,977,0.38338300585746765
random,2,results_adamw_lr0p001,results_adamw_lr0p001,small_cnn,adamw,10,128,20000,0.001,0.9,0.0005,cuda,False,False,7,36,978,0.6673999428749084
random,2,results_adamw_lr0p001,results_adamw_lr0p001,small_cnn,adamw,10,128,20000,0.001,0.9,0.0005,cuda,False,False,7,37,979,0.4182596802711487
random,2,results_adamw_lr0p001,results_adamw_lr0p001,small_cnn,adamw,10,128,20000,0.001,0.9,0.0005,cuda,False,False,7,38,980,0.3360637128353119
random,2,results_adamw_lr0p001,results_adamw_lr0p001,small_cnn,adamw,10,128,20000,0.001,0.9,0.0005,cuda,False,False,7,39,981,0.014913711696863174
random,2,results_adamw_lr0p001,results_adamw_lr0p001,small_cnn,adamw,10,128,20000,0.001,0.9,0.0005,cuda,False,False,7,40,982,-0.36601153016090393
random,2,results_adamw_lr0p001,results_adamw_lr0p001,small_cnn,adamw,10,128,20000,0.001,0.9,0.0005,cuda,False,False,7,41,983,0.4984532594680786
random,2,results_adamw_lr0p001,results_adamw_lr0p001,small_cnn,adamw,10,128,20000,0.001,0.9,0.0005,cuda,False,False,7,42,984,0.07021195441484451
random,2,results_adamw_lr0p001,results_adamw_lr0p001,small_cnn,adamw,10,128,20000,0.001,0.9,0.0005,cuda,False,False,7,43,985,0.6120495200157166
random,2,results_adamw_lr0p001,results_adamw_lr0p001,small_cnn,adamw,10,128,20000,0.001,0.9,0.0005,cuda,False,False,7,44,986,-0.2672710716724396
random,2,results_adamw_lr0p001,results_adamw_lr0p001,small_cnn,adamw,10,128,20000,0.001,0.9,0.0005,cuda,False,False,7,45,987,0.6327521800994873
random,2,results_adamw_lr0p001,results_adamw_lr0p001,small_cnn,adamw,10,128,20000,0.001,0.9,0.0005,cuda,False,False,7,46,988,0.44601836800575256
random,2,results_adamw_lr0p001,results_adamw_lr0p001,small_cnn,adamw,10,128,20000,0.001,0.9,0.0005,cuda,False,False,7,47,989,0.2898482084274292
random,2,results_adamw_lr0p001,results_adamw_lr0p001,small_cnn,adamw,10,128,20000,0.001,0.9,0.0005,cuda,False,False,7,48,990,0.7323365211486816
random,2,results_adamw_lr0p001,results_adamw_lr0p001,small_cnn,adamw,10,128,20000,0.001,0.9,0.0005,cuda,False,False,7,49,991,0.22273162007331848
random,2,results_adamw_lr0p001,results_adamw_lr0p001,small_cnn,adamw,10,128,20000,0.001,0.9,0.0005,cuda,False,False,7,50,992,-0.2865937054157257
random,2,results_adamw_lr0p001,results_adamw_lr0p001,small_cnn,adamw,10,128,20000,0.001,0.9,0.0005,cuda,False,False,7,51,993,-0.4909868836402893
random,2,results_adamw_lr0p001,results_adamw_lr0p001,small_cnn,adamw,10,128,20000,0.001,0.9,0.0005,cuda,False,False,7,52,994,-0.4011901021003723
random,2,results_adamw_lr0p001,results_adamw_lr0p001,small_cnn,adamw,10,128,20000,0.001,0.9,0.0005,cuda,False,False,7,53,995,0.24896901845932007
random,2,results_adamw_lr0p001,results_adamw_lr0p001,small_cnn,adamw,10,128,20000,0.001,0.9,0.0005,cuda,False,False,7,54,996,0.3484272360801697
random,2,results_adamw_lr0p001,results_adamw_lr0p001,small_cnn,adamw,10,128,20000,0.001,0.9,0.0005,cuda,False,False,7,55,997,0.800451397895813
random,2,results_adamw_lr0p001,results_adamw_lr0p001,small_cnn,adamw,10,128,20000,0.001,0.9,0.0005,cuda,False,False,7,56,998,0.34203463792800903
random,2,results_adamw_lr0p001,results_adamw_lr0p001,small_cnn,adamw,10,128,20000,0.001,0.9,0.0005,cuda,False,False,7,57,999,0.24907556176185608
random,2,results_adamw_lr0p001,results_adamw_lr0p001,small_cnn,adamw,10,128,20000,0.001,0.9,0.0005,cuda,False,False,7,58,1000,0.2170175164937973
random,2,results_adamw_lr0p001,results_adamw_lr0p001,small_cnn,adamw,10,128,20000,0.001,0.9,0.0005,cuda,False,False,7,59,1001,0.6906747221946716
random,2,results_adamw_lr0p001,results_adamw_lr0p001,small_cnn,adamw,10,128,20000,0.001,0.9,0.0005,cuda,False,False,7,60,1002,0.3476603627204895
random,2,results_adamw_lr0p001,results_adamw_lr0p001,small_cnn,adamw,10,128,20000,0.001,0.9,0.0005,cuda,False,False,7,61,1003,0.43190696835517883
random,2,results_adamw_lr0p001,results_adamw_lr0p001,small_cnn,adamw,10,128,20000,0.001,0.9,0.0005,cuda,False,False,7,62,1004,-0.1039540246129036
random,2,results_adamw_lr0p001,results_adamw_lr0p001,small_cnn,adamw,10,128,20000,0.001,0.9,0.0005,cuda,False,False,7,63,1005,0.5185000896453857
random,2,results_adamw_lr0p001,results_adamw_lr0p001,small_cnn,adamw,10,128,20000,0.001,0.9,0.0005,cuda,False,False,7,64,1006,-0.053478993475437164
random,2,results_adamw_lr0p001,results_adamw_lr0p001,small_cnn,adamw,10,128,20000,0.001,0.9,0.0005,cuda,False,False,7,65,1007,0.32309845089912415
random,2,results_adamw_lr0p001,results_adamw_lr0p001,small_cnn,adamw,10,128,20000,0.001,0.9,0.0005,cuda,False,False,7,66,1008,0.5653712153434753
random,2,results_adamw_lr0p001,results_adamw_lr0p001,small_cnn,adamw,10,128,20000,0.001,0.9,0.0005,cuda,False,False,7,67,1009,-0.025657562538981438
random,2,results_adamw_lr0p001,results_adamw_lr0p001,small_cnn,adamw,10,128,20000,0.001,0.9,0.0005,cuda,False,False,7,68,1010,-0.20262108743190765
random,2,results_adamw_lr0p001,results_adamw_lr0p001,small_cnn,adamw,10,128,20000,0.001,0.9,0.0005,cuda,False,False,7,69,1011,0.29202091693878174
random,2,results_adamw_lr0p001,results_adamw_lr0p001,small_cnn,adamw,10,128,20000,0.001,0.9,0.0005,cuda,False,False,7,70,1012,0.37950268387794495
random,2,results_adamw_lr0p001,results_adamw_lr0p001,small_cnn,adamw,10,128,20000,0.001,0.9,0.0005,cuda,False,False,7,71,1013,-0.1725698858499527
random,2,results_adamw_lr0p001,results_adamw_lr0p001,small_cnn,adamw,10,128,20000,0.001,0.9,0.0005,cuda,False,False,7,72,1014,0.3191763758659363
random,2,results_adamw_lr0p001,results_adamw_lr0p001,small_cnn,adamw,10,128,20000,0.001,0.9,0.0005,cuda,False,False,7,73,1015,-0.34564635157585144
random,2,results_adamw_lr0p001,results_adamw_lr0p001,small_cnn,adamw,10,128,20000,0.001,0.9,0.0005,cuda,False,False,7,74,1016,-0.11727654933929443
random,2,results_adamw_lr0p001,results_adamw_lr0p001,small_cnn,adamw,10,128,20000,0.001,0.9,0.0005,cuda,False,False,7,75,1017,-0.4001452326774597
random,2,results_adamw_lr0p001,results_adamw_lr0p001,small_cnn,adamw,10,128,20000,0.001,0.9,0.0005,cuda,False,False,7,76,1018,0.503348708152771
random,2,results_adamw_lr0p001,results_adamw_lr0p001,small_cnn,adamw,10,128,20000,0.001,0.9,0.0005,cuda,False,False,7,77,1019,0.6064179539680481
random,2,results_adamw_lr0p001,results_adamw_lr0p001,small_cnn,adamw,10,128,20000,0.001,0.9,0.0005,cuda,False,False,7,78,1020,0.23077146708965302
random,2,results_adamw_lr0p001,results_adamw_lr0p001,small_cnn,adamw,10,128,20000,0.001,0.9,0.0005,cuda,False,False,7,79,1021,0.6005568504333496
random,2,results_adamw_lr0p001,results_adamw_lr0p001,small_cnn,adamw,10,128,20000,0.001,0.9,0.0005,cuda,False,False,7,80,1022,0.5995896458625793
random,2,results_adamw_lr0p001,results_adamw_lr0p001,small_cnn,adamw,10,128,20000,0.001,0.9,0.0005,cuda,False,False,7,81,1023,0.7654737234115601
random,2,results_adamw_lr0p001,results_adamw_lr0p001,small_cnn,adamw,10,128,20000,0.001,0.9,0.0005,cuda,False,False,7,82,1024,-0.0036809751763939857
random,2,results_adamw_lr0p001,results_adamw_lr0p001,small_cnn,adamw,10,128,20000,0.001,0.9,0.0005,cuda,False,False,7,83,1025,0.4235231578350067
random,2,results_adamw_lr0p001,results_adamw_lr0p001,small_cnn,adamw,10,128,20000,0.001,0.9,0.0005,cuda,False,False,7,84,1026,0.5292245745658875
random,2,results_adamw_lr0p001,results_adamw_lr0p001,small_cnn,adamw,10,128,20000,0.001,0.9,0.0005,cuda,False,False,7,85,1027,0.0032320134341716766
random,2,results_adamw_lr0p001,results_adamw_lr0p001,small_cnn,adamw,10,128,20000,0.001,0.9,0.0005,cuda,False,False,7,86,1028,0.034706465899944305
random,2,results_adamw_lr0p001,results_adamw_lr0p001,small_cnn,adamw,10,128,20000,0.001,0.9,0.0005,cuda,False,False,7,87,1029,0.2938487231731415
random,2,results_adamw_lr0p001,results_adamw_lr0p001,small_cnn,adamw,10,128,20000,0.001,0.9,0.0005,cuda,False,False,7,88,1030,0.04789959266781807
random,2,results_adamw_lr0p001,results_adamw_lr0p001,small_cnn,adamw,10,128,20000,0.001,0.9,0.0005,cuda,False,False,7,89,1031,0.4253676235675812
random,2,results_adamw_lr0p001,results_adamw_lr0p001,small_cnn,adamw,10,128,20000,0.001,0.9,0.0005,cuda,False,False,7,90,1032,0.5877927541732788
random,2,results_adamw_lr0p001,results_adamw_lr0p001,small_cnn,adamw,10,128,20000,0.001,0.9,0.0005,cuda,False,False,7,91,1033,-0.36826416850090027
random,2,results_adamw_lr0p001,results_adamw_lr0p001,small_cnn,adamw,10,128,20000,0.001,0.9,0.0005,cuda,False,False,7,92,1034,0.4606911540031433
random,2,results_adamw_lr0p001,results_adamw_lr0p001,small_cnn,adamw,10,128,20000,0.001,0.9,0.0005,cuda,False,False,7,93,1035,0.7692548036575317
random,2,results_adamw_lr0p001,results_adamw_lr0p001,small_cnn,adamw,10,128,20000,0.001,0.9,0.0005,cuda,False,False,7,94,1036,0.29752030968666077
random,2,results_adamw_lr0p001,results_adamw_lr0p001,small_cnn,adamw,10,128,20000,0.001,0.9,0.0005,cuda,False,False,7,95,1037,0.44479289650917053
random,2,results_adamw_lr0p001,results_adamw_lr0p001,small_cnn,adamw,10,128,20000,0.001,0.9,0.0005,cuda,False,False,7,96,1038,0.17752866446971893
random,2,results_adamw_lr0p001,results_adamw_lr0p001,small_cnn,adamw,10,128,20000,0.001,0.9,0.0005,cuda,False,False,7,97,1039,0.29886898398399353
random,2,results_adamw_lr0p001,results_adamw_lr0p001,small_cnn,adamw,10,128,20000,0.001,0.9,0.0005,cuda,False,False,7,98,1040,0.15597189962863922
random,2,results_adamw_lr0p001,results_adamw_lr0p001,small_cnn,adamw,10,128,20000,0.001,0.9,0.0005,cuda,False,False,7,99,1041,0.341887891292572
random,2,results_adamw_lr0p001,results_adamw_lr0p001,small_cnn,adamw,10,128,20000,0.001,0.9,0.0005,cuda,False,False,7,100,1042,0.8238556385040283
random,2,results_adamw_lr0p001,results_adamw_lr0p001,small_cnn,adamw,10,128,20000,0.001,0.9,0.0005,cuda,False,False,7,101,1043,0.31715506315231323
random,2,results_adamw_lr0p001,results_adamw_lr0p001,small_cnn,adamw,10,128,20000,0.001,0.9,0.0005,cuda,False,False,7,102,1044,0.4875163435935974
random,2,results_adamw_lr0p001,results_adamw_lr0p001,small_cnn,adamw,10,128,20000,0.001,0.9,0.0005,cuda,False,False,7,103,1045,0.8234876394271851
random,2,results_adamw_lr0p001,results_adamw_lr0p001,small_cnn,adamw,10,128,20000,0.001,0.9,0.0005,cuda,False,False,7,104,1046,0.6311674118041992
random,2,results_adamw_lr0p001,results_adamw_lr0p001,small_cnn,adamw,10,128,20000,0.001,0.9,0.0005,cuda,False,False,7,105,1047,0.31821757555007935
random,2,results_adamw_lr0p001,results_adamw_lr0p001,small_cnn,adamw,10,128,20000,0.001,0.9,0.0005,cuda,False,False,7,106,1048,0.4027217924594879
random,2,results_adamw_lr0p001,results_adamw_lr0p001,small_cnn,adamw,10,128,20000,0.001,0.9,0.0005,cuda,False,False,7,107,1049,0.2536879777908325
random,2,results_adamw_lr0p001,results_adamw_lr0p001,small_cnn,adamw,10,128,20000,0.001,0.9,0.0005,cuda,False,False,7,108,1050,0.6009974479675293
random,2,results_adamw_lr0p001,results_adamw_lr0p001,small_cnn,adamw,10,128,20000,0.001,0.9,0.0005,cuda,False,False,7,109,1051,-0.16556183993816376
random,2,results_adamw_lr0p001,results_adamw_lr0p001,small_cnn,adamw,10,128,20000,0.001,0.9,0.0005,cuda,False,False,7,110,1052,0.15914376080036163
random,2,results_adamw_lr0p001,results_adamw_lr0p001,small_cnn,adamw,10,128,20000,0.001,0.9,0.0005,cuda,False,False,7,111,1053,0.6677308678627014
random,2,results_adamw_lr0p001,results_adamw_lr0p001,small_cnn,adamw,10,128,20000,0.001,0.9,0.0005,cuda,False,False,7,112,1054,0.720401406288147
random,2,results_adamw_lr0p001,results_adamw_lr0p001,small_cnn,adamw,10,128,20000,0.001,0.9,0.0005,cuda,False,False,7,113,1055,-0.18710841238498688
random,2,results_adamw_lr0p001,results_adamw_lr0p001,small_cnn,adamw,10,128,20000,0.001,0.9,0.0005,cuda,False,False,7,114,1056,0.01930226944386959
random,2,results_adamw_lr0p001,results_adamw_lr0p001,small_cnn,adamw,10,128,20000,0.001,0.9,0.0005,cuda,False,False,7,115,1057,0.6125593185424805
random,2,results_adamw_lr0p001,results_adamw_lr0p001,small_cnn,adamw,10,128,20000,0.001,0.9,0.0005,cuda,False,False,7,116,1058,-0.2653500735759735
random,2,results_adamw_lr0p001,results_adamw_lr0p001,small_cnn,adamw,10,128,20000,0.001,0.9,0.0005,cuda,False,False,7,117,1059,0.5498318672180176
random,2,results_adamw_lr0p001,results_adamw_lr0p001,small_cnn,adamw,10,128,20000,0.001,0.9,0.0005,cuda,False,False,7,118,1060,0.8108822107315063
random,2,results_adamw_lr0p001,results_adamw_lr0p001,small_cnn,adamw,10,128,20000,0.001,0.9,0.0005,cuda,False,False,7,119,1061,0.5084858536720276
random,2,results_adamw_lr0p001,results_adamw_lr0p001,small_cnn,adamw,10,128,20000,0.001,0.9,0.0005,cuda,False,False,7,120,1062,0.2598975598812103
random,2,results_adamw_lr0p001,results_adamw_lr0p001,small_cnn,adamw,10,128,20000,0.001,0.9,0.0005,cuda,False,False,7,121,1063,-0.031047720462083817
random,2,results_adamw_lr0p001,results_adamw_lr0p001,small_cnn,adamw,10,128,20000,0.001,0.9,0.0005,cuda,False,False,7,122,1064,0.21986721456050873
random,2,results_adamw_lr0p001,results_adamw_lr0p001,small_cnn,adamw,10,128,20000,0.001,0.9,0.0005,cuda,False,False,7,123,1065,0.7776920795440674
random,2,results_adamw_lr0p001,results_adamw_lr0p001,small_cnn,adamw,10,128,20000,0.001,0.9,0.0005,cuda,False,False,7,124,1066,0.5745628476142883
random,2,results_adamw_lr0p001,results_adamw_lr0p001,small_cnn,adamw,10,128,20000,0.001,0.9,0.0005,cuda,False,False,7,125,1067,0.32664981484413147
random,2,results_adamw_lr0p001,results_adamw_lr0p001,small_cnn,adamw,10,128,20000,0.001,0.9,0.0005,cuda,False,False,7,126,1068,0.4562951922416687
random,2,results_adamw_lr0p001,results_adamw_lr0p001,small_cnn,adamw,10,128,20000,0.001,0.9,0.0005,cuda,False,False,7,127,1069,-0.5861786007881165
random,2,results_adamw_lr0p001,results_adamw_lr0p001,small_cnn,adamw,10,128,20000,0.001,0.9,0.0005,cuda,False,False,7,128,1070,0.6578559279441833
random,2,results_adamw_lr0p001,results_adamw_lr0p001,small_cnn,adamw,10,128,20000,0.001,0.9,0.0005,cuda,False,False,7,129,1071,0.7135033011436462
random,2,results_adamw_lr0p001,results_adamw_lr0p001,small_cnn,adamw,10,128,20000,0.001,0.9,0.0005,cuda,False,False,7,130,1072,0.6218482851982117
random,2,results_adamw_lr0p001,results_adamw_lr0p001,small_cnn,adamw,10,128,20000,0.001,0.9,0.0005,cuda,False,False,7,131,1073,0.7581321597099304
random,2,results_adamw_lr0p001,results_adamw_lr0p001,small_cnn,adamw,10,128,20000,0.001,0.9,0.0005,cuda,False,False,7,132,1074,-0.24245862662792206
random,2,results_adamw_lr0p001,results_adamw_lr0p001,small_cnn,adamw,10,128,20000,0.001,0.9,0.0005,cuda,False,False,7,133,1075,0.5219238996505737
random,2,results_adamw_lr0p001,results_adamw_lr0p001,small_cnn,adamw,10,128,20000,0.001,0.9,0.0005,cuda,False,False,7,134,1076,0.20536798238754272
random,2,results_adamw_lr0p001,results_adamw_lr0p001,small_cnn,adamw,10,128,20000,0.001,0.9,0.0005,cuda,False,False,7,135,1077,0.3597031533718109
random,2,results_adamw_lr0p001,results_adamw_lr0p001,small_cnn,adamw,10,128,20000,0.001,0.9,0.0005,cuda,False,False,7,136,1078,0.505197286605835
random,2,results_adamw_lr0p001,results_adamw_lr0p001,small_cnn,adamw,10,128,20000,0.001,0.9,0.0005,cuda,False,False,7,137,1079,0.5582683682441711
random,2,results_adamw_lr0p001,results_adamw_lr0p001,small_cnn,adamw,10,128,20000,0.001,0.9,0.0005,cuda,False,False,7,138,1080,0.09935276210308075
random,2,results_adamw_lr0p001,results_adamw_lr0p001,small_cnn,adamw,10,128,20000,0.001,0.9,0.0005,cuda,False,False,7,139,1081,0.0632731020450592
random,2,results_adamw_lr0p001,results_adamw_lr0p001,small_cnn,adamw,10,128,20000,0.001,0.9,0.0005,cuda,False,False,7,140,1082,0.3956860303878784
random,2,results_adamw_lr0p001,results_adamw_lr0p001,small_cnn,adamw,10,128,20000,0.001,0.9,0.0005,cuda,False,False,7,141,1083,0.41651904582977295
random,2,results_adamw_lr0p001,results_adamw_lr0p001,small_cnn,adamw,10,128,20000,0.001,0.9,0.0005,cuda,False,False,7,142,1084,0.002254653722047806
random,2,results_adamw_lr0p001,results_adamw_lr0p001,small_cnn,adamw,10,128,20000,0.001,0.9,0.0005,cuda,False,False,7,143,1085,0.4898562729358673
random,2,results_adamw_lr0p001,results_adamw_lr0p001,small_cnn,adamw,10,128,20000,0.001,0.9,0.0005,cuda,False,False,7,144,1086,0.812664270401001
random,2,results_adamw_lr0p001,results_adamw_lr0p001,small_cnn,adamw,10,128,20000,0.001,0.9,0.0005,cuda,False,False,7,145,1087,-0.6531995534896851
random,2,results_adamw_lr0p001,results_adamw_lr0p001,small_cnn,adamw,10,128,20000,0.001,0.9,0.0005,cuda,False,False,7,146,1088,0.6861695051193237
random,2,results_adamw_lr0p001,results_adamw_lr0p001,small_cnn,adamw,10,128,20000,0.001,0.9,0.0005,cuda,False,False,7,147,1089,0.5732465982437134
random,2,results_adamw_lr0p001,results_adamw_lr0p001,small_cnn,adamw,10,128,20000,0.001,0.9,0.0005,cuda,False,False,7,148,1090,0.28713732957839966
random,2,results_adamw_lr0p001,results_adamw_lr0p001,small_cnn,adamw,10,128,20000,0.001,0.9,0.0005,cuda,False,False,7,149,1091,0.20079083740711212
random,2,results_adamw_lr0p001,results_adamw_lr0p001,small_cnn,adamw,10,128,20000,0.001,0.9,0.0005,cuda,False,False,7,150,1092,-0.06805796176195145
random,2,results_adamw_lr0p001,results_adamw_lr0p001,small_cnn,adamw,10,128,20000,0.001,0.9,0.0005,cuda,False,False,7,151,1093,-0.333169162273407
random,2,results_adamw_lr0p001,results_adamw_lr0p001,small_cnn,adamw,10,128,20000,0.001,0.9,0.0005,cuda,False,False,7,152,1094,0.32515567541122437
random,2,results_adamw_lr0p001,results_adamw_lr0p001,small_cnn,adamw,10,128,20000,0.001,0.9,0.0005,cuda,False,False,7,153,1095,0.1880386620759964
random,2,results_adamw_lr0p001,results_adamw_lr0p001,small_cnn,adamw,10,128,20000,0.001,0.9,0.0005,cuda,False,False,7,154,1096,0.7055364847183228
random,2,results_adamw_lr0p001,results_adamw_lr0p001,small_cnn,adamw,10,128,20000,0.001,0.9,0.0005,cuda,False,False,7,155,1097,0.40328001976013184
random,2,results_adamw_lr0p001,results_adamw_lr0p001,small_cnn,adamw,10,128,20000,0.001,0.9,0.0005,cuda,False,False,7,156,1098,0.5447216033935547
random,2,results_adamw_lr0p001,results_adamw_lr0p001,small_cnn,adamw,10,128,20000,0.001,0.9,0.0005,cuda,False,False,7,157,1099,0.20533272624015808
random,2,results_adamw_lr0p001,results_adamw_lr0p001,small_cnn,adamw,10,128,20000,0.001,0.9,0.0005,cuda,False,False,8,1,1100,0.6309376358985901
random,2,results_adamw_lr0p001,results_adamw_lr0p001,small_cnn,adamw,10,128,20000,0.001,0.9,0.0005,cuda,False,False,8,2,1101,0.6141277551651001
random,2,results_adamw_lr0p001,results_adamw_lr0p001,small_cnn,adamw,10,128,20000,0.001,0.9,0.0005,cuda,False,False,8,3,1102,0.5168634057044983
random,2,results_adamw_lr0p001,results_adamw_lr0p001,small_cnn,adamw,10,128,20000,0.001,0.9,0.0005,cuda,False,False,8,4,1103,0.4515717625617981
random,2,results_adamw_lr0p001,results_adamw_lr0p001,small_cnn,adamw,10,128,20000,0.001,0.9,0.0005,cuda,False,False,8,5,1104,0.4585568606853485
random,2,results_adamw_lr0p001,results_adamw_lr0p001,small_cnn,adamw,10,128,20000,0.001,0.9,0.0005,cuda,False,False,8,6,1105,0.3611699044704437
random,2,results_adamw_lr0p001,results_adamw_lr0p001,small_cnn,adamw,10,128,20000,0.001,0.9,0.0005,cuda,False,False,8,7,1106,0.12050966173410416
random,2,results_adamw_lr0p001,results_adamw_lr0p001,small_cnn,adamw,10,128,20000,0.001,0.9,0.0005,cuda,False,False,8,8,1107,-0.2261221557855606
random,2,results_adamw_lr0p001,results_adamw_lr0p001,small_cnn,adamw,10,128,20000,0.001,0.9,0.0005,cuda,False,False,8,9,1108,0.3502296805381775
random,2,results_adamw_lr0p001,results_adamw_lr0p001,small_cnn,adamw,10,128,20000,0.001,0.9,0.0005,cuda,False,False,8,10,1109,0.04048691689968109
random,2,results_adamw_lr0p001,results_adamw_lr0p001,small_cnn,adamw,10,128,20000,0.001,0.9,0.0005,cuda,False,False,8,11,1110,0.26618728041648865
random,2,results_adamw_lr0p001,results_adamw_lr0p001,small_cnn,adamw,10,128,20000,0.001,0.9,0.0005,cuda,False,False,8,12,1111,0.2042195200920105
random,2,results_adamw_lr0p001,results_adamw_lr0p001,small_cnn,adamw,10,128,20000,0.001,0.9,0.0005,cuda,False,False,8,13,1112,-0.18233460187911987
random,2,results_adamw_lr0p001,results_adamw_lr0p001,small_cnn,adamw,10,128,20000,0.001,0.9,0.0005,cuda,False,False,8,14,1113,0.1392832100391388
random,2,results_adamw_lr0p001,results_adamw_lr0p001,small_cnn,adamw,10,128,20000,0.001,0.9,0.0005,cuda,False,False,8,15,1114,-0.30004751682281494
random,2,results_adamw_lr0p001,results_adamw_lr0p001,small_cnn,adamw,10,128,20000,0.001,0.9,0.0005,cuda,False,False,8,16,1115,0.11023638397455215
random,2,results_adamw_lr0p001,results_adamw_lr0p001,small_cnn,adamw,10,128,20000,0.001,0.9,0.0005,cuda,False,False,8,17,1116,-0.1435227245092392
random,2,results_adamw_lr0p001,results_adamw_lr0p001,small_cnn,adamw,10,128,20000,0.001,0.9,0.0005,cuda,False,False,8,18,1117,-0.6726509928703308
random,2,results_adamw_lr0p001,results_adamw_lr0p001,small_cnn,adamw,10,128,20000,0.001,0.9,0.0005,cuda,False,False,8,19,1118,0.7170521020889282
random,2,results_adamw_lr0p001,results_adamw_lr0p001,small_cnn,adamw,10,128,20000,0.001,0.9,0.0005,cuda,False,False,8,20,1119,0.16677334904670715
random,2,results_adamw_lr0p001,results_adamw_lr0p001,small_cnn,adamw,10,128,20000,0.001,0.9,0.0005,cuda,False,False,8,21,1120,0.3610255718231201
random,2,results_adamw_lr0p001,results_adamw_lr0p001,small_cnn,adamw,10,128,20000,0.001,0.9,0.0005,cuda,False,False,8,22,1121,-0.16471624374389648
random,2,results_adamw_lr0p001,results_adamw_lr0p001,small_cnn,adamw,10,128,20000,0.001,0.9,0.0005,cuda,False,False,8,23,1122,-0.13328778743743896
random,2,results_adamw_lr0p001,results_adamw_lr0p001,small_cnn,adamw,10,128,20000,0.001,0.9,0.0005,cuda,False,False,8,24,1123,-0.39828604459762573
random,2,results_adamw_lr0p001,results_adamw_lr0p001,small_cnn,adamw,10,128,20000,0.001,0.9,0.0005,cuda,False,False,8,25,1124,0.1488175392150879
random,2,results_adamw_lr0p001,results_adamw_lr0p001,small_cnn,adamw,10,128,20000,0.001,0.9,0.0005,cuda,False,False,8,26,1125,0.39116501808166504
random,2,results_adamw_lr0p001,results_adamw_lr0p001,small_cnn,adamw,10,128,20000,0.001,0.9,0.0005,cuda,False,False,8,27,1126,0.4507978558540344
random,2,results_adamw_lr0p001,results_adamw_lr0p001,small_cnn,adamw,10,128,20000,0.001,0.9,0.0005,cuda,False,False,8,28,1127,-0.6742386221885681
random,2,results_adamw_lr0p001,results_adamw_lr0p001,small_cnn,adamw,10,128,20000,0.001,0.9,0.0005,cuda,False,False,8,29,1128,0.2808486521244049
random,2,results_adamw_lr0p001,results_adamw_lr0p001,small_cnn,adamw,10,128,20000,0.001,0.9,0.0005,cuda,False,False,8,30,1129,-0.23624055087566376
random,2,results_adamw_lr0p001,results_adamw_lr0p001,small_cnn,adamw,10,128,20000,0.001,0.9,0.0005,cuda,False,False,8,31,1130,0.5263344645500183
random,2,results_adamw_lr0p001,results_adamw_lr0p001,small_cnn,adamw,10,128,20000,0.001,0.9,0.0005,cuda,False,False,8,32,1131,0.4745616614818573
random,2,results_adamw_lr0p001,results_adamw_lr0p001,small_cnn,adamw,10,128,20000,0.001,0.9,0.0005,cuda,False,False,8,33,1132,0.036981455981731415
random,2,results_adamw_lr0p001,results_adamw_lr0p001,small_cnn,adamw,10,128,20000,0.001,0.9,0.0005,cuda,False,False,8,34,1133,0.3995254933834076
random,2,results_adamw_lr0p001,results_adamw_lr0p001,small_cnn,adamw,10,128,20000,0.001,0.9,0.0005,cuda,False,False,8,35,1134,0.36541885137557983
random,2,results_adamw_lr0p001,results_adamw_lr0p001,small_cnn,adamw,10,128,20000,0.001,0.9,0.0005,cuda,False,False,8,36,1135,0.2214939147233963
random,2,results_adamw_lr0p001,results_adamw_lr0p001,small_cnn,adamw,10,128,20000,0.001,0.9,0.0005,cuda,False,False,8,37,1136,0.34378668665885925
random,2,results_adamw_lr0p001,results_adamw_lr0p001,small_cnn,adamw,10,128,20000,0.001,0.9,0.0005,cuda,False,False,8,38,1137,-0.24302628636360168
random,2,results_adamw_lr0p001,results_adamw_lr0p001,small_cnn,adamw,10,128,20000,0.001,0.9,0.0005,cuda,False,False,8,39,1138,0.26723212003707886
random,2,results_adamw_lr0p001,results_adamw_lr0p001,small_cnn,adamw,10,128,20000,0.001,0.9,0.0005,cuda,False,False,8,40,1139,-0.3861216902732849
random,2,results_adamw_lr0p001,results_adamw_lr0p001,small_cnn,adamw,10,128,20000,0.001,0.9,0.0005,cuda,False,False,8,41,1140,0.3579980432987213
random,2,results_adamw_lr0p001,results_adamw_lr0p001,small_cnn,adamw,10,128,20000,0.001,0.9,0.0005,cuda,False,False,8,42,1141,0.47672244906425476
random,2,results_adamw_lr0p001,results_adamw_lr0p001,small_cnn,adamw,10,128,20000,0.001,0.9,0.0005,cuda,False,False,8,43,1142,0.5252078771591187
random,2,results_adamw_lr0p001,results_adamw_lr0p001,small_cnn,adamw,10,128,20000,0.001,0.9,0.0005,cuda,False,False,8,44,1143,0.5627403855323792
random,2,results_adamw_lr0p001,results_adamw_lr0p001,small_cnn,adamw,10,128,20000,0.001,0.9,0.0005,cuda,False,False,8,45,1144,0.18567852675914764
random,2,results_adamw_lr0p001,results_adamw_lr0p001,small_cnn,adamw,10,128,20000,0.001,0.9,0.0005,cuda,False,False,8,46,1145,-0.07528591901063919
random,2,results_adamw_lr0p001,results_adamw_lr0p001,small_cnn,adamw,10,128,20000,0.001,0.9,0.0005,cuda,False,False,8,47,1146,0.21948951482772827
random,2,results_adamw_lr0p001,results_adamw_lr0p001,small_cnn,adamw,10,128,20000,0.001,0.9,0.0005,cuda,False,False,8,48,1147,0.923154354095459
random,2,results_adamw_lr0p001,results_adamw_lr0p001,small_cnn,adamw,10,128,20000,0.001,0.9,0.0005,cuda,False,False,8,49,1148,0.09417249262332916
random,2,results_adamw_lr0p001,results_adamw_lr0p001,small_cnn,adamw,10,128,20000,0.001,0.9,0.0005,cuda,False,False,8,50,1149,0.4391818046569824
random,2,results_adamw_lr0p001,results_adamw_lr0p001,small_cnn,adamw,10,128,20000,0.001,0.9,0.0005,cuda,False,False,8,51,1150,0.2478848397731781
random,2,results_adamw_lr0p001,results_adamw_lr0p001,small_cnn,adamw,10,128,20000,0.001,0.9,0.0005,cuda,False,False,8,52,1151,0.7326738238334656
random,2,results_adamw_lr0p001,results_adamw_lr0p001,small_cnn,adamw,10,128,20000,0.001,0.9,0.0005,cuda,False,False,8,53,1152,0.29393142461776733
random,2,results_adamw_lr0p001,results_adamw_lr0p001,small_cnn,adamw,10,128,20000,0.001,0.9,0.0005,cuda,False,False,8,54,1153,-0.40291839838027954
random,2,results_adamw_lr0p001,results_adamw_lr0p001,small_cnn,adamw,10,128,20000,0.001,0.9,0.0005,cuda,False,False,8,55,1154,0.1465557962656021
random,2,results_adamw_lr0p001,results_adamw_lr0p001,small_cnn,adamw,10,128,20000,0.001,0.9,0.0005,cuda,False,False,8,56,1155,-0.15669241547584534
random,2,results_adamw_lr0p001,results_adamw_lr0p001,small_cnn,adamw,10,128,20000,0.001,0.9,0.0005,cuda,False,False,8,57,1156,0.373568594455719
random,2,results_adamw_lr0p001,results_adamw_lr0p001,small_cnn,adamw,10,128,20000,0.001,0.9,0.0005,cuda,False,False,8,58,1157,0.8528405427932739
random,2,results_adamw_lr0p001,results_adamw_lr0p001,small_cnn,adamw,10,128,20000,0.001,0.9,0.0005,cuda,False,False,8,59,1158,0.6384966969490051
random,2,results_adamw_lr0p001,results_adamw_lr0p001,small_cnn,adamw,10,128,20000,0.001,0.9,0.0005,cuda,False,False,8,60,1159,-0.06992648541927338
random,2,results_adamw_lr0p001,results_adamw_lr0p001,small_cnn,adamw,10,128,20000,0.001,0.9,0.0005,cuda,False,False,8,61,1160,0.6457962393760681
random,2,results_adamw_lr0p001,results_adamw_lr0p001,small_cnn,adamw,10,128,20000,0.001,0.9,0.0005,cuda,False,False,8,62,1161,0.5754172205924988
random,2,results_adamw_lr0p001,results_adamw_lr0p001,small_cnn,adamw,10,128,20000,0.001,0.9,0.0005,cuda,False,False,8,63,1162,0.31573811173439026
random,2,results_adamw_lr0p001,results_adamw_lr0p001,small_cnn,adamw,10,128,20000,0.001,0.9,0.0005,cuda,False,False,8,64,1163,0.30383336544036865
random,2,results_adamw_lr0p001,results_adamw_lr0p001,small_cnn,adamw,10,128,20000,0.001,0.9,0.0005,cuda,False,False,8,65,1164,-0.032601989805698395
random,2,results_adamw_lr0p001,results_adamw_lr0p001,small_cnn,adamw,10,128,20000,0.001,0.9,0.0005,cuda,False,False,8,66,1165,0.5432491302490234
random,2,results_adamw_lr0p001,results_adamw_lr0p001,small_cnn,adamw,10,128,20000,0.001,0.9,0.0005,cuda,False,False,8,67,1166,0.5393742322921753
random,2,results_adamw_lr0p001,results_adamw_lr0p001,small_cnn,adamw,10,128,20000,0.001,0.9,0.0005,cuda,False,False,8,68,1167,0.5329499244689941
random,2,results_adamw_lr0p001,results_adamw_lr0p001,small_cnn,adamw,10,128,20000,0.001,0.9,0.0005,cuda,False,False,8,69,1168,0.6488363742828369
random,2,results_adamw_lr0p001,results_adamw_lr0p001,small_cnn,adamw,10,128,20000,0.001,0.9,0.0005,cuda,False,False,8,70,1169,0.6505279541015625
random,2,results_adamw_lr0p001,results_adamw_lr0p001,small_cnn,adamw,10,128,20000,0.001,0.9,0.0005,cuda,False,False,8,71,1170,0.5209366083145142
random,2,results_adamw_lr0p001,results_adamw_lr0p001,small_cnn,adamw,10,128,20000,0.001,0.9,0.0005,cuda,False,False,8,72,1171,0.7699604630470276
random,2,results_adamw_lr0p001,results_adamw_lr0p001,small_cnn,adamw,10,128,20000,0.001,0.9,0.0005,cuda,False,False,8,73,1172,0.36213797330856323
random,2,results_adamw_lr0p001,results_adamw_lr0p001,small_cnn,adamw,10,128,20000,0.001,0.9,0.0005,cuda,False,False,8,74,1173,0.6411454081535339
random,2,results_adamw_lr0p001,results_adamw_lr0p001,small_cnn,adamw,10,128,20000,0.001,0.9,0.0005,cuda,False,False,8,75,1174,0.8426257967948914
random,2,results_adamw_lr0p001,results_adamw_lr0p001,small_cnn,adamw,10,128,20000,0.001,0.9,0.0005,cuda,False,False,8,76,1175,0.006546838209033012
random,2,results_adamw_lr0p001,results_adamw_lr0p001,small_cnn,adamw,10,128,20000,0.001,0.9,0.0005,cuda,False,False,8,77,1176,0.4371565580368042
random,2,results_adamw_lr0p001,results_adamw_lr0p001,small_cnn,adamw,10,128,20000,0.001,0.9,0.0005,cuda,False,False,8,78,1177,0.6498927474021912
random,2,results_adamw_lr0p001,results_adamw_lr0p001,small_cnn,adamw,10,128,20000,0.001,0.9,0.0005,cuda,False,False,8,79,1178,0.33631032705307007
random,2,results_adamw_lr0p001,results_adamw_lr0p001,small_cnn,adamw,10,128,20000,0.001,0.9,0.0005,cuda,False,False,8,80,1179,0.9127558469772339
random,2,results_adamw_lr0p001,results_adamw_lr0p001,small_cnn,adamw,10,128,20000,0.001,0.9,0.0005,cuda,False,False,8,81,1180,0.8295196294784546
random,2,results_adamw_lr0p001,results_adamw_lr0p001,small_cnn,adamw,10,128,20000,0.001,0.9,0.0005,cuda,False,False,8,82,1181,-0.003549333196133375
random,2,results_adamw_lr0p001,results_adamw_lr0p001,small_cnn,adamw,10,128,20000,0.001,0.9,0.0005,cuda,False,False,8,83,1182,0.2272791862487793
random,2,results_adamw_lr0p001,results_adamw_lr0p001,small_cnn,adamw,10,128,20000,0.001,0.9,0.0005,cuda,False,False,8,84,1183,0.5760608911514282
random,2,results_adamw_lr0p001,results_adamw_lr0p001,small_cnn,adamw,10,128,20000,0.001,0.9,0.0005,cuda,False,False,8,85,1184,0.16004155576229095
random,2,results_adamw_lr0p001,results_adamw_lr0p001,small_cnn,adamw,10,128,20000,0.001,0.9,0.0005,cuda,False,False,8,86,1185,-0.10227597504854202
random,2,results_adamw_lr0p001,results_adamw_lr0p001,small_cnn,adamw,10,128,20000,0.001,0.9,0.0005,cuda,False,False,8,87,1186,0.804031491279602
random,2,results_adamw_lr0p001,results_adamw_lr0p001,small_cnn,adamw,10,128,20000,0.001,0.9,0.0005,cuda,False,False,8,88,1187,0.41380807757377625
random,2,results_adamw_lr0p001,results_adamw_lr0p001,small_cnn,adamw,10,128,20000,0.001,0.9,0.0005,cuda,False,False,8,89,1188,0.2962439954280853
random,2,results_adamw_lr0p001,results_adamw_lr0p001,small_cnn,adamw,10,128,20000,0.001,0.9,0.0005,cuda,False,False,8,90,1189,0.6635501980781555
random,2,results_adamw_lr0p001,results_adamw_lr0p001,small_cnn,adamw,10,128,20000,0.001,0.9,0.0005,cuda,False,False,8,91,1190,0.19442056119441986
random,2,results_adamw_lr0p001,results_adamw_lr0p001,small_cnn,adamw,10,128,20000,0.001,0.9,0.0005,cuda,False,False,8,92,1191,0.360800176858902
random,2,results_adamw_lr0p001,results_adamw_lr0p001,small_cnn,adamw,10,128,20000,0.001,0.9,0.0005,cuda,False,False,8,93,1192,0.13856327533721924
random,2,results_adamw_lr0p001,results_adamw_lr0p001,small_cnn,adamw,10,128,20000,0.001,0.9,0.0005,cuda,False,False,8,94,1193,0.4350341558456421
random,2,results_adamw_lr0p001,results_adamw_lr0p001,small_cnn,adamw,10,128,20000,0.001,0.9,0.0005,cuda,False,False,8,95,1194,0.32340478897094727
random,2,results_adamw_lr0p001,results_adamw_lr0p001,small_cnn,adamw,10,128,20000,0.001,0.9,0.0005,cuda,False,False,8,96,1195,0.08721791207790375
random,2,results_adamw_lr0p001,results_adamw_lr0p001,small_cnn,adamw,10,128,20000,0.001,0.9,0.0005,cuda,False,False,8,97,1196,0.4928120970726013
random,2,results_adamw_lr0p001,results_adamw_lr0p001,small_cnn,adamw,10,128,20000,0.001,0.9,0.0005,cuda,False,False,8,98,1197,0.4326774775981903
random,2,results_adamw_lr0p001,results_adamw_lr0p001,small_cnn,adamw,10,128,20000,0.001,0.9,0.0005,cuda,False,False,8,99,1198,0.7555333971977234
random,2,results_adamw_lr0p001,results_adamw_lr0p001,small_cnn,adamw,10,128,20000,0.001,0.9,0.0005,cuda,False,False,8,100,1199,-0.1742936372756958
random,2,results_adamw_lr0p001,results_adamw_lr0p001,small_cnn,adamw,10,128,20000,0.001,0.9,0.0005,cuda,False,False,8,101,1200,0.728032112121582
random,2,results_adamw_lr0p001,results_adamw_lr0p001,small_cnn,adamw,10,128,20000,0.001,0.9,0.0005,cuda,False,False,8,102,1201,0.34961560368537903
random,2,results_adamw_lr0p001,results_adamw_lr0p001,small_cnn,adamw,10,128,20000,0.001,0.9,0.0005,cuda,False,False,8,103,1202,-0.15840622782707214
random,2,results_adamw_lr0p001,results_adamw_lr0p001,small_cnn,adamw,10,128,20000,0.001,0.9,0.0005,cuda,False,False,8,104,1203,-0.14891451597213745
random,2,results_adamw_lr0p001,results_adamw_lr0p001,small_cnn,adamw,10,128,20000,0.001,0.9,0.0005,cuda,False,False,8,105,1204,-0.2674720287322998
random,2,results_adamw_lr0p001,results_adamw_lr0p001,small_cnn,adamw,10,128,20000,0.001,0.9,0.0005,cuda,False,False,8,106,1205,0.3642432987689972
random,2,results_adamw_lr0p001,results_adamw_lr0p001,small_cnn,adamw,10,128,20000,0.001,0.9,0.0005,cuda,False,False,8,107,1206,0.38684728741645813
random,2,results_adamw_lr0p001,results_adamw_lr0p001,small_cnn,adamw,10,128,20000,0.001,0.9,0.0005,cuda,False,False,8,108,1207,0.23315846920013428
random,2,results_adamw_lr0p001,results_adamw_lr0p001,small_cnn,adamw,10,128,20000,0.001,0.9,0.0005,cuda,False,False,8,109,1208,0.4008784890174866
random,2,results_adamw_lr0p001,results_adamw_lr0p001,small_cnn,adamw,10,128,20000,0.001,0.9,0.0005,cuda,False,False,8,110,1209,0.45522961020469666
random,2,results_adamw_lr0p001,results_adamw_lr0p001,small_cnn,adamw,10,128,20000,0.001,0.9,0.0005,cuda,False,False,8,111,1210,0.04410400614142418
random,2,results_adamw_lr0p001,results_adamw_lr0p001,small_cnn,adamw,10,128,20000,0.001,0.9,0.0005,cuda,False,False,8,112,1211,0.26876601576805115
random,2,results_adamw_lr0p001,results_adamw_lr0p001,small_cnn,adamw,10,128,20000,0.001,0.9,0.0005,cuda,False,False,8,113,1212,-0.15532319247722626
random,2,results_adamw_lr0p001,results_adamw_lr0p001,small_cnn,adamw,10,128,20000,0.001,0.9,0.0005,cuda,False,False,8,114,1213,0.395723819732666
random,2,results_adamw_lr0p001,results_adamw_lr0p001,small_cnn,adamw,10,128,20000,0.001,0.9,0.0005,cuda,False,False,8,115,1214,0.10159467160701752
random,2,results_adamw_lr0p001,results_adamw_lr0p001,small_cnn,adamw,10,128,20000,0.001,0.9,0.0005,cuda,False,False,8,116,1215,-0.23318412899971008
random,2,results_adamw_lr0p001,results_adamw_lr0p001,small_cnn,adamw,10,128,20000,0.001,0.9,0.0005,cuda,False,False,8,117,1216,0.0634753480553627
random,2,results_adamw_lr0p001,results_adamw_lr0p001,small_cnn,adamw,10,128,20000,0.001,0.9,0.0005,cuda,False,False,8,118,1217,0.46588003635406494
random,2,results_adamw_lr0p001,results_adamw_lr0p001,small_cnn,adamw,10,128,20000,0.001,0.9,0.0005,cuda,False,False,8,119,1218,0.4759905934333801
random,2,results_adamw_lr0p001,results_adamw_lr0p001,small_cnn,adamw,10,128,20000,0.001,0.9,0.0005,cuda,False,False,8,120,1219,0.2938139736652374
random,2,results_adamw_lr0p001,results_adamw_lr0p001,small_cnn,adamw,10,128,20000,0.001,0.9,0.0005,cuda,False,False,8,121,1220,-0.6597742438316345
random,2,results_adamw_lr0p001,results_adamw_lr0p001,small_cnn,adamw,10,128,20000,0.001,0.9,0.0005,cuda,False,False,8,122,1221,0.22159633040428162
random,2,results_adamw_lr0p001,results_adamw_lr0p001,small_cnn,adamw,10,128,20000,0.001,0.9,0.0005,cuda,False,False,8,123,1222,-0.07360818237066269
random,2,results_adamw_lr0p001,results_adamw_lr0p001,small_cnn,adamw,10,128,20000,0.001,0.9,0.0005,cuda,False,False,8,124,1223,0.7431272864341736
random,2,results_adamw_lr0p001,results_adamw_lr0p001,small_cnn,adamw,10,128,20000,0.001,0.9,0.0005,cuda,False,False,8,125,1224,0.7898170948028564
random,2,results_adamw_lr0p001,results_adamw_lr0p001,small_cnn,adamw,10,128,20000,0.001,0.9,0.0005,cuda,False,False,8,126,1225,0.5894737839698792
random,2,results_adamw_lr0p001,results_adamw_lr0p001,small_cnn,adamw,10,128,20000,0.001,0.9,0.0005,cuda,False,False,8,127,1226,0.07827835530042648
random,2,results_adamw_lr0p001,results_adamw_lr0p001,small_cnn,adamw,10,128,20000,0.001,0.9,0.0005,cuda,False,False,8,128,1227,-0.07145504653453827
random,2,results_adamw_lr0p001,results_adamw_lr0p001,small_cnn,adamw,10,128,20000,0.001,0.9,0.0005,cuda,False,False,8,129,1228,0.503810703754425
random,2,results_adamw_lr0p001,results_adamw_lr0p001,small_cnn,adamw,10,128,20000,0.001,0.9,0.0005,cuda,False,False,8,130,1229,0.7122250199317932
random,2,results_adamw_lr0p001,results_adamw_lr0p001,small_cnn,adamw,10,128,20000,0.001,0.9,0.0005,cuda,False,False,8,131,1230,0.4872768521308899
random,2,results_adamw_lr0p001,results_adamw_lr0p001,small_cnn,adamw,10,128,20000,0.001,0.9,0.0005,cuda,False,False,8,132,1231,-0.140559583902359
random,2,results_adamw_lr0p001,results_adamw_lr0p001,small_cnn,adamw,10,128,20000,0.001,0.9,0.0005,cuda,False,False,8,133,1232,0.4901781678199768
random,2,results_adamw_lr0p001,results_adamw_lr0p001,small_cnn,adamw,10,128,20000,0.001,0.9,0.0005,cuda,False,False,8,134,1233,-0.030222728848457336
random,2,results_adamw_lr0p001,results_adamw_lr0p001,small_cnn,adamw,10,128,20000,0.001,0.9,0.0005,cuda,False,False,8,135,1234,0.39180535078048706
random,2,results_adamw_lr0p001,results_adamw_lr0p001,small_cnn,adamw,10,128,20000,0.001,0.9,0.0005,cuda,False,False,8,136,1235,0.3583911061286926
random,2,results_adamw_lr0p001,results_adamw_lr0p001,small_cnn,adamw,10,128,20000,0.001,0.9,0.0005,cuda,False,False,8,137,1236,-0.32681235671043396
random,2,results_adamw_lr0p001,results_adamw_lr0p001,small_cnn,adamw,10,128,20000,0.001,0.9,0.0005,cuda,False,False,8,138,1237,0.15934646129608154
random,2,results_adamw_lr0p001,results_adamw_lr0p001,small_cnn,adamw,10,128,20000,0.001,0.9,0.0005,cuda,False,False,8,139,1238,0.27164241671562195
random,2,results_adamw_lr0p001,results_adamw_lr0p001,small_cnn,adamw,10,128,20000,0.001,0.9,0.0005,cuda,False,False,8,140,1239,0.33873599767684937
random,2,results_adamw_lr0p001,results_adamw_lr0p001,small_cnn,adamw,10,128,20000,0.001,0.9,0.0005,cuda,False,False,8,141,1240,0.72700434923172
random,2,results_adamw_lr0p001,results_adamw_lr0p001,small_cnn,adamw,10,128,20000,0.001,0.9,0.0005,cuda,False,False,8,142,1241,0.5697906613349915
random,2,results_adamw_lr0p001,results_adamw_lr0p001,small_cnn,adamw,10,128,20000,0.001,0.9,0.0005,cuda,False,False,8,143,1242,-0.46503663063049316
random,2,results_adamw_lr0p001,results_adamw_lr0p001,small_cnn,adamw,10,128,20000,0.001,0.9,0.0005,cuda,False,False,8,144,1243,-0.011620822362601757
random,2,results_adamw_lr0p001,results_adamw_lr0p001,small_cnn,adamw,10,128,20000,0.001,0.9,0.0005,cuda,False,False,8,145,1244,0.3430180251598358
random,2,results_adamw_lr0p001,results_adamw_lr0p001,small_cnn,adamw,10,128,20000,0.001,0.9,0.0005,cuda,False,False,8,146,1245,0.7518075108528137
random,2,results_adamw_lr0p001,results_adamw_lr0p001,small_cnn,adamw,10,128,20000,0.001,0.9,0.0005,cuda,False,False,8,147,1246,0.3823147416114807
random,2,results_adamw_lr0p001,results_adamw_lr0p001,small_cnn,adamw,10,128,20000,0.001,0.9,0.0005,cuda,False,False,8,148,1247,-0.35367611050605774
random,2,results_adamw_lr0p001,results_adamw_lr0p001,small_cnn,adamw,10,128,20000,0.001,0.9,0.0005,cuda,False,False,8,149,1248,0.2987740933895111
random,2,results_adamw_lr0p001,results_adamw_lr0p001,small_cnn,adamw,10,128,20000,0.001,0.9,0.0005,cuda,False,False,8,150,1249,0.2524491250514984
random,2,results_adamw_lr0p001,results_adamw_lr0p001,small_cnn,adamw,10,128,20000,0.001,0.9,0.0005,cuda,False,False,8,151,1250,0.6387624144554138
random,2,results_adamw_lr0p001,results_adamw_lr0p001,small_cnn,adamw,10,128,20000,0.001,0.9,0.0005,cuda,False,False,8,152,1251,0.7827420830726624
random,2,results_adamw_lr0p001,results_adamw_lr0p001,small_cnn,adamw,10,128,20000,0.001,0.9,0.0005,cuda,False,False,8,153,1252,0.46449124813079834
random,2,results_adamw_lr0p001,results_adamw_lr0p001,small_cnn,adamw,10,128,20000,0.001,0.9,0.0005,cuda,False,False,8,154,1253,0.36278143525123596
random,2,results_adamw_lr0p001,results_adamw_lr0p001,small_cnn,adamw,10,128,20000,0.001,0.9,0.0005,cuda,False,False,8,155,1254,-0.088997483253479
random,2,results_adamw_lr0p001,results_adamw_lr0p001,small_cnn,adamw,10,128,20000,0.001,0.9,0.0005,cuda,False,False,8,156,1255,0.11069128662347794
random,2,results_adamw_lr0p001,results_adamw_lr0p001,small_cnn,adamw,10,128,20000,0.001,0.9,0.0005,cuda,False,False,8,157,1256,0.007208691909909248
random,2,results_adamw_lr0p001,results_adamw_lr0p001,small_cnn,adamw,10,128,20000,0.001,0.9,0.0005,cuda,False,False,9,1,1257,0.6155572533607483
random,2,results_adamw_lr0p001,results_adamw_lr0p001,small_cnn,adamw,10,128,20000,0.001,0.9,0.0005,cuda,False,False,9,2,1258,0.6992489099502563
random,2,results_adamw_lr0p001,results_adamw_lr0p001,small_cnn,adamw,10,128,20000,0.001,0.9,0.0005,cuda,False,False,9,3,1259,0.7139122486114502
random,2,results_adamw_lr0p001,results_adamw_lr0p001,small_cnn,adamw,10,128,20000,0.001,0.9,0.0005,cuda,False,False,9,4,1260,0.22207719087600708
random,2,results_adamw_lr0p001,results_adamw_lr0p001,small_cnn,adamw,10,128,20000,0.001,0.9,0.0005,cuda,False,False,9,5,1261,0.628174901008606
random,2,results_adamw_lr0p001,results_adamw_lr0p001,small_cnn,adamw,10,128,20000,0.001,0.9,0.0005,cuda,False,False,9,6,1262,0.6216579675674438
random,2,results_adamw_lr0p001,results_adamw_lr0p001,small_cnn,adamw,10,128,20000,0.001,0.9,0.0005,cuda,False,False,9,7,1263,0.26844096183776855
random,2,results_adamw_lr0p001,results_adamw_lr0p001,small_cnn,adamw,10,128,20000,0.001,0.9,0.0005,cuda,False,False,9,8,1264,0.8191565275192261
random,2,results_adamw_lr0p001,results_adamw_lr0p001,small_cnn,adamw,10,128,20000,0.001,0.9,0.0005,cuda,False,False,9,9,1265,0.7746024131774902
random,2,results_adamw_lr0p001,results_adamw_lr0p001,small_cnn,adamw,10,128,20000,0.001,0.9,0.0005,cuda,False,False,9,10,1266,-0.42279231548309326
random,2,results_adamw_lr0p001,results_adamw_lr0p001,small_cnn,adamw,10,128,20000,0.001,0.9,0.0005,cuda,False,False,9,11,1267,0.6923848390579224
random,2,results_adamw_lr0p001,results_adamw_lr0p001,small_cnn,adamw,10,128,20000,0.001,0.9,0.0005,cuda,False,False,9,12,1268,0.13784417510032654
random,2,results_adamw_lr0p001,results_adamw_lr0p001,small_cnn,adamw,10,128,20000,0.001,0.9,0.0005,cuda,False,False,9,13,1269,0.5682563781738281
random,2,results_adamw_lr0p001,results_adamw_lr0p001,small_cnn,adamw,10,128,20000,0.001,0.9,0.0005,cuda,False,False,9,14,1270,0.7289234399795532
random,2,results_adamw_lr0p001,results_adamw_lr0p001,small_cnn,adamw,10,128,20000,0.001,0.9,0.0005,cuda,False,False,9,15,1271,-0.2355201244354248
random,2,results_adamw_lr0p001,results_adamw_lr0p001,small_cnn,adamw,10,128,20000,0.001,0.9,0.0005,cuda,False,False,9,16,1272,0.15365402400493622
random,2,results_adamw_lr0p001,results_adamw_lr0p001,small_cnn,adamw,10,128,20000,0.001,0.9,0.0005,cuda,False,False,9,17,1273,0.5217999815940857
random,2,results_adamw_lr0p001,results_adamw_lr0p001,small_cnn,adamw,10,128,20000,0.001,0.9,0.0005,cuda,False,False,9,18,1274,0.5242687463760376
random,2,results_adamw_lr0p001,results_adamw_lr0p001,small_cnn,adamw,10,128,20000,0.001,0.9,0.0005,cuda,False,False,9,19,1275,-0.18910609185695648
random,2,results_adamw_lr0p001,results_adamw_lr0p001,small_cnn,adamw,10,128,20000,0.001,0.9,0.0005,cuda,False,False,9,20,1276,0.2921351492404938
random,2,results_adamw_lr0p001,results_adamw_lr0p001,small_cnn,adamw,10,128,20000,0.001,0.9,0.0005,cuda,False,False,9,21,1277,0.3183867037296295
random,2,results_adamw_lr0p001,results_adamw_lr0p001,small_cnn,adamw,10,128,20000,0.001,0.9,0.0005,cuda,False,False,9,22,1278,0.6826509237289429
random,2,results_adamw_lr0p001,results_adamw_lr0p001,small_cnn,adamw,10,128,20000,0.001,0.9,0.0005,cuda,False,False,9,23,1279,0.5786468982696533
random,2,results_adamw_lr0p001,results_adamw_lr0p001,small_cnn,adamw,10,128,20000,0.001,0.9,0.0005,cuda,False,False,9,24,1280,-0.20725798606872559
random,2,results_adamw_lr0p001,results_adamw_lr0p001,small_cnn,adamw,10,128,20000,0.001,0.9,0.0005,cuda,False,False,9,25,1281,0.12472351640462875
random,2,results_adamw_lr0p001,results_adamw_lr0p001,small_cnn,adamw,10,128,20000,0.001,0.9,0.0005,cuda,False,False,9,26,1282,0.08791927248239517
random,2,results_adamw_lr0p001,results_adamw_lr0p001,small_cnn,adamw,10,128,20000,0.001,0.9,0.0005,cuda,False,False,9,27,1283,-0.39436420798301697
random,2,results_adamw_lr0p001,results_adamw_lr0p001,small_cnn,adamw,10,128,20000,0.001,0.9,0.0005,cuda,False,False,9,28,1284,0.0186757929623127
random,2,results_adamw_lr0p001,results_adamw_lr0p001,small_cnn,adamw,10,128,20000,0.001,0.9,0.0005,cuda,False,False,9,29,1285,0.69001305103302
random,2,results_adamw_lr0p001,results_adamw_lr0p001,small_cnn,adamw,10,128,20000,0.001,0.9,0.0005,cuda,False,False,9,30,1286,0.43817731738090515
random,2,results_adamw_lr0p001,results_adamw_lr0p001,small_cnn,adamw,10,128,20000,0.001,0.9,0.0005,cuda,False,False,9,31,1287,0.4096634089946747
random,2,results_adamw_lr0p001,results_adamw_lr0p001,small_cnn,adamw,10,128,20000,0.001,0.9,0.0005,cuda,False,False,9,32,1288,0.30531594157218933
random,2,results_adamw_lr0p001,results_adamw_lr0p001,small_cnn,adamw,10,128,20000,0.001,0.9,0.0005,cuda,False,False,9,33,1289,0.45030510425567627
random,2,results_adamw_lr0p001,results_adamw_lr0p001,small_cnn,adamw,10,128,20000,0.001,0.9,0.0005,cuda,False,False,9,34,1290,0.3696753978729248
random,2,results_adamw_lr0p001,results_adamw_lr0p001,small_cnn,adamw,10,128,20000,0.001,0.9,0.0005,cuda,False,False,9,35,1291,0.347694993019104
random,2,results_adamw_lr0p001,results_adamw_lr0p001,small_cnn,adamw,10,128,20000,0.001,0.9,0.0005,cuda,False,False,9,36,1292,0.5542600154876709
random,2,results_adamw_lr0p001,results_adamw_lr0p001,small_cnn,adamw,10,128,20000,0.001,0.9,0.0005,cuda,False,False,9,37,1293,0.1798235923051834
random,2,results_adamw_lr0p001,results_adamw_lr0p001,small_cnn,adamw,10,128,20000,0.001,0.9,0.0005,cuda,False,False,9,38,1294,-0.36423251032829285
random,2,results_adamw_lr0p001,results_adamw_lr0p001,small_cnn,adamw,10,128,20000,0.001,0.9,0.0005,cuda,False,False,9,39,1295,0.71666020154953
random,2,results_adamw_lr0p001,results_adamw_lr0p001,small_cnn,adamw,10,128,20000,0.001,0.9,0.0005,cuda,False,False,9,40,1296,0.11538258194923401
random,2,results_adamw_lr0p001,results_adamw_lr0p001,small_cnn,adamw,10,128,20000,0.001,0.9,0.0005,cuda,False,False,9,41,1297,-0.19093482196331024
random,2,results_adamw_lr0p001,results_adamw_lr0p001,small_cnn,adamw,10,128,20000,0.001,0.9,0.0005,cuda,False,False,9,42,1298,0.19368316233158112
random,2,results_adamw_lr0p001,results_adamw_lr0p001,small_cnn,adamw,10,128,20000,0.001,0.9,0.0005,cuda,False,False,9,43,1299,0.16834565997123718
random,2,results_adamw_lr0p001,results_adamw_lr0p001,small_cnn,adamw,10,128,20000,0.001,0.9,0.0005,cuda,False,False,9,44,1300,-0.004994036629796028
random,2,results_adamw_lr0p001,results_adamw_lr0p001,small_cnn,adamw,10,128,20000,0.001,0.9,0.0005,cuda,False,False,9,45,1301,0.37471815943717957
random,2,results_adamw_lr0p001,results_adamw_lr0p001,small_cnn,adamw,10,128,20000,0.001,0.9,0.0005,cuda,False,False,9,46,1302,0.33632054924964905
random,2,results_adamw_lr0p001,results_adamw_lr0p001,small_cnn,adamw,10,128,20000,0.001,0.9,0.0005,cuda,False,False,9,47,1303,0.4495573341846466
random,2,results_adamw_lr0p001,results_adamw_lr0p001,small_cnn,adamw,10,128,20000,0.001,0.9,0.0005,cuda,False,False,9,48,1304,0.5298993587493896
random,2,results_adamw_lr0p001,results_adamw_lr0p001,small_cnn,adamw,10,128,20000,0.001,0.9,0.0005,cuda,False,False,9,49,1305,0.051544684916734695
random,2,results_adamw_lr0p001,results_adamw_lr0p001,small_cnn,adamw,10,128,20000,0.001,0.9,0.0005,cuda,False,False,9,50,1306,0.09584560990333557
random,2,results_adamw_lr0p001,results_adamw_lr0p001,small_cnn,adamw,10,128,20000,0.001,0.9,0.0005,cuda,False,False,9,51,1307,0.6891804337501526
random,2,results_adamw_lr0p001,results_adamw_lr0p001,small_cnn,adamw,10,128,20000,0.001,0.9,0.0005,cuda,False,False,9,52,1308,0.5853395462036133
random,2,results_adamw_lr0p001,results_adamw_lr0p001,small_cnn,adamw,10,128,20000,0.001,0.9,0.0005,cuda,False,False,9,53,1309,0.24555595219135284
random,2,results_adamw_lr0p001,results_adamw_lr0p001,small_cnn,adamw,10,128,20000,0.001,0.9,0.0005,cuda,False,False,9,54,1310,0.7661339044570923
random,2,results_adamw_lr0p001,results_adamw_lr0p001,small_cnn,adamw,10,128,20000,0.001,0.9,0.0005,cuda,False,False,9,55,1311,-0.2072485387325287
random,2,results_adamw_lr0p001,results_adamw_lr0p001,small_cnn,adamw,10,128,20000,0.001,0.9,0.0005,cuda,False,False,9,56,1312,-0.21918964385986328
random,2,results_adamw_lr0p001,results_adamw_lr0p001,small_cnn,adamw,10,128,20000,0.001,0.9,0.0005,cuda,False,False,9,57,1313,0.6413425803184509
random,2,results_adamw_lr0p001,results_adamw_lr0p001,small_cnn,adamw,10,128,20000,0.001,0.9,0.0005,cuda,False,False,9,58,1314,0.6426311731338501
random,2,results_adamw_lr0p001,results_adamw_lr0p001,small_cnn,adamw,10,128,20000,0.001,0.9,0.0005,cuda,False,False,9,59,1315,0.28891226649284363
random,2,results_adamw_lr0p001,results_adamw_lr0p001,small_cnn,adamw,10,128,20000,0.001,0.9,0.0005,cuda,False,False,9,60,1316,0.4985954761505127
random,2,results_adamw_lr0p001,results_adamw_lr0p001,small_cnn,adamw,10,128,20000,0.001,0.9,0.0005,cuda,False,False,9,61,1317,-0.10365378111600876
random,2,results_adamw_lr0p001,results_adamw_lr0p001,small_cnn,adamw,10,128,20000,0.001,0.9,0.0005,cuda,False,False,9,62,1318,0.6448328495025635
random,2,results_adamw_lr0p001,results_adamw_lr0p001,small_cnn,adamw,10,128,20000,0.001,0.9,0.0005,cuda,False,False,9,63,1319,0.5922791957855225
random,2,results_adamw_lr0p001,results_adamw_lr0p001,small_cnn,adamw,10,128,20000,0.001,0.9,0.0005,cuda,False,False,9,64,1320,0.8313162922859192
random,2,results_adamw_lr0p001,results_adamw_lr0p001,small_cnn,adamw,10,128,20000,0.001,0.9,0.0005,cuda,False,False,9,65,1321,0.1903253048658371
random,2,results_adamw_lr0p001,results_adamw_lr0p001,small_cnn,adamw,10,128,20000,0.001,0.9,0.0005,cuda,False,False,9,66,1322,0.14921025931835175
random,2,results_adamw_lr0p001,results_adamw_lr0p001,small_cnn,adamw,10,128,20000,0.001,0.9,0.0005,cuda,False,False,9,67,1323,-0.02819196879863739
random,2,results_adamw_lr0p001,results_adamw_lr0p001,small_cnn,adamw,10,128,20000,0.001,0.9,0.0005,cuda,False,False,9,68,1324,0.291370689868927
random,2,results_adamw_lr0p001,results_adamw_lr0p001,small_cnn,adamw,10,128,20000,0.001,0.9,0.0005,cuda,False,False,9,69,1325,0.4844150245189667
random,2,results_adamw_lr0p001,results_adamw_lr0p001,small_cnn,adamw,10,128,20000,0.001,0.9,0.0005,cuda,False,False,9,70,1326,0.42609983682632446
random,2,results_adamw_lr0p001,results_adamw_lr0p001,small_cnn,adamw,10,128,20000,0.001,0.9,0.0005,cuda,False,False,9,71,1327,0.22550129890441895
random,2,results_adamw_lr0p001,results_adamw_lr0p001,small_cnn,adamw,10,128,20000,0.001,0.9,0.0005,cuda,False,False,9,72,1328,0.053566981106996536
random,2,results_adamw_lr0p001,results_adamw_lr0p001,small_cnn,adamw,10,128,20000,0.001,0.9,0.0005,cuda,False,False,9,73,1329,-0.24362875521183014
random,2,results_adamw_lr0p001,results_adamw_lr0p001,small_cnn,adamw,10,128,20000,0.001,0.9,0.0005,cuda,False,False,9,74,1330,0.08770309388637543
random,2,results_adamw_lr0p001,results_adamw_lr0p001,small_cnn,adamw,10,128,20000,0.001,0.9,0.0005,cuda,False,False,9,75,1331,0.20262794196605682
random,2,results_adamw_lr0p001,results_adamw_lr0p001,small_cnn,adamw,10,128,20000,0.001,0.9,0.0005,cuda,False,False,9,76,1332,0.7058263421058655
random,2,results_adamw_lr0p001,results_adamw_lr0p001,small_cnn,adamw,10,128,20000,0.001,0.9,0.0005,cuda,False,False,9,77,1333,0.3457554876804352
random,2,results_adamw_lr0p001,results_adamw_lr0p001,small_cnn,adamw,10,128,20000,0.001,0.9,0.0005,cuda,False,False,9,78,1334,0.15891535580158234
random,2,results_adamw_lr0p001,results_adamw_lr0p001,small_cnn,adamw,10,128,20000,0.001,0.9,0.0005,cuda,False,False,9,79,1335,-0.05166631564497948
random,2,results_adamw_lr0p001,results_adamw_lr0p001,small_cnn,adamw,10,128,20000,0.001,0.9,0.0005,cuda,False,False,9,80,1336,0.44717755913734436
random,2,results_adamw_lr0p001,results_adamw_lr0p001,small_cnn,adamw,10,128,20000,0.001,0.9,0.0005,cuda,False,False,9,81,1337,-0.284166544675827
random,2,results_adamw_lr0p001,results_adamw_lr0p001,small_cnn,adamw,10,128,20000,0.001,0.9,0.0005,cuda,False,False,9,82,1338,0.5495218634605408
random,2,results_adamw_lr0p001,results_adamw_lr0p001,small_cnn,adamw,10,128,20000,0.001,0.9,0.0005,cuda,False,False,9,83,1339,0.34901317954063416
random,2,results_adamw_lr0p001,results_adamw_lr0p001,small_cnn,adamw,10,128,20000,0.001,0.9,0.0005,cuda,False,False,9,84,1340,-0.021014362573623657
random,2,results_adamw_lr0p001,results_adamw_lr0p001,small_cnn,adamw,10,128,20000,0.001,0.9,0.0005,cuda,False,False,9,85,1341,0.09632524847984314
random,2,results_adamw_lr0p001,results_adamw_lr0p001,small_cnn,adamw,10,128,20000,0.001,0.9,0.0005,cuda,False,False,9,86,1342,0.3114989995956421
random,2,results_adamw_lr0p001,results_adamw_lr0p001,small_cnn,adamw,10,128,20000,0.001,0.9,0.0005,cuda,False,False,9,87,1343,-0.15057137608528137
random,2,results_adamw_lr0p001,results_adamw_lr0p001,small_cnn,adamw,10,128,20000,0.001,0.9,0.0005,cuda,False,False,9,88,1344,0.5348847508430481
random,2,results_adamw_lr0p001,results_adamw_lr0p001,small_cnn,adamw,10,128,20000,0.001,0.9,0.0005,cuda,False,False,9,89,1345,0.11667779833078384
random,2,results_adamw_lr0p001,results_adamw_lr0p001,small_cnn,adamw,10,128,20000,0.001,0.9,0.0005,cuda,False,False,9,90,1346,-0.21016709506511688
random,2,results_adamw_lr0p001,results_adamw_lr0p001,small_cnn,adamw,10,128,20000,0.001,0.9,0.0005,cuda,False,False,9,91,1347,-0.09939844161272049
random,2,results_adamw_lr0p001,results_adamw_lr0p001,small_cnn,adamw,10,128,20000,0.001,0.9,0.0005,cuda,False,False,9,92,1348,0.30231228470802307
random,2,results_adamw_lr0p001,results_adamw_lr0p001,small_cnn,adamw,10,128,20000,0.001,0.9,0.0005,cuda,False,False,9,93,1349,-0.2544362246990204
random,2,results_adamw_lr0p001,results_adamw_lr0p001,small_cnn,adamw,10,128,20000,0.001,0.9,0.0005,cuda,False,False,9,94,1350,0.6906102895736694
random,2,results_adamw_lr0p001,results_adamw_lr0p001,small_cnn,adamw,10,128,20000,0.001,0.9,0.0005,cuda,False,False,9,95,1351,-0.3296130895614624
random,2,results_adamw_lr0p001,results_adamw_lr0p001,small_cnn,adamw,10,128,20000,0.001,0.9,0.0005,cuda,False,False,9,96,1352,-0.1529686003923416
random,2,results_adamw_lr0p001,results_adamw_lr0p001,small_cnn,adamw,10,128,20000,0.001,0.9,0.0005,cuda,False,False,9,97,1353,0.33671364188194275
random,2,results_adamw_lr0p001,results_adamw_lr0p001,small_cnn,adamw,10,128,20000,0.001,0.9,0.0005,cuda,False,False,9,98,1354,0.24516519904136658
random,2,results_adamw_lr0p001,results_adamw_lr0p001,small_cnn,adamw,10,128,20000,0.001,0.9,0.0005,cuda,False,False,9,99,1355,0.08448044210672379
random,2,results_adamw_lr0p001,results_adamw_lr0p001,small_cnn,adamw,10,128,20000,0.001,0.9,0.0005,cuda,False,False,9,100,1356,0.22907938063144684
random,2,results_adamw_lr0p001,results_adamw_lr0p001,small_cnn,adamw,10,128,20000,0.001,0.9,0.0005,cuda,False,False,9,101,1357,-0.25238075852394104
random,2,results_adamw_lr0p001,results_adamw_lr0p001,small_cnn,adamw,10,128,20000,0.001,0.9,0.0005,cuda,False,False,9,102,1358,0.285002738237381
random,2,results_adamw_lr0p001,results_adamw_lr0p001,small_cnn,adamw,10,128,20000,0.001,0.9,0.0005,cuda,False,False,9,103,1359,0.014316609129309654
random,2,results_adamw_lr0p001,results_adamw_lr0p001,small_cnn,adamw,10,128,20000,0.001,0.9,0.0005,cuda,False,False,9,104,1360,-4.504155367612839e-05
random,2,results_adamw_lr0p001,results_adamw_lr0p001,small_cnn,adamw,10,128,20000,0.001,0.9,0.0005,cuda,False,False,9,105,1361,-0.008874346502125263
random,2,results_adamw_lr0p001,results_adamw_lr0p001,small_cnn,adamw,10,128,20000,0.001,0.9,0.0005,cuda,False,False,9,106,1362,-0.13682381808757782
random,2,results_adamw_lr0p001,results_adamw_lr0p001,small_cnn,adamw,10,128,20000,0.001,0.9,0.0005,cuda,False,False,9,107,1363,-0.24454763531684875
random,2,results_adamw_lr0p001,results_adamw_lr0p001,small_cnn,adamw,10,128,20000,0.001,0.9,0.0005,cuda,False,False,9,108,1364,0.28094688057899475
random,2,results_adamw_lr0p001,results_adamw_lr0p001,small_cnn,adamw,10,128,20000,0.001,0.9,0.0005,cuda,False,False,9,109,1365,0.02281499281525612
random,2,results_adamw_lr0p001,results_adamw_lr0p001,small_cnn,adamw,10,128,20000,0.001,0.9,0.0005,cuda,False,False,9,110,1366,0.14187543094158173
random,2,results_adamw_lr0p001,results_adamw_lr0p001,small_cnn,adamw,10,128,20000,0.001,0.9,0.0005,cuda,False,False,9,111,1367,-0.236670583486557
random,2,results_adamw_lr0p001,results_adamw_lr0p001,small_cnn,adamw,10,128,20000,0.001,0.9,0.0005,cuda,False,False,9,112,1368,0.467664510011673
random,2,results_adamw_lr0p001,results_adamw_lr0p001,small_cnn,adamw,10,128,20000,0.001,0.9,0.0005,cuda,False,False,9,113,1369,0.556283712387085
random,2,results_adamw_lr0p001,results_adamw_lr0p001,small_cnn,adamw,10,128,20000,0.001,0.9,0.0005,cuda,False,False,9,114,1370,0.6038179397583008
random,2,results_adamw_lr0p001,results_adamw_lr0p001,small_cnn,adamw,10,128,20000,0.001,0.9,0.0005,cuda,False,False,9,115,1371,0.7286885380744934
random,2,results_adamw_lr0p001,results_adamw_lr0p001,small_cnn,adamw,10,128,20000,0.001,0.9,0.0005,cuda,False,False,9,116,1372,0.1241680234670639
random,2,results_adamw_lr0p001,results_adamw_lr0p001,small_cnn,adamw,10,128,20000,0.001,0.9,0.0005,cuda,False,False,9,117,1373,0.289458692073822
random,2,results_adamw_lr0p001,results_adamw_lr0p001,small_cnn,adamw,10,128,20000,0.001,0.9,0.0005,cuda,False,False,9,118,1374,0.29152169823646545
random,2,results_adamw_lr0p001,results_adamw_lr0p001,small_cnn,adamw,10,128,20000,0.001,0.9,0.0005,cuda,False,False,9,119,1375,0.24257934093475342
random,2,results_adamw_lr0p001,results_adamw_lr0p001,small_cnn,adamw,10,128,20000,0.001,0.9,0.0005,cuda,False,False,9,120,1376,0.30378907918930054
random,2,results_adamw_lr0p001,results_adamw_lr0p001,small_cnn,adamw,10,128,20000,0.001,0.9,0.0005,cuda,False,False,9,121,1377,0.5166612267494202
random,2,results_adamw_lr0p001,results_adamw_lr0p001,small_cnn,adamw,10,128,20000,0.001,0.9,0.0005,cuda,False,False,9,122,1378,-0.39313188195228577
random,2,results_adamw_lr0p001,results_adamw_lr0p001,small_cnn,adamw,10,128,20000,0.001,0.9,0.0005,cuda,False,False,9,123,1379,-0.16303737461566925
random,2,results_adamw_lr0p001,results_adamw_lr0p001,small_cnn,adamw,10,128,20000,0.001,0.9,0.0005,cuda,False,False,9,124,1380,0.7555084228515625
random,2,results_adamw_lr0p001,results_adamw_lr0p001,small_cnn,adamw,10,128,20000,0.001,0.9,0.0005,cuda,False,False,9,125,1381,0.67717045545578
random,2,results_adamw_lr0p001,results_adamw_lr0p001,small_cnn,adamw,10,128,20000,0.001,0.9,0.0005,cuda,False,False,9,126,1382,0.3601202368736267
random,2,results_adamw_lr0p001,results_adamw_lr0p001,small_cnn,adamw,10,128,20000,0.001,0.9,0.0005,cuda,False,False,9,127,1383,-0.005000066943466663
random,2,results_adamw_lr0p001,results_adamw_lr0p001,small_cnn,adamw,10,128,20000,0.001,0.9,0.0005,cuda,False,False,9,128,1384,0.4709080159664154
random,2,results_adamw_lr0p001,results_adamw_lr0p001,small_cnn,adamw,10,128,20000,0.001,0.9,0.0005,cuda,False,False,9,129,1385,0.2875215411186218
random,2,results_adamw_lr0p001,results_adamw_lr0p001,small_cnn,adamw,10,128,20000,0.001,0.9,0.0005,cuda,False,False,9,130,1386,0.026701826602220535
random,2,results_adamw_lr0p001,results_adamw_lr0p001,small_cnn,adamw,10,128,20000,0.001,0.9,0.0005,cuda,False,False,9,131,1387,-0.08091994374990463
random,2,results_adamw_lr0p001,results_adamw_lr0p001,small_cnn,adamw,10,128,20000,0.001,0.9,0.0005,cuda,False,False,9,132,1388,0.03949517011642456
random,2,results_adamw_lr0p001,results_adamw_lr0p001,small_cnn,adamw,10,128,20000,0.001,0.9,0.0005,cuda,False,False,9,133,1389,0.2758016586303711
random,2,results_adamw_lr0p001,results_adamw_lr0p001,small_cnn,adamw,10,128,20000,0.001,0.9,0.0005,cuda,False,False,9,134,1390,0.40940558910369873
random,2,results_adamw_lr0p001,results_adamw_lr0p001,small_cnn,adamw,10,128,20000,0.001,0.9,0.0005,cuda,False,False,9,135,1391,-0.34756138920783997
random,2,results_adamw_lr0p001,results_adamw_lr0p001,small_cnn,adamw,10,128,20000,0.001,0.9,0.0005,cuda,False,False,9,136,1392,0.657313346862793
random,2,results_adamw_lr0p001,results_adamw_lr0p001,small_cnn,adamw,10,128,20000,0.001,0.9,0.0005,cuda,False,False,9,137,1393,0.6604286432266235
random,2,results_adamw_lr0p001,results_adamw_lr0p001,small_cnn,adamw,10,128,20000,0.001,0.9,0.0005,cuda,False,False,9,138,1394,0.5896217823028564
random,2,results_adamw_lr0p001,results_adamw_lr0p001,small_cnn,adamw,10,128,20000,0.001,0.9,0.0005,cuda,False,False,9,139,1395,0.7045276165008545
random,2,results_adamw_lr0p001,results_adamw_lr0p001,small_cnn,adamw,10,128,20000,0.001,0.9,0.0005,cuda,False,False,9,140,1396,-0.3338888883590698
random,2,results_adamw_lr0p001,results_adamw_lr0p001,small_cnn,adamw,10,128,20000,0.001,0.9,0.0005,cuda,False,False,9,141,1397,0.6079275012016296
random,2,results_adamw_lr0p001,results_adamw_lr0p001,small_cnn,adamw,10,128,20000,0.001,0.9,0.0005,cuda,False,False,9,142,1398,0.7019528150558472
random,2,results_adamw_lr0p001,results_adamw_lr0p001,small_cnn,adamw,10,128,20000,0.001,0.9,0.0005,cuda,False,False,9,143,1399,0.3587079346179962
random,2,results_adamw_lr0p001,results_adamw_lr0p001,small_cnn,adamw,10,128,20000,0.001,0.9,0.0005,cuda,False,False,9,144,1400,0.15094172954559326
random,2,results_adamw_lr0p001,results_adamw_lr0p001,small_cnn,adamw,10,128,20000,0.001,0.9,0.0005,cuda,False,False,9,145,1401,0.45214274525642395
random,2,results_adamw_lr0p001,results_adamw_lr0p001,small_cnn,adamw,10,128,20000,0.001,0.9,0.0005,cuda,False,False,9,146,1402,0.46382343769073486
random,2,results_adamw_lr0p001,results_adamw_lr0p001,small_cnn,adamw,10,128,20000,0.001,0.9,0.0005,cuda,False,False,9,147,1403,0.5157037377357483
random,2,results_adamw_lr0p001,results_adamw_lr0p001,small_cnn,adamw,10,128,20000,0.001,0.9,0.0005,cuda,False,False,9,148,1404,0.3667512834072113
random,2,results_adamw_lr0p001,results_adamw_lr0p001,small_cnn,adamw,10,128,20000,0.001,0.9,0.0005,cuda,False,False,9,149,1405,-0.013761848211288452
random,2,results_adamw_lr0p001,results_adamw_lr0p001,small_cnn,adamw,10,128,20000,0.001,0.9,0.0005,cuda,False,False,9,150,1406,0.29044923186302185
random,2,results_adamw_lr0p001,results_adamw_lr0p001,small_cnn,adamw,10,128,20000,0.001,0.9,0.0005,cuda,False,False,9,151,1407,0.3003074526786804
random,2,results_adamw_lr0p001,results_adamw_lr0p001,small_cnn,adamw,10,128,20000,0.001,0.9,0.0005,cuda,False,False,9,152,1408,0.4373290538787842
random,2,results_adamw_lr0p001,results_adamw_lr0p001,small_cnn,adamw,10,128,20000,0.001,0.9,0.0005,cuda,False,False,9,153,1409,0.5970132350921631
random,2,results_adamw_lr0p001,results_adamw_lr0p001,small_cnn,adamw,10,128,20000,0.001,0.9,0.0005,cuda,False,False,9,154,1410,-0.24507972598075867
random,2,results_adamw_lr0p001,results_adamw_lr0p001,small_cnn,adamw,10,128,20000,0.001,0.9,0.0005,cuda,False,False,9,155,1411,0.03263825923204422
random,2,results_adamw_lr0p001,results_adamw_lr0p001,small_cnn,adamw,10,128,20000,0.001,0.9,0.0005,cuda,False,False,9,156,1412,-0.22280830144882202
random,2,results_adamw_lr0p001,results_adamw_lr0p001,small_cnn,adamw,10,128,20000,0.001,0.9,0.0005,cuda,False,False,9,157,1413,-0.053776808083057404
random,2,results_adamw_lr0p001,results_adamw_lr0p001,small_cnn,adamw,10,128,20000,0.001,0.9,0.0005,cuda,False,False,10,1,1414,0.2122473567724228
random,2,results_adamw_lr0p001,results_adamw_lr0p001,small_cnn,adamw,10,128,20000,0.001,0.9,0.0005,cuda,False,False,10,2,1415,0.23636117577552795
random,2,results_adamw_lr0p001,results_adamw_lr0p001,small_cnn,adamw,10,128,20000,0.001,0.9,0.0005,cuda,False,False,10,3,1416,-0.17012742161750793
random,2,results_adamw_lr0p001,results_adamw_lr0p001,small_cnn,adamw,10,128,20000,0.001,0.9,0.0005,cuda,False,False,10,4,1417,0.5759798288345337
random,2,results_adamw_lr0p001,results_adamw_lr0p001,small_cnn,adamw,10,128,20000,0.001,0.9,0.0005,cuda,False,False,10,5,1418,-0.05498124286532402
random,2,results_adamw_lr0p001,results_adamw_lr0p001,small_cnn,adamw,10,128,20000,0.001,0.9,0.0005,cuda,False,False,10,6,1419,0.7386282086372375
random,2,results_adamw_lr0p001,results_adamw_lr0p001,small_cnn,adamw,10,128,20000,0.001,0.9,0.0005,cuda,False,False,10,7,1420,0.4119178056716919
random,2,results_adamw_lr0p001,results_adamw_lr0p001,small_cnn,adamw,10,128,20000,0.001,0.9,0.0005,cuda,False,False,10,8,1421,-0.22704151272773743
random,2,results_adamw_lr0p001,results_adamw_lr0p001,small_cnn,adamw,10,128,20000,0.001,0.9,0.0005,cuda,False,False,10,9,1422,0.19731992483139038
random,2,results_adamw_lr0p001,results_adamw_lr0p001,small_cnn,adamw,10,128,20000,0.001,0.9,0.0005,cuda,False,False,10,10,1423,0.13591966032981873
random,2,results_adamw_lr0p001,results_adamw_lr0p001,small_cnn,adamw,10,128,20000,0.001,0.9,0.0005,cuda,False,False,10,11,1424,0.0934818685054779
random,2,results_adamw_lr0p001,results_adamw_lr0p001,small_cnn,adamw,10,128,20000,0.001,0.9,0.0005,cuda,False,False,10,12,1425,0.087009958922863
random,2,results_adamw_lr0p001,results_adamw_lr0p001,small_cnn,adamw,10,128,20000,0.001,0.9,0.0005,cuda,False,False,10,13,1426,0.4932389557361603
random,2,results_adamw_lr0p001,results_adamw_lr0p001,small_cnn,adamw,10,128,20000,0.001,0.9,0.0005,cuda,False,False,10,14,1427,0.269557923078537
random,2,results_adamw_lr0p001,results_adamw_lr0p001,small_cnn,adamw,10,128,20000,0.001,0.9,0.0005,cuda,False,False,10,15,1428,-0.5699495673179626
random,2,results_adamw_lr0p001,results_adamw_lr0p001,small_cnn,adamw,10,128,20000,0.001,0.9,0.0005,cuda,False,False,10,16,1429,-0.06012449041008949
random,2,results_adamw_lr0p001,results_adamw_lr0p001,small_cnn,adamw,10,128,20000,0.001,0.9,0.0005,cuda,False,False,10,17,1430,0.3901499807834625
random,2,results_adamw_lr0p001,results_adamw_lr0p001,small_cnn,adamw,10,128,20000,0.001,0.9,0.0005,cuda,False,False,10,18,1431,0.20514532923698425
random,2,results_adamw_lr0p001,results_adamw_lr0p001,small_cnn,adamw,10,128,20000,0.001,0.9,0.0005,cuda,False,False,10,19,1432,0.21877272427082062
random,2,results_adamw_lr0p001,results_adamw_lr0p001,small_cnn,adamw,10,128,20000,0.001,0.9,0.0005,cuda,False,False,10,20,1433,0.44722169637680054
random,2,results_adamw_lr0p001,results_adamw_lr0p001,small_cnn,adamw,10,128,20000,0.001,0.9,0.0005,cuda,False,False,10,21,1434,0.30659183859825134
random,2,results_adamw_lr0p001,results_adamw_lr0p001,small_cnn,adamw,10,128,20000,0.001,0.9,0.0005,cuda,False,False,10,22,1435,-0.20253528654575348
random,2,results_adamw_lr0p001,results_adamw_lr0p001,small_cnn,adamw,10,128,20000,0.001,0.9,0.0005,cuda,False,False,10,23,1436,0.39724504947662354
random,2,results_adamw_lr0p001,results_adamw_lr0p001,small_cnn,adamw,10,128,20000,0.001,0.9,0.0005,cuda,False,False,10,24,1437,-0.23660063743591309
random,2,results_adamw_lr0p001,results_adamw_lr0p001,small_cnn,adamw,10,128,20000,0.001,0.9,0.0005,cuda,False,False,10,25,1438,0.6291582584381104
random,2,results_adamw_lr0p001,results_adamw_lr0p001,small_cnn,adamw,10,128,20000,0.001,0.9,0.0005,cuda,False,False,10,26,1439,0.36468157172203064
random,2,results_adamw_lr0p001,results_adamw_lr0p001,small_cnn,adamw,10,128,20000,0.001,0.9,0.0005,cuda,False,False,10,27,1440,0.4754093289375305
random,2,results_adamw_lr0p001,results_adamw_lr0p001,small_cnn,adamw,10,128,20000,0.001,0.9,0.0005,cuda,False,False,10,28,1441,0.6681740880012512
random,2,results_adamw_lr0p001,results_adamw_lr0p001,small_cnn,adamw,10,128,20000,0.001,0.9,0.0005,cuda,False,False,10,29,1442,0.1388227641582489
random,2,results_adamw_lr0p001,results_adamw_lr0p001,small_cnn,adamw,10,128,20000,0.001,0.9,0.0005,cuda,False,False,10,30,1443,0.12239570170640945
random,2,results_adamw_lr0p001,results_adamw_lr0p001,small_cnn,adamw,10,128,20000,0.001,0.9,0.0005,cuda,False,False,10,31,1444,0.43678075075149536
random,2,results_adamw_lr0p001,results_adamw_lr0p001,small_cnn,adamw,10,128,20000,0.001,0.9,0.0005,cuda,False,False,10,32,1445,0.6128917932510376
random,2,results_adamw_lr0p001,results_adamw_lr0p001,small_cnn,adamw,10,128,20000,0.001,0.9,0.0005,cuda,False,False,10,33,1446,0.29912179708480835
random,2,results_adamw_lr0p001,results_adamw_lr0p001,small_cnn,adamw,10,128,20000,0.001,0.9,0.0005,cuda,False,False,10,34,1447,0.08829718083143234
random,2,results_adamw_lr0p001,results_adamw_lr0p001,small_cnn,adamw,10,128,20000,0.001,0.9,0.0005,cuda,False,False,10,35,1448,0.348837673664093
random,2,results_adamw_lr0p001,results_adamw_lr0p001,small_cnn,adamw,10,128,20000,0.001,0.9,0.0005,cuda,False,False,10,36,1449,0.11460615694522858
random,2,results_adamw_lr0p001,results_adamw_lr0p001,small_cnn,adamw,10,128,20000,0.001,0.9,0.0005,cuda,False,False,10,37,1450,0.7473569512367249
random,2,results_adamw_lr0p001,results_adamw_lr0p001,small_cnn,adamw,10,128,20000,0.001,0.9,0.0005,cuda,False,False,10,38,1451,0.5551586747169495
random,2,results_adamw_lr0p001,results_adamw_lr0p001,small_cnn,adamw,10,128,20000,0.001,0.9,0.0005,cuda,False,False,10,39,1452,0.4522492289543152
random,2,results_adamw_lr0p001,results_adamw_lr0p001,small_cnn,adamw,10,128,20000,0.001,0.9,0.0005,cuda,False,False,10,40,1453,-0.11533074080944061
random,2,results_adamw_lr0p001,results_adamw_lr0p001,small_cnn,adamw,10,128,20000,0.001,0.9,0.0005,cuda,False,False,10,41,1454,0.7115429639816284
random,2,results_adamw_lr0p001,results_adamw_lr0p001,small_cnn,adamw,10,128,20000,0.001,0.9,0.0005,cuda,False,False,10,42,1455,0.5840669870376587
random,2,results_adamw_lr0p001,results_adamw_lr0p001,small_cnn,adamw,10,128,20000,0.001,0.9,0.0005,cuda,False,False,10,43,1456,0.6976004242897034
random,2,results_adamw_lr0p001,results_adamw_lr0p001,small_cnn,adamw,10,128,20000,0.001,0.9,0.0005,cuda,False,False,10,44,1457,0.5419670343399048
random,2,results_adamw_lr0p001,results_adamw_lr0p001,small_cnn,adamw,10,128,20000,0.001,0.9,0.0005,cuda,False,False,10,45,1458,0.21122248470783234
random,2,results_adamw_lr0p001,results_adamw_lr0p001,small_cnn,adamw,10,128,20000,0.001,0.9,0.0005,cuda,False,False,10,46,1459,-0.29916316270828247
random,2,results_adamw_lr0p001,results_adamw_lr0p001,small_cnn,adamw,10,128,20000,0.001,0.9,0.0005,cuda,False,False,10,47,1460,0.6732715368270874
random,2,results_adamw_lr0p001,results_adamw_lr0p001,small_cnn,adamw,10,128,20000,0.001,0.9,0.0005,cuda,False,False,10,48,1461,0.5978816151618958
random,2,results_adamw_lr0p001,results_adamw_lr0p001,small_cnn,adamw,10,128,20000,0.001,0.9,0.0005,cuda,False,False,10,49,1462,0.5277140140533447
random,2,results_adamw_lr0p001,results_adamw_lr0p001,small_cnn,adamw,10,128,20000,0.001,0.9,0.0005,cuda,False,False,10,50,1463,0.651625394821167
random,2,results_adamw_lr0p001,results_adamw_lr0p001,small_cnn,adamw,10,128,20000,0.001,0.9,0.0005,cuda,False,False,10,51,1464,-0.16928519308567047
random,2,results_adamw_lr0p001,results_adamw_lr0p001,small_cnn,adamw,10,128,20000,0.001,0.9,0.0005,cuda,False,False,10,52,1465,0.5889148712158203
random,2,results_adamw_lr0p001,results_adamw_lr0p001,small_cnn,adamw,10,128,20000,0.001,0.9,0.0005,cuda,False,False,10,53,1466,0.45269063115119934
random,2,results_adamw_lr0p001,results_adamw_lr0p001,small_cnn,adamw,10,128,20000,0.001,0.9,0.0005,cuda,False,False,10,54,1467,0.45704761147499084
random,2,results_adamw_lr0p001,results_adamw_lr0p001,small_cnn,adamw,10,128,20000,0.001,0.9,0.0005,cuda,False,False,10,55,1468,0.08366570621728897
random,2,results_adamw_lr0p001,results_adamw_lr0p001,small_cnn,adamw,10,128,20000,0.001,0.9,0.0005,cuda,False,False,10,56,1469,0.2813433110713959
random,2,results_adamw_lr0p001,results_adamw_lr0p001,small_cnn,adamw,10,128,20000,0.001,0.9,0.0005,cuda,False,False,10,57,1470,0.16143378615379333
random,2,results_adamw_lr0p001,results_adamw_lr0p001,small_cnn,adamw,10,128,20000,0.001,0.9,0.0005,cuda,False,False,10,58,1471,0.663604199886322
random,2,results_adamw_lr0p001,results_adamw_lr0p001,small_cnn,adamw,10,128,20000,0.001,0.9,0.0005,cuda,False,False,10,59,1472,0.5855385661125183
random,2,results_adamw_lr0p001,results_adamw_lr0p001,small_cnn,adamw,10,128,20000,0.001,0.9,0.0005,cuda,False,False,10,60,1473,0.10446585714817047
random,2,results_adamw_lr0p001,results_adamw_lr0p001,small_cnn,adamw,10,128,20000,0.001,0.9,0.0005,cuda,False,False,10,61,1474,0.4981103241443634
random,2,results_adamw_lr0p001,results_adamw_lr0p001,small_cnn,adamw,10,128,20000,0.001,0.9,0.0005,cuda,False,False,10,62,1475,-0.42174839973449707
random,2,results_adamw_lr0p001,results_adamw_lr0p001,small_cnn,adamw,10,128,20000,0.001,0.9,0.0005,cuda,False,False,10,63,1476,0.500782310962677
random,2,results_adamw_lr0p001,results_adamw_lr0p001,small_cnn,adamw,10,128,20000,0.001,0.9,0.0005,cuda,False,False,10,64,1477,0.8060874342918396
random,2,results_adamw_lr0p001,results_adamw_lr0p001,small_cnn,adamw,10,128,20000,0.001,0.9,0.0005,cuda,False,False,10,65,1478,0.4729492664337158
random,2,results_adamw_lr0p001,results_adamw_lr0p001,small_cnn,adamw,10,128,20000,0.001,0.9,0.0005,cuda,False,False,10,66,1479,0.4468710124492645
random,2,results_adamw_lr0p001,results_adamw_lr0p001,small_cnn,adamw,10,128,20000,0.001,0.9,0.0005,cuda,False,False,10,67,1480,0.5422291159629822
random,2,results_adamw_lr0p001,results_adamw_lr0p001,small_cnn,adamw,10,128,20000,0.001,0.9,0.0005,cuda,False,False,10,68,1481,-0.04752172902226448
random,2,results_adamw_lr0p001,results_adamw_lr0p001,small_cnn,adamw,10,128,20000,0.001,0.9,0.0005,cuda,False,False,10,69,1482,0.5613211393356323
random,2,results_adamw_lr0p001,results_adamw_lr0p001,small_cnn,adamw,10,128,20000,0.001,0.9,0.0005,cuda,False,False,10,70,1483,0.40507417917251587
random,2,results_adamw_lr0p001,results_adamw_lr0p001,small_cnn,adamw,10,128,20000,0.001,0.9,0.0005,cuda,False,False,10,71,1484,0.10022562742233276
random,2,results_adamw_lr0p001,results_adamw_lr0p001,small_cnn,adamw,10,128,20000,0.001,0.9,0.0005,cuda,False,False,10,72,1485,0.3478778600692749
random,2,results_adamw_lr0p001,results_adamw_lr0p001,small_cnn,adamw,10,128,20000,0.001,0.9,0.0005,cuda,False,False,10,73,1486,0.8164495825767517
random,2,results_adamw_lr0p001,results_adamw_lr0p001,small_cnn,adamw,10,128,20000,0.001,0.9,0.0005,cuda,False,False,10,74,1487,0.245594322681427
random,2,results_adamw_lr0p001,results_adamw_lr0p001,small_cnn,adamw,10,128,20000,0.001,0.9,0.0005,cuda,False,False,10,75,1488,0.06189575046300888
random,2,results_adamw_lr0p001,results_adamw_lr0p001,small_cnn,adamw,10,128,20000,0.001,0.9,0.0005,cuda,False,False,10,76,1489,0.08138343691825867
random,2,results_adamw_lr0p001,results_adamw_lr0p001,small_cnn,adamw,10,128,20000,0.001,0.9,0.0005,cuda,False,False,10,77,1490,0.37334227561950684
random,2,results_adamw_lr0p001,results_adamw_lr0p001,small_cnn,adamw,10,128,20000,0.001,0.9,0.0005,cuda,False,False,10,78,1491,0.22129222750663757
random,2,results_adamw_lr0p001,results_adamw_lr0p001,small_cnn,adamw,10,128,20000,0.001,0.9,0.0005,cuda,False,False,10,79,1492,0.7503480315208435
random,2,results_adamw_lr0p001,results_adamw_lr0p001,small_cnn,adamw,10,128,20000,0.001,0.9,0.0005,cuda,False,False,10,80,1493,0.549639880657196
random,2,results_adamw_lr0p001,results_adamw_lr0p001,small_cnn,adamw,10,128,20000,0.001,0.9,0.0005,cuda,False,False,10,81,1494,-0.06642124056816101
random,2,results_adamw_lr0p001,results_adamw_lr0p001,small_cnn,adamw,10,128,20000,0.001,0.9,0.0005,cuda,False,False,10,82,1495,0.4167971611022949
random,2,results_adamw_lr0p001,results_adamw_lr0p001,small_cnn,adamw,10,128,20000,0.001,0.9,0.0005,cuda,False,False,10,83,1496,0.7646011114120483
random,2,results_adamw_lr0p001,results_adamw_lr0p001,small_cnn,adamw,10,128,20000,0.001,0.9,0.0005,cuda,False,False,10,84,1497,0.7453294396400452
random,2,results_adamw_lr0p001,results_adamw_lr0p001,small_cnn,adamw,10,128,20000,0.001,0.9,0.0005,cuda,False,False,10,85,1498,0.36786648631095886
random,2,results_adamw_lr0p001,results_adamw_lr0p001,small_cnn,adamw,10,128,20000,0.001,0.9,0.0005,cuda,False,False,10,86,1499,-0.16482219099998474
random,2,results_adamw_lr0p001,results_adamw_lr0p001,small_cnn,adamw,10,128,20000,0.001,0.9,0.0005,cuda,False,False,10,87,1500,0.42565780878067017
random,2,results_adamw_lr0p001,results_adamw_lr0p001,small_cnn,adamw,10,128,20000,0.001,0.9,0.0005,cuda,False,False,10,88,1501,0.611088752746582
random,2,results_adamw_lr0p001,results_adamw_lr0p001,small_cnn,adamw,10,128,20000,0.001,0.9,0.0005,cuda,False,False,10,89,1502,0.16826780140399933
random,2,results_adamw_lr0p001,results_adamw_lr0p001,small_cnn,adamw,10,128,20000,0.001,0.9,0.0005,cuda,False,False,10,90,1503,-0.004270302131772041
random,2,results_adamw_lr0p001,results_adamw_lr0p001,small_cnn,adamw,10,128,20000,0.001,0.9,0.0005,cuda,False,False,10,91,1504,0.013601171784102917
random,2,results_adamw_lr0p001,results_adamw_lr0p001,small_cnn,adamw,10,128,20000,0.001,0.9,0.0005,cuda,False,False,10,92,1505,-0.6038947701454163
random,2,results_adamw_lr0p001,results_adamw_lr0p001,small_cnn,adamw,10,128,20000,0.001,0.9,0.0005,cuda,False,False,10,93,1506,-0.06021801009774208
random,2,results_adamw_lr0p001,results_adamw_lr0p001,small_cnn,adamw,10,128,20000,0.001,0.9,0.0005,cuda,False,False,10,94,1507,-0.32563501596450806
random,2,results_adamw_lr0p001,results_adamw_lr0p001,small_cnn,adamw,10,128,20000,0.001,0.9,0.0005,cuda,False,False,10,95,1508,0.18206654489040375
random,2,results_adamw_lr0p001,results_adamw_lr0p001,small_cnn,adamw,10,128,20000,0.001,0.9,0.0005,cuda,False,False,10,96,1509,0.3342230021953583
random,2,results_adamw_lr0p001,results_adamw_lr0p001,small_cnn,adamw,10,128,20000,0.001,0.9,0.0005,cuda,False,False,10,97,1510,-0.49616315960884094
random,2,results_adamw_lr0p001,results_adamw_lr0p001,small_cnn,adamw,10,128,20000,0.001,0.9,0.0005,cuda,False,False,10,98,1511,0.2182781994342804
random,2,results_adamw_lr0p001,results_adamw_lr0p001,small_cnn,adamw,10,128,20000,0.001,0.9,0.0005,cuda,False,False,10,99,1512,0.5840413570404053
random,2,results_adamw_lr0p001,results_adamw_lr0p001,small_cnn,adamw,10,128,20000,0.001,0.9,0.0005,cuda,False,False,10,100,1513,0.5011586546897888
random,2,results_adamw_lr0p001,results_adamw_lr0p001,small_cnn,adamw,10,128,20000,0.001,0.9,0.0005,cuda,False,False,10,101,1514,-0.26409581303596497
random,2,results_adamw_lr0p001,results_adamw_lr0p001,small_cnn,adamw,10,128,20000,0.001,0.9,0.0005,cuda,False,False,10,102,1515,0.432027131319046
random,2,results_adamw_lr0p001,results_adamw_lr0p001,small_cnn,adamw,10,128,20000,0.001,0.9,0.0005,cuda,False,False,10,103,1516,0.0024685761891305447
random,2,results_adamw_lr0p001,results_adamw_lr0p001,small_cnn,adamw,10,128,20000,0.001,0.9,0.0005,cuda,False,False,10,104,1517,-0.2923332154750824
random,2,results_adamw_lr0p001,results_adamw_lr0p001,small_cnn,adamw,10,128,20000,0.001,0.9,0.0005,cuda,False,False,10,105,1518,-0.19213685393333435
random,2,results_adamw_lr0p001,results_adamw_lr0p001,small_cnn,adamw,10,128,20000,0.001,0.9,0.0005,cuda,False,False,10,106,1519,-0.0046398090198636055
random,2,results_adamw_lr0p001,results_adamw_lr0p001,small_cnn,adamw,10,128,20000,0.001,0.9,0.0005,cuda,False,False,10,107,1520,0.0035813823342323303
random,2,results_adamw_lr0p001,results_adamw_lr0p001,small_cnn,adamw,10,128,20000,0.001,0.9,0.0005,cuda,False,False,10,108,1521,0.5164918899536133
random,2,results_adamw_lr0p001,results_adamw_lr0p001,small_cnn,adamw,10,128,20000,0.001,0.9,0.0005,cuda,False,False,10,109,1522,-0.29328107833862305
random,2,results_adamw_lr0p001,results_adamw_lr0p001,small_cnn,adamw,10,128,20000,0.001,0.9,0.0005,cuda,False,False,10,110,1523,0.42798101902008057
random,2,results_adamw_lr0p001,results_adamw_lr0p001,small_cnn,adamw,10,128,20000,0.001,0.9,0.0005,cuda,False,False,10,111,1524,0.09056015312671661
random,2,results_adamw_lr0p001,results_adamw_lr0p001,small_cnn,adamw,10,128,20000,0.001,0.9,0.0005,cuda,False,False,10,112,1525,0.12329792976379395
random,2,results_adamw_lr0p001,results_adamw_lr0p001,small_cnn,adamw,10,128,20000,0.001,0.9,0.0005,cuda,False,False,10,113,1526,-0.1727079600095749
random,2,results_adamw_lr0p001,results_adamw_lr0p001,small_cnn,adamw,10,128,20000,0.001,0.9,0.0005,cuda,False,False,10,114,1527,0.4478609561920166
random,2,results_adamw_lr0p001,results_adamw_lr0p001,small_cnn,adamw,10,128,20000,0.001,0.9,0.0005,cuda,False,False,10,115,1528,0.6976730823516846
random,2,results_adamw_lr0p001,results_adamw_lr0p001,small_cnn,adamw,10,128,20000,0.001,0.9,0.0005,cuda,False,False,10,116,1529,0.6226127743721008
random,2,results_adamw_lr0p001,results_adamw_lr0p001,small_cnn,adamw,10,128,20000,0.001,0.9,0.0005,cuda,False,False,10,117,1530,-0.13587559759616852
random,2,results_adamw_lr0p001,results_adamw_lr0p001,small_cnn,adamw,10,128,20000,0.001,0.9,0.0005,cuda,False,False,10,118,1531,0.29174095392227173
random,2,results_adamw_lr0p001,results_adamw_lr0p001,small_cnn,adamw,10,128,20000,0.001,0.9,0.0005,cuda,False,False,10,119,1532,-0.08111844956874847
random,2,results_adamw_lr0p001,results_adamw_lr0p001,small_cnn,adamw,10,128,20000,0.001,0.9,0.0005,cuda,False,False,10,120,1533,-0.21402810513973236
random,2,results_adamw_lr0p001,results_adamw_lr0p001,small_cnn,adamw,10,128,20000,0.001,0.9,0.0005,cuda,False,False,10,121,1534,0.402639776468277
random,2,results_adamw_lr0p001,results_adamw_lr0p001,small_cnn,adamw,10,128,20000,0.001,0.9,0.0005,cuda,False,False,10,122,1535,0.8512993454933167
random,2,results_adamw_lr0p001,results_adamw_lr0p001,small_cnn,adamw,10,128,20000,0.001,0.9,0.0005,cuda,False,False,10,123,1536,-0.3082330524921417
random,2,results_adamw_lr0p001,results_adamw_lr0p001,small_cnn,adamw,10,128,20000,0.001,0.9,0.0005,cuda,False,False,10,124,1537,0.15008796751499176
random,2,results_adamw_lr0p001,results_adamw_lr0p001,small_cnn,adamw,10,128,20000,0.001,0.9,0.0005,cuda,False,False,10,125,1538,0.1498812735080719
random,2,results_adamw_lr0p001,results_adamw_lr0p001,small_cnn,adamw,10,128,20000,0.001,0.9,0.0005,cuda,False,False,10,126,1539,0.639590859413147
random,2,results_adamw_lr0p001,results_adamw_lr0p001,small_cnn,adamw,10,128,20000,0.001,0.9,0.0005,cuda,False,False,10,127,1540,0.6481492519378662
random,2,results_adamw_lr0p001,results_adamw_lr0p001,small_cnn,adamw,10,128,20000,0.001,0.9,0.0005,cuda,False,False,10,128,1541,0.685076117515564
random,2,results_adamw_lr0p001,results_adamw_lr0p001,small_cnn,adamw,10,128,20000,0.001,0.9,0.0005,cuda,False,False,10,129,1542,0.11441267281770706
random,2,results_adamw_lr0p001,results_adamw_lr0p001,small_cnn,adamw,10,128,20000,0.001,0.9,0.0005,cuda,False,False,10,130,1543,-0.3289114832878113
random,2,results_adamw_lr0p001,results_adamw_lr0p001,small_cnn,adamw,10,128,20000,0.001,0.9,0.0005,cuda,False,False,10,131,1544,0.12859408557415009
random,2,results_adamw_lr0p001,results_adamw_lr0p001,small_cnn,adamw,10,128,20000,0.001,0.9,0.0005,cuda,False,False,10,132,1545,0.7403218746185303
random,2,results_adamw_lr0p001,results_adamw_lr0p001,small_cnn,adamw,10,128,20000,0.001,0.9,0.0005,cuda,False,False,10,133,1546,0.7069848775863647
random,2,results_adamw_lr0p001,results_adamw_lr0p001,small_cnn,adamw,10,128,20000,0.001,0.9,0.0005,cuda,False,False,10,134,1547,0.3795001208782196
random,2,results_adamw_lr0p001,results_adamw_lr0p001,small_cnn,adamw,10,128,20000,0.001,0.9,0.0005,cuda,False,False,10,135,1548,0.1951807141304016
random,2,results_adamw_lr0p001,results_adamw_lr0p001,small_cnn,adamw,10,128,20000,0.001,0.9,0.0005,cuda,False,False,10,136,1549,0.2053770124912262
random,2,results_adamw_lr0p001,results_adamw_lr0p001,small_cnn,adamw,10,128,20000,0.001,0.9,0.0005,cuda,False,False,10,137,1550,0.6144182085990906
random,2,results_adamw_lr0p001,results_adamw_lr0p001,small_cnn,adamw,10,128,20000,0.001,0.9,0.0005,cuda,False,False,10,138,1551,0.648181140422821
random,2,results_adamw_lr0p001,results_adamw_lr0p001,small_cnn,adamw,10,128,20000,0.001,0.9,0.0005,cuda,False,False,10,139,1552,0.7869702577590942
random,2,results_adamw_lr0p001,results_adamw_lr0p001,small_cnn,adamw,10,128,20000,0.001,0.9,0.0005,cuda,False,False,10,140,1553,0.31005632877349854
random,2,results_adamw_lr0p001,results_adamw_lr0p001,small_cnn,adamw,10,128,20000,0.001,0.9,0.0005,cuda,False,False,10,141,1554,-0.13627982139587402
random,2,results_adamw_lr0p001,results_adamw_lr0p001,small_cnn,adamw,10,128,20000,0.001,0.9,0.0005,cuda,False,False,10,142,1555,0.07955239713191986
random,2,results_adamw_lr0p001,results_adamw_lr0p001,small_cnn,adamw,10,128,20000,0.001,0.9,0.0005,cuda,False,False,10,143,1556,0.22989290952682495
random,2,results_adamw_lr0p001,results_adamw_lr0p001,small_cnn,adamw,10,128,20000,0.001,0.9,0.0005,cuda,False,False,10,144,1557,0.35058218240737915
random,2,results_adamw_lr0p001,results_adamw_lr0p001,small_cnn,adamw,10,128,20000,0.001,0.9,0.0005,cuda,False,False,10,145,1558,-0.20713381469249725
random,2,results_adamw_lr0p001,results_adamw_lr0p001,small_cnn,adamw,10,128,20000,0.001,0.9,0.0005,cuda,False,False,10,146,1559,0.3420954644680023
random,2,results_adamw_lr0p001,results_adamw_lr0p001,small_cnn,adamw,10,128,20000,0.001,0.9,0.0005,cuda,False,False,10,147,1560,0.03195049986243248
random,2,results_adamw_lr0p001,results_adamw_lr0p001,small_cnn,adamw,10,128,20000,0.001,0.9,0.0005,cuda,False,False,10,148,1561,-0.3590681552886963
random,2,results_adamw_lr0p001,results_adamw_lr0p001,small_cnn,adamw,10,128,20000,0.001,0.9,0.0005,cuda,False,False,10,149,1562,0.20784704387187958
random,2,results_adamw_lr0p001,results_adamw_lr0p001,small_cnn,adamw,10,128,20000,0.001,0.9,0.0005,cuda,False,False,10,150,1563,0.4467732608318329
random,2,results_adamw_lr0p001,results_adamw_lr0p001,small_cnn,adamw,10,128,20000,0.001,0.9,0.0005,cuda,False,False,10,151,1564,0.26925960183143616
random,2,results_adamw_lr0p001,results_adamw_lr0p001,small_cnn,adamw,10,128,20000,0.001,0.9,0.0005,cuda,False,False,10,152,1565,0.5303100943565369
random,2,results_adamw_lr0p001,results_adamw_lr0p001,small_cnn,adamw,10,128,20000,0.001,0.9,0.0005,cuda,False,False,10,153,1566,0.4670730233192444
random,2,results_adamw_lr0p001,results_adamw_lr0p001,small_cnn,adamw,10,128,20000,0.001,0.9,0.0005,cuda,False,False,10,154,1567,0.009164972230792046
random,2,results_adamw_lr0p001,results_adamw_lr0p001,small_cnn,adamw,10,128,20000,0.001,0.9,0.0005,cuda,False,False,10,155,1568,0.5717133283615112
random,2,results_adamw_lr0p001,results_adamw_lr0p001,small_cnn,adamw,10,128,20000,0.001,0.9,0.0005,cuda,False,False,10,156,1569,0.6611854434013367
random,2,results_adamw_lr0p001,results_adamw_lr0p001,small_cnn,adamw,10,128,20000,0.001,0.9,0.0005,cuda,False,False,10,157,1570,-0.5043871998786926
